analyte,n_spectra,bsv_c0,bsv_c1,bsv_c2,bsv_c3,bsv_c4,bsv_c5,bsv_c6,bsv_c7,bsv_c8,bsv_c9,bsv_c10,bsv_c11,bsv_c12,bsv_c13,bsv_c14,bsv_c15,bsv_c16,bsv_c17,bsv_c18,bsv_c19,bsv_c20,bsv_c21,bsv_c22,bsv_c23,sd_c0,sd_c1,sd_c2,sd_c3,sd_c4,sd_c5,sd_c6,sd_c7,sd_c8,sd_c9,sd_c10,sd_c11,sd_c12,sd_c13,sd_c14,sd_c15,sd_c16,sd_c17,sd_c18,sd_c19,sd_c20,sd_c21,sd_c22,sd_c23,top_components,top_component_weights,mean_uncertainty,max_uncertainty,concentration
(+)-arabinose,1,0.0,0.0,0.004399635006277438,0.01714702326306858,0.001615810742663274,0.004151027138968794,0.020547961618716047,0.01702062238705369,0.0,0.0,0.28360362606438794,0.2682016813110487,0.0,0.0,0.06558878237921752,0.02338531939509428,0.01221958525802623,0.03336099211398453,0.06546325935299405,0.06536021289053,0.06222385528333229,0.05571060579463656,0.0,0.0,0.0,0.0,0.0,0.0,0.0,0.0,0.0,0.0,0.0,0.0,0.0,0.0,0.0,0.0,0.0,0.0,0.0,0.0,0.0,0.0,0.0,0.0,0.0,0.0,"[10, 11, 14, 18, 19]","[0.28360362606438794, 0.2682016813110487, 0.06558878237921752, 0.06546325935299405, 0.06536021289053]",0.0,0.0,0.6173940897546542
(+)-dextrose,1,0.0008241102408556629,0.0,0.0,0.0,0.0,0.014685201371860556,0.0,0.0,0.0,0.0,0.34656009619497014,0.0,0.5744437802451804,0.0,0.0,0.06348681194713304,0.0,0.0,0.0,0.0,0.0,0.0,0.0,0.0,0.0,0.0,0.0,0.0,0.0,0.0,0.0,0.0,0.0,0.0,0.0,0.0,0.0,0.0,0.0,0.0,0.0,0.0,0.0,0.0,0.0,0.0,0.0,0.0,"[12, 10, 15, 5, 0]","[0.5744437802451804, 0.34656009619497014, 0.06348681194713304, 0.014685201371860556, 0.0008241102408556629]",0.0,0.0,0.9844906883872835
(+)-fucose,1,0.0,0.14227873640014435,0.02680248722760289,0.03978229194037142,0.1871382772286867,0.02910614414828342,0.03261110750081574,0.00634471478063751,0.0011890639040054946,0.03382880723014914,0.0,0.0,0.15865124497524138,0.0,0.0,0.0,0.0,0.0,0.10716276090961224,0.131742528640543,0.09399885074443212,0.0,0.0,0.009362984369474778,0.0,0.0,0.0,0.0,0.0,0.0,0.0,0.0,0.0,0.0,0.0,0.0,0.0,0.0,0.0,0.0,0.0,0.0,0.0,0.0,0.0,0.0,0.0,0.0,"[4, 12, 1, 19, 18]","[0.1871382772286867, 0.15865124497524138, 0.14227873640014435, 0.131742528640543, 0.10716276090961224]",0.0,0.0,0.48806825860407244
(+)-galactosamine,1,0.0,0.0,0.0,0.0,0.3635421235341043,0.0,0.02724687658960263,0.002378651166238391,0.03087726053729221,0.04453290369192548,0.0,0.0,0.2899455164924729,0.02114759623623258,0.13642817871197416,0.04879698334818563,0.0,0.03510390969197176,0.0,0.0,0.0,0.0,0.0,0.0,0.0,0.0,0.0,0.0,0.0,0.0,0.0,0.0,0.0,0.0,0.0,0.0,0.0,0.0,0.0,0.0,0.0,0.0,0.0,0.0,0.0,0.0,0.0,0.0,"[4, 12, 14, 15, 9]","[0.3635421235341043, 0.2899455164924729, 0.13642817871197416, 0.04879698334818563, 0.04453290369192548]",0.0,0.0,0.7899158187385513
(+)-galactose,1,0.0,0.0,0.0,0.040806954017218934,0.09712471506958725,0.0536109779350717,0.009977976795819472,0.0,0.0,0.036555367300955946,0.03612348895068198,0.0,0.0,0.05843695089630226,0.0,0.15062908418338367,0.1345372836728063,0.13907731316013108,0.05412473144847143,0.0803141964681862,0.056388143148365114,0.05229281695301869,0.0,0.0,0.0,0.0,0.0,0.0,0.0,0.0,0.0,0.0,0.0,0.0,0.0,0.0,0.0,0.0,0.0,0.0,0.0,0.0,0.0,0.0,0.0,0.0,0.0,0.0,"[15, 17, 16, 4, 19]","[0.15062908418338367, 0.13907731316013108, 0.1345372836728063, 0.09712471506958725, 0.0803141964681862]",0.0,0.0,0.42424368101632104
(+)-glucose,1,0.07177745786645848,0.0,0.0,0.0,0.0,0.0,0.0,0.002390708564422246,0.0,0.0,0.2877788652368767,0.021508103623783845,0.37237254388944324,0.0,0.0,0.042434674042348984,0.07025721836225592,0.0,0.13148042841441065,0.0,0.0,0.0,0.0,0.0,0.0,0.0,0.0,0.0,0.0,0.0,0.0,0.0,0.0,0.0,0.0,0.0,0.0,0.0,0.0,0.0,0.0,0.0,0.0,0.0,0.0,0.0,0.0,0.0,"[12, 10, 18, 0, 16]","[0.37237254388944324, 0.2877788652368767, 0.13148042841441065, 0.07177745786645848, 0.07025721836225592]",0.0,0.0,0.7916318375407305
(+)-lactose,1,0.04906367627327983,0.005383083947495847,0.0,0.0052560202672918156,0.12035170506971088,0.0,0.017520928392136304,0.009424097196904353,0.0,0.0,0.04776033422321303,0.1608359671536871,0.0,0.0,0.0,0.027411266821083233,0.0,0.0,0.5040597612804083,0.0,0.03215696815555686,0.0,0.008123329849964733,0.012652861369267682,0.0,0.0,0.0,0.0,0.0,0.0,0.0,0.0,0.0,0.0,0.0,0.0,0.0,0.0,0.0,0.0,0.0,0.0,0.0,0.0,0.0,0.0,0.0,0.0,"[18, 11, 4, 0, 10]","[0.5040597612804083, 0.1608359671536871, 0.12035170506971088, 0.04906367627327983, 0.04776033422321303]",0.0,0.0,0.7852474335038062
(+)-maltose,1,0.0,0.027877101954538994,0.0,0.0,0.008310481062876069,0.0,0.017006140813825198,0.0013199839078894004,0.008136771815370956,0.09174201556405694,0.1264435020563738,0.026310156247398717,0.2567518426539202,0.02458011981877483,0.013820884790612937,0.03504814337818532,0.04204510807807113,0.04938496367070928,0.22914706675425794,0.0,0.04207571743313828,0.0,0.0,0.0,0.0,0.0,0.0,0.0,0.0,0.0,0.0,0.0,0.0,0.0,0.0,0.0,0.0,0.0,0.0,0.0,0.0,0.0,0.0,0.0,0.0,0.0,0.0,0.0,"[12, 18, 10, 9, 17]","[0.2567518426539202, 0.22914706675425794, 0.1264435020563738, 0.09174201556405694, 0.04938496367070928]",0.0,0.0,0.6123424114645519
(+)-mannose,1,0.004965571158246065,0.010879880603803859,0.0033826225629137144,0.0,0.1559456073541228,0.08709357093407134,0.0,0.0,0.0,0.030232984064535944,0.00579457716039705,0.05973759729732766,0.06456230561616429,0.0,0.01744760061500115,0.0,0.0,0.059129259144653355,0.31815984197858077,0.13918839565025806,0.0,0.043480185859923914,0.0,0.0,0.0,0.0,0.0,0.0,0.0,0.0,0.0,0.0,0.0,0.0,0.0,0.0,0.0,0.0,0.0,0.0,0.0,0.0,0.0,0.0,0.0,0.0,0.0,0.0,"[18, 4, 19, 5, 12]","[0.31815984197858077, 0.1559456073541228, 0.13918839565025806, 0.08709357093407134, 0.06456230561616429]",0.0,0.0,0.6132938449829617
(+)-raffinose pentahydrate,1,0.0,0.05922630381926216,0.033838890639760366,0.0,0.12192919493177656,0.1769836575142427,0.0,0.0046887817717627825,0.0,0.0,0.21594785935222896,0.0,0.09684040731785219,0.03996132609307873,0.035237647981557416,0.04948483764562068,0.0844024566793954,0.0,0.08103965419805177,0.0,0.00041898205541034865,0.0,0.0,0.0,0.0,0.0,0.0,0.0,0.0,0.0,0.0,0.0,0.0,0.0,0.0,0.0,0.0,0.0,0.0,0.0,0.0,0.0,0.0,0.0,0.0,0.0,0.0,0.0,"[10, 5, 4, 12, 16]","[0.21594785935222896, 0.1769836575142427, 0.12192919493177656, 0.09684040731785219, 0.0844024566793954]",0.0,0.0,0.5148607117982482
(+)-sucrose,1,0.0,0.03191301860615662,0.0452684845164872,0.0,0.007554848403859442,0.0,0.015280918239418267,0.0,0.0,0.0,0.1267549085534141,0.22868734130437476,0.18656909685589051,0.00892185649744853,0.0441974701471453,0.062091385515955784,0.016031133253302972,0.08902321555436914,0.06038935280259533,0.0,0.07731696974958192,0.0,0.0,0.0,0.0,0.0,0.0,0.0,0.0,0.0,0.0,0.0,0.0,0.0,0.0,0.0,0.0,0.0,0.0,0.0,0.0,0.0,0.0,0.0,0.0,0.0,0.0,0.0,"[11, 12, 10, 17, 20]","[0.22868734130437476, 0.18656909685589051, 0.1267549085534141, 0.08902321555436914, 0.07731696974958192]",0.0,0.0,0.5420113467136793
(+)-trehalose,1,0.0,0.0,0.0,0.0,0.00785641262552034,0.044476239132360325,0.01586896401088934,0.0,0.00889611080618811,0.06364399163034967,0.18038038286338576,0.01837867636420095,0.3022194008566664,0.03102989816345938,0.0,0.0,0.012010682534565482,0.02064872244796947,0.17001755171208235,0.12367907752920923,0.0,0.0,0.000893889323153273,0.0,0.0,0.0,0.0,0.0,0.0,0.0,0.0,0.0,0.0,0.0,0.0,0.0,0.0,0.0,0.0,0.0,0.0,0.0,0.0,0.0,0.0,0.0,0.0,0.0,"[12, 10, 18, 19, 9]","[0.3022194008566664, 0.18038038286338576, 0.17001755171208235, 0.12367907752920923, 0.06364399163034967]",0.0,0.0,0.6526173354321345
(+)-xylose,2,0.0,0.0,0.0,0.0,0.039347226543375385,0.0,0.004149143677488764,0.0,0.0042110827041896655,0.28593140403433637,0.08854147026552556,0.0,0.11520785807610756,0.010810199053044017,0.10736937653719626,0.0,0.0,0.027734637102216384,0.22218319396372488,0.08238072405955617,0.011151733538880984,0.0009819504443578896,0.0,0.0,0.0,0.0,0.0,0.0,0.029309495597727973,0.0,0.003608197693668514,0.0,0.0024033497601056585,0.039611445080514944,0.026348835497904087,0.0,0.0008736646926513674,0.010216279899282409,0.0059091212804233345,0.0,0.0,0.00936237041923216,0.05315840011729178,0.013981415670824036,0.0157709328146564,0.0013886876359892146,0.0,0.0,"[9, 18, 12, 14, 10]","[0.28593140403433637, 0.22218319396372488, 0.11520785807610756, 0.10736937653719626, 0.08854147026552556]",0.008830924840011328,0.05315840011729178,0.6233224560741688
(-)-arabinose,1,0.0,0.0,0.0,0.011294727833110823,0.0,0.006063844321739259,0.014283271440678952,0.01120225463148515,0.0,0.0,0.3533201865806604,0.1770959519893774,0.0,0.0,0.04416187421671394,0.013518174312874007,0.0,0.022364190359759766,0.014839484780678614,0.175389938015303,0.0963125409098669,0.06015356060775181,0.0,0.0,0.0,0.0,0.0,0.0,0.0,0.0,0.0,0.0,0.0,0.0,0.0,0.0,0.0,0.0,0.0,0.0,0.0,0.0,0.0,0.0,0.0,0.0,0.0,0.0,"[10, 11, 19, 20, 21]","[0.3533201865806604, 0.1770959519893774, 0.175389938015303, 0.0963125409098669, 0.06015356060775181]",0.0,0.0,0.7058060765853408
(-)-fructose,2,0.012370672027803668,0.032428184337052135,0.01574641819914014,0.0,0.20244799062211677,0.0271267642681875,0.0,0.0,0.0,0.0,0.0,0.0,0.0,0.0,0.0017067848929236207,0.0,0.0,0.000894901052826281,0.0032144479656270194,0.0,0.5761339496983009,0.12792988693602203,0.0,0.0,0.00790867583294394,0.006545398113827686,0.022268798176022512,0.0,0.023593289397152693,0.009687601318924334,0.0,0.0,0.0,0.0,0.0,0.0,0.0,0.0,0.0024137583436260952,0.0,0.0,0.0012655812058888882,0.0045459159085323355,0.0,0.1142012568601654,0.0359722385632469,0.0,0.0,"[20, 4, 21, 1, 5]","[0.5761339496983009, 0.20244799062211677, 0.12792988693602203, 0.032428184337052135, 0.0271267642681875]",0.009516771405013781,0.1142012568601654,0.9065118272564398
(-)-ribose,1,0.0,0.028189104492401806,0.0,0.0012151949660896193,0.14671685872647872,0.0,0.024975736770515823,0.0,0.0,0.1540855517904049,0.051654282103092274,0.0,0.3328762524838265,0.016758040607761645,0.06385886915066324,0.014675147329584262,0.06821847554978787,0.009993184241985911,0.0,0.0,0.08460731522969381,0.0,0.002175986557713695,0.0,0.0,0.0,0.0,0.0,0.0,0.0,0.0,0.0,0.0,0.0,0.0,0.0,0.0,0.0,0.0,0.0,0.0,0.0,0.0,0.0,0.0,0.0,0.0,0.0,"[12, 9, 4, 20, 16]","[0.3328762524838265, 0.1540855517904049, 0.14671685872647872, 0.08460731522969381, 0.06821847554978787]",0.0,0.0,0.6336786630007101
12-methyltetradecanoic acid,1,0.002984811927964014,0.4754409282322109,0.0,0.0,0.020420285203673814,0.001347130616120968,0.0073252431084909935,0.010292980216254912,0.0038457341553715363,0.017554831521516375,0.04596328975607076,0.0,0.0,0.0,0.0,0.0,0.2671540467226747,0.004001656913973275,0.041016901395222835,0.032910937159066504,0.01318144791865708,0.05106475426271405,0.005495020890017256,0.0,0.0,0.0,0.0,0.0,0.0,0.0,0.0,0.0,0.0,0.0,0.0,0.0,0.0,0.0,0.0,0.0,0.0,0.0,0.0,0.0,0.0,0.0,0.0,0.0,"[1, 16, 21, 10, 18]","[0.4754409282322109, 0.2671540467226747, 0.05106475426271405, 0.04596328975607076, 0.041016901395222835]",0.0,0.0,0.7936597292175996
13-methylmyristicacid,1,0.0,0.48873513038532207,0.10536267258221259,0.0,0.0,0.047608838770811505,0.0,0.0,0.004230698867028848,0.0,0.033235191658793094,0.04403238146484133,0.041257539407747214,0.0,0.0272701068014465,0.0,0.16680910962178067,0.0,0.01660891100470398,0.011081239570271396,0.007439739006725704,0.006328440858315082,0.0,0.0,0.0,0.0,0.0,0.0,0.0,0.0,0.0,0.0,0.0,0.0,0.0,0.0,0.0,0.0,0.0,0.0,0.0,0.0,0.0,0.0,0.0,0.0,0.0,0.0,"[1, 16, 2, 5, 11]","[0.48873513038532207, 0.16680910962178067, 0.10536267258221259, 0.047608838770811505, 0.04403238146484133]",0.0,0.0,0.7609069125893153
14-methylhexadecanoic acid,1,0.0,0.4067851521527605,0.05035061965894629,0.0,0.0,0.0,0.0,0.0019666144349538635,0.0009637140215681796,0.0,0.1368575461252583,0.0,0.1027522995911603,0.0,0.0,0.0,0.15345396260601435,0.0,0.10040550931457247,0.010523631774113732,0.0,0.035940950320652094,0.0,0.0,0.0,0.0,0.0,0.0,0.0,0.0,0.0,0.0,0.0,0.0,0.0,0.0,0.0,0.0,0.0,0.0,0.0,0.0,0.0,0.0,0.0,0.0,0.0,0.0,"[1, 16, 10, 12, 18]","[0.4067851521527605, 0.15345396260601435, 0.1368575461252583, 0.1027522995911603, 0.10040550931457247]",0.0,0.0,0.6970966608840332
14-methylpentadecanoic acid,1,0.0,0.4237154565555958,0.025758127054612685,0.0,0.0,0.014757991293248139,0.0,0.0008567250130287563,3.9488677156892156e-05,0.016193128996407485,0.0053011700187413115,0.0,0.0,0.002786048340290226,0.041134599517778626,0.0,0.42426582701104226,0.008469115002076925,0.0,0.030131533698269902,0.006590788821751201,0.0,0.0,0.0,0.0,0.0,0.0,0.0,0.0,0.0,0.0,0.0,0.0,0.0,0.0,0.0,0.0,0.0,0.0,0.0,0.0,0.0,0.0,0.0,0.0,0.0,0.0,0.0,"[16, 1, 14, 19, 2]","[0.42426582701104226, 0.4237154565555958, 0.041134599517778626, 0.030131533698269902, 0.025758127054612685]",0.0,0.0,0.8891158830844167
15-methylpalmiticacid,1,0.00012079772016546974,0.44276295060260745,0.03804568219739522,0.0,0.0,0.023656594062978816,0.0005018693589009281,0.0,0.0030007225496989577,0.0,0.0,0.0,0.0,0.0,0.03663400573092861,0.0,0.40865755120642905,0.0,0.0,0.001400602107814791,0.04521922446308078,0.0,0.0,0.0,0.0,0.0,0.0,0.0,0.0,0.0,0.0,0.0,0.0,0.0,0.0,0.0,0.0,0.0,0.0,0.0,0.0,0.0,0.0,0.0,0.0,0.0,0.0,0.0,"[1, 16, 20, 2, 14]","[0.44276295060260745, 0.40865755120642905, 0.04521922446308078, 0.03804568219739522, 0.03663400573092861]",0.0,0.0,0.8966397262721173
2-deoxy-d-ribose,1,0.02135608829199896,0.09353282851825971,0.0,0.025401907826967298,0.09233550231179563,0.0,0.035230711430867534,0.0,0.0,0.0,0.028985601651016556,0.014602938546098902,0.09945583931357115,0.07069650859919921,0.0,0.0,0.10596229551200244,0.0838302997889377,0.0,0.09759349495026944,0.18946234673727294,0.0,0.0,0.0415536365217424,0.0,0.0,0.0,0.0,0.0,0.0,0.0,0.0,0.0,0.0,0.0,0.0,0.0,0.0,0.0,0.0,0.0,0.0,0.0,0.0,0.0,0.0,0.0,0.0,"[20, 16, 12, 19, 1]","[0.18946234673727294, 0.10596229551200244, 0.09945583931357115, 0.09759349495026944, 0.09353282851825971]",0.0,0.0,0.39488048156284655
a-dna,1,0.025484883632122864,0.017427565769659117,0.025575215635954194,0.08437588217621611,0.03353378519429811,0.0,0.004872243371548454,0.021765713713121224,0.048321419063425707,0.0,0.0,0.01909605355445012,0.0,0.1034993455792489,0.0,0.015608630339627541,0.08136115927704587,0.15820336694412723,0.05147038635345439,0.06537513905547676,0.009705321368598686,0.037608705662870216,0.0,0.19671518330875445,0.0,0.0,0.0,0.0,0.0,0.0,0.0,0.0,0.0,0.0,0.0,0.0,0.0,0.0,0.0,0.0,0.0,0.0,0.0,0.0,0.0,0.0,0.0,0.0,"[23, 17, 13, 3, 16]","[0.19671518330875445, 0.15820336694412723, 0.1034993455792489, 0.08437588217621611, 0.08136115927704587]",0.0,0.0,0.45841789583213055
acetoacetate,4,0.0,0.10598585714008102,0.0,0.0,0.0,0.15425986813306794,0.0573643551947075,0.0,0.0,0.05555306940974857,0.0,0.0,0.0,0.006908645223306462,0.13605565456721677,0.04199349629523823,0.0,0.0,0.01915074360281287,0.0,0.038460687927503956,0.0,0.3232225583930771,0.061045064113239615,0.0,0.010290292723121076,0.0,0.0,0.0,0.02468974973399612,0.0048455067303105545,0.0,0.0,0.0049628443788599045,0.0,0.0,0.0,0.004608882429840212,0.001819201678030945,0.003919390677993428,0.0,0.0,0.012799569156140054,0.0,0.005835630223520047,0.0,0.003919102880174708,0.005387913263373981,"[22, 5, 14, 1, 23]","[0.3232225583930771, 0.15425986813306794, 0.13605565456721677, 0.10598585714008102, 0.061045064113239615]",0.003461586828140043,0.02468974973399612,0.6135380810933618
acetyl coenzyme a,1,0.004139059887973769,0.023023689168744192,0.0016424838718531432,0.3340815530944835,0.009981473532445865,0.0006871335282270187,0.006164132807183444,0.008794169659614872,0.0,0.05100755561480834,0.0,0.005098687763644526,0.0,0.03381121907962586,0.0,0.027234758488652026,0.10698515910801182,0.033961406539272904,0.060807933189109015,0.0,0.19077735021514286,0.0,0.0675182197689996,0.03428401468220708,0.0,0.0,0.0,0.0,0.0,0.0,0.0,0.0,0.0,0.0,0.0,0.0,0.0,0.0,0.0,0.0,0.0,0.0,0.0,0.0,0.0,0.0,0.0,0.0,"[3, 20, 16, 22, 18]","[0.3340815530944835, 0.19077735021514286, 0.10698515910801182, 0.0675182197689996, 0.060807933189109015]",0.0,0.0,0.6318440624176382
acetyl-coa,3,0.03162009730185445,0.042599431388558096,4.795659363164938e-05,0.2001074705861835,0.02957404194593267,0.0006337040528051183,0.027613126579062407,0.01830213741159285,0.015750580745938204,0.0813730075244477,0.006314297411856195,0.006117375972335501,0.003198736859000141,0.08369126362982222,0.008527007045733004,0.0262680144685849,0.08615870943165488,0.006460380050117346,0.078905166356587,0.0,0.10553935957074378,0.0026148913893340197,0.08806916878335214,0.05051407490087225,0.0011784906435962086,0.004264047831990144,8.306325672795077e-05,0.0043762160057508066,0.002868781711577825,0.0010976076164207755,0.0006439096547115607,0.0008984616076581621,0.001879697515736023,0.004066448173520997,0.0032447742929405743,0.003532182381588047,0.0026408231710558982,0.003966164686793011,0.008609297911968327,0.004752839911347151,0.0017408941946492474,0.0006052803374030164,0.004587765189609899,0.0,0.008969462376136526,0.0022649255190132934,0.0065222790556703015,0.00521497233411676,"[3, 20, 22, 16, 13]","[0.2001074705861835, 0.10553935957074378, 0.08806916878335214, 0.08615870943165488, 0.08369126362982222]",0.003250349390832604,0.008969462376136526,0.3937159989402794
adenine,4,0.0001146140096003541,0.0,0.049748392222526465,0.4714540578673902,0.0005619187979869572,0.0,0.0,0.0,0.0,0.014729382322809638,0.0010880801364540008,0.020759712230903133,0.12374640053277837,0.006437181934273387,0.14799465295352077,0.0,0.03239808202133973,0.030816597176390643,0.002499479871717687,0.0,0.0976514479223087,0.0,0.0,0.0,0.0002292280192007082,0.0,0.014337019797791886,0.11220663789287168,0.0011238375959739145,0.0,0.0,0.0,0.0,0.010595904649072143,0.0012868828708774336,0.014321891419591412,0.017272244226074002,0.004850627418386477,0.02010748942694963,0.0,0.005193363242997522,0.016240477906092003,0.004998959743435374,0.0,0.007763935287018899,0.0,0.0,0.0,"[3, 14, 12, 20, 2]","[0.4714540578673902, 0.14799465295352077, 0.12374640053277837, 0.0976514479223087, 0.049748392222526465]",0.009605354145680546,0.11220663789287168,0.7431951113536894
alanine,5,0.0012220425933873365,0.01224680664308207,0.0,0.0,0.003928854071731571,0.0038336385869807976,0.03215284538225466,0.0,0.04106618376377807,0.0,0.03146949637199214,0.48216333183204546,0.22160098631722186,0.06440348309466153,0.0,0.02097733928475371,0.00669555901586229,0.009913598233338176,0.0,0.0,0.0063495924769804545,0.0,0.06197624233192987,0.0,0.002620954397332051,0.0099915905631419,0.0,0.0,0.0037440832686251846,0.008572276481655304,0.00766857288095582,0.0,0.013540180082254358,0.0,0.07036793310545743,0.05999419027581307,0.030383978618392735,0.036296875643134066,0.0,0.016219706887896937,0.008018270684521404,0.006654295573604844,0.0,0.0,0.014198120407949566,0.0,0.0582759875279599,0.0,"[11, 12, 13, 22, 8]","[0.48216333183204546, 0.22160098631722186, 0.06440348309466153, 0.06197624233192987, 0.04106618376377807]",0.014439459016612274,0.07036793310545743,0.7681678012439288
alb,1,0.03918808592595068,0.18871767517918686,0.07520339830299216,0.03566752613281144,0.0,0.02277645436854581,0.1355938423633666,0.09218294612540588,0.0,0.07439597749658312,0.0,0.058784121816704955,0.06324236611101168,0.0,0.1616288439079427,0.0,0.010205215353128821,0.0,0.020466530874049402,0.01959094114692285,0.0,0.002356074895397084,0.0,0.0,0.0,0.0,0.0,0.0,0.0,0.0,0.0,0.0,0.0,0.0,0.0,0.0,0.0,0.0,0.0,0.0,0.0,0.0,0.0,0.0,0.0,0.0,0.0,0.0,"[1, 14, 6, 7, 2]","[0.18871767517918686, 0.1616288439079427, 0.1355938423633666, 0.09218294612540588, 0.07520339830299216]",0.0,0.0,0.4859403614504961
albumin,6,0.041832107570288886,0.1254723422755248,0.11747427028929736,0.025371299816690885,0.019729872109947793,0.016088521059560105,0.07318289984762691,0.08191292133243798,0.019004946289687328,0.06954048242810158,0.008690528660626648,0.035272051968679406,0.030173145326564833,0.004153638062180105,0.11477666163338922,0.024778921436954506,0.01941046770114007,0.0003670340455957566,0.026910186080060003,0.05012252868125552,0.031960696224268864,0.040720196123025916,0.0,0.023054281037095444,0.014740214950167098,0.08283243619973973,0.08384243538478568,0.013881014948974136,0.022046928623446906,0.003620859778317178,0.039229544802946284,0.04263715926392356,0.011176384540013264,0.00831784203257591,0.007928194562575467,0.014157070159021456,0.014354566047968054,0.006338825008924212,0.02809909371447587,0.02856038291460436,0.006501012949002968,0.0006083507983889255,0.026619793112355326,0.049566642020860904,0.01836271066675643,0.014481480328078188,0.0,0.025384833728826866,"[1, 2, 14, 7, 6]","[0.1254723422755248, 0.11747427028929736, 0.11477666163338922, 0.08191292133243798, 0.07318289984762691]",0.0234703240223637,0.08384243538478568,0.35772327419821137
amylopectin,2,0.021825217652534357,0.00909518262026939,0.027316336093654095,0.0,0.0254284110431155,0.004269809516368246,0.00828675486557782,0.0,0.001558956622979646,0.0007026520052661786,0.012749018365473114,0.0880993099892694,0.0,0.01038584060360499,0.25135879359979124,0.0,0.0,0.009497197038058175,0.4941618715391628,0.0,0.011254204586307746,0.0,0.024010443858567376,0.0,0.014163804136164658,0.0066723310245439295,0.013388973913650466,0.0,0.00628756855385565,0.00045872177563945256,0.011719241118961388,0.0,0.002204697599369175,0.0009936999954760811,0.007434654186655052,0.0017911687777306996,0.0,0.004607554932773362,0.018400430944127542,0.0,0.0,0.013209436685930174,0.03692458643869251,0.0,0.005224629109525997,0.0,0.009976107290517068,0.0,"[18, 14, 11, 2, 4]","[0.4941618715391628, 0.25135879359979124, 0.0880993099892694, 0.027316336093654095, 0.0254284110431155]",0.006394066936817217,0.03692458643869251,0.8336199751282235
amylose,2,0.02356272561826115,0.0,0.021098968601030242,0.000982940338142754,0.02115957349377566,0.009352884472163755,0.007380813891454166,0.0,0.0022392372067963516,0.011337255663870355,0.036974877482856286,0.11006127922549697,0.0007622588256809309,0.0019580723401238596,0.23889394460020247,0.0,0.0,0.018886728424836283,0.4674101005151319,0.0,0.0,0.0,0.02793833930017682,0.0,0.013755376321713447,0.0,0.02128302862017729,0.0013900875572050789,0.007094044732341328,0.005603389986916315,0.0039016057399193526,0.0,0.0023091432479607245,0.0005501162306680746,0.014755836131868467,0.02554262911065515,0.0010779967693165613,0.002769132459510786,0.002951073193549111,0.0,0.0,0.0012631846055051032,0.004800187609196664,0.0,0.0,0.0,0.011600876146728266,0.0,"[18, 14, 11, 10, 22]","[0.4674101005151319, 0.23889394460020247, 0.11006127922549697, 0.036974877482856286, 0.02793833930017682]",0.005026987852634655,0.02554262911065515,0.8163653243408313
arachidic acid,1,0.0,0.33199756392288404,0.0,0.0,0.0,0.0,0.0,0.003983402892074561,0.0035921002613370214,0.011375784452747962,0.015346953522311609,0.0,0.0,0.0,0.0,0.003158327340611173,0.5249532991869634,0.0,0.0,0.0,0.0,0.0,0.10559256842107032,0.0,0.0,0.0,0.0,0.0,0.0,0.0,0.0,0.0,0.0,0.0,0.0,0.0,0.0,0.0,0.0,0.0,0.0,0.0,0.0,0.0,0.0,0.0,0.0,0.0,"[16, 1, 22, 10, 9]","[0.5249532991869634, 0.33199756392288404, 0.10559256842107032, 0.015346953522311609, 0.011375784452747962]",0.0,0.0,0.9625434315309178
arachidonic acid,1,0.0,0.16408660501439581,0.0,0.0,0.011376611273096896,0.0014361067090705238,0.0,0.5546076641233431,0.09629200694016443,0.0,0.023660737942505873,0.011906243322219073,0.0,0.0,0.03578515695133309,0.0,0.0,0.08681578777912946,0.0,0.0,0.0,0.0,0.014033079944741908,0.0,0.0,0.0,0.0,0.0,0.0,0.0,0.0,0.0,0.0,0.0,0.0,0.0,0.0,0.0,0.0,0.0,0.0,0.0,0.0,0.0,0.0,0.0,0.0,0.0,"[7, 1, 8, 17, 14]","[0.5546076641233431, 0.16408660501439581, 0.09629200694016443, 0.08681578777912946, 0.03578515695133309]",0.0,0.0,0.8149862760779034
arginine,5,0.00245840219655059,0.12231012612235101,0.00024840150644254543,0.0,0.016819028541018362,0.000506815980182571,0.006530309746701079,0.0012683538145427217,0.008491171558715723,0.01862923411718955,0.058242537187115105,0.022224634259635334,0.017376624717512144,0.026134124718040448,0.010725989048429458,0.01694069264832506,0.0877601031025493,0.0,0.009796849714481607,0.0018295309969928446,0.0014007102248789832,0.4801049702593925,0.09020138953895311,0.0,0.005497154427521919,0.037047455129676936,0.0005554426541188836,0.0,0.02805666375632611,0.0011332749837714153,0.003731577068739693,0.002836125348838687,0.018986836813901203,0.04165623385479412,0.0081334340978922,0.006977228668649276,0.038855314087860235,0.01567025701496509,0.02398404063820655,0.010192518853415234,0.047318527123371215,0.0,0.02190642192693028,0.004090955676218964,0.0031320832796084236,0.17827075270330853,0.014556576545097835,0.0,"[21, 1, 22, 16, 10]","[0.4801049702593925, 0.12231012612235101, 0.09020138953895311, 0.0877601031025493, 0.058242537187115105]",0.0213578697772172,0.17827075270330853,0.6926164859206966
ascorbate,4,0.0,0.0,0.07046279535750032,0.04453030697170091,0.0,0.013802676982057352,0.0,0.2188740402976714,0.0,0.0,0.0,0.0,0.0015616768382651933,0.06651807882146805,0.0,0.0,0.13712295377591333,0.0,0.17743990464941004,0.0014637465425190988,0.2682238197634942,0.0,0.0,0.0,0.0,0.0,0.0033717033606902695,0.003463988155190237,0.0,0.0037204460932261313,0.0,0.004555275586382855,0.0,0.0,0.0,0.0,0.0031233536765303866,0.00435536958454408,0.0,0.0,0.005286685621954168,0.0,0.004287589358443349,0.0029274930850381976,0.021179576170407395,0.0,0.0,0.0,"[20, 7, 18, 16, 2]","[0.2682238197634942, 0.2188740402976714, 0.17743990464941004, 0.13712295377591333, 0.07046279535750032]",0.002344645028850295,0.021179576170407395,0.6645377647105757
asparagine,1,0.046171447334158094,0.0,0.0,0.04599575032169333,0.0,0.0005029415387641652,0.0,0.0179554938954477,0.03189597637086424,0.0,0.0,0.0,0.1260069896928346,0.0,0.30350619567633325,0.013018927766785387,0.0,0.0,0.05662942009774017,0.0,0.0,0.019867363030744514,0.3384494942746348,0.0,0.0,0.0,0.0,0.0,0.0,0.0,0.0,0.0,0.0,0.0,0.0,0.0,0.0,0.0,0.0,0.0,0.0,0.0,0.0,0.0,0.0,0.0,0.0,0.0,"[22, 14, 12, 18, 0]","[0.3384494942746348, 0.30350619567633325, 0.1260069896928346, 0.05662942009774017, 0.046171447334158094]",0.0,0.0,0.7679626796438026
aspartate,1,0.011448611082079018,0.0,0.012560729439724376,0.0,0.03827775510769568,0.0766349701517546,0.0,0.0,0.04125850965960519,0.056603880180806566,0.0,0.0018440508215339995,0.0945397739518248,0.027358821249921787,0.07394498096720269,0.0,0.029250359873178717,0.05644552444804247,0.10891960183236234,0.0,0.038818279139658164,0.023770612826382646,0.30832353926822686,0.0,0.0,0.0,0.0,0.0,0.0,0.0,0.0,0.0,0.0,0.0,0.0,0.0,0.0,0.0,0.0,0.0,0.0,0.0,0.0,0.0,0.0,0.0,0.0,0.0,"[22, 18, 12, 5, 14]","[0.30832353926822686, 0.10891960183236234, 0.0945397739518248, 0.0766349701517546, 0.07394498096720269]",0.0,0.0,0.511782915052414
aspartic acid,1,0.05736146687317997,0.0,0.0,0.02045718269614764,0.03202996115687676,0.0,0.0,0.001290116380852682,0.0,0.0,0.0,0.0,0.0008914911585812956,0.0,0.4830042608060865,0.0,0.0,0.0,0.04070568654630781,0.0,0.0,0.0,0.17789812409244296,0.1863617102895244,0.0,0.0,0.0,0.0,0.0,0.0,0.0,0.0,0.0,0.0,0.0,0.0,0.0,0.0,0.0,0.0,0.0,0.0,0.0,0.0,0.0,0.0,0.0,0.0,"[14, 23, 22, 0, 18]","[0.4830042608060865, 0.1863617102895244, 0.17789812409244296, 0.05736146687317997, 0.04070568654630781]",0.0,0.0,0.8472640951880539
b-dna,1,0.04708478107850729,0.023925096991053774,0.0,0.06917418253454212,0.013120153341964822,0.0067062499639591764,0.015881623292624995,0.01901510337512003,0.03812498297946734,0.0,0.036246466839169336,0.00867765671775312,0.0,0.13627406153838706,0.0,0.0036219835417910496,0.027782883869887993,0.16829036502382733,0.08348262784286246,0.1325303687426535,0.0,0.0,0.0,0.17006141232642866,0.0,0.0,0.0,0.0,0.0,0.0,0.0,0.0,0.0,0.0,0.0,0.0,0.0,0.0,0.0,0.0,0.0,0.0,0.0,0.0,0.0,0.0,0.0,0.0,"[23, 17, 13, 19, 18]","[0.17006141232642866, 0.16829036502382733, 0.13627406153838706, 0.1325303687426535, 0.08348262784286246]",0.0,0.0,0.47462583888864307
carbonic anhydrase,3,0.035896773656199775,0.11185254511732456,0.34815543876728267,0.0,0.01137674210363373,0.011603691109301572,0.17355953581864045,0.10037112982359875,0.027516279833485632,0.005921433013422311,0.004089482197506295,0.0003386860764281241,0.007412973785011853,0.010767565343706466,0.0,0.04811049868038205,0.0,0.014398048372475774,0.0016875536771521326,0.0,0.004250632372275941,0.0,0.08152094371438265,0.001170046537789322,0.0032566168768277653,0.07423987030179635,0.04259089719381467,0.0,0.0033055906396615383,0.00617818700040687,0.046248052347460655,0.022345519704305268,0.01575167300271593,0.007331287656699071,0.004985388482562274,0.0005866214921896669,0.011792161774046794,0.010355521870313966,0.0,0.009764185772465057,0.0,0.010584961996628126,0.00292292870932718,0.0,0.007362311233078957,0.0,0.007370924074254035,0.0020265800506711644,"[2, 6, 1, 7, 22]","[0.34815543876728267, 0.17355953581864045, 0.11185254511732456, 0.10037112982359875, 0.08152094371438265]",0.012041636674134389,0.07423987030179635,0.6335675197032477
carotene,1,0.0,0.009113645920638862,0.0,0.036886646045902964,0.0,0.08996539564320374,0.22245562166822297,0.0,0.012451660480010273,0.0,0.0,0.0,0.09988112499018427,0.03688937699102124,0.12293473281579631,0.0,0.0,0.02033592144428997,0.2939158770514212,0.055169996949308193,0.0,0.0,0.0,0.0,0.0,0.0,0.0,0.0,0.0,0.0,0.0,0.0,0.0,0.0,0.0,0.0,0.0,0.0,0.0,0.0,0.0,0.0,0.0,0.0,0.0,0.0,0.0,0.0,"[18, 6, 14, 12, 5]","[0.2939158770514212, 0.22245562166822297, 0.12293473281579631, 0.09988112499018427, 0.08996539564320374]",0.0,0.0,0.6393062315354405
cellulose,1,0.0,0.011981857343970675,0.0,0.0,0.060462288050727245,0.0,0.0,0.0,0.028636904469828455,0.06144660975907572,0.04521914081359254,0.0,0.0030831602080808305,0.0,0.0,0.0,0.05117387564343569,0.026682548672460137,0.6046344776416894,0.02146857047246658,0.0,0.08521056692467271,0.0,0.0,0.0,0.0,0.0,0.0,0.0,0.0,0.0,0.0,0.0,0.0,0.0,0.0,0.0,0.0,0.0,0.0,0.0,0.0,0.0,0.0,0.0,0.0,0.0,0.0,"[18, 21, 9, 4, 16]","[0.6046344776416894, 0.08521056692467271, 0.06144660975907572, 0.060462288050727245, 0.05117387564343569]",0.0,0.0,0.7512916543254379
ceramide,2,0.0,0.4130406956855526,0.011901026560570394,0.0,0.016141029730948765,0.0,0.0,0.05816881033811718,0.0,0.0,0.022143159270102207,0.0,0.0,0.01141053444155766,0.0,0.01352251684568526,0.25294034393023235,0.0027368446154269073,0.019774335313789117,0.0,0.0,0.0,0.17822070326801748,0.0,0.0,0.02599207377371144,0.0007210011662788595,0.0,0.018895816565723242,0.0,0.0,0.023649826998734427,0.0,0.0,0.001979787043618551,0.0,0.0,0.016136932561176154,0.0,0.008170891597415372,0.017436422543527435,0.00387048277324451,0.0279651331876738,0.0,0.0,0.0,0.0039441508396481535,0.0,"[1, 16, 22, 7, 10]","[0.4130406956855526, 0.25294034393023235, 0.17822070326801748, 0.05816881033811718, 0.022143159270102207]",0.0061984382937813306,0.0279651331876738,0.8442017428838025
chitin,1,0.0,0.002163764210673458,0.0,0.015155835228709343,0.0,0.0,0.0,0.04004135990522875,0.03890553233233996,0.18827073002979353,0.035019817614099905,0.0,0.059691824250727714,0.06491958676625334,0.07480978153696348,0.04104424078758798,0.042327057834136046,0.0,0.3665136268213856,0.011693629864081633,0.0,0.014475273879599551,0.004967938938419651,0.0,0.0,0.0,0.0,0.0,0.0,0.0,0.0,0.0,0.0,0.0,0.0,0.0,0.0,0.0,0.0,0.0,0.0,0.0,0.0,0.0,0.0,0.0,0.0,0.0,"[18, 9, 14, 13, 12]","[0.3665136268213856, 0.18827073002979353, 0.07480978153696348, 0.06491958676625334, 0.059691824250727714]",0.0,0.0,0.6295941383881426
cholesterol,4,0.02294549790849537,0.266427721695916,0.05315629711623063,0.03604975691816646,0.01635255322095415,0.02086157914087649,0.03382993632362511,0.0019185493045129102,0.0,0.03642825692516291,0.010022603170643211,0.02405806885235513,0.04426612750242744,0.11340805923634656,0.03462071036140406,0.03557519930576232,0.005146612472521343,0.0,0.03832128918675605,0.07790827257736477,0.05209818849294587,0.05371312475351539,0.0007369796617763294,0.022154615872241407,0.006818719771077486,0.04398250261242437,0.03738291460881918,0.011199347691607417,0.011109172309619551,0.0018881397320945834,0.0057045270824319485,0.0015125657201372478,0.0,0.0067801814374155965,0.006950839330421511,0.008541098125760635,0.005194501299281599,0.03133028414048064,0.002953107181360833,0.014503081130942523,0.004066436940946463,0.0,0.005648563276355875,0.008343846677285922,0.013591755833354705,0.02156612535937019,0.0014739593235526588,0.015029218701516155,"[1, 13, 19, 21, 2]","[0.266427721695916, 0.11340805923634656, 0.07790827257736477, 0.05371312475351539, 0.05315629711623063]",0.011065453678594045,0.04398250261242437,0.4577440535096273
cholesteryl linoleate,1,0.003222109859553214,0.3496762166646664,0.15863805226163105,0.019007042151868627,0.041601315323361567,0.0,0.009206937539037265,0.13555020807310875,0.0,0.010454452709464157,0.0007027737400746276,0.005057370533212784,0.0,0.12381566044506448,0.006963521046717181,0.01853227340127204,0.0,0.0,0.00831243185886057,0.02890385176405257,0.017164965231391764,0.06319081739666285,0.0,0.0,0.0,0.0,0.0,0.0,0.0,0.0,0.0,0.0,0.0,0.0,0.0,0.0,0.0,0.0,0.0,0.0,0.0,0.0,0.0,0.0,0.0,0.0,0.0,0.0,"[1, 2, 7, 13, 21]","[0.3496762166646664, 0.15863805226163105, 0.13555020807310875, 0.12381566044506448, 0.06319081739666285]",0.0,0.0,0.6438644769994062
cholesteryl oleate,1,0.00856162058624191,0.4833339310324033,0.03344349903249113,0.022193258031031508,0.03068583521758739,0.020192302618127628,0.03503594432981647,0.0781363513309757,0.0,0.02240941252922169,0.0,0.04222395416499384,0.0,0.08715131115229094,0.0,0.011311217878060885,0.002578884687509409,0.0,0.014063862098491095,0.019946908076634927,0.04564896911331026,0.014602654902801005,0.02848008321801072,0.0,0.0,0.0,0.0,0.0,0.0,0.0,0.0,0.0,0.0,0.0,0.0,0.0,0.0,0.0,0.0,0.0,0.0,0.0,0.0,0.0,0.0,0.0,0.0,0.0,"[1, 13, 7, 20, 11]","[0.4833339310324033, 0.08715131115229094, 0.0781363513309757, 0.04564896911331026, 0.04222395416499384]",0.0,0.0,0.64862159351567
cholesteryl palmitate,1,0.004081959677203326,0.45548241662227923,0.06788771127194254,0.023574564812873917,0.0,0.013232102564527125,0.009268119625253651,0.015612758074590082,0.0,0.0,0.0,0.020790987308820476,0.023689718463379316,0.07275337819835148,0.024956728843885913,0.0,0.050316563648742756,0.0,0.04660384307511905,0.047448175978418855,0.04810290207940368,0.0018853825443385934,0.07431268721087003,0.0,0.0,0.0,0.0,0.0,0.0,0.0,0.0,0.0,0.0,0.0,0.0,0.0,0.0,0.0,0.0,0.0,0.0,0.0,0.0,0.0,0.0,0.0,0.0,0.0,"[1, 22, 13, 2, 16]","[0.45548241662227923, 0.07431268721087003, 0.07275337819835148, 0.06788771127194254, 0.050316563648742756]",0.0,0.0,0.6025484820315007
cholesteryl stearate,1,0.0026176921299054276,0.4710781975252814,0.09264916349190602,0.018278217118133554,0.0,0.013194278297585628,0.0,0.0,0.0,0.0,0.0005255359933959145,0.0283502294772587,0.009333555773652651,0.05164601180366273,0.041116003645424115,0.0,0.05519432350835902,0.0,0.03948037462717618,0.019499514610593703,0.05489569934696325,0.02004972753528845,0.08209147511541315,0.0,0.0,0.0,0.0,0.0,0.0,0.0,0.0,0.0,0.0,0.0,0.0,0.0,0.0,0.0,0.0,0.0,0.0,0.0,0.0,0.0,0.0,0.0,0.0,0.0,"[1, 2, 22, 16, 20]","[0.4710781975252814, 0.09264916349190602, 0.08209147511541315, 0.05519432350835902, 0.05489569934696325]",0.0,0.0,0.6458188361326006
citrate,4,0.0,0.03512468284477057,0.0,0.0,0.008206955481182941,0.0,0.0,0.004150905631575007,0.0,0.013401528713569848,0.004689044030449024,0.0,0.001170335219925904,0.0028666374086237763,0.3162142834719125,0.02717892307146929,0.022130613312446173,0.04811870863546358,0.0,0.1091411430776103,9.198828141627364e-05,0.0,0.01253896731092881,0.394975283508656,0.0,0.008603542977396237,0.0,0.0,0.004638609446405533,0.0,0.0,0.0029125632567766993,0.0,0.002895829861497628,0.0034253843462046735,0.0,0.002340670439851808,0.002735370000570493,0.021158277004622715,0.009634171486258563,0.0017475735369191022,0.023264950367500703,0.0,0.006097371201686234,0.00018397656283254728,0.0,0.00864454338262447,0.0443555226124406,"[23, 14, 19, 17, 1]","[0.394975283508656, 0.3162142834719125, 0.1091411430776103, 0.04811870863546358, 0.03512468284477057]",0.005943264853482833,0.0443555226124406,0.8203307100581789
coenzyme a,4,0.02017769215246734,0.04152801539088295,0.0,0.2273447694141279,0.04682159929332281,0.003772247325944017,0.039433631838583325,0.015239993434019886,0.019313891910600074,0.07323448677340215,0.02056101031448171,0.005075613729199478,0.009630913224182604,0.06006199094333718,0.03112624730897038,0.013474376912914258,0.061416930938165096,0.02192736007636544,0.05694477174441752,0.028441797045855335,0.010784974604173882,0.02846153236456045,0.11001832899127328,0.05520782426875283,0.010549001897665325,0.019087508079277903,0.0,0.09662271531018436,0.003660000387681301,0.0018640141310833447,0.01687171673106724,0.009424069913611118,0.012619434450898062,0.02076250173809942,0.014153110110737124,0.004463131744253344,0.007977843735157177,0.028941122615774032,0.020899715195880866,0.009733463514673886,0.024072895894779817,0.012422209715453068,0.03826519737053924,0.011712616863397599,0.004379910612568658,0.02074898100617016,0.09409128471863774,0.0195412565087982,"[3, 22, 9, 16, 13]","[0.2273447694141279, 0.11001832899127328, 0.07323448677340215, 0.061416930938165096, 0.06006199094333718]",0.02095265426026621,0.09662271531018436,0.41059758517880335
collagen,3,0.0,0.09692963419670246,0.3476878838246747,0.0,0.07107866414655102,0.0,0.0030069352964131935,0.10240333062290902,0.006564994170431428,0.0,0.030248952570728526,0.026632269534961988,0.0,0.0036499541271560313,0.11272614775147587,0.0,5.3929556584598246e-05,0.04390996651322576,0.0,0.00433036493202556,0.015022673555609227,0.017731737184063918,0.09384081952437158,0.024181742492115146,0.0,0.030653905533720757,0.017914395265498078,0.0,0.01453879724436988,0.0,0.005208164708459834,0.010327313384893452,0.008747003430079054,0.0,0.00720026691119155,0.0052670364472464076,0.0,0.0063219059935299615,0.031247950971388733,0.0,9.340873203418487e-05,0.012803282250410476,0.0,0.004019395725175114,0.0036063627876127013,0.016255726371141994,0.03129913000977446,0.011794943871773067,"[2, 14, 7, 1, 22]","[0.3476878838246747, 0.11272614775147587, 0.10240333062290902, 0.09692963419670246, 0.09384081952437158]",0.009054124568262488,0.03129913000977446,0.5628173621990595
creatinine,3,0.0,0.0012402967252948996,0.03504777660096536,0.0,0.0,0.0004009005290075321,0.0,0.03714211401570706,0.0,0.015371136915204761,0.050794043716927105,0.0023146375290011793,0.0,0.0,0.0,0.0,0.0,0.012902920487714672,0.0,0.8428222806273938,0.0,0.0,0.001963892852783616,0.0,0.0,0.0008505209328797856,0.0002179194386657581,0.0,0.0,0.0006943800850222862,0.0,0.002257129877415459,0.0,0.007259233194245733,0.006483875123811884,0.0027990231910058347,0.0,0.0,0.0,0.0,0.0,0.0015745957795833302,0.0,0.013509430345406493,0.0,0.0,0.0014151640979745582,0.0,"[19, 10, 7, 2, 9]","[0.8428222806273938, 0.050794043716927105, 0.03714211401570706, 0.03504777660096536, 0.015371136915204761]",0.00154421966941713,0.013509430345406493,0.930758438360028
cysteine,3,0.030509491342335646,0.0,0.0,0.0,0.0,0.04490152908755632,0.010903857629883449,0.0,0.0,0.0,0.0,0.0,0.046337082861406816,0.0,0.030239758195954026,0.2169602311628028,0.04393346275418273,0.0,0.0,0.17989924298187684,0.2126637529637229,0.0,0.16295688400555197,0.020694707014726522,0.00038009835546573654,0.0,0.0,0.0,0.0,0.00039142812526377215,0.00044711124494427687,0.0,0.0,0.0,0.0,0.0,0.001276322001530352,0.0,0.0013115061010939664,0.0006292094510333093,0.0007136047473657093,0.0,0.0,0.0007387820557201218,0.002170641783086988,0.0,0.0018964602043722736,0.001204450613942647,"[15, 20, 19, 22, 12]","[0.2169602311628028, 0.2126637529637229, 0.17989924298187684, 0.16295688400555197, 0.046337082861406816]",0.00046498394515913144,0.002170641783086988,0.6095232271084026
cytochrome c,2,0.06993929873216213,0.0,0.0,0.012858155421975359,0.0,0.0024712722680674325,0.020036665009533824,0.0,0.2542129879120722,0.03202457977267812,0.0,0.012883183455301539,0.006273400054818685,0.1839944853034943,0.014575961896610113,0.011189469850212814,0.10068913469102542,0.024103894366987736,0.059642098296429594,0.11556029256041551,0.0,0.020159593378940636,0.05938552702927473,0.0,0.014992897924601501,0.0,0.0,0.018184177784858698,0.0,0.003494906757817482,0.01678105794306991,0.0,0.14712551731593213,0.04032147864584837,0.0,0.009612975697500342,0.008871927439716702,0.008835559072974774,0.02061352299881948,0.015824300017935805,0.12474408869077702,0.03295772796963601,0.038528228380685606,0.06617359188010838,0.0,0.028509970368424696,0.006008885646896256,0.0,"[8, 13, 19, 16, 0]","[0.2542129879120722, 0.1839944853034943, 0.11556029256041551, 0.10068913469102542, 0.06993929873216213]",0.025065867272316796,0.14712551731593213,0.5537677657759821
cytosine,1,0.0,0.0,0.0,0.0,0.048007710703898705,0.0,0.0,0.048194120047527746,0.0,0.0,0.0,0.0,0.15035745121480454,0.0,0.0,0.0,0.0,0.4335171901510618,0.0,0.008810057461799957,0.0,0.07911590511218416,0.0,0.23199756530872306,0.0,0.0,0.0,0.0,0.0,0.0,0.0,0.0,0.0,0.0,0.0,0.0,0.0,0.0,0.0,0.0,0.0,0.0,0.0,0.0,0.0,0.0,0.0,0.0,"[17, 23, 12, 21, 7]","[0.4335171901510618, 0.23199756530872306, 0.15035745121480454, 0.07911590511218416, 0.048194120047527746]",0.0,0.0,0.8158722066745894
diethylstilbestrol,1,0.0,0.06335891588926128,0.0,0.039386009458412675,0.0190313332436636,0.12739505383754315,0.032485972446436674,0.04783969538434027,0.28549329484915537,0.0,0.011489143834454422,0.0,0.0,0.0,0.0009184144449063454,0.0,0.0776337534195906,0.033876436747393025,0.0010717956870783419,0.056791919771907076,0.18231591966410782,0.020912341321749378,0.0,0.0,0.0,0.0,0.0,0.0,0.0,0.0,0.0,0.0,0.0,0.0,0.0,0.0,0.0,0.0,0.0,0.0,0.0,0.0,0.0,0.0,0.0,0.0,0.0,0.0,"[8, 20, 5, 16, 1]","[0.28549329484915537, 0.18231591966410782, 0.12739505383754315, 0.0776337534195906, 0.06335891588926128]",0.0,0.0,0.5952042683508063
elaidic acid,1,0.0,0.6320960940113007,0.06825624213646458,0.0,0.0,0.0,0.0,0.032667836497645104,0.0,0.021662663785958852,0.0,0.0,0.0,0.07116087812416001,0.0,0.0,0.0,0.0,0.023809445623283368,0.0,0.0,0.0,0.1503468398211874,0.0,0.0,0.0,0.0,0.0,0.0,0.0,0.0,0.0,0.0,0.0,0.0,0.0,0.0,0.0,0.0,0.0,0.0,0.0,0.0,0.0,0.0,0.0,0.0,0.0,"[1, 22, 13, 2, 7]","[0.6320960940113007, 0.1503468398211874, 0.07116087812416001, 0.06825624213646458, 0.032667836497645104]",0.0,0.0,0.8536038119566481
elastase,3,0.031626357105045244,0.07607855551147501,0.33789050219626854,0.0026516664384480747,0.047537630807744514,0.0016430112537955388,0.07666904968327846,0.0913855597033094,0.035457532700759145,0.007734770278144339,0.02936136619869566,0.02717652802814052,0.013649561261074786,0.0014130513719388324,0.0,0.03678741434526265,0.01650429334167753,0.013277732626904765,0.004836952245889473,0.012913511966112998,0.0,0.013429637652841386,0.11993561755303483,0.002039697730158317,0.010178384698426595,0.07178691387160378,0.050429262599244726,0.004592820996117276,0.013443704520043153,0.0015385382980822814,0.03850125853686053,0.01910360708969075,0.006899292355138601,0.00682490768388946,0.020616857026333667,0.017014475242382622,0.012774529127636691,0.0024474767699029644,0.0,0.011771216932629782,0.020925460719574022,0.006533466235423413,0.008377847043664958,0.02236685882945638,0.0,0.018100484213517905,0.01874673457221128,0.0035328601007171188,"[2, 22, 7, 6, 1]","[0.33789050219626854, 0.11993561755303483, 0.0913855597033094, 0.07666904968327846, 0.07607855551147501]",0.0161044565609395,0.07178691387160378,0.5492116794526127
elastin,1,0.01682649837986747,0.14579221900275152,0.38712710101678993,0.009360439342321383,0.00607768278036402,0.0,0.039048607031362176,0.10957740463901353,0.0,0.02622181064139073,0.0176233446822205,0.006229289648398815,0.06968253771056525,0.0,0.06500338808273928,0.0,0.0,0.0,0.005317893186733039,0.07305271073895725,0.009873181723379861,0.0,0.005012497574693699,0.00817339381845162,0.0,0.0,0.0,0.0,0.0,0.0,0.0,0.0,0.0,0.0,0.0,0.0,0.0,0.0,0.0,0.0,0.0,0.0,0.0,0.0,0.0,0.0,0.0,0.0,"[2, 1, 7, 19, 12]","[0.38712710101678993, 0.14579221900275152, 0.10957740463901353, 0.07305271073895725, 0.06968253771056525]",0.0,0.0,0.642496724658555
ergothioneine,3,0.0,0.04543702222442681,0.05619482894296773,0.1435618912293912,0.0,0.04204139812741766,0.053963542310347605,0.0,0.01577000512739618,0.010651666277910423,0.0,0.03207322435956341,0.0,0.0,0.023634905826373967,0.019913123349031673,0.0,0.05603661335704774,0.0,0.20416482959129412,0.0,0.2954632350025566,0.0010937142742749116,0.0,0.0,0.0012568768701421336,0.0013040894232900677,0.0007453588886648949,0.0,0.0012773402439409914,0.0002779824727003274,0.0,0.0008493283615147614,0.0008409473963391377,0.0,0.002042614788836664,0.0,0.0,0.002481597890812386,0.0008674731481059097,0.0,0.0038140905318146613,0.0,0.00012086615111061437,0.0,0.0042503233883461645,0.0018943686920074691,0.0,"[21, 19, 3, 2, 17]","[0.2954632350025566, 0.20416482959129412, 0.1435618912293912, 0.05619482894296773, 0.05603661335704774]",0.0009176357603177576,0.0042503233883461645,0.6431899558232419
estradiol,1,0.0,0.10238731311647815,0.0,0.16729924889550812,0.0,0.08390039037274963,0.10889172271501527,0.03785438097232115,0.15297315191375185,0.006782174556469432,0.021944417754584774,0.0,0.034791454746067235,0.0,0.06687555428934025,0.0,0.009463363827910529,0.06029425356760839,0.014436225145377147,0.0,0.06694730262330646,0.06515904550351165,0.0,0.0,0.0,0.0,0.0,0.0,0.0,0.0,0.0,0.0,0.0,0.0,0.0,0.0,0.0,0.0,0.0,0.0,0.0,0.0,0.0,0.0,0.0,0.0,0.0,0.0,"[3, 8, 6, 1, 5]","[0.16729924889550812, 0.15297315191375185, 0.10889172271501527, 0.10238731311647815, 0.08390039037274963]",0.0,0.0,0.42916412352427524
estriol,1,0.0,0.10251362869720393,0.0,0.16687602039755237,0.0,0.08416153697073853,0.10913334048934492,0.03743024961042781,0.1529851205926919,0.0062458628708053415,0.021803306019540242,0.0,0.03526709322290782,0.0,0.06664646360157321,0.0,0.007608207398810674,0.06005062728034102,0.014932473044839335,0.0,0.0688288521462963,0.06551721765692671,0.0,0.0,0.0,0.0,0.0,0.0,0.0,0.0,0.0,0.0,0.0,0.0,0.0,0.0,0.0,0.0,0.0,0.0,0.0,0.0,0.0,0.0,0.0,0.0,0.0,0.0,"[3, 8, 6, 1, 5]","[0.16687602039755237, 0.1529851205926919, 0.10913334048934492, 0.10251362869720393, 0.08416153697073853]",0.0,0.0,0.4289944814795892
estrone,1,0.0,0.11835853359239365,0.0,0.31587890139153374,0.012361828767294436,0.05165010514797819,0.04537904372451853,0.007233385249840173,0.05176031032000703,0.0,0.028661213743925832,0.0,0.0,0.0,0.10510057434628534,0.033185840954806124,0.0002524248175962304,0.05783668176991977,0.0,0.0,0.05282655455263186,0.06115935002286612,0.010644361120506629,0.04771089047789639,0.0,0.0,0.0,0.0,0.0,0.0,0.0,0.0,0.0,0.0,0.0,0.0,0.0,0.0,0.0,0.0,0.0,0.0,0.0,0.0,0.0,0.0,0.0,0.0,"[3, 1, 14, 21, 17]","[0.31587890139153374, 0.11835853359239365, 0.10510057434628534, 0.06115935002286612, 0.05783668176991977]",0.0,0.0,0.5393380093302127
ethinylestradiol,1,0.0,0.14624858844249414,0.0,0.165687945613792,0.003904135640751125,0.028956820223865955,0.07489839638177442,0.0,0.036293930970030856,0.009130757173766164,0.0,0.0,0.010839145466643614,0.005958497855108347,0.10324149687730642,0.06237967885971864,0.0,0.09737883355891083,0.023703579399164874,0.024731337289499177,0.12681936808833122,0.056804698059388745,0.023022790099453568,0.0,0.0,0.0,0.0,0.0,0.0,0.0,0.0,0.0,0.0,0.0,0.0,0.0,0.0,0.0,0.0,0.0,0.0,0.0,0.0,0.0,0.0,0.0,0.0,0.0,"[3, 1, 20, 14, 17]","[0.165687945613792, 0.14624858844249414, 0.12681936808833122, 0.10324149687730642, 0.09737883355891083]",0.0,0.0,0.43875590214461735
ferritin,3,0.04739056750646142,0.10763381497057867,0.2338450482395332,0.04290528887308189,0.006209803529496399,0.012402609957385536,0.06342312292265764,0.06662032237294667,0.023318989456341505,0.027585714341842853,0.009791793204308738,0.04855152824574339,0.053660999365865526,0.00812038962001919,0.042465336229124316,0.018082248110403803,0.0,0.0,0.012510702783321026,0.08047111016451207,0.028483004858467015,0.013516721290921303,0.047619669025963186,0.005391214931024666,0.014215948628201708,0.059529517836928815,0.14143547263596995,0.055934396923513575,0.010755695218108303,0.01255853272999184,0.05044233346032848,0.033430330200662016,0.033030030769943736,0.017488703631632845,0.0028751170860457603,0.03462420725049197,0.011958610270202225,0.004356386281775128,0.03698652301570237,0.007810149654582061,0.0,0.0,0.012237075815916933,0.11396775452986614,0.01964651784698233,0.01824345628118188,0.019599235666654134,0.004814767721592065,"[2, 1, 19, 7, 6]","[0.2338450482395332, 0.10763381497057867, 0.08047111016451207, 0.06662032237294667, 0.06342312292265764]",0.029830865144011426,0.14143547263596995,0.421949973374624
fructose,3,0.010382402607151535,0.03268153130446072,0.0005354489259455395,0.0,0.19208498004339725,0.018861460303349138,0.0,0.0,0.0,0.0,0.0,0.0,0.0,0.0,0.0,0.0021249926493909915,0.0,0.008107648293593752,0.0,0.0,0.6280183689230463,0.10720316694966485,0.0,0.0,0.00022677900854919974,0.0011213038724768773,0.0003383439468919057,0.0,0.0012287200856100967,0.0006357890147574058,0.0,0.0,0.0,0.0,0.0,0.0,0.0,0.0,0.0,0.0003074168597196248,0.0,0.000611129539264656,0.0,0.0,0.002038339442045385,0.0007739196526261365,0.0,0.0,"[20, 4, 21, 1, 5]","[0.6280183689230463, 0.19208498004339725, 0.10720316694966485, 0.03268153130446072, 0.018861460303349138]",0.00030340589258088694,0.002038339442045385,0.9273065159161084
fructose-6-phosphate,4,0.0,0.008774722496202035,0.018892983884463522,0.0,0.013053912392375152,0.055519226639725056,0.006955714073850685,0.0,0.0,0.0,0.055883505858026886,0.0,0.14347833660759948,0.00867858439793683,0.00016801108180217796,0.0,0.03296228827603443,0.008620356621896802,0.001355166297743373,0.0,0.09057911016092784,0.5265714681284761,0.0,0.028506613082939752,0.0,0.0058645721089362135,0.005064326704396247,0.0,0.008097532614876876,0.005510118512924285,0.00043335705497524613,0.0,0.0,0.0,0.0017521894450526659,0.0,0.013268149335800778,0.005793739018434918,0.000336022163604356,0.0,0.007196684482889212,0.0033133910132872174,0.0015688903594430364,0.0,0.011735351945634322,0.06263038828427016,0.0,0.01901744598927125,"[21, 12, 20, 10, 5]","[0.5265714681284761, 0.14347833660759948, 0.09057911016092784, 0.055883505858026886, 0.055519226639725056]",0.006315923293074865,0.06263038828427016,0.7606289148970033
fumarate,1,0.0,0.0834814647834712,0.0,0.0,0.0,0.0,0.0,0.20028476221689284,0.0,0.0,0.0,0.0,0.0,0.0,0.0,0.0,0.11530335465912964,0.0,0.0,0.0,0.0,0.12599235920089752,0.47493805913960874,0.0,0.0,0.0,0.0,0.0,0.0,0.0,0.0,0.0,0.0,0.0,0.0,0.0,0.0,0.0,0.0,0.0,0.0,0.0,0.0,0.0,0.0,0.0,0.0,0.0,"[22, 7, 21, 16, 1]","[0.47493805913960874, 0.20028476221689284, 0.12599235920089752, 0.11530335465912964, 0.0834814647834712]",0.0,0.0,0.801215180557399
galactose,3,0.0,0.002269754604916422,0.004068926889157624,0.010215892441031028,0.2866187712356944,0.0,0.0370385647621515,0.0,0.04579601688473036,0.05994627669708882,0.0,0.0,0.1923750709573554,0.06437754182896348,0.1716144486736837,0.024886217408450068,0.04199852464377552,0.036473397795851216,0.0,0.01429533827656781,0.008025256900582766,0.0,0.0,0.0,0.0,0.003370335939118282,0.0021583430231620253,0.0002593748471750783,0.0035129119378171287,0.0,0.002412149687715754,0.0,0.00036467265070090014,0.003219893421710594,0.0,0.0,0.0030756867663916153,0.0032859462978089573,0.0028164158637117784,0.001954488351821658,0.0003458245686325093,0.0016124351818635712,0.0,0.003967816736666254,0.005398226375923321,0.0,0.0,0.0,"[4, 12, 14, 13, 9]","[0.2866187712356944, 0.1923750709573554, 0.1716144486736837, 0.06437754182896348, 0.05994627669708882]",0.0015731050687591431,0.005398226375923321,0.6506082908667334
glucosamine,1,0.03119302336840087,0.0,0.0,0.0,0.02436348867818728,0.0,0.05058867681531067,0.0,0.028383303839984633,0.17993574161740045,0.0,0.18617787088923746,0.10393545241946929,0.04833186900411268,0.0,0.0,0.03703395190903373,0.06390571704011093,0.2189068599635175,0.012701031399441128,0.008848362531272325,0.0047947768525157105,0.0,0.0008998736720053056,0.0,0.0,0.0,0.0,0.0,0.0,0.0,0.0,0.0,0.0,0.0,0.0,0.0,0.0,0.0,0.0,0.0,0.0,0.0,0.0,0.0,0.0,0.0,0.0,"[18, 11, 9, 12, 17]","[0.2189068599635175, 0.18617787088923746, 0.17993574161740045, 0.10393545241946929, 0.06390571704011093]",0.0,0.0,0.5850204724701554
glucose,4,0.024552654043061777,0.0,0.0,0.0,0.007460845607726517,0.0,0.01136313358387803,0.004666387464866082,0.0038531787291714754,0.04206674115683101,0.2376284721606684,0.008055354757061574,0.3617472918919151,0.006002949791098866,0.0069408008874705185,0.046680223774864374,0.06772421849526954,0.0022435093713725524,0.12311831944163307,0.0,0.007202213700621899,0.0,0.034157951740063384,0.0045357534024258244,0.016442706006296746,0.0,0.0,0.0,0.014921691215453035,0.0,0.003075581974107388,0.00338913794315919,0.006429980345353468,0.08413348231366202,0.09100583082931411,0.016110709514123148,0.10142648038446848,0.01200589958219773,0.013881601774941037,0.030188431263629707,0.037279182416221406,0.004487018742745105,0.05836567618899291,0.0,0.010211833560241494,0.0,0.02291541059940346,0.00398203018758979,"[12, 10, 18, 16, 15]","[0.3617472918919151, 0.2376284721606684, 0.12311831944163307, 0.06772421849526954, 0.046680223774864374]",0.02209386186841251,0.10142648038446848,0.7224940834942166
glucose oxidase,2,0.015003699343660075,0.12231752609158403,0.24247507297830675,0.02738923888975317,0.03636757907174189,0.018547252429834682,0.00556015627877349,0.04647049418479676,0.00315157292570606,0.0,0.0260698649964219,0.13707964910163198,0.030291562272083728,0.0,0.00732325493573051,0.0,0.13947912359340126,0.1037554980168444,0.0,0.022004731435892374,0.016017815473104997,0.0006959079807319007,0.0,0.0,0.02121843509757238,0.09537028100979147,0.047920340696319765,0.01002649597334096,0.009240822530070069,0.004592201718365563,0.007863248418355388,0.03549835037447166,0.004456997174341365,0.0,0.005068972756712014,0.037775785691599194,0.014842555915207927,0.0,0.0008578032673033538,0.0,0.06868149339421067,0.08353566877658135,0.0,0.029575222506199643,0.00016213993904622498,0.0009841625045147284,0.0,0.0,"[2, 16, 11, 1, 17]","[0.24247507297830675, 0.13947912359340126, 0.13707964910163198, 0.12231752609158403, 0.1037554980168444]",0.019902957406000153,0.09537028100979147,0.51903384567334
glutamate,6,0.04059101033512629,0.017435672168993967,0.0011392673078731237,0.0,0.09393192657276671,0.0,0.0032528294849633282,0.010976435338210452,0.023634341158048088,0.04595065387661653,0.026277007498782725,0.10511467400007928,0.08435682215752015,0.013117613008370234,0.1644025666488327,0.0005777460378209276,0.007574503594751057,0.0030698338543867394,0.022297313478818925,0.003249254880746243,0.002358194807847778,0.005287044029465844,0.3131357213054507,0.012269568454528167,0.009910357785973715,0.027148351421541157,0.0027906235849234212,0.0,0.08359675496190687,0.0,0.004415002111716093,0.008770203419080143,0.010194227748382212,0.032531158183232024,0.0413573857139452,0.03809668927689768,0.049231191957329244,0.012205899551085992,0.11608981654948572,0.001415182993575984,0.006422779044456878,0.007519526538368866,0.02688267699105011,0.007469988781273069,0.004980901440087063,0.005898012165141266,0.04400273924300513,0.01705936069587066,"[22, 14, 11, 4, 12]","[0.3131357213054507, 0.1644025666488327, 0.10511467400007928, 0.09393192657276671, 0.08435682215752015]",0.023249534589930357,0.11608981654948572,0.5826529619543627
glutathione,4,0.005826345649568421,0.005173134797676176,0.013531484711312693,0.00028324325139764394,0.011558897162952695,0.004624865858936352,0.030862366892209253,0.03760042814588203,0.03199004158038729,0.15197249435367532,0.013445560794790447,0.017378307774094916,0.05443409470828164,0.027690198926749267,0.0699127108881514,0.0652118378444998,0.0,0.052666719020086614,0.004738852458312205,0.11362591767584984,0.05148017521725184,0.05084747354456957,0.16925470292375414,0.015890145819610416,0.0006688189651184931,0.007770372518398926,0.009033865951450074,0.0005647833714769278,0.011605855458947455,0.009249731717872705,0.015857504552132178,0.019842439469012534,0.002676643284091712,0.07934398738567885,0.009051117767655568,0.011628981513954957,0.0064846572989826715,0.011240116600154596,0.011108960839240237,0.0038731448507624377,0.0,0.028000359814234616,0.0038019066314431732,0.12450869087515845,0.10296035043450366,0.03399313919080545,0.07886829613880263,0.03178029163922083,"[22, 9, 19, 14, 15]","[0.16925470292375414, 0.15197249435367532, 0.11362591767584984, 0.0699127108881514, 0.0652118378444998]",0.025579750677879126,0.12450869087515845,0.4348531149532793
glutathione transferase,2,0.054966300768611934,0.11376458304310272,0.2894148396002715,0.0026164618311783636,0.0002579902812129694,0.02211783271189789,0.05127792606050663,0.1033775375313848,0.01034307532268482,0.04065684377634338,0.006438147745611449,0.07699359746239585,0.027248860169244354,0.0,0.09874401263032807,0.005189741068823974,0.027945733249000678,0.0,0.0,0.0,0.006494275891241153,0.012023949980380621,0.04584577907026623,0.004282511805512609,0.001512489200245222,0.011836180935146523,0.0021204869309233453,0.0013205224252906991,0.00036485335465183004,0.010052912427070933,0.019622835612162465,0.005397538901990909,0.014627317397987349,0.012177355949267676,0.0012304053096152026,0.022454634446624034,0.0017400629002345708,0.0,0.012774927383869174,0.0073394022047355055,0.00956006055584094,0.0,0.0,0.0,0.0033877369679845997,0.010903875832232596,0.012122048197765254,0.006056386276378822,"[2, 1, 7, 14, 11]","[0.2894148396002715, 0.11376458304310272, 0.1033775375313848, 0.09874401263032807, 0.07699359746239585]",0.0069417513837507355,0.022454634446624034,0.506556960174759
gluth,1,0.0,0.027789051565006835,0.0,0.0,0.06949494857765331,0.0,0.0,0.05536112084643527,0.006946049206269085,0.16159030866971594,0.0,0.0,0.03780457008286988,0.028849781764130635,0.0,0.062276197271669824,0.0009341208585707302,0.029397062364743168,0.0,0.2154708483012452,0.026397240007181962,0.0,0.27162151214038743,0.006067188344120803,0.0,0.0,0.0,0.0,0.0,0.0,0.0,0.0,0.0,0.0,0.0,0.0,0.0,0.0,0.0,0.0,0.0,0.0,0.0,0.0,0.0,0.0,0.0,0.0,"[22, 19, 9, 4, 15]","[0.27162151214038743, 0.2154708483012452, 0.16159030866971594, 0.06949494857765331, 0.062276197271669824]",0.0,0.0,0.6486826691113485
glycerol,4,0.0,0.04610980922829165,0.03580163714220105,0.0,0.10863054673083454,0.04430432972254097,0.0,0.0,0.0,0.0,0.17861295074654712,0.21300150574910132,0.0,0.0,0.03752801926152201,0.0,0.06699411026064307,0.013444560050087206,0.19275450175968328,0.040030820518079754,0.022787208830468034,0.0,0.0,0.0,0.0,0.004283300835119443,0.004126213637815162,0.0,0.00973917944529937,0.00233603065753712,0.0,0.0,0.0,0.0,0.0054414890651755,0.001289826262619619,0.0,0.0,0.006926977408269671,0.0,0.004440967631295047,0.009060172098313614,0.0024135163445699994,0.006070054583923782,0.005484317918596575,0.0,0.0,0.0,"[11, 18, 10, 4, 16]","[0.21300150574910132, 0.19275450175968328, 0.17861295074654712, 0.10863054673083454, 0.06699411026064307]",0.0025671685786889543,0.00973917944529937,0.5843689582553317
glycine,5,0.010578926926741153,0.017619633392811883,3.071627451382919e-05,0.028066385282233253,0.0,0.0015587434015452745,0.0010346652096675756,0.01102900217874897,0.004342017209051293,0.7107863006043631,0.0,0.01471197595745671,0.0022143142680666507,0.007236302988046475,0.0031234590444133405,0.008747718969716147,0.010627329510002375,0.0014826810136182801,0.07400005999532808,0.03740193832480189,0.0,0.0,0.05521744910532804,0.00019038034354570418,0.01181167919021147,0.014608632901514746,6.868367782846638e-05,0.02829260846774759,0.0,0.003414598512529421,0.0023135817427707714,0.010181070684216724,0.004930912420354493,0.10068645153603195,0.0,0.016593355911776592,0.0049513572269447225,0.006654953190692036,0.006984266748244764,0.005933425496474856,0.015681166614052257,0.003315375535398766,0.04657836119426323,0.05097109633057153,0.0,0.0,0.09401540663693993,0.0004257033897479579,"[9, 18, 22, 19, 3]","[0.7107863006043631, 0.07400005999532808, 0.05521744910532804, 0.03740193832480189, 0.028066385282233253]",0.017850528642013013,0.10068645153603195,0.8400038097050192
glycogen,4,0.030220498902109948,0.0,0.025722780004050812,0.014382981347100551,0.03519037654098402,0.004989427356633689,0.015897886962868566,0.010122161858033192,0.0381055382100529,0.03030422805988159,0.03077745908105388,0.07562186035813458,0.014196314775426247,0.02314907890024937,0.12945893859500587,0.026985213624520103,0.01596677742519916,0.007784439156853788,0.263304865430585,0.04348062586097111,0.027475890027131446,0.013076640892270465,0.053070728588974256,0.07071528804190949,0.005718540422873833,0.0,0.00677161055961947,0.006511494960117103,0.007370829369418784,0.0033623943598117584,0.008181061872499978,0.007153394863998364,0.023929853627389596,0.009972415150651505,0.012839405912467457,0.0158847995443426,0.011020336503501612,0.015466237846693879,0.05484697013684672,0.019541492941457114,0.00433950084629319,0.015568878313707579,0.10546315625797463,0.029494855265509604,0.01858927589535493,0.010827793649780442,0.02032413803671774,0.049197029385212025,"[18, 14, 11, 23, 22]","[0.263304865430585, 0.12945893859500587, 0.07562186035813458, 0.07071528804190949, 0.053070728588974256]",0.01926564440509333,0.10546315625797463,0.4683856643837254
guanine,4,0.0,0.0,0.010456848059898962,0.0,0.001476427499155966,0.0,0.0,0.0,0.007817393529878395,0.0,0.00769367888417258,0.025482534891407446,0.0,0.06190283985882492,0.13710269319228124,0.6622229591411244,0.0,0.08466894736867103,0.0,0.0,0.0,0.0,0.0011756775745851713,0.0,0.0,0.0,0.004522358127571594,0.0,0.002952854998311932,0.0,0.0,0.0,8.73872721962867e-05,0.0,0.0007434356039933138,0.00020388231546156828,0.0,0.00018233330641810423,0.0010935591334895961,0.008358327779555216,0.0,0.012325412888813385,0.0,0.0,0.0,0.0,0.0008117940465148205,0.0,"[15, 14, 17, 13, 11]","[0.6622229591411244, 0.13710269319228124, 0.08466894736867103, 0.06190283985882492, 0.025482534891407446]",0.0013033893946802421,0.012325412888813385,0.8839945997020766
hemoglobin,2,0.10577602846802055,0.0,0.0,0.0,0.0,0.0018699700633199284,0.06099124482554368,0.0,0.31860099890190996,0.0,0.006007658346593824,0.0,0.004590138431914316,0.16306849356177558,0.009909575410618791,0.013000690595310588,0.11458759213170258,0.055887647758594866,0.06109654520100475,0.0491918795856821,0.0,0.03313084364318864,0.0022906930748198364,0.0,0.006060834256230443,0.0,0.0,0.0,0.0,0.002644537024778718,0.03582847002091005,0.0,0.14793174172071455,0.0,0.00849611191185691,0.0,0.006491436023583197,0.09822431459720692,0.014014255943056027,0.004654045206447481,0.16121653785798135,0.004465557218199616,0.06998640115956167,0.06956782326869582,0.0,0.03790935003414253,0.0032395292136443393,0.0,"[8, 13, 16, 0, 18]","[0.31860099890190996, 0.16306849356177558, 0.11458759213170258, 0.10577602846802055, 0.06109654520100475]",0.0279471227273754,0.16121653785798135,0.5962570845953881
histidine,5,0.09250842408814479,0.025991469372092096,0.0,0.052152441920443104,0.07550338088186455,0.0,0.00318625478395448,0.035646806686187936,0.010163842997927375,0.030501487253095604,0.03474216499696263,0.13741428968641112,0.006689279739205839,0.0020015047304791024,0.025376945496046292,0.08512807272417745,0.012100021241750941,0.008621462782294373,0.00246318952774995,0.005306977489693825,0.02234015457222782,0.3057287343476908,0.011464656389525507,0.014968438292074376,0.018158315395437587,0.0581186923511017,0.0,0.019109340529626054,0.019026577867196824,0.0,0.007124682290556123,0.018199979466281536,0.022727043856000866,0.032506661862170445,0.022648184348041556,0.02724788581843126,0.014957684217376322,0.004475500634638668,0.01583893076109576,0.024597566004420736,0.007019265981298397,0.019278176846694688,0.005507859225514493,0.01186676242201658,0.04234268773726644,0.08239831844288627,0.02563575102565634,0.01023247121758614,"[21, 11, 0, 15, 4]","[0.3057287343476908, 0.13741428968641112, 0.09250842408814479, 0.08512807272417745, 0.07550338088186455]",0.021209097429220614,0.08239831844288627,0.5356514481222467
horseradish peroxidase,2,0.06964004975787752,0.09969524677414199,0.10142411723324438,0.0015985555838288793,0.0,0.0,0.09767676214547744,0.025963910791388548,0.27692488552616285,0.02404332221498336,0.009196795393757277,0.003672286956972214,0.0013873591148385767,0.10754753990337682,0.04007395368803479,0.04062024469898687,0.0026496603154675634,0.009726759807246913,0.0294701922504136,0.0015109473825807484,0.0,0.04472927506452603,0.012448135396693627,0.0,0.02389360039665846,0.0010609740209510219,0.05496442335146809,0.002260698986858042,0.0,0.0,0.010535755530577803,0.036718514773426844,0.01342309486793947,0.03291650567983095,0.012863044142647263,0.004958010512260672,0.0019620220760866473,0.11981203551146954,0.0041040337986897575,0.011191030408009851,0.003747185553816002,0.013755715637354097,0.029757358290616136,0.0021368022804778243,0.0,0.011885398452783837,0.017604321904260714,0.0,"[8, 13, 2, 1, 6]","[0.27692488552616285, 0.10754753990337682, 0.10142411723324438, 0.09969524677414199, 0.09767676214547744]",0.01706460525734096,0.11981203551146954,0.48589654266278404
hydroxyproline,3,0.029475553072281127,0.002017366307049582,0.0,0.0022707849281072188,0.056903687595255215,0.015619925952752986,0.0,0.008479123056596758,0.0,0.0,0.10210013518652715,0.6139010013992005,0.0,0.0,0.0,0.05897742840682127,0.0021488708011510233,0.007523509088843677,0.0,0.0,0.00012940128234052142,0.02396573754411063,0.07047487207007026,0.00601260330889222,0.0008950985511673204,0.0010790814643922367,0.0,0.001088205469048986,0.0004648643904227217,0.0003076793999568694,0.0,0.0002467151153454073,0.0,0.0,0.0014207839257392163,0.002983613694911421,0.0,0.0,0.0,0.0015411499734291306,0.0004212036391216613,0.0015462375233195912,0.0,0.0,0.00022412959557834843,8.619122899694501e-05,0.0009305272289156242,0.0015315636593406868,"[11, 10, 22, 15, 4]","[0.6139010013992005, 0.10210013518652715, 0.07047487207007026, 0.05897742840682127, 0.056903687595255215]",0.0006152935358202569,0.002983613694911421,0.7864760086557979
hypoxanthine,3,0.00760401535050043,0.10591413653275868,0.0,0.135927245443997,0.05074679481424383,0.0,0.02200872378307112,0.0014407206105205052,0.011107064873254536,0.011896678326249306,0.007062757771555549,0.0493162011460331,0.058345668842237026,0.033811770777986264,0.09107144777820553,0.0367632090870441,0.04744234800368646,0.004929200037653813,0.018132849639769053,0.12244220081324979,0.06861083474897772,0.03464741632265295,0.052813905383746286,0.027964809912606896,0.0012802720240710796,0.004933038831824935,0.0,0.009228795061253327,0.001095538205611191,0.0,0.004257157804703437,0.0012659706803334824,0.0009625282632620122,0.003015074391833985,0.0034467691490376474,0.0031556722346535115,0.007472321509877258,0.0015630750980131986,0.0008515121729723507,0.006011503879653777,0.010700702027813412,0.004184518476235157,0.00531209291037063,0.009807039618518988,0.003199165236732051,0.001928724667280931,0.0074463862581486745,0.005282885590315048,"[3, 19, 1, 14, 20]","[0.135927245443997, 0.12244220081324979, 0.10591413653275868, 0.09107144777820553, 0.06861083474897772]",0.004016697670521503,0.010700702027813412,0.36428358279000544
insulin,1,0.019844215467377323,0.08133352234010811,0.17387035120666786,0.016995745628698256,0.0017877461207170525,0.08766145740463205,0.10357235205733523,0.07366676913898336,0.01815993524892969,0.012879559659404492,0.008185542073265202,0.13333229240598327,0.026190169837308316,0.0,0.03177579488664093,0.031544844442018286,0.0,0.0,0.0,0.05643650088486418,0.004861364351901769,0.018859157612248285,0.09904267923291621,0.0,0.0,0.0,0.0,0.0,0.0,0.0,0.0,0.0,0.0,0.0,0.0,0.0,0.0,0.0,0.0,0.0,0.0,0.0,0.0,0.0,0.0,0.0,0.0,0.0,"[2, 11, 6, 22, 5]","[0.17387035120666786, 0.13333229240598327, 0.10357235205733523, 0.09904267923291621, 0.08766145740463205]",0.0,0.0,0.4107749956699864
isoleucine,3,0.05451879473093119,0.11502858080062629,0.003428942556850395,0.0127940388004308,0.020194288503426652,0.06057644698455226,0.04012190656814402,0.004142402591733449,0.026167682244564918,0.07322085800160286,0.0,0.09404722790036026,0.15873646192617172,0.0493280545875866,0.032471877002458356,0.0,0.0,0.004263744945870579,0.07440511415885113,0.0,0.01684958422371459,0.06726235273151655,0.06639178686594259,0.02604985387466482,0.005695012854088335,0.00981232030668528,0.0027860186915865397,0.0017083739593770032,0.004043070440978059,0.003080839564003146,0.004122646494433316,0.002595976270732289,0.0025413322796070757,0.0003022928209186775,0.0,0.010236198993271321,0.013274643419966052,0.004465351721040042,0.003708546401655917,0.0,0.0,0.003036090711684617,0.005243032258841953,0.0,0.0060913069182931346,0.007887461266097974,0.002187775462468607,0.007800301472919609,"[12, 1, 11, 18, 9]","[0.15873646192617172, 0.11502858080062629, 0.09404722790036026, 0.07440511415885113, 0.07322085800160286]",0.004192441346193706,0.013274643419966052,0.36781227062715827
keratin,1,0.028270619508400836,0.23399358511501572,0.2694482518646006,0.012929480398305188,0.0,0.02626570069135381,0.03268958593205966,0.134717011285986,0.008461740341937425,0.040147816266094295,0.003075675046432065,0.027259976376785754,0.0,0.011038298309470536,0.04000453166074221,0.027152667685177743,0.0,0.021663973888261016,0.0,0.0,0.013434408124323645,0.0,0.0694466775050535,0.0,0.0,0.0,0.0,0.0,0.0,0.0,0.0,0.0,0.0,0.0,0.0,0.0,0.0,0.0,0.0,0.0,0.0,0.0,0.0,0.0,0.0,0.0,0.0,0.0,"[2, 1, 7, 22, 9]","[0.2694482518646006, 0.23399358511501572, 0.134717011285986, 0.0694466775050535, 0.040147816266094295]",0.0,0.0,0.6381588482656023
lactalbumin,3,0.06628663925676496,0.11689974645221686,0.26539586528452425,0.005928949176298427,0.007898221615826264,0.008776662091726764,0.07780917427521133,0.0836884860016478,0.009930429140740233,0.06792355354988872,0.0,0.024057858508555168,0.03382756860719108,0.006838258819711625,0.03521499417101339,0.024375103408865575,0.009440418117328122,0.0,0.009048244616377822,0.0,0.003120904587539964,0.013966688539150994,0.12116703102915923,0.008405202750261338,0.006868954425235914,0.0784356440418664,0.03186296502254157,0.005746489467377023,0.0039987359636977984,0.008661100180364733,0.02765159910806339,0.005985318253155725,0.004307616491888218,0.00772640242618264,0.0,0.004937896008995986,0.008032417943641299,0.006216701305675893,0.011085446969159468,0.008660809359510241,0.002474500058521219,0.0,0.006920692224634786,0.0,0.005405565311194009,0.009891946614469736,0.0069796414656387775,0.013648298209048464,"[2, 22, 1, 7, 6]","[0.26539586528452425, 0.12116703102915923, 0.11689974645221686, 0.0836884860016478, 0.07780917427521133]",0.011062447535452638,0.0784356440418664,0.5034626427659004
lactate,3,0.037596138471065715,0.0054599933490461355,0.0,0.0,0.1057566557215302,0.0,0.02171126318629767,0.007994026681292654,0.0,0.0,0.043968421623546104,0.11420770678573205,0.0,0.0,0.0,0.02418167564538105,0.0,0.0,0.5289415466797861,0.0,0.0572029873717996,0.0,0.019820189259915647,0.033159395224606966,0.0003715718593202086,0.0018577190894972242,0.0,0.0,0.0003011724477449734,0.0,0.000425636655301925,0.00029906746857537384,0.0,0.0,0.0015943764746532592,0.0012910896399017714,0.0,0.0,0.0,0.0025566181710805786,0.0,0.0,0.0018565844671941817,0.0,0.00046865021220917724,0.0,0.0006090705712747071,0.0007840123627953604,"[18, 11, 4, 20, 10]","[0.5289415466797861, 0.11420770678573205, 0.1057566557215302, 0.0572029873717996, 0.043968421623546104]",0.0005173153924811976,0.0025566181710805786,0.7489059091870482
lactose,1,0.020621536567576402,0.0,0.0,0.009661793255496104,0.0612444327054709,0.0,0.03502432026329285,0.01030021085582768,0.0,0.02470860701249343,0.10037107724361694,0.041082665879566736,0.0,0.00517178198329904,0.0,0.0413501309787534,0.0,0.0,0.5483936951716756,0.0,0.07638717663881836,0.0,0.0,0.025682571444112477,0.0,0.0,0.0,0.0,0.0,0.0,0.0,0.0,0.0,0.0,0.0,0.0,0.0,0.0,0.0,0.0,0.0,0.0,0.0,0.0,0.0,0.0,0.0,0.0,"[18, 10, 20, 4, 15]","[0.5483936951716756, 0.10037107724361694, 0.07638717663881836, 0.0612444327054709, 0.0413501309787534]",0.0,0.0,0.7251519490541108
lauric acid,1,0.0,0.36734053876307116,0.043887457022358564,0.0,0.0,0.0,0.0,0.003000003818225285,0.0,0.038874376673439306,0.00821671149518843,0.0,0.019315203655108085,0.0,0.0016353951413832547,0.0,0.5049276099936851,0.0,0.0,0.00781695564429063,0.004985747793250165,0.0,0.0,0.0,0.0,0.0,0.0,0.0,0.0,0.0,0.0,0.0,0.0,0.0,0.0,0.0,0.0,0.0,0.0,0.0,0.0,0.0,0.0,0.0,0.0,0.0,0.0,0.0,"[16, 1, 2, 9, 12]","[0.5049276099936851, 0.36734053876307116, 0.043887457022358564, 0.038874376673439306, 0.019315203655108085]",0.0,0.0,0.9161556057791148
lectin,3,0.023200227002120308,0.04615903179022798,0.37996125654245355,0.004763109191971427,0.018965492983372943,0.007659635015466514,0.1915702579046102,0.08684467286465648,0.014822008802304457,0.004836899099649303,0.013896053243811346,0.004857388875103655,0.0011515414542027944,0.02556870368235333,0.001695647116318635,0.034743145851521086,0.0,0.02290753718810834,0.010038799853394776,0.004770662616217591,0.033856608889948465,0.0,0.058282035359533406,0.009449284672653324,0.0025497916977469445,0.06877555643402687,0.07281020547247552,0.008249947122492853,0.014170539131333244,0.0027976291973472443,0.0462342492400338,0.03390842348384379,0.007099597083404608,0.007075454252771592,0.003339394699790054,0.008413244323799366,0.0019945283057009894,0.013018071829791863,0.0025465732055433457,0.002486335571263624,0.0,0.0001709570094818732,0.017387711393094748,0.008263030037058331,0.029261351659926275,0.0,0.020591367798540806,0.013035360140130427,"[2, 6, 7, 22, 1]","[0.37996125654245355, 0.1915702579046102, 0.08684467286465648, 0.058282035359533406, 0.04615903179022798]",0.01600747162873326,0.07281020547247552,0.6583761873117202
leucine,4,0.09035318591380526,0.07877229087259259,0.0404197024152239,0.0,0.0,0.0643387333798535,0.0,0.0,0.009320253802692238,0.0032395191186258454,0.1453669234632768,0.15629652351952675,0.17042096678380958,0.001076030998430313,0.1043815006017201,0.0,0.011116308072841407,0.00013967642465115296,0.0011854956338494672,0.06497671730127702,0.01916811453368566,0.012099442481546322,0.027100225354466538,0.0002283893281255494,0.004559878676707295,0.009298348947790963,0.006222982402562508,0.0,0.0,0.008422080190220022,0.0,0.0,0.00682233266726244,0.006479038237251691,0.05028645664315158,0.01787163475337703,0.02289370730443753,0.002152061996860626,0.018312366476327138,0.0,0.022232616145682813,0.0002793528493023059,0.0023709912676989344,0.02762158373153189,0.007260878587704899,0.024198884963092644,0.04880337479678965,0.0004567786562510988,"[12, 11, 10, 14, 0]","[0.17042096678380958, 0.15629652351952675, 0.1453669234632768, 0.1043815006017201, 0.09035318591380526]",0.011939389553916796,0.05028645664315158,0.4720844137666131
linoleic acid,1,0.0,0.35610508383330974,0.0,0.0002497169347808207,0.027267394271614544,0.003725911741623211,0.0,0.3760777102238622,0.007621412707055426,0.0,0.06444788033630407,0.0,0.0,0.0,0.014978764736532504,0.0,0.0,0.0316951654466736,0.0,0.0,0.0,0.05223305802373607,0.06559790174450784,0.0,0.0,0.0,0.0,0.0,0.0,0.0,0.0,0.0,0.0,0.0,0.0,0.0,0.0,0.0,0.0,0.0,0.0,0.0,0.0,0.0,0.0,0.0,0.0,0.0,"[7, 1, 22, 10, 21]","[0.3760777102238622, 0.35610508383330974, 0.06559790174450784, 0.06444788033630407, 0.05223305802373607]",0.0,0.0,0.7977806958016798
major proteinase,3,0.039425692791578995,0.07416278099603728,0.3961806366692784,0.018273956512047006,0.014399197757524677,0.0320498236195147,0.020680730598740052,0.13185945197995802,0.0,0.020486961305307732,0.0027161586911860765,0.07457623230053696,0.029105531763516917,0.0,0.0037954759528934273,0.03914448709589682,0.020472058571481048,0.006855202948633507,0.007430324949055642,0.0,0.0,0.006089789684988619,0.0622955058118241,0.0,0.004614724845595569,0.08171546415938642,0.030245948257049744,0.004081096912458991,0.012518462974261998,0.007675043603444371,0.018036861744862177,0.019129919751196937,0.0,0.013922427861638175,0.0037866344498466366,0.011620615156012351,0.013768140531747994,0.0,0.004769264983518176,0.00658359790653233,0.008932432612198704,0.007007585646219455,0.006886694559414844,0.0,0.0,0.007973255377923523,0.014155216948773041,0.0,"[2, 7, 11, 1, 22]","[0.3961806366692784, 0.13185945197995802, 0.07457623230053696, 0.07416278099603728, 0.0622955058118241]",0.011559307845086728,0.08171546415938642,0.6026163209497735
malic acid,2,0.031817980919995006,0.032194011139794455,0.004085361318081693,0.0,0.10019096543119103,0.01092220989493575,0.007344470916878085,0.047445346705160735,0.01241365382510944,0.0,0.0,0.07932160450616145,0.045826583961388584,0.10753062653748913,0.00298246746441017,0.0,0.0,0.0,0.0,0.07348114656529493,0.019458260483149678,0.15313682167355186,0.1302786303724026,0.14156985828500543,0.044997420144385306,0.04552920718108782,0.0034196925242843852,0.0,0.1416914221400443,0.015446337364503755,0.01038665037910375,0.050977261929676713,0.017555557598074416,0.0,0.0,0.11217768888180833,0.06480857655542509,0.08050921274981247,0.0042178459375053585,0.0,0.0,0.0,0.0,0.10391803405136527,0.02751813587545873,0.21656817010944718,0.0638146639838761,0.20021001360989174,"[21, 23, 22, 13, 4]","[0.15313682167355186, 0.14156985828500543, 0.1302786303724026, 0.10753062653748913, 0.10019096543119103]",0.05015607879232294,0.21656817010944718,0.4249853103309599
mannose,3,0.013851623277201956,0.017984204653275257,0.006858143055574375,0.0021079272872828723,0.09825954540139979,0.07536829998128977,0.004432257377603023,0.004081983485280938,0.02011840712234773,0.0055644014093963285,0.06840730578627918,0.016301764711671492,0.0950014547929323,0.02289394123092768,0.00035706637997804215,0.00039688566615711973,0.0,0.03793534620420052,0.2251738815337642,0.17529423834136146,0.0,0.07903225040595212,0.016439666788330906,0.014139405107792961,0.0027316224113181882,0.008384903642885504,0.00468535601418016,0.0036510371602347723,0.003865966787693332,0.003307142761790957,0.001860172705379139,0.0012687127231865401,0.005608947619095045,0.004824223679295713,0.006307214767406808,0.002809401178036263,0.0022730628300566855,0.00048007369743225336,0.0006184571117966635,0.0006874261385799511,0.0,0.0068726224299923006,0.012502287414132224,0.012809009286659546,0.0,0.005253880024040643,0.002650015853140672,0.013026605900493421,"[18, 19, 4, 12, 21]","[0.2251738815337642, 0.17529423834136146, 0.09825954540139979, 0.0950014547929323, 0.07903225040595212]",0.004436589255701115,0.013026605900493421,0.49872766527652546
melanin,4,0.041292386125553054,0.0019372216955245152,0.02123186001397048,0.001566611335311601,0.0,0.0,0.0,0.11706262135501243,0.6827449645901317,0.020586870732131394,0.0,0.0,0.0,0.0,0.0,0.00011209433922375736,0.0,0.0,0.0,0.0,0.0,0.0,0.08825709587032081,0.025208273942820304,0.02195497156699229,0.002321506975645778,0.025486201103181942,0.002080969883024219,0.0,0.0,0.0,0.021789733664016424,0.06897321877419318,0.01341809028090293,0.0,0.0,0.0,0.0,0.0,0.00022418867844751472,0.0,0.0,0.0,0.0,0.0,0.0,0.02026724802793769,0.01502715874904416,"[8, 7, 22, 0, 23]","[0.6827449645901317, 0.11706262135501243, 0.08825709587032081, 0.041292386125553054, 0.025208273942820304]",0.007980970320974423,0.06897321877419318,0.8880646818154649
methionine,4,0.012223669584726201,0.07384039462723271,0.0,0.2211338389886009,0.025278610183542754,0.0,0.009883043887673533,0.0,0.009875754117049745,0.0,0.0,0.0,0.10025632034985574,0.02426195801537116,0.010618926719717802,0.11639000021928857,0.0,0.0,0.0,0.12153981450989797,0.010780912681021652,0.01562454240223694,0.2221240490912368,0.02616816462254751,0.0019468446305085682,0.008404406868204583,0.0,0.029679195818054276,0.015641467655762815,0.0,0.0068611601750000195,0.0,0.007028822790297204,0.0,0.0,0.0,0.00612953693036983,0.014858053257468775,0.007220820991547797,0.06700172882141725,0.0,0.0,0.0,0.007712080973797874,0.015109181430464877,0.012345258181223713,0.02657831603863584,0.01844795594375505,"[22, 3, 19, 15, 12]","[0.2221240490912368, 0.2211338389886009, 0.12153981450989797, 0.11639000021928857, 0.10025632034985574]",0.010206867937771187,0.06700172882141725,0.5647977025897356
myoglobin,2,0.09928088057866526,0.0056274693063790085,0.0,0.007147482172452825,0.0,0.0024013048385363167,0.05855268362943787,0.0,0.3562953944473666,0.0,0.008074177382449926,0.0,0.0,0.11899806153822642,0.007212533727301492,0.038804904593028336,0.09174305144834646,0.06579499994456944,0.05848323073741879,0.02007196434397653,0.0,0.04444861472313548,0.017063246588709252,0.0,0.012765947509678037,0.007958443414919508,0.0,0.010108066225102698,0.0,0.0033959578700501944,0.02117899035588915,0.0,0.07427769006158629,0.0,0.011418611159266782,0.0,0.0,0.04578398464852628,0.01020006301622314,0.0023263155334948015,0.12115268765718971,0.0043027310310621665,0.003042319601112074,0.028386044198720792,0.0,0.005551137897925672,0.005118965031348516,0.0,"[8, 13, 0, 16, 17]","[0.3562953944473666, 0.11899806153822642, 0.09928088057866526, 0.09174305144834646, 0.06579499994456944]",0.01529033146717066,0.12115268765718971,0.5745743365642583
myristic acid,2,0.0,0.16859213643403512,0.0,0.0,0.009594618849683502,0.0,0.0,0.010779094030353329,0.0,0.05133783479562919,0.013819596655322727,0.0,0.0,0.0,0.0,0.007014487302289396,0.5626032670894274,0.0,0.0,0.006096258242329712,0.0,0.0020248631238485486,0.16813784347708124,0.0,0.0,0.002059024609870471,0.0,0.0,0.013568840103022952,0.0,0.0,0.0029526599564795794,0.0,0.01132368033040733,0.019543861016483262,0.0,0.0,0.0,0.0,0.009919983075991528,0.030634886126784867,0.0,0.0,0.008621411086031445,0.0,0.0028635888916957696,0.025239163825054603,0.0,"[16, 1, 22, 9, 10]","[0.5626032670894274, 0.16859213643403512, 0.16813784347708124, 0.05133783479562919, 0.013819596655322727]",0.0052802957925759085,0.030634886126784867,0.8993332470005438
n-acetyl- d-glucosamine,1,0.0,0.0031246395232481764,0.0,0.002767063001295655,0.007116369019777725,0.0,0.04355567892344484,0.016622405344448667,0.03758938118299449,0.03266332169748666,0.0,0.015762847043970317,0.027029778927920106,0.0,0.032842804424129596,0.0,0.01549834471456072,0.08526715546811102,0.23368511350467938,0.0,0.04618163139702627,0.33819478192942587,0.031061175432871974,0.031037508464608548,0.0,0.0,0.0,0.0,0.0,0.0,0.0,0.0,0.0,0.0,0.0,0.0,0.0,0.0,0.0,0.0,0.0,0.0,0.0,0.0,0.0,0.0,0.0,0.0,"[21, 18, 17, 20, 6]","[0.33819478192942587, 0.23368511350467938, 0.08526715546811102, 0.04618163139702627, 0.04355567892344484]",0.0,0.0,0.6571470509022163
n-acetylglucosamine,3,0.007157982476869197,0.012575023620689811,0.0,0.018391105678325345,0.024241785393030846,0.0,0.045388597094645516,0.022463089041914044,0.040077822543830445,0.05074593669514451,0.0,0.02042758098559168,0.027092366603296173,0.01555729325978234,0.017980346725883996,0.0,0.032273105459108366,0.06709150927594566,0.21615676194189337,0.0,0.058908615529323326,0.24243142691834216,0.03061849203627749,0.050421158720105726,0.0005022344978661154,0.004426058751552066,0.0,0.0021987629812521936,0.001049976906772531,0.0,0.0016865652453686279,0.0006200245460194749,0.002293012544502823,0.00434994202172537,0.0,0.005966335604022525,0.00253571376183148,0.001542100957548994,0.0023526659649096217,0.0,0.0016678233582442478,0.0031196861783735334,0.004325762534384915,0.0,0.0013200355627914747,0.0019221497001655292,0.002857221536866691,0.00520966626786558,"[21, 18, 17, 20, 9]","[0.24243142691834216, 0.21615676194189337, 0.06709150927594566, 0.058908615529323326, 0.05074593669514451]",0.0020810724550859917,0.005966335604022525,0.5256796981361812
oleate,5,0.001227641813395334,0.46114212843354235,0.0,0.010384869525499307,0.07257296148239525,0.004034179392201063,0.012036511354534821,0.15719009090502042,0.0,0.043101300939808934,0.05602439950663107,0.059674274867640556,0.0,0.0,0.005176795099023085,0.0,0.05102282325462202,0.0,0.013800914503405093,0.0,0.0,0.02410288181720508,0.02850822710507559,0.0,0.0016879013205049888,0.06432531036304698,0.0,0.004335037934508406,0.01699418725194754,0.0039967248080398565,0.0061770262501782735,0.032385026876903165,0.0,0.01590254180773648,0.010415892510557153,0.011097695777764888,0.0,0.0,0.005079762345301699,0.0,0.012037820483952915,0.0,0.008919957161982758,0.0,0.0,0.006163127076411012,0.016387821572992907,0.0,"[1, 7, 4, 11, 10]","[0.46114212843354235, 0.15719009090502042, 0.07257296148239525, 0.059674274867640556, 0.05602439950663107]",0.008996076397576208,0.06432531036304698,0.690905180820958
palmitic acid,2,0.0,0.2670857054585928,0.0,0.0,0.0,0.0,0.0,0.007049391729356529,0.004199389972395442,0.04561428946581016,0.0028100131044184688,0.0010509942707018622,0.0,0.0,0.0,0.004145036566927331,0.5121951019212958,0.0,0.012671653483127668,0.007877702298377472,0.0,0.005820041845534741,0.1294806798834618,0.0,0.0,0.061407181966237366,0.0,0.0,0.0,0.0,0.0,0.004280626153859945,0.005938834252655212,0.01132634649410551,0.003973958642714722,0.0014863303516029934,0.0,0.0,0.0,0.005861966929481045,0.06331333372176252,0.0,0.017920424213531416,0.003237672679761402,0.0,0.008230782111534168,0.04862685621475923,0.0,"[16, 1, 22, 9, 18]","[0.5121951019212958, 0.2670857054585928, 0.1294806798834618, 0.04561428946581016, 0.012671653483127668]",0.00981684640550023,0.06331333372176252,0.9087614872633504
palmitoleic acid,1,0.0,0.49339547284127055,0.0,0.0,0.04605483221628349,0.0,0.016623717497325673,0.24657030800756546,0.0,0.047281542021745684,0.048147510089745826,0.03253257364248959,0.0,0.0,0.0,0.0,0.015511168863766196,0.0,0.0026421361097617884,0.0,0.0,0.02063513570047664,0.030605603009569174,0.0,0.0,0.0,0.0,0.0,0.0,0.0,0.0,0.0,0.0,0.0,0.0,0.0,0.0,0.0,0.0,0.0,0.0,0.0,0.0,0.0,0.0,0.0,0.0,0.0,"[1, 7, 10, 9, 4]","[0.49339547284127055, 0.24657030800756546, 0.048147510089745826, 0.047281542021745684, 0.04605483221628349]",0.0,0.0,0.7881132909385818
papain,3,0.03207908337523705,0.054534537000990126,0.2554188849506899,0.0,0.00745267215211116,0.05467078377793528,0.03772695425958589,0.04934112020382083,0.01607130782213242,0.024697520473991357,0.012552052934862418,0.06344518629338071,0.005506303974097879,0.0,0.1303047793498642,0.07611199956081012,0.0,0.0,0.00969401935897247,0.0,0.004436881743669977,0.0,0.16595591276784816,0.0,0.002097992673347264,0.0467687183569623,0.017145487306158967,0.0,0.006794770996541855,0.006083365104538362,0.015366274601725662,0.010191858581541783,0.0012479942335782233,0.04277736028192561,0.011484716030362142,0.010638526953861253,0.004917323209260861,0.0,0.038423341289523565,0.009929516296229913,0.0,0.0,0.016790534059296598,0.0,0.004008187074851539,0.0,0.02179140420048596,0.0,"[2, 22, 14, 15, 11]","[0.2554188849506899, 0.16595591276784816, 0.1303047793498642, 0.07611199956081012, 0.06344518629338071]",0.011102390468757994,0.0467687183569623,0.5516795770684022
pepsin,3,0.022770063972383032,0.09850895624580241,0.2991769612613316,0.01894732979855596,0.04582703850186474,0.0004510902263558494,0.03246728239416804,0.06563458760113629,0.02706803305327993,0.05275122583149886,0.019842689949706588,0.012100786209225388,0.004593997715921575,0.0,0.026263992384059003,0.02564030110806999,0.001655006694942989,0.04785618619360096,0.05045342339924441,0.009837796821880122,0.008854528838417648,0.013820984032886474,0.10975044715918747,0.005727290606480736,0.007997254902072634,0.047495713788178295,0.1113415130743685,0.004463998455464053,0.025981364504104935,0.0007813111908460767,0.005770329767768253,0.011416314780695738,0.01878470486230927,0.010341073501577997,0.010934002635825401,0.010557470565093737,0.007114984120688249,0.0,0.009244318567796865,0.016500443871535764,0.002866555682507903,0.009322802540207936,0.0695329845393386,0.008605172558285504,0.008096435210135288,0.012036990021040497,0.043346182607108874,0.009919958320136603,"[2, 22, 1, 7, 9]","[0.2991769612613316, 0.10975044715918747, 0.09850895624580241, 0.06563458760113629, 0.05275122583149886]",0.019268828336128623,0.1113415130743685,0.5074363646663215
pepsinogen,3,0.025331474014512485,0.04654336356417899,0.35723750665378606,0.0,0.025528301545163196,0.031963656701962224,0.14184598776309892,0.08738746576374239,0.011599544099146509,0.0,0.014384975839149466,0.029666259672353066,0.00895978369969438,0.009492897959775596,0.0,0.03186541202061769,0.0055646378816771565,0.010166799154458507,0.03772918280932559,0.0,0.028034110994570094,0.007099305749086224,0.0895993341137014,0.0,0.005371602165298803,0.0806154704483081,0.038152980656096375,0.0,0.019430059142745905,0.013029104602339253,0.04256211049778118,0.02917402520586556,0.01026901795264679,0.0,0.013604700267898935,0.02645949979485425,0.008521759049766828,0.010480932892818005,0.0,0.0050407451977161075,0.009638235536787287,0.007896521670482394,0.0653488615538062,0.0,0.017040315559772243,0.012296358255883167,0.0060291240231747515,0.0,"[2, 6, 22, 7, 1]","[0.35723750665378606, 0.14184598776309892, 0.0895993341137014, 0.08738746576374239, 0.04654336356417899]",0.01754005935308509,0.0806154704483081,0.5886828285305864
phenylalanine,5,0.0240847413446324,0.03802838279731337,0.0,0.0,0.0,0.1137236282692254,0.4805678152288547,0.0,0.02936210410508841,0.006276744055437819,0.004969357955909312,0.07321728410425998,0.0,0.005857958317901777,0.006474930389665146,0.0,0.003800791166830739,0.0,0.0022018701881467775,0.058747767907204006,0.1382414182475943,0.0002696652341030863,0.00816069706571191,0.006014843622120829,0.004399790656855985,0.02097575951497768,0.0,0.0,0.0,0.04254072531238781,0.031994711740896534,0.0,0.015958249454424128,0.009545959403866579,0.002916819232753662,0.00951234565573257,0.0,0.010629658169544778,0.01022829706302008,0.0,0.0034722825740178998,0.0,0.0049235314183264465,0.03448723010400286,0.0047126107387522225,0.00037013643963259614,0.0182478733827149,0.004196099194360672,"[6, 20, 5, 11, 19]","[0.4805678152288547, 0.1382414182475943, 0.1137236282692254, 0.07321728410425998, 0.058747767907204006]",0.009546336669011142,0.04254072531238781,0.7325328617456744
phosphate,3,0.002857283530832457,0.0,0.005538835385081497,0.0007428474272745581,0.014580935388027258,0.0,0.016735217763967917,0.000538588676005271,0.015247360470007137,0.03376221397987399,0.05383799761308302,0.009188867977781732,0.015188867729780458,0.032983396339733025,0.5754044074861193,0.0023835959213679833,0.07282397327686811,0.0016353052686902917,0.0,0.023918048722702062,0.014393995973430563,0.10143490799684036,0.0011516537313065174,0.005651699341226551,0.002643855213930756,0.0,0.005197073869232506,0.0008535334812163675,0.0025633772213038853,0.0,0.0023487043354830472,0.0009328629512223819,0.009131909517978907,0.0053336884028916684,0.0036031468580224164,0.0031411761733674244,0.0020302364608003427,0.002548243126664149,0.03647448531723204,0.002152159784153668,0.005485717558106542,0.0028324318112566598,0.0,0.010295709063463233,0.003001215611746436,0.005366298741336063,0.001994722775349164,0.007606029000684904,"[14, 21, 16, 10, 9]","[0.5754044074861193, 0.10143490799684036, 0.07282397327686811, 0.05383799761308302, 0.03376221397987399]",0.00481402405314344,0.03647448531723204,0.7496632887598278
phosphatidylinositol,3,0.010693735241755502,0.03718466130388476,0.0009649569136061796,0.041005706311533045,0.08521799362659559,0.008492796377853024,0.034311235079509415,0.011291518659388808,0.02114291090451013,0.02998521477042645,0.01043617054978519,0.06723606869355826,0.05776856844762438,0.013154414477535757,0.08331105928482153,0.07151037577708076,0.012341704796948875,0.008895849481166658,0.07228957434284461,0.15974665303280353,0.0670229110481032,0.014114498217359148,0.0,0.08188142266130517,0.003354721651058375,0.011765206273547895,0.0007605260529000724,0.0065242759725663005,0.003180295198515686,0.0010019158052716167,0.001542352609755033,0.002495819874977557,0.004714589276676521,0.013649084670138926,0.003961075348494666,0.0075073506835730405,0.0076658988450790085,0.002820739075756068,0.005941069750284675,0.0028028176848234527,0.002589717373143655,0.0025415512677779213,0.013595786360656044,0.012166442667701977,0.006628448451624079,0.008932078398131484,0.0,0.0016265853221010737,"[19, 4, 14, 23, 18]","[0.15974665303280353, 0.08521799362659559, 0.08331105928482153, 0.08188142266130517, 0.07228957434284461]",0.005323681192273131,0.013649084670138926,0.3282757059442206
phosphoenolpyruvate,4,0.015436383379237636,0.02093598945875021,0.010170759634836471,0.026042732196796377,0.010843624507022517,0.016786498549212846,0.04721129179964319,0.0019967644843308058,0.019075128939468656,0.02974588271337819,0.042296081227851626,0.01270452554678502,0.015052179446002331,0.07088167096679138,0.0,0.008644259632955427,0.0,0.06242022597603551,0.021145587712944725,0.0,0.010724042296926318,0.08577106105495882,0.037054618940311514,0.4350606915357605,0.005445924085207529,0.04187197891750042,0.008608322717366536,0.01869807692724837,0.021687249014045035,0.007104256862952051,0.018031963953710935,0.0039935289686616115,0.006348136643709536,0.006069660631887104,0.017202823716774576,0.022830379261051185,0.010998221953038272,0.047283708765661764,0.0,0.006168189583396673,0.0,0.12484045195207102,0.014927288726587173,0.0,0.02144808459385264,0.03845826462224051,0.024729598344282715,0.05901822245908229,"[23, 21, 13, 17, 6]","[0.4350606915357605, 0.08577106105495882, 0.07088167096679138, 0.06242022597603551, 0.04721129179964319]",0.021906847195847,0.12484045195207102,0.5917134235575108
proline,5,0.0023255701655537572,0.04635465101021591,0.012683087832908321,0.0,0.01242809211999219,0.02691186191594716,0.003091645479699457,0.0,0.016446712648056833,0.2504329099573792,0.27669154270319296,0.03335804551142812,0.0027586573104353288,0.03252101208293644,0.03098443455421168,0.06363682835017802,0.0,0.07602533602626746,0.0005627618670165609,0.04761626599620159,0.044881228554298755,0.0,0.020289355914080355,0.0,0.005200132976623641,0.02267186943646027,0.01976577786693986,0.0,0.014910504104298552,0.05348034572932841,0.006913129454937931,0.0,0.00426585360592949,0.09703511421593945,0.03489981872209633,0.07459085736008501,0.006168545272760135,0.029693155180137744,0.025512574159630815,0.03582861733882639,0.0,0.033837810999608524,0.0012583737897937269,0.03403913542283591,0.016075959051908763,0.0,0.04536837904357105,0.0,"[10, 9, 17, 15, 19]","[0.27669154270319296, 0.2504329099573792, 0.07602533602626746, 0.06363682835017802, 0.04761626599620159]",0.02339649807215467,0.09703511421593945,0.6031497886868397
pyruvate,4,0.0,0.06851318648145852,0.0036324583565568933,0.012341433216549427,0.0,0.0472618565616367,0.0,0.025624315562854025,0.0,0.00025922404397929315,0.013393742426251479,0.021583430489256275,0.05672450056374148,0.06357824755542893,0.030740484426205028,0.0,0.0,0.04100453097266549,0.0,0.04460895365044032,0.055443046384156536,0.01505699990852949,0.16251993151601146,0.3377136578842787,0.0,0.04581480445500044,0.0025909426443649934,0.008255580750551323,0.0,0.0835965388025433,0.0,0.017128782252200537,0.0,0.0005184480879585863,0.026787484852502957,0.0150293793376954,0.03782569890627758,0.027986677546439402,0.020593649080934567,0.0,0.0,0.02739092564374807,0.0,0.029803993912054082,0.03542853210324721,0.010038883466728413,0.2314805470842234,0.12179273699511692,"[23, 22, 1, 13, 12]","[0.3377136578842787, 0.16251993151601146, 0.06851318648145852, 0.06357824755542893, 0.05672450056374148]",0.03091931691339947,0.2314805470842234,0.5687467758817487
riboflavin,3,0.3878504908253046,0.0,0.0,0.0,0.06439912880042133,0.0018129527399658868,0.006834175606675878,0.0,0.00023026760022230267,0.0,0.0387467005407058,0.006561600635590009,0.0,0.0933065355443366,0.02200409712270554,0.0,0.04068659736901984,0.11071597609108991,0.027059978339350282,0.13265086425368652,0.028853509852422386,0.0,0.0,0.03828712467850313,0.020657434726829765,0.0,0.0,0.0,0.00028455115278255605,0.0022511298577828245,9.612862369794001e-05,0.0,0.00039883518292198675,0.0,0.0050366351645529505,0.0070401819577591345,0.0,0.010917342677726776,0.002668104544353135,0.0,0.0027118154582308675,0.0019141683133409991,0.0006533567723376834,0.005336030957130361,0.006678500184138548,0.0,0.0,0.003383568571790555,"[0, 19, 17, 13, 4]","[0.3878504908253046, 0.13265086425368652, 0.11071597609108991, 0.0933065355443366, 0.06439912880042133]",0.00291782433939067,0.020657434726829765,0.631217331170081
riboﬂavin,1,0.38686380891194294,0.0,0.011355764921394841,0.0,0.019736291524983466,0.0,0.003902110674381876,0.015730703418894647,0.01748007910368586,0.0,0.0,0.0,0.0,0.07474192975462512,0.0073577730830433246,0.042792287568821155,0.004793240252288758,0.22708738357097072,0.008005382312622846,0.1440396123796702,0.025439382607591782,0.0,0.0,0.010674249915082642,0.0,0.0,0.0,0.0,0.0,0.0,0.0,0.0,0.0,0.0,0.0,0.0,0.0,0.0,0.0,0.0,0.0,0.0,0.0,0.0,0.0,0.0,0.0,0.0,"[0, 17, 19, 13, 15]","[0.38686380891194294, 0.22708738357097072, 0.1440396123796702, 0.07474192975462512, 0.042792287568821155]",0.0,0.0,0.7579908048625839
serine,5,0.017081746440161114,0.0019466486212297244,0.007066636350165417,0.014494696517516493,0.014652992935344042,0.0042059452878982825,0.07710791405614789,0.0007196940506246817,0.00647771349108333,0.054170616194567534,0.019023025270515616,0.44572694003517077,0.006910828851403752,0.0,0.00453695189036406,0.0,0.030011881457118993,0.005027854208790596,0.013902166748823663,0.034554137334181785,0.058825284688705494,0.13797344022867694,0.04201192265079021,0.0035709626907196946,0.031914283994153324,0.004352838645375904,0.009346479279242663,0.01791869423882176,0.032765088277253454,0.004673858486319624,0.04350183516649903,0.0006728073411166484,0.010881059898481605,0.039461427908077114,0.042536777642569246,0.078049311657259,0.005749033651492517,0.0,0.006665693847573637,0.0,0.015384055953516223,0.011242623791814193,0.012097934881294332,0.02585238022297885,0.005975348796825961,0.06718548319584824,0.08018124607993808,0.007046834689574017,"[11, 21, 6, 20, 9]","[0.44572694003517077, 0.13797344022867694, 0.07710791405614789, 0.058825284688705494, 0.054170616194567534]",0.023060629068584398,0.08018124607993808,0.6608082943199957
sphingomyelin,1,0.0,0.38581189651646525,0.009234693334672231,0.06633953817076411,0.020296835670562667,0.0,0.0,0.048873167306717535,0.0,0.0,0.02002329567943938,0.0,0.0,0.029886908163789375,0.0,0.0,0.30725058478518513,0.0,0.0,0.0,0.0,0.005528765590035794,0.10675431478236856,0.0,0.0,0.0,0.0,0.0,0.0,0.0,0.0,0.0,0.0,0.0,0.0,0.0,0.0,0.0,0.0,0.0,0.0,0.0,0.0,0.0,0.0,0.0,0.0,0.0,"[1, 16, 22, 3, 7]","[0.38581189651646525, 0.30725058478518513, 0.10675431478236856, 0.06633953817076411, 0.048873167306717535]",0.0,0.0,0.7998167960840189
stearate,5,0.0,0.38786324991946375,0.03104855347908621,0.0,0.01062770783263618,0.004186713232320609,0.00030737015123647935,5.0690421263450404e-05,0.005184287572683734,0.0040236018937460875,0.00031257162367025513,0.03249745138573149,0.0,0.0,0.0110458201051547,0.0,0.38669912929003863,0.012635357140847606,0.0,0.0,0.00832997795715839,0.0,0.1043990118232061,0.0007885061717562914,0.0,0.10921259383337686,0.01216367653285001,0.0,0.007127453695978549,0.002372677667938565,0.0006873005524191589,0.00011334722775317588,0.002584901795693507,0.003857089874388364,0.0005154366249612438,0.006971310230388174,0.0,0.0,0.0026403330371565577,0.0,0.042830472123576525,0.0076589810802151475,0.0,0.0,0.0034736320411599946,0.0,0.05654140095176421,0.0017631534007251923,"[1, 16, 22, 11, 2]","[0.38786324991946375, 0.38669912929003863, 0.1043990118232061, 0.03249745138573149, 0.03104855347908621]",0.010854740027931053,0.10921259383337686,0.8789613910327085
succinic acid,1,0.0,0.03184338486197731,0.0,0.0,0.0,0.0,0.0,0.07720583252355308,0.0,0.0,0.0,0.0,0.0,0.03622026927281258,0.5197426486216273,0.006866537323090787,0.008639436030150853,0.0,0.0,0.14394272386985632,0.0,0.0,0.17553916749693171,0.0,0.0,0.0,0.0,0.0,0.0,0.0,0.0,0.0,0.0,0.0,0.0,0.0,0.0,0.0,0.0,0.0,0.0,0.0,0.0,0.0,0.0,0.0,0.0,0.0,"[14, 22, 19, 7, 13]","[0.5197426486216273, 0.17553916749693171, 0.14394272386985632, 0.07720583252355308, 0.03622026927281258]",0.0,0.0,0.8392245399884153
superoxide dismutases,3,0.0031754272673244622,0.059718809922861354,0.42938385874844553,0.0,0.016933577600387818,0.0,0.10192286789158976,0.10606737231340403,0.0,0.015593579753692155,0.0001495585547754365,0.0038747738425674787,0.008582615694372376,0.02730970153294665,0.027940161228809036,0.00804778367807712,0.00779970986294271,0.03418283994072449,0.003935704298339396,0.017918500168773378,0.018673789775808473,0.027102197495644253,0.04394312161295046,0.03774404881556364,0.0027757454765445166,0.08962056917969996,0.12097453872062432,0.0,0.010456883760725656,0.0,0.04087959469706409,0.011217077477970516,0.0,0.005234687760439818,0.0002590430155776289,0.006711305163165763,0.014865526444490991,0.011745106575510035,0.039165488669682634,0.00722198366787181,0.006763842420035084,0.0289342169324581,0.006816839808291051,0.031035752687746998,0.021989503770305296,0.009823669992743816,0.020169738502642146,0.032397818308710725,"[2, 7, 6, 1, 22]","[0.42938385874844553, 0.10606737231340403, 0.10192286789158976, 0.059718809922861354, 0.04394312161295046]",0.02162745554301254,0.12097453872062432,0.6373740989534393
t-rna,1,0.04717927156721938,0.027294564914535985,0.0,0.12223243166696954,0.025472033157182196,0.004846877189635332,0.0,0.0,0.029284148479026176,0.0,0.0,0.041516404345303536,0.0,0.03241423773870006,0.0,0.0,0.0524533861164941,0.2801900395371553,0.03902305263218147,0.037007855403507234,0.05300562331961075,0.022614037263356063,0.0,0.18546603666912292,0.0,0.0,0.0,0.0,0.0,0.0,0.0,0.0,0.0,0.0,0.0,0.0,0.0,0.0,0.0,0.0,0.0,0.0,0.0,0.0,0.0,0.0,0.0,0.0,"[17, 23, 3, 20, 16]","[0.2801900395371553, 0.18546603666912292, 0.12223243166696954, 0.05300562331961075, 0.0524533861164941]",0.0,0.0,0.5878885078732478
thaumatin,3,0.022577232121610516,0.04039953803002782,0.37715879664174956,0.00194562674640359,0.026551235164973652,0.011524924277962837,0.14166622369541118,0.08480059628419821,0.021268330686385634,0.03563330482729193,0.005182866751179425,0.0015503503420164178,0.002622137833341012,0.009671496617928918,0.0,0.0335313046810719,0.0,0.01755507260457082,0.013756633165761138,0.010686540183120942,0.011465495838741034,0.052728293751005594,0.06898746559824555,0.008736534157002353,0.009864537515071593,0.06997405247031926,0.038225823375732215,0.0033699243773359453,0.008707678147551093,0.004021202108040905,0.039819987464291426,0.028888128043327473,0.007304687037314148,0.027717548996871552,0.008976988541902205,0.001224759221644659,0.004541675951795206,0.009064948992606976,0.0,0.013865535791531292,0.0,0.021419017118734385,0.016085592110197985,0.018509630554291882,0.01985882132666901,0.015507149014565335,0.008610327950671475,0.009624763164038522,"[2, 6, 7, 22, 21]","[0.37715879664174956, 0.14166622369541118, 0.08480059628419821, 0.06898746559824555, 0.052728293751005594]",0.016049282469771022,0.06997405247031926,0.6036256166213589
thymine,4,0.0,0.001276780372581045,0.028942436590600508,0.0,0.0,0.0,0.0,0.02545932429737259,0.0,0.0,0.0,0.0,0.0,0.8585121116010501,0.0013593041814442012,0.0,0.0,0.004073350767153412,0.0,0.0,0.04105975331933587,0.01811443426564211,0.021202504604820163,0.0,0.0,0.0011145354436873224,0.00847257511431559,0.0,0.0,0.0,0.0,0.0016702662999199648,0.0,0.0,0.0,0.0,0.0,0.016110592072804793,0.0009313447886887393,0.0,0.0,0.002778214435926009,0.0,0.0,0.006685999493027028,0.005793327706172919,0.014140711832669866,0.0,"[13, 20, 2, 7, 22]","[0.8585121116010501, 0.04105975331933587, 0.028942436590600508, 0.02545932429737259, 0.021202504604820163]",0.0024040652994671767,0.016110592072804793,0.9285143015109865
tri-11-eicosenoin,1,0.0009226962754246487,0.5571733359414954,0.0,0.02750332081843065,0.0532138241817281,0.0023158913300581675,0.006130739083819666,0.12177508844449192,0.0,0.007458693966504345,0.007800010695224128,0.06115990771817956,0.0,0.006685313840197154,0.0005297500111452481,0.013249531029683657,0.045088186198231156,0.0,0.0,0.0004934407651688192,0.0,0.024370481398902098,0.046658792738963416,0.017470995562351814,0.0,0.0,0.0,0.0,0.0,0.0,0.0,0.0,0.0,0.0,0.0,0.0,0.0,0.0,0.0,0.0,0.0,0.0,0.0,0.0,0.0,0.0,0.0,0.0,"[1, 7, 11, 4, 22]","[0.5571733359414954, 0.12177508844449192, 0.06115990771817956, 0.0532138241817281, 0.046658792738963416]",0.0,0.0,0.7401083321041669
triarachidin,1,0.0,0.45422839795999714,0.03066475414786067,0.0,0.0,0.0,9.471332484035076e-05,0.0,0.004388226313082474,0.0,0.0,0.014775532168907196,0.0,0.0027281000638264452,0.0,0.0,0.49312027602148584,0.0,0.0,0.0,0.0,0.0,0.0,0.0,0.0,0.0,0.0,0.0,0.0,0.0,0.0,0.0,0.0,0.0,0.0,0.0,0.0,0.0,0.0,0.0,0.0,0.0,0.0,0.0,0.0,0.0,0.0,0.0,"[16, 1, 2, 11, 8]","[0.49312027602148584, 0.45422839795999714, 0.03066475414786067, 0.014775532168907196, 0.004388226313082474]",0.0,0.0,0.9780134281293436
tribehenin,1,0.0,0.4328732748323151,0.03114639786491948,0.0,0.0,0.0,0.0004359399497626609,0.0,0.00928013931481495,0.0,0.0,0.016240202681489846,0.0,0.0057560425081284,0.0,0.0,0.49908307312806166,0.0,0.0,0.0,0.0051849297205080035,0.0,0.0,0.0,0.0,0.0,0.0,0.0,0.0,0.0,0.0,0.0,0.0,0.0,0.0,0.0,0.0,0.0,0.0,0.0,0.0,0.0,0.0,0.0,0.0,0.0,0.0,0.0,"[16, 1, 2, 11, 8]","[0.49908307312806166, 0.4328732748323151, 0.03114639786491948, 0.016240202681489846, 0.00928013931481495]",0.0,0.0,0.9631027458252962
tricaprin,1,0.0,0.47084163147047503,0.01661938391721665,0.0013220869200708113,0.000776504865147188,0.0,0.002571972330417981,0.0,0.012520853006102834,0.046754036484457445,0.01286105216395481,0.008589986058941087,0.006105918647608129,0.0,0.014734568245399102,0.0,0.3631418624766887,0.0,0.0,0.008762577815239996,0.009312473579935128,0.0,0.0,0.025085092018345148,0.0,0.0,0.0,0.0,0.0,0.0,0.0,0.0,0.0,0.0,0.0,0.0,0.0,0.0,0.0,0.0,0.0,0.0,0.0,0.0,0.0,0.0,0.0,0.0,"[1, 16, 9, 23, 2]","[0.47084163147047503, 0.3631418624766887, 0.046754036484457445, 0.025085092018345148, 0.01661938391721665]",0.0,0.0,0.8807375304316212
tricaproin,1,0.0,0.5541740279336089,0.0,0.0,0.0143116355052312,0.0,0.0,0.0058995328561384595,0.027756548071264053,0.01988491644857879,0.0800367242789182,0.10217871257115856,0.013582238488698585,0.0,0.0,0.0,0.04883394565559547,0.0,0.014038303739431823,0.014575333071444357,0.005491663271955134,0.0095358290564933,0.03867886024126037,0.051021728810222634,0.0,0.0,0.0,0.0,0.0,0.0,0.0,0.0,0.0,0.0,0.0,0.0,0.0,0.0,0.0,0.0,0.0,0.0,0.0,0.0,0.0,0.0,0.0,0.0,"[1, 11, 10, 23, 16]","[0.5541740279336089, 0.10217871257115856, 0.0800367242789182, 0.051021728810222634, 0.04883394565559547]",0.0,0.0,0.7363894647836856
tricaprylin,1,0.00023165476401574555,0.5581191695464129,0.0,0.010496864143079057,0.028238404950743628,0.009950728441231705,0.015628705614447853,0.006917767755992497,0.01474797013351844,0.0477154607625451,0.05825571163634429,0.05550921941904156,0.0,0.0,0.018940282272754745,0.0006565627675324775,0.05320759160522981,0.0,0.01440094189207311,0.00911928526221282,0.011193767611536228,0.0,0.047017744768432616,0.03965216665285548,0.0,0.0,0.0,0.0,0.0,0.0,0.0,0.0,0.0,0.0,0.0,0.0,0.0,0.0,0.0,0.0,0.0,0.0,0.0,0.0,0.0,0.0,0.0,0.0,"[1, 10, 11, 16, 9]","[0.5581191695464129, 0.05825571163634429, 0.05550921941904156, 0.05320759160522981, 0.0477154607625451]",0.0,0.0,0.6718841006017987
trielaidin,1,0.0,0.49401974179984065,0.09576728686437973,0.0,0.013272309878337711,0.0,0.0,0.023116513852325042,0.0,0.013246188995804844,0.0,0.0,0.0,0.11802404301055988,0.0,0.0,0.24255391559875206,0.0,0.0,0.0,0.0,0.0,0.0,0.0,0.0,0.0,0.0,0.0,0.0,0.0,0.0,0.0,0.0,0.0,0.0,0.0,0.0,0.0,0.0,0.0,0.0,0.0,0.0,0.0,0.0,0.0,0.0,0.0,"[1, 16, 13, 2, 7]","[0.49401974179984065, 0.24255391559875206, 0.11802404301055988, 0.09576728686437973, 0.023116513852325042]",0.0,0.0,0.8545977004091526
trierucin,1,0.0,0.5404251335667013,0.013693811327442532,0.000883038567270703,0.003346067646076449,0.0,0.0,0.08272239992826222,0.0,0.0,0.020777983862711808,0.0,0.005656537375393361,0.022556251325789346,0.0,0.0,0.2899063335577239,0.0,0.0,0.011545976365366396,0.0,0.0,0.0,0.008486466477262004,0.0,0.0,0.0,0.0,0.0,0.0,0.0,0.0,0.0,0.0,0.0,0.0,0.0,0.0,0.0,0.0,0.0,0.0,0.0,0.0,0.0,0.0,0.0,0.0,"[1, 16, 7, 13, 10]","[0.5404251335667013, 0.2899063335577239, 0.08272239992826222, 0.022556251325789346, 0.020777983862711808]",0.0,0.0,0.9130538670526874
trilaurin,1,0.0,0.4418585299761567,0.02125654722936885,0.0,0.0,0.0,0.001352802610056838,0.0,0.01055220306772026,0.035719313918764393,0.0,0.018782818791416887,0.0,0.00119235932050495,0.005281641701829374,0.0,0.43806177482759356,0.0,0.0,0.0026312602908805686,0.00580662556675341,0.0,0.0,0.01750412269895411,0.0,0.0,0.0,0.0,0.0,0.0,0.0,0.0,0.0,0.0,0.0,0.0,0.0,0.0,0.0,0.0,0.0,0.0,0.0,0.0,0.0,0.0,0.0,0.0,"[1, 16, 9, 2, 11]","[0.4418585299761567, 0.43806177482759356, 0.035719313918764393, 0.02125654722936885, 0.018782818791416887]",0.0,0.0,0.9156396187225146
trilinolein,2,0.0,0.4231856844744061,0.008797718978772089,0.0007574564075856882,0.04699538031502096,0.006004318995857912,0.00043708794379692615,0.3965243608453087,0.0,0.0,0.051362094277664534,0.019412360543465314,0.0,0.0,0.011554486477911702,0.0010917054300761165,0.0,0.0025992764039863407,0.0,0.0008394205636571828,0.0,0.016294270748932378,0.013666608676860792,0.0004777689166973004,0.0,0.06301084053620465,0.012441853497726663,0.001071205124514083,0.0269833565108776,0.008491389356756663,0.0006181356980673821,0.01487415938980116,0.0,0.0,0.0156865653821165,0.017129079343276676,0.0,0.0,0.002798064438348344,0.0015439046253299966,0.0,0.003675931942873851,0.0,0.0011871199456588558,0.0,0.0057210335472409725,0.019327503342462353,0.0006756672816736237,"[1, 7, 10, 4, 11]","[0.4231856844744061, 0.3965243608453087, 0.051362094277664534, 0.04699538031502096, 0.019412360543465314]",0.008134825415122058,0.06301084053620465,0.8710721395973794
trilinolenin,2,0.0,0.27574967946090134,0.020219143099298443,0.0,0.06656127945283691,0.0078841431106205,0.0,0.494545509017849,0.04066447775006046,0.0,0.0028517850880820737,0.038160643352136064,0.0,0.0,0.014074710640724125,0.0,0.0,0.0382917541822631,0.0,0.0009968748452279484,0.0,0.0,0.0,0.0,0.0,0.0239858853964764,0.028594186390590234,0.0,0.02059079631451783,0.011149862114729913,0.0,0.07081966605927673,0.02408875255397188,0.0,0.00403303314853902,0.053967299377473514,0.0,0.0,0.004237031898757796,0.0,0.0,0.01239723230975914,0.0,0.0014097939261099447,0.0,0.0,0.0,0.0,"[7, 1, 4, 8, 17]","[0.494545509017849, 0.27574967946090134, 0.06656127945283691, 0.04066447775006046, 0.0382917541822631]",0.010636397478758433,0.07081966605927673,0.8368564679315873
trimyristin,1,0.0,0.4543136032003856,0.02760876595868555,0.0,0.0,0.0,0.0,0.0,0.007406010952460555,0.0182024120858174,0.0,0.015191588383058693,0.0,0.0,0.0028140529547588515,0.0,0.4588748654446465,0.0,0.0,0.0,0.01081356337413209,0.0,0.0,0.004775137646054629,0.0,0.0,0.0,0.0,0.0,0.0,0.0,0.0,0.0,0.0,0.0,0.0,0.0,0.0,0.0,0.0,0.0,0.0,0.0,0.0,0.0,0.0,0.0,0.0,"[16, 1, 2, 9, 11]","[0.4588748654446465, 0.4543136032003856, 0.02760876595868555, 0.0182024120858174, 0.015191588383058693]",0.0,0.0,0.9407972346037177
triolein,5,0.001301092795643072,0.4818009676656868,0.0,0.010743944667450834,0.08288841429474081,0.006539434573715311,0.011220618028070495,0.13466879875986387,0.0,0.03930938739072345,0.04655295516736428,0.06289849439171184,0.0,0.0,0.010997446267476077,0.00220735651585187,0.04876840174792387,0.0,0.013851672524647854,0.0,0.0004855821102627133,0.025893411428625356,0.014407837555412268,0.005464184114829166,0.0009046617869349524,0.09450662520948416,0.0,0.0048729575654733685,0.025808574760674947,0.004602705261142803,0.00727724528574824,0.024710510097553325,0.0,0.022416039522617698,0.018672260388061832,0.011375489148583379,0.0,0.0,0.01027565265723173,0.0023060521458320585,0.012356046146661595,0.0,0.013094323795103575,0.0,0.0010857946072052253,0.014534050340817166,0.01803214008852503,0.004556216424061056,"[1, 7, 4, 11, 16]","[0.4818009676656868, 0.13466879875986387, 0.08288841429474081, 0.06289849439171184, 0.04876840174792387]",0.012141139384654671,0.09450662520948416,0.6993581807202915
triosephosphate isomerase,3,0.037677097883848945,0.10169365497729266,0.2452217627219108,0.028221279457930664,0.005966293950624063,0.0010169156922108116,0.05103856016266723,0.0822391907626385,0.006672451653345558,0.09001401932517099,0.0,0.00014691129622496478,0.025244880180936295,0.013659400062528337,0.09120696035269787,0.0162513356115765,0.0,0.0,0.05164300298273109,0.010041975346204298,0.0064517105092431574,0.0,0.13380540246844577,0.0017871946017715228,0.004009678546594543,0.06357886408497622,0.0331793376914002,0.02344605705675656,0.010176404021736047,0.0017613496459232005,0.01958614676053592,0.014732570117075303,0.011557025274641464,0.01186480010345704,0.0,0.00025445782926744083,0.016177703219011998,0.0118421264335494,0.017879900448221887,0.016099797467521333,0.0,0.0,0.03645431080810969,0.016491808927254156,0.006946587737421995,0.0,0.008131526980130381,0.0030955118532811038,"[2, 22, 1, 14, 9]","[0.2452217627219108, 0.13380540246844577, 0.10169365497729266, 0.09120696035269787, 0.09001401932517099]",0.01363608187528608,0.06357886408497622,0.4807208201676492
tripalmitin,1,0.0004714634225775173,0.4310072062777438,0.026746409992263295,0.0010915724635682889,0.0,0.0007587549820283531,0.004275238308303158,0.0,0.01172935584563692,0.002615024802055068,0.0,0.012201964768221048,0.0,0.004915560848174859,0.010281077129549468,0.0,0.470834328278831,0.007566069056476623,0.0,0.0012339711611657701,0.009420522993687362,0.0,0.0,0.004851479669717327,0.0,0.0,0.0,0.0,0.0,0.0,0.0,0.0,0.0,0.0,0.0,0.0,0.0,0.0,0.0,0.0,0.0,0.0,0.0,0.0,0.0,0.0,0.0,0.0,"[16, 1, 2, 11, 8]","[0.470834328278831, 0.4310072062777438, 0.026746409992263295, 0.012201964768221048, 0.01172935584563692]",0.0,0.0,0.9285879445488381
tripalmitolein,1,0.0007063364528276172,0.6101211230756203,0.0,0.0,0.03458678860072248,0.0,0.0019426689558234241,0.19601355621665179,0.0,0.030524583020964415,0.015306665136522244,0.027982801931427572,0.0,0.0,0.0,0.004074904074451668,0.016779316760362897,0.0,0.0,0.0,0.0,0.017542255103884727,0.04441900067074086,0.0,0.0,0.0,0.0,0.0,0.0,0.0,0.0,0.0,0.0,0.0,0.0,0.0,0.0,0.0,0.0,0.0,0.0,0.0,0.0,0.0,0.0,0.0,0.0,0.0,"[1, 7, 22, 4, 9]","[0.6101211230756203, 0.19601355621665179, 0.04441900067074086, 0.03458678860072248, 0.030524583020964415]",0.0,0.0,0.850553679963013
tripetroselinin,1,0.0,0.4402588868163676,0.0,0.0,0.011912666868862902,0.0,0.0,0.10285276767918504,0.0,0.0034991186592772967,0.010722353923988596,0.0,0.0,0.0,0.020621929494818125,0.009274096485659933,0.31881993144420473,0.0,0.0,0.0,0.0,0.020823052283845456,0.061215196343790315,0.0,0.0,0.0,0.0,0.0,0.0,0.0,0.0,0.0,0.0,0.0,0.0,0.0,0.0,0.0,0.0,0.0,0.0,0.0,0.0,0.0,0.0,0.0,0.0,0.0,"[1, 16, 7, 22, 21]","[0.4402588868163676, 0.31881993144420473, 0.10285276767918504, 0.061215196343790315, 0.020823052283845456]",0.0,0.0,0.8619315859397574
tristearin,1,0.00028211201874566414,0.43649544965063913,0.03505112085699395,0.0,0.0,0.0,0.0,0.0,0.003502052045938174,0.0,0.0,0.014254641817568723,0.0,0.0,0.0,0.0,0.49212039060416457,0.0019387841761126432,0.0,0.0,0.010190542513470922,0.0,0.0,0.006164906316366169,0.0,0.0,0.0,0.0,0.0,0.0,0.0,0.0,0.0,0.0,0.0,0.0,0.0,0.0,0.0,0.0,0.0,0.0,0.0,0.0,0.0,0.0,0.0,0.0,"[16, 1, 2, 11, 20]","[0.49212039060416457, 0.43649544965063913, 0.03505112085699395, 0.014254641817568723, 0.010190542513470922]",0.0,0.0,0.9636669611117976
trypsin,3,0.02390953584453887,0.05718351409521438,0.4029293879250719,0.0013609639472170075,0.028564867283830817,0.024157568014310026,0.04462804984015963,0.11083924057507018,0.015614119108660547,0.02475730262810749,0.003309223108657017,0.041705448616562814,0.004520794451388558,0.002837129866667851,0.006235849801333828,0.05153122119888514,0.006027717774432888,0.010645765614051353,0.007263283993205007,0.002016343474943728,0.00043556599479367507,0.03546850331423166,0.08496903860078603,0.009089564927879603,0.00604151433453494,0.05255901748222188,0.026759449829282134,0.0021928468949841276,0.0027519077745000423,0.0063644587984056115,0.019593781640269432,0.013578205491646487,0.010089737355454728,0.008417944861897661,0.005731742557774976,0.01965583774673691,0.004584243399506685,0.004914053076739832,0.010800808684278481,0.009240953594339449,0.006939019363253337,0.01843900692900663,0.012580376906032831,0.00349240934411252,0.0007544224330319262,0.0044183543535168705,0.02125522032613204,0.015743588273783613,"[2, 7, 22, 1, 15]","[0.4029293879250719, 0.11083924057507018, 0.08496903860078603, 0.05718351409521438, 0.05153122119888514]",0.01195412089381013,0.05255901748222188,0.5987376671009281
trypsin inhibitor,3,0.0,0.024668832744421058,0.3653150387826016,0.010898115396542193,0.016980580038038765,0.004534999396490728,0.036904155028398965,0.12573170540902848,0.00690480516054603,0.08444137891585839,0.005498210182714815,0.0036121666695222575,0.01447569691952698,0.01565329118593531,0.05192851192944344,0.02799634587165732,0.022763941619284633,0.0,0.06629497572267176,0.059665461122610626,0.00640498479452191,0.017854151947267995,0.00010999571347369619,0.031362655449443076,0.0,0.04272767167675606,0.016296646051189693,0.004555814976885094,0.0046530274573003,0.002484560932057476,0.019218608568156336,0.005416843025004756,0.005982926007797832,0.004979335706961778,0.005906240526042083,0.004953504885367402,0.012890091334739997,0.007702909050646705,0.014240543201530037,0.0076266173813886425,0.0047681030441651985,0.0,0.003897192632645323,0.010268090240549654,0.011093759085818054,0.007354311229890954,0.00019051816435123033,0.010688740974686431,"[2, 7, 9, 18, 19]","[0.3653150387826016, 0.12573170540902848, 0.08444137891585839, 0.06629497572267176, 0.059665461122610626]",0.00866233567308046,0.04272767167675606,0.5754881231074884
trypsinogen,3,0.03749556743058066,0.05776476098042869,0.3701768992347376,0.003797605284191072,0.029158540146912756,0.02286803876796897,0.0628601491977378,0.11461988641376142,0.002530960525372148,0.019005276855888955,0.01051319737267885,0.05432513909917505,0.010616221977966854,0.005175050614605058,0.006951590382844004,0.05853142737049837,6.17065009329623e-05,0.03456952889039016,0.0006522159192847792,0.006797408720565154,0.008245704961929863,0.004579308472762688,0.07870381487878607,0.0,0.007784058628889685,0.0925849851904011,0.08425288026680408,0.006577645299310981,0.012330465851879665,0.009746749066061216,0.03114767127551403,0.005869131979250462,0.004383752221895779,0.009413577073279902,0.008075634007877528,0.011369967244895635,0.01720699206774357,0.0057772703960905945,0.012040507736492997,0.008742727456365328,0.00010687879477318704,0.006069425455759772,0.0011296711097064796,0.011156152978064493,0.014281979938285321,0.007930287236537298,0.03789789472794169,0.0,"[2, 7, 22, 6, 15]","[0.3701768992347376, 0.11461988641376142, 0.07870381487878607, 0.0628601491977378, 0.05853142737049837]",0.0169115127501592,0.0925849851904011,0.5635006005272851
tryptophan,5,0.1289133044056081,0.018873088617408388,0.0,0.0,0.059371233503328236,0.0,0.21629823039050855,0.0,0.05355927651797983,0.0,0.0,0.05218917194245822,0.03842699380061303,0.06485340562626525,0.0,0.017546995767741675,0.01522475709616716,0.029598373753826613,0.0009510569842008555,0.0,0.0,0.0,0.3041941115938941,0.0,0.00610513363895201,0.042201509093902675,0.0,0.0,0.01415362912735253,0.0,0.03262679317834846,0.0,0.014723416935452087,0.0,0.0,0.029760975683045327,0.0354373857825091,0.007390620097306571,0.0,0.024606706547047465,0.014110217439165235,0.01990320751208767,0.0021266280671490565,0.0,0.0,0.0,0.02061233397999738,0.0,"[22, 6, 0, 13, 4]","[0.3041941115938941, 0.21629823039050855, 0.1289133044056081, 0.06485340562626525, 0.059371233503328236]",0.010989939878429814,0.042201509093902675,0.6494056463900107
tubulin,1,0.0,0.04622941227641578,0.008461774898638058,0.0054684461127462725,0.027926888368573585,0.03918832582290645,0.05324538537863498,0.0,0.0,0.0,0.05045281862702687,0.05842673234017778,0.07848499953933334,0.0,0.0354653824519229,0.0,0.0329465502432958,0.0,0.029527468398957032,0.5341758155413711,0.0,0.0,0.0,0.0,0.0,0.0,0.0,0.0,0.0,0.0,0.0,0.0,0.0,0.0,0.0,0.0,0.0,0.0,0.0,0.0,0.0,0.0,0.0,0.0,0.0,0.0,0.0,0.0,"[19, 12, 11, 6, 10]","[0.5341758155413711, 0.07848499953933334, 0.05842673234017778, 0.05324538537863498, 0.05045281862702687]",0.0,0.0,0.6710875474208822
tyrosine,4,0.0005244953511031492,0.0,0.0,0.03243020394939111,0.0237016929908373,0.49542838305074344,0.0,0.004165336326157678,0.011034846910838938,0.025385304804582787,0.0,0.17378282561410802,0.0,0.03186845517424934,0.0,0.11216179618739965,0.0,0.02416538906168611,0.0007189157099772108,0.0,0.004238794249741189,0.06039356061918408,0.0,0.0,0.0010489907022062984,0.0,0.0,0.0161432190326957,0.0020140036567609172,0.08848395263050998,0.0,0.001455670456183527,0.0074180822456833585,0.014243348402901028,0.0,0.03687749536441233,0.0,0.010920066100596275,0.0,0.029799666943481892,0.0,0.004803812368107667,0.0014378314199544216,0.0,0.008477588499482379,0.02210094191801566,0.0,0.0,"[5, 11, 15, 21, 3]","[0.49542838305074344, 0.17378282561410802, 0.11216179618739965, 0.06039356061918408, 0.03243020394939111]",0.010217694572541309,0.08848395263050998,0.781373004852251
ubiquitin,3,0.03323995019100994,0.1056285730134675,0.4188507414743154,0.010725365249904839,0.0,0.013843356467222756,0.09464282327007513,0.11516159994753943,0.0,0.027200520014528867,0.0,0.001781763885464415,0.0,0.005012896066548632,0.06709747389510971,0.0,0.01886092262990949,0.005733803991300203,0.0053413247546052435,0.0,0.00784085244200696,0.0518020284897018,0.008553480486088432,0.008682523731201316,0.007602107122820402,0.10553845904459545,0.02180491945958654,0.0026754901020732175,0.0,0.005345662208983264,0.03742747298624151,0.008145332889978608,0.0,0.00851613513850171,0.0,0.0030861055767157004,0.0,0.0071646645526662394,0.014734585172790436,0.0,0.016952664730243452,0.009931239833573169,0.009251445854701647,0.0,0.012007391800311636,0.011837407574259566,0.008731702736576785,0.01503857224036318,"[2, 7, 1, 6, 14]","[0.4188507414743154, 0.11516159994753943, 0.1056285730134675, 0.09464282327007513, 0.06709747389510971]",0.012741306626040937,0.10553845904459545,0.6396409144353223
uracil,4,0.0,0.0,0.0060902232654708125,0.0,0.0,0.003254546023626916,0.00850628099047415,0.028956010417594037,0.0,0.0,0.0,0.0,0.04174216049150964,0.0,0.005966465586014267,0.0,0.0,0.8861817047676448,0.0,0.0006950931915465217,0.0,0.0,0.018607515266118868,0.0,0.0,0.0,0.004067377944481887,0.0,0.0,0.0003749820506935566,0.0010443139472796372,0.0028899003372034474,0.0,0.0,0.0,0.0,0.006303942518435395,0.0,0.004484819772141625,0.0,0.0,0.004087809353441412,0.0,0.0013901863830930435,0.0,0.0,0.00438981173388993,0.0,"[17, 12, 7, 22, 6]","[0.8861817047676448, 0.04174216049150964, 0.028956010417594037, 0.018607515266118868, 0.00850628099047415]",0.0012097143350274973,0.006303942518435395,0.9568798756767484
urate,3,0.0,0.0,0.0,0.0,0.0,0.0,0.05311066511000115,0.0802599503319472,0.030965837776892626,0.04553007168105496,0.0,0.0,0.0,0.02658479306315846,0.0,0.0,0.009679242209607551,0.1214449906605397,0.061531192213411225,0.0,0.34125520581239827,0.0,0.1457988894265714,0.08383916171441756,0.0,0.0,0.0,0.0,0.0,0.0,0.00015489682922230724,0.00021543899017695872,0.00023011514017275605,0.00015063929828110106,0.0,0.0,0.0,0.000575012668191538,0.0,0.0,0.0007515486204515519,0.00016876108273781187,0.000743066275257884,0.0,0.0002556407001259769,0.0,0.0003082735470486414,0.00032970413438780714,"[20, 22, 17, 23, 7]","[0.34125520581239827, 0.1457988894265714, 0.1214449906605397, 0.08383916171441756, 0.0802599503319472]",0.00016179572025226392,0.0007515486204515519,0.6084990858995094
ure,1,0.0,0.0,0.014050942972031117,0.0,0.0,0.0,0.7318069212278917,0.007354037464202288,0.004897639167765052,0.0,0.0006824225804656665,0.0,0.03476217835330671,0.0,0.0,0.0,0.009523324545110675,0.0,0.0,0.0,0.0,0.19692253368922663,0.0,0.0,0.0,0.0,0.0,0.0,0.0,0.0,0.0,0.0,0.0,0.0,0.0,0.0,0.0,0.0,0.0,0.0,0.0,0.0,0.0,0.0,0.0,0.0,0.0,0.0,"[6, 21, 12, 2, 16]","[0.7318069212278917, 0.19692253368922663, 0.03476217835330671, 0.014050942972031117, 0.009523324545110675]",0.0,0.0,0.9634916332704251
urea,3,0.0,0.0,0.0,0.0,0.0,0.0,0.7776646019867931,0.029759502235134228,0.0,0.0,0.0,0.0,0.19257589577807263,0.0,0.0,0.0,0.0,0.0,0.0,0.0,0.0,0.0,0.0,0.0,0.0,0.0,0.0,0.0,0.0,0.0,0.0033246753080844577,0.0013090431584979808,0.0,0.0,0.0,0.0,0.0024445030736784984,0.0,0.0,0.0,0.0,0.0,0.0,0.0,0.0,0.0,0.0,0.0,"[6, 12, 7, 0, 21]","[0.7776646019867931, 0.19257589577807263, 0.029759502235134228, 0.0, 0.0]",0.0002949258975108724,0.0033246753080844577,1.0
vaccenic acid,1,0.0,0.5222471666400446,0.0,0.010346419816193357,0.06343863397889146,0.0036538779571532913,0.006527364611886063,0.1601395529717968,0.0,0.040716854122473424,0.027360319254763576,0.047963070875903846,0.0,0.0,0.0,0.0,0.05644177642692065,0.0,0.0,0.0,0.0,0.021078158245793024,0.040086805098179946,0.0,0.0,0.0,0.0,0.0,0.0,0.0,0.0,0.0,0.0,0.0,0.0,0.0,0.0,0.0,0.0,0.0,0.0,0.0,0.0,0.0,0.0,0.0,0.0,0.0,"[1, 7, 4, 16, 11]","[0.5222471666400446, 0.1601395529717968, 0.06343863397889146, 0.05644177642692065, 0.047963070875903846]",0.0,0.0,0.7458253535907329
valine,5,0.05894909303116523,0.06295135478450031,0.00866871683651856,0.007243281855555608,0.0,0.0592381250870076,0.0,0.004469532371235688,0.0009262423216356696,0.04327160451253222,0.0,0.08744456818935513,0.3365299771077028,0.004120365016999296,0.19843720167241474,0.0031315304727128485,0.007300635874353581,0.0,0.0,0.0,0.009003797930800488,0.009850907157379385,0.02779452411898902,0.07066854165914183,0.005729176850051121,0.027123068248511115,0.017886719360018434,0.0025378978745014655,0.0,0.019645521555235863,0.0,0.0019983447073680786,0.0020711407948145813,0.02209979536693018,0.0,0.020201467365108892,0.08018717338675968,0.009213416270122503,0.010372421981404138,0.007002315010597979,0.01632471809402822,0.0,0.0,0.0,0.02013310422894184,0.005870081751874395,0.06215044533231691,0.03956527592791357,"[12, 14, 11, 23, 1]","[0.3365299771077028, 0.19843720167241474, 0.08744456818935513, 0.07066854165914183, 0.06295135478450031]",0.015421336837770791,0.08018717338675968,0.6224117469694727
xanthine,3,0.032461253618870985,0.0,0.06360490562386704,0.1037054346172348,0.0,0.0008956089395720226,0.0,0.015849928677918176,0.0,0.07874848752126563,0.0,0.0,0.053354838945033144,0.0,0.0,0.5815759781106783,0.0,0.0,0.007008255378274042,0.0,0.0,0.06279530856728582,0.0,0.0,0.0006015119059404146,0.0,0.0008419661310523386,0.00041121382607114493,0.0,0.0004951635794977565,0.0,0.00043596671371831387,0.0,0.0014657057304866212,0.0,0.0,0.0002104340893525328,0.0,0.0,0.0010811008252890448,0.0,0.0,0.0006622904849411092,0.0,0.0,0.0011890422726024336,0.0,0.0,"[15, 3, 9, 2, 21]","[0.5815759781106783, 0.1037054346172348, 0.07874848752126563, 0.06360490562386704, 0.06279530856728582]",0.0003080998149563213,0.0014657057304866212,0.7640299002491787
xylanase,3,0.024752373167347196,0.011637166201535857,0.05451150914347564,0.0013049460794000373,0.032025455702574944,0.0077261824071273725,0.007564773195278428,0.008285531343462276,0.0071345572361296815,0.014207653079601347,0.02441612308929326,0.08851791051634973,0.0,0.0,0.2376761054364771,0.0,0.001051687779567875,0.008060975150285553,0.449042242650513,0.0,0.0003320506358917375,0.0,0.02175275718568886,0.0,0.0024930407299007676,0.020156163117183427,0.023773942909837486,0.002260232910658675,0.012989322414546539,0.0039316687155249545,0.0035606771064730044,0.007144440410205458,0.0053522215564120795,0.010065997785161155,0.011158250435354046,0.00956596404723718,0.0,0.0,0.030210731650946943,0.0,0.0018215766679108574,0.006092361324764955,0.018821455388921934,0.0,0.0005751285720500432,0.0,0.011453479914516614,0.0,"[18, 14, 11, 2, 4]","[0.449042242650513, 0.2376761054364771, 0.08851791051634973, 0.05451150914347564, 0.032025455702574944]",0.007559443985733588,0.030210731650946943,0.7752362586033398
α-chymotrypsinogen a (type ii),3,0.05447919374309418,0.08911883549299537,0.348864498828847,0.0,0.015249400382221256,0.0,0.09710529904106874,0.10715496626022218,0.0028510725320342813,0.02060479030680351,0.0,0.00406979662140686,0.003343815817103234,0.03852329513032601,0.0,0.034382798111085335,0.0,0.008697966383565464,0.0017566213207911635,0.0,0.0002812973605216038,0.05017628453431051,0.1195507988655532,0.003789269268050019,0.008971462706138548,0.08807831300042893,0.062444080626542976,0.0,0.005964070273936978,0.0,0.02477528172121628,0.021723966391946372,0.004938202481547421,0.014406721000419474,0.0,0.007049094524748839,0.005791658886375242,0.0038750971808280965,0.0,0.003057860442182847,0.0,0.005061807506441862,0.003042557377269043,0.0,0.0004872213204584375,0.013360910598599549,0.01003573851261942,0.006563206895821963,"[2, 22, 7, 6, 1]","[0.348864498828847, 0.1195507988655532, 0.10715496626022218, 0.09710529904106874, 0.08911883549299537]",0.012067802143646762,0.08807831300042893,0.5755702639546224
α-linolenic acid,1,0.0,0.24540932845108884,0.0,0.0011154928431805985,0.09893062501330066,0.0,0.0,0.46219781876873584,0.000723920330874841,0.0,0.010529950071896587,0.0,0.0,0.0,0.03693626889059324,0.013592084299391932,0.0,0.07529234084230313,0.0,0.0,0.0,0.01584527123026361,0.03942689925837081,0.0,0.0,0.0,0.0,0.0,0.0,0.0,0.0,0.0,0.0,0.0,0.0,0.0,0.0,0.0,0.0,0.0,0.0,0.0,0.0,0.0,0.0,0.0,0.0,0.0,"[7, 1, 4, 17, 22]","[0.46219781876873584, 0.24540932845108884, 0.09893062501330066, 0.07529234084230313, 0.03942689925837081]",0.0,0.0,0.8065377722331253
α-phosphatidylcholine,1,0.0,0.48435213203049354,0.003798888451307199,0.09833261249615238,0.0632327358889805,0.0,0.0,0.12202239078082384,0.0,0.0,0.041767831738910056,0.008622718392349106,0.0,0.0,0.003986091272657022,0.0,0.07783758350093281,0.0,0.005459167643106276,0.0,0.0,0.03444687620564924,0.0561409715986381,0.0,0.0,0.0,0.0,0.0,0.0,0.0,0.0,0.0,0.0,0.0,0.0,0.0,0.0,0.0,0.0,0.0,0.0,0.0,0.0,0.0,0.0,0.0,0.0,0.0,"[1, 7, 3, 16, 4]","[0.48435213203049354, 0.12202239078082384, 0.09833261249615238, 0.07783758350093281, 0.0632327358889805]",0.0,0.0,0.7047071353074699
α-phosphatidylethanolamine,1,0.0018118614544376545,0.4713324453599967,0.025760215631128167,0.001387802601917863,0.07046473311082178,0.000750959861346152,0.0,0.15185619947502546,0.004028813641766736,0.026234346986577745,0.03475545464669873,0.04182605195969619,0.0,0.02016143651610944,0.0,0.0,0.08651743944689089,0.0,0.0033179922641533213,0.0,0.0,0.008944745898107159,0.05084950114532604,0.0,0.0,0.0,0.0,0.0,0.0,0.0,0.0,0.0,0.0,0.0,0.0,0.0,0.0,0.0,0.0,0.0,0.0,0.0,0.0,0.0,0.0,0.0,0.0,0.0,"[1, 7, 16, 4, 22]","[0.4713324453599967, 0.15185619947502546, 0.08651743944689089, 0.07046473311082178, 0.05084950114532604]",0.0,0.0,0.709706084281913
β-carotene,1,0.0,0.0,0.0,0.08724906753101375,0.0180297736185341,0.05662363201535623,0.23693338916033832,0.0,0.00975045365125944,0.0,0.0,0.0,0.14252662361586513,0.06931674777870468,0.09528504046665033,0.0,0.0,0.010432584633815677,0.24631494198259407,0.027537745545868336,0.0,0.0,0.0,0.0,0.0,0.0,0.0,0.0,0.0,0.0,0.0,0.0,0.0,0.0,0.0,0.0,0.0,0.0,0.0,0.0,0.0,0.0,0.0,0.0,0.0,0.0,0.0,0.0,"[18, 6, 12, 14, 3]","[0.24631494198259407, 0.23693338916033832, 0.14252662361586513, 0.09528504046665033, 0.08724906753101375]",0.0,0.0,0.6257749547587975
β-d-glucose,1,0.020346327587489003,0.0,0.0,0.0,0.0,0.009265715815610795,0.006962668316883819,0.003269983899426054,0.0,0.0,0.329012908603478,0.0,0.5000273192097643,0.0,0.0,0.052069940642249665,0.030180598278593717,0.0,0.04886453764650458,0.0,0.0,0.0,0.0,0.0,0.0,0.0,0.0,0.0,0.0,0.0,0.0,0.0,0.0,0.0,0.0,0.0,0.0,0.0,0.0,0.0,0.0,0.0,0.0,0.0,0.0,0.0,0.0,0.0,"[12, 10, 15, 18, 16]","[0.5000273192097643, 0.329012908603478, 0.052069940642249665, 0.04886453764650458, 0.030180598278593717]",0.0,0.0,0.881110168455492
