c0,c1,c2,c3,c4,c5,c6,c7,c8,c9,c10,c11,c12,c13,c14,c15,c16,c17,c18,c19,c20,c21,c22,c23,spectrum_id,group,source,modality,sample_type,axis1_triglyceride,axis2_saccharide,axis3_organic_acid,axis4_protein,axis5_amino_acid,axis6_polysaccharide,axis7_pyrimidine,axis8_unassigned,axis9_fatty_acid,axis10_sterol,axis11_purine,axis12_cofactor,ood_score
0.004748378692113984,0.233229186796923,0.09168068005346916,0.03963677813228903,0.0,0.060349363806692265,0.07503279084981622,0.014591996241028775,0.0,0.06643772178820297,0.048630935847800524,0.04912235909528483,0.0859282097571221,0.007879731189584172,0.06824799678839044,0.004567086995176371,0.0,0.0,0.0,0.0,0.05592690223610797,0.08766477586280144,1.4056596922780862e-05,0.006311049270274068,covid_serum_raman::COVID::000,COVID,covid_serum_raman,raman,serum,0.233229186796923,0.27815082370383204,0.0745731026555873,0.16671347090328537,0.11556008088348779,0.0,0.007879731189584172,0.060349363806692265,0.014591996241028775,0.03963677813228903,0.004567086995176371,0.004748378692113984,0.16179105434232355
0.0029104741399723698,0.24281430568794293,0.08806159246203445,0.039876733280193415,0.0,0.06989433999931331,0.06320281499011743,0.0031797134972574572,0.0,0.06343401409918847,0.052025885514649664,0.054017529644959324,0.0901391573688902,0.00915410493855273,0.05339120168449665,0.005918924395434976,0.0,0.0,0.0,0.0,0.057865612874526746,0.09653755091018967,0.0,0.007576044512280093,covid_serum_raman::COVID::001,COVID,covid_serum_raman,raman,serum,0.24281430568794293,0.2965682066682563,0.06096724619677674,0.15126440745215186,0.11745154374414779,0.0,0.00915410493855273,0.06989433999931331,0.0031797134972574572,0.039876733280193415,0.005918924395434976,0.0029104741399723698,0.16553402813251383
0.00535998344876203,0.22944902835397465,0.09117861196990401,0.03775070080144814,0.0,0.057136452980729655,0.07632174451868345,0.01613578368690679,0.0,0.0661913003559176,0.04596720937305638,0.04734265234517168,0.09097309808934743,0.008646724052108876,0.06405642313586259,0.009835159459440928,0.0,0.0,0.0,0.0,0.059056702020826066,0.0872872995921683,0.0005398038326614252,0.0067713219830299156,covid_serum_raman::COVID::002,COVID,covid_serum_raman,raman,serum,0.22944902835397465,0.2832843090753982,0.07136754895155394,0.16750035648858747,0.11353395270108928,0.0,0.008646724052108876,0.057136452980729655,0.01613578368690679,0.03775070080144814,0.009835159459440928,0.00535998344876203,0.16149513571430574
0.0,0.16494532387198843,0.05580552916965663,0.023102236355775546,0.0,0.0454894210681369,0.07924822607531766,0.013738167958922423,0.0,0.08487388253850697,0.04594742946420973,0.034765691546873895,0.0957399476919435,0.008290798954211318,0.08895834020947088,0.015252835068214343,0.0,0.0,0.041815167752554436,0.0037100614621687913,0.07671348848798044,0.10042010102300768,0.006023086724156092,0.015160264576904437,covid_serum_raman::COVID::003,COVID,covid_serum_raman,raman,serum,0.16494532387198843,0.3188209666671414,0.11014169151053141,0.1350537552449743,0.11963957408538087,0.041815167752554436,0.008290798954211318,0.04919948253030569,0.013738167958922423,0.023102236355775546,0.015252835068214343,0.0,0.19008094446357404
0.0,0.16118914340896157,0.05343037159891235,0.026515760588613487,0.00020345221523496848,0.04451645657304453,0.08040427067840648,0.01135477146971008,0.0,0.07858487350890168,0.04454593803512953,0.035060023685917166,0.08965924785618361,0.010097253768548036,0.0942590176543526,0.018129255417518024,0.0,0.0,0.040989196385926886,0.005468911640839231,0.08215482072573052,0.09459207490096974,0.01456976135687554,0.014275398530223945,covid_serum_raman::COVID::004,COVID,covid_serum_raman,raman,serum,0.16118914340896157,0.31115553373324834,0.12310417754145209,0.13383464227731884,0.11364489719481885,0.040989196385926886,0.010097253768548036,0.04998536821388376,0.01135477146971008,0.026515760588613487,0.018129255417518024,0.0,0.19023729712277704
0.0,0.1619222784393115,0.05436305821051736,0.02311180130069697,0.0,0.044616445139490854,0.0785256782565471,0.011478034437435811,0.0,0.08678632684631633,0.0441376149609019,0.03595746329146167,0.0969198303464977,0.009181594531027038,0.08669222479116032,0.0168755311763647,0.0,0.0,0.047342263116248284,0.005485440622877563,0.07729438363843787,0.10061323856648957,0.003599307707305515,0.01509748462091189,covid_serum_raman::COVID::005,COVID,covid_serum_raman,raman,serum,0.1619222784393115,0.31896506751232706,0.10538901711937772,0.13288873646706445,0.122743790137778,0.047342263116248284,0.009181594531027038,0.05010188576236842,0.011478034437435811,0.02311180130069697,0.0168755311763647,0.0,0.19010656901509226
0.004456797636921597,0.26510658273135634,0.0898411324385366,0.03513992437294069,0.0,0.08272795665217174,0.04854915388920928,0.0,0.0,0.05985071288216853,0.05805515148397673,0.06411835097365401,0.0895812556345828,0.004894628836016968,0.04537397220375932,0.0,0.0,0.0,0.0,0.0,0.04356770800889402,0.10149040213420144,0.0,0.007246270121609847,covid_serum_raman::COVID::006,COVID,covid_serum_raman,raman,serum,0.26510658273135634,0.29269451726165496,0.05262024232536917,0.1383902863277459,0.12396906385582254,0.0,0.004894628836016968,0.08272795665217174,0.0,0.03513992437294069,0.0,0.004456797636921597,0.16456739166557166
0.008580272420278064,0.2500113634988614,0.09233086624196975,0.03961362143150651,0.0,0.06334736060236337,0.06568933652127747,0.018061010194240768,0.0,0.06606338299188715,0.04585726615262449,0.05607019919664314,0.08312334105472328,0.006899848845056349,0.06595145679302031,0.003610011546702003,0.0,0.0,0.0,0.0,0.04839075141034566,0.08260331565116492,0.0,0.003796595447335509,covid_serum_raman::COVID::007,COVID,covid_serum_raman,raman,serum,0.2500113634988614,0.25997467426885834,0.06974805224035582,0.15802020276324721,0.12213358218853029,0.0,0.006899848845056349,0.06334736060236337,0.018061010194240768,0.03961362143150651,0.003610011546702003,0.008580272420278064,0.15422837647602472
0.008008208395842185,0.25799268627210686,0.09292284021503688,0.03958289010698394,0.0,0.07054419913096752,0.06019215795324802,0.009438790883488006,0.0,0.06491580239231197,0.04906964940735641,0.05703395082605034,0.08498319364631984,0.004596637490756614,0.06058812078301155,0.0,0.0,0.0,0.0,0.0,0.04509066805130886,0.09244220815761338,0.0,0.0025979962875976145,covid_serum_raman::COVID::008,COVID,covid_serum_raman,raman,serum,0.25799268627210686,0.2715857192625985,0.06318611707060916,0.1531149981682849,0.12194975321836231,0.0,0.004596637490756614,0.07054419913096752,0.009438790883488006,0.03958289010698394,0.0,0.008008208395842185,0.15952233766177315
0.0026105084877142094,0.2498383606623588,0.08916604979947958,0.03763714926336157,0.0,0.07541618112675118,0.05716190324714996,0.0001690087756433642,0.0,0.06265534461141296,0.05480503122925533,0.05580189434834403,0.09427535566421459,0.006788850504837086,0.048002514918891355,0.0,0.0,0.0,0.001623559007088193,0.0,0.05399877331717252,0.10147808704902611,0.0,0.008571427987299143,covid_serum_raman::COVID::009,COVID,covid_serum_raman,raman,serum,0.2498383606623588,0.30455724725966854,0.0565739429061905,0.14632795304662954,0.11845723895975699,0.001623559007088193,0.006788850504837086,0.07541618112675118,0.0001690087756433642,0.03763714926336157,0.0,0.0026105084877142094,0.1690950451024683
0.005434877358511268,0.24076417388537238,0.08803476355304353,0.036991066598325344,0.0,0.06450186973077411,0.06962311229418462,0.00978383867463322,0.0,0.06415605498056196,0.048057490561185835,0.052566359884691015,0.08956085811086517,0.007776665134672118,0.060843947446574946,0.004677812063823975,0.0,0.0,0.0,0.0,0.05562647118705314,0.09200196745633478,0.0030488298904636653,0.0065498411889289765,covid_serum_raman::COVID::010,COVID,covid_serum_raman,raman,serum,0.24076417388537238,0.2852467873154389,0.07044261852596759,0.15765787584722815,0.11672241486525298,0.0,0.007776665134672118,0.06450186973077411,0.00978383867463322,0.036991066598325344,0.004677812063823975,0.005434877358511268,0.1632314765748848
0.002276869187435301,0.25486264903859707,0.08374046139009125,0.035595626107131906,0.0,0.08174097124765942,0.048811500590557756,0.0,0.0,0.059910321896796764,0.05794640601483992,0.06127466383984033,0.09686877588194971,0.005323969138252728,0.04001449551407437,0.0,0.0,0.0,0.007576956838219469,0.0,0.0511553494855585,0.10119877790104713,0.0,0.011702205927948224,covid_serum_raman::COVID::011,COVID,covid_serum_raman,raman,serum,0.25486264903859707,0.30716930928339525,0.051716701442022596,0.132551961980649,0.1211849857366371,0.007576956838219469,0.005323969138252728,0.08174097124765942,0.0,0.035595626107131906,0.0,0.002276869187435301,0.16825662146552423
0.006389783464171805,0.252233995314156,0.09074473204856826,0.039589237754508004,0.0,0.07005376944821047,0.06210007352055698,0.011766894244818136,0.0,0.06649174300797722,0.04990519471299886,0.05820622615757121,0.08243499927808774,0.006885212028772243,0.06556732905360027,0.0,0.0,0.0,0.0,0.0,0.04492304840188188,0.08649861623407931,0.0,0.006209145330041563,covid_serum_raman::COVID::012,COVID,covid_serum_raman,raman,serum,0.252233995314156,0.2637618586270478,0.07177647438364183,0.15284480556912522,0.12469796916554843,0.0,0.006885212028772243,0.07005376944821047,0.011766894244818136,0.039589237754508004,0.0,0.006389783464171805,0.15942991032155507
0.004375294089660295,0.24507433272279752,0.0871383736587048,0.04009797873711273,0.0,0.06629322883875204,0.06554549350811482,0.01206023915600653,0.0,0.06869154083171114,0.04894625914286602,0.05586051362382751,0.08505027767756808,0.008034033065152832,0.06916529085693068,0.0,0.0,0.0,0.0,0.0,0.05015996705514265,0.08615624393398161,0.0,0.007350933101670674,covid_serum_raman::COVID::013,COVID,covid_serum_raman,raman,serum,0.24507433272279752,0.2703127478095584,0.07651622395860136,0.15268386716681964,0.12455205445553866,0.0,0.008034033065152832,0.06629322883875204,0.01206023915600653,0.04009797873711273,0.0,0.004375294089660295,0.1608976064063079
0.004752124158472352,0.24163376077930265,0.08614191141436667,0.03815114083120608,0.0,0.06676954269170474,0.0640740171320857,0.011263360419290071,0.0,0.0669995504703091,0.05022710047986587,0.058199508137473585,0.08826974711628018,0.008868124716679913,0.06651660949388297,0.0,0.0,0.0,0.0,0.0,0.04970958220905856,0.09002882801305576,0.0,0.00839509193696585,covid_serum_raman::COVID::014,COVID,covid_serum_raman,raman,serum,0.24163376077930265,0.27823525781826036,0.07491170143084881,0.15021592854645238,0.1251990586077827,0.0,0.008868124716679913,0.06676954269170474,0.011263360419290071,0.03815114083120608,0.0,0.004752124158472352,0.16458408074984765
0.009586956530838634,0.25240210476484026,0.09209770149000382,0.041802755864032995,0.0,0.061022284554166036,0.06413031880448695,0.018283799466606937,0.0,0.0675434872697548,0.04524015815022612,0.05576685818118859,0.08299567791816553,0.0035146215244859667,0.06409014982105203,0.007029805240298076,0.0,0.0,0.0,0.0,0.04888847682265641,0.08296320682877208,0.0,0.0026416367684247784,covid_serum_raman::COVID::015,COVID,covid_serum_raman,raman,serum,0.25240210476484026,0.26008751971982014,0.06673178658947682,0.1562280202944908,0.12331034545094338,0.0,0.0035146215244859667,0.061022284554166036,0.018283799466606937,0.041802755864032995,0.007029805240298076,0.009586956530838634,0.1539930584045308
0.006927966140897896,0.27666114247795776,0.09264384850428686,0.037478942657647715,0.0,0.08139555105134277,0.042257352149881224,0.0,0.0,0.0639598605233835,0.0570085933667074,0.06342070960903812,0.09249089732283884,0.0,0.044036125064829026,0.0,0.0,0.0,0.0004908082386738141,0.0,0.044218626689217874,0.09263654494773772,0.0,0.004373031255559429,covid_serum_raman::COVID::016,COVID,covid_serum_raman,raman,serum,0.27666114247795776,0.2863546623265018,0.048409156320388454,0.13490120065416808,0.1273805701324216,0.0004908082386738141,0.0,0.08139555105134277,0.0,0.037478942657647715,0.0,0.006927966140897896,0.15925839964479438
0.007291483707390079,0.27059959921869997,0.09266938232781838,0.03900683287911622,0.0,0.07662673813898757,0.04865967595088984,0.000265055857957904,0.0,0.06078369758179388,0.057993618357336706,0.06056767189760633,0.09179286176514752,0.0,0.04718434413579194,0.0,0.0,0.0,0.0,0.0,0.04812100649481035,0.09309520067580568,0.0,0.005342831010847599,covid_serum_raman::COVID::017,COVID,covid_serum_raman,raman,serum,0.27059959921869997,0.29100268729310025,0.05252717514663954,0.14132905827870823,0.12135136947940021,0.0,0.0,0.07662673813898757,0.000265055857957904,0.03900683287911622,0.0,0.007291483707390079,0.16025580430297715
0.004294542030661535,0.22666650211985587,0.07364565958478005,0.03737524441122973,0.0,0.07277860379293946,0.06314537575977312,0.0,0.0,0.050465919729942396,0.05737736629182018,0.04219180708156943,0.09224328415733235,0.002816014152922397,0.049365643343718325,0.008982799298095288,0.0,0.0,0.02865020352849307,0.002044826875070059,0.0676138029835088,0.10317072166464465,0.0,0.017171683193643213,covid_serum_raman::COVID::018,COVID,covid_serum_raman,raman,serum,0.22666650211985587,0.320405175097306,0.06653732653736154,0.13679103534455317,0.09265772681151183,0.02865020352849307,0.002816014152922397,0.07482343066800952,0.0,0.03737524441122973,0.008982799298095288,0.004294542030661535,0.17219953765680351
0.0,0.18889789542977836,0.06729649190430752,0.04068482620791585,0.0,0.04049674569192136,0.0897706522108218,0.020372652646371926,5.470649520050725e-05,0.05330454910279972,0.03957393987902053,0.024021030267928144,0.09612937919321017,0.010828428836692314,0.06457771772194905,0.0324752783347125,0.0,0.0,0.021039594631857672,0.003893643856030042,0.08265053383976557,0.09560534567421496,0.012610575602314733,0.0157160124731872,covid_serum_raman::COVID::019,COVID,covid_serum_raman,raman,serum,0.18889789542977836,0.31395919858621124,0.09290430579745099,0.15712185061032982,0.07732557937072787,0.021039594631857672,0.010828428836692314,0.0443903895479514,0.020372652646371926,0.04068482620791585,0.0324752783347125,0.0,0.17879102408639957
0.0,0.17245833588551945,0.06296086062709985,0.03715115388029671,0.0,0.038504311914866626,0.09224770618117709,0.019605411653445887,0.0007901321463788732,0.05699492252171479,0.041891589452110696,0.02224552594457496,0.09073303880140832,0.010718940376817586,0.07194454946547073,0.03189589719029547,0.0,0.0,0.028145593326832113,0.0019325079293790925,0.08804961547519931,0.10226686885581947,0.011839414181740232,0.017623624189852784,covid_serum_raman::COVID::020,COVID,covid_serum_raman,raman,serum,0.17245833588551945,0.3229411125845378,0.10140758783706375,0.15599869895465582,0.07924044846628975,0.028145593326832113,0.010718940376817586,0.04043681984424572,0.019605411653445887,0.03715115388029671,0.03189589719029547,0.0,0.1911017405931703
0.002995899502506541,0.2254272437635975,0.09352851243712142,0.03959029680726388,0.0,0.05817226533119906,0.0754703426109393,0.00952823645208629,0.0,0.06100898446919496,0.04887620612527434,0.047462447594731075,0.08799185858427318,0.009537125324771035,0.060215378853101235,0.010001126073886505,0.0,0.0,0.0,0.0,0.06469405003625862,0.09246183262089767,0.006710941512929641,0.006327251899967764,covid_serum_raman::COVID::021,COVID,covid_serum_raman,raman,serum,0.2254272437635975,0.29402394736670384,0.07325357226599864,0.16899885504806073,0.10847143206392604,0.0,0.009537125324771035,0.05817226533119906,0.00952823645208629,0.03959029680726388,0.010001126073886505,0.002995899502506541,0.1684254284965674
0.0037707488799481013,0.2195923731296721,0.09044012338767368,0.04051930051262625,0.0,0.05473379205795715,0.07909138994273895,0.011864084502348706,0.0,0.06316729988579096,0.04561470780283654,0.04706999583362891,0.08554608445123056,0.010373511450130619,0.06422591357055728,0.011111625465064308,0.0,0.0,0.0,0.0,0.06621155955262124,0.09077824984129157,0.008917233727758185,0.0069720060061248396,covid_serum_raman::COVID::022,COVID,covid_serum_raman,raman,serum,0.2195923731296721,0.2881506016479799,0.0801151533044403,0.16953151333041264,0.11023729571941987,0.0,0.010373511450130619,0.05473379205795715,0.011864084502348706,0.04051930051262625,0.011111625465064308,0.0037707488799481013,0.1660458942937273
0.0055851980216863745,0.21652345060311187,0.09470733156674753,0.038508259751261265,0.0,0.05657993719349135,0.08161770860392603,0.01283365238071253,0.0,0.06363761064980986,0.04944218485043405,0.046267584651305156,0.08767858444989961,0.009043928886164222,0.06665857227848823,0.011726602285606092,0.0,0.0,0.0,0.0,0.06220493447189327,0.09024424561259162,0.0027223215599142406,0.004017892182956692,covid_serum_raman::COVID::023,COVID,covid_serum_raman,raman,serum,0.21652345060311187,0.2895699493848185,0.07339878602135916,0.17632504017067357,0.109905195301115,0.0,0.009043928886164222,0.05657993719349135,0.01283365238071253,0.038508259751261265,0.011726602285606092,0.0055851980216863745,0.16947089388555236
0.0,0.20173898868836315,0.07398873723602854,0.03121314650885434,0.0,0.0563000128218429,0.07102951452141826,0.010799015645268804,0.0,0.0815368206524647,0.045433997866990664,0.05013752629299761,0.09198816051488774,0.010910096118728294,0.0826924303688331,0.005385263550254065,0.0,0.0,0.011437699839706252,0.0,0.06594182961677743,0.09549818928338419,0.0050943351390442555,0.008874235334155621,covid_serum_raman::COVID::024,COVID,covid_serum_raman,raman,serum,0.20173898868836315,0.29886217728204,0.09666100084203297,0.14501825175744681,0.13167434694546232,0.011437699839706252,0.010910096118728294,0.0563000128218429,0.010799015645268804,0.03121314650885434,0.005385263550254065,0.0,0.1780908066174216
0.0,0.21488063041972746,0.0769065275573644,0.029868699205929015,0.0,0.06383130957436171,0.0667005442269948,0.006427138166213108,0.0,0.07785037551122427,0.05180726445128454,0.05235121987252784,0.09435020014180444,0.008648400202942927,0.07046517215358702,0.0006720898207999258,0.0,0.0,0.014831177290645689,0.0,0.05998308941110812,0.09941716760669685,0.0,0.011008994386787808,covid_serum_raman::COVID::025,COVID,covid_serum_raman,raman,serum,0.21488063041972746,0.30555772161089395,0.08147416654037483,0.14360707178435922,0.13020159538375212,0.014831177290645689,0.008648400202942927,0.06383130957436171,0.006427138166213108,0.029868699205929015,0.0006720898207999258,0.0,0.17833580578495722
0.0,0.197732973846054,0.07618826549405744,0.029425217941724733,0.0,0.05155911255434737,0.07758823310600357,0.014928068392267848,0.0,0.07897342781096217,0.047303941871618536,0.04511168100628515,0.0927106083899939,0.010021331168150308,0.08655810586273813,0.007274116258850336,0.0,0.0,0.013994274314160947,0.0,0.06400672364474701,0.09179515480107217,0.0076682047454012334,0.007160558791565189,covid_serum_raman::COVID::026,COVID,covid_serum_raman,raman,serum,0.197732973846054,0.29581642870743163,0.10138686939970455,0.153776498600061,0.12408510881724732,0.013994274314160947,0.010021331168150308,0.05155911255434737,0.014928068392267848,0.029425217941724733,0.007274116258850336,0.0,0.17926649350041024
0.0048707876603945426,0.2480329659147101,0.08546410776586227,0.038748463695350316,0.0,0.062301789195347984,0.06575420828315698,0.016002907376226706,0.0,0.06319483132682116,0.045534429411155375,0.04964814750697148,0.08936813366156376,0.00848211840448886,0.05596556518721416,0.008962496293291175,0.0,0.0,0.0,0.0,0.060670688679341715,0.08675623738120045,0.0025014226122706956,0.007740699644632354,covid_serum_raman::COVID::027,COVID,covid_serum_raman,raman,serum,0.2480329659147101,0.2823294891332613,0.06620768744411722,0.15121831604901925,0.11284297883379264,0.0,0.00848211840448886,0.062301789195347984,0.016002907376226706,0.038748463695350316,0.008962496293291175,0.0048707876603945426,0.15311591893883136
0.004175785787178783,0.24472191179965144,0.08262635922301816,0.04016857770222081,0.0,0.059458465526906285,0.0671135479336803,0.016814929457864673,0.0,0.06310502630860035,0.04390677970120374,0.05043083697747341,0.0881634588416554,0.011059473818137978,0.05981711672469732,0.012003584719220342,0.0,0.0,0.0,0.0,0.061626964172359584,0.08381989190421009,0.003603383772120721,0.0073839056298005586,covid_serum_raman::COVID::028,COVID,covid_serum_raman,raman,serum,0.24472191179965144,0.2775170946194288,0.07080440612661859,0.14973990715669844,0.11353586328607376,0.0,0.011059473818137978,0.059458465526906285,0.016814929457864673,0.04016857770222081,0.012003584719220342,0.004175785787178783,0.1506967400622804
0.006124472668751444,0.24233238369683624,0.0815600617045745,0.042314736673573786,0.0,0.05285864835439064,0.07106087911283879,0.021658126864977752,0.0,0.06341513562087174,0.03835845166849079,0.048080070512202616,0.08873429729059511,0.010413083402790504,0.06302326503770436,0.01634117421091964,0.0,0.0,0.0,0.0012502104993928505,0.06375593133880046,0.07883069376102395,0.005638329542768901,0.0042500480384958916,covid_serum_raman::COVID::029,COVID,covid_serum_raman,raman,serum,0.24233238369683624,0.2696793740589103,0.07291164261896915,0.1526209408174133,0.11149520613307436,0.0,0.010413083402790504,0.05410885885378349,0.021658126864977752,0.042314736673573786,0.01634117421091964,0.006124472668751444,0.14749547151129117
0.0036665216557898892,0.24088390393332457,0.08729908701781042,0.038513893539550786,0.0,0.06558339623820252,0.0653125050437542,0.008643547615363192,0.0,0.06724658967708871,0.05134133373340902,0.05491565940254779,0.08365458865478992,0.008214446484173524,0.06440767609257741,0.0,0.0,0.0,0.0,0.0,0.055592499349252325,0.09696059940752672,0.0023137994934511377,0.005449952661387723,covid_serum_raman::COVID::030,COVID,covid_serum_raman,raman,serum,0.24088390393332457,0.287549021144978,0.07217142824741626,0.1526115920615646,0.1221622490796365,0.0,0.008214446484173524,0.06558339623820252,0.008643547615363192,0.038513893539550786,0.0,0.0036665216557898892,0.16611642367967272
0.004609756316361521,0.23645703686963293,0.09075686508898516,0.037787737149217036,0.0,0.0610204515427771,0.07027039412367433,0.012917495081268026,0.0,0.06616452501717654,0.04938065904059475,0.053496778407275805,0.08189945666793196,0.007767491526796685,0.06856117729643907,0.0006401266058483387,0.0,0.0,0.0,0.0,0.05605669331622626,0.08959042698194576,0.009801644782323185,0.0028212841855255605,covid_serum_raman::COVID::031,COVID,covid_serum_raman,raman,serum,0.23645703686963293,0.2769272360066987,0.08118410626428782,0.16102725921265948,0.11966130342445234,0.0,0.007767491526796685,0.0610204515427771,0.012917495081268026,0.037787737149217036,0.0006401266058483387,0.004609756316361521,0.16314112346021814
0.0039753414455828764,0.2382552917594528,0.08960753623125181,0.03547605899090434,0.0,0.06694646897366109,0.06512610249299802,0.009581929561547098,0.0,0.06576165323898238,0.04993914058264038,0.05856600983401525,0.08529342129486008,0.009502336752902832,0.06871047761096953,0.0,0.0,0.0,0.0,0.0,0.050651826592452306,0.09152109520298546,0.004431286141605517,0.006654023293188208,covid_serum_raman::COVID::032,COVID,covid_serum_raman,raman,serum,0.2382552917594528,0.2774054836729382,0.07979578704576325,0.15473363872424983,0.12432766307299763,0.0,0.009502336752902832,0.06694646897366109,0.009581929561547098,0.03547605899090434,0.0,0.0039753414455828764,0.16617270869110534
0.0,0.18652846419779584,0.06586887602591915,0.027579208863470154,0.0,0.04985291055586536,0.07748583844466013,0.014672684668158568,0.0,0.0781872323838532,0.045782599749331326,0.04139717767389548,0.09469615685076913,0.007678707951878862,0.08779864332464317,0.007455455020880287,0.0,0.0,0.028171500847811635,0.0001519577911783123,0.06913238627247345,0.09897176026231991,0.005669497655660439,0.012918941459435647,covid_serum_raman::COVID::033,COVID,covid_serum_raman,raman,serum,0.18652846419779584,0.3085829031348938,0.10638708243973925,0.1433547144705793,0.11958441005774867,0.028171500847811635,0.007678707951878862,0.05000486834704367,0.014672684668158568,0.027579208863470154,0.007455455020880287,0.0,0.1823911645682068
0.0,0.19255017510900294,0.06593859063111294,0.029941250857376603,0.0,0.05292165019103604,0.07666639357206334,0.014229338818791716,0.0,0.07765337276806795,0.046186021272788376,0.04226869321665397,0.09218243774750579,0.008420085949130914,0.08924032124834039,0.009193785671481092,0.0,0.0,0.02465035772491757,0.0,0.06746471557673282,0.09786212450613406,0.001208153323572996,0.011422531815290488,covid_serum_raman::COVID::034,COVID,covid_serum_raman,raman,serum,0.19255017510900294,0.30369529910316106,0.10187100638720387,0.1426049842031763,0.11992206598472192,0.02465035772491757,0.008420085949130914,0.05292165019103604,0.014229338818791716,0.029941250857376603,0.009193785671481092,0.0,0.1794950388203217
0.0,0.20128310819176023,0.0685088678816433,0.029428725611609984,0.0,0.05854850269017785,0.0698500381168982,0.009280800544407414,0.0,0.07606613240416249,0.047813679829211635,0.0474152794591886,0.09433018292288685,0.008504591430180479,0.08141484010535179,0.00658363343007399,0.0,0.0,0.024788249149126133,0.0,0.06658748868432027,0.09673580672020819,0.0012572704614608374,0.01160280236733186,covid_serum_raman::COVID::035,COVID,covid_serum_raman,raman,serum,0.20128310819176023,0.30546715815662695,0.09427491293414447,0.1383589059985415,0.1234814118633511,0.024788249149126133,0.008504591430180479,0.05854850269017785,0.009280800544407414,0.029428725611609984,0.00658363343007399,0.0,0.1766957609351122
0.00577773364423697,0.2544191362840985,0.09131371741901455,0.0401368050394224,0.0,0.07240380761519687,0.05932216280039857,0.005288126322599023,0.0,0.061947876885607184,0.05135012605307151,0.06147855769812124,0.08642573342031494,0.006268519701666072,0.05391990934354244,0.0004031542617475334,0.0,0.0,0.0,0.0,0.04966556063231109,0.09352731562361305,0.0,0.006351757255038004,covid_serum_raman::COVID::036,COVID,covid_serum_raman,raman,serum,0.2544191362840985,0.2809687357293106,0.060271666598580444,0.15063588021941313,0.12342643458372843,0.0,0.006268519701666072,0.07240380761519687,0.005288126322599023,0.0401368050394224,0.0004031542617475334,0.00577773364423697,0.16237080586443964
0.007479732827309929,0.24475963388814564,0.09355641267190926,0.03851590593750111,0.0,0.06672006653325005,0.06492316516087525,0.011507223743540976,0.0,0.062071559573339576,0.04652031648755977,0.058614858602722746,0.08767543333796667,0.005071648900695756,0.056161383152245385,0.004355902458791437,0.0,0.0,0.0,0.0002915387821126639,0.0564595631803858,0.08646667963335533,0.004488027230198014,0.004360947898094677,covid_serum_raman::COVID::037,COVID,covid_serum_raman,raman,serum,0.24475963388814564,0.27712199263926757,0.06501035828053807,0.1584795778327845,0.12068641817606232,0.0,0.005071648900695756,0.06701160531536271,0.011507223743540976,0.03851590593750111,0.004355902458791437,0.007479732827309929,0.16125692644475298
0.008792153221442488,0.2463075446492496,0.09412012003016994,0.03867635931047836,0.0,0.0708455544791584,0.06353935343623973,0.011375845013202641,0.0,0.06166719260469358,0.05017074774401844,0.05675236571925529,0.08755555124441713,0.0050999351948809715,0.06013891980016204,0.0008545680045089244,0.0,0.0,0.0,0.0,0.05051066528014047,0.08921238408105238,0.0,0.004380740186929668,covid_serum_raman::COVID::038,COVID,covid_serum_raman,raman,serum,0.2463075446492496,0.2774493483496284,0.06451965998709171,0.15765947346640968,0.11841955832394888,0.0,0.0050999351948809715,0.0708455544791584,0.011375845013202641,0.03867635931047836,0.0008545680045089244,0.008792153221442488,0.16403315364240834
0.0,0.21675766995473317,0.08077544022908399,0.032871747736657415,0.0,0.06115390298407618,0.07098445728947143,0.009889192964270722,0.0,0.07192211943491639,0.04949264521912572,0.049674175123065545,0.09274397594561755,0.011246296838775063,0.07059572942079972,0.003443693911555941,0.0,0.0,0.008183337379941601,0.0,0.05980202259889451,0.09959457013126821,0.0001546487535418265,0.010714374084205117,covid_serum_raman::COVID::039,COVID,covid_serum_raman,raman,serum,0.21675766995473317,0.301633213894906,0.08146475225854667,0.15175989751855543,0.12159629455798193,0.008183337379941601,0.011246296838775063,0.06115390298407618,0.009889192964270722,0.032871747736657415,0.003443693911555941,0.0,0.17503191171771615
0.0,0.21617444204165737,0.07547805930560303,0.03221023560037024,0.0,0.061032626968797014,0.06917932038863353,0.008271591081139062,0.0,0.07478199884783322,0.050893519731326844,0.05083407226380232,0.09420131834196299,0.0110848729575091,0.07180269019419781,0.004649967484971786,0.0,0.0,0.011222739096878348,0.0,0.06350802778099268,0.09557894507056033,0.0,0.0090955728437644,covid_serum_raman::COVID::040,COVID,covid_serum_raman,raman,serum,0.21617444204165737,0.30418181092484287,0.08089826303796221,0.14465737969423656,0.12561607111163553,0.011222739096878348,0.0110848729575091,0.061032626968797014,0.008271591081139062,0.03221023560037024,0.004649967484971786,0.0,0.17442875749574838
0.0,0.21683116467314673,0.07690524763767886,0.0331323768732113,0.0,0.06219712857109251,0.06837815437358058,0.006403296277256431,0.0,0.06961449007626183,0.050848903145995404,0.04963896405285455,0.09231106057126788,0.01081930402747293,0.06404271724776583,0.004339319821325373,0.0,0.0,0.01549732758415496,0.0,0.06353807580361392,0.10256194901962457,0.0,0.012940520243696404,covid_serum_raman::COVID::041,COVID,covid_serum_raman,raman,serum,0.21683116467314673,0.30925998854050174,0.07698323749146224,0.14528340201125944,0.11925345412911638,0.01549732758415496,0.01081930402747293,0.06219712857109251,0.006403296277256431,0.0331323768732113,0.004339319821325373,0.0,0.17422132445880467
0.008582737821477981,0.24122089066991367,0.09328551024332561,0.04000386161100862,0.0,0.06543635811473379,0.06673803519573188,0.013359159432885044,0.0,0.07167952614147119,0.048067739032967245,0.05436401027707385,0.0831853721491854,0.00600528605232264,0.06556367418195991,0.0,0.0,0.0,0.0,0.0,0.04809320491414568,0.08952864107145082,0.0,0.004885993090346572,covid_serum_raman::COVID::042,COVID,covid_serum_raman,raman,serum,0.24122089066991367,0.2688749571677491,0.07044966727230648,0.1600235454390575,0.12604353641854504,0.0,0.00600528605232264,0.06543635811473379,0.013359159432885044,0.04000386161100862,0.0,0.008582737821477981,0.1625043095971883
0.006837178887203345,0.24872399658467412,0.09439293185872046,0.04000591322402053,0.0,0.0690594751430235,0.06330854336083977,0.01063454971865621,0.0,0.06659773248462744,0.05032347890801218,0.05645414011466043,0.08277808534799747,0.005723544069718506,0.05930109120860214,0.0010218504230794514,0.0,0.0,0.0,0.0,0.048976731971062705,0.09035637621776174,0.00034257231232715765,0.005161808165012902,covid_serum_raman::COVID::043,COVID,covid_serum_raman,raman,serum,0.24872399658467412,0.2724346724448341,0.0648054716859422,0.15770147521956024,0.12305187259928788,0.0,0.005723544069718506,0.0690594751430235,0.01063454971865621,0.04000591322402053,0.0010218504230794514,0.006837178887203345,0.16148743691371747
0.009069006492539375,0.24529886247646493,0.09371145649506406,0.040618555299128806,0.0,0.06545460252699598,0.06546103715308421,0.012914651931746042,0.0,0.06930321969981745,0.04749153644264219,0.055118082243209965,0.08338917499578953,0.00510205572184454,0.06396568329286834,0.0008013369311941353,0.0,0.0,0.0,0.0,0.04840817559600707,0.09106986771797851,0.0,0.0028226949836249837,covid_serum_raman::COVID::044,COVID,covid_serum_raman,raman,serum,0.24529886247646493,0.27035875475241733,0.06678837827649332,0.15917249364814828,0.12442130194302742,0.0,0.00510205572184454,0.06545460252699598,0.012914651931746042,0.040618555299128806,0.0008013369311941353,0.009069006492539375,0.16219384892213484
0.004745490231055236,0.22136097720268372,0.08259139253286829,0.03443311569810096,0.0,0.05084890092520174,0.07786273706205217,0.019952405496001618,0.0,0.0764016322373897,0.05035795159077255,0.04449838036733604,0.08415199555246741,0.007458374783454001,0.08336819405079349,0.008617037752459939,0.0,0.0,0.0,0.0,0.05746440990075142,0.08782369180953407,0.003894760237187058,0.004168552569890487,covid_serum_raman::COVID::045,COVID,covid_serum_raman,raman,serum,0.22136097720268372,0.27979804885352544,0.09143150685787103,0.16045412959492045,0.12090001260472574,0.0,0.007458374783454001,0.05084890092520174,0.019952405496001618,0.03443311569810096,0.008617037752459939,0.004745490231055236,0.16344305653452762
0.0,0.21151521571621398,0.07389235367415127,0.03300608139336819,0.0,0.05245009300734124,0.07269233778523473,0.013843133554309803,0.0,0.07684953411256804,0.045831765546018505,0.048687588107241386,0.08904858193597395,0.010830512815303334,0.08044253398105422,0.010400067456577552,0.0,0.0,0.011864398811811937,0.0,0.06502025209257692,0.08980278614165695,0.006358015890985362,0.0074647479776126175,covid_serum_raman::COVID::046,COVID,covid_serum_raman,raman,serum,0.21151521571621398,0.28970338571622634,0.09426529784965221,0.14658469145938602,0.12553712221980942,0.011864398811811937,0.010830512815303334,0.05245009300734124,0.013843133554309803,0.03300608139336819,0.010400067456577552,0.0,0.16816977678488487
0.0014609489789424747,0.22412660676580884,0.08057359516733802,0.0356923325416739,0.0,0.055109526595860076,0.07190759466722042,0.015388426838521384,0.0,0.07557529822575272,0.04722462530563439,0.050432006463541096,0.08614957669005596,0.011357636038051648,0.07932155811543645,0.006497677990105026,0.0,0.0,0.0,0.0,0.0601386405830729,0.08877132978893952,0.005823242007920026,0.004449377236125121,covid_serum_raman::COVID::047,COVID,covid_serum_raman,raman,serum,0.22412660676580884,0.2822841723677028,0.08959417735948161,0.15248118983455844,0.12600730468929383,0.0,0.011357636038051648,0.055109526595860076,0.015388426838521384,0.0356923325416739,0.006497677990105026,0.0014609489789424747,0.1637931713864058
0.009748929478586745,0.253261232707909,0.09308011789063605,0.03939382904114954,0.0,0.06270203909004367,0.061637655012011336,0.015930840518510354,0.0,0.06846900170522413,0.04465023331346759,0.0564442667268088,0.08201785185002494,0.005026113008897075,0.0638956816413038,0.0037450153251273443,0.0,0.0,0.0,0.0,0.05169747708766812,0.08500227859871616,0.0,0.003297437003915225,covid_serum_raman::COVID::048,COVID,covid_serum_raman,raman,serum,0.253261232707909,0.2633678408498768,0.06719311864521903,0.15471777290264738,0.12491326843203293,0.0,0.005026113008897075,0.06270203909004367,0.015930840518510354,0.03939382904114954,0.0037450153251273443,0.009748929478586745,0.15368696861840936
0.005733711514121582,0.2574095483981181,0.08817220508806242,0.04093925904479332,0.0,0.07022495837786209,0.0561756769525332,0.005572623259357783,0.0,0.06539933341454508,0.05043190255436776,0.05927641147321685,0.08801267299514676,0.005650332793905112,0.0533624385002068,0.00317666523351541,0.0,0.0,0.0,0.0,0.05270031130769332,0.09268974519207389,0.0,0.005072203900480642,covid_serum_raman::COVID::049,COVID,covid_serum_raman,raman,serum,0.2574095483981181,0.2838346320492817,0.05843464240068744,0.14434788204059562,0.12467574488776192,0.0,0.005650332793905112,0.07022495837786209,0.005572623259357783,0.04093925904479332,0.00317666523351541,0.005733711514121582,0.1589567263095889
0.008655540533977867,0.25325734460473837,0.09183465087764757,0.041076706045073484,0.0,0.06473816307326073,0.05950981733207712,0.016446755719111344,0.0,0.06957648881585661,0.04460344049963624,0.05965399375443143,0.08180149124432566,0.006545186330733378,0.06488516181881199,0.0075514472484609985,0.0,0.0,0.0,0.0,0.04943998783384234,0.07916206495734425,0.0,0.001261759310670637,covid_serum_raman::COVID::050,COVID,covid_serum_raman,raman,serum,0.25325734460473837,0.2550069845351485,0.06614692112948263,0.1513444682097247,0.12923048257028805,0.0,0.006545186330733378,0.06473816307326073,0.016446755719111344,0.041076706045073484,0.0075514472484609985,0.008655540533977867,0.15251983630967447
0.0080089361040389,0.244214827075422,0.09029777661596859,0.04039716471812204,0.0,0.05931795650986069,0.0685769948620178,0.018253655263587562,0.0,0.06793560555519014,0.04752872985054356,0.051167082042600495,0.08521724131878833,0.005856990537607796,0.06470591125352414,0.0074488985437663234,0.0,0.0,0.0,0.0,0.0548333421306207,0.08324677421402792,0.0,0.002992113404312996,covid_serum_raman::COVID::051,COVID,covid_serum_raman,raman,serum,0.244214827075422,0.2708260875139805,0.06769802465783713,0.1588747714779864,0.11910268759779064,0.0,0.005856990537607796,0.05931795650986069,0.018253655263587562,0.04039716471812204,0.0074488985437663234,0.0080089361040389,0.1554750640526793
0.009043121210122624,0.24741888396060294,0.09351081214331589,0.039268858099103784,0.0,0.06306841805338809,0.06608546126343452,0.017797871378707943,0.0,0.0704313318818652,0.045679760565739476,0.0527947046910023,0.08475579016450034,0.0064156905471762496,0.06349765903232898,0.00437268218551853,0.0,0.0,0.0,0.0,0.05222395617583937,0.07868601692339144,0.0,0.004948981723962268,covid_serum_raman::COVID::052,COVID,covid_serum_raman,raman,serum,0.24741888396060294,0.2613455238294706,0.06844664075629125,0.15959627340675042,0.12322603657286751,0.0,0.0064156905471762496,0.06306841805338809,0.017797871378707943,0.039268858099103784,0.00437268218551853,0.009043121210122624,0.15457465569494067
0.005336001002837972,0.25134085786866206,0.09108908711219155,0.041215234281512574,0.0,0.07202122209477581,0.0578744622592026,0.007414876285038668,0.0,0.06414951304217244,0.053438971984454624,0.06054482044599438,0.08759738895621963,0.004203564946722577,0.05010672945106435,0.0,0.0,0.0,0.0,0.0,0.052700975973039216,0.09516006793008279,0.0,0.005806226366028807,covid_serum_raman::COVID::053,COVID,covid_serum_raman,raman,serum,0.25134085786866206,0.2888974048437963,0.05591295581709316,0.14896354937139414,0.12469433348816682,0.0,0.004203564946722577,0.07202122209477581,0.007414876285038668,0.041215234281512574,0.0,0.005336001002837972,0.16595891211395064
0.006937384215821168,0.2406299282095813,0.08679720185856728,0.03692920357559272,0.0,0.06540761898709785,0.06524488195190303,0.013283562794334451,0.0,0.07358781794043084,0.05002123072749233,0.05804826309759408,0.08567956024877488,0.00523284046704885,0.07293828168413476,0.0,0.0,0.0,0.0,0.0,0.04948821121710269,0.08565191408375859,0.0,0.004122098940765263,covid_serum_raman::COVID::054,COVID,covid_serum_raman,raman,serum,0.2406299282095813,0.2708409162771285,0.07706038062490002,0.1520420838104703,0.13163608103802493,0.0,0.00523284046704885,0.06540761898709785,0.013283562794334451,0.03692920357559272,0.0,0.006937384215821168,0.16388116859071467
0.007845201681404602,0.23263398221291628,0.08838883017837922,0.03824386374008143,0.0,0.056559055100024215,0.07178399903178005,0.0212392980462199,0.0,0.0746907362905675,0.0457512958971469,0.05196941260370149,0.08354992051174565,0.006637343903278537,0.0772647416186667,0.006146403673717515,0.0,0.0,0.0,0.0,0.04972535595507446,0.07969643562511514,0.005232184442975477,0.0026419394872049034,covid_serum_raman::COVID::055,COVID,covid_serum_raman,raman,serum,0.23263398221291628,0.25872300798908215,0.08513886554884707,0.16017282921015927,0.126660148894269,0.0,0.006637343903278537,0.056559055100024215,0.0212392980462199,0.03824386374008143,0.006146403673717515,0.007845201681404602,0.15605884940790982
0.008993034331008686,0.23157536732943082,0.0859019789645722,0.039228618437035866,0.0,0.06267644124149045,0.06797505056346717,0.014755761014706435,0.0,0.0745307262853711,0.05139816879256775,0.05436506316780307,0.08204852750296435,0.004441754673381505,0.07442912514282862,0.0027546648501557704,0.0,0.0,0.0,0.0,0.052404645481335256,0.08764494744771824,0.0,0.0048761247741626506,covid_serum_raman::COVID::056,COVID,covid_serum_raman,raman,serum,0.23157536732943082,0.2734962892245856,0.07930524991699127,0.1538770295280394,0.12889578945317415,0.0,0.004441754673381505,0.06267644124149045,0.014755761014706435,0.039228618437035866,0.0027546648501557704,0.008993034331008686,0.16451912296750348
0.011815658446961835,0.2574373297779909,0.0956458113189885,0.04053018282140634,0.0,0.06480143670874162,0.06243027831167819,0.019425297056974267,0.0,0.06701906856000328,0.04899573310876234,0.05773137069894614,0.0771751174267326,0.004150248118782765,0.06536463433368861,0.004235574592503574,0.0,0.0,0.0,0.0,0.04554539566276933,0.07769686305506962,0.0,0.0,covid_serum_raman::COVID::057,COVID,covid_serum_raman,raman,serum,0.2574373297779909,0.24941310925333388,0.06536463433368861,0.1580760896306667,0.12475043925894942,0.0,0.004150248118782765,0.06480143670874162,0.019425297056974267,0.04053018282140634,0.004235574592503574,0.011815658446961835,0.15199197061174474
0.011958935374877059,0.257273894162394,0.09701397105439094,0.03899713864466948,0.0,0.06445538562284449,0.061870663202197966,0.01830291717193484,0.0,0.06737881248852876,0.04929228576431945,0.05876803877921216,0.07906203793498986,0.0025784058014225687,0.06471028871076075,0.002324482492570921,0.0,0.0,0.0,0.0,0.04472552473937899,0.08080927537492986,0.0,0.00047794268057798587,covid_serum_raman::COVID::058,COVID,covid_serum_raman,raman,serum,0.257273894162394,0.25388912381361817,0.06518823139133874,0.1588846342565889,0.12614685126774092,0.0,0.0025784058014225687,0.06445538562284449,0.01830291717193484,0.03899713864466948,0.002324482492570921,0.011958935374877059,0.15475365597431723
0.011008915255283394,0.2570881086729958,0.09400718608727723,0.04044305728878873,0.0,0.06611607135110743,0.060213170855688655,0.017713350625449813,0.0,0.06724077404802128,0.048736594930913826,0.05755127792388125,0.08048127843754818,0.0038621888869216246,0.06363746160892705,0.004221081348447431,0.0,0.0,0.0,0.0,0.04531213694999102,0.07984127550052687,0.0,0.0025260702282302637,covid_serum_raman::COVID::059,COVID,covid_serum_raman,raman,serum,0.2570881086729958,0.25437128581897994,0.06616353183715731,0.15422035694296587,0.12479205197190253,0.0,0.0038621888869216246,0.06611607135110743,0.017713350625449813,0.04044305728878873,0.004221081348447431,0.011008915255283394,0.15313965432239662
0.006279309496079302,0.23648618684987008,0.08558979397226722,0.04016273944888445,0.0,0.0630597194232191,0.06629216497044686,0.008955956513614806,0.0,0.06717949101969287,0.050749207664594426,0.053069888808116784,0.08853372550898313,0.006618202768591915,0.0611600844930119,0.0047819148876342855,0.0,0.0,0.0,0.0,0.0636050130749232,0.09153556421686858,0.0,0.005941036883201146,covid_serum_raman::COVID::060,COVID,covid_serum_raman,raman,serum,0.23648618684987008,0.2944235104653693,0.06710112137621305,0.15188195894271408,0.12024937982780964,0.0,0.006618202768591915,0.0630597194232191,0.008955956513614806,0.04016273944888445,0.0047819148876342855,0.006279309496079302,0.1663187200882451
0.006982768100189122,0.23876627403197198,0.08812467594990636,0.03894557375047056,0.0,0.06027623531168916,0.06945479076537604,0.013524037949873833,0.0,0.06784801489732141,0.04909939600135294,0.0534879203340931,0.08514192044150572,0.006545993668452807,0.06475367120011634,0.0058869598874020665,0.0,0.0,0.0,0.0,0.0564323969609452,0.08910158494559174,0.0,0.005627785803741596,covid_serum_raman::COVID::061,COVID,covid_serum_raman,raman,serum,0.23876627403197198,0.27977529834939563,0.07038145700385794,0.1575794667152824,0.1213359352314145,0.0,0.006545993668452807,0.06027623531168916,0.013524037949873833,0.03894557375047056,0.0058869598874020665,0.006982768100189122,0.16082527257130863
0.007133603618492367,0.23547689721785517,0.08897143158263125,0.039280677364623234,0.0,0.059598924423161594,0.06991384021209739,0.015818887552310923,0.0,0.0685389786664739,0.04776316670186476,0.05288082284871873,0.08353447891223856,0.005948243876432391,0.06974789862691572,0.0071792179459490854,0.0,0.0,0.0,0.0,0.05667766197901723,0.08730013123071186,0.0,0.004235137240505853,covid_serum_raman::COVID::062,COVID,covid_serum_raman,raman,serum,0.23547689721785517,0.2752754388238324,0.07398303586742157,0.15888527179472864,0.12141980151519263,0.0,0.005948243876432391,0.059598924423161594,0.015818887552310923,0.039280677364623234,0.0071792179459490854,0.007133603618492367,0.1596851267646896
0.007598789082190905,0.2627384712681841,0.08896519313755563,0.04183611002363664,0.0,0.06368467059371637,0.056080904082826954,0.016473565062466805,0.0,0.066407716279775,0.04850717375471276,0.059016974117780896,0.0813037629594219,0.005124552618111616,0.06114549433795345,0.004317701117501835,0.0,0.0,0.0,0.0,0.05191544192839376,0.08125531331487176,0.0020106328327178908,0.0016175334881817218,covid_serum_raman::COVID::063,COVID,covid_serum_raman,raman,serum,0.2627384712681841,0.2629816919574002,0.06477366065885307,0.14504609722038259,0.12542469039755588,0.0,0.005124552618111616,0.06368467059371637,0.016473565062466805,0.04183611002363664,0.004317701117501835,0.007598789082190905,0.14875423611626482
0.005491762182180504,0.2651559566334153,0.08831321066455872,0.04037611276974128,0.0,0.07161878687891657,0.05235609340596489,0.009698820781720883,0.0,0.06263591670285844,0.05189086372949713,0.06279568746548318,0.0851152555903371,0.004687838391827994,0.0546131786845119,0.0005764908107915787,0.0,0.0,0.0,0.0,0.04857663033455541,0.09112810363005878,0.0,0.004969291343580327,covid_serum_raman::COVID::064,COVID,covid_serum_raman,raman,serum,0.2651559566334153,0.27671085328444844,0.05958247002809222,0.1406693040705236,0.12543160416834162,0.0,0.004687838391827994,0.07161878687891657,0.009698820781720883,0.04037611276974128,0.0005764908107915787,0.005491762182180504,0.1559626709975932
0.005645793764075811,0.2641694167202458,0.08939443215567276,0.040342405505441443,0.0,0.07006711420828136,0.05235072438962879,0.011478087785074512,0.0,0.06456589371180707,0.05208728935710138,0.06356127201577247,0.08349919648752266,0.005229171625545999,0.05402927698420338,0.0,0.0,0.0,0.0,0.0,0.04980618553499075,0.08978064554434048,0.0,0.003993094210295361,covid_serum_raman::COVID::065,COVID,covid_serum_raman,raman,serum,0.2641694167202458,0.2751733169239553,0.05802237119449874,0.14174515654530156,0.12812716572757954,0.0,0.005229171625545999,0.07006711420828136,0.011478087785074512,0.040342405505441443,0.0,0.005645793764075811,0.15525757444437416
0.007162028979288727,0.26008908986103435,0.09296751407410783,0.040286329066207244,0.0,0.06865553440085445,0.05934900023576569,0.011830782575658338,0.0,0.06606646553000196,0.050176765980554344,0.05884923467945362,0.0833086607824596,0.005784583179157379,0.054126181000484774,0.0,0.0,0.0,0.0,0.0,0.04797032146041429,0.0876961682286432,0.0,0.00568133996591417,covid_serum_raman::COVID::066,COVID,covid_serum_raman,raman,serum,0.26008908986103435,0.2691519164520715,0.05980752096639894,0.15231651430987353,0.12491570020945558,0.0,0.005784583179157379,0.06865553440085445,0.011830782575658338,0.040286329066207244,0.0,0.007162028979288727,0.1549855172908744
0.006506061277376564,0.2629837917261116,0.0935045282108609,0.040000732947604284,0.0,0.07032077060630537,0.05941424509683328,0.01229850137034903,0.0,0.062445708760814025,0.04966577317143844,0.06031627822546767,0.08341557826624794,0.00693481902933109,0.05629914117338712,0.0,0.0,0.0,0.0,0.0,0.043827319341088564,0.08825813522210524,0.0,0.0038086155746788553,covid_serum_raman::COVID::067,COVID,covid_serum_raman,raman,serum,0.2629837917261116,0.2651668060008802,0.060107756748065976,0.15291877330769418,0.1227619869862817,0.0,0.00693481902933109,0.07032077060630537,0.01229850137034903,0.040000732947604284,0.0,0.006506061277376564,0.15426493376114458
0.006945641772990426,0.2564140800776138,0.0914838081154561,0.04056787709864249,0.0,0.06696218012995181,0.061767715452078396,0.014042822648380953,0.0,0.06629728193785263,0.0495127838855463,0.05978845334686876,0.08276863406605155,0.006544051383754414,0.05833524566419152,0.000992130673327839,0.0,0.0,0.0,0.0,0.048784563226522006,0.08488048973292893,0.0,0.003912240787842097,covid_serum_raman::COVID::068,COVID,covid_serum_raman,raman,serum,0.2564140800776138,0.2659464709110488,0.06224748645203362,0.1532515235675345,0.1260857352847214,0.0,0.006544051383754414,0.06696218012995181,0.014042822648380953,0.04056787709864249,0.000992130673327839,0.006945641772990426,0.15520658120633823
0.0069375323501560645,0.2561422756589938,0.09002758069667466,0.03822194411689475,0.0,0.07699293314845412,0.05449969236809696,0.0034964478132248926,0.0,0.06265601350090987,0.05494662173020604,0.05938954873139159,0.08739306515179072,0.0053043301895593885,0.05887202679963407,0.0,0.0,0.0,0.0,0.0,0.046949363526933297,0.09131344695176219,0.0,0.006857177265317548,covid_serum_raman::COVID::069,COVID,covid_serum_raman,raman,serum,0.2561422756589938,0.28060249736069226,0.06572920406495161,0.14452727306477162,0.12204556223230145,0.0,0.0053043301895593885,0.07699293314845412,0.0034964478132248926,0.03822194411689475,0.0,0.0069375323501560645,0.16423821406201156
0.009595505599889564,0.25011679368533013,0.09334018923319515,0.03639869435751188,0.0,0.07206894860731183,0.06080195602100671,0.013959918209024879,0.0,0.06827140074708277,0.05047684661782854,0.05721500005110131,0.08348508166336074,0.0052762845432002305,0.06574060010506318,0.0,0.0,0.0,0.0,0.0,0.04250147063903179,0.08632745097342577,0.0,0.004423858946635489,covid_serum_raman::COVID::070,COVID,covid_serum_raman,raman,serum,0.25011679368533013,0.2627908498936468,0.07016445905169867,0.15414214525420186,0.12548640079818407,0.0,0.0052762845432002305,0.07206894860731183,0.013959918209024879,0.03639869435751188,0.0,0.009595505599889564,0.16217648933430817
0.010178360964452042,0.24903568652272098,0.09247248493970364,0.03718892316976756,0.0,0.06786632686680659,0.06517143161056306,0.01635268594902159,0.0,0.06965864821885911,0.047125834142922464,0.05633572335104285,0.08379491774231777,0.005219894551497892,0.06793189702685132,0.0013404852733843776,0.0,0.0,0.0,0.0,0.046381992428657606,0.08072220994673977,0.0,0.0032224972946913425,covid_serum_raman::COVID::071,COVID,covid_serum_raman,raman,serum,0.24903568652272098,0.25802495426063765,0.07115439432154266,0.15764391655026672,0.12599437156990195,0.0,0.005219894551497892,0.06786632686680659,0.01635268594902159,0.03718892316976756,0.0013404852733843776,0.010178360964452042,0.15771310180546594
0.010411456091749122,0.2603658654145859,0.0920282250212534,0.0377703291629252,0.0,0.06251098419854732,0.06613910329933345,0.01976558287037528,0.0,0.0646229066588522,0.05117438620276425,0.05560819752794082,0.07554580134997534,0.0041433138181765465,0.06312189661225676,0.00396605409871827,0.0,0.0,0.0,0.0,0.04757002629130936,0.08018101453429763,0.005074856846939061,0.0,covid_serum_raman::COVID::072,COVID,covid_serum_raman,raman,serum,0.2603658654145859,0.25447122837834657,0.06819675345919582,0.15816732832058683,0.12023110418679303,0.0,0.0041433138181765465,0.06251098419854732,0.01976558287037528,0.0377703291629252,0.00396605409871827,0.010411456091749122,0.1494428779324254
0.009238843320910751,0.26114926592444504,0.08919313377871903,0.03975294746090354,0.0,0.06039749531916954,0.06705964032636429,0.020979781679634497,0.0,0.0666825720233229,0.04672132646882801,0.057183541436767966,0.077042417827272,0.0056495925583221265,0.0648343359760485,0.00248494769070685,0.0,0.0,0.0,0.0,0.04671570709874167,0.08155779130630922,0.0011479611749380448,0.002208698628596092,covid_serum_raman::COVID::073,COVID,covid_serum_raman,raman,serum,0.26114926592444504,0.2520372427011509,0.06819099577958262,0.15625277410508331,0.12386611346009085,0.0,0.0056495925583221265,0.06039749531916954,0.020979781679634497,0.03975294746090354,0.00248494769070685,0.009238843320910751,0.14829751168781957
0.00511825869629873,0.27233764208219374,0.09009864018930633,0.03435461936947836,0.0,0.07601375856405286,0.051537370908075586,0.004760897409224579,0.0,0.06498856327478993,0.053849121279738274,0.06295191368302,0.0889585424998979,0.00425914478576224,0.04431075322452348,0.0,0.0,0.0,0.0,0.0,0.04368467886189334,0.09701147491256387,0.0,0.005764620259180905,covid_serum_raman::COVID::074,COVID,covid_serum_raman,raman,serum,0.27233764208219374,0.2835038175540934,0.05007537348370438,0.14163601109738191,0.1279404769578099,0.0,0.00425914478576224,0.07601375856405286,0.004760897409224579,0.03435461936947836,0.0,0.00511825869629873,0.15734628220315428
0.006152930389095184,0.23856445914016125,0.0910921702362627,0.03705853196182578,0.0,0.06500756281453285,0.06811428041032079,0.013347164501988376,0.0,0.06438355869296325,0.04666623383802433,0.05471935274150684,0.08745237694345012,0.008932487628564823,0.06203674891375738,0.004843579230615864,0.0,0.0,0.0,0.0,0.057465293543421066,0.08625244629602627,0.001967309007617842,0.005943513709865452,covid_serum_raman::COVID::075,COVID,covid_serum_raman,raman,serum,0.23856445914016125,0.2778363506209218,0.06994757163124067,0.1592064506465835,0.11910291143447009,0.0,0.008932487628564823,0.06500756281453285,0.013347164501988376,0.03705853196182578,0.004843579230615864,0.006152930389095184,0.16092792750262352
0.002855585769857007,0.25712197829878175,0.08775860955410143,0.03753352582672263,0.0,0.07884402375919528,0.05219800196995818,0.0,0.0,0.06214348302853451,0.055722169321433625,0.06081480906534345,0.09155069288850677,0.007698979780639114,0.04486414174349613,0.0,0.0,0.0,0.0025105523158210352,0.0,0.04891928999088395,0.10018655941710118,0.0,0.009277597269623959,covid_serum_raman::COVID::076,COVID,covid_serum_raman,raman,serum,0.25712197829878175,0.29637871161792556,0.05414173901312009,0.1399566115240596,0.12295829209387796,0.0025105523158210352,0.007698979780639114,0.07884402375919528,0.0,0.03753352582672263,0.0,0.002855585769857007,0.16422545523412135
0.006094626266633448,0.23840330504403298,0.09133077022295244,0.03497465669607889,0.0,0.06294601061323657,0.07292486636471587,0.015742277028899767,0.0,0.0661007812204019,0.04696578766233057,0.05270493378516235,0.09140861076845808,0.00842701041099822,0.0636283186143154,0.003408237013849342,0.0,0.0,0.0,0.0,0.05622683531466114,0.08221395431816479,0.00039456738118185314,0.0061044512739263,covid_serum_raman::COVID::077,COVID,covid_serum_raman,raman,serum,0.23840330504403298,0.27681518806361455,0.07012733726942354,0.1642556365876683,0.11880571500556425,0.0,0.00842701041099822,0.06294601061323657,0.015742277028899767,0.03497465669607889,0.003408237013849342,0.006094626266633448,0.16062613167114603
0.0,0.1839758719657743,0.06285444960464792,0.03190278669387685,0.0,0.0492447743662976,0.07857586874355095,0.011300991941968909,0.0,0.07059558420024027,0.044263633138200045,0.03881881960097763,0.08951403916970987,0.009180916607556237,0.08171053645058501,0.014321227518030501,0.0,0.0,0.029290311091443165,0.0,0.07482403912260388,0.10565135852317965,0.010792426575049138,0.013182364686308108,covid_serum_raman::COVID::078,COVID,covid_serum_raman,raman,serum,0.1839758719657743,0.31425306995369345,0.10568532771194226,0.14143031834819886,0.1094144038012179,0.029290311091443165,0.009180916607556237,0.0492447743662976,0.011300991941968909,0.03190278669387685,0.014321227518030501,0.0,0.18087930618919823
0.0,0.19130563468622638,0.06476969860207438,0.03047822959821054,0.0,0.05270302318970512,0.0772191441937361,0.010138201309757764,0.0,0.07071096951371418,0.0492082103259345,0.04105692313356911,0.08964011560838554,0.009377936149331332,0.07959171097444735,0.011012722381053504,0.0,0.0,0.022621349211870374,0.0,0.07159187125184695,0.10972590323529693,0.004681366131625037,0.014166990503214861,covid_serum_raman::COVID::079,COVID,covid_serum_raman,raman,serum,0.19130563468622638,0.3201661004214639,0.09844006760928725,0.14198884279581048,0.11176789264728329,0.022621349211870374,0.009377936149331332,0.05270302318970512,0.010138201309757764,0.03047822959821054,0.011012722381053504,0.0,0.1806581967463613
0.0,0.1832381644496085,0.06169736634282184,0.03049252165413591,0.0,0.05075120243272386,0.07749901874886383,0.010825796202507015,0.0,0.07515905226691583,0.0465507062017963,0.03966333273900933,0.09130709102296904,0.007905002719494804,0.08337574797734783,0.009246128648623621,0.0,0.0,0.02913735057772689,0.0,0.07266782712847115,0.1070445860628237,0.00922398236006729,0.014215122464093368,covid_serum_raman::COVID::080,COVID,covid_serum_raman,raman,serum,0.1832381644496085,0.31757021041606015,0.10681485280150849,0.13919638509168566,0.11482238500592515,0.02913735057772689,0.007905002719494804,0.05075120243272386,0.010825796202507015,0.03049252165413591,0.009246128648623621,0.0,0.18374718204896934
0.007811825880778995,0.25990385117554926,0.09929190999060988,0.037126854558614336,0.0,0.07512432174870878,0.05653412463925375,0.007134511845297222,0.0,0.06498987396174184,0.05239492529728384,0.06265369784106375,0.08494501361639954,0.002572034213742015,0.05474585431552211,0.0,0.0,0.0,0.0,0.0,0.04308415718804947,0.09091265703518858,0.0,0.0007743866921965897,covid_serum_raman::COVID::081,COVID,covid_serum_raman,raman,serum,0.25990385117554926,0.2713367531369214,0.0555202410077187,0.15582603462986364,0.1276435718028056,0.0,0.002572034213742015,0.07512432174870878,0.007134511845297222,0.037126854558614336,0.0,0.007811825880778995,0.16362352319811835
0.012558490284776631,0.2504889575905357,0.10200653410128244,0.03951278202651734,0.0,0.06213727535102201,0.0685945014221388,0.019324438457894756,0.0,0.06891576517826163,0.04350092408997356,0.05534509868002387,0.07815356202580556,0.0037848845614626885,0.06714696930460859,0.0038923557014738704,0.0,0.0,0.0,0.0,0.044377793233011054,0.08025966799121156,0.0,0.0,covid_serum_raman::COVID::082,COVID,covid_serum_raman,raman,serum,0.2504889575905357,0.24629194734000173,0.06714696930460859,0.17060103552342124,0.1242608638582855,0.0,0.0037848845614626885,0.06213727535102201,0.019324438457894756,0.03951278202651734,0.0038923557014738704,0.012558490284776631,0.15316372100415454
0.011890666769474393,0.2609166692671757,0.10152833064243584,0.0405250610732886,0.0,0.0687559524991406,0.060182559215289255,0.011734361270674632,0.0,0.07003115417709521,0.04887933332737137,0.05890959602247099,0.08208486716652488,0.0014696308144883058,0.05917563746878135,0.0,0.0,0.0,0.0,0.0,0.042196392960017405,0.08171978732577141,0.0,0.0,covid_serum_raman::COVID::083,COVID,covid_serum_raman,raman,serum,0.2609166692671757,0.25488038077968506,0.05917563746878135,0.16171088985772508,0.1289407501995662,0.0,0.0014696308144883058,0.0687559524991406,0.011734361270674632,0.0405250610732886,0.0,0.011890666769474393,0.1571080171310344
0.0021854814038029962,0.25640002468016,0.08662253828656619,0.03659503685081884,0.0,0.08056845333744199,0.04761858696481053,0.0,0.0,0.06305170344367296,0.057323935601343474,0.06700068387544089,0.09014235140992304,0.004140866932732098,0.04918373980484355,0.0,0.0,0.0,0.0024038599964535234,0.0,0.048420891309980105,0.10090956726423664,0.0,0.007432278837773105,covid_serum_raman::COVID::084,COVID,covid_serum_raman,raman,serum,0.25640002468016,0.2967967455854833,0.05661601864261666,0.13424112525137671,0.13005238731911384,0.0024038599964535234,0.004140866932732098,0.08056845333744199,0.0,0.03659503685081884,0.0,0.0021854814038029962,0.16935148197640848
0.006446497761762457,0.24036290831056586,0.0896820222235389,0.037985073759887425,0.0,0.0627659570245296,0.06684487847953918,0.015472562613314509,0.0,0.07241315517825733,0.04647500333359322,0.05661039682935279,0.0851688668693584,0.006463050155471815,0.07477268779969506,0.002755582571074837,0.0,0.0,0.0,0.0,0.0505960476521991,0.08130409982328529,0.0,0.003881209614574212,covid_serum_raman::COVID::085,COVID,covid_serum_raman,raman,serum,0.24036290831056586,0.26354401767843605,0.07865389741426927,0.15652690070307806,0.12902355200761012,0.0,0.006463050155471815,0.0627659570245296,0.015472562613314509,0.037985073759887425,0.002755582571074837,0.006446497761762457,0.15895258905954357
0.007067192232736148,0.24215099082773495,0.08926513034812243,0.03806942485284922,0.0,0.0636895881357937,0.06582035707122383,0.015637467785622795,0.0,0.07241313307695384,0.04731556662404372,0.05544863949627477,0.08594125439689891,0.006143372623297584,0.06961424540527658,0.0012351556987186896,0.0,0.0,0.0,0.0,0.05159327407443003,0.08236654488349472,0.0007591380049083556,0.005469524461619817,covid_serum_raman::COVID::086,COVID,covid_serum_raman,raman,serum,0.24215099082773495,0.2672166399788674,0.07584290787180475,0.15508548741934625,0.12786177257322862,0.0,0.006143372623297584,0.0636895881357937,0.015637467785622795,0.03806942485284922,0.0012351556987186896,0.007067192232736148,0.15945511335256346
0.003341099354047521,0.21791660204542174,0.09371680159475006,0.031744517970952534,0.0,0.05621102682220848,0.07281698655716054,0.01486448328297599,0.0,0.07496477862170527,0.051661642733561275,0.062311191438547624,0.09282533907308406,0.005293184645027014,0.08411754932690828,0.0,0.0,0.0,0.0021314496512400945,0.0,0.049265677806036835,0.08531269979082641,0.0,0.001504969285546206,covid_serum_raman::COVID::087,COVID,covid_serum_raman,raman,serum,0.21791660204542174,0.2790653594035086,0.08562251861245448,0.1665337881519106,0.13727597006025288,0.0021314496512400945,0.005293184645027014,0.05621102682220848,0.01486448328297599,0.031744517970952534,0.0,0.003341099354047521,0.17578560028928858
0.0027793310096478722,0.2058563848720143,0.08870098469838802,0.02990407333632773,0.0,0.0547535918427765,0.0749556383604603,0.015545462165818981,0.0,0.07733537656853542,0.05135569584815091,0.05834619491496159,0.09666005464648904,0.00474727473919701,0.08533468405551776,0.0,0.0,0.0,0.009976491496528813,0.0,0.05344592356653336,0.08708039157475857,0.0,0.003222446303893874,covid_serum_raman::COVID::088,COVID,covid_serum_raman,raman,serum,0.2058563848720143,0.2885420656359319,0.08855713035941164,0.16365662305884832,0.13568157148349702,0.009976491496528813,0.00474727473919701,0.0547535918427765,0.015545462165818981,0.02990407333632773,0.0,0.0027793310096478722,0.18165343776999854
0.0036163306220920494,0.2111848261399105,0.09083784499749724,0.02997201679615313,0.0,0.05446181406045261,0.07441367833998962,0.017268184308465058,0.0,0.07633959523567625,0.04974781819071325,0.057585075104091575,0.09376473544347369,0.004696453423701251,0.08727043667404323,0.0004478601747699831,0.0,0.0,0.003390336302645122,0.0,0.054132434191910606,0.08562991262385537,0.0,0.005240647370559453,covid_serum_raman::COVID::089,COVID,covid_serum_raman,raman,serum,0.2111848261399105,0.2832749004499529,0.09251108404460269,0.16525152333748686,0.13392467033976782,0.003390336302645122,0.004696453423701251,0.05446181406045261,0.017268184308465058,0.02997201679615313,0.0004478601747699831,0.0036163306220920494,0.17699952499315663
0.007177352900547138,0.2265598906133204,0.08389767156635412,0.04287655310741781,0.0,0.05287287899588667,0.07600110898186489,0.01658607973629536,0.0,0.058342763265821836,0.04040703890380589,0.04124140536385589,0.09012010250971851,0.011093053029137349,0.0575252988233924,0.022523834302034685,0.0,0.0,0.0,0.007599681775848881,0.07143841766865688,0.0827309044572732,0.004316531178699521,0.006689432820068511,covid_serum_raman::COVID::090,COVID,covid_serum_raman,raman,serum,0.2265598906133204,0.2846964635394545,0.06853126282216043,0.15989878054821902,0.09958416862967773,0.0,0.011093053029137349,0.06047256077173555,0.01658607973629536,0.04287655310741781,0.022523834302034685,0.007177352900547138,0.15200216987839865
0.004588714165829278,0.21195828114578702,0.07891881676307595,0.04281523156177173,0.0,0.047203109697472385,0.07989983984441792,0.021603404250331953,0.0,0.06082597164843982,0.038310193029762504,0.03865519803345047,0.09390558335879047,0.012691501676924906,0.06458969326005852,0.025282265675164513,0.0,0.0,0.0,0.008678540718548856,0.07432123108427853,0.08114643270959017,0.0070559208030310586,0.007550070573273904,covid_serum_raman::COVID::091,COVID,covid_serum_raman,raman,serum,0.21195828114578702,0.28768344018242165,0.07919568463636349,0.1588186566074939,0.0994811696818903,0.0,0.012691501676924906,0.05588165041602124,0.021603404250331953,0.04281523156177173,0.025282265675164513,0.004588714165829278,0.1563495432955918
0.007133059550081671,0.219162244289584,0.08291891725678299,0.04153367711057815,0.0,0.04724352971610853,0.08061583822951551,0.023379078743137934,0.0,0.06355338400586531,0.03450324794980077,0.039277940966231904,0.09151804741360639,0.009925328066372386,0.06527449479574526,0.02570827693406558,0.0,0.0,0.0,0.0054872261238056545,0.07225432123527231,0.07928126181936418,0.004381666504693413,0.00684845928938802,covid_serum_raman::COVID::092,COVID,covid_serum_raman,raman,serum,0.219162244289584,0.27755687841804366,0.0765046205898267,0.1635347554862985,0.10283132497209721,0.0,0.009925328066372386,0.052730755839914184,0.023379078743137934,0.04153367711057815,0.02570827693406558,0.007133059550081671,0.15240292966230962
0.008135007270530775,0.2577849004901271,0.09219300431169457,0.039958045133654974,0.0,0.0716853779678062,0.059334482334708026,0.008210045768555878,0.0,0.06445127753666158,0.053299584356810266,0.05812828745243363,0.08246348246377386,0.0041119437627126255,0.05843192465689937,9.251765116709433e-05,0.0,0.0,0.0,0.0,0.04674823088505329,0.0882110937834031,0.0,0.006760794174007736,covid_serum_raman::COVID::093,COVID,covid_serum_raman,raman,serum,0.2577849004901271,0.2707223914890405,0.0651927188309071,0.1515274866464026,0.12257956498909521,0.0,0.0041119437627126255,0.0716853779678062,0.008210045768555878,0.039958045133654974,9.251765116709433e-05,0.008135007270530775,0.1589478353038889
0.008255329456721215,0.2522470163601618,0.09297688094140395,0.039482359425584874,0.0,0.07030550562887988,0.06147204508893443,0.009755769337242294,0.0,0.06467694869081853,0.05170337611167023,0.05779646167170164,0.0830902715522195,0.004190164462464496,0.06282005536065358,0.0,0.0,0.0,0.0,0.0,0.04701961749105795,0.089702868091313,0.0,0.004505330329172616,covid_serum_raman::COVID::094,COVID,covid_serum_raman,raman,serum,0.2522470163601618,0.27151613324626067,0.0673253856898262,0.15444892603033838,0.12247341036252016,0.0,0.004190164462464496,0.07030550562887988,0.009755769337242294,0.039482359425584874,0.0,0.008255329456721215,0.1620110969133941
0.010552207921959123,0.24703290903605524,0.09571737437148663,0.03984166260712922,0.0,0.06562069687166724,0.06502052213723346,0.015493203830063898,0.0,0.06705826574965089,0.04812147806534779,0.05588013702215751,0.08108207958701022,0.004279940737866829,0.06508707143591157,0.005028421889316259,0.0,0.0,0.0,0.0,0.04968236390264178,0.08107649526606757,0.0,0.003425169568434735,covid_serum_raman::COVID::095,COVID,covid_serum_raman,raman,serum,0.24703290903605524,0.25996241682106735,0.0685122410043463,0.16073789650872009,0.1229384027718084,0.0,0.004279940737866829,0.06562069687166724,0.015493203830063898,0.03984166260712922,0.005028421889316259,0.010552207921959123,0.15733487365246435
0.009109166687476503,0.25475534374579883,0.094317502186019,0.04073494617858517,0.0,0.06384870840462083,0.0639955438662365,0.01662554207829585,0.0,0.06717030729278137,0.047506105577288314,0.057501038372188,0.0786100668775322,0.004509945206574828,0.06318737938938547,0.0034942462743962673,0.0,0.0,0.0,0.0,0.04908712173096313,0.08379687114345512,0.0,0.0017501649884025569,covid_serum_raman::COVID::096,COVID,covid_serum_raman,raman,serum,0.25475534374579883,0.25900016532923875,0.06493754437778802,0.1583130460522555,0.12467134566496937,0.0,0.004509945206574828,0.06384870840462083,0.01662554207829585,0.04073494617858517,0.0034942462743962673,0.009109166687476503,0.1539591560594168
0.008467571642842323,0.254177324064068,0.09299127093392717,0.040894416026840665,0.0,0.06509788065630492,0.06263766921359934,0.01581402621484916,0.0,0.06382869831442754,0.049213770044449115,0.058079669356978864,0.08347213003204954,0.005879694293422026,0.0577131510609345,0.0027369270114003413,0.0,0.0,0.0,0.0,0.0504779744066438,0.08467601848027644,0.0,0.003841808246986314,covid_serum_raman::COVID::097,COVID,covid_serum_raman,raman,serum,0.254177324064068,0.2678398929634189,0.06155495930792081,0.1556289401475265,0.1219083676714064,0.0,0.005879694293422026,0.06509788065630492,0.01581402621484916,0.040894416026840665,0.0027369270114003413,0.008467571642842323,0.15463607578589045
0.008974421528350013,0.2621945781100484,0.09605162522203961,0.039036281859153796,0.0,0.0680418727628664,0.06047632552830745,0.014649223537763508,0.0,0.06477318163700871,0.04921209653043947,0.05822723183732806,0.08367902761314602,0.004449257401699775,0.05696336546959934,0.001928148244094722,0.0,0.0,0.0,0.0,0.047282257595162275,0.08242821677628423,0.0,0.0016328883467081026,covid_serum_raman::COVID::098,COVID,covid_serum_raman,raman,serum,0.2621945781100484,0.262601598515032,0.058596253816307446,0.15652795075034706,0.12300041347433677,0.0,0.004449257401699775,0.0680418727628664,0.014649223537763508,0.039036281859153796,0.001928148244094722,0.008974421528350013,0.15315745484011034
0.005991846027841262,0.24721260412344256,0.08868775687994651,0.03932263595376606,0.0,0.06723015173015598,0.06349614828414342,0.014380402264606722,0.0,0.06620280659685805,0.04543017459683519,0.0523922753386868,0.0919808560631772,0.007055859969929181,0.06388000787651577,0.0,0.0,0.0,0.0,0.0,0.0507769180370946,0.08913973358690898,0.0,0.006819822670091601,covid_serum_raman::COVID::099,COVID,covid_serum_raman,raman,serum,0.24721260412344256,0.277327682284016,0.07069983054660736,0.15218390516408992,0.11859508193554485,0.0,0.007055859969929181,0.06723015173015598,0.014380402264606722,0.03932263595376606,0.0,0.005991846027841262,0.16085446781797774
0.006871351178072601,0.2252720077660434,0.07960569443066874,0.03972730307918987,0.0,0.05507117968324008,0.07540754934565753,0.020981645195891522,0.0,0.0665796876614662,0.040886146535238616,0.04086942972711826,0.09340256374165229,0.00985671231824617,0.07484250016845503,0.01560145237076192,0.0,0.0,0.0,0.000963227238723285,0.06348815332633997,0.08147264202452792,0.00045954186310512274,0.008641212345601503,covid_serum_raman::COVID::100,COVID,covid_serum_raman,raman,serum,0.2252720077660434,0.2792495056277588,0.08394325437716166,0.15501324377632628,0.10744911738858445,0.0,0.00985671231824617,0.05603440692196337,0.020981645195891522,0.03972730307918987,0.01560145237076192,0.006871351178072601,0.15566536166120815
0.007321716671253322,0.24013526816359013,0.08630162403859648,0.04022489950564982,0.0,0.06250167063656825,0.06773943859666784,0.016689822414364473,0.0,0.06664491665553161,0.04265485648755085,0.05162991750060423,0.0891171731927213,0.007427977362921525,0.06753441069068246,0.004890252089972312,0.0,0.0,0.0,0.0,0.05378817726874467,0.08743244325007724,0.0,0.007965435474503459,covid_serum_raman::COVID::101,COVID,covid_serum_raman,raman,serum,0.24013526816359013,0.272992650199094,0.07549984616518592,0.15404106263526432,0.11827483415613585,0.0,0.007427977362921525,0.06250167063656825,0.016689822414364473,0.04022489950564982,0.004890252089972312,0.007321716671253322,0.1575718637707908
0.011628695664019863,0.24800357884863586,0.09601130735677403,0.036491290545153064,0.0,0.05917059942306987,0.07012450859134746,0.021404674412493416,0.0,0.07675990711538694,0.04638094114354826,0.05696721846389389,0.0753985114295072,0.004496556913586543,0.07888158531961083,0.0,0.0,0.0,0.0,0.0,0.04003183584839354,0.0782487889245792,0.0,0.0,covid_serum_raman::COVID::102,COVID,covid_serum_raman,raman,serum,0.24800357884863586,0.2400600773460282,0.07888158531961083,0.1661358159481215,0.13372712557928082,0.0,0.004496556913586543,0.05917059942306987,0.021404674412493416,0.036491290545153064,0.0,0.011628695664019863,0.15308058360913213
0.012110668772990813,0.2548123168088756,0.09599218102065431,0.0374050879604595,0.0,0.06187688347245929,0.0662840807267138,0.02026631896283889,0.0,0.07470777087519323,0.046579522993687,0.05719686356246879,0.07809464126926459,0.0022143500844583664,0.07377406113835575,0.0,0.0,0.0,0.0,0.0,0.04129380283878668,0.07739144951279343,0.0,0.0,covid_serum_raman::COVID::103,COVID,covid_serum_raman,raman,serum,0.2548123168088756,0.2433594166145317,0.07377406113835575,0.1622762617473681,0.131904634437662,0.0,0.0022143500844583664,0.06187688347245929,0.02026631896283889,0.0374050879604595,0.0,0.012110668772990813,0.1532034697461031
0.012209806100893257,0.2505978307198597,0.09698682222416921,0.03694967000422443,0.0,0.05691173565220113,0.07112009797315194,0.023982165212112695,0.0,0.07421099920711109,0.044378294745158316,0.054666881369915564,0.07439467005082105,0.0036510510612423283,0.08099667535007891,0.0012681706162414581,0.0,0.0,0.0,0.0,0.040758482239138624,0.07691664747368031,0.0,0.0,covid_serum_raman::COVID::104,COVID,covid_serum_raman,raman,serum,0.2505978307198597,0.23644809450879833,0.08099667535007891,0.16810692019732115,0.12887788057702665,0.0,0.0036510510612423283,0.05691173565220113,0.023982165212112695,0.03694967000422443,0.0012681706162414581,0.012209806100893257,0.14966327617165864
0.010123084493404023,0.24337224489117043,0.08631057951270812,0.039616182596170224,0.0,0.060704697485356035,0.07062755637347387,0.021974092545580276,0.0,0.07070580919310052,0.04261864865314936,0.051105276712795536,0.08435814687867578,0.00481071539020872,0.07257932223855149,0.007195142698801272,0.0,0.0,0.0,0.0,0.050516609391075655,0.07938084482649954,0.0,0.004001046119279214,covid_serum_raman::COVID::105,COVID,covid_serum_raman,raman,serum,0.24337224489117043,0.2568742497494003,0.0765803683578307,0.156938135886182,0.12181108590589605,0.0,0.00481071539020872,0.060704697485356035,0.021974092545580276,0.039616182596170224,0.007195142698801272,0.010123084493404023,0.15201613874182818
0.007752835507917459,0.24734950467860506,0.08685275426935175,0.037464917833998745,0.0,0.06206544299615979,0.0682200656975751,0.019198649961719317,0.0,0.07215657665389273,0.04549137584664541,0.05452414905953882,0.08448303187021647,0.006094572266092387,0.07401078307477368,0.0004904797802018214,0.0,0.0,0.0,0.0,0.04630249725386498,0.08308623554233299,0.0027047597363556524,0.0017513679707576958,covid_serum_raman::COVID::106,COVID,covid_serum_raman,raman,serum,0.24734950467860506,0.25936314051305986,0.07846691078188704,0.15507281996692684,0.12668072571343156,0.0,0.006094572266092387,0.06206544299615979,0.019198649961719317,0.037464917833998745,0.0004904797802018214,0.007752835507917459,0.1557663930893861
0.007819967907142828,0.24850630592081438,0.08619906915770503,0.03781069006883435,0.0,0.06093215361752652,0.06931291788553741,0.018751298125000676,0.0,0.07261305368410134,0.047223301125211,0.05167757879205967,0.08510885847057982,0.007993704110692468,0.07213828811230133,0.0014927154859295806,0.0,0.0,0.0,0.0,0.046746630817961064,0.08121715121216484,0.000634097494812735,0.003822218011624948,covid_serum_raman::COVID::107,COVID,covid_serum_raman,raman,serum,0.24850630592081438,0.26029594162591674,0.07659460361873902,0.15551198704324243,0.12429063247616101,0.0,0.007993704110692468,0.06093215361752652,0.018751298125000676,0.03781069006883435,0.0014927154859295806,0.007819967907142828,0.15364324556783637
0.0023594700593761644,0.21510652883229642,0.07769786787722543,0.0472776700854779,0.0,0.04788359400734941,0.07970755755670372,0.013298710681930972,0.0,0.04580901561087758,0.035530050093470204,0.03507332636931006,0.09631395256763477,0.01403431280097805,0.03938328723806533,0.03201584545388644,0.0,0.0,0.0,0.021227346480490808,0.08807855458609876,0.09449617436510678,0.0009930158708377054,0.013713719462883488,covid_serum_raman::COVID::108,COVID,covid_serum_raman,raman,serum,0.21510652883229642,0.3144187316123105,0.05409002257178652,0.15740542543392916,0.08088234198018764,0.0,0.01403431280097805,0.06911094048784022,0.013298710681930972,0.0472776700854779,0.03201584545388644,0.0023594700593761644,0.15755607068848576
3.299497986696099e-05,0.20934367631716552,0.07488832659151207,0.04576322402144476,0.0,0.042986772355721986,0.08304988579672552,0.013000535312384865,0.0,0.04443185583011979,0.03604021537121572,0.03213190509742514,0.1009339911790228,0.01317565574624363,0.038123248879684414,0.03513132630763993,0.0,0.0,0.0,0.026941846362377363,0.0941590150727059,0.09108484180358194,0.005567274679167284,0.013213408295994433,covid_serum_raman::COVID::109,COVID,covid_serum_raman,raman,serum,0.20934367631716552,0.32221806342652637,0.05690393185484613,0.15793821238823758,0.07656376092754494,0.0,0.01317565574624363,0.06992861871809936,0.013000535312384865,0.04576322402144476,0.03513132630763993,3.299497986696099e-05,0.16380655355431872
0.001812374518643948,0.21618806651704808,0.07841474364095134,0.04626042219317853,0.0,0.052047295631329565,0.07858976474728989,0.012147249192657401,0.0,0.048187316772026104,0.038637703742424354,0.036603511033309034,0.09697256700428096,0.015477154255506163,0.04053852746149587,0.02740910368456721,0.0,0.0,0.0,0.020834078051027872,0.08567926640611392,0.0892587071078083,0.0007983540255866572,0.01414379401475478,covid_serum_raman::COVID::110,COVID,covid_serum_raman,raman,serum,0.21618806651704808,0.31054824426062755,0.05548067550183731,0.15700450838824123,0.08479082780533514,0.0,0.015477154255506163,0.07288137368235743,0.012147249192657401,0.04626042219317853,0.02740910368456721,0.001812374518643948,0.15562338007252252
0.008104611855545221,0.22560366782901256,0.091435313572072,0.03587135424733318,0.0,0.05278422772468769,0.08024902267793971,0.02279498329634415,0.0,0.06898415605048144,0.04356898816410076,0.04817680719628755,0.08181647226176723,0.008872795295910601,0.07742067549448743,0.011039748909385612,0.0,0.0,0.0,0.0,0.055398201181588794,0.08080581236698019,0.005260583482298119,0.0018125783937777463,covid_serum_raman::COVID::111,COVID,covid_serum_raman,raman,serum,0.22560366782901256,0.261589473974437,0.08449383737056329,0.17168433625001173,0.117160963246769,0.0,0.008872795295910601,0.05278422772468769,0.02279498329634415,0.03587135424733318,0.011039748909385612,0.008104611855545221,0.15477226817322354
0.008748199968505711,0.2375801374278517,0.09188051469714072,0.038001591073574516,0.0,0.05988397342111768,0.07243086117968445,0.017506271296044908,0.0,0.06991923267425412,0.047550824403569836,0.052655277992256576,0.08245619281039687,0.007382916443905066,0.06877736908204313,0.005639980820780917,0.0,0.0,0.0,0.0,0.053965742049631574,0.08050904552496121,0.002018331302273882,0.0030935378320071103,covid_serum_raman::COVID::112,COVID,covid_serum_raman,raman,serum,0.2375801374278517,0.26448180478855954,0.07388923821632412,0.16431137587682515,0.1225745106665107,0.0,0.007382916443905066,0.05988397342111768,0.017506271296044908,0.038001591073574516,0.005639980820780917,0.008748199968505711,0.15612747794315474
0.008730195886632602,0.23685208578930508,0.08986400500397229,0.03783240568131788,0.0,0.05701785989015989,0.07520023785847067,0.018227732515978423,0.0,0.06732600575926936,0.04705707767150259,0.04943237392250127,0.08488160794232463,0.008125279070439282,0.06857158328739456,0.007909608950342886,0.0,0.0,0.0,0.0,0.05817956585368988,0.08126750548017579,0.000641660166994779,0.0028832092695281163,covid_serum_raman::COVID::113,COVID,covid_serum_raman,raman,serum,0.23685208578930508,0.2713857569476929,0.07209645272391746,0.16506424286244298,0.11675837968177064,0.0,0.008125279070439282,0.05701785989015989,0.018227732515978423,0.03783240568131788,0.007909608950342886,0.008730195886632602,0.15500492154527556
0.006851350897514892,0.21856124338582736,0.09258281688204184,0.039161133136811875,0.0,0.05168735363678841,0.07516596118844109,0.014483337922523048,0.0,0.06451958063361653,0.047239823088444724,0.0554392703260308,0.0951132883410041,0.0025616406171129454,0.07089305197016198,0.011443906083186729,0.0,0.0,0.0,0.0012226189761851435,0.06159424129482246,0.09014873237068724,0.0,0.0013306492487988033,covid_serum_raman::COVID::114,COVID,covid_serum_raman,raman,serum,0.21856124338582736,0.29409608509495855,0.07222370121896078,0.16774877807048294,0.11995885095964733,0.0,0.0025616406171129454,0.05290997261297355,0.014483337922523048,0.039161133136811875,0.011443906083186729,0.006851350897514892,0.1715704835556977
0.0028791982993125664,0.24807209375850028,0.09154519127435642,0.038351320619000685,0.0,0.0741351420619047,0.0508042207866558,0.0,0.0,0.05549920238876726,0.06330068253516916,0.07034971913970815,0.09853849961083189,0.0,0.04534893929798299,0.0,0.0,0.0,0.001911014378660078,0.0,0.05458421830930665,0.099613623830564,0.0,0.005066933709279256,covid_serum_raman::COVID::115,COVID,covid_serum_raman,raman,serum,0.24807209375850028,0.3160370242858717,0.050415873007262246,0.14234941206101223,0.1258489215284754,0.001911014378660078,0.0,0.0741351420619047,0.0,0.038351320619000685,0.0,0.0028791982993125664,0.18019651783030866
0.00793436913674198,0.2340396835593493,0.09565902239959344,0.041725075231200594,0.0,0.056375828565240045,0.06982021447155164,0.014832825681460418,0.0,0.06099885171693822,0.04724214328149552,0.05916987726591586,0.0913932431516527,0.0012088985826070391,0.06907300911836957,0.007875142974378671,0.0,0.0,0.0,0.0,0.05641108606626035,0.08500020473258951,0.0,0.0012405240646552705,covid_serum_raman::COVID::116,COVID,covid_serum_raman,raman,serum,0.2340396835593493,0.28004667723199805,0.07031353318302484,0.16547923687114507,0.12016872898285408,0.0,0.0012088985826070391,0.056375828565240045,0.014832825681460418,0.041725075231200594,0.007875142974378671,0.00793436913674198,0.16505122240984704
0.008414853999558663,0.2545873903449462,0.08856862640346778,0.04056812986000631,0.0,0.06983804884810989,0.058328503166256894,0.010428657974392744,0.0,0.06795087723910465,0.05099798247074737,0.05851962494248426,0.08224880939708737,0.004895956425715027,0.06411448983534483,0.0,0.0,0.0,0.0,0.0,0.04603791927788618,0.09032257970558825,0.0,0.004177550109303715,covid_serum_raman::COVID::117,COVID,covid_serum_raman,raman,serum,0.2545873903449462,0.2696072908513092,0.06829203994464855,0.14689712956972467,0.1264705021815889,0.0,0.004895956425715027,0.06983804884810989,0.010428657974392744,0.04056812986000631,0.0,0.008414853999558663,0.15997986429121647
0.00985320912313919,0.24925760598814678,0.09108741934574126,0.037943053685430404,0.0,0.06523420218767145,0.062756941162296,0.016486959542705956,0.0,0.06945488183522289,0.05007496485934551,0.05622540490788597,0.08123834952040676,0.004610803465958556,0.07116141042807873,0.0,0.0,0.0,0.0,0.0,0.045116311560392704,0.0877568526499455,0.0,0.0017416297376324037,covid_serum_raman::COVID::118,COVID,covid_serum_raman,raman,serum,0.24925760598814678,0.2641864785900905,0.07290304016571114,0.15384436050803726,0.12568028674310885,0.0,0.004610803465958556,0.06523420218767145,0.016486959542705956,0.037943053685430404,0.0,0.00985320912313919,0.15936906874117407
0.009403906611446793,0.2434359359037035,0.09086542441601392,0.038329419913226435,0.0,0.0639219186513402,0.0644085460271471,0.017862759453162888,0.0,0.07040675034252598,0.047948013086909436,0.055107280239453396,0.08173953213154929,0.003591904152437437,0.07192845780799839,0.0003769703640995194,0.0,0.0,0.0,0.0,0.04642179559453247,0.08947484902470755,0.0,0.004776536279745707,covid_serum_raman::COVID::119,COVID,covid_serum_raman,raman,serum,0.2434359359037035,0.2655841898376987,0.0767049940877441,0.15527397044316102,0.12551403058197938,0.0,0.003591904152437437,0.0639219186513402,0.017862759453162888,0.038329419913226435,0.0003769703640995194,0.009403906611446793,0.16020106095830278
0.006720418493464022,0.23266232791155833,0.10016474686043149,0.03625134283489205,0.0,0.058218003828737305,0.07152255810428773,0.015274490402623304,0.0,0.06955335068364878,0.050645476033070645,0.06443179922238422,0.08783407834233745,0.0016816471943191724,0.07484507793557123,0.0,0.0,0.0,0.0,0.0,0.04941006806998755,0.08078461408268674,0.0,0.0,covid_serum_raman::COVID::120,COVID,covid_serum_raman,raman,serum,0.23266232791155833,0.26867423652808237,0.07484507793557123,0.17168730496471923,0.133985149906033,0.0,0.0016816471943191724,0.058218003828737305,0.015274490402623304,0.03625134283489205,0.0,0.006720418493464022,0.16843997656737741
0.005777893299303774,0.23338641553712242,0.09853859597050853,0.03518668598368402,0.0,0.0596145064572194,0.06725675863624911,0.012781371488327437,0.0,0.0680175952194,0.049586328290655964,0.06544014235326616,0.08868483845362327,0.00436952114991362,0.07245390659859405,0.0,0.0,0.0,0.0,0.0,0.0501055326714192,0.08843784507685296,0.0,0.0003620628138601423,covid_serum_raman::COVID::121,COVID,covid_serum_raman,raman,serum,0.23338641553712242,0.2768145444925514,0.07281596941245419,0.16579535460675765,0.13345773757266616,0.0,0.00436952114991362,0.0596145064572194,0.012781371488327437,0.03518668598368402,0.0,0.005777893299303774,0.16979145844478383
0.005837475522958805,0.23603859125150295,0.09891138302716475,0.035522682432548976,0.0,0.05956432614818719,0.06891893015856795,0.014378054536513465,0.0,0.06900725439012352,0.04853980588740418,0.06351739697572634,0.09019910825796641,0.0034490459476307998,0.07200199968420186,0.0002499290976766935,0.0,0.0,0.0,0.0,0.052732491847926034,0.08113152483389996,0.0,0.0,covid_serum_raman::COVID::122,COVID,covid_serum_raman,raman,serum,0.23603859125150295,0.27260293082719655,0.07200199968420186,0.16783031318573272,0.13252465136584984,0.0,0.0034490459476307998,0.05956432614818719,0.014378054536513465,0.035522682432548976,0.0002499290976766935,0.005837475522958805,0.16688482219477196
0.006629258977857167,0.24435074065999682,0.10290949950347861,0.03732857353017414,0.0,0.06666019261321264,0.060344158258197986,0.007845359013601248,0.0,0.06233030383603572,0.05198631842156852,0.06825548624031565,0.0937276405863882,0.0,0.05859482289230719,0.0,0.0,0.0,0.0,0.0,0.0482118724876269,0.0908257729792392,0.0,0.0,covid_serum_raman::COVID::123,COVID,covid_serum_raman,raman,serum,0.24435074065999682,0.28475160447482284,0.05859482289230719,0.1632536577616766,0.13058579007635138,0.0,0.0,0.06666019261321264,0.007845359013601248,0.03732857353017414,0.0,0.006629258977857167,0.17572295551137496
0.00633393473926836,0.23644473122912765,0.1012123084829829,0.03576397148876989,0.0,0.06220754602829875,0.06612157694157828,0.012150693288191995,0.0,0.06354283023037456,0.051689481850536456,0.06460910079277475,0.09234248062850417,0.00011349633837630752,0.0670044320936409,0.0,0.0,0.0,0.0,0.0,0.05205886433450063,0.08639198693111579,0.0,0.0020125646019585803,covid_serum_raman::COVID::124,COVID,covid_serum_raman,raman,serum,0.23644473122912765,0.28248281374465706,0.06901699669559948,0.16733388542456118,0.1281519310231493,0.0,0.00011349633837630752,0.06220754602829875,0.012150693288191995,0.03576397148876989,0.0,0.00633393473926836,0.17296813797216382
0.009840848192277865,0.2396658177136979,0.10228820003337534,0.03921449079562779,0.0,0.059620834899808274,0.06933410823243157,0.01730687146382108,0.0,0.06458737228813417,0.04650445045955438,0.06377714567962885,0.0879004659548683,0.0017170186912017214,0.06970542877657594,0.003205540528625702,0.0,0.0,0.0,0.0,0.04906992156224354,0.0762614847281276,0.0,0.0,covid_serum_raman::COVID::125,COVID,covid_serum_raman,raman,serum,0.2396658177136979,0.25973632270479385,0.06970542877657594,0.1716223082658069,0.12836451796776302,0.0,0.0017170186912017214,0.059620834899808274,0.01730687146382108,0.03921449079562779,0.003205540528625702,0.009840848192277865,0.16195126797814063
0.006280698182365321,0.23625824142584903,0.09707004423085183,0.03741295678830136,0.0,0.058716656576119006,0.06823390808233476,0.015490540235688412,0.0,0.0636295041466145,0.04543425969996858,0.06487160614826643,0.09380202876224196,0.0038028777616705505,0.06547258076441174,0.004788151621977002,0.0,0.0,0.0,0.0,0.05583604686902214,0.08217297527719432,0.0,0.000726923427123063,covid_serum_raman::COVID::126,COVID,covid_serum_raman,raman,serum,0.23625824142584903,0.277245310608427,0.06619950419153481,0.1653039523131866,0.12850111029488093,0.0,0.0038028777616705505,0.058716656576119006,0.015490540235688412,0.03741295678830136,0.004788151621977002,0.006280698182365321,0.16558839152293137
0.005237547109544093,0.23464469492909976,0.09390558710774752,0.037032825535077044,0.0,0.06023592036241043,0.06612268675190741,0.013412887958572837,0.0,0.05913648149120971,0.04917457843505206,0.06445454336368546,0.0936445707785537,0.005391265213135074,0.06560697525903789,0.0034770033021930265,0.0,0.0,0.0,0.0,0.05788651892692063,0.0873660478641233,0.0,0.0032698656117300805,covid_serum_raman::COVID::127,COVID,covid_serum_raman,raman,serum,0.23464469492909976,0.2880717160046497,0.06887684087076797,0.16002827385965493,0.12359102485489518,0.0,0.005391265213135074,0.06023592036241043,0.013412887958572837,0.037032825535077044,0.0034770033021930265,0.005237547109544093,0.16853740187617972
0.005574772326454864,0.2358479873096504,0.09431510520928592,0.03721533819270466,0.0,0.05889746464154229,0.0671185806770524,0.01606779162430948,0.0,0.0622316973220198,0.045954541239646755,0.06268217772027151,0.09420569657185428,0.0046557922701843816,0.06657239658837742,0.004548328775207351,0.0,0.0,0.0,0.0,0.057020930221504444,0.08340317589660869,0.0,0.0036882234133252963,covid_serum_raman::COVID::128,COVID,covid_serum_raman,raman,serum,0.2358479873096504,0.2805843439296142,0.07026062000170272,0.16143368588633833,0.12491387504229132,0.0,0.0046557922701843816,0.05889746464154229,0.01606779162430948,0.03721533819270466,0.004548328775207351,0.005574772326454864,0.1647650783290846
0.009142052713736068,0.2331131606473825,0.09836535786367717,0.038415163947152636,0.0,0.0570234671932742,0.07061269528108063,0.02193180847668133,0.0,0.0635083144702675,0.0436278208231674,0.06028574684830942,0.08952491254638512,0.005407450336137214,0.07590010042871702,0.003158666303670792,0.0,0.0,0.0,0.0,0.050693411440551034,0.07701341381611236,0.0,0.0022764568636975545,covid_serum_raman::COVID::129,COVID,covid_serum_raman,raman,serum,0.2331131606473825,0.2608595586262159,0.07817655729241457,0.1689780531447578,0.12379406131857693,0.0,0.005407450336137214,0.0570234671932742,0.02193180847668133,0.038415163947152636,0.003158666303670792,0.009142052713736068,0.15873788777823017
0.008633516139814706,0.23691621919140757,0.099340733608919,0.036604295953446386,0.0,0.061089036080421905,0.06870124463372385,0.018545462149568794,0.0,0.0659229981580594,0.04853198384912307,0.06341494810138751,0.09027259229757008,0.0027911618644967558,0.0720997504011784,0.0,0.0,0.0,0.0,0.0,0.04824495225332909,0.0767426575142852,0.0,0.0021484478032682834,covid_serum_raman::COVID::130,COVID,covid_serum_raman,raman,serum,0.23691621919140757,0.2637921859143074,0.07424819820444668,0.16804197824264283,0.1293379462594469,0.0,0.0027911618644967558,0.061089036080421905,0.018545462149568794,0.036604295953446386,0.0,0.008633516139814706,0.16402414455120928
0.007603158501566757,0.2309671620361573,0.09486053832809598,0.03714945066322326,0.0,0.05792853301310702,0.07087578206440324,0.020104906118186463,0.0,0.06709597205661766,0.043105023108739475,0.060841302561921176,0.09254855012049991,0.0036629457411963976,0.07432803572746965,0.0034734288458794435,0.0,0.0,0.0,0.0,0.05048670111218433,0.08206264518551101,0.0,0.0029058648152409093,covid_serum_raman::COVID::131,COVID,covid_serum_raman,raman,serum,0.2309671620361573,0.26820291952693476,0.07723390054271057,0.16573632039249922,0.12793727461853882,0.0,0.0036629457411963976,0.05792853301310702,0.020104906118186463,0.03714945066322326,0.0034734288458794435,0.007603158501566757,0.16320430583963985
0.008207100940310779,0.24148154304642863,0.10391120115496372,0.0355767650492421,0.0,0.0670767052128886,0.06474927393211254,0.00985147895157383,0.0,0.06219493180264448,0.049056266326286214,0.06276134395375604,0.08554789450715043,0.001448007019725049,0.06527117389323003,0.0,0.0,0.0,0.0,0.0,0.04922554685112607,0.09364076735856142,0.0,0.0,covid_serum_raman::COVID::132,COVID,covid_serum_raman,raman,serum,0.24148154304642863,0.27747047504312417,0.06527117389323003,0.16866047508707627,0.12495627575640053,0.0,0.001448007019725049,0.0670767052128886,0.00985147895157383,0.0355767650492421,0.0,0.008207100940310779,0.17171832384142438
0.008056555306601005,0.2402148562577814,0.10767575834102729,0.03589520172016075,0.0,0.06783216063495032,0.06221730459622025,0.011149653364167103,0.0,0.06698393712723515,0.04808726741820613,0.06567603440491697,0.08207779770485563,0.0012618207848693725,0.06866170938062233,0.0,0.0,0.0,0.0,0.0,0.04472659302400742,0.08948334993437886,0.0,0.0,covid_serum_raman::COVID::133,COVID,covid_serum_raman,raman,serum,0.2402148562577814,0.26437500808144804,0.06866170938062233,0.16989306293724754,0.13265997153215212,0.0,0.0012618207848693725,0.06783216063495032,0.011149653364167103,0.03589520172016075,0.0,0.008056555306601005,0.17112581481143907
0.007150688918749272,0.24161642942219533,0.10798865409712334,0.034813546187283786,0.0,0.06679051441897185,0.06777189450347679,0.012897414262532058,0.0,0.06514101039109163,0.047217352238046,0.06181814035928699,0.08443171027904556,0.00047233862311266936,0.07078450341375549,0.0,0.0,0.0,0.0,0.0,0.04166047865349249,0.08944532423183668,0.0,0.0,covid_serum_raman::COVID::134,COVID,covid_serum_raman,raman,serum,0.24161642942219533,0.2627548654024207,0.07078450341375549,0.17576054860060014,0.1269591507503786,0.0,0.00047233862311266936,0.06679051441897185,0.012897414262532058,0.034813546187283786,0.0,0.007150688918749272,0.16952964923597835
0.0027232642352987735,0.23250103261748253,0.09316000867672874,0.038980575931766154,0.0,0.06256526031994207,0.06549473369780404,0.00872901418259944,0.0,0.05412962981880629,0.04553592675387565,0.053770533866531155,0.09484463759937836,0.0014539125090874928,0.05575454690689066,0.011834541313125285,0.0,0.0,0.0,0.005116693745513484,0.06799014671425575,0.09935326040156534,0.0,0.006062280709348754,covid_serum_raman::COVID::135,COVID,covid_serum_raman,raman,serum,0.23250103261748253,0.3077239714690751,0.06181682761623942,0.15865474237453278,0.10790016368533745,0.0,0.0014539125090874928,0.06768195406545556,0.00872901418259944,0.038980575931766154,0.011834541313125285,0.0027232642352987735,0.17108422911707655
0.004107229052781245,0.2253702908565593,0.09112520010728717,0.03881652973302655,0.0,0.05456375376174689,0.07226046944378052,0.01782306611355051,0.0,0.057239539891821324,0.03763534519400732,0.04796007062383409,0.09485904266674487,0.0037988165022899865,0.06834636748311161,0.01931552420237249,0.0,0.0,0.0,0.006072223071876923,0.06918356199838772,0.08791218225305147,0.0,0.0036107870437699268,covid_serum_raman::COVID::136,COVID,covid_serum_raman,raman,serum,0.2253702908565593,0.28959013211219137,0.07195715452688153,0.1633856695510677,0.1051996105156554,0.0,0.0037988165022899865,0.06063597683362381,0.01782306611355051,0.03881652973302655,0.01931552420237249,0.004107229052781245,0.16134310665749219
0.0033328285366311583,0.22310320264866135,0.08974935802496757,0.040955224953267796,0.0,0.0563278376360251,0.07258539376075004,0.016898115842908994,0.0,0.054364018772129055,0.040704397411078355,0.05002047823871731,0.09208770284020606,0.0048210577743067855,0.06635679419543429,0.018557912251376093,0.0,0.0,0.0,0.005762208561795454,0.06493701958117468,0.09368241361394325,0.0,0.005754035356626668,covid_serum_raman::COVID::137,COVID,covid_serum_raman,raman,serum,0.22310320264866135,0.29141153344640236,0.07211082955206095,0.1623347517857176,0.10438449701084637,0.0,0.0048210577743067855,0.062090046197820555,0.016898115842908994,0.040955224953267796,0.018557912251376093,0.0033328285366311583,0.16365395506092073
0.007700038514789074,0.23777591043058535,0.09971839472891025,0.037027820784727536,0.0,0.06767207055975097,0.06421971412991384,0.011077525576785213,0.0,0.06480006162407376,0.04504445802181071,0.061109474967205625,0.0853390292569028,0.0016048060849343207,0.0750299338741041,0.0009164562086436537,0.0,0.0,0.0,0.0,0.048563821656080364,0.09208480009695297,0.0,0.0003156834838293883,covid_serum_raman::COVID::138,COVID,covid_serum_raman,raman,serum,0.23777591043058535,0.27103210903174685,0.07534561735793349,0.1639381088588241,0.12590953659127938,0.0,0.0016048060849343207,0.06767207055975097,0.011077525576785213,0.037027820784727536,0.0009164562086436537,0.007700038514789074,0.16959979219996235
0.010042323211846015,0.24399372188751697,0.103940726393618,0.035875987178921674,0.0,0.06552046446908537,0.06446620720969118,0.017454025986735372,0.0,0.06781561944218747,0.044405340024628995,0.0603724504147695,0.08236971879962067,2.4390453542859226e-05,0.07573657517605317,0.0,0.0,0.0,0.0,0.0,0.04181285696834644,0.08597497211964127,0.0,0.0001946202637951266,covid_serum_raman::COVID::139,COVID,covid_serum_raman,raman,serum,0.24399372188751697,0.25456288791223736,0.0759311954398483,0.16840693360330916,0.12818806985695697,0.0,2.4390453542859226e-05,0.06552046446908537,0.017454025986735372,0.035875987178921674,0.0,0.010042323211846015,0.16356690680371755
0.009596504309081624,0.24037760251737944,0.10063438787991247,0.03704611315387628,0.0,0.06667756365644438,0.06470425590289,0.018845541993280666,0.0,0.0700305031479363,0.04306477687599035,0.05905427569273756,0.0844432460949972,0.0005715060497396086,0.07550812589950862,0.00259842696676416,0.0,0.0,0.0,0.0,0.043317632869944674,0.08352953698951675,0.0,0.0,covid_serum_raman::COVID::140,COVID,covid_serum_raman,raman,serum,0.24037760251737944,0.254355192830449,0.07550812589950862,0.16533864378280247,0.12908477884067385,0.0,0.0005715060497396086,0.06667756365644438,0.018845541993280666,0.03704611315387628,0.00259842696676416,0.009596504309081624,0.1630960597520612
0.002008329475413054,0.23322231593081078,0.10039215280970817,0.03860805689483346,0.0,0.06707513041939944,0.06558953940423429,0.007963326684148196,0.0,0.05992132646018168,0.04933113497887256,0.057831515401587597,0.09136318248659776,0.005624082769406637,0.05799682554593331,0.004906089123103387,0.0,0.0,0.0,0.0,0.05840452478926829,0.09697015673660613,0.0,0.0027923100898951773,covid_serum_raman::COVID::141,COVID,covid_serum_raman,raman,serum,0.23322231593081078,0.29606899899134476,0.06078913563582848,0.16598169221394246,0.11775284186176928,0.0,0.005624082769406637,0.06707513041939944,0.007963326684148196,0.03860805689483346,0.004906089123103387,0.002008329475413054,0.1742921317784406
0.005052131236243594,0.23563609205492564,0.10169205155102856,0.037908249291374554,0.0,0.06984671447343466,0.06362964933629107,0.0062955033872985865,0.0,0.05819726308375896,0.05008266466321634,0.05864286138297296,0.09261584136222024,0.0018700819201075039,0.059079644518097864,0.003293335979052305,0.0,0.0,0.0,0.0,0.05571364501779153,0.09682531098972465,0.0,0.0036189597524609205,covid_serum_raman::COVID::142,COVID,covid_serum_raman,raman,serum,0.23563609205492564,0.29523746203295276,0.06269860427055879,0.16532170088731962,0.11684012446673192,0.0,0.0018700819201075039,0.06984671447343466,0.0062955033872985865,0.037908249291374554,0.003293335979052305,0.005052131236243594,0.17717706487588303
0.004250893389041591,0.23436564986184785,0.1009926818619699,0.04009619513685268,0.0,0.0672711638846634,0.06813204115080998,0.008935878259581725,0.0,0.05750285453565401,0.044058225205572794,0.05853778434304889,0.0912395737331246,0.0022338361530830574,0.0612398405575785,0.005890878429227592,0.0,0.0,0.0,0.0,0.05934098466051177,0.09256354676312195,0.0,0.0033479720743096538,covid_serum_raman::COVID::143,COVID,covid_serum_raman,raman,serum,0.23436564986184785,0.2872023303623311,0.06458781263188816,0.16912472301277987,0.1160406388787029,0.0,0.0022338361530830574,0.0672711638846634,0.008935878259581725,0.04009619513685268,0.005890878429227592,0.004250893389041591,0.1730618585287218
0.005759194239749331,0.22097036704628964,0.09795225026272142,0.03728689348011029,0.0,0.05999259587251713,0.07013939699081291,0.011622118833301425,0.0,0.06871373140815194,0.04395054341189631,0.056461347948339145,0.08933641765627079,0.0026161423425188814,0.07512104302922426,0.009031173366164835,0.0,0.0,0.0,0.0,0.05697698447447778,0.09250997271594559,0.0,0.001559826921508422,covid_serum_raman::COVID::144,COVID,covid_serum_raman,raman,serum,0.22097036704628964,0.28277391825859044,0.07668086995073269,0.16809164725353432,0.12517507935649108,0.0,0.0026161423425188814,0.05999259587251713,0.011622118833301425,0.03728689348011029,0.009031173366164835,0.005759194239749331,0.17288442954761718
0.004332565699640236,0.2173112516434915,0.09346228181834978,0.035873565509784974,0.0,0.05745518081272924,0.07178497590125879,0.012652440626713116,0.0,0.06650987910939318,0.04408622136744231,0.051052331714245225,0.08989067340091159,0.002713024553517502,0.08015778151403209,0.01044281885730649,0.0,0.0,0.0,0.0,0.06001377934949134,0.09935087558092229,0.0,0.0029103525407704303,covid_serum_raman::COVID::145,COVID,covid_serum_raman,raman,serum,0.2173112516434915,0.2933415496987675,0.08306813405480253,0.16524725771960858,0.11756221082363841,0.0,0.002713024553517502,0.05745518081272924,0.012652440626713116,0.035873565509784974,0.01044281885730649,0.004332565699640236,0.17520991200396518
0.004445757357562183,0.22712440419385324,0.09491117060468093,0.03667104887472298,0.0,0.06221706936977258,0.06857091523788023,0.010453825639122585,0.0,0.064899723781994,0.04561046657404105,0.05876773104512192,0.08541997534848876,0.0006489909276234645,0.07467662916365249,0.006273494442485556,0.0,0.0,0.0,0.0,0.05905026271924887,0.09469849904684807,0.0,0.005560035672900963,covid_serum_raman::COVID::146,COVID,covid_serum_raman,raman,serum,0.22712440419385324,0.28477920368862675,0.08023666483655345,0.16348208584256116,0.12366745482711591,0.0,0.0006489909276234645,0.06221706936977258,0.010453825639122585,0.03667104887472298,0.006273494442485556,0.004445757357562183,0.1724403336106386
0.012199979000870088,0.236131656942415,0.10443746374948494,0.041098643034018244,0.0,0.06042318674595431,0.06644533849545811,0.015728583248883543,0.0,0.06911222164601957,0.04283031595495715,0.05783897595249963,0.07772975956561234,0.0,0.07669855507008337,0.0036753488943850683,0.0,0.0,0.0,0.0,0.04821510171353546,0.08743486998582323,0.0,0.0,covid_serum_raman::COVID::147,COVID,covid_serum_raman,raman,serum,0.236131656942415,0.2562100472199282,0.07669855507008337,0.17088280224494307,0.1269511975985192,0.0,0.0,0.06042318674595431,0.015728583248883543,0.041098643034018244,0.0036753488943850683,0.012199979000870088,0.16248724651803548
0.01090526959387362,0.23836170675850868,0.10390971519839,0.039336505991687205,0.0,0.06284915466541792,0.06497689301725972,0.015376229280983417,0.0,0.06671374686819653,0.04320279921704504,0.062128066382767126,0.08091215341641066,0.0,0.07421009253689569,0.00488763764543819,0.0,0.0,0.0,0.0,0.045859993233924076,0.08637003619320216,0.0,0.0,covid_serum_raman::COVID::148,COVID,covid_serum_raman,raman,serum,0.23836170675850868,0.2563449820605819,0.07421009253689569,0.16888660821564971,0.12884181325096367,0.0,0.0,0.06284915466541792,0.015376229280983417,0.039336505991687205,0.00488763764543819,0.01090526959387362,0.1636453160683462
0.010490877410640595,0.23709444765855844,0.10299431915700298,0.04056034761610255,0.0,0.06461552384736398,0.06285944399736768,0.012111057777207647,0.0,0.06456469988925155,0.046332960296018924,0.06333906585360166,0.07814859467759848,0.0,0.07722677598329943,0.0049836179186809465,0.0,0.0,0.0,0.0,0.04418399412039134,0.09049427379691381,0.0,0.0,covid_serum_raman::COVID::149,COVID,covid_serum_raman,raman,serum,0.23709444765855844,0.25915982289092254,0.07722677598329943,0.16585376315437067,0.12790376574285323,0.0,0.0,0.06461552384736398,0.012111057777207647,0.04056034761610255,0.0049836179186809465,0.010490877410640595,0.16704123374442814
0.0071005763403683055,0.2311763442099718,0.10286577839919489,0.03832555083224396,0.0,0.06524238736451224,0.06665116820863363,0.009663857930918337,0.0,0.061750269932600535,0.043979911416722785,0.05845764845380646,0.08485746709510203,0.0014995298239424235,0.06996639379441691,0.007420441929571709,0.0,0.0,0.0,0.0,0.05303279513224957,0.09629014386222363,0.0,0.0017197352735207458,covid_serum_raman::COVID::150,COVID,covid_serum_raman,raman,serum,0.2311763442099718,0.278160317506298,0.07168612906793766,0.1695169466078285,0.12020791838640699,0.0,0.0014995298239424235,0.06524238736451224,0.009663857930918337,0.03832555083224396,0.007420441929571709,0.0071005763403683055,0.17158200315773942
0.007123698214106588,0.22622812895922415,0.10020754351287443,0.042529215733048714,0.0,0.0623036869583813,0.07154446667798012,0.012497134228937092,0.0,0.062125389881645544,0.045481359757432206,0.05514144566081377,0.08299303076537214,0.00311390462663519,0.0685040885538775,0.008477570852262318,0.0,0.0,0.0,0.0,0.05833763079730642,0.08971196917981282,0.0,0.0036797356402896693,covid_serum_raman::COVID::151,COVID,covid_serum_raman,raman,serum,0.22622812895922415,0.2765239904999236,0.07218382419416718,0.17175201019085456,0.11726683554245931,0.0,0.00311390462663519,0.0623036869583813,0.012497134228937092,0.042529215733048714,0.008477570852262318,0.007123698214106588,0.1677550616897483
0.0062626646097643235,0.23262231236812936,0.10197470821779298,0.04112115583924556,0.0,0.06579803904950966,0.06810704854418692,0.008148107379572144,0.0,0.06135509260323294,0.04785517995428585,0.062362473423476776,0.08564506762463361,0.0021173504754764573,0.06618846673069466,0.005065024174691015,0.0,0.0,0.0,0.0,0.05168971385381716,0.09303875228152392,0.0,0.0006488428699667659,covid_serum_raman::COVID::152,COVID,covid_serum_raman,raman,serum,0.23262231236812936,0.2782287137142605,0.06683730960066142,0.1700817567619799,0.12371756602670972,0.0,0.0021173504754764573,0.06579803904950966,0.008148107379572144,0.04112115583924556,0.005065024174691015,0.0062626646097643235,0.17301609789309003
0.003790038694775741,0.23904763306075483,0.09931123181403125,0.03419475620432744,0.0,0.07091742134705478,0.06143382214716529,0.0029971210313219534,0.0,0.06287131613142487,0.05530725040838749,0.0644293054030729,0.09035232447799374,0.0013155184150275443,0.06259269095015162,0.0,0.0,0.0,0.0,0.0,0.050534442105831946,0.10005679911635607,0.0,0.0008483286923226307,covid_serum_raman::COVID::153,COVID,covid_serum_raman,raman,serum,0.23904763306075483,0.29625081610856924,0.06344101964247424,0.16074505396119654,0.12730062153449778,0.0,0.0013155184150275443,0.07091742134705478,0.0029971210313219534,0.03419475620432744,0.0,0.003790038694775741,0.1818519206169169
0.005297352929956907,0.2274991240313747,0.09853439914633388,0.03663549185386149,0.0,0.05990509366515994,0.07151341214163803,0.014971827049556371,0.0,0.06801930842016628,0.047052660644544844,0.05352463160185603,0.08798320273423917,0.004998033484855185,0.07408949308683246,0.006587825651565896,0.0,0.0,0.0,0.0,0.05249558318230822,0.08626890281702441,0.0,0.004623657558726213,covid_serum_raman::COVID::154,COVID,covid_serum_raman,raman,serum,0.2274991240313747,0.27380034937811665,0.07871315064555867,0.17004781128797192,0.12154394002202232,0.0,0.004998033484855185,0.05990509366515994,0.014971827049556371,0.03663549185386149,0.006587825651565896,0.005297352929956907,0.1657595076050038
0.005726810934080737,0.23487330336245557,0.0986186748198121,0.03549466405379157,0.0,0.06850807217855877,0.06300178856791616,0.008762263112103508,0.0,0.06580344388216634,0.04907201054358181,0.06017387551687715,0.09093173927173058,0.0035786777351216126,0.06578816359477595,0.0,0.0,0.0,0.0,0.0,0.05079391915494667,0.09492550666490009,0.0,0.003947086607181328,covid_serum_raman::COVID::155,COVID,covid_serum_raman,raman,serum,0.23487330336245557,0.28572317563515914,0.06973525020195727,0.16162046338772826,0.1259773193990435,0.0,0.0035786777351216126,0.06850807217855877,0.008762263112103508,0.03549466405379157,0.0,0.005726810934080737,0.17487737190486075
0.009155059266279094,0.2409363145335849,0.10370670947888817,0.039302115636938084,0.0,0.06147027409944749,0.06571457643478362,0.014422650464427537,0.0,0.06830828993706853,0.04746037835429148,0.06573044492497823,0.08024405969731085,0.0,0.06931886055625809,0.0030975471168589496,0.0,0.0,0.0,0.0,0.04649212475233379,0.08464059474655117,0.0,0.0,covid_serum_raman::COVID::156,COVID,covid_serum_raman,raman,serum,0.2409363145335849,0.2588371575504873,0.06931886055625809,0.16942128591367178,0.13403873486204676,0.0,0.0,0.06147027409944749,0.014422650464427537,0.039302115636938084,0.0030975471168589496,0.009155059266279094,0.1649084741354514
0.010708949327667779,0.2390780750717648,0.1060360378652637,0.035352878296382506,0.0,0.05973941517965081,0.07003676965609673,0.018846188012462146,0.0,0.06955021535388711,0.04654569856817558,0.058188730385069415,0.08254024820266352,0.0,0.07432152588645462,0.004099663343532425,0.0,0.0,0.0,0.0,0.04482813087264006,0.08012747397828887,0.0,0.0,covid_serum_raman::COVID::157,COVID,covid_serum_raman,raman,serum,0.2390780750717648,0.254041551621768,0.07432152588645462,0.17607280752136042,0.12773894573895653,0.0,0.0,0.05973941517965081,0.018846188012462146,0.035352878296382506,0.004099663343532425,0.010708949327667779,0.16157585963733967
0.006177903434745582,0.24539475602879354,0.10181643467136496,0.0353805654743499,0.0,0.072011894632502,0.05773535872311394,0.007230561183165688,0.0,0.066619153491102,0.052374162866618765,0.06323742885713958,0.08987104721989338,0.0023450314092139973,0.06120920245719726,0.0,0.0,0.0,0.0,0.0,0.04934149456877255,0.08925500498202682,0.0,0.0,covid_serum_raman::COVID::158,COVID,covid_serum_raman,raman,serum,0.24539475602879354,0.2808417096373115,0.06120920245719726,0.1595517933944789,0.1298565823482416,0.0,0.0023450314092139973,0.072011894632502,0.007230561183165688,0.0353805654743499,0.0,0.006177903434745582,0.17268395117270452
0.011464174211134338,0.22640658485060278,0.1008406136899194,0.04374747325500877,0.0,0.047281515560553246,0.07671420715191421,0.020225700179341596,0.0,0.058793971323030464,0.043978510238433015,0.06219009549977027,0.07877709450747032,0.0006648919531926755,0.07408142129685509,0.014215022383865903,0.0,0.0,0.0,0.004734592029912463,0.0589675161836618,0.07691661568533376,0.0,0.0,covid_serum_raman::Suspected::000,Suspected,covid_serum_raman,raman,serum,0.22640658485060278,0.2586397366148989,0.07408142129685509,0.1775548208418336,0.12098406682280073,0.0,0.0006648919531926755,0.05201610759046571,0.020225700179341596,0.04374747325500877,0.014215022383865903,0.011464174211134338,0.1561802840830413
0.005419012155832823,0.24194783733613456,0.10051208137228074,0.041241031731364966,0.0,0.06442729756709008,0.05937892444688323,0.0033583320709993122,0.0,0.051553337592942686,0.057941901018680596,0.06942571043998692,0.09076220889088238,0.0,0.05491292103434654,0.0014792939729088735,0.0,0.0,0.0,0.0,0.06070608114385743,0.09502152433811753,0.0,0.0019125048876913588,covid_serum_raman::Suspected::001,Suspected,covid_serum_raman,raman,serum,0.24194783733613456,0.3044317153915379,0.0568254259220379,0.15989100581916396,0.12097904803292961,0.0,0.0,0.06442729756709008,0.0033583320709993122,0.041241031731364966,0.0014792939729088735,0.005419012155832823,0.17719339083790597
0.005704056584121115,0.2384340960361697,0.10141972570865825,0.04020626221459001,0.0,0.05802476733081524,0.06610550701536834,0.010497066208725987,0.0,0.059280374882700965,0.05017971296461261,0.06575341283948709,0.09199368825191075,0.0,0.05882332621852651,0.005527414422159993,0.0,0.0,0.0,0.0,0.056950149447718854,0.09046982280846555,0.0,0.0006306170659690388,covid_serum_raman::Suspected::002,Suspected,covid_serum_raman,raman,serum,0.2384340960361697,0.28959337347270775,0.05945394328449555,0.16752523272402658,0.12503378772218804,0.0,0.0,0.05802476733081524,0.010497066208725987,0.04020626221459001,0.005527414422159993,0.005704056584121115,0.17254688865863665
0.007034826557847848,0.2308111755484141,0.1011972559085492,0.03947293868268918,0.0,0.058944088783785896,0.07016082847533268,0.010408354255580187,0.0,0.060575567693421886,0.05156415661337116,0.06537223186514404,0.0927195106200243,0.0,0.06545130034441761,0.0009584880536838854,0.0,0.0,0.0,0.0,0.05534354793201094,0.08998572866572718,0.0,0.0,covid_serum_raman::Suspected::003,Suspected,covid_serum_raman,raman,serum,0.2308111755484141,0.28961294383113356,0.06545130034441761,0.1713580843838819,0.12594779955856594,0.0,0.0,0.058944088783785896,0.010408354255580187,0.03947293868268918,0.0009584880536838854,0.007034826557847848,0.1760842388740944
0.008871696374571735,0.2218322584858445,0.09896713779517473,0.03932613974648281,0.0,0.05408237833907236,0.07333154445387668,0.018434047584410602,0.0,0.06112783347300323,0.045173101719148075,0.06283529732875316,0.08455432991369281,0.0033861752560514777,0.0802643456053795,0.008005295274150642,0.0,0.0,0.0,4.246362109579314e-05,0.05792274675925198,0.0818432082700399,0.0,0.0,covid_serum_raman::Suspected::004,Suspected,covid_serum_raman,raman,serum,0.2218322584858445,0.26949338666213274,0.0802643456053795,0.17229868224905143,0.12396313080175639,0.0,0.0033861752560514777,0.05412484196016815,0.018434047584410602,0.03932613974648281,0.008005295274150642,0.008871696374571735,0.1651311981710185
0.009488089729931263,0.22615496331209792,0.10171827331078172,0.03863085388951608,0.0,0.05320341721779262,0.07489268676834364,0.019994415682818404,0.0,0.06310001451607304,0.04809528645421504,0.06118185818719019,0.08608295598835869,0.0004227435944670983,0.07960663440687954,0.003823663396133662,0.0,0.0,0.0,0.0,0.05487886201278182,0.07872528153261939,0.0,0.0,covid_serum_raman::Suspected::005,Suspected,covid_serum_raman,raman,serum,0.22615496331209792,0.26778238598797494,0.07960663440687954,0.17661096007912536,0.12428187270326324,0.0,0.0004227435944670983,0.05320341721779262,0.019994415682818404,0.03863085388951608,0.003823663396133662,0.009488089729931263,0.1655846004647874
0.007923774532677657,0.23593018176694666,0.10569715735070467,0.042037365374073384,0.0,0.05622451474749925,0.06838719360647291,0.0143892856551943,0.0,0.0578746328602904,0.0499970284958948,0.06646647221834279,0.08778799558396819,0.0,0.0625920755775669,0.005915693660524723,0.0,0.0,0.0,0.0,0.055682457344181334,0.08309417122566204,0.0,0.0,covid_serum_raman::Suspected::006,Suspected,covid_serum_raman,raman,serum,0.23593018176694666,0.27656165264970634,0.0625920755775669,0.17408435095717759,0.12434110507863319,0.0,0.0,0.05622451474749925,0.0143892856551943,0.042037365374073384,0.005915693660524723,0.007923774532677657,0.16839469457195677
0.005626225760652456,0.2447130557974964,0.1052854311575956,0.042328221083598135,0.0,0.06408813501454656,0.06066844051014202,0.0032657507042411766,0.0,0.055221922644684986,0.05645624616026534,0.0707663743652725,0.09008219838291677,0.0,0.05188784867825946,0.0,0.0,0.0,0.0,0.0,0.053664238927596614,0.09594591081273203,0.0,0.0,covid_serum_raman::Suspected::007,Suspected,covid_serum_raman,raman,serum,0.2447130557974964,0.29614859428351076,0.05188784867825946,0.16595387166773762,0.12598829700995748,0.0,0.0,0.06408813501454656,0.0032657507042411766,0.042328221083598135,0.0,0.005626225760652456,0.17704991974698925
0.009212821831637063,0.23684384101193406,0.10483245120464739,0.04178026602377259,0.0,0.055161014082431785,0.07030714755878963,0.015826332162783282,0.0,0.06125471821397347,0.05000529611147183,0.06120966367485311,0.0877449619652841,0.0,0.06270113362128477,0.0075478352564515615,0.0,0.0,0.0,0.0,0.05401987390991013,0.08155264337077525,0.0,0.0,covid_serum_raman::Suspected::008,Suspected,covid_serum_raman,raman,serum,0.23684384101193406,0.2733227753574413,0.06270113362128477,0.17513959876343702,0.12246438188882658,0.0,0.0,0.055161014082431785,0.015826332162783282,0.04178026602377259,0.0075478352564515615,0.009212821831637063,0.16508068458291336
0.007642628689901386,0.2419997603983965,0.10269191952281907,0.039226685044456644,0.0,0.06317784806762256,0.060558748293870646,0.008436492664550424,0.0,0.05840072909225426,0.05395089018937254,0.07175473492234367,0.08396275901476226,0.0,0.06807064541762736,0.0,0.0,0.0,0.0,0.0,0.04994749562867842,0.09017866305334427,0.0,0.0,covid_serum_raman::Suspected::009,Suspected,covid_serum_raman,raman,serum,0.2419997603983965,0.27803980788615745,0.06807064541762736,0.16325066781668973,0.13015546401459793,0.0,0.0,0.06317784806762256,0.008436492664550424,0.039226685044456644,0.0,0.007642628689901386,0.17352654326112638
0.010094321484341692,0.23844545274983317,0.10269282425923153,0.03871097594407059,0.0,0.0591228574026471,0.06439884615505738,0.014338293293752129,0.0,0.06250411924169544,0.051236831608780904,0.06947152773060347,0.08264991473662534,0.0,0.07311454091151691,0.0,0.0,0.0,0.0,0.0,0.04845333931323897,0.08476615516860536,0.0,0.0,covid_serum_raman::Suspected::010,Suspected,covid_serum_raman,raman,serum,0.23844545274983317,0.26710624082725054,0.07311454091151691,0.1670916704142889,0.1319756469722989,0.0,0.0,0.0591228574026471,0.014338293293752129,0.03871097594407059,0.0,0.010094321484341692,0.16772002267217823
0.010250431096163144,0.24049882711932247,0.10169472704965594,0.03982327357114873,0.0,0.059932485737231846,0.06473690281029786,0.013391595483643234,0.0,0.06435945284959725,0.05228783688334319,0.0680773203637514,0.08300855202859475,0.0,0.07525104843503161,0.0,0.0,0.0,0.0,0.0,0.046741546767507094,0.07994599980471155,0.0,0.0,covid_serum_raman::Suspected::011,Suspected,covid_serum_raman,raman,serum,0.24049882711932247,0.2619839354841566,0.07525104843503161,0.1664316298599538,0.13243677321334865,0.0,0.0,0.059932485737231846,0.013391595483643234,0.03982327357114873,0.0,0.010250431096163144,0.1662486977980212
0.007182864023401392,0.22569715109343993,0.10315702572423104,0.04094882080825874,0.0,0.05537378328537143,0.07192445504629107,0.013152340082572631,0.0,0.059238694842522276,0.050793247412525507,0.06502073867106298,0.08857410003127396,0.0,0.07084105464581775,0.005027699868247648,0.0,0.0,0.0,0.0,0.056534513142816656,0.08653351132216701,0.0,0.0,covid_serum_raman::Suspected::012,Suspected,covid_serum_raman,raman,serum,0.22569715109343993,0.28243537190878315,0.07084105464581775,0.1750814807705221,0.12425943351358526,0.0,0.0,0.05537378328537143,0.013152340082572631,0.04094882080825874,0.005027699868247648,0.007182864023401392,0.17316503387975624
0.007232724289901383,0.2279219866738752,0.1046472468874534,0.04019237509620886,0.0,0.05738335356126534,0.07084660607181167,0.013510114598238813,0.0,0.0620198621489009,0.05198957585519734,0.06503164499827811,0.08826206071515648,0.00017310548320166903,0.06850436396528278,0.0024799247024399674,0.0,0.0,0.0,0.0,0.05513364876993796,0.08467140618285003,0.0,0.0,covid_serum_raman::Suspected::013,Suspected,covid_serum_raman,raman,serum,0.2279219866738752,0.28005669152314183,0.06850436396528278,0.17549385295926506,0.127051507147179,0.0,0.00017310548320166903,0.05738335356126534,0.013510114598238813,0.04019237509620886,0.0024799247024399674,0.007232724289901383,0.1731394114870446
0.005726831023791218,0.22153311553637664,0.10104779967581211,0.03941876571625991,0.0,0.056478973888280645,0.07375264005957038,0.013784777799849735,0.0,0.06197927283144843,0.04961999969714867,0.05896517219782455,0.09471649329434695,0.0030229930501293506,0.06609117612140102,0.00607359182097122,0.0,0.0,0.0,0.0,0.0638673220587582,0.08163695676570837,0.0,0.002284118462322763,covid_serum_raman::Suspected::014,Suspected,covid_serum_raman,raman,serum,0.22153311553637664,0.2898407718159622,0.06837529458372378,0.1748004397353825,0.12094444502927298,0.0,0.0030229930501293506,0.056478973888280645,0.013784777799849735,0.03941876571625991,0.00607359182097122,0.005726831023791218,0.17337330108310012
0.011345650953301156,0.23747415066277167,0.10795983604188301,0.039627520124725396,0.0,0.057433348484271125,0.06950188585531301,0.01684197842444577,0.0,0.06234906988415123,0.05078367865789707,0.06784083097670575,0.0797854226312777,0.0,0.07821103207578527,0.0,0.0,0.0,0.0,0.0,0.044351646406191096,0.07649394882128062,0.0,0.0,covid_serum_raman::Suspected::015,Suspected,covid_serum_raman,raman,serum,0.23747415066277167,0.2514146965166465,0.07821103207578527,0.17746172189719603,0.13018990086085697,0.0,0.0,0.057433348484271125,0.01684197842444577,0.039627520124725396,0.0,0.011345650953301156,0.16445829123840527
0.011362782235967091,0.237238652288927,0.10871600772710999,0.04003927444792174,0.0,0.059773293763204755,0.06762259970868918,0.015365091961140939,0.0,0.061609910029052674,0.05064819655543185,0.06877751052410817,0.07933120989460334,0.0,0.07340995305105628,0.0,0.0,0.0,0.0,0.0,0.043536737488627256,0.0825687803241598,0.0,0.0,covid_serum_raman::Suspected::016,Suspected,covid_serum_raman,raman,serum,0.237238652288927,0.25608492426282226,0.07340995305105628,0.17633860743579916,0.13038742055316085,0.0,0.0,0.059773293763204755,0.015365091961140939,0.04003927444792174,0.0,0.011362782235967091,0.16711266079618103
0.010942591852672498,0.24030217585090055,0.10640005427995902,0.03876971370134206,0.0,0.0615516401296355,0.06479870497842431,0.014657723914140452,0.0,0.0629454890542768,0.05098316563700892,0.06929557930014149,0.08070277857213626,0.0,0.0712268117060862,0.0,0.0,0.0,0.0,0.0,0.04488841723555153,0.08253515378772437,0.0,0.0,covid_serum_raman::Suspected::017,Suspected,covid_serum_raman,raman,serum,0.24030217585090055,0.2591095152324211,0.0712268117060862,0.17119875925838335,0.1322410683544183,0.0,0.0,0.0615516401296355,0.014657723914140452,0.03876971370134206,0.0,0.010942591852672498,0.16704455259189044
0.0033484992879244005,0.23216953237428847,0.10609862149330093,0.04131825675670961,0.0,0.056639419338953646,0.07113152679649885,0.009938774682325057,0.0,0.05652806367200101,0.05505547486333657,0.06400697240384112,0.09238619042337022,0.0009782155128952395,0.05521787269270211,0.008236397395611803,0.0,0.0,0.0,0.0,0.06303466110219187,0.08391152120404907,0.0,0.0,covid_serum_raman::Suspected::018,Suspected,covid_serum_raman,raman,serum,0.23216953237428847,0.2943878475929478,0.05521787269270211,0.17723014828979977,0.12053503607584212,0.0,0.0009782155128952395,0.056639419338953646,0.009938774682325057,0.04131825675670961,0.008236397395611803,0.0033484992879244005,0.1761521631163575
0.004188977041562696,0.22863499142060198,0.10459494378957619,0.03960278375712539,0.0,0.055221449771783775,0.07291258585953551,0.011448335961510233,0.0,0.056746527995380935,0.05354185758368211,0.06287644276746435,0.09535825744271774,0.002096497318898207,0.054145672668181745,0.007822732245493132,0.0,0.0,0.0,0.0,0.06270167958066433,0.08586612787552453,0.0,0.0022401369202972024,covid_serum_raman::Suspected::019,Suspected,covid_serum_raman,raman,serum,0.22863499142060198,0.2974679224825887,0.05638580958847895,0.1775075296491117,0.11962297076284528,0.0,0.002096497318898207,0.055221449771783775,0.011448335961510233,0.03960278375712539,0.007822732245493132,0.004188977041562696,0.1763751403123599
0.00415637933912504,0.2198059695584224,0.10053514691907507,0.04047346373315475,0.0,0.04864101959969493,0.08075763173745681,0.017309629530013762,0.0,0.06083333315724628,0.049658716152628665,0.052512792558264756,0.09124422043664387,0.006259890862557264,0.06396638770759294,0.014452226585333546,0.0,0.0,0.0,0.0,0.06652554536499806,0.08090600587748013,0.0,0.001961640880311637,covid_serum_raman::Suspected::020,Suspected,covid_serum_raman,raman,serum,0.2198059695584224,0.28833448783175075,0.06592802858790459,0.18129277865653187,0.11334612571551103,0.0,0.006259890862557264,0.04864101959969493,0.017309629530013762,0.04047346373315475,0.014452226585333546,0.00415637933912504,0.16736325988978362
0.010016880424520709,0.2352297248927162,0.10400205706047279,0.04168546499964697,0.0,0.05591474554252794,0.06950798082856371,0.014495890581461345,0.0,0.0584329012614149,0.051541473042191414,0.06382257778455677,0.0804881648692647,0.0,0.07053968237152242,0.0056135479386685136,0.0,0.0,0.0,0.0,0.05645256259395751,0.0822563458085141,0.0,0.0,covid_serum_raman::Suspected::021,Suspected,covid_serum_raman,raman,serum,0.2352297248927162,0.2707385463139277,0.07053968237152242,0.17351003788903652,0.12225547904597167,0.0,0.0,0.05591474554252794,0.014495890581461345,0.04168546499964697,0.0056135479386685136,0.010016880424520709,0.16502978824324332
0.007371483373922555,0.23640883062443233,0.10460546482863159,0.03991590236704469,0.0,0.0583599015520521,0.06781035075917438,0.011150440196919362,0.0,0.05925195261293156,0.05418433854175226,0.0665535732419001,0.08688736178180652,0.0,0.06517183512667155,0.0028320727740774004,0.0,0.0,0.0,0.0,0.05572916724269659,0.08376732497598696,0.0,0.0,covid_serum_raman::Suspected::022,Suspected,covid_serum_raman,raman,serum,0.23640883062443233,0.2805681925422423,0.06517183512667155,0.17241581558780597,0.12580552585483168,0.0,0.0,0.0583599015520521,0.011150440196919362,0.03991590236704469,0.0028320727740774004,0.007371483373922555,0.17132011029497318
0.009655664495217715,0.23298497976391289,0.10438815148696501,0.03992860772631316,0.0,0.05298484953878305,0.07141026718121689,0.016872739372507065,0.0,0.06319779073970379,0.04882623074789943,0.061772841406690156,0.08009511131818964,0.0,0.07507455695178651,0.008105526694180706,0.0,0.0,0.0,0.0,0.052438761493970754,0.08226392108266325,0.0,0.0,covid_serum_raman::Suspected::023,Suspected,covid_serum_raman,raman,serum,0.23298497976391289,0.26362402464272305,0.07507455695178651,0.1757984186681819,0.12497063214639395,0.0,0.0,0.05298484953878305,0.016872739372507065,0.03992860772631316,0.008105526694180706,0.009655664495217715,0.16264077998994397
0.00808874545598375,0.203277903953053,0.08793303306760915,0.044620903211948386,0.0,0.04082389741085967,0.08246507561010963,0.01979783939896019,0.0,0.05415373313452945,0.040553167043009035,0.04614521902113953,0.09336121598806034,0.003067487727820811,0.070667203234322,0.025944073298602315,0.0,0.0,0.0,0.01636056378694653,0.07442488539646543,0.08200170059721139,0.0,0.006313352663369404,covid_serum_raman::Suspected::024,Suspected,covid_serum_raman,raman,serum,0.203277903953053,0.2903409690247462,0.07698055589769141,0.17039810867771876,0.10029895215566897,0.0,0.003067487727820811,0.0571844611978062,0.01979783939896019,0.044620903211948386,0.025944073298602315,0.00808874545598375,0.16263399084287966
0.00604823538946014,0.21631164571599695,0.09429856401769211,0.042967089655895824,0.0,0.04958292202664967,0.07872975505399282,0.01447851053099412,0.0,0.05575158881486873,0.04767555464843115,0.05263808857721624,0.09597542666916972,0.0029753707659062323,0.0648821997497401,0.015700278985216802,0.0,0.0,0.0,0.002546261639296288,0.06499257952263662,0.09104161317168469,0.0,0.0034043150651517375,covid_serum_raman::Suspected::025,Suspected,covid_serum_raman,raman,serum,0.21631164571599695,0.2996851740119222,0.06828651481489184,0.17302831907168492,0.10838967739208497,0.0,0.0029753707659062323,0.05212918366594596,0.01447851053099412,0.042967089655895824,0.015700278985216802,0.00604823538946014,0.17208687061347516
0.006653409347862454,0.21645461536393193,0.08937751536389457,0.04261813740079118,0.0,0.04846404466866301,0.07486049806509866,0.01613662423443317,0.0,0.05409253364497686,0.04372922117844647,0.05137373281484329,0.09066633813446985,0.0031403945804114593,0.06938543944299373,0.01800363587803697,0.0,0.0,0.0,0.011085449611935961,0.0703433904660073,0.08814911333336903,0.0,0.005465906469834099,covid_serum_raman::Suspected::026,Suspected,covid_serum_raman,raman,serum,0.21645461536393193,0.29288806311229265,0.07485134591282783,0.16423801342899325,0.10546626645982016,0.0,0.0031403945804114593,0.05954949428059897,0.01613662423443317,0.04261813740079118,0.01800363587803697,0.006653409347862454,0.16219356109275807
0.013628842301353309,0.23303662861820357,0.11014949151293908,0.041025839452746043,0.0,0.051933872579474315,0.07248971894956438,0.021416493709774654,0.0,0.06669536820203206,0.04683513493911517,0.06346981593123065,0.07554716211320675,0.0,0.07657370199379819,0.004893027772078624,0.0,0.0,0.0,0.0,0.044352869701242276,0.07795203222324097,0.0,0.0,covid_serum_raman::Suspected::027,Suspected,covid_serum_raman,raman,serum,0.23303662861820357,0.2446871989768052,0.07657370199379819,0.18263921046250348,0.13016518413326272,0.0,0.0,0.051933872579474315,0.021416493709774654,0.041025839452746043,0.004893027772078624,0.013628842301353309,0.15857440691905966
0.010484694126431432,0.24902037981443328,0.10967363533936367,0.03980207032057785,0.0,0.06211541642921688,0.06507865394423161,0.01237313487174913,0.0,0.061982953309892584,0.05286177906662256,0.0708773285803124,0.07836656519311129,0.0,0.06439788546146853,0.0,0.0,0.0,0.0,0.0,0.04010755358857608,0.08285794995401269,0.0,0.0,covid_serum_raman::Suspected::028,Suspected,covid_serum_raman,raman,serum,0.24902037981443328,0.2541938478023226,0.06439788546146853,0.17475228928359526,0.132860281890205,0.0,0.0,0.06211541642921688,0.01237313487174913,0.03980207032057785,0.0,0.010484694126431432,0.16575182615627926
0.01070170343927507,0.24972651280853267,0.1075336339149928,0.04104564544119889,0.0,0.06427188125889399,0.0618301862747073,0.009840797422272611,0.0,0.061561258187522956,0.05495607463751798,0.07019955388563116,0.07823053306968811,0.0,0.06225824037993631,0.0,0.0,0.0,0.0,0.0,0.0416081099381561,0.08623586934167397,0.0,0.0,covid_serum_raman::Suspected::029,Suspected,covid_serum_raman,raman,serum,0.24972651280853267,0.2610305869870362,0.06225824037993631,0.1693638201897001,0.13176081207315413,0.0,0.0,0.06427188125889399,0.009840797422272611,0.04104564544119889,0.0,0.01070170343927507,0.16811365260059608
0.01128705360993197,0.2304099160924179,0.10737006891060961,0.03987901653856849,0.0,0.0522130231061082,0.07626324201581841,0.022213358375959915,0.0,0.06495564991308661,0.04681522069171058,0.06165366998353575,0.08012560487868174,0.0008915281538065372,0.0763548644738691,0.005435072337568836,0.0,0.0,0.0,0.0,0.04720848858769875,0.07692422233062761,0.0,0.0,covid_serum_raman::Suspected::030,Suspected,covid_serum_raman,raman,serum,0.2304099160924179,0.25107353648871866,0.0763548644738691,0.18363331092642804,0.12660931989662236,0.0,0.0008915281538065372,0.0522130231061082,0.022213358375959915,0.03987901653856849,0.005435072337568836,0.01128705360993197,0.15970971778151255
0.010239080967391944,0.23277425416592037,0.1037021971670364,0.04043353126569465,0.0,0.05497277295436451,0.0720220196296593,0.01746159573042654,0.0,0.0634147429503986,0.049053674297831126,0.06342748975122049,0.08361234526810367,0.0014006593842252996,0.07008646941760532,0.005130028223114677,0.0,0.0,0.0,0.0,0.04962575003297818,0.08264338879402898,0.0,0.0,covid_serum_raman::Suspected::031,Suspected,covid_serum_raman,raman,serum,0.23277425416592037,0.26493515839294196,0.07008646941760532,0.1757242167966957,0.1268422327016191,0.0,0.0014006593842252996,0.05497277295436451,0.01746159573042654,0.04043353126569465,0.005130028223114677,0.010239080967391944,0.16393691274647693
0.009174659903719901,0.23745721499157912,0.10553121889080314,0.03927148810815757,0.0,0.05860745608777134,0.0686230331275179,0.015055974714338491,0.0,0.06150026242887417,0.05027394673471489,0.06610372592225662,0.08508668342023201,0.0009195193498043845,0.0669453859391728,0.002923619603854059,0.0,0.0,0.0,0.0,0.05000167542082149,0.08252413535638202,0.0,0.0,covid_serum_raman::Suspected::032,Suspected,covid_serum_raman,raman,serum,0.23745721499157912,0.2678864409321504,0.0669453859391728,0.17415425201832102,0.1276039883511308,0.0,0.0009195193498043845,0.05860745608777134,0.015055974714338491,0.03927148810815757,0.002923619603854059,0.009174659903719901,0.16651652696927477
0.0,0.17782288733256607,0.08446075937277087,0.04204706471680029,0.0,0.03711484955151701,0.09987854266153129,0.016034517969558536,0.0015673652335814095,0.04891633900582893,0.03732728982821902,0.03788665514634966,0.09616729876588638,0.014727830510178962,0.05713261133105817,0.030439972497841403,0.0,0.0,0.007310864274355412,0.018171740776581468,0.08430408884647184,0.0869536203938398,0.008053806523267605,0.013681895261795949,covid_serum_raman::Suspected::033,Suspected,covid_serum_raman,raman,serum,0.17782288733256607,0.30475229783441704,0.07886831311612172,0.18590666726788357,0.0868029941521786,0.007310864274355412,0.014727830510178962,0.055286590328098476,0.016034517969558536,0.04204706471680029,0.030439972497841403,0.0,0.18203398158485162
0.0,0.1987860497347257,0.09184181022871812,0.04160386800636539,0.0,0.0473910216431531,0.09249469798184987,0.012032395837987738,0.0,0.048596743552681,0.044570947499833674,0.04702544809006247,0.10039335894807429,0.012762514795475669,0.04901487924681996,0.01906758116000393,0.0,0.0,0.0050716424100964615,0.003858826510151828,0.07863345552555627,0.09391438390799181,0.0,0.012940374920452705,covid_serum_raman::Suspected::034,Suspected,covid_serum_raman,raman,serum,0.1987860497347257,0.31751214588145604,0.06195525416727266,0.184336508210568,0.09562219164274346,0.0050716424100964615,0.012762514795475669,0.051249848153304925,0.012032395837987738,0.04160386800636539,0.01906758116000393,0.0,0.18419731293716024
0.0,0.1872164967140855,0.08718670948599562,0.03962769636234768,0.0,0.03911528044750315,0.09814806617881182,0.016050371610475726,0.0009218391519795911,0.04895202003299622,0.04072783394362665,0.039712666891592176,0.10006357655208739,0.012527647950170072,0.0538367252444046,0.02563202301768047,0.0,0.0,0.005284965412515196,0.01195218105684597,0.08464765062690782,0.0884045814621124,0.007069315488250349,0.012922352369611754,covid_serum_raman::Suspected::035,Suspected,covid_serum_raman,raman,serum,0.1872164967140855,0.31384364258473424,0.0738283931022667,0.18625661481678704,0.0886646869245884,0.005284965412515196,0.012527647950170072,0.05106746150434912,0.016050371610475726,0.03962769636234768,0.02563202301768047,0.0,0.18361261087079428
0.009996124746132514,0.25730952618577463,0.10226808598319681,0.04001865976150052,0.0,0.05934139085454313,0.06047063769679174,0.016169696294770802,0.0,0.0635598187265696,0.05413189930845118,0.07066699514291647,0.07917841942383864,0.0,0.06467256671473141,0.0,0.0,0.0,0.0,0.0,0.04280245941864173,0.0794137197421409,0.0,0.0,covid_serum_raman::Suspected::036,Suspected,covid_serum_raman,raman,serum,0.25730952618577463,0.25552649789307247,0.06467256671473141,0.16273872367998854,0.13422681386948607,0.0,0.0,0.05934139085454313,0.016169696294770802,0.04001865976150052,0.0,0.009996124746132514,0.1594638177089035
0.010504617553943418,0.2574821641460716,0.10117357488246309,0.03959486374373901,0.0,0.05962905715206693,0.0605053493007929,0.016617708243127534,0.0,0.06410529806510776,0.05310798269748315,0.07000655150677784,0.07999989542709227,0.0,0.06370923880329074,0.0,0.0,0.0,0.0,0.0,0.04580813176053336,0.07775556671751033,0.0,0.0,covid_serum_raman::Suspected::037,Suspected,covid_serum_raman,raman,serum,0.2574821641460716,0.2566715766026191,0.06370923880329074,0.161678924183256,0.1341118495718856,0.0,0.0,0.05962905715206693,0.016617708243127534,0.03959486374373901,0.0,0.010504617553943418,0.15854168088097498
0.011269423246662115,0.2579355317679791,0.10125694611851271,0.039709215616883994,0.0,0.058492365476648024,0.060672133325668724,0.01810769721271409,0.0,0.06363003621695011,0.048954989318704206,0.06846562909866181,0.0792475377973991,0.0,0.06663483894756171,0.0,0.0,0.0,0.0,0.0,0.04626885568911451,0.07935480016653983,0.0,0.0,covid_serum_raman::Suspected::038,Suspected,covid_serum_raman,raman,serum,0.2579355317679791,0.25382618297175763,0.06663483894756171,0.16192907944418145,0.13209566531561193,0.0,0.0,0.058492365476648024,0.01810769721271409,0.039709215616883994,0.0,0.011269423246662115,0.15607904029184017
0.011517982442983823,0.22788761815324474,0.10096257189345414,0.041755744386999964,0.0,0.04832547131963951,0.07607375074010443,0.026058927774729148,0.0,0.06431185682794015,0.04264467982738452,0.05660815999127205,0.08756903622825818,0.0015632516925823234,0.07149570781243525,0.009679948199224868,0.0,0.0,0.0,0.005090235410801923,0.05423522721337351,0.07421983008557144,0.0,0.0,covid_serum_raman::Suspected::039,Suspected,covid_serum_raman,raman,serum,0.22788761815324474,0.25866877335458766,0.07149570781243525,0.17703632263355856,0.12092001681921219,0.0,0.0015632516925823234,0.05341570673044144,0.026058927774729148,0.041755744386999964,0.009679948199224868,0.011517982442983823,0.15480090313074013
0.006481096272382874,0.249179261949019,0.10348286223519117,0.03994827109392738,0.0,0.06773449466477191,0.05827772875697762,0.005998660101338711,0.0,0.05829337184012081,0.055830628300642504,0.07042918963242299,0.08886552586375766,0.0,0.05322569692216569,0.0,0.0,0.0,0.0,0.0,0.04762515289856542,0.09370794075460605,0.0,0.0009201187141101728,covid_serum_raman::Suspected::040,Suspected,covid_serum_raman,raman,serum,0.249179261949019,0.28602924781757166,0.05414581563627586,0.16176059099216877,0.1287225614725438,0.0,0.0,0.06773449466477191,0.005998660101338711,0.03994827109392738,0.0,0.006481096272382874,0.17344186718469534
0.011062066439379643,0.23547214581593404,0.10133518185323032,0.040972591333643144,0.0,0.05310322555178571,0.07242394353054228,0.02165280324245081,0.0,0.06579218839512126,0.04619350867503286,0.0626482083945126,0.08545869007284372,0.000387087769019703,0.07123640475514066,0.005431915950274356,0.0,0.0,0.0,0.0,0.05102714307261034,0.07580289514847863,0.0,0.0,covid_serum_raman::Suspected::041,Suspected,covid_serum_raman,raman,serum,0.23547214581593404,0.25848223696896555,0.07123640475514066,0.17375912538377258,0.12844039678963387,0.0,0.000387087769019703,0.05310322555178571,0.02165280324245081,0.040972591333643144,0.005431915950274356,0.011062066439379643,0.15952783223624178
0.012984146201009638,0.2239870599207915,0.09896345998108513,0.041101593078746064,0.0,0.04960166634524726,0.07807559745869927,0.025604951253119665,0.0,0.06467786528480887,0.04038252757740523,0.056745833198809534,0.08369107529303559,0.0012722825275041298,0.08090871877967791,0.010202332558550272,0.0,0.0,0.0,0.002381100510617956,0.054532528265249514,0.07488726176564246,0.0,0.0,covid_serum_raman::Suspected::042,Suspected,covid_serum_raman,raman,serum,0.2239870599207915,0.25349339290133277,0.08090871877967791,0.1770390574397844,0.1214236984836184,0.0,0.0012722825275041298,0.05198276685586521,0.025604951253119665,0.041101593078746064,0.010202332558550272,0.012984146201009638,0.15612313554028479
0.011625139665934928,0.23193221954791837,0.10113420662145058,0.03868842077823317,0.0,0.05383496262565076,0.07511782107078448,0.021652262840074706,0.0,0.06730682737537953,0.04530721164024409,0.0608238100414812,0.08328176857976766,0.0007062143820910185,0.08012177410895878,0.0023613491634404734,0.0,0.0,0.0,0.0,0.04858767683608946,0.07751833472250078,0.0,0.0,covid_serum_raman::Suspected::043,Suspected,covid_serum_raman,raman,serum,0.23193221954791837,0.254694991778602,0.08012177410895878,0.17625202769223505,0.12813063741686073,0.0,0.0007062143820910185,0.05383496262565076,0.021652262840074706,0.03868842077823317,0.0023613491634404734,0.011625139665934928,0.16060445413717717
0.01494138408641586,0.2300951259506638,0.10015381939716611,0.04173717411373795,0.0,0.051127951035951455,0.07702515061324162,0.02583553840660817,0.0,0.06880046277591423,0.039719268399776436,0.05831314301033234,0.078091936492232,0.0009315137191114648,0.08372495746906858,0.006410589228221763,0.0,0.0,0.0,0.003929235245527326,0.04843971718993324,0.07072303286609763,0.0,0.0,covid_serum_raman::Suspected::044,Suspected,covid_serum_raman,raman,serum,0.2300951259506638,0.23697395494803933,0.08372495746906858,0.17717897001040772,0.12711360578624656,0.0,0.0009315137191114648,0.05505718628147878,0.02583553840660817,0.04173717411373795,0.006410589228221763,0.01494138408641586,0.15136411154858487
0.0005962173310603658,0.2045202903293383,0.09864047281259226,0.03847072022455468,0.0,0.04479608430230685,0.08807299646260532,0.01582201746592422,0.0,0.05523600572186344,0.049579509536851536,0.047046295816033534,0.10084145399699303,0.0066533360890364225,0.05695081907352792,0.01921279364330531,0.0,0.0,0.0018858213719215539,0.0026070926294563365,0.07573411087504166,0.08561721026166626,0.0,0.007716752055921009,covid_serum_raman::Suspected::045,Suspected,covid_serum_raman,raman,serum,0.2045202903293383,0.31177228467055246,0.06466757112944893,0.18671346927519758,0.10228230153789697,0.0018858213719215539,0.0066533360890364225,0.04740317693176319,0.01582201746592422,0.03847072022455468,0.01921279364330531,0.0005962173310603658,0.18069218251957397
0.0027610689058959596,0.2028799937152584,0.09711024732733595,0.04195696419517885,0.0,0.044715431154062714,0.08732525292362231,0.016659197026175215,0.0,0.0582161762702559,0.04551688748111761,0.04939122841010297,0.09347359808722253,0.008255450529298118,0.06062767552058673,0.019850486342719634,0.0,0.0,0.0,0.005242819128148394,0.07570126789794003,0.08338344833461324,0.0008292049619992092,0.00610360178846624,covid_serum_raman::Suspected::046,Suspected,covid_serum_raman,raman,serum,0.2028799937152584,0.2980752018008934,0.06756048227105219,0.18443550025095826,0.10760740468035887,0.0,0.008255450529298118,0.04995825028221111,0.016659197026175215,0.04195696419517885,0.019850486342719634,0.0027610689058959596,0.17352925414183884
0.0005358567981584275,0.20881941108180677,0.09711832799950779,0.039034869499453326,0.0,0.049324892174175995,0.0836203866418502,0.011629785764515834,0.0,0.05530619551174972,0.04997068557405839,0.050249080510436785,0.10012537926682605,0.00949183616338521,0.05514862361919133,0.01589484564320054,0.0,0.0,0.0,0.0015374019493748633,0.07474711107747342,0.09064492263674152,0.0,0.006800388088093873,covid_serum_raman::Suspected::047,Suspected,covid_serum_raman,raman,serum,0.20881941108180677,0.3154880985550994,0.0619490117072852,0.180738714641358,0.1055552760221865,0.0,0.00949183616338521,0.05086229412355086,0.011629785764515834,0.039034869499453326,0.01589484564320054,0.0005358567981584275,0.18116167367715952
0.008786128627847042,0.25320536396239574,0.09675073678739367,0.03611544536206875,0.0,0.05985659873152213,0.06380689892388415,0.018661581309280476,0.0,0.06696128142814596,0.05087418808920831,0.06616945758332642,0.08271246637498175,3.388000078716881e-06,0.07452025619309535,0.0,0.0,0.0,0.0,0.0,0.04299028899819475,0.07858591962857688,0.0,0.0,covid_serum_raman::Suspected::048,Suspected,covid_serum_raman,raman,serum,0.25320536396239574,0.25516286309096164,0.07452025619309535,0.16055763571127782,0.13313073901147238,0.0,3.388000078716881e-06,0.05985659873152213,0.018661581309280476,0.03611544536206875,0.0,0.008786128627847042,0.15877175851039738
0.010072873004801107,0.2503066280235408,0.09561910850866809,0.03698337916446329,0.0,0.056620994895003135,0.06521131150859122,0.02390925739721511,0.0,0.06752884129815849,0.04828336788425418,0.06372879241441402,0.0818319176926125,0.0,0.07827079847027442,0.0,0.0,0.0,0.0,0.0,0.043589648834425294,0.07804308090357828,0.0,0.0,covid_serum_raman::Suspected::049,Suspected,covid_serum_raman,raman,serum,0.2503066280235408,0.25174801531487023,0.07827079847027442,0.1608304200172593,0.1312576337125725,0.0,0.0,0.056620994895003135,0.02390925739721511,0.03698337916446329,0.0,0.010072873004801107,0.15587481668351333
0.011037833405435515,0.24082111103925985,0.09260241703769292,0.038161015155215604,0.0,0.04979721262875931,0.07366987537708579,0.02834104791124451,0.0,0.07200199106257202,0.04342783695100788,0.05728682340124616,0.08131764098695941,0.003020653480711202,0.08661835923707162,0.004617903722875936,0.0,0.0,0.0,0.0,0.04422151904595444,0.07305675955690774,0.0,0.0,covid_serum_raman::Suspected::050,Suspected,covid_serum_raman,raman,serum,0.24082111103925985,0.24202375654082947,0.08661835923707162,0.1662722924147787,0.12928881446381818,0.0,0.003020653480711202,0.04979721262875931,0.02834104791124451,0.038161015155215604,0.004617903722875936,0.011037833405435515,0.15090216477315332
0.008090709481936605,0.24719766923434097,0.10363998531172411,0.03386281655536576,0.0,0.06745832489534566,0.06479484223479087,0.014233231489328466,0.0,0.06627076628067842,0.05361134054223961,0.06988663372987607,0.08528218526534263,0.0030038917080611634,0.06638525214926651,0.0,0.0,0.0,0.0,0.0,0.038113343240403434,0.07816900788129985,0.0,0.0,covid_serum_raman::Suspected::051,Suspected,covid_serum_raman,raman,serum,0.24719766923434097,0.25517587692928556,0.06638525214926651,0.16843482754651498,0.13615740001055449,0.0,0.0030038917080611634,0.06745832489534566,0.014233231489328466,0.03386281655536576,0.0,0.008090709481936605,0.16640497258133213
0.009695006625075907,0.2396493524324147,0.10361118784288074,0.03366552741968752,0.0,0.06244496993776955,0.06971003419745965,0.01901881491429471,0.0,0.0691508235403179,0.049440789026130465,0.0679339319974262,0.07998973212494982,0.0035106305659831447,0.07834999823041462,0.0,0.0,0.0,0.0,0.0,0.037549589714926446,0.0762796114302686,0.0,0.0,covid_serum_raman::Suspected::052,Suspected,covid_serum_raman,raman,serum,0.2396493524324147,0.24325972229627532,0.07834999823041462,0.1733212220403404,0.1370847555377441,0.0,0.0035106305659831447,0.06244496993776955,0.01901881491429471,0.03366552741968752,0.0,0.009695006625075907,0.1619524322696828
0.007614932718237309,0.2506285434972087,0.10268420843267746,0.034245357798393695,0.0,0.0697844939577471,0.061492357118034385,0.00907667237736203,0.0,0.06346833662896771,0.055884010171773496,0.06998779575513238,0.08395244106986162,0.002870646875033277,0.06376641854015674,0.0,0.0,0.0,0.0,0.0,0.037314011852637066,0.08722977320677698,0.0,0.0,covid_serum_raman::Suspected::053,Suspected,covid_serum_raman,raman,serum,0.2506285434972087,0.2643802363010492,0.06376641854015674,0.16417656555071186,0.1334561323841001,0.0,0.002870646875033277,0.0697844939577471,0.00907667237736203,0.034245357798393695,0.0,0.007614932718237309,0.17041707013238983
0.011437358714831859,0.23281642881175676,0.10090195903570474,0.03930490469909078,0.0,0.05144930033642559,0.07585668096950038,0.023469545462978032,0.0,0.06820779934092568,0.044225711360020833,0.058194257482576034,0.07933320886565413,7.322448933009728e-05,0.07935412942696479,0.008229247831484205,0.0,0.0,0.0,0.0,0.04965434481313813,0.07749189835961802,0.0,0.0,covid_serum_raman::Suspected::054,Suspected,covid_serum_raman,raman,serum,0.23281642881175676,0.25070516339843113,0.07935412942696479,0.17675864000520514,0.1264020568235017,0.0,7.322448933009728e-05,0.05144930033642559,0.023469545462978032,0.03930490469909078,0.008229247831484205,0.011437358714831859,0.1568617117117007
0.01053742594014796,0.23708034320130156,0.10002987978362546,0.03970921410388728,0.0,0.05349186441374184,0.07260700962551853,0.020333587577492762,0.0,0.06645998447046124,0.0462035760341583,0.060395728889609465,0.08136169635613505,0.0009564521181356613,0.0724278751204111,0.006251939010873241,0.0,0.0,0.0,0.0,0.051201244695544504,0.08095217865895607,0.0,0.0,covid_serum_raman::Suspected::055,Suspected,covid_serum_raman,raman,serum,0.23708034320130156,0.2597186957447939,0.0724278751204111,0.17263688940914398,0.1268557133600707,0.0,0.0009564521181356613,0.05349186441374184,0.020333587577492762,0.03970921410388728,0.006251939010873241,0.01053742594014796,0.1583718311032618
0.010151813082980472,0.2412971465939401,0.1012765370131254,0.039195388821829755,0.0,0.058007653926375705,0.07196095488821068,0.018425989265252626,0.0,0.06721696006511535,0.04980982631796023,0.061289732666011405,0.08064051182723975,0.0,0.07466245949166549,0.0014808439732898152,0.0,0.0,0.0,0.0,0.04368842019564284,0.08089576187136041,0.0,0.0,covid_serum_raman::Suspected::056,Suspected,covid_serum_raman,raman,serum,0.2412971465939401,0.2550345202122032,0.07466245949166549,0.17323749190133608,0.12850669273112675,0.0,0.0,0.058007653926375705,0.018425989265252626,0.039195388821829755,0.0014808439732898152,0.010151813082980472,0.16129445882632987
0.00501396735601149,0.22937629044959915,0.09401084600713658,0.03981451367339814,0.0,0.057381672466793224,0.07355321516841665,0.01165010849093897,0.0,0.06011829136026474,0.047643477951659824,0.054238501280615324,0.09295538390733851,0.004679227258651008,0.06109266614092942,0.008978217748128342,0.0,0.0,0.0,0.0,0.06432483069675951,0.08962737212661553,0.0,0.005541417916743564,covid_serum_raman::Suspected::057,Suspected,covid_serum_raman,raman,serum,0.22937629044959915,0.29455106468237335,0.06663408405767299,0.16756406117555322,0.11435679264088006,0.0,0.004679227258651008,0.057381672466793224,0.01165010849093897,0.03981451367339814,0.008978217748128342,0.00501396735601149,0.16876333018367118
0.0041247494600527195,0.22893808548437872,0.09597458219483777,0.03954825805760842,0.0,0.056651196163288634,0.07580559073491468,0.012931888448199416,0.0,0.06118349381794893,0.04871500568313016,0.055165226692663515,0.0918605393224494,0.0026283248565416176,0.06497435522508917,0.007348004650926579,0.0,0.0,0.0,0.0,0.060970346232352104,0.08942538855404882,0.0,0.0037549644215693415,covid_serum_raman::Suspected::058,Suspected,covid_serum_raman,raman,serum,0.22893808548437872,0.29097127979198045,0.06872931964665852,0.17178017292975245,0.11634872051061244,0.0,0.0026283248565416176,0.056651196163288634,0.012931888448199416,0.03954825805760842,0.007348004650926579,0.0041247494600527195,0.16980604370273977
0.003974451596011148,0.22956924891023076,0.09520538866067159,0.04054464556396295,0.0,0.05772130284658517,0.07406981532135143,0.012115224449807874,0.0,0.059916178422878795,0.04746778763049356,0.0557248128904427,0.09254097388032607,0.005778091293878279,0.06274626960989928,0.006889009884467496,0.0,0.0,0.0,0.0,0.05927858972362937,0.08993850298535533,0.0,0.006519706330008262,covid_serum_raman::Suspected::059,Suspected,covid_serum_raman,raman,serum,0.22956924891023076,0.28922585421980435,0.06926597593990753,0.169275203982023,0.11564099131332149,0.0,0.005778091293878279,0.05772130284658517,0.012115224449807874,0.04054464556396295,0.006889009884467496,0.003974451596011148,0.16805479563383174
0.015185838305288222,0.2344553544277102,0.10237443983909628,0.040691508042218216,0.0,0.053178415768011834,0.07284914544249227,0.02293527074460413,0.0,0.06851885826247778,0.04159869839452507,0.05841044882914959,0.08207656745576171,0.0,0.07780121101739076,0.0075047640574566876,0.0,0.0,0.0,0.0,0.04766614713162661,0.07475333228219055,0.0,0.0,covid_serum_raman::Suspected::060,Suspected,covid_serum_raman,raman,serum,0.2344553544277102,0.24609474526410394,0.07780121101739076,0.17522358528158855,0.12692930709162736,0.0,0.0,0.053178415768011834,0.02293527074460413,0.040691508042218216,0.0075047640574566876,0.015185838305288222,0.15567465800851177
0.007594576383803465,0.25273596971798656,0.10064189222740724,0.03671271840330512,0.0,0.06919561390986856,0.057318671528994114,0.004649465053943487,0.0,0.06332824576374164,0.055217205669250244,0.06850838718072083,0.0919325782948206,0.0,0.05448981459061927,0.0,0.0,0.0,0.0,0.0,0.04670701386677062,0.09096784740876822,0.0,0.0,covid_serum_raman::Suspected::061,Suspected,covid_serum_raman,raman,serum,0.25273596971798656,0.2848246452396097,0.05448981459061927,0.15796056375640136,0.13183663294446246,0.0,0.0,0.06919561390986856,0.004649465053943487,0.03671271840330512,0.0,0.007594576383803465,0.17208944626586253
0.011593134411419133,0.2461054569464568,0.10332488648431422,0.038987559067738015,0.0,0.06173342212679571,0.06642313611536961,0.016293212369595016,0.0,0.0671817248359416,0.04802153354867456,0.06322173528747813,0.08397992227036985,0.0,0.07072785430611278,0.0018750126228198475,0.0,0.0,0.0,0.0,0.04405593047895854,0.0764754791279563,0.0,0.0,covid_serum_raman::Suspected::062,Suspected,covid_serum_raman,raman,serum,0.2461054569464568,0.2525328654259592,0.07072785430611278,0.16974802259968383,0.13040346012341975,0.0,0.0,0.06173342212679571,0.016293212369595016,0.038987559067738015,0.0018750126228198475,0.011593134411419133,0.16089538137253867
0.006165678560724182,0.22312496416631253,0.08592528002149798,0.03729792443062671,0.0,0.050962356680250696,0.07533894442999571,0.020228607833504206,0.0,0.07262394645091683,0.04589485976460652,0.054458129133304764,0.09027551775617967,0.0035187644240983534,0.08538832887185914,0.006211846900918196,0.0,0.0,0.0,0.0,0.05572768119576851,0.08398694473327203,0.0,0.002870224646164067,covid_serum_raman::Suspected::063,Suspected,covid_serum_raman,raman,serum,0.22312496416631253,0.27588500344982675,0.08825855351802321,0.1612642244514937,0.12708207558422158,0.0,0.0035187644240983534,0.050962356680250696,0.020228607833504206,0.03729792443062671,0.006211846900918196,0.006165678560724182,0.16467773554425835
0.003992022639628417,0.2281464193259473,0.08779716233967141,0.03472006958835061,0.0,0.06007352972311844,0.06786662605364605,0.012227893797363852,0.0,0.06994416234105719,0.05485815422584905,0.06032718347755112,0.09328514326742794,0.0038464454242907557,0.07816634163016094,0.0,0.0,0.0,0.0,0.0,0.05147207227484369,0.08975310926374874,0.0,0.003523664627344537,covid_serum_raman::Suspected::064,Suspected,covid_serum_raman,raman,serum,0.2281464193259473,0.2893684790318694,0.08169000625750547,0.15566378839331746,0.1302713458186083,0.0,0.0038464454242907557,0.06007352972311844,0.012227893797363852,0.03472006958835061,0.0,0.003992022639628417,0.17426794495296138
0.005189537257518484,0.23221844772951403,0.0890691338510845,0.033920023286666566,0.0,0.05909989138047319,0.06858702846286784,0.01336071046034107,0.0,0.07286274399740801,0.05251965437775743,0.0594664770123264,0.09220964296757427,0.0011482997195582294,0.0785061582416689,0.0,0.0,0.0,0.0,0.0,0.05159799391235492,0.0886173696695412,0.0,0.001626887673345032,covid_serum_raman::Suspected::065,Suspected,covid_serum_raman,raman,serum,0.23221844772951403,0.2849446609272278,0.08013304591501393,0.15765616231395235,0.1323292210097344,0.0,0.0011482997195582294,0.05909989138047319,0.01336071046034107,0.033920023286666566,0.0,0.005189537257518484,0.17211571260185465
0.010222091781350433,0.23513356789883577,0.10913648137565025,0.036585371275413184,0.0,0.0621061675155258,0.07181756773400988,0.015431947270535592,0.0,0.06987890904657568,0.052777122577043416,0.0616217110458388,0.08282552386976408,9.768958440335873e-05,0.06747438325122322,0.002173893037867705,0.0,0.0,0.0,0.0,0.042876403135944985,0.079841169600018,0.0,0.0,covid_serum_raman::Suspected::066,Suspected,covid_serum_raman,raman,serum,0.23513356789883577,0.2583202191827705,0.06747438325122322,0.18095404910966012,0.13150062009241448,0.0,9.768958440335873e-05,0.0621061675155258,0.015431947270535592,0.036585371275413184,0.002173893037867705,0.010222091781350433,0.16832200611384773
0.011160010864065088,0.23522329045433202,0.10724974653523862,0.03625274669714012,0.0,0.06028817287811821,0.07424641917396763,0.01677294621500006,0.0,0.07023638550488445,0.051683056428761705,0.0607868990533681,0.080906254559739,0.0,0.07004575889223605,0.003998054755465657,0.0,0.0,0.0,0.0,0.041347205173832655,0.07980305281385043,0.0,0.0,covid_serum_raman::Suspected::067,Suspected,covid_serum_raman,raman,serum,0.23522329045433202,0.25373956897618377,0.07004575889223605,0.18149616570920624,0.13102328455825255,0.0,0.0,0.06028817287811821,0.01677294621500006,0.03625274669714012,0.003998054755465657,0.011160010864065088,0.16572597278703538
0.010399661648323314,0.23613349312709345,0.10743772800600823,0.037712126346797985,0.0,0.06053765236813246,0.07263746355003489,0.016349754106043814,0.0,0.07102727316914027,0.050039780990835954,0.06179341116426156,0.07984325879167554,0.0009521879782116345,0.07160980192506061,0.0028538797617250426,0.0,0.0,0.0,0.0,0.04219590445246989,0.07847662261418543,0.0,0.0,covid_serum_raman::Suspected::068,Suspected,covid_serum_raman,raman,serum,0.23613349312709345,0.2505555668491668,0.07160980192506061,0.18007519155604312,0.13282068433340183,0.0,0.0009521879782116345,0.06053765236813246,0.016349754106043814,0.037712126346797985,0.0028538797617250426,0.010399661648323314,0.1643018985267577
0.0,0.22512052320533157,0.08795963260165215,0.0394076940723348,0.0,0.05986498299998506,0.0756275182667684,0.007416564210717397,0.0,0.05746758119532269,0.05418473774416353,0.04932558727963524,0.09815455068579357,0.008477189815004007,0.05067124913553162,0.008576663843933782,0.0,0.0,0.005130331312773934,0.0,0.06578319691532264,0.09641859096733246,0.0,0.010413405748397189,covid_serum_raman::Suspected::069,Suspected,covid_serum_raman,raman,serum,0.22512052320533157,0.3145410763126122,0.06108465488392881,0.16358715086842057,0.10679316847495793,0.005130331312773934,0.008477189815004007,0.05986498299998506,0.007416564210717397,0.0394076940723348,0.008576663843933782,0.0,0.17542679233401304
0.0,0.21165013223574036,0.0875845504704441,0.036300634045812206,0.0,0.054317801334549366,0.0831610601469185,0.010512944461941606,0.0,0.060514143399656134,0.05129765570454138,0.047151307357204846,0.09768870826619709,0.006014366539843822,0.06359169340435751,0.010028782062133099,0.0,0.0,0.0072436744386173944,0.0,0.06716578007787492,0.09665132297009953,0.00029496626030722003,0.008830476823760832,covid_serum_raman::Suspected::070,Suspected,covid_serum_raman,raman,serum,0.21165013223574036,0.3128034670187129,0.07271713648842555,0.1707456106173626,0.10766545075686099,0.0072436744386173944,0.006014366539843822,0.054317801334549366,0.010512944461941606,0.036300634045812206,0.010028782062133099,0.0,0.18019597044985147
0.0005335251059479101,0.21365126744613985,0.08910920523614914,0.036818004548056664,0.0,0.055737144175621776,0.08313338405508854,0.012400008866497966,0.0,0.05937566682009979,0.05332688064383294,0.04684563262200378,0.0962219776051248,0.005244032564832583,0.06107770833667047,0.008975819833967101,0.0,0.0,0.008701143399214985,0.0,0.0644467209583549,0.09410338996454294,0.0,0.010298487817853832,covid_serum_raman::Suspected::071,Suspected,covid_serum_raman,raman,serum,0.21365126744613985,0.3080989691718556,0.0713761961545243,0.17224258929123767,0.10622129944210357,0.008701143399214985,0.005244032564832583,0.055737144175621776,0.012400008866497966,0.036818004548056664,0.008975819833967101,0.0005335251059479101,0.17793085822268895
0.004650840377792765,0.2303626269749183,0.10059124654276627,0.03821261127273215,0.0,0.0572926035838081,0.07646226162217737,0.014476773916750585,0.0,0.06508934653815199,0.050884117346007326,0.05395993436780955,0.08572846236247972,0.0048913176137364445,0.06338776787167513,0.008045661937101803,0.0,0.0,0.0,0.0,0.05375683146354717,0.09000636755849571,0.0,0.0022012286500497098,covid_serum_raman::Suspected::072,Suspected,covid_serum_raman,raman,serum,0.2303626269749183,0.28037577873052993,0.06558899652172484,0.17705350816494364,0.11904928090596154,0.0,0.0048913176137364445,0.0572926035838081,0.014476773916750585,0.03821261127273215,0.008045661937101803,0.004650840377792765,0.16688869033131315
0.005068228883873019,0.2300065776253141,0.10165580064200247,0.03896423159446301,0.0,0.05790395271281596,0.0762036941770562,0.013612323789489105,0.0,0.06316144864589111,0.05236591848817553,0.055313357773583045,0.08743762417826116,0.003363910939039064,0.0631984296566199,0.0062641468521825614,0.0,0.0,0.0,0.0,0.05471506550227874,0.088743876468765,0.0,0.002021412070190021,covid_serum_raman::Suspected::073,Suspected,covid_serum_raman,raman,serum,0.2300065776253141,0.2832624846374804,0.06521984172680992,0.17785949481905866,0.11847480641947417,0.0,0.003363910939039064,0.05790395271281596,0.013612323789489105,0.03896423159446301,0.0062641468521825614,0.005068228883873019,0.16942206957159534
0.0038376725868143435,0.23167161572911127,0.10096051822614148,0.03684025589277319,0.0,0.058606921004852,0.07541414158460509,0.013531020391905579,0.0,0.06397843042315145,0.0521606571785472,0.053805859020578446,0.0900948147434415,0.003717124723041491,0.05893161698175014,0.006095236981951319,0.0,0.0,0.0,0.0,0.05599664698556033,0.09163592726594706,0.0,0.0027215402798281252,covid_serum_raman::Suspected::074,Suspected,covid_serum_raman,raman,serum,0.23167161572911127,0.2898880461734961,0.061653157261578266,0.17637465981074657,0.1177842894437299,0.0,0.003717124723041491,0.058606921004852,0.013531020391905579,0.03684025589277319,0.006095236981951319,0.0038376725868143435,0.17096074202976208
0.008212242014702914,0.25969693632407714,0.09563430225844222,0.03788363165428994,0.0,0.06935833584783548,0.05695354492416368,0.013106838649690252,0.0,0.06676077176470298,0.05397389465460792,0.06860834001602631,0.08497430861671702,0.0,0.06604303190667883,0.0,0.0,0.0,0.0,0.0,0.03658857490728547,0.08220524646077974,0.0,0.0,covid_serum_raman::Suspected::075,Suspected,covid_serum_raman,raman,serum,0.25969693632407714,0.25774202463939017,0.06604303190667883,0.1525878471826059,0.1353691117807293,0.0,0.0,0.06935833584783548,0.013106838649690252,0.03788363165428994,0.0,0.008212242014702914,0.16320975054364195
0.01120405192258299,0.2544269618485174,0.09623892158122081,0.037387789550096404,0.0,0.06482624013123511,0.061080897943991616,0.019055713919996522,0.0,0.06715099644433846,0.05027128512093251,0.0638741952959771,0.08224829076107637,0.00045155770200483317,0.07384595978322214,0.0,0.0,0.0,0.0,0.0,0.037125982540276437,0.0808111554545313,0.0,0.0,covid_serum_raman::Suspected::076,Suspected,covid_serum_raman,raman,serum,0.2544269618485174,0.2504567138768166,0.07384595978322214,0.15731981952521243,0.13102519174031557,0.0,0.00045155770200483317,0.06482624013123511,0.019055713919996522,0.037387789550096404,0.0,0.01120405192258299,0.1588555370319762
0.010711152787581864,0.2506200348608061,0.09458064816227393,0.03742342370218944,0.0,0.064382830003691,0.06259234210526383,0.019230814739030492,0.0,0.0689289395518279,0.048612314303889646,0.06352663177342645,0.08125924166567437,0.0009643817299945956,0.07736596528638846,0.0,0.0,0.0,0.0,0.0,0.03802265499747635,0.08177862433048565,0.0,0.0,covid_serum_raman::Suspected::077,Suspected,covid_serum_raman,raman,serum,0.2506200348608061,0.24967283529752599,0.07736596528638846,0.15717299026753778,0.13245557132525435,0.0,0.0009643817299945956,0.064382830003691,0.019230814739030492,0.03742342370218944,0.0,0.010711152787581864,0.15947436236957802
0.002354257850844834,0.22046151635764083,0.102056631668209,0.03507549168194464,0.0,0.05521827794749229,0.08268846339620313,0.014140221255738574,0.0,0.06709833877031654,0.052521304781678685,0.053118771763564894,0.09116152943087344,0.006128689821813247,0.06125177449912356,0.008902792651634494,0.0,0.0,0.0029461154487189153,0.0,0.055603077050702186,0.08398062940059106,0.0023379906919736935,0.002954125530936084,covid_serum_raman::Suspected::078,Suspected,covid_serum_raman,raman,serum,0.22046151635764083,0.2832665406638454,0.06654389072203334,0.1847450950644121,0.12021711053388143,0.0029461154487189153,0.006128689821813247,0.05521827794749229,0.014140221255738574,0.03507549168194464,0.008902792651634494,0.002354257850844834,0.17165595516224097
0.0035110494460740918,0.2216304966509472,0.10165326104478431,0.03916515828869508,0.0,0.05574461961605313,0.08008164669585222,0.013563333717655146,0.0,0.06765092950482286,0.05082430672714456,0.05453620024532635,0.09269861143711396,0.0066245727538746,0.05994866305366394,0.00845272742517778,0.0,0.0,0.0,0.0,0.05914547078821742,0.08123880020829664,0.0006357016690857942,0.0028944507272148983,covid_serum_raman::Suspected::079,Suspected,covid_serum_raman,raman,serum,0.2216304966509472,0.28390718916077257,0.06347881544996463,0.18173490774063653,0.12218712975014921,0.0,0.0066245727538746,0.05574461961605313,0.013563333717655146,0.03916515828869508,0.00845272742517778,0.0035110494460740918,0.17110805243244231
0.0027029793583597957,0.2190221682735114,0.1012987685956706,0.03640524000781873,0.0,0.055260565637797736,0.08210661049790245,0.013877111452821542,0.0,0.06627490663279216,0.05247276279959029,0.051564592188110984,0.0926634339893971,0.0063148512809226755,0.06231227128165579,0.008446136442415762,0.0,0.0,0.0,0.0,0.05647897268656045,0.08660494710572653,0.0022413086318076006,0.003952373137138445,covid_serum_raman::Suspected::080,Suspected,covid_serum_raman,raman,serum,0.2190221682735114,0.28822011658127433,0.06850595305060184,0.18340537909357305,0.11783949882090314,0.0,0.0063148512809226755,0.055260565637797736,0.013877111452821542,0.03640524000781873,0.008446136442415762,0.0027029793583597957,0.1735900836511648
0.0032095778558315024,0.22106721630563994,0.11109027901523015,0.03847507579863225,0.0,0.05464089708721942,0.08883674439687486,0.014335552636848771,0.0,0.05339783957361428,0.05056083780015121,0.04957633047532368,0.09296786462407168,0.00811129766027015,0.037533546318551374,0.019832581550464533,0.0,0.0,0.0,0.0,0.06567430516631942,0.08314403109923776,0.0025916743435373804,0.0049543482921816425,covid_serum_raman::Suspected::081,Suspected,covid_serum_raman,raman,serum,0.22106721630563994,0.29234703868978007,0.0450795689542704,0.199927023412105,0.10297417004893795,0.0,0.00811129766027015,0.05464089708721942,0.014335552636848771,0.03847507579863225,0.019832581550464533,0.0032095778558315024,0.1730586193723056
0.002270219632814359,0.23672674985795455,0.11060808893413376,0.03845427440967091,0.0,0.06341958514459126,0.07970362839168364,0.0077244035074100275,0.0,0.05358446160758115,0.054821496584689454,0.058638519558793734,0.09027012949694381,0.006763940995004397,0.036902765994721635,0.008855465691931826,0.0,0.0,0.0,0.0,0.05713493734120767,0.08825299581821544,0.002338670480310591,0.003529666552341783,covid_serum_raman::Suspected::082,Suspected,covid_serum_raman,raman,serum,0.23672674985795455,0.2904795592410564,0.04277110302737401,0.19031171732581742,0.11222298116637489,0.0,0.006763940995004397,0.06341958514459126,0.0077244035074100275,0.03845427440967091,0.008855465691931826,0.002270219632814359,0.17266193160527243
0.002408848371451155,0.23564786163382462,0.11100505769739742,0.03921727973590742,0.0,0.0649106801965665,0.0793914261331121,0.008766561386363616,0.0,0.05209805156723711,0.05452933132704756,0.05963076776736804,0.09013754114919213,0.0060701242724606,0.038195551481831784,0.009627448301757898,0.0,0.0,0.0,0.0,0.054458851902719756,0.09029176263513461,0.00027761579468177925,0.0033352386459458874,covid_serum_raman::Suspected::083,Suspected,covid_serum_raman,raman,serum,0.23564786163382462,0.2894174870140941,0.04180840592245945,0.19039648383050953,0.11172881933460516,0.0,0.0060701242724606,0.0649106801965665,0.008766561386363616,0.03921727973590742,0.009627448301757898,0.002408848371451155,0.17433471956065694
0.0,0.1597906803513739,0.05162704701367782,0.04790305072376617,0.0,0.029474845264294194,0.09092773852058542,0.009601180929368777,0.008673374529123364,0.02236118602130214,0.034969264537754466,0.02124782385324522,0.11135381673625533,0.01861641257622464,0.021589109757189594,0.05774491686482161,0.0,0.0,0.006594223029124796,0.059934316977275776,0.12211907851529392,0.097792857502996,0.003604428466397179,0.024074647829929654,covid_serum_raman::Suspected::084,Suspected,covid_serum_raman,raman,serum,0.1597906803513739,0.3662350172922997,0.049268186053516426,0.1512281600633866,0.043609009874547355,0.006594223029124796,0.01861641257622464,0.08940916224156997,0.009601180929368777,0.04790305072376617,0.05774491686482161,0.0,0.20160749233431152
0.0,0.17001101745136474,0.05514764086172297,0.04596464904274169,0.0,0.03412046548325238,0.09000352977789887,0.008012852345583212,0.007305940253828203,0.025974522119031732,0.03621824275100166,0.02424472429847749,0.1073966508433956,0.01529956296271489,0.023173887652137494,0.05244648060248379,0.0,0.0,0.009320784259732113,0.05071072149758007,0.11724145025646052,0.10209355060338947,0.0014776956157510413,0.023835631321452146,covid_serum_raman::Suspected::085,Suspected,covid_serum_raman,raman,serum,0.17001101745136474,0.36294989445424725,0.04848721458934068,0.15245711089345004,0.050219246417509224,0.009320784259732113,0.01529956296271489,0.08483118698083245,0.008012852345583212,0.04596464904274169,0.05244648060248379,0.0,0.19425324154104795
0.0,0.1661363595182605,0.052354937315892816,0.04394311158171303,0.0,0.032642697935513554,0.090677007316308,0.008518383179464007,0.005995077703461417,0.024422858750590824,0.036101176539894315,0.019655053992371482,0.10758419793972955,0.015239010219768334,0.020587562621594904,0.05305795199041643,0.0,0.0,0.0151770430417218,0.05247850531686458,0.11974257962971177,0.10487397248538458,0.0037195209939828,0.027092991927355307,covid_serum_raman::Suspected::086,Suspected,covid_serum_raman,raman,serum,0.1661363595182605,0.36830192659472016,0.05140007554293301,0.14902702233566223,0.04407791274296231,0.0151770430417218,0.015239010219768334,0.08512120325237812,0.008518383179464007,0.04394311158171303,0.05305795199041643,0.0,0.1978856233916655
0.0007804993850255161,0.2224186104632841,0.09476468396627535,0.03910659273058328,0.0,0.05751853105195785,0.07831367289541168,0.011444953675469115,0.0,0.05742575254744336,0.051645306573433004,0.05068879918472586,0.09918730666428388,0.007777869769614489,0.04745491572586963,0.015448951696433724,0.0,0.0,0.0,0.0,0.06888328646505507,0.0879234235106477,0.0,0.0092168436944864,covid_serum_raman::Suspected::087,Suspected,covid_serum_raman,raman,serum,0.2224186104632841,0.30763932321341964,0.05667175942035603,0.17307835686168704,0.10811455173216922,0.0,0.007777869769614489,0.05751853105195785,0.011444953675469115,0.03910659273058328,0.015448951696433724,0.0007804993850255161,0.17522673095169983
0.0012461126130596985,0.22401587116843732,0.0969883995742921,0.039536285365628,0.0,0.05594005322247724,0.0798294080400173,0.012887606289410023,0.0,0.05771787464639788,0.05084350269180892,0.0501477151090034,0.09920195144977818,0.00748095253684645,0.04829046343318217,0.01567601872422981,0.0,0.0,0.0,0.0,0.06790198106765542,0.08370388808528502,0.0,0.008591915982491052,covid_serum_raman::Suspected::088,Suspected,covid_serum_raman,raman,serum,0.22401587116843732,0.30165132329452754,0.05688237941567322,0.1768178076143094,0.10786558975540128,0.0,0.00748095253684645,0.05594005322247724,0.012887606289410023,0.039536285365628,0.01567601872422981,0.0012461126130596985,0.17295732335125358
0.001114614172958967,0.2222409405860181,0.09477361116086469,0.03750001057648571,0.0,0.05547462760479366,0.07969983024263283,0.01326400532744026,0.0,0.05886067099157496,0.05110348083013921,0.05023590179817571,0.09768777328938573,0.008154893360674743,0.047262902374759296,0.016271812165271238,0.0,0.0,0.0,0.0,0.06585242805905092,0.0879409887649976,0.002915991225740901,0.009645517469035466,covid_serum_raman::Suspected::089,Suspected,covid_serum_raman,raman,serum,0.2222409405860181,0.30258467094357344,0.05982441106953566,0.17447344140349752,0.10909657278975067,0.0,0.008154893360674743,0.05547462760479366,0.01326400532744026,0.03750001057648571,0.016271812165271238,0.001114614172958967,0.17326276816525055
0.00869159136366122,0.24627404579745135,0.09582226472019047,0.03976382005968546,0.0,0.06433312431023071,0.059814716027114107,0.014133166929574678,0.0,0.06794755115889815,0.04872634563553904,0.0635953681136883,0.08631050403365595,0.0,0.07028477632018262,0.0009455207106151635,0.0,0.0,0.0,0.0,0.04842134994175306,0.08493585487775973,0.0,0.0,covid_serum_raman::Suspected::090,Suspected,covid_serum_raman,raman,serum,0.24627404579745135,0.2683940544887078,0.07028477632018262,0.1556369807473046,0.13154291927258643,0.0,0.0,0.06433312431023071,0.014133166929574678,0.03976382005968546,0.0009455207106151635,0.00869159136366122,0.16529263546481587
0.008617872572006632,0.25001256116138687,0.09701840146603549,0.03796438546441382,0.0,0.06393315540527873,0.06253754865382695,0.015696265005218497,0.0,0.06780740339616076,0.05044445834568393,0.06263426851919313,0.08544966715342993,0.0,0.06908056855725446,0.0015113269896158785,0.0,0.0,0.0,0.0,0.04553920498108126,0.08175291232941369,0.0,0.0,covid_serum_raman::Suspected::091,Suspected,covid_serum_raman,raman,serum,0.25001256116138687,0.2631862428096088,0.06908056855725446,0.15955595011986246,0.13044167191535389,0.0,0.0,0.06393315540527873,0.015696265005218497,0.03796438546441382,0.0015113269896158785,0.008617872572006632,0.1629708579161564
0.011770588876098902,0.24559722927156838,0.09643095873755506,0.03968418253588398,0.0,0.06271890138340512,0.06451843059011722,0.01794933316002408,0.0,0.06976762577262637,0.049334793731904275,0.062937163195065,0.0828017252497709,0.0,0.0723420292280809,0.0,0.0,0.0,0.0,0.0,0.04314288767630605,0.08100415059159377,0.0,0.0,covid_serum_raman::Suspected::092,Suspected,covid_serum_raman,raman,serum,0.24559722927156838,0.25628355724957497,0.0723420292280809,0.16094938932767228,0.13270478896769136,0.0,0.0,0.06271890138340512,0.01794933316002408,0.03968418253588398,0.0,0.011770588876098902,0.16166698981650618
0.013304631404791732,0.2560413441909353,0.10038878986476271,0.03976719341487204,0.0,0.06445192362942892,0.05965033290593934,0.01824904837944025,0.0,0.06769482344407353,0.04939871971865562,0.06687468817960515,0.07816244436467475,0.0,0.07148368526640894,0.0,0.0,0.0,0.0,0.0,0.0348409350279631,0.07969144020844858,0.0,0.0,covid_serum_raman::Suspected::093,Suspected,covid_serum_raman,raman,serum,0.2560413441909353,0.24209353931974203,0.07148368526640894,0.16003912277070204,0.1345695116236787,0.0,0.0,0.06445192362942892,0.01824904837944025,0.03976719341487204,0.0,0.013304631404791732,0.157684175497813
0.013638639849887325,0.2560557623388596,0.0992077380237449,0.03983632589748083,0.0,0.06497294590751923,0.058926342162770054,0.017916279168777628,0.0,0.06886657097871732,0.050345906346050115,0.0685448154415529,0.07516288279997757,0.0,0.07322074475752824,0.0,0.0,0.0,0.0,0.0,0.035155879798006676,0.07814916652912755,0.0,0.0,covid_serum_raman::Suspected::094,Suspected,covid_serum_raman,raman,serum,0.2560557623388596,0.23881383547316193,0.07322074475752824,0.15813408018651495,0.13741138642027023,0.0,0.0,0.06497294590751923,0.017916279168777628,0.03983632589748083,0.0,0.013638639849887325,0.15740896350201827
0.01244396218154101,0.25563164381113357,0.09965499132980453,0.039686571370378856,0.0,0.06622463162236333,0.05896724016016731,0.017500780574433016,0.0,0.06852677939374584,0.04882967377627901,0.06714628425247587,0.07804952304842527,0.0,0.07095540655362467,0.0,0.0,0.0,0.0,0.0,0.03593742363859574,0.08044508828703209,0.0,0.0,covid_serum_raman::Suspected::095,Suspected,covid_serum_raman,raman,serum,0.25563164381113357,0.24326170875033212,0.07095540655362467,0.15862223148997184,0.13567306364622173,0.0,0.0,0.06622463162236333,0.017500780574433016,0.039686571370378856,0.0,0.01244396218154101,0.15881380837315573
0.01085469119268528,0.24379935926908974,0.11387369351069375,0.03924631872657275,0.0,0.0630221266466153,0.07010002956540023,0.015189513472248147,0.0,0.06324124275236906,0.05143002125296492,0.0633978833165685,0.08071415969034951,0.0004050068028666176,0.05657312242200028,0.0031240942223222296,0.0,0.0,0.0,0.0,0.04306692988810855,0.08196180726914519,0.0,0.0,covid_serum_raman::Suspected::096,Suspected,covid_serum_raman,raman,serum,0.24379935926908974,0.2571729181005682,0.05657312242200028,0.183973723076094,0.12663912606893757,0.0,0.0004050068028666176,0.0630221266466153,0.015189513472248147,0.03924631872657275,0.0031240942223222296,0.01085469119268528,0.16621750594587648
0.011922148292074207,0.24518129607130926,0.11334484451380496,0.039147945455727584,0.0,0.06376681784024969,0.06969805974701261,0.01365131689266549,0.0,0.0645700831227966,0.05489325047858266,0.06351819127775475,0.07679554086533139,0.0,0.06060722244232516,0.0011916731685059183,0.0,0.0,0.0,0.0,0.03952303648003797,0.08218857335182173,0.0,0.0,covid_serum_raman::Suspected::097,Suspected,covid_serum_raman,raman,serum,0.24518129607130926,0.2534004011757737,0.06060722244232516,0.18304290426081757,0.12808827440055137,0.0,0.0,0.06376681784024969,0.01365131689266549,0.039147945455727584,0.0011916731685059183,0.011922148292074207,0.1664645150352595
0.011799802905208013,0.24381560465987218,0.1120832707049386,0.03810163291291711,0.0,0.06273897610946085,0.07090891502498277,0.01506951680028993,0.0,0.0670690792143385,0.05422016358571585,0.06356106850816962,0.0775693057983584,0.0,0.062040080729048735,0.003179104786347648,0.0,0.0,0.0,0.0,0.03875956593263154,0.07908391232772026,0.0,0.0,covid_serum_raman::Suspected::098,Suspected,covid_serum_raman,raman,serum,0.24381560465987218,0.24963294764442606,0.062040080729048735,0.18299218572992137,0.1306301477225081,0.0,0.0,0.06273897610946085,0.01506951680028993,0.03810163291291711,0.003179104786347648,0.011799802905208013,0.16484425964986527
0.0,0.22761291903847944,0.09040683266378474,0.03869020644028178,0.0,0.061519416729874855,0.06910158574124396,0.004104000010048648,0.0,0.05797777077194156,0.061739256462001874,0.06179592661915002,0.09140010104832845,0.007148096796177788,0.05390007789270609,0.002449830748812172,0.0,0.0,0.00048652565839923885,0.0,0.06212700445636285,0.1013911509273137,0.0,0.008149297995092942,covid_serum_raman::Suspected::099,Suspected,covid_serum_raman,raman,serum,0.22761291903847944,0.31665751289400684,0.06204937588779903,0.15950841840502872,0.11977369739109157,0.00048652565839923885,0.007148096796177788,0.061519416729874855,0.004104000010048648,0.03869020644028178,0.002449830748812172,0.0,0.18210489499689086
0.0,0.22330332800295385,0.08744555538495208,0.03556436660277097,0.0,0.058779354686074724,0.07445212147077432,0.008784780829815946,0.0,0.06468664461664103,0.05465551321933184,0.056762382840849515,0.09553678919747734,0.007590339390387134,0.0571261462701701,0.005239507547151553,0.0,0.0,0.004599749668090816,0.0,0.06308740535839745,0.09157453755281474,0.001153612295991161,0.009657865065355417,covid_serum_raman::Suspected::100,Suspected,covid_serum_raman,raman,serum,0.22330332800295385,0.30485424532802136,0.06793762363151667,0.1618976768557264,0.12144902745749055,0.004599749668090816,0.007590339390387134,0.058779354686074724,0.008784780829815946,0.03556436660277097,0.005239507547151553,0.0,0.17609679575854498
0.0,0.21494663596220082,0.083957367191647,0.03630992806290805,0.0,0.05727072462185554,0.07507502347344717,0.008712188756922685,0.0,0.06684317404453846,0.05729300002428258,0.054219151757088295,0.09658084117807124,0.008018488764196757,0.05947282535188521,0.006869958264598593,0.0,0.0,0.0023499630419919044,0.0,0.06696985593295245,0.09408947530651557,0.0,0.01102139826489768,covid_serum_raman::Suspected::101,Suspected,covid_serum_raman,raman,serum,0.21494663596220082,0.31493317244182184,0.07049422361678288,0.15903239066509417,0.12106232580162676,0.0023499630419919044,0.008018488764196757,0.05727072462185554,0.008712188756922685,0.03630992806290805,0.006869958264598593,0.0,0.18177212571423096
0.010607454203992268,0.24200282802007692,0.0996265439618913,0.0366821854440021,0.0,0.06073172728968385,0.06700508566959418,0.019388965127650575,0.0,0.06645965232230328,0.04728021344110914,0.06345460942144598,0.0812139331915592,0.003464084191463397,0.07350223664782013,0.0036128084491801227,0.0,0.0,0.0,0.0,0.04705977537030979,0.07790789724791766,0.0,0.0,covid_serum_raman::Suspected::102,Suspected,covid_serum_raman,raman,serum,0.24200282802007692,0.2534618192508958,0.07350223664782013,0.16663162963148548,0.12991426174374926,0.0,0.003464084191463397,0.06073172728968385,0.019388965127650575,0.0366821854440021,0.0036128084491801227,0.010607454203992268,0.15810074364268922
0.008831857255067526,0.23948530089914724,0.09630502112335304,0.03621097646786926,0.0,0.06093036864742211,0.06718195048075316,0.017962668870930874,0.0,0.0696532457648647,0.04771514936069814,0.06198694456172087,0.08521715717454204,0.004328128760037337,0.07500493727103033,0.002627716511479551,0.0,0.0,0.0,0.0,0.048368202158761725,0.07819037469232208,0.0,0.0,covid_serum_raman::Suspected::103,Suspected,covid_serum_raman,raman,serum,0.23948530089914724,0.259490883386324,0.07500493727103033,0.1634869716041062,0.13164019032658558,0.0,0.004328128760037337,0.06093036864742211,0.017962668870930874,0.03621097646786926,0.002627716511479551,0.008831857255067526,0.16021548561732557
0.00761615739517045,0.2468164050688356,0.09760345849538406,0.03631314529573928,0.0,0.06712284129344244,0.061664965621000246,0.012513404113588023,0.0,0.06676626565324911,0.05265651068460276,0.06528365574050542,0.0831135013160541,0.003461660520680681,0.07048012845283966,0.0,0.0,0.0,0.0,0.0,0.042966524896791515,0.08562137545211661,0.0,0.0,covid_serum_raman::Suspected::104,Suspected,covid_serum_raman,raman,serum,0.2468164050688356,0.26435791234956496,0.07048012845283966,0.1592684241163843,0.13204992139375454,0.0,0.003461660520680681,0.06712284129344244,0.012513404113588023,0.03631314529573928,0.0,0.00761615739517045,0.16614976135848902
0.006825480481304333,0.22361951128649352,0.10297515845031609,0.040522815792939565,0.0,0.052107142586346765,0.07374846464879184,0.011077971261190755,0.0,0.057269583971957846,0.04777017051158628,0.05753046447311189,0.08336137429255813,0.006187770068457495,0.05799391839001163,0.01798821906999287,0.0,0.0,0.0,0.009827304576183447,0.06476089000537827,0.08643376013337933,0.0,0.0,covid_serum_raman::Suspected::105,Suspected,covid_serum_raman,raman,serum,0.22361951128649352,0.282326194942902,0.05799391839001163,0.17672362309910794,0.11480004844506975,0.0,0.006187770068457495,0.061934447162530215,0.011077971261190755,0.040522815792939565,0.01798821906999287,0.006825480481304333,0.16220466489283236
0.00633869390953854,0.22356025685158834,0.10116388092443142,0.040993568305261116,0.0,0.05299740013572702,0.07538182806231887,0.013273706217092689,0.0,0.06165747417326896,0.04895264775010415,0.055233029431259996,0.0844468082540193,0.006291226479639558,0.05893948959489785,0.018656469847594167,0.0,0.0,0.0,0.008001400025156579,0.06424740538626197,0.0798647146518394,0.0,0.0,covid_serum_raman::Suspected::106,Suspected,covid_serum_raman,raman,serum,0.22356025685158834,0.2775115760422248,0.05893948959489785,0.1765457089867503,0.11689050360452896,0.0,0.006291226479639558,0.0609988001608836,0.013273706217092689,0.040993568305261116,0.018656469847594167,0.00633869390953854,0.1607672406994025
0.005444924330688734,0.21661481603967056,0.09734740346775385,0.039308759849650314,0.0,0.04925461970527968,0.0759773457010593,0.01543072694092232,0.0,0.06574122368825626,0.044658041940720955,0.05180553998322289,0.08786890202312246,0.009895481754052873,0.060639684257193384,0.022826100977653533,0.0,0.0,0.0,0.011317606258143443,0.06643678060939581,0.07844837213051221,0.0,0.0009836703427014131,covid_serum_raman::Suspected::107,Suspected,covid_serum_raman,raman,serum,0.21661481603967056,0.27741209670375144,0.0616233545998948,0.17332474916881313,0.11754676367147915,0.0,0.009895481754052873,0.060572225963423126,0.01543072694092232,0.039308759849650314,0.022826100977653533,0.005444924330688734,0.15739206691145102
0.004586806017626956,0.20921511397618203,0.08218610235073807,0.03623226029599166,0.0,0.04708047313670143,0.07008797629801342,0.018129311608836053,0.0,0.07526887233479398,0.04836239709991371,0.053843616072826554,0.09158809210051998,0.007023133628099136,0.08015119121765352,0.0148385767449317,0.0,0.0,0.0,0.004642933955931851,0.0641884839415905,0.08650601517479337,0.0,0.006068644044855986,covid_serum_raman::Suspected::108,Suspected,covid_serum_raman,raman,serum,0.20921511397618203,0.2906449883168175,0.08621983526250951,0.15227407864875148,0.12911248840762055,0.0,0.007023133628099136,0.05172340709263328,0.018129311608836053,0.03623226029599166,0.0148385767449317,0.004586806017626956,0.16802617975880396
0.0034296388063156163,0.21595687546837383,0.08269809734827137,0.037130044428934375,0.0,0.047988554457895724,0.07062858648917927,0.017050197516014786,0.0,0.07650334881456583,0.05048591576831623,0.05374157553320786,0.09266663355496099,0.005097783303010881,0.0780208542749522,0.013805644722135848,0.0,0.0,0.0,0.0020377073190245357,0.06316577391086597,0.08298528065308572,0.0,0.0066074876308890714,covid_serum_raman::Suspected::109,Suspected,covid_serum_raman,raman,serum,0.21595687546837383,0.2893036038872289,0.08462834190584127,0.15332668383745063,0.13024492434777368,0.0,0.005097783303010881,0.05002626177692026,0.017050197516014786,0.037130044428934375,0.013805644722135848,0.0034296388063156163,0.16787641999411773
0.003641128905659322,0.21561290373605205,0.08265676135066322,0.035669798941042136,0.0,0.04880234297909165,0.07003265491541234,0.019485994514125565,0.0,0.07991252448407861,0.04482306175212296,0.0519844736529761,0.09258440102421552,0.006510529310321599,0.0789887422030904,0.016157300819024313,0.0,0.0,0.0,0.002230651368017728,0.06446338566790258,0.07944841407169102,2.086916109476199e-05,0.006974061143418165,covid_serum_raman::Suspected::110,Suspected,covid_serum_raman,raman,serum,0.21561290373605205,0.2813192625159321,0.08598367250760333,0.15268941626607557,0.13189699813705472,0.0,0.006510529310321599,0.051032994347109374,0.019485994514125565,0.035669798941042136,0.016157300819024313,0.003641128905659322,0.1642142686378204
0.010534146030608095,0.2523450563253955,0.09837890647503289,0.03776313800294695,0.0,0.05935397113146723,0.061229073697204185,0.017129473236853078,0.0,0.06697083441251901,0.052444118296584824,0.06785982127270504,0.07856720594063674,0.0,0.07157597009831662,0.0,0.0,0.0,0.0,0.0,0.04043306067261564,0.08541522440711422,0.0,0.0,covid_serum_raman::Suspected::111,Suspected,covid_serum_raman,raman,serum,0.2523450563253955,0.2568596093169514,0.07157597009831662,0.15960798017223707,0.13483065568522407,0.0,0.0,0.05935397113146723,0.017129473236853078,0.03776313800294695,0.0,0.010534146030608095,0.16090469744778202
0.008942368511000389,0.25354101369168125,0.09553716696392277,0.038829583836872746,0.0,0.061838855532006645,0.05955916913647428,0.013793147853550463,0.0,0.06741228478931076,0.05355690344078434,0.06625142777348046,0.07891284013317353,0.0015522373667896767,0.07062121910193112,0.0,0.0,0.0,0.0,0.0,0.04278396927597341,0.0868678125930482,0.0,0.0,covid_serum_raman::Suspected::112,Suspected,covid_serum_raman,raman,serum,0.25354101369168125,0.26212152544297945,0.07062121910193112,0.15509633610039705,0.13366371256279122,0.0,0.0015522373667896767,0.061838855532006645,0.013793147853550463,0.038829583836872746,0.0,0.008942368511000389,0.16223945662262163
0.009506411182996872,0.2554778752673195,0.09647077444317477,0.03834144588134891,0.0,0.06310075914558794,0.060417740368813456,0.016507165441890185,0.0,0.06825036666240064,0.053422404998523056,0.06698093204909485,0.0781851511586813,0.0,0.07113092214790495,0.0,0.0,0.0,0.0,0.0,0.038901309930090854,0.08330674132217264,0.0,0.0,covid_serum_raman::Suspected::113,Suspected,covid_serum_raman,raman,serum,0.2554778752673195,0.25381560740946785,0.07113092214790495,0.15688851481198823,0.13523129871149547,0.0,0.0,0.06310075914558794,0.016507165441890185,0.03834144588134891,0.0,0.009506411182996872,0.1605883366604921
0.011049957155055485,0.23778837692697494,0.09609475799416256,0.040509785174437714,0.0,0.05684639280775261,0.06372213579450592,0.0160735723059289,0.0,0.06345950138882675,0.04789116999494124,0.06239746188104971,0.08278696885106802,0.0009420238312324674,0.07066971414435795,0.00770477094774694,0.0,0.0,0.0,0.0049211146694617515,0.05530332082301767,0.0818389753094794,0.0,0.0,covid_serum_raman::Suspected::114,Suspected,covid_serum_raman,raman,serum,0.23778837692697494,0.2678204349785063,0.07066971414435795,0.15981689378866848,0.12585696326987644,0.0,0.0009420238312324674,0.061767507477214365,0.0160735723059289,0.040509785174437714,0.00770477094774694,0.011049957155055485,0.15835817578511135
0.00795003821256553,0.2341705978851686,0.09226364289511128,0.041043699148498425,0.0,0.05998172709595439,0.06077959348725531,0.011209689769307639,0.0,0.0638932787531807,0.049315032807356204,0.061933587461496985,0.0845497742653101,0.001300944953195325,0.07138850708298443,0.0074243810652024,0.0,0.0,0.0,0.0063109247226567165,0.05792230749670614,0.08856227289804983,0.0,0.0,covid_serum_raman::Suspected::115,Suspected,covid_serum_raman,raman,serum,0.2341705978851686,0.2803493874674222,0.07138850708298443,0.1530432363823666,0.12582686621467767,0.0,0.001300944953195325,0.0662926518186111,0.011209689769307639,0.041043699148498425,0.0074243810652024,0.00795003821256553,0.1643504032144001
0.010571096273609281,0.23890350180919478,0.0951524985872736,0.0397124386615063,0.0,0.056794342367665646,0.06287127442389681,0.017842761847717097,0.0,0.0693578388236855,0.044780531067090554,0.05897097417665219,0.08599510947810272,0.001189646786460265,0.07326542453303904,0.010676133891964739,0.0,0.0,0.0,0.0025843530079688896,0.05088026662693677,0.08045180763723563,0.0,0.0,covid_serum_raman::Suspected::116,Suspected,covid_serum_raman,raman,serum,0.23890350180919478,0.2621077148093657,0.07326542453303904,0.15802377301117043,0.1283288130003377,0.0,0.001189646786460265,0.05937869537563453,0.017842761847717097,0.0397124386615063,0.010676133891964739,0.010571096273609281,0.15711550512191774
0.0015914194913202967,0.22629725556723965,0.0948246903045571,0.03930514082157218,0.0,0.059027838165967135,0.07254922982942448,0.011404618668042904,0.0,0.06039128647460938,0.05409808352572053,0.0584785214900722,0.09167247460922302,0.009993204882107686,0.055052900678921955,0.009483191004082925,0.0,0.0,0.0,0.0,0.06280270454268314,0.08791424791628254,0.0,0.005113192028172821,covid_serum_raman::Suspected::117,Suspected,covid_serum_raman,raman,serum,0.22629725556723965,0.2964875105939092,0.060166092707094776,0.16737392013398159,0.11886980796468158,0.0,0.009993204882107686,0.059027838165967135,0.011404618668042904,0.03930514082157218,0.009483191004082925,0.0015914194913202967,0.17099306443487827
0.0003085542523804131,0.22219375358694615,0.09275866448465327,0.0368724087142509,0.0,0.05556015806059991,0.07392243904932314,0.010734056567516869,0.0,0.06194079376990485,0.051350172589837685,0.054051627872630736,0.092567545187325,0.01001562632612572,0.059576446684692363,0.014850415775897964,0.0,0.0,0.0,0.001959067764178848,0.06542828377028471,0.08828820121542044,0.001975746271385126,0.00564603805664592,covid_serum_raman::Suspected::118,Suspected,covid_serum_raman,raman,serum,0.22219375358694615,0.2976342027628679,0.0671982310127234,0.16668110353397642,0.11599242164253559,0.0,0.01001562632612572,0.05751922582477876,0.010734056567516869,0.0368724087142509,0.014850415775897964,0.0003085542523804131,0.16952779434852494
0.0,0.21867257575788362,0.09115819749968622,0.0361176474250933,0.0,0.05320463164736788,0.07519354834865563,0.013697843802524149,0.0,0.06321260952101934,0.04891981008026856,0.05343809240838667,0.09378159885258557,0.009980386960118541,0.056478389797127077,0.018760477431390265,0.0,0.0,0.0,0.005853341742919837,0.0690804720556143,0.08370517445553652,0.0030326013185447264,0.005712600895277852,covid_serum_raman::Suspected::119,Suspected,covid_serum_raman,raman,serum,0.21867257575788362,0.29548705544400494,0.06522359201094965,0.16635174584834184,0.11665070192940602,0.0,0.009980386960118541,0.05905797339028771,0.013697843802524149,0.0361176474250933,0.018760477431390265,0.0,0.1667281304811834
0.010055617116633641,0.25472002733650123,0.10217661448854073,0.03928333340978136,0.0,0.0666375646921016,0.0581524337611887,0.010956124412516387,0.0,0.06350201974074024,0.05491310395909732,0.07105900169988676,0.0817848107149949,0.0,0.06486479724376978,0.0,0.0,0.0,0.0,0.0,0.0434064701202818,0.0784880813039655,0.0,0.0,covid_serum_raman::Suspected::120,Suspected,covid_serum_raman,raman,serum,0.25472002733650123,0.2585924660983395,0.06486479724376978,0.16032904824972943,0.13456102144062698,0.0,0.0,0.0666375646921016,0.010956124412516387,0.03928333340978136,0.0,0.010055617116633641,0.16411314427671164
0.011761975936462218,0.24989699124143633,0.10252948906933457,0.03779067242468018,0.0,0.0630184170434164,0.062103004101800065,0.01431231159242139,0.0,0.06654774583198328,0.05097253679497599,0.06391264719525663,0.08298594333123581,0.0,0.0706655975336506,0.0,0.0,0.0,0.0,0.0,0.044830636841201026,0.07867203106214551,0.0,0.0,covid_serum_raman::Suspected::121,Suspected,covid_serum_raman,raman,serum,0.24989699124143633,0.25746114802955833,0.0706655975336506,0.16463249317113463,0.1304603930272399,0.0,0.0,0.0630184170434164,0.01431231159242139,0.03779067242468018,0.0,0.011761975936462218,0.1618159263326866
0.011967988793154354,0.2503649570555509,0.10076651838821667,0.03801090781578479,0.0,0.06233166507083003,0.06242330900910288,0.016456473033410957,0.0,0.070126250334672,0.05095355229348548,0.06328385750875738,0.07949665911118832,0.0,0.07283755839120759,0.0,0.0,0.0,0.0,0.0,0.03981552478385295,0.0811647784107857,0.0,0.0,covid_serum_raman::Suspected::122,Suspected,covid_serum_raman,raman,serum,0.2503649570555509,0.2514305145993124,0.07283755839120759,0.16318982739731955,0.13341010784342938,0.0,0.0,0.06233166507083003,0.016456473033410957,0.03801090781578479,0.0,0.011967988793154354,0.160440276810364
0.010547556893239695,0.2375607364564994,0.09593837282210618,0.03948415563330795,0.0,0.05727777498705755,0.0660789883145666,0.01820525917862607,0.0,0.06217953217981839,0.04009250424056846,0.052269426459638606,0.08523975317264379,0.0,0.07550764551232518,0.012317938183770099,0.0,0.0,0.0,0.004089938775494191,0.059617374538237074,0.0835930426521008,0.0,0.0,covid_serum_raman::Suspected::123,Suspected,covid_serum_raman,raman,serum,0.2375607364564994,0.2685426746035501,0.07550764551232518,0.16201736113667278,0.114448958639457,0.0,0.0,0.06136771376255174,0.01820525917862607,0.03948415563330795,0.012317938183770099,0.010547556893239695,0.1557982414116964
0.010563892855142485,0.24496917097565737,0.10179430872759367,0.04044268179850889,0.0,0.06378577172358814,0.063006413193843,0.015557976039173214,0.0,0.06296672430038794,0.04415103688307925,0.058109501775791675,0.08149801898609649,0.0016680607684066728,0.07280559737740677,0.004892184394186013,0.0,0.0,0.0,0.0,0.046234564050644016,0.08755409615049448,0.0,0.0,covid_serum_raman::Suspected::124,Suspected,covid_serum_raman,raman,serum,0.24496917097565737,0.25943771607031424,0.07280559737740677,0.16480072192143666,0.12107622607617961,0.0,0.0016680607684066728,0.06378577172358814,0.015557976039173214,0.04044268179850889,0.004892184394186013,0.010563892855142485,0.16041478030537137
0.010054655636174876,0.2427779441034061,0.09964746397025408,0.03757066550010551,0.0,0.06413477477930536,0.0615811951658897,0.015273812480418975,0.0,0.06335438289094998,0.04450985508618558,0.05904833451397085,0.08538211920885361,3.5164624098942873e-06,0.07314741621360418,0.001971715203619303,0.0,0.0,0.0,0.0,0.0514300385735623,0.09011211021128979,0.0,0.0,covid_serum_raman::Suspected::125,Suspected,covid_serum_raman,raman,serum,0.2427779441034061,0.27143412307989123,0.07314741621360418,0.1612286591361438,0.12240271740492084,0.0,3.5164624098942873e-06,0.06413477477930536,0.015273812480418975,0.03757066550010551,0.001971715203619303,0.010054655636174876,0.164759159792766
0.010899876482714278,0.2646970569614022,0.10341678943198622,0.03663088700221117,0.0,0.06894436914158768,0.05368839820416712,0.012498917932964787,0.0,0.06579559612776659,0.04727663538473739,0.06748808807845016,0.08163451942670094,0.0,0.06087754479946041,0.0,0.0,0.0,0.0,0.0,0.04064573018220938,0.0855055908436417,0.0,0.0,covid_serum_raman::Suspected::126,Suspected,covid_serum_raman,raman,serum,0.2646970569614022,0.2550624758372894,0.06087754479946041,0.15710518763615333,0.13328368420621675,0.0,0.0,0.06894436914158768,0.012498917932964787,0.03663088700221117,0.0,0.010899876482714278,0.15665183061117882
0.010667643141032022,0.2686616978328935,0.10630674325090776,0.03610071847497882,0.0,0.0743667457184076,0.049758216572631395,0.009742562243790586,0.0,0.06259705826785993,0.04984996506540113,0.06918869355810009,0.08182829729101049,0.0,0.05676939485183923,0.0,0.0,0.0,0.0,0.0,0.03640797415764755,0.08775428957349998,0.0,0.0,covid_serum_raman::Suspected::127,Suspected,covid_serum_raman,raman,serum,0.2686616978328935,0.25584052608755914,0.05676939485183923,0.15606495982353916,0.13178575182596003,0.0,0.0,0.0743667457184076,0.009742562243790586,0.03610071847497882,0.0,0.010667643141032022,0.15736178318753224
0.00990376390100114,0.27242225291909744,0.10489816311595272,0.0366882237549826,0.0,0.07643283587460388,0.04930688337585544,0.00816201938818225,0.0,0.060583585113315484,0.05079721504896428,0.06948114308188216,0.08020879520942514,0.0,0.052161920566105295,0.0,0.0,0.0,0.0,0.0,0.0384899803831136,0.09046321826751856,0.0,0.0,covid_serum_raman::Suspected::128,Suspected,covid_serum_raman,raman,serum,0.27242225291909744,0.2599592089090216,0.052161920566105295,0.15420504649180816,0.13006472819519765,0.0,0.0,0.07643283587460388,0.00816201938818225,0.0366882237549826,0.0,0.00990376390100114,0.1561678300738325
0.010480341912014305,0.2317183061729069,0.09814734705908136,0.038685457297829684,0.0,0.057875674851327885,0.06845461902991597,0.017619049058861372,0.0,0.06474278048374985,0.03809826939669292,0.05983782420030856,0.08264701958843405,0.002210339287706607,0.07129819113431601,0.014394845229511797,0.0,0.0,0.0,0.0,0.05826732431192436,0.08552261098541836,0.0,0.0,covid_serum_raman::Suspected::129,Suspected,covid_serum_raman,raman,serum,0.2317183061729069,0.26453522428246967,0.07129819113431601,0.16660196608899733,0.1245806046840584,0.0,0.002210339287706607,0.057875674851327885,0.017619049058861372,0.038685457297829684,0.014394845229511797,0.010480341912014305,0.15945684991235487
0.009892059847807144,0.24377541363775063,0.09903623803689098,0.03999287580213465,0.0,0.06162402412062074,0.06495566332861746,0.012962549950898577,0.0,0.06061102552739457,0.04365250734474977,0.06060030248961725,0.0832405566433706,0.001420887336400347,0.06740158975844174,0.009945751978946284,0.0,0.0,0.0,0.0018460269271708082,0.05178142105333278,0.08726110621585563,0.0,0.0,covid_serum_raman::Suspected::130,Suspected,covid_serum_raman,raman,serum,0.24377541363775063,0.26593559125730876,0.06740158975844174,0.16399190136550845,0.12121132801701182,0.0,0.001420887336400347,0.06347005104779155,0.012962549950898577,0.03999287580213465,0.009945751978946284,0.009892059847807144,0.1598627854159428
0.01041680454440231,0.23227655127579294,0.09816961817809387,0.041277366212350904,0.0,0.05788249858647664,0.06769006018795232,0.016577343578919494,0.0,0.06122539741134196,0.03898159683321276,0.05714939289947506,0.08469057772194687,0.004100355436557288,0.07047155407808019,0.012805204581752197,0.0,0.0,0.0,0.005579027531387409,0.05381257034698502,0.08494912435165572,0.0,0.0019449562436170819,covid_serum_raman::Suspected::131,Suspected,covid_serum_raman,raman,serum,0.23227655127579294,0.2624338692538004,0.07241651032169727,0.1658596783660462,0.11837479031081702,0.0,0.004100355436557288,0.06346152611786406,0.016577343578919494,0.041277366212350904,0.012805204581752197,0.01041680454440231,0.15534605060858198
0.008011465324626058,0.24738911649625844,0.09941159088178358,0.03270888461375746,0.0,0.06630383478938535,0.06810723391828416,0.018669202813044752,0.0,0.06589082870631777,0.04831278057325221,0.06651424767178533,0.08483386524540856,0.004891786656715111,0.07265870340695223,0.0,0.0,0.0,0.0,0.0,0.037730648846830875,0.07856581005559816,0.0,0.0,covid_serum_raman::Suspected::132,Suspected,covid_serum_raman,raman,serum,0.24738911649625844,0.24944310472108977,0.07265870340695223,0.16751882480006774,0.13240507637810311,0.0,0.004891786656715111,0.06630383478938535,0.018669202813044752,0.03270888461375746,0.0,0.008011465324626058,0.1606093188455432
0.009915313479569724,0.24611523896772636,0.10037701190076553,0.032840585109406094,0.0,0.06399477285431102,0.0712500730555339,0.021935455863176592,0.0,0.06711924501191179,0.04610249150525199,0.06512971118866993,0.08528390297284406,0.003463097326543442,0.07573952426093022,0.0,0.0,0.0,0.0,0.0,0.03502722943920219,0.07570634706415706,0.0,0.0,covid_serum_raman::Suspected::133,Suspected,covid_serum_raman,raman,serum,0.24611523896772636,0.24211997098145532,0.07573952426093022,0.1716270849562994,0.13224895620058172,0.0,0.003463097326543442,0.06399477285431102,0.021935455863176592,0.032840585109406094,0.0,0.009915313479569724,0.15848245027366092
0.008295617718034116,0.25312786757822653,0.09798909601266832,0.033323036353796014,0.0,0.07055368179486135,0.06241785437575312,0.012687350798584967,0.0,0.06283184026112608,0.05260039363136608,0.0705333823117739,0.08802636491868261,0.004921848548251976,0.06394162570871546,0.0,0.0,0.0,0.0,0.0,0.036622323060274437,0.08150627673118976,0.0,0.0006214401966953415,covid_serum_raman::Suspected::134,Suspected,covid_serum_raman,raman,serum,0.25312786757822653,0.25875535834151286,0.0645630659054108,0.16040695038842145,0.13336522257289998,0.0,0.004921848548251976,0.07055368179486135,0.012687350798584967,0.033323036353796014,0.0,0.008295617718034116,0.1660723603756804
0.0006188012006381265,0.17818305286642935,0.07217169116848375,0.04716045156545967,0.0,0.03547880555507183,0.09105493024993994,0.019960826397073517,0.010018452742848063,0.03758205725823764,0.032441888730867945,0.027945961105799944,0.09950745237521907,0.008050158475652212,0.05453791232045831,0.03597838401677204,0.0,0.0,0.014996208414626521,0.02401825116562437,0.08901201587129222,0.09326551062623899,0.004796380318706992,0.023220807574559483,covid_serum_raman::Suspected::135,Suspected,covid_serum_raman,raman,serum,0.17818305286642935,0.31422686760361823,0.08255510021372478,0.17324507416127177,0.06552801836403759,0.014996208414626521,0.008050158475652212,0.059497056720696204,0.019960826397073517,0.04716045156545967,0.03597838401677204,0.0006188012006381265,0.1838008943889976
0.0,0.17969823942875648,0.06837342824709064,0.0466472525690242,0.0,0.036039927447544716,0.08780330896908545,0.0188877893039234,0.008860913170008323,0.03756474833170348,0.03084744275879191,0.02842282926306246,0.1020556242308613,0.011938233323518208,0.053592666163341435,0.03503301382535717,0.0,0.0,0.01711157289557583,0.027769421214758252,0.09052029838526653,0.09244106684371241,0.0043153541020937505,0.022076869526524073,covid_serum_raman::Suspected::136,Suspected,covid_serum_raman,raman,serum,0.17969823942875648,0.31586443221863214,0.07998488979195925,0.1650376503861844,0.06598757759476594,0.01711157289557583,0.011938233323518208,0.06380934866230296,0.0188877893039234,0.0466472525690242,0.03503301382535717,0.0,0.1771511101969423
0.000601762808933411,0.18431652065996626,0.07068899547786113,0.04744882533354239,0.0,0.03725407486781685,0.09068329737841213,0.017433796328807438,0.007984112158097764,0.03647713563063885,0.0379121399454598,0.028339861022855597,0.10095875117597719,0.007606769015350966,0.050916297905904934,0.03327970929390524,0.0,0.0,0.01891332449030346,0.024021736827066084,0.08754728850395121,0.0953746425083447,0.0012027089161028009,0.021038249750701874,covid_serum_raman::Suspected::137,Suspected,covid_serum_raman,raman,serum,0.18431652065996626,0.3217928221337329,0.0731572565727096,0.16935640501437102,0.06481699665349444,0.01891332449030346,0.007606769015350966,0.061275811694882935,0.017433796328807438,0.04744882533354239,0.03327970929390524,0.000601762808933411,0.1809263901488659
0.011340230926300434,0.24646122219996316,0.0983587786616748,0.039338456436975894,0.0,0.06129413074076239,0.0654291369730184,0.020295364963331307,0.0,0.06736873133411153,0.04467361434816363,0.059460197458723205,0.08441893938098949,0.0011101337487666367,0.07023544224233931,0.004145252792360147,0.0,0.0,0.0,0.0,0.047440835258115384,0.07862953253440412,0.0,0.0,covid_serum_raman::Suspected::138,Suspected,covid_serum_raman,raman,serum,0.24646122219996316,0.25516292152167264,0.07023544224233931,0.1637879156346932,0.12682892879283475,0.0,0.0011101337487666367,0.06129413074076239,0.020295364963331307,0.039338456436975894,0.004145252792360147,0.011340230926300434,0.15708300733059377
0.00593557954067202,0.2596380617746735,0.09647659270151122,0.038587112124754304,0.0,0.07602358003424044,0.051251839007504324,0.0023084509363073915,0.0,0.0604632266617294,0.058859983020788424,0.06885386158446045,0.09068767765691312,0.0006499344379640374,0.04802701033990944,0.0,0.0,0.0,0.0,0.0,0.045572762448176124,0.09367915662681975,0.0,0.0029851711035760032,covid_serum_raman::Suspected::139,Suspected,covid_serum_raman,raman,serum,0.2596380617746735,0.28879957975269743,0.051012181443485446,0.14772843170901556,0.12931708824618987,0.0,0.0006499344379640374,0.07602358003424044,0.0023084509363073915,0.038587112124754304,0.0,0.00593557954067202,0.16969752888058964
0.011158471037123483,0.2488246100331559,0.09720757947783855,0.039568454780632645,0.0,0.06230507282039792,0.06547366561021978,0.016739315219727484,0.0,0.06685083213866073,0.046444343940283,0.06051501046382471,0.08710807750762133,0.0009818387701833675,0.06504046068512281,0.003956140201434043,0.0,0.0,0.0,0.0,0.047387940400331174,0.0804381869134431,0.0,0.0,covid_serum_raman::Suspected::140,Suspected,covid_serum_raman,raman,serum,0.2488246100331559,0.2613785487616786,0.06504046068512281,0.1626812450880583,0.12736584260248546,0.0,0.0009818387701833675,0.06230507282039792,0.016739315219727484,0.039568454780632645,0.003956140201434043,0.011158471037123483,0.15962676963699496
0.00867621896663823,0.23194835126354305,0.09147130956600995,0.03555194156758992,0.0,0.0578598944614499,0.07348604224490893,0.023610198476153997,0.0,0.07042087181397341,0.04465483335501793,0.056088356378238016,0.08863960419200863,0.006167807691298332,0.08290992129803476,0.0014418135306187474,0.0,0.0,0.0,0.0,0.048402116620112685,0.07748408278423524,0.0,0.0011866357901683707,covid_serum_raman::Suspected::141,Suspected,covid_serum_raman,raman,serum,0.23194835126354305,0.2591806369513745,0.08409655708820313,0.16495735181091886,0.12650922819221144,0.0,0.006167807691298332,0.0578598944614499,0.023610198476153997,0.03555194156758992,0.0014418135306187474,0.00867621896663823,0.15867469756511954
0.007336674254016023,0.23613331077361427,0.09303717139059217,0.035729473090652046,0.0,0.06237820909253881,0.06978567201966483,0.01790839040107937,0.0,0.0681291019925833,0.048260473016232375,0.06035189001698648,0.08663584638323867,0.004797575926308708,0.07641585221248236,0.0,0.0,0.0,0.0,0.0,0.04675031050836033,0.08378103834932392,0.0,0.002569010572326398,covid_serum_raman::Suspected::142,Suspected,covid_serum_raman,raman,serum,0.23613331077361427,0.2654276682571553,0.07898486278480876,0.162822843410257,0.12848099200956978,0.0,0.004797575926308708,0.06237820909253881,0.01790839040107937,0.035729473090652046,0.0,0.007336674254016023,0.1631383042043414
0.008063929162749062,0.23573669865165872,0.09316364380601536,0.036272351299445366,0.0,0.05757129524969089,0.07424910471002774,0.02323797199558197,0.0,0.07212089686413665,0.045388530476414134,0.05599909565305809,0.08859229480621751,0.006650365190384559,0.07905853533224114,0.0007211144986464891,0.0,0.0,0.0,0.0,0.04532103474392383,0.07607768515455622,0.0,0.0017754524052523157,covid_serum_raman::Suspected::143,Suspected,covid_serum_raman,raman,serum,0.23573669865165872,0.25537954518111167,0.08083398773749345,0.1674127485160431,0.12811999251719475,0.0,0.006650365190384559,0.05757129524969089,0.02323797199558197,0.036272351299445366,0.0007211144986464891,0.008063929162749062,0.15733555890753903
0.004126732693140823,0.2135507340810787,0.11309111425355238,0.042509500967478325,0.0,0.05490134334140969,0.08029166508330653,0.0081538678976858,0.0,0.050485586339879325,0.05177128248757087,0.06007944957837039,0.09313740472266754,0.005760838091262832,0.042995345955234646,0.018527800485410986,0.0,0.0,0.0,0.0,0.06913158455721329,0.08806419263501472,0.0,0.003421556829723252,covid_serum_raman::Suspected::144,Suspected,covid_serum_raman,raman,serum,0.2135507340810787,0.3021044644024664,0.0464169027849579,0.1933827793368589,0.11056503591824972,0.0,0.005760838091262832,0.05490134334140969,0.0081538678976858,0.042509500967478325,0.018527800485410986,0.004126732693140823,0.18121321789131672
0.003703503553238532,0.22052994446694485,0.11325718466912822,0.04209186677231713,0.0,0.05561635282411336,0.08122791823480122,0.007175871942983482,0.0,0.05165642595161038,0.05260236686602841,0.060060402794337275,0.09247154446482093,0.004401300313956643,0.04337665224284513,0.01473604186190275,0.0,0.0,0.0,0.0013754144345421411,0.06843083066021756,0.08553325856084251,0.0,0.0017531193853694825,covid_serum_raman::Suspected::145,Suspected,covid_serum_raman,raman,serum,0.22052994446694485,0.29903800055190943,0.04512977162821461,0.19448510290392945,0.11171682874594765,0.0,0.004401300313956643,0.056991767258655505,0.007175871942983482,0.04209186677231713,0.01473604186190275,0.003703503553238532,0.178930010468618
0.012820929941728907,0.21779873277192613,0.11912707149213417,0.039589164687409334,0.0,0.04835195809430327,0.08425341824125074,0.019958857278662825,0.0,0.06202187453323114,0.04715609025690899,0.06141151160202079,0.07495028008266166,0.0004207503746251575,0.07173542118704263,0.011942967412501861,0.0,0.0,0.0,0.0,0.05262451695627357,0.07583645508731884,0.0,0.0,covid_serum_raman::Suspected::146,Suspected,covid_serum_raman,raman,serum,0.21779873277192613,0.2505673423831631,0.07173542118704263,0.2033804897333849,0.12343338613525193,0.0,0.0004207503746251575,0.04835195809430327,0.019958857278662825,0.039589164687409334,0.011942967412501861,0.012820929941728907,0.16094887390328405
0.012469841121094073,0.22186102054480705,0.12073827739822614,0.040943269970977636,0.0,0.05303883964045463,0.08147117727293175,0.01814416225163596,0.0,0.061403231907838744,0.04851763676399821,0.06226152881248906,0.07649332574927648,0.0003802978711618783,0.06710350556827717,0.009969114847021779,0.0,0.0,0.0,0.0,0.051572152612262286,0.07363261766754713,0.0,0.0,covid_serum_raman::Suspected::147,Suspected,covid_serum_raman,raman,serum,0.22186102054480705,0.25021573279308407,0.06710350556827717,0.2022094546711579,0.12366476072032781,0.0,0.0003802978711618783,0.05303883964045463,0.01814416225163596,0.040943269970977636,0.009969114847021779,0.012469841121094073,0.16290507358503636
0.010890013235734826,0.23590221849493892,0.10176256963575318,0.040810519188707976,0.0,0.057377740590291236,0.06610538142367621,0.016868356154025054,0.0,0.06008625742329359,0.04795074097622716,0.06799558172839104,0.08124401389589624,0.0,0.07412280933161677,0.001411719931911433,0.0,0.0,0.0,0.0,0.05331222740995175,0.08415985057958458,0.0,0.0,covid_serum_raman::Suspected::148,Suspected,covid_serum_raman,raman,serum,0.23590221849493892,0.2666668328616597,0.07412280933161677,0.1678679510594294,0.12808183915168464,0.0,0.0,0.057377740590291236,0.016868356154025054,0.040810519188707976,0.001411719931911433,0.010890013235734826,0.16497235651165065
0.009471129241088169,0.2461317181306203,0.1049251605033588,0.04007871144550565,0.0,0.06207596041692109,0.06256741112979497,0.0138127691463607,0.0,0.059006645208349084,0.05291434491602563,0.06918868773059193,0.08327947867494523,0.0,0.06734428454538187,0.0,0.0,0.0,0.0,0.0,0.04557444918238701,0.08362924972866966,0.0,0.0,covid_serum_raman::Suspected::149,Suspected,covid_serum_raman,raman,serum,0.2461317181306203,0.2653975225020275,0.06734428454538187,0.1674925716331538,0.12819533293894103,0.0,0.0,0.06207596041692109,0.0138127691463607,0.04007871144550565,0.0,0.009471129241088169,0.16702718440722708
0.0073646864823177175,0.19481405706640703,0.08778873653885248,0.03721135528835062,0.0,0.03923338246281881,0.08805898816529095,0.02393322360061494,0.0,0.06716570062051588,0.040491473497112046,0.04673599732877575,0.09280232045559814,0.006205762898517567,0.08888883100608068,0.019401648796432323,0.0,0.0,0.0,0.0029227307426516603,0.06951481268783147,0.08313142315782832,0.0,0.004334869204003566,covid_serum_raman::Suspected::150,Suspected,covid_serum_raman,raman,serum,0.19481405706640703,0.28594002979836997,0.09322370021008425,0.17584772470414345,0.11390169794929164,0.0,0.006205762898517567,0.04215611320547047,0.02393322360061494,0.03721135528835062,0.019401648796432323,0.0073646864823177175,0.17327853099096724
0.006196119432764554,0.20068353204474793,0.08908063044580532,0.03834878608646303,0.0,0.04146173961041697,0.08648321006956967,0.02384681619891397,0.0,0.0671397585766964,0.04208652076823889,0.047923457515678565,0.08984522630941083,0.00435478123975297,0.08931718928329525,0.017088748360201047,0.0,0.0,0.0,0.00042777727150431866,0.06623445200339101,0.08156233727445707,0.0018900688125005692,0.0060288486961915565,covid_serum_raman::Suspected::151,Suspected,covid_serum_raman,raman,serum,0.20068353204474793,0.27972853635549777,0.09723610679198738,0.175563840515375,0.11506321609237496,0.0,0.00435478123975297,0.04188951688192129,0.02384681619891397,0.03834878608646303,0.017088748360201047,0.006196119432764554,0.17086738709384208
0.0032484523411983133,0.2038376297590804,0.0939508065703896,0.04314389082006964,0.0,0.04305023696255255,0.0847545845668581,0.015253334123024043,0.0,0.04881203707928825,0.042988912497056095,0.04511630603293908,0.09761469351544494,0.006892187424321461,0.05385214341583499,0.027153956989938163,0.0,0.0,0.0015600741099312903,0.012730106528371763,0.08427054533760789,0.08229809840845698,0.0,0.00947200351763642,covid_serum_raman::Suspected::152,Suspected,covid_serum_raman,raman,serum,0.2038376297590804,0.30717224975856594,0.06332414693347141,0.1787053911372477,0.09392834311222734,0.0015600741099312903,0.006892187424321461,0.05578034349092431,0.015253334123024043,0.04314389082006964,0.027153956989938163,0.0032484523411983133,0.1721352153945217
0.0035659033898583956,0.2033218039456563,0.09051972071886706,0.04341039210782564,0.0,0.04178743340089545,0.08444948389722753,0.01738861545433217,0.0,0.04989064644175502,0.04069394531223597,0.04553817304931158,0.09694955320354592,0.00962861128683863,0.04849860090452209,0.03176560836988892,0.0,0.0,0.0,0.017224974013208428,0.08373489588858653,0.08254446269952868,0.0,0.009087175915915579,covid_serum_raman::Suspected::153,Suspected,covid_serum_raman,raman,serum,0.2033218039456563,0.3039228571038971,0.05758577682043767,0.1749692046160946,0.0954288194910666,0.0,0.00962861128683863,0.05901240741410388,0.01738861545433217,0.04341039210782564,0.03176560836988892,0.0035659033898583956,0.16813384170059664
0.0008271748761675037,0.17970812110477877,0.07945877367333877,0.041911442440342256,0.0,0.03185454543877683,0.09754954290440798,0.0193247883851517,0.004458475962363799,0.05061588825301601,0.037695198010730735,0.031597764923369874,0.09685767700923188,0.010378362561768401,0.06515098319068643,0.03202100338123351,0.0,0.0,0.01171280535491262,0.012140384720542446,0.08775799819226,0.08952177347052173,0.006922641369475862,0.012534654776922954,covid_serum_raman::Suspected::154,Suspected,covid_serum_raman,raman,serum,0.17970812110477877,0.31183264668274435,0.08460827933708524,0.18146679254011053,0.08221365317638588,0.01171280535491262,0.010378362561768401,0.04399493015931928,0.0193247883851517,0.041911442440342256,0.03202100338123351,0.0008271748761675037,0.1838789168244347
0.0005977837856654816,0.18749551421420946,0.08222580170211982,0.0411024842061529,0.0,0.03426163507059214,0.09581551516436904,0.019592073745661295,0.005886300166544727,0.05053943137088476,0.042432331720727835,0.03370624379108941,0.09906626147322754,0.00575190377987846,0.06451160067491404,0.027854154189200443,0.0,0.0,0.00955290033852794,0.008909615199312727,0.0831510166322611,0.0907626461826156,0.00461132518872903,0.012173461403316268,covid_serum_raman::Suspected::155,Suspected,covid_serum_raman,raman,serum,0.18749551421420946,0.3154122560088321,0.08129638726695934,0.1839276170330336,0.08424567516197418,0.00955290033852794,0.00575190377987846,0.04317125026990487,0.019592073745661295,0.0411024842061529,0.027854154189200443,0.0005977837856654816,0.18344418207668967
0.0075238482882256,0.24570323318722917,0.09631171150969911,0.03564330084668458,0.0,0.06342922875538286,0.06838612046196951,0.019620833950381503,0.0,0.0674329345734553,0.04812093845866805,0.06017714363334805,0.08844588620206964,0.005018324578736397,0.06999980800981576,0.00023950491016066995,0.0,0.0,0.0,0.0,0.04427604449865189,0.0760258575885948,0.0008797921248326193,0.0027654884220944488,covid_serum_raman::Healthy::000,Healthy,covid_serum_raman,raman,serum,0.24570323318722917,0.2568687267479844,0.07364508855674283,0.16469783197166862,0.12761007820680334,0.0,0.005018324578736397,0.06342922875538286,0.019620833950381503,0.03564330084668458,0.00023950491016066995,0.0075238482882256,0.15878849736772727
0.007765668431304907,0.24279449664546426,0.09368890950496012,0.036261756423383126,0.0,0.059791416694066804,0.07078507860815804,0.02077826510728561,0.0,0.06783276244704779,0.04642185055211154,0.05587532622826207,0.0885517817195853,0.005716685622933188,0.07438217945220522,0.0029069657191214096,0.0,0.0,0.0,0.0,0.047368743150722495,0.07633110930988962,0.0,0.0027470043834985614,covid_serum_raman::Healthy::001,Healthy,covid_serum_raman,raman,serum,0.24279449664546426,0.25867348473230894,0.07712918383570379,0.16447398811311814,0.12370808867530986,0.0,0.005716685622933188,0.059791416694066804,0.02077826510728561,0.036261756423383126,0.0029069657191214096,0.007765668431304907,0.15595049281263818
0.007077366469775887,0.24158622992025017,0.09237130045768217,0.03518841416562907,0.0,0.06027896404525064,0.07105391853430156,0.020345567318099823,0.0,0.0661656236049584,0.04641317921101086,0.058556393479847715,0.08950098445068916,0.006172125618215746,0.07086675176064458,0.004027790091427647,0.0,0.0,0.0,0.0,0.04842765867026499,0.07920349875259672,0.0,0.0027642334493547987,covid_serum_raman::Healthy::002,Healthy,covid_serum_raman,raman,serum,0.24158622992025017,0.26354532108456175,0.07363098520999938,0.16342521899198373,0.12472201708480611,0.0,0.006172125618215746,0.06027896404525064,0.020345567318099823,0.03518841416562907,0.004027790091427647,0.007077366469775887,0.15746464816647665
0.009420926452487632,0.23941810689395937,0.09685340985294641,0.037934470936785966,0.0,0.05886221645192626,0.06683363075132501,0.01733391452782045,0.0,0.06856978358907942,0.04864558065620971,0.06443564810882,0.08380387059097856,0.002641762247342574,0.0764741990828537,0.0018585392765103764,0.0,0.0,0.0,0.0,0.050449663147039116,0.07646427743391539,0.0,0.0,covid_serum_raman::Healthy::003,Healthy,covid_serum_raman,raman,serum,0.23941810689395937,0.2593633918281428,0.0764741990828537,0.16368704060427142,0.1330054316978994,0.0,0.002641762247342574,0.05886221645192626,0.01733391452782045,0.037934470936785966,0.0018585392765103764,0.009420926452487632,0.16076333215585092
0.005950368718759816,0.25216590654629867,0.09462738559216018,0.03841670119332297,0.0,0.0709773126696051,0.05550061969307278,0.004106086443594234,0.0,0.06041399954696395,0.055748933305978236,0.070081456430988,0.08703636805554359,0.0018866220077514997,0.05824155456077415,0.0,0.0,0.0,0.0,0.0,0.04841359501475992,0.09457953261009341,0.0,0.0018535576103336268,covid_serum_raman::Healthy::004,Healthy,covid_serum_raman,raman,serum,0.25216590654629867,0.2857784289863752,0.06009511217110778,0.15012800528523296,0.13049545597795195,0.0,0.0018866220077514997,0.0709773126696051,0.004106086443594234,0.03841670119332297,0.0,0.005950368718759816,0.17054626860163413
0.005422071376325357,0.2500922904225508,0.09304690230361515,0.03769070037679492,0.0,0.07307167319166585,0.054301685281853355,0.0023422363685788555,0.0,0.061768467492103206,0.05934486178400986,0.06873037565991996,0.08712878485670861,0.002451969192088949,0.05931240133742902,0.0,0.0,0.0,0.0,0.0,0.04685732937384369,0.09732311394543845,0.0,0.0011151370370740263,covid_serum_raman::Healthy::005,Healthy,covid_serum_raman,raman,serum,0.2500922904225508,0.2906540899600006,0.06042753837450305,0.1473485875854685,0.13049884315202318,0.0,0.002451969192088949,0.07307167319166585,0.0023422363685788555,0.03769070037679492,0.0,0.005422071376325357,0.17437476576499766
0.010961885187194497,0.24724700155870208,0.10141670528831213,0.04053021808649975,0.0,0.06246048229726098,0.0635272311803999,0.014846517978266381,0.0,0.06528289830454545,0.05625005822935013,0.06766101345228094,0.07679358441034069,0.0008733418660082102,0.07093687944863236,0.0,0.0,0.0,0.0,0.0,0.04098378538433859,0.08022839732786792,0.0,0.0,covid_serum_raman::Healthy::006,Healthy,covid_serum_raman,raman,serum,0.24724700155870208,0.25425582535189734,0.07093687944863236,0.16494393646871203,0.1329439117568264,0.0,0.0008733418660082102,0.06246048229726098,0.014846517978266381,0.04053021808649975,0.0,0.010961885187194497,0.16350881893740377
0.01018998376478066,0.2460920169990511,0.10112249810266498,0.03913705233488502,0.0,0.060995339653018066,0.06419570484882745,0.015987347724684995,0.0,0.06851652164382677,0.05143684440283386,0.06377755547192611,0.07945538120778237,0.00047909181525839466,0.07266724689133441,0.0,0.0,0.0,0.0,0.0,0.042424239250053966,0.08352317588907197,0.0,0.0,covid_serum_raman::Healthy::007,Healthy,covid_serum_raman,raman,serum,0.2460920169990511,0.2568396407497422,0.07266724689133441,0.1653182029514924,0.13229407711575286,0.0,0.00047909181525839466,0.060995339653018066,0.015987347724684995,0.03913705233488502,0.0,0.01018998376478066,0.16278894996578175
0.010725292219521454,0.23972276451945607,0.09777550443578208,0.040179278348474005,0.0,0.05980485522199229,0.06614998049961109,0.01865324500726666,0.0,0.06997562207730293,0.049719858404835546,0.06244335681473417,0.0780983833852266,0.001485525171948765,0.07683561384221205,0.0014860833917414358,0.0,0.0,0.0,0.0,0.043079961928676656,0.08386467473121818,0.0,0.0,covid_serum_raman::Healthy::008,Healthy,covid_serum_raman,raman,serum,0.23972276451945607,0.254762878449957,0.07683561384221205,0.16392548493539316,0.1324189788920371,0.0,0.001485525171948765,0.05980485522199229,0.01865324500726666,0.040179278348474005,0.0014860833917414358,0.010725292219521454,0.1612995345684869
0.009547663213801402,0.23542531757340648,0.09457925245474401,0.040004850878739874,0.0,0.053373950865710285,0.07084436101044686,0.019826191711103013,0.0,0.06529513363975765,0.04626264181894237,0.05765830889508943,0.08841912859091522,0.0022522393832824904,0.07136856909560418,0.0072076975221926146,0.0,0.0,0.0,0.0,0.056575507991401174,0.08135918535486289,0.0,0.0,covid_serum_raman::Healthy::009,Healthy,covid_serum_raman,raman,serum,0.23542531757340648,0.2726164637561217,0.07136856909560418,0.16542361346519086,0.12295344253484708,0.0,0.0022522393832824904,0.053373950865710285,0.019826191711103013,0.040004850878739874,0.0072076975221926146,0.009547663213801402,0.15947369054536886
0.007940377584571725,0.24022441682600268,0.09500112452870241,0.04038169101158603,0.0,0.05763518732069251,0.06702650775928086,0.01589355819255714,0.0,0.06603244567597492,0.047752749114724234,0.06148755712857898,0.08878198984563705,0.0012286646640218642,0.06701569089601417,0.005280368155909624,0.0,0.0,0.0,0.0,0.0537687068868599,0.08351715140051091,0.0,0.0010318130083750647,covid_serum_raman::Healthy::010,Healthy,covid_serum_raman,raman,serum,0.24022441682600268,0.2738205972477321,0.06804750390438924,0.16202763228798328,0.1275200028045539,0.0,0.0012286646640218642,0.05763518732069251,0.01589355819255714,0.04038169101158603,0.005280368155909624,0.007940377584571725,0.16285567247054689
0.007905923131018422,0.23843192248402667,0.09408951345491563,0.038944297709561086,0.0,0.057412260644913386,0.06820796335951614,0.014967895395418056,0.0,0.06639851035629217,0.04782202578835828,0.06236171319743193,0.09114268572483983,0.002211288174843963,0.06836324191547707,0.004028983822895548,0.0,0.0,0.0,0.0,0.05585647012354984,0.08169289980710806,0.0,0.0001624049098338333,covid_serum_raman::Healthy::011,Healthy,covid_serum_raman,raman,serum,0.23843192248402667,0.27651408144385603,0.06852564682531091,0.16229747681443177,0.1287602235537241,0.0,0.002211288174843963,0.057412260644913386,0.014967895395418056,0.038944297709561086,0.004028983822895548,0.007905923131018422,0.16399576246095238
0.010076593874460542,0.2491600015089383,0.09440728389916797,0.03949939749492621,0.0,0.06220449331913395,0.0631480381542448,0.018033245213319928,0.0,0.06729080924962559,0.04655692876376823,0.06333494281415379,0.08454620578683268,0.0,0.0738234720364793,0.0006384459801261283,0.0,0.0,0.0,0.0,0.045275998974837875,0.08200414292998462,0.0,0.0,covid_serum_raman::Healthy::012,Healthy,covid_serum_raman,raman,serum,0.2491600015089383,0.25838327645542336,0.0738234720364793,0.15755532205341277,0.13062575206377938,0.0,0.0,0.06220449331913395,0.018033245213319928,0.03949939749492621,0.0006384459801261283,0.010076593874460542,0.1601936449962944
0.01130173747708305,0.24570259672833533,0.09530573645632139,0.041136519138929184,0.0,0.06195423573202877,0.06409841273270948,0.019075872136661592,0.0,0.07289611646567644,0.045936064506915154,0.0641588737652107,0.08123986754763501,0.0,0.07551400122647298,0.0,0.0,0.0,0.0,0.0,0.041709415898620636,0.07997055018740026,0.0,0.0,covid_serum_raman::Healthy::013,Healthy,covid_serum_raman,raman,serum,0.24570259672833533,0.24885589814057105,0.07551400122647298,0.15940414918903087,0.13705499023088713,0.0,0.0,0.06195423573202877,0.019075872136661592,0.041136519138929184,0.0,0.01130173747708305,0.16003393240604447
0.012244366204932937,0.24393579456389444,0.09430464640754248,0.04081334507358713,0.0,0.05810105267848554,0.06700721964556179,0.022105154560285535,0.0,0.06921880048789247,0.04540046973518828,0.060751901693795435,0.07824795211522045,0.0,0.07900631931419858,0.0033805610342949265,0.0,0.0,0.0,0.0,0.04485825655571568,0.08062415992940426,0.0,0.0,covid_serum_raman::Healthy::014,Healthy,covid_serum_raman,raman,serum,0.24393579456389444,0.24913083833552868,0.07900631931419858,0.16131186605310427,0.1299707021816879,0.0,0.0,0.05810105267848554,0.022105154560285535,0.04081334507358713,0.0033805610342949265,0.012244366204932937,0.1559456675759867
0.01066913119387347,0.2568975152436776,0.09616965498582597,0.0412585309606675,0.0,0.059893105323221854,0.06332147695406953,0.02078141322463138,0.0,0.06499907289376296,0.04972132697270042,0.06114025340781115,0.08040285796011919,0.0,0.06891969570655021,0.0035371380013912374,0.0,0.0,0.0,0.0,0.0440399916459527,0.07824883552574484,0.0,0.0,covid_serum_raman::Healthy::015,Healthy,covid_serum_raman,raman,serum,0.2568975152436776,0.25241301210451716,0.06891969570655021,0.1594911319398955,0.1261393263015741,0.0,0.0,0.059893105323221854,0.02078141322463138,0.0412585309606675,0.0035371380013912374,0.01066913119387347,0.15412131279186736
0.011271925224579121,0.2528695718669923,0.09452844154057877,0.0416839455736196,0.0,0.05847476239138752,0.0644124611774553,0.021117372883532756,0.0,0.06626914474125303,0.047896567118869963,0.0611397015239238,0.0820493565992317,0.0,0.06801771612639677,0.00734652639574292,0.0,0.0,0.0,0.0,0.047239590265543085,0.07568291657089335,0.0,0.0,covid_serum_raman::Healthy::016,Healthy,covid_serum_raman,raman,serum,0.2528695718669923,0.2528684305545381,0.06801771612639677,0.15894090271803407,0.12740884626517684,0.0,0.0,0.05847476239138752,0.021117372883532756,0.0416839455736196,0.00734652639574292,0.011271925224579121,0.15409202792239418
0.010867874090638618,0.25236429029123353,0.09325022002228876,0.040584923264869656,0.0,0.05914576266608966,0.06317069464212079,0.021700410334671787,0.0,0.06522201076469077,0.04702955758534064,0.061508476437844246,0.07964245868467877,0.0,0.0718529526107103,0.006578402991965381,0.0,0.0,0.0,0.0,0.04791746800291577,0.07916449760994124,0.0,0.0,covid_serum_raman::Healthy::017,Healthy,covid_serum_raman,raman,serum,0.25236429029123353,0.2537539818828764,0.0718529526107103,0.15642091466440955,0.12673048720253502,0.0,0.0,0.05914576266608966,0.021700410334671787,0.040584923264869656,0.006578402991965381,0.010867874090638618,0.1541138734612011
0.005824297485284939,0.23869302935254016,0.08840561689934584,0.03618055766756678,0.0,0.05213157385398119,0.06782599910878478,0.020325822854030028,0.0,0.06317104361576856,0.04514632149158149,0.05915339427522901,0.08653850573881483,0.008160471417601102,0.0719388457667117,0.011312925559033318,0.0,0.0,0.0,0.005348323392654794,0.05814356935943724,0.08109664715693876,0.0,0.0006030550046955317,covid_serum_raman::Healthy::018,Healthy,covid_serum_raman,raman,serum,0.23869302935254016,0.2709250437467723,0.07254190077140722,0.15623161600813062,0.12232443789099756,0.0,0.008160471417601102,0.057479897246635984,0.020325822854030028,0.03618055766756678,0.011312925559033318,0.005824297485284939,0.15136280957744508
0.005934493319351541,0.2346854711782575,0.08645701089780491,0.03633079339054002,0.0,0.05289603706592774,0.06725910003679711,0.02120751012366413,0.0,0.0664987827714897,0.04456238899636723,0.05809444759503476,0.08735821184371698,0.008869166313036345,0.07281707242624842,0.011739934549551695,0.0,0.0,0.0,0.006290334195712022,0.05721514437250984,0.08070698758144088,0.0,0.0010771133425492073,covid_serum_raman::Healthy::019,Healthy,covid_serum_raman,raman,serum,0.2346854711782575,0.2698427327940349,0.07389418576879762,0.15371611093460202,0.12459323036652445,0.0,0.008869166313036345,0.05918637126163977,0.02120751012366413,0.03633079339054002,0.011739934549551695,0.005934493319351541,0.1513931411835806
0.006114337197313761,0.24368034323851803,0.08780615455784346,0.038310955709848424,0.0,0.056939554169995875,0.06528783365982722,0.01943412195061469,0.0,0.0645504801230184,0.04645179529082922,0.05911027014963059,0.08619413588211172,0.007723624789390211,0.06980150112303994,0.007504006313878419,0.0,0.0,0.0,0.0043262226186162,0.05534225911772237,0.07933346786312431,0.0,0.002088936244677031,covid_serum_raman::Healthy::020,Healthy,covid_serum_raman,raman,serum,0.24368034323851803,0.2673216581537876,0.07189043736771697,0.15309398821767067,0.12366075027264899,0.0,0.007723624789390211,0.06126577678861207,0.01943412195061469,0.038310955709848424,0.007504006313878419,0.006114337197313761,0.15193979730130014
0.004330936171390546,0.196915520374893,0.07320112641686634,0.041883078367513586,0.0,0.03829450788989891,0.07714175662725585,0.020305970037277545,0.0,0.05773629538442748,0.031209158996434606,0.03874342103336288,0.09848103461604503,0.013412914926226436,0.06152494714870489,0.03863629846916905,0.0,0.0,0.0,0.03855028920984784,0.08694744696053747,0.0740895589028076,0.0,0.008595738467341046,covid_serum_raman::Healthy::021,Healthy,covid_serum_raman,raman,serum,0.196915520374893,0.2907271994758247,0.07012068561604594,0.1503428830441222,0.09647971641779036,0.0,0.013412914926226436,0.07684479709974676,0.020305970037277545,0.041883078367513586,0.03863629846916905,0.004330936171390546,0.15225385669014702
0.0012318409696213967,0.22288226919537046,0.08308537873534226,0.03989290555015429,0.0,0.05584009284701588,0.06744711530224058,0.01073106448493173,0.0,0.05768936824324554,0.043562373845632565,0.05200821883395803,0.0979851627833967,0.011087911689306245,0.05232313861324763,0.019001917318581054,0.0,0.0,0.0,0.012805788458589479,0.07351569797607777,0.09033119726282439,0.0,0.008578557890463983,covid_serum_raman::Healthy::022,Healthy,covid_serum_raman,raman,serum,0.22288226919537046,0.3053944318679314,0.06090169650371161,0.15053249403758284,0.10969758707720356,0.0,0.011087911689306245,0.06864588130560537,0.01073106448493173,0.03989290555015429,0.019001917318581054,0.0012318409696213967,0.1602043462341054
0.0015377691795644649,0.21264833803944289,0.07822514345638604,0.03896837169036574,0.0,0.048629381074668215,0.0715593058027065,0.015174423751281476,0.0,0.058563698066357486,0.03798531353875415,0.043568739960779396,0.10200128820533927,0.011453638712683971,0.05768694683924824,0.029951499678293643,0.0,0.0,0.0,0.02379292056092278,0.08078465062203065,0.08166840214921915,0.0,0.005800168671956001,covid_serum_raman::Healthy::023,Healthy,covid_serum_raman,raman,serum,0.21264833803944289,0.3024396545153432,0.06348711551120424,0.14978444925909254,0.10213243802713688,0.0,0.011453638712683971,0.07242230163559099,0.015174423751281476,0.03896837169036574,0.029951499678293643,0.0015377691795644649,0.15665193588620863
0.0068311084450065306,0.23644957436470887,0.09739772925357525,0.03712873810354983,0.0,0.05983949810832239,0.06891897707520776,0.016830528744058795,0.0,0.06739065742915176,0.049927702670508965,0.06263161224735599,0.08959480065087914,0.002298245560007814,0.07398272290706001,0.0,0.0,0.0,0.0,0.0,0.049764022360957096,0.0806732076461946,0.0,0.0003408744334552424,covid_serum_raman::Healthy::024,Healthy,covid_serum_raman,raman,serum,0.23644957436470887,0.2699597333285398,0.07432359734051526,0.166316706328783,0.13002226967650776,0.0,0.002298245560007814,0.05983949810832239,0.016830528744058795,0.03712873810354983,0.0,0.0068311084450065306,0.165916461081817
0.007121622014727459,0.23197390005585458,0.09248617196640743,0.03832095449184753,0.0,0.05731543763722084,0.07010836329610819,0.016103177942706316,0.0,0.06725624864655194,0.04909222859473454,0.058985277562038925,0.09040323560862365,0.004136572341717433,0.07182737296616819,0.0011439200199284865,0.0,0.0,0.0,0.0,0.05499443406329297,0.08546700571063678,0.0,0.003264077081434695,covid_serum_raman::Healthy::025,Healthy,covid_serum_raman,raman,serum,0.23197390005585458,0.2799569039772879,0.07509145004760288,0.1625945352625156,0.12624152620859086,0.0,0.004136572341717433,0.05731543763722084,0.016103177942706316,0.03832095449184753,0.0011439200199284865,0.007121622014727459,0.16550799444061837
0.007660310645194939,0.23670216099822597,0.09519944923072539,0.0370137127794253,0.0,0.05802107387901195,0.06717990599916485,0.0163072278666239,0.0,0.06673181195231406,0.049415367612428214,0.05933804380253126,0.08812941171013446,0.0028730497648018407,0.07398364921360145,0.0023831328138627715,0.0,0.0,0.0,0.0,0.050811525779269374,0.08528398249920491,0.0,0.0029661834534793247,covid_serum_raman::Healthy::026,Healthy,covid_serum_raman,raman,serum,0.23670216099822597,0.273640287601037,0.07694983266708078,0.16237935522989022,0.1260698557548453,0.0,0.0028730497648018407,0.05802107387901195,0.0163072278666239,0.0370137127794253,0.0023831328138627715,0.007660310645194939,0.1636520564275481
0.00882211039284557,0.2528214639274405,0.09176683703941838,0.04085020918698896,0.0,0.05643084607009457,0.06311248988728974,0.018722002736265286,0.0,0.06131544646982765,0.05209147229628999,0.0629601801730929,0.0774816957596362,0.0025610447302384866,0.06804878111737081,0.009537277552873077,0.0,0.0,0.0,0.0029621154443753447,0.050920922962412025,0.07959510425354066,0.0,0.0,covid_serum_raman::Healthy::027,Healthy,covid_serum_raman,raman,serum,0.2528214639274405,0.2600891952718789,0.06804878111737081,0.1548793269267081,0.12427562664292055,0.0,0.0025610447302384866,0.05939296151446991,0.018722002736265286,0.04085020918698896,0.009537277552873077,0.00882211039284557,0.15227611049480616
0.009198389330271043,0.2508932938639864,0.09020709530861806,0.04065765114901638,0.0,0.05478001859033828,0.06429518068217482,0.02022110192224645,0.0,0.064446575326046,0.049914276315393476,0.060201698879780906,0.07971454948687422,0.0035777450469191042,0.06922494915513246,0.007719637581221141,0.0,0.0,0.0,0.003691196531005833,0.05120745475243474,0.08004918607854078,0.0,0.0,covid_serum_raman::Healthy::028,Healthy,covid_serum_raman,raman,serum,0.2508932938639864,0.2608854666332432,0.06922494915513246,0.1545022759907929,0.12464827420582691,0.0,0.0035777450469191042,0.05847121512134411,0.02022110192224645,0.04065765114901638,0.007719637581221141,0.009198389330271043,0.15091758092433216
0.009834596542375378,0.25431320812764696,0.09207063996519611,0.04055339135283852,0.0,0.05587357876955538,0.0637640054656947,0.02125404049095334,0.0,0.06794919798188849,0.050126610818484005,0.06177049326598319,0.07653174398696845,0.002422897748247223,0.07284656322814093,0.00512364471654165,0.0,0.0,0.0,0.0,0.04631096307533799,0.07925442446414765,0.0,0.0,covid_serum_raman::Healthy::029,Healthy,covid_serum_raman,raman,serum,0.25431320812764696,0.2522237423449381,0.07284656322814093,0.15583464543089082,0.1297196912478717,0.0,0.002422897748247223,0.05587357876955538,0.02125404049095334,0.04055339135283852,0.00512364471654165,0.009834596542375378,0.15234889413952557
0.007645705342280474,0.2308449681988772,0.09056503849488558,0.0400922062712453,0.0,0.05233162901587397,0.0686191653643733,0.017417388663107956,0.0,0.06767685915634894,0.044195422529724776,0.05617419350769164,0.08785869588959092,0.0037172739244732854,0.06884090230752822,0.013858402928433116,0.0,0.0,0.0,0.008380560052986692,0.06182854889885923,0.07948974343532524,0.0,0.00046329601839417695,covid_serum_raman::Healthy::030,Healthy,covid_serum_raman,raman,serum,0.2308449681988772,0.27337241075350016,0.0693041983259224,0.15918420385925888,0.12385105266404059,0.0,0.0037172739244732854,0.06071218906886067,0.017417388663107956,0.0400922062712453,0.013858402928433116,0.007645705342280474,0.15501476679168413
0.007753955519971363,0.2299553506287392,0.0913929893769797,0.040116037743303266,0.0,0.05257017071065847,0.06855873708625354,0.017969426014650243,0.0,0.06699817590170865,0.04333834492603049,0.05596034217766477,0.08650610051510159,0.005221178001876184,0.06958904873848777,0.013445511960849678,0.0,0.0,0.0,0.0072388834091908685,0.06053922454305422,0.08245547450195037,0.0,0.0003910482435296294,covid_serum_raman::Healthy::031,Healthy,covid_serum_raman,raman,serum,0.2299553506287392,0.27283914448613666,0.0699800969820174,0.15995172646323325,0.12295851807937341,0.0,0.005221178001876184,0.05980905411984934,0.017969426014650243,0.040116037743303266,0.013445511960849678,0.007753955519971363,0.15483870484028794
0.008698034521554918,0.22113653444161185,0.08465290193518736,0.038572837633658284,0.0,0.04180588561698514,0.07273265354333504,0.02171693654815286,0.0,0.06900543897560334,0.03626444367424075,0.04994381962347197,0.0831052111439866,0.0067769607093705565,0.07531742177991793,0.025458399142880166,0.0,0.0,0.0,0.021623063325975352,0.06727900821997097,0.0759104491640969,0.0,0.0,covid_serum_raman::Healthy::032,Healthy,covid_serum_raman,raman,serum,0.22113653444161185,0.2625591122022952,0.07531742177991793,0.1573855554785224,0.1189492585990753,0.0,0.0067769607093705565,0.06342894894296049,0.02171693654815286,0.038572837633658284,0.025458399142880166,0.008698034521554918,0.14274636699601562
0.00919273366869131,0.22712895902291627,0.09067690286961469,0.03759229934527437,0.0,0.05206304246193751,0.06951983433341491,0.020715600119766846,0.0,0.07047621233781252,0.04235527585284438,0.05669729782646523,0.08271387083277715,0.0036122447640424054,0.08053955837621528,0.01255114866441179,0.0,0.0,0.0,0.008226957939230997,0.054633475514487134,0.08130458607009716,0.0,0.0,covid_serum_raman::Healthy::033,Healthy,covid_serum_raman,raman,serum,0.22712895902291627,0.26100720827020585,0.08053955837621528,0.1601967372030296,0.12717351016427775,0.0,0.0036122447640424054,0.06029000040116851,0.020715600119766846,0.03759229934527437,0.01255114866441179,0.00919273366869131,0.1536155946188753
0.00938870219853082,0.23686809307271728,0.09149431000401623,0.039519983005121634,0.0,0.059891658972850884,0.06611743929014899,0.01700538700086427,0.0,0.07070578859848668,0.046856975401613425,0.06145134495894483,0.08438643194760166,0.00465225153366342,0.0740278266714789,0.004506112772237244,0.0,0.0,0.0,0.0,0.05158771713488556,0.08098900763931119,0.0,0.0005509697975269583,covid_serum_raman::Healthy::034,Healthy,covid_serum_raman,raman,serum,0.23686809307271728,0.2638201321234118,0.07457879646900586,0.15761174929416522,0.13215713355743153,0.0,0.00465225153366342,0.059891658972850884,0.01700538700086427,0.039519983005121634,0.004506112772237244,0.00938870219853082,0.15985578689174107
0.008899720407667969,0.2306643051084237,0.09229295091601246,0.03967871516193657,0.0,0.054005363157529254,0.07016341200616989,0.02023966623264834,0.0,0.07309157121490041,0.04497374570863026,0.05618539052501174,0.0825520271946887,0.004414266579296333,0.07994949457507605,0.008436869121765753,0.0,0.0,0.0,0.0032373631851794196,0.050755208140574416,0.08045993076448878,0.0,0.0,covid_serum_raman::Healthy::035,Healthy,covid_serum_raman,raman,serum,0.2306643051084237,0.25874091180838216,0.07994949457507605,0.16245636292218235,0.12927696173991216,0.0,0.004414266579296333,0.057242726342708675,0.02023966623264834,0.03967871516193657,0.008436869121765753,0.008899720407667969,0.1560341673699185
0.004872331944033637,0.2274539729506099,0.09466583068661905,0.03925411006710454,0.0,0.05635189372687411,0.0711879607300476,0.016383378503338406,0.0,0.05750810711051804,0.04381419833835037,0.055351195657261036,0.09682399125669096,0.0041199204273886314,0.06540764857077941,0.01013729275961975,0.0,0.0,0.0,0.006547774293998073,0.06425887581474757,0.08260863851916837,0.0,0.0032528786428505773,covid_serum_raman::Healthy::036,Healthy,covid_serum_raman,raman,serum,0.2274539729506099,0.28750570392895725,0.06866052721362999,0.16585379141666665,0.11285930276777908,0.0,0.0041199204273886314,0.06289966802087218,0.016383378503338406,0.03925411006710454,0.01013729275961975,0.004872331944033637,0.16337748716336953
0.0073771145443377656,0.22475009972395416,0.0942443813592644,0.040376704008746364,0.0,0.054060052822698296,0.0767685666852662,0.020342131877195337,0.0,0.06024471533708026,0.04436672027466063,0.05374142440554928,0.09493637719840145,0.004945435758355622,0.066745069234341,0.012777937240915475,0.0,0.0,0.0,0.0007152204051909698,0.0601181045875704,0.07859742223968619,0.0,0.0048925222967861485,covid_serum_raman::Healthy::037,Healthy,covid_serum_raman,raman,serum,0.22475009972395416,0.27801862430031865,0.07163759153112714,0.1710129480445306,0.11398613974262953,0.0,0.004945435758355622,0.05477527322788926,0.020342131877195337,0.040376704008746364,0.012777937240915475,0.0073771145443377656,0.16174584524607583
0.006290902564729106,0.23104070742460583,0.09620771738430237,0.03912709499643558,0.0,0.056391641931729,0.07360724925494122,0.019110533453896142,0.0,0.060878025518557415,0.04621120194736287,0.05561358117491589,0.09541814976346742,0.004471929898172992,0.06643579595352281,0.007793926984181544,0.0,0.0,0.0,0.0,0.059363879222428355,0.07830039756275463,0.0,0.003737264963996919,covid_serum_raman::Healthy::038,Healthy,covid_serum_raman,raman,serum,0.23104070742460583,0.2792936284960133,0.07017306091751972,0.1698149666392436,0.1164916066934733,0.0,0.004471929898172992,0.056391641931729,0.019110533453896142,0.03912709499643558,0.007793926984181544,0.006290902564729106,0.1629519622653829
0.011496558002546927,0.24777903179286037,0.10061373620132973,0.03911100845717129,0.0,0.06357511069478262,0.05984208809459494,0.013355175179844699,0.0,0.06285089151384302,0.04989802828378378,0.06663415945304539,0.08240573695825833,0.0,0.06989292562376911,0.0,0.0,0.0,0.0,0.0,0.04727128148695761,0.08527426825721225,0.0,0.0,covid_serum_raman::Healthy::039,Healthy,covid_serum_raman,raman,serum,0.24777903179286037,0.26484931498621195,0.06989292562376911,0.16045582429592467,0.1294850509668884,0.0,0.0,0.06357511069478262,0.013355175179844699,0.03911100845717129,0.0,0.011496558002546927,0.1648548063891493
0.011724366307891474,0.2463147646604585,0.101091476120817,0.03998603159002574,0.0,0.0591909810249255,0.06476232531433368,0.018193305319989132,0.0,0.0667918634950003,0.04900869458016843,0.0653892546164313,0.08054767580536451,0.0,0.07235455775072377,0.0004743367123129642,0.0,0.0,0.0,0.0,0.043390374598274814,0.08077999210328277,0.0,0.0,covid_serum_raman::Healthy::040,Healthy,covid_serum_raman,raman,serum,0.2463147646604585,0.2537267370870905,0.07235455775072377,0.16585380143515066,0.1321811181114316,0.0,0.0,0.0591909810249255,0.018193305319989132,0.03998603159002574,0.0004743367123129642,0.011724366307891474,0.16049814116868133
0.013317809113058342,0.24127558946380892,0.10150786878782536,0.03969366351642633,0.0,0.057281788165600506,0.06641900536381756,0.020934191919604443,0.0,0.07039970528704878,0.04795584189222167,0.06444720015667976,0.07787721273116525,0.0,0.07570149425145782,0.0021220484130922567,0.0,0.0,0.0,0.0,0.043393153572005475,0.07767342736618753,0.0,0.0,covid_serum_raman::Healthy::041,Healthy,covid_serum_raman,raman,serum,0.24127558946380892,0.24689963556157996,0.07570149425145782,0.16792687415164292,0.13484690544372854,0.0,0.0,0.057281788165600506,0.020934191919604443,0.03969366351642633,0.0021220484130922567,0.013317809113058342,0.15874137474249006
0.0017526005103467007,0.21862345001936637,0.08277173621438369,0.039577102668405105,0.0,0.04354141206651276,0.07425391847286307,0.019157674011079602,0.0,0.05695543249889527,0.038417962880398226,0.04799917583248408,0.0936023363995288,0.011336245265070705,0.05821826651839762,0.02956499385937597,0.0,0.0,0.0,0.025267667392151964,0.07512049794916846,0.0740433618831247,0.0027389475052418005,0.007057218053205131,covid_serum_raman::Healthy::042,Healthy,covid_serum_raman,raman,serum,0.21862345001936637,0.2811841591122202,0.06801443207684454,0.15702565468724677,0.10495460833137935,0.0,0.011336245265070705,0.06880907945866473,0.019157674011079602,0.039577102668405105,0.02956499385937597,0.0017526005103467007,0.14640719582414474
0.0016556438801274933,0.2254545289760926,0.08213161499535626,0.040347934704856495,0.0,0.04744560240663691,0.06984055492200292,0.016506204632120196,0.0,0.05859897356717979,0.039613458385964376,0.050561396517575345,0.09213270806739728,0.01284561725869307,0.05231382630951428,0.027024605828400685,0.0,0.0,0.0,0.0223654108610546,0.07588506461351639,0.07667622759869902,0.0020010171470643103,0.006599609327748013,covid_serum_raman::Healthy::043,Healthy,covid_serum_raman,raman,serum,0.2254545289760926,0.28430745866557705,0.06091445278432661,0.15197216991735918,0.10916037008475513,0.0,0.01284561725869307,0.06981101326769151,0.016506204632120196,0.040347934704856495,0.027024605828400685,0.0016556438801274933,0.14352643986078795
0.001402878292789947,0.2518285082668048,0.0881499837466741,0.041925952186432046,0.0,0.06869539000189749,0.055633981649967176,0.0,0.0,0.05310746657667725,0.05719616484692423,0.0632300081584639,0.095394181962196,0.005392326262828878,0.04049071779453392,0.005440991045797719,0.0,0.0,0.0,0.001556480570901965,0.06348331708876827,0.1015622581203362,0.0,0.005509393428006221,covid_serum_raman::Healthy::044,Healthy,covid_serum_raman,raman,serum,0.2518285082668048,0.3176359220182247,0.04600011122254014,0.1437839653966413,0.11633747473514114,0.0,0.005392326262828878,0.07025187057279945,0.0,0.041925952186432046,0.005440991045797719,0.001402878292789947,0.16601903262693762
0.007398753893001634,0.2231340728605797,0.0932646097809722,0.03771567839734286,0.0,0.049854463597460784,0.07326659454801832,0.021691191768549566,0.0,0.06803088859376202,0.04044839176412546,0.05505253136431458,0.08577633069841485,0.009713728041311367,0.0677946223719766,0.016466853024744304,0.0,0.0,0.0,0.015240505315851074,0.06303780948342488,0.07129184616036345,0.0,0.000821128335786251,covid_serum_raman::Healthy::045,Healthy,covid_serum_raman,raman,serum,0.2231340728605797,0.26055437810632864,0.06861575070776285,0.16653120432899052,0.1230834199580766,0.0,0.009713728041311367,0.06509496891331186,0.021691191768549566,0.03771567839734286,0.016466853024744304,0.007398753893001634,0.14708530377268614
0.003096506489289561,0.2525192076221846,0.09285553903943806,0.03741053929274267,0.0,0.0774427670407403,0.05080597473501563,0.0,0.0,0.05848218016939702,0.0616063411467945,0.07207185071834588,0.09061912204210136,0.0018801955749202562,0.05020182752604968,0.0,0.0,0.0,0.0,0.0,0.04866599290582165,0.09792643837436675,0.0,0.004415517322792062,covid_serum_raman::Healthy::046,Healthy,covid_serum_raman,raman,serum,0.2525192076221846,0.29881789446908424,0.054617344848841745,0.1436615137744537,0.1305540308877429,0.0,0.0018801955749202562,0.0774427670407403,0.0,0.03741053929274267,0.0,0.003096506489289561,0.17558989579046558
0.0070778205888401054,0.23314014329313892,0.09530133998267898,0.03662786719541674,0.0,0.058381061695183846,0.06806205509986211,0.016822634995891088,0.0,0.06843349265838176,0.04734005693161032,0.06079886418260247,0.08691797945625226,0.0059670801084343895,0.0658923103305413,0.008188221993644185,0.0,0.0,0.0,0.00200668318799187,0.05460423473598159,0.08359619857959938,0.0,0.0008419549839487071,covid_serum_raman::Healthy::047,Healthy,covid_serum_raman,raman,serum,0.23314014329313892,0.27245846970344356,0.06673426531449,0.1633633950825411,0.12923235684098422,0.0,0.0059670801084343895,0.06038774488317571,0.016822634995891088,0.03662786719541674,0.008188221993644185,0.0070778205888401054,0.1611649862382898
0.008056737157042337,0.2212440243618376,0.09468813670411626,0.042919205256844305,0.0,0.04701150378360022,0.08050119771889222,0.020899033314395847,0.0,0.055979571703877795,0.039467087046609506,0.05033076209705024,0.09417091847489449,0.006517128277833973,0.06476926039973133,0.018687533560252396,0.0,0.0,0.0,0.008905768078262818,0.0662050668898644,0.07675313622111128,0.0,0.002893928953782974,covid_serum_raman::Healthy::048,Healthy,covid_serum_raman,raman,serum,0.2212440243618376,0.2765962086324797,0.0676631893535143,0.1751893344230085,0.10631033380092803,0.0,0.006517128277833973,0.055917271861863044,0.020899033314395847,0.042919205256844305,0.018687533560252396,0.008056737157042337,0.1551096656421873
0.008244666020179604,0.23309226078490497,0.09339525671076238,0.04169839202917204,0.0,0.05511869469524437,0.07012056870397472,0.012916219458302534,0.0,0.05448964212619141,0.045464226052121116,0.05299000171255654,0.09010767977435917,0.003984261090803583,0.06110226480636961,0.014193777886527679,0.0,0.0,0.0,0.008663358328649952,0.06376186856657243,0.08361224823023022,0.0,0.007044613023077604,covid_serum_raman::Healthy::049,Healthy,covid_serum_raman,raman,serum,0.23309226078490497,0.28294602262328294,0.06814687782944721,0.16351582541473708,0.10747964383874795,0.0,0.003984261090803583,0.06378205302389432,0.012916219458302534,0.04169839202917204,0.014193777886527679,0.008244666020179604,0.1571604128562567
0.005072486540269643,0.23878177558098357,0.09350011507589723,0.04370450319612879,0.0,0.06323975826821301,0.06401478028797511,0.005464115133530489,0.0,0.050907400691674605,0.05255113842287048,0.05899607678215311,0.09528642473721602,0.0045540816592872305,0.05260502213937086,0.0037004784812037883,0.0,0.0,0.0,0.0008141606595613384,0.06325055637658594,0.09541262183897678,0.0,0.00814450412810191,covid_serum_raman::Healthy::050,Healthy,covid_serum_raman,raman,serum,0.23878177558098357,0.3065007413756492,0.06074952626747277,0.15751489536387234,0.10990347747382771,0.0,0.0045540816592872305,0.06405391892777436,0.005464115133530489,0.04370450319612879,0.0037004784812037883,0.005072486540269643,0.17067833684798672
0.0014856047190439316,0.25493232928830567,0.08150282874394837,0.037699103887514386,0.0,0.07937144296880864,0.0439545742369854,0.0,0.0,0.04499153193845853,0.07291887507959284,0.07363909476543468,0.10135118659996219,0.0,0.030129238409914976,0.0,0.0,0.0,0.014065144240952104,0.0,0.0584794544562283,0.09728232349524134,0.0,0.008197267169608578,covid_serum_raman::Healthy::051,Healthy,covid_serum_raman,raman,serum,0.25493232928830567,0.33003183963102467,0.03832650557952355,0.12545740298093377,0.11863062670389321,0.014065144240952104,0.0,0.07937144296880864,0.0,0.037699103887514386,0.0,0.0014856047190439316,0.17486018445149454
0.0,0.1743212326721206,0.06447838505309088,0.04077277803858293,0.0,0.030233535669583356,0.09111532980061672,0.024855298986858943,0.006397036472090016,0.04961030674430007,0.032266708407586386,0.024742628255064177,0.10471536129190478,0.012025062843483593,0.061357848734831875,0.038739058022529006,0.0,0.0,0.017684549307784538,0.023036194044510426,0.09448717325946676,0.08343352046914622,0.006805996802591478,0.018921995123857227,covid_serum_raman::Healthy::052,Healthy,covid_serum_raman,raman,serum,0.1743212326721206,0.31490276342810414,0.08708584066128058,0.16199075132579763,0.07435293499936425,0.017684549307784538,0.012025062843483593,0.053269729714093786,0.024855298986858943,0.04077277803858293,0.038739058022529006,0.0,0.18140638434254142
0.0010407360405523005,0.18586979193022077,0.0676028181544281,0.04316138493770263,0.0,0.030622360302997524,0.08573354413231232,0.025433105454117283,0.006840766266285415,0.04444104482987312,0.03003042951391614,0.028274766656708986,0.10322313629918575,0.01203018594582997,0.05735556302723379,0.03877745179601797,0.0,0.0,0.0164793550038665,0.026850950716535565,0.09403328677127233,0.07394019644578344,0.009768622569612778,0.01849050320554735,covid_serum_raman::Healthy::053,Healthy,covid_serum_raman,raman,serum,0.18586979193022077,0.3012270490301576,0.08561468880239392,0.16017712855302582,0.0727158114865821,0.0164793550038665,0.01203018594582997,0.05747331101953309,0.025433105454117283,0.04316138493770263,0.03877745179601797,0.0010407360405523005,0.1665230435667624
0.009289581180245879,0.23258585730997441,0.09865927224612929,0.03711248395416813,0.0,0.058057498480350904,0.07174554957491205,0.019128278390129275,0.0,0.06415795853051866,0.04620274212518527,0.06290596697208918,0.0857054309485861,0.004625129168246853,0.07628671638410867,0.0022532409506488007,0.0,0.0,0.0,0.0,0.05112930902896661,0.0797941050462558,0.0,0.0003608797094840388,covid_serum_raman::Healthy::054,Healthy,covid_serum_raman,raman,serum,0.23258585730997441,0.2628315871489938,0.0766475960935927,0.17040482182104133,0.12706392550260784,0.0,0.004625129168246853,0.058057498480350904,0.019128278390129275,0.03711248395416813,0.0022532409506488007,0.009289581180245879,0.16155854814556447
0.011342044757907897,0.2275743566864033,0.09965055123648411,0.037598104165874856,0.0,0.05325147140434817,0.077595295543244,0.025728674041192487,0.0,0.06773800590244757,0.04182949538040359,0.06040813883112392,0.085363379124275,0.0043393098624816915,0.08378114748484278,0.005747502257097335,0.0,0.0,0.0,0.0,0.04906324440394243,0.06898927891793097,0.0,0.0,covid_serum_raman::Healthy::055,Healthy,covid_serum_raman,raman,serum,0.2275743566864033,0.245245397826552,0.08378114748484278,0.1772458467797281,0.1281461447335715,0.0,0.0043393098624816915,0.05325147140434817,0.025728674041192487,0.037598104165874856,0.005747502257097335,0.011342044757907897,0.15616149138603552
0.008718404664755468,0.23498081687580932,0.09986080246545302,0.036371658488155226,0.0,0.058761651474404104,0.07308138100498195,0.021083624414114443,0.0,0.06652606390892514,0.0457757787583602,0.06330782552646666,0.0867965893082229,0.005012980544576432,0.07961539493768979,0.0,0.0,0.0,0.0,0.0,0.04666729339562201,0.0729311939498909,0.0,0.0005085402825724418,covid_serum_raman::Healthy::056,Healthy,covid_serum_raman,raman,serum,0.23498081687580932,0.252170855412096,0.08012393522026223,0.17294218347043497,0.1298338894353918,0.0,0.005012980544576432,0.058761651474404104,0.021083624414114443,0.036371658488155226,0.0,0.008718404664755468,0.16013746925694416
0.0073445887404859096,0.21824424098038495,0.09518229547452751,0.03568547329389936,0.0,0.05053402412149638,0.08222857805227314,0.0224895621595434,0.0,0.06393854756362631,0.04473434678647243,0.052575216450176106,0.09068922493401906,0.0067696378239705994,0.0807748404227113,0.00832731300489883,0.0,0.0,0.0,0.0,0.056722409992125765,0.08060071172630871,0.0,0.0031589884730803116,covid_serum_raman::Healthy::057,Healthy,covid_serum_raman,raman,serum,0.21824424098038495,0.272746693438926,0.08393382889579161,0.17741087352680066,0.11651376401380242,0.0,0.0067696378239705994,0.05053402412149638,0.0224895621595434,0.03568547329389936,0.00832731300489883,0.0073445887404859096,0.163035971232788
0.007305856593642221,0.22095784063934767,0.09283000073590363,0.03716437191743951,0.0,0.05134609476050918,0.08007347052462377,0.021145331806857463,0.0,0.06353640681369499,0.04502886032432399,0.05250817379349502,0.09299932498160786,0.007664704803318676,0.07644033637460841,0.010810040180585595,0.0,0.0,0.0,0.0001681710810361408,0.05855660373462743,0.07794011680313341,0.0004938765250477916,0.0030304176061972804,covid_serum_raman::Healthy::058,Healthy,covid_serum_raman,raman,serum,0.22095784063934767,0.2745249058436927,0.07996463050585348,0.1729034712605274,0.11604458060719,0.0,0.007664704803318676,0.051514265841545316,0.021145331806857463,0.03716437191743951,0.010810040180585595,0.007305856593642221,0.16103085189369415
0.007031866713419802,0.2213085456554242,0.09209783507674627,0.035754756908584984,0.0,0.05399424456883348,0.07776611887924827,0.019521256066909812,0.0,0.06261877172204416,0.04537775452323302,0.05294991917322288,0.09211554203555337,0.0059557759316401886,0.07763649149284435,0.009380989566981506,0.0,0.0,0.0,0.004856736864474946,0.058098610952986116,0.0797177589631283,0.0,0.0038170249047242625,covid_serum_raman::Healthy::059,Healthy,covid_serum_raman,raman,serum,0.2213085456554242,0.27530966647490085,0.0814535163975686,0.16986395395599452,0.11556869089526704,0.0,0.0059557759316401886,0.05885098143330842,0.019521256066909812,0.035754756908584984,0.009380989566981506,0.007031866713419802,0.16062372747870768
0.00445209833618399,0.2245576008939697,0.0904485061009602,0.03639897492518286,0.0,0.05582595173090688,0.07147347752278777,0.015117735700693207,0.0,0.06054600673015072,0.047276624716196584,0.057442656946487966,0.09622025474457796,0.008159747410532193,0.0652413973445842,0.008440203308146262,0.0,0.0,0.0,0.0005269921456586731,0.0646959234857215,0.08760560871188654,0.0,0.005570239245372807,covid_serum_raman::Healthy::060,Healthy,covid_serum_raman,raman,serum,0.2245576008939697,0.2957984116583826,0.07081163658995701,0.16192198362374796,0.11798866367663868,0.0,0.008159747410532193,0.05635294387656556,0.015117735700693207,0.03639897492518286,0.008440203308146262,0.00445209833618399,0.16786986350540867
0.006824947134255819,0.22507025644194278,0.09273623714536475,0.03691810025874519,0.0,0.05486461381652988,0.07511579908066983,0.02045962594155776,0.0,0.06168831415120776,0.04563175815335495,0.05636011687321597,0.09336519905575151,0.007347310945700903,0.06960683927053923,0.008368719993700495,0.0,0.0,0.0,0.0,0.059074903449931035,0.08106101931815958,0.0,0.005506238969372579,covid_serum_raman::Healthy::061,Healthy,covid_serum_raman,raman,serum,0.22507025644194278,0.27913287997719705,0.07511307823991181,0.16785203622603456,0.11804843102442372,0.0,0.007347310945700903,0.05486461381652988,0.02045962594155776,0.03691810025874519,0.008368719993700495,0.006824947134255819,0.1619793540528658
0.004413585247407427,0.23261662982906578,0.0900753339110086,0.03652049428333021,0.0,0.0645082881961485,0.06558233771829218,0.00960183338869058,0.0,0.06198711698409142,0.05270928220952432,0.061961333016127294,0.09654954030440059,0.006560888245765445,0.0628147780609446,0.0,0.0,0.0,0.0,0.0,0.05740252787454806,0.09153217270564977,0.0,0.005163858025005236,covid_serum_raman::Healthy::062,Healthy,covid_serum_raman,raman,serum,0.23261662982906578,0.2981935230941227,0.06797863608594984,0.15565767162930078,0.12394845000021872,0.0,0.006560888245765445,0.0645082881961485,0.00960183338869058,0.03652049428333021,0.0,0.004413585247407427,0.17468605057137443
0.0024456246191829267,0.22206398257906004,0.08036225982033472,0.039360977588593395,0.0,0.05133594916835035,0.07180166091941588,0.014429691595438936,0.0,0.06152366980851141,0.04535730865006039,0.048145218164139816,0.09384083831675388,0.008984980568725258,0.06687236172921027,0.016343208031431453,0.0,0.0,0.0007763615614073212,0.01012072997872416,0.06958930068421364,0.08927729964967762,0.0,0.007368576566768473,covid_serum_raman::Healthy::063,Healthy,covid_serum_raman,raman,serum,0.22206398257906004,0.29806474730070553,0.07424093829597873,0.1521639207397506,0.10966888797265123,0.0007763615614073212,0.008984980568725258,0.06145667914707451,0.014429691595438936,0.039360977588593395,0.016343208031431453,0.0024456246191829267,0.16002884357655878
0.0015826054094827487,0.21744483765364034,0.07952558650211705,0.03708611836051291,0.0,0.05065756671676733,0.07148131105230705,0.013862662848494862,0.0,0.06489364601631369,0.04482204128725492,0.0468547782664176,0.09912032667408385,0.007612103291114069,0.06089259766310566,0.016118977214135265,0.0,0.0,0.0020464645282132206,0.01429095767296697,0.07448286538506585,0.09020923522294161,0.0,0.007015318235065106,covid_serum_raman::Healthy::064,Healthy,covid_serum_raman,raman,serum,0.21744483765364034,0.30863446856934623,0.06790791589817077,0.1510068975544241,0.1117484242827313,0.0020464645282132206,0.007612103291114069,0.0649485243897343,0.013862662848494862,0.03708611836051291,0.016118977214135265,0.0015826054094827487,0.16500085432005118
0.0037383331034843426,0.21866575130852758,0.07876880661322724,0.039416319653047927,0.0,0.04715984053050987,0.07451439976046942,0.0187993022787778,0.0,0.06245687058081483,0.04034085652745724,0.04519395898721105,0.09151060782595857,0.00956328734487481,0.06608069193492715,0.022685911510673885,0.0,0.0,0.0,0.014336341457868003,0.07302613538545379,0.08611035781565281,0.0,0.007632227381063651,covid_serum_raman::Healthy::065,Healthy,covid_serum_raman,raman,serum,0.21866575130852758,0.2909879575545224,0.0737129193159908,0.15328320637369666,0.10765082956802588,0.0,0.00956328734487481,0.06149618198837787,0.0187993022787778,0.039416319653047927,0.022685911510673885,0.0037383331034843426,0.1539154502016572
0.0077771122604861674,0.24634547267510334,0.0965699193245396,0.03982133340040277,0.0,0.06349599983130103,0.06358039661205243,0.0148873887050378,0.0,0.06414047636863031,0.04997392304549644,0.06645962500726488,0.08950596398095814,0.0004992449682945297,0.0697676819875213,0.0,0.0,0.0,0.0,0.0,0.04589527472791618,0.08128018710499517,0.0,0.0,covid_serum_raman::Healthy::066,Healthy,covid_serum_raman,raman,serum,0.24634547267510334,0.2666553488593659,0.0697676819875213,0.160150315936592,0.13060010137589517,0.0,0.0004992449682945297,0.06349599983130103,0.0148873887050378,0.03982133340040277,0.0,0.0077771122604861674,0.16569116503764403
0.009079902402231877,0.2416004957119574,0.09643594397029934,0.039400591747247055,0.0,0.05873814390679397,0.06798770941170657,0.018027290455013122,0.0,0.06577019885985715,0.045666509709140095,0.061665325465576334,0.08836843746155555,0.0020052642095146136,0.07217715350934008,0.0018059984236249635,0.0,0.0,0.0,0.0,0.05040774742336668,0.08062465740077035,0.0,0.00023862993200496108,covid_serum_raman::Healthy::067,Healthy,covid_serum_raman,raman,serum,0.2416004957119574,0.26506735199483267,0.07241578344134504,0.1644236533820059,0.12743552432543348,0.0,0.0020052642095146136,0.05873814390679397,0.018027290455013122,0.039400591747247055,0.0018059984236249635,0.009079902402231877,0.16067137006964693
0.009669930136578886,0.23915513275537045,0.09563646920857083,0.039337831877146505,0.0,0.061138807346624024,0.06624980543350951,0.016390225707794442,0.0,0.06438917560055481,0.048060765063640244,0.06355946993104672,0.08702246729909577,0.001663357429159814,0.07263190172285564,0.0,0.0,0.0,0.0,0.0,0.04820311418796959,0.08689154630008275,0.0,0.0,covid_serum_raman::Healthy::068,Healthy,covid_serum_raman,raman,serum,0.23915513275537045,0.2701778928507883,0.07263190172285564,0.16188627464208033,0.1279486455316015,0.0,0.001663357429159814,0.061138807346624024,0.016390225707794442,0.039337831877146505,0.0,0.009669930136578886,0.16504841493860378
0.007644471388241083,0.23387183576917933,0.09585845946140041,0.03798094277615042,0.0,0.058825497029024836,0.07160647810555168,0.014935809954689317,0.0,0.0642219825222217,0.050191142265411826,0.06003768827160653,0.08934759705630056,0.0025802753403883255,0.07049616088136545,0.0006319906568507301,0.0,0.0,0.0,0.0,0.0544988090750927,0.0864283065809801,0.0,0.0008425528655451093,covid_serum_raman::Healthy::069,Healthy,covid_serum_raman,raman,serum,0.23387183576917933,0.2804658549777852,0.07133871374691056,0.16746493756695208,0.12425967079382821,0.0,0.0025802753403883255,0.058825497029024836,0.014935809954689317,0.03798094277615042,0.0006319906568507301,0.007644471388241083,0.1673626270915023
0.007894194944672974,0.23589686780461008,0.09686763614443288,0.0365690640107618,0.0,0.05824780161636537,0.07266517984443338,0.01784826099518056,0.0,0.06455416367735321,0.050788092737148086,0.05835759830611534,0.0859676507626978,0.0032762387980975896,0.0749079426702587,0.002073353899860462,0.0,0.0,0.0,0.0,0.04955748588744185,0.08310602733180439,0.0,0.0014224405687655022,covid_serum_raman::Healthy::070,Healthy,covid_serum_raman,raman,serum,0.23589686780461008,0.2694192567190921,0.0763303832390242,0.16953281598886627,0.12291176198346855,0.0,0.0032762387980975896,0.05824780161636537,0.01784826099518056,0.0365690640107618,0.002073353899860462,0.007894194944672974,0.16280497148693895
0.006170449315349236,0.2406675655794941,0.09715849104483318,0.036499081238386105,0.0,0.06432554910258695,0.06568707272055863,0.010276460571125674,0.0,0.06336743503007129,0.05226216498314192,0.0632869346589819,0.09078019003917007,0.003214949805542031,0.061919628879199565,0.0,0.0,0.0,0.0,0.0,0.04841963294474879,0.09341405802633418,0.0,0.002550336060476484,covid_serum_raman::Healthy::071,Healthy,covid_serum_raman,raman,serum,0.2406675655794941,0.284876045993395,0.06446996493967605,0.1628455637653918,0.1266543696890532,0.0,0.003214949805542031,0.06432554910258695,0.010276460571125674,0.036499081238386105,0.0,0.006170449315349236,0.1720661129706531
0.004204229106246616,0.24723352607385543,0.0950975304002386,0.037506924099090046,0.0,0.07109988375630333,0.054460031839503896,0.002351557643829741,0.0,0.06303992245956021,0.05928736374838128,0.0699336232635776,0.09208410729717689,0.0013693094875791834,0.05539243905770382,0.0,0.0,0.0,0.0,0.0,0.04644475891237301,0.09822509403476064,0.0,0.0022696988198196094,covid_serum_raman::Healthy::072,Healthy,covid_serum_raman,raman,serum,0.24723352607385543,0.29604132399269184,0.05766213787752343,0.1495575622397425,0.1329735457231378,0.0,0.0013693094875791834,0.07109988375630333,0.002351557643829741,0.037506924099090046,0.0,0.004204229106246616,0.1785299881964454
0.008179345074372358,0.24007447792366568,0.09918078740264895,0.03632559303949704,0.0,0.05843494693977549,0.06833830136642585,0.017767601185338627,0.0,0.06826114471612203,0.048830039987316776,0.061617820946940384,0.08664437120125107,0.0020937315434048508,0.07635188799096107,0.0,0.0,0.0,0.0,0.0,0.04502057939189608,0.08287937129038374,0.0,0.0,covid_serum_raman::Healthy::073,Healthy,covid_serum_raman,raman,serum,0.24007447792366568,0.2633743618708477,0.07635188799096107,0.1675190887690748,0.12987896566306242,0.0,0.0020937315434048508,0.05843494693977549,0.017767601185338627,0.03632559303949704,0.0,0.008179345074372358,0.16322191175908363
0.007135225255696719,0.2358268732096589,0.10054941418375088,0.035626394645097294,0.0,0.058663000552639906,0.06795514345537654,0.018879287894760545,0.0,0.0706233965600311,0.04907995214979043,0.06342585936633353,0.08541722671649371,0.0023430784266342732,0.07750459208922271,0.0,0.0,0.0,0.0,0.0,0.0453687659839053,0.08160178951060801,0.0,0.0,covid_serum_raman::Healthy::074,Healthy,covid_serum_raman,raman,serum,0.2358268732096589,0.26146773436079745,0.07750459208922271,0.16850455763912742,0.13404925592636463,0.0,0.0023430784266342732,0.058663000552639906,0.018879287894760545,0.035626394645097294,0.0,0.007135225255696719,0.1648956823555725
0.009764422970497172,0.2453098426546248,0.09500687722183246,0.039279666427172524,0.0,0.05759093738725532,0.06612071363812795,0.020946421353361267,0.0,0.06537927915603373,0.04550514767413221,0.061790895987028686,0.08821534142415273,0.0017082529289050212,0.06910711330197918,0.005001747726132573,0.0,0.0,0.0,0.0,0.05119715592723352,0.0777382213412307,0.0,0.00033796288030011956,covid_serum_raman::Healthy::075,Healthy,covid_serum_raman,raman,serum,0.2453098426546248,0.26265586636674915,0.0694450761822793,0.16112759085996042,0.12717017514306242,0.0,0.0017082529289050212,0.05759093738725532,0.020946421353361267,0.039279666427172524,0.005001747726132573,0.009764422970497172,0.15720904695534732
0.008541732275818469,0.2493996755448209,0.0969255387624455,0.03921388837117307,0.0,0.058728129653048994,0.06549210790246146,0.018884642346641795,0.0,0.06438930038081542,0.04923045610102195,0.06365646351427143,0.08551222713042657,0.001476012567430008,0.06974821921533052,0.0024525623834195424,0.0,0.0,0.0,0.0,0.04873507064347412,0.07761397320740031,0.0,0.0,covid_serum_raman::Healthy::076,Healthy,covid_serum_raman,raman,serum,0.2493996755448209,0.2610917270823229,0.06974821921533052,0.16241764666490696,0.12804576389508684,0.0,0.001476012567430008,0.058728129653048994,0.018884642346641795,0.03921388837117307,0.0024525623834195424,0.008541732275818469,0.15855629137027982
0.007635755450512881,0.2494754297470601,0.0938143032682779,0.040473638289534285,0.0,0.061865467271117046,0.06197041842104292,0.015570935943075325,0.0,0.06108492257350973,0.051148009259978394,0.06459845737136907,0.08628754562799638,0.0015171082124461035,0.06420325739553179,0.0006274503897821984,0.0,0.0,0.0,0.0,0.054299004003302745,0.08489498172418901,0.0,0.0005333150512740468,covid_serum_raman::Healthy::077,Healthy,covid_serum_raman,raman,serum,0.2494754297470601,0.2766295406154665,0.06473657244680583,0.15578472168932084,0.1256833799448788,0.0,0.0015171082124461035,0.061865467271117046,0.015570935943075325,0.040473638289534285,0.0006274503897821984,0.007635755450512881,0.16303071463487873
0.009319375718684533,0.22857722865338448,0.09713956810479452,0.037109808203812655,0.0,0.05568319102727153,0.07149052174861008,0.01846974294011204,0.0,0.06779727097607836,0.04828088974813303,0.06075637524016391,0.08542580971141003,0.0034787985503087833,0.07692118167015678,0.003005821908086386,0.0,0.0,0.0,0.0,0.05017396825211399,0.08578299384311802,0.0,0.0005874537037608007,covid_serum_raman::Healthy::078,Healthy,covid_serum_raman,raman,serum,0.22857722865338448,0.26966366155477506,0.07750863537391758,0.1686300898534046,0.12855364621624227,0.0,0.0034787985503087833,0.05568319102727153,0.01846974294011204,0.037109808203812655,0.003005821908086386,0.009319375718684533,0.16463910062369647
0.007485609077426983,0.2326117095314014,0.09742787871334382,0.03540092292402215,0.0,0.057258373240084454,0.0685604907653282,0.017255033567868838,0.0,0.06901332974014822,0.046862344314302,0.0635813929949836,0.08814780081677713,0.0039407607019841945,0.0731072968106179,0.002328111475046008,0.0,0.0,0.0,0.0,0.05063937054386698,0.08543319575669203,0.0,0.0009463790261060209,covid_serum_raman::Healthy::079,Healthy,covid_serum_raman,raman,serum,0.2326117095314014,0.2710827114316381,0.07405367583672391,0.16598836947867202,0.13259472273513181,0.0,0.0039407607019841945,0.057258373240084454,0.017255033567868838,0.03540092292402215,0.002328111475046008,0.007485609077426983,0.16511750131388558
0.006423267261510118,0.23617713298601853,0.09799847478130881,0.03591401502897012,0.0,0.05996195880690658,0.06750456263753819,0.015427396495423067,0.0,0.0676143925537246,0.050015683666402425,0.06514186572369712,0.08727817022239663,0.003753313670545282,0.07220177012392474,0.0,0.0,0.0,0.0,0.0,0.04864343118053091,0.08567260391988026,0.0,0.0002719609412226377,covid_serum_raman::Healthy::080,Healthy,covid_serum_raman,raman,serum,0.23617713298601853,0.27160988898921024,0.07247373106514739,0.165503037418847,0.1327562582774217,0.0,0.003753313670545282,0.05996195880690658,0.015427396495423067,0.03591401502897012,0.0,0.006423267261510118,0.16699148361949623
0.0076619045884804724,0.22796009489537916,0.08516111142181902,0.0334774343899938,0.0,0.05221652676234994,0.07125375780969541,0.020733147765199317,0.0,0.0780439508181287,0.04709500112593844,0.06088876762501068,0.08727555198489201,0.005018533970449992,0.09094487684765157,0.0,0.0,0.0,0.0,0.0,0.04898574706082997,0.08318082689152557,0.0,0.00010276604265591917,covid_serum_raman::Healthy::081,Healthy,covid_serum_raman,raman,serum,0.22796009489537916,0.266537127063186,0.09104764289030749,0.15641486923151443,0.13893271844313937,0.0,0.005018533970449992,0.05221652676234994,0.020733147765199317,0.0334774343899938,0.0,0.0076619045884804724,0.16461771976527795
0.00648352241533257,0.23820670354018778,0.09028482085695966,0.03452258796735401,0.0,0.05963624825529953,0.0635636275304922,0.01573080951915561,0.0,0.07147668972214286,0.053424736493604956,0.06587100721436762,0.08544415667702764,0.002395611971319573,0.0813760391008782,0.0,0.0,0.0,0.0,0.0,0.04655925087132154,0.08502418786455634,0.0,0.0,covid_serum_raman::Healthy::082,Healthy,covid_serum_raman,raman,serum,0.23820670354018778,0.27045233190651047,0.0813760391008782,0.15384844838745187,0.13734769693651047,0.0,0.002395611971319573,0.05963624825529953,0.01573080951915561,0.03452258796735401,0.0,0.00648352241533257,0.1671635072412062
0.006144245702955752,0.2354167417668911,0.08842319138471377,0.03472983174631642,0.0,0.058175874707232345,0.06432113402698225,0.016359541623163644,0.0,0.07312419530100296,0.049579421914220934,0.06361947794497667,0.08896235275944774,0.005153923468717344,0.0787641161717485,0.0,0.0,0.0,0.0,0.0,0.04832804519999786,0.08734525886893243,0.0,0.0015526474127003115,covid_serum_raman::Healthy::083,Healthy,covid_serum_raman,raman,serum,0.2354167417668911,0.274215078742599,0.08031676358444881,0.15274432541169602,0.13674367324597964,0.0,0.005153923468717344,0.058175874707232345,0.016359541623163644,0.03472983174631642,0.0,0.006144245702955752,0.16583763825513242
0.012213329284600899,0.22531354605553894,0.10329804918793965,0.03594607867119513,0.0,0.051901374988707935,0.07875746130670933,0.02329491915803327,0.0,0.06851622358043893,0.044536909408813476,0.057042717109293775,0.08371323168500314,0.0019035564985758968,0.07585010411155949,0.008192147431406284,0.0,0.0,0.0,0.0,0.049644436533963394,0.07987591498822047,0.0,0.0,covid_serum_raman::Healthy::084,Healthy,covid_serum_raman,raman,serum,0.22531354605553894,0.2577704926160005,0.07585010411155949,0.18205551049464896,0.12555894068973272,0.0,0.0019035564985758968,0.051901374988707935,0.02329491915803327,0.03594607867119513,0.008192147431406284,0.012213329284600899,0.16036537311584076
0.011337492616383544,0.23525939151294667,0.10518418994648779,0.03931462466605879,0.0,0.0563924428041365,0.07266903853716485,0.01929083971476265,0.0,0.06817996915636557,0.047898860299443034,0.06144937722368053,0.08197406051433406,0.0002026671766295193,0.07598555385928751,0.004251301572410313,0.0,0.0,0.0,0.0,0.04388554175918963,0.076724648640719,0.0,0.0,covid_serum_raman::Healthy::085,Healthy,covid_serum_raman,raman,serum,0.23525939151294667,0.2504831112136857,0.07598555385928751,0.17785322848365265,0.12962934638004608,0.0,0.0002026671766295193,0.0563924428041365,0.01929083971476265,0.03931462466605879,0.004251301572410313,0.011337492616383544,0.16149054747550373
0.010550119518867987,0.23443958580470467,0.10419688179570773,0.036058550150604496,0.0,0.05714382515743656,0.074251595414824,0.020217607632168674,0.0,0.06816458693994885,0.049629547864981284,0.06176908402560618,0.08073852636266386,0.001096431438642439,0.0760735545475492,0.003041328209783669,0.0,0.0,0.0,0.0,0.04487598170123817,0.07775279343527224,0.0,0.0,covid_serum_raman::Healthy::086,Healthy,covid_serum_raman,raman,serum,0.23443958580470467,0.25299684936415556,0.0760735545475492,0.17844847721053173,0.12993367096555503,0.0,0.001096431438642439,0.05714382515743656,0.020217607632168674,0.036058550150604496,0.003041328209783669,0.010550119518867987,0.16215538377387018
0.0071352170681197,0.24172737680514647,0.09081444221345353,0.038286472486264427,0.0,0.06153289518488573,0.06658270333739837,0.01676520463943604,0.0,0.06458873439509562,0.04660787012576324,0.05879064651455917,0.09443716922438361,0.005386813049534098,0.06428015260540265,0.004851789155607988,0.0,0.0,0.0,0.0,0.05184803292529704,0.08250679890677724,0.0,0.0038576813628751166,covid_serum_raman::Healthy::087,Healthy,covid_serum_raman,raman,serum,0.24172737680514647,0.27539987118222115,0.06813783396827777,0.15739714555085188,0.12337938090965478,0.0,0.005386813049534098,0.06153289518488573,0.01676520463943604,0.038286472486264427,0.004851789155607988,0.0071352170681197,0.16135023372009027
0.008149782287353548,0.237473352646143,0.09234212093082088,0.03844112211753055,0.0,0.05732056069709608,0.07082448682510496,0.021811432513287887,0.0,0.06617786938295502,0.047037517599396124,0.05539125356813142,0.0899713231957476,0.002556987954070392,0.07411036043713509,0.006470756692429699,0.0,0.0,0.0,0.0,0.05182360697007405,0.07829233106399387,0.0,0.0018051351187298394,covid_serum_raman::Healthy::088,Healthy,covid_serum_raman,raman,serum,0.237473352646143,0.26712477882921165,0.07591549555586494,0.16316660775592584,0.12156912295108643,0.0,0.002556987954070392,0.05732056069709608,0.021811432513287887,0.03844112211753055,0.006470756692429699,0.008149782287353548,0.15848866700310094
0.00894400262243545,0.23673559431787516,0.09343208662398762,0.038363518538995584,0.0,0.05615121248061184,0.07180258846311818,0.02175489483434803,0.0,0.065834408376859,0.042544601588885234,0.05406283477595939,0.09049318392089872,0.0055349959189787,0.06935735366601722,0.00895777204663233,0.0,0.0,0.0,0.0,0.05287825633395811,0.07987429656876259,0.0,0.0032783989216768235,covid_serum_raman::Healthy::089,Healthy,covid_serum_raman,raman,serum,0.23673559431787516,0.26579033841250466,0.07263575258769404,0.16523467508710582,0.11989724315281838,0.0,0.0055349959189787,0.05615121248061184,0.02175489483434803,0.038363518538995584,0.00895777204663233,0.00894400262243545,0.15536672072258484
0.004416223955599702,0.2483051371961042,0.09001498372200907,0.03659863527518215,0.0,0.06593107358898147,0.063648856974391,0.011083093222296862,0.0,0.06503757181783858,0.0532414034540202,0.06187597853918112,0.09077546858864595,0.004382381348608546,0.06477993697896293,0.0,0.0,0.0,0.0,0.0,0.04844271070317569,0.09044418469443635,0.0,0.0010223599405663098,covid_serum_raman::Healthy::090,Healthy,covid_serum_raman,raman,serum,0.2483051371961042,0.28290376744027823,0.06580229691952924,0.15366384069640007,0.1269135503570197,0.0,0.004382381348608546,0.06593107358898147,0.011083093222296862,0.03659863527518215,0.0,0.004416223955599702,0.1680007345553921
0.006217321426396094,0.2427348925766562,0.09171727462348665,0.03662568438296472,0.0,0.06062294416111113,0.06747923650464153,0.015424087347166287,0.0,0.06530407271962921,0.04977380682442248,0.05737699190908796,0.09004015677573458,0.0050497456218775985,0.06644999063442995,0.0027546800947247096,0.0,0.0,0.0,0.0,0.05224125218565513,0.08734027166461623,0.0,0.002847590547399554,covid_serum_raman::Healthy::091,Healthy,covid_serum_raman,raman,serum,0.2427348925766562,0.2793954874504284,0.0692975811818295,0.1591965111281282,0.12268106462871717,0.0,0.0050497456218775985,0.06062294416111113,0.015424087347166287,0.03662568438296472,0.0027546800947247096,0.006217321426396094,0.16258314015181408
0.006791498729389144,0.24035609441713351,0.0916569159507584,0.038373577751527124,0.0,0.060650003451757695,0.06803612179134533,0.015193308228234932,0.0,0.06320194675086752,0.04973041176122576,0.058582931018596705,0.09018801103911604,0.0038227851260533353,0.06820367903669906,0.0009429787160701585,0.0,0.0,0.0,0.0,0.0517701973452872,0.08749164451940522,0.0,0.005007894366532855,covid_serum_raman::Healthy::092,Healthy,covid_serum_raman,raman,serum,0.24035609441713351,0.2791802646650342,0.07321157340323192,0.15969303774210372,0.12178487776946423,0.0,0.0038227851260533353,0.060650003451757695,0.015193308228234932,0.038373577751527124,0.0009429787160701585,0.006791498729389144,0.16398918488634118
0.01356940714314853,0.24316225595253355,0.100154268648766,0.03659853777570475,0.0,0.057002539289678834,0.07047720290743884,0.024714862540682187,0.0,0.0700028597545505,0.046626519455754196,0.06399258586595415,0.07677523859389407,0.0002926480151203676,0.08258462889079995,0.0,0.0,0.0,0.0,0.0,0.03837396763343729,0.07567247753253671,0.0,0.0,covid_serum_raman::Healthy::093,Healthy,covid_serum_raman,raman,serum,0.24316225595253355,0.23744820321562227,0.08258462889079995,0.17063147155620484,0.13399544562050464,0.0,0.0002926480151203676,0.057002539289678834,0.024714862540682187,0.03659853777570475,0.0,0.01356940714314853,0.1563094858128642
0.012706210528485647,0.24636395127839514,0.10063575890384023,0.03748615196433035,0.0,0.057310229451315226,0.06910779580896735,0.024144365218192975,0.0,0.07224224000454754,0.04766290807819079,0.06440354349399768,0.07616831474959666,0.0,0.08228083286908647,0.0,0.0,0.0,0.0,0.0,0.03723883764169584,0.07224886000935808,0.0,0.0,covid_serum_raman::Healthy::094,Healthy,covid_serum_raman,raman,serum,0.24636395127839514,0.2333189204788414,0.08228083286908647,0.16974355471280758,0.13664578349854523,0.0,0.0,0.057310229451315226,0.024144365218192975,0.03748615196433035,0.0,0.012706210528485647,0.15534269354114782
0.013302275248822569,0.24734971649864101,0.10136053378325113,0.03682409387823047,0.0,0.05810725100974926,0.0693986184766767,0.0248878629335989,0.0,0.07031124984031206,0.04864390056259386,0.06506313629923416,0.07549911262232331,0.00024410485707389832,0.08204696241236027,0.0,0.0,0.0,0.0,0.0,0.03550454242112615,0.07145663915600636,0.0,0.0,covid_serum_raman::Healthy::095,Healthy,covid_serum_raman,raman,serum,0.24734971649864101,0.2311041947620497,0.08204696241236027,0.17075915225992783,0.13537438613954622,0.0,0.00024410485707389832,0.05810725100974926,0.0248878629335989,0.03682409387823047,0.0,0.013302275248822569,0.15476331397095522
0.005831284305394569,0.22988561133677718,0.09439144710695771,0.03941053646498323,0.0,0.057608109632130866,0.07088925065689716,0.015789871751540018,0.0,0.06737863239616107,0.046249582320896813,0.054366352440231865,0.0905225931468213,0.0033525471943915523,0.06843510176845768,0.0074844484766708975,0.0,0.0,0.0,0.0,0.0543678168191946,0.09218888396867111,0.0,0.0018479302138223934,covid_serum_raman::Healthy::096,Healthy,covid_serum_raman,raman,serum,0.22988561133677718,0.2833288762555838,0.07028303198228007,0.16528069776385487,0.12174498483639293,0.0,0.0033525471943915523,0.057608109632130866,0.015789871751540018,0.03941053646498323,0.0074844484766708975,0.005831284305394569,0.16689009853274617
0.007669698025219274,0.2248392748762824,0.09115111226115456,0.039233607113117755,0.0,0.05158073781028485,0.0784441487317027,0.021656855251211315,0.0,0.06857074972058291,0.04568624813579325,0.05037097907014226,0.08781256275478933,0.0034553955499908684,0.07754120464918593,0.011962562949090651,0.0,0.0,0.0,0.0,0.05686783946066315,0.08092471259057105,0.0,0.002232311050217712,covid_serum_raman::Healthy::097,Healthy,covid_serum_raman,raman,serum,0.2248392748762824,0.27129136294181677,0.07977351569940364,0.16959526099285727,0.11894172879072518,0.0,0.0034553955499908684,0.05158073781028485,0.021656855251211315,0.039233607113117755,0.011962562949090651,0.007669698025219274,0.1601466734096213
0.005688818209089966,0.23571248589219448,0.09241955897897837,0.03948006580684431,0.0,0.06394974013904384,0.06636114184145339,0.009226857087181285,0.0,0.06422538375629497,0.0529210632118755,0.059430673316064185,0.09093844408130676,0.0031647687559626225,0.06418512078107574,0.0,0.0,0.0,0.0,0.0,0.05302738768776755,0.09531546531942056,0.0,0.003953025135446499,covid_serum_raman::Healthy::098,Healthy,covid_serum_raman,raman,serum,0.23571248589219448,0.2922023603003704,0.06813814591652224,0.15878070082043177,0.12365605707235916,0.0,0.0031647687559626225,0.06394974013904384,0.009226857087181285,0.03948006580684431,0.0,0.005688818209089966,0.17357685556606073
0.007835817220916148,0.2358798835798054,0.0905032992545044,0.03576907982663163,0.0,0.05363921963440389,0.07130568127800684,0.022732974068890886,0.0,0.06946860516024883,0.04631788095494757,0.05653737696149433,0.0867315176898612,0.0042015960512048435,0.07951832667432286,0.006118738940469555,0.0,0.0,0.0,0.0,0.050853362741181074,0.08032888970884917,0.0,0.0022577502542612763,covid_serum_raman::Healthy::099,Healthy,covid_serum_raman,raman,serum,0.2358798835798054,0.26423165109483904,0.08177607692858414,0.16180898053251125,0.12600598212174316,0.0,0.0042015960512048435,0.05363921963440389,0.022732974068890886,0.03576907982663163,0.006118738940469555,0.007835817220916148,0.1567391400596272
0.009704426254007617,0.2382472675563609,0.09177895840466102,0.03746812394731744,0.0,0.05430979140912796,0.07092568094146794,0.025184995147531534,0.0,0.07035681528344366,0.04324399494953375,0.0563280785532423,0.08475143772514347,0.005095805646635325,0.07719869633145017,0.006584832232705978,0.0,0.0,0.0,0.0,0.04974780241705606,0.07724304162379048,0.0,0.0018302515765244059,covid_serum_raman::Healthy::100,Healthy,covid_serum_raman,raman,serum,0.2382472675563609,0.25498627671552376,0.07902894790797457,0.16270463934612894,0.12668489383668596,0.0,0.005095805646635325,0.05430979140912796,0.025184995147531534,0.03746812394731744,0.006584832232705978,0.009704426254007617,0.15253644785579523
0.009093399299980745,0.2346070503995472,0.09111869777049306,0.03722786511751221,0.0,0.05200955269989323,0.07249685587627565,0.025095504379615354,0.0,0.07004428512777486,0.0443306370296153,0.05426588927871476,0.08732567735618918,0.005293233453294725,0.0774504433055829,0.006816365211072966,0.0,0.0,0.0,0.0,0.05176826660897324,0.07870485527926714,0.0,0.0023514218061976232,covid_serum_raman::Healthy::101,Healthy,covid_serum_raman,raman,serum,0.2346070503995472,0.2621294362740449,0.07980186511178053,0.16361555364676872,0.12431017440648962,0.0,0.005293233453294725,0.05200955269989323,0.025095504379615354,0.03722786511751221,0.006816365211072966,0.009093399299980745,0.154239461903398
0.013852708054867897,0.2486590428765046,0.0998323265699082,0.036927423849102636,0.0,0.05546779453327458,0.07276310202463102,0.02891917677448229,0.0,0.07243333602002561,0.046915804002512426,0.059918514194250885,0.07361626799807926,0.000960608823301254,0.082835726998553,0.00042964336186047486,0.0,0.0,0.0,0.0,0.0350659639976088,0.07140255992103704,0.0,0.0,covid_serum_raman::Healthy::102,Healthy,covid_serum_raman,raman,serum,0.2486590428765046,0.22700059591923755,0.082835726998553,0.17259542859453922,0.13235185021427648,0.0,0.000960608823301254,0.05546779453327458,0.02891917677448229,0.036927423849102636,0.00042964336186047486,0.013852708054867897,0.15072324811169957
0.013294875929894218,0.25271698831444395,0.10032752699239349,0.03532447684589357,0.0,0.059315727519758346,0.06911807923535615,0.026035617046124157,0.0,0.07313076880136264,0.049423852664148754,0.06172509919561961,0.07435261989943877,0.000991376427814248,0.07978367164880339,0.0,0.0,0.0,0.0,0.0,0.032924385107963965,0.07153493437098464,0.0,0.0,covid_serum_raman::Healthy::103,Healthy,covid_serum_raman,raman,serum,0.25271698831444395,0.22823579204253613,0.07978367164880339,0.16944560622774962,0.13485586799698224,0.0,0.000991376427814248,0.059315727519758346,0.026035617046124157,0.03532447684589357,0.0,0.013294875929894218,0.1520834229188479
0.014804949002246801,0.2500538166592824,0.09902693390761871,0.03737613586543386,0.0,0.05723830718123143,0.07070996983620498,0.027014539209306916,0.0,0.07204351262662419,0.04879036313058837,0.0608478495633361,0.0744693706588486,0.000667177531777327,0.08111701740247476,0.0,0.0,0.0,0.0,0.0,0.034706344976579435,0.07113371244844613,0.0,0.0,covid_serum_raman::Healthy::104,Healthy,covid_serum_raman,raman,serum,0.2500538166592824,0.22909979121446253,0.08111701740247476,0.1697369037438237,0.13289136218996028,0.0,0.000667177531777327,0.05723830718123143,0.027014539209306916,0.03737613586543386,0.0,0.014804949002246801,0.15157508065543868
0.0023745875929736984,0.2497350701148239,0.08913663879856387,0.03977742954647016,0.0,0.06132052532678216,0.05883820226321633,0.01302360642749533,0.0,0.06217016419331249,0.05332389284742679,0.06189481578301163,0.09108814298966057,0.0009898237896610416,0.06300053545427241,0.0031540878407478636,0.0,0.0,0.0,0.0,0.055328500481926564,0.09030822689026222,0.0,0.004535749659392942,covid_serum_raman::Healthy::105,Healthy,covid_serum_raman,raman,serum,0.2497350701148239,0.29004876320927614,0.06753628511366536,0.14797484106178022,0.12406497997632412,0.0,0.0009898237896610416,0.06132052532678216,0.01302360642749533,0.03977742954647016,0.0031540878407478636,0.0023745875929736984,0.16541502847830358
0.005088265104262224,0.2421959048432199,0.08891940122806856,0.04152841487699109,0.0,0.05153226071597467,0.06907162420759234,0.023644359791197462,0.0,0.06280627388759655,0.04488932547540634,0.05241138680079668,0.09095915599349583,0.00271843543102645,0.07096673576935598,0.009161008594174297,0.0,0.0,0.0,0.0,0.05389824459580517,0.08480163647228263,0.0,0.005407566212753772,covid_serum_raman::Healthy::106,Healthy,covid_serum_raman,raman,serum,0.2421959048432199,0.27454836253698994,0.07637430198210976,0.1579910254356609,0.11521766068839323,0.0,0.00271843543102645,0.05153226071597467,0.023644359791197462,0.04152841487699109,0.009161008594174297,0.005088265104262224,0.15543131304992386
0.006364783419562339,0.2386391247147594,0.08969160028006139,0.0408501963466421,0.0,0.05091097626321378,0.06797057942830653,0.022101063347492185,0.0,0.0615144674131519,0.04547985950190298,0.05310383774595739,0.09200845979626514,0.0015330055615825524,0.0703430778080212,0.009829732771378104,0.0,0.0,0.0,0.0,0.059791202855494004,0.08354307038005238,0.0,0.0063249623661566865,covid_serum_raman::Healthy::107,Healthy,covid_serum_raman,raman,serum,0.2386391247147594,0.2808225925337145,0.07666804017417789,0.15766217970836793,0.11461830515910928,0.0,0.0015330055615825524,0.05091097626321378,0.022101063347492185,0.0408501963466421,0.009829732771378104,0.006364783419562339,0.15765634130279782
0.0038316302947555107,0.26364378075936157,0.09629007984197605,0.04144755906073618,0.0,0.06620979222636818,0.055177102479858645,0.009763760230964938,0.0,0.061182287649496875,0.053110431831634816,0.0681511182183547,0.09066428360485437,0.0008003581703703403,0.05394388007360921,0.0,0.0,0.0,0.0,0.0,0.050761752066775696,0.08404458102318703,0.0,0.0009776024676957432,covid_serum_raman::Healthy::108,Healthy,covid_serum_raman,raman,serum,0.26364378075936157,0.2785810485264519,0.05492148254130495,0.1514671823218347,0.12933340586785158,0.0,0.0008003581703703403,0.06620979222636818,0.009763760230964938,0.04144755906073618,0.0,0.0038316302947555107,0.16051769992885612
0.006814524477386241,0.25693558948460593,0.09664969287424564,0.03986713475517221,0.0,0.0578972402747541,0.06406229535782397,0.01889520818874987,0.0,0.06550581630978594,0.046206053074604764,0.06219470420405364,0.08444282445778685,0.002970985788266521,0.07004398060724368,0.003910146219235986,0.0,0.0,0.0,0.0,0.04642222855238417,0.07718157537390048,0.0,0.0,covid_serum_raman::Healthy::109,Healthy,covid_serum_raman,raman,serum,0.25693558948460593,0.2542526814586763,0.07004398060724368,0.1607119882320696,0.12770052051383957,0.0,0.002970985788266521,0.0578972402747541,0.01889520818874987,0.03986713475517221,0.003910146219235986,0.006814524477386241,0.153619061817323
0.004816741378609221,0.25816229790668443,0.0973590510920036,0.04004503605012077,0.0,0.0654607322392238,0.05675871393328757,0.010147238859423174,0.0,0.06017161967149861,0.053663931139054405,0.06946322356200416,0.08700619095061193,0.0017641908237525064,0.057761451964723064,0.0,0.0,0.0,0.0,0.0,0.04803258426482913,0.08866007984825254,0.0,0.0007269163159210839,covid_serum_raman::Healthy::110,Healthy,covid_serum_raman,raman,serum,0.25816229790668443,0.277362786202748,0.058488368280644146,0.15411776502529118,0.12963484323350277,0.0,0.0017641908237525064,0.0654607322392238,0.010147238859423174,0.04004503605012077,0.0,0.004816741378609221,0.1632570825330204
0.0027168801430635554,0.2539616466017358,0.10116664054410479,0.03934748930676174,0.0,0.06461750912979389,0.05917189076020307,0.009564047573595467,0.0,0.061541591622193595,0.053938194185351764,0.06311675221529073,0.09371989366613312,0.0,0.055310113127711016,0.0,0.0,0.0,0.0008332756262902503,0.0,0.04959535776487384,0.08977048295952156,0.0,0.0016282347733757524,covid_serum_raman::Healthy::111,Healthy,covid_serum_raman,raman,serum,0.2539616466017358,0.28702392857588027,0.05693834790108677,0.16033853130430786,0.12465834383748432,0.0008332756262902503,0.0,0.06461750912979389,0.009564047573595467,0.03934748930676174,0.0,0.0027168801430635554,0.16819423269552036
0.003742971294317539,0.25275270494186136,0.10009238518395552,0.040169245303748054,0.0,0.06628090207399699,0.05960390646470817,0.007874758872169959,0.0,0.058396745381579906,0.05513508963255696,0.06613835741635561,0.09050210507784125,0.0009834108221179916,0.05678111133895165,0.0,0.0,0.0,0.0,0.0,0.05012963015869376,0.09040816648630545,0.0,0.0010085095508397446,covid_serum_raman::Healthy::112,Healthy,covid_serum_raman,raman,serum,0.25275270494186136,0.2861749913553974,0.05778962088979139,0.1596962916486637,0.12453510279793552,0.0,0.0009834108221179916,0.06628090207399699,0.007874758872169959,0.040169245303748054,0.0,0.003742971294317539,0.16877370515860424
0.003841718893245501,0.2585240549592932,0.10306726198060265,0.03809501383100251,0.0,0.06718507560294716,0.056294353949149466,0.00653050347723099,0.0,0.05920805552571886,0.05361631952465603,0.06992073314899169,0.08953696624028705,0.0,0.05530258256622504,0.0,0.0,0.0,0.0,0.0,0.04573431747592173,0.09314304282472817,0.0,0.0,covid_serum_raman::Healthy::113,Healthy,covid_serum_raman,raman,serum,0.2585240549592932,0.28203064606559297,0.05530258256622504,0.15936161592975212,0.12912878867471056,0.0,0.0,0.06718507560294716,0.00653050347723099,0.03809501383100251,0.0,0.003841718893245501,0.16768889559562106
0.0005862351674797878,0.2257061659543654,0.08721037185338931,0.036121444402211544,0.0,0.05731716550090786,0.07009906837007987,0.013339749485204548,0.0,0.06678212909046441,0.04784747576530812,0.05603667474969204,0.09522655309653004,0.0044203947772865565,0.07207128067547527,0.002470770008484118,0.0,0.0,0.014325782055788397,0.0,0.055410538541609364,0.08847974852995008,0.0,0.006548451975773212,covid_serum_raman::Healthy::114,Healthy,covid_serum_raman,raman,serum,0.2257061659543654,0.28696431593339766,0.07861973265124848,0.15730944022346918,0.12281880384015645,0.014325782055788397,0.0044203947772865565,0.05731716550090786,0.013339749485204548,0.036121444402211544,0.002470770008484118,0.0005862351674797878,0.16802615668867227
0.0,0.23425129908193995,0.08502576654323887,0.03453619842006173,0.0,0.06898272006882192,0.05568735373426456,0.0,0.0,0.05934234173078832,0.05462585637383227,0.06773511922941353,0.09631153283009222,0.003150211218683203,0.054323582976565137,0.0,0.0,0.0,0.015284773999347315,0.0,0.05750712967565868,0.10339641371407302,0.0,0.009839700403219255,covid_serum_raman::Healthy::115,Healthy,covid_serum_raman,raman,serum,0.23425129908193995,0.3118409325936562,0.06416328337978439,0.14071312027750343,0.12707746096020184,0.015284773999347315,0.003150211218683203,0.06898272006882192,0.0,0.03453619842006173,0.0,0.0,0.17932602777412132
0.002279185754158799,0.23729206035200262,0.08820196108697276,0.03573768430190989,0.0,0.0663904986125097,0.060295573056921195,0.0038895996294226643,0.0,0.059485716268134266,0.05452332196999815,0.06482387778689788,0.09188520362092402,0.003471383310049236,0.06411525408546394,0.0,0.0,0.0,0.009872201047275092,0.0,0.051052733877939675,0.10059664084866754,0.0,0.0060871043907524845,covid_serum_raman::Healthy::116,Healthy,covid_serum_raman,raman,serum,0.23729206035200262,0.2980579003175294,0.07020235847621642,0.14849753414389394,0.12430959405503214,0.009872201047275092,0.003471383310049236,0.0663904986125097,0.0038895996294226643,0.03573768430190989,0.0,0.002279185754158799,0.1763535421297615
0.004130598174605859,0.25026864214164524,0.09589561813197257,0.038377411084103835,0.0,0.06620350610886304,0.061894039351810204,0.013585864835547351,0.0,0.06043596025282949,0.050472488985922694,0.064011086550494,0.09166679443211585,0.0026134334709016285,0.06562639243401393,0.0,0.0,0.0,0.0,0.0,0.047049621506780555,0.08696062538639991,0.0,0.0008079171519937714,covid_serum_raman::Healthy::117,Healthy,covid_serum_raman,raman,serum,0.25026864214164524,0.276149530311219,0.0664343095860077,0.15778965748378276,0.1244470468033235,0.0,0.0026134334709016285,0.06620350610886304,0.013585864835547351,0.038377411084103835,0.0,0.004130598174605859,0.1671105159778532
0.0037077836010240626,0.24885225559190205,0.0976366019699046,0.03708995543751661,0.0,0.06721920228314529,0.06000849649999588,0.010563055923824236,0.0,0.05948436057959038,0.049722611762356775,0.06617441845462914,0.09234092118554009,0.00400663277478947,0.06285481099537603,0.0,0.0,0.0,0.0,0.0,0.04903099572616275,0.08883813914163709,0.0,0.002469758072605558,covid_serum_raman::Healthy::118,Healthy,covid_serum_raman,raman,serum,0.24885225559190205,0.2799326678156967,0.06532456906798159,0.1576450984699005,0.12565877903421951,0.0,0.00400663277478947,0.06721920228314529,0.010563055923824236,0.03708995543751661,0.0,0.0037077836010240626,0.16789943318178335
0.0057933829069459755,0.24364925358197928,0.10018688611466357,0.03701827502787219,0.0,0.06193881010135707,0.06546902525781599,0.016371324519421093,0.0,0.06319179751207803,0.046860232832989325,0.06293394530670739,0.08821742479422082,0.0045184952284776396,0.07052537060283938,0.0,0.0,0.0,0.0,0.0,0.047113065781416004,0.08501071663802137,0.0,0.0012019937931947854,covid_serum_raman::Healthy::119,Healthy,covid_serum_raman,raman,serum,0.24364925358197928,0.2672014400466475,0.07172736439603417,0.16565591137247956,0.1261257428187854,0.0,0.0045184952284776396,0.06193881010135707,0.016371324519421093,0.03701827502787219,0.0,0.0057933829069459755,0.16315530701068892
0.005928887322757474,0.24854634684404608,0.10348922313797679,0.04066073704122839,0.0,0.066512392985693,0.059271575956786074,0.008944678729329556,0.0,0.06048481375039697,0.05301710799225783,0.06824966925508234,0.08770400130545797,0.0011663598382526995,0.057888096856399465,0.0,0.0,0.0,0.0,0.0,0.047950015225478086,0.08959749892413502,0.0,0.0005885948347223403,covid_serum_raman::Healthy::120,Healthy,covid_serum_raman,raman,serum,0.24854634684404608,0.27826862344732894,0.0584766916911218,0.16276079909476288,0.12873448300547932,0.0,0.0011663598382526995,0.066512392985693,0.008944678729329556,0.04066073704122839,0.0,0.005928887322757474,0.17008621858777073
0.005546064933492183,0.2408321362172611,0.10162547120778896,0.039911451586208874,0.0,0.06122436798511223,0.06427157861806469,0.010884811947848119,0.0,0.0625466772525194,0.05018375797436767,0.06463973678637236,0.08933671087106754,0.0012705867178761483,0.06518280514548683,0.0,0.0,0.0,0.0,0.0,0.04991022881094451,0.09130335166353748,0.0,0.0013302622820520805,covid_serum_raman::Healthy::121,Healthy,covid_serum_raman,raman,serum,0.2408321362172611,0.2807340493199172,0.0665130674275389,0.16589704982585365,0.12718641403889175,0.0,0.0012705867178761483,0.06122436798511223,0.010884811947848119,0.039911451586208874,0.0,0.005546064933492183,0.17106004239427786
0.006494981290289293,0.2427316473875228,0.10342173692002961,0.040961195033991496,0.0,0.05961758299403736,0.06684296440444427,0.0133605279318313,0.0,0.0624880693367028,0.05054180866319799,0.06168535941998002,0.08641669849753057,0.0017806090731847474,0.06770083857925542,2.312047675790962e-05,0.0,0.0,0.0,0.0,0.04878559840609673,0.08714726158514773,0.0,0.0,covid_serum_raman::Healthy::122,Healthy,covid_serum_raman,raman,serum,0.2427316473875228,0.272891367151973,0.06770083857925542,0.17026470132447388,0.12417342875668282,0.0,0.0017806090731847474,0.05961758299403736,0.0133605279318313,0.040961195033991496,2.312047675790962e-05,0.006494981290289293,0.16645810576781428
0.004415712782500057,0.25306429624268745,0.10239293604599879,0.03832774848144199,0.0,0.0694927672209583,0.06018637350668839,0.007589658748209189,0.0,0.05891665368487936,0.05462850588620095,0.06924332159230286,0.09066157470256908,0.0007973898206690202,0.05631386941957979,0.0,0.0,0.0,0.0,0.0,0.044876077501912255,0.08839333672432789,0.0,0.0006997776390746828,covid_serum_raman::Healthy::123,Healthy,covid_serum_raman,raman,serum,0.25306429624268745,0.2785594948150102,0.05701364705865447,0.16257930955268718,0.1281599752771822,0.0,0.0007973898206690202,0.0694927672209583,0.007589658748209189,0.03832774848144199,0.0,0.004415712782500057,0.17077943667874307
0.006096285787159305,0.24302502932072959,0.1032715977225473,0.04015349421972289,0.0,0.06420583694996823,0.06911822689738052,0.014295843522142766,0.0,0.06217466973145215,0.04722115320834072,0.0643060402365108,0.0878878704453951,0.003233277693275307,0.06212635053684795,0.00041455189452393754,0.0,0.0,0.0,0.0,0.04774428234611332,0.08277386204305617,0.0,0.0019516274448340843,covid_serum_raman::Healthy::124,Healthy,covid_serum_raman,raman,serum,0.24302502932072959,0.2656271680429053,0.06407797798168204,0.17238982461992783,0.12648070996796296,0.0,0.003233277693275307,0.06420583694996823,0.014295843522142766,0.04015349421972289,0.00041455189452393754,0.006096285787159305,0.1656458684216784
0.004484896041780975,0.24594232701459992,0.10564600511819977,0.04000063705865816,0.0,0.06557162115356859,0.06505466827020373,0.011197555098456284,0.0,0.059915286174241016,0.0517814259079009,0.06731998570770138,0.0916149091619631,0.0018086047769586822,0.05957936063197295,0.0,0.0,0.0,0.0,0.0,0.04402954664039134,0.08412897927280501,0.0,0.0019241919705980607,covid_serum_raman::Healthy::125,Healthy,covid_serum_raman,raman,serum,0.24594232701459992,0.2715548609830603,0.06150355260257101,0.1707006733884035,0.1272352718819424,0.0,0.0018086047769586822,0.06557162115356859,0.011197555098456284,0.04000063705865816,0.0,0.004484896041780975,0.1714009954269955
0.004953800077627402,0.2646340190177495,0.10225055042322238,0.03850727325946629,0.0,0.0683233419527418,0.05232211783830058,0.008585448679515162,0.0,0.06055504752861709,0.05554747817845839,0.07252712546453172,0.08391894387262842,0.0,0.054153010296225726,0.0,0.0,0.0,0.0,0.0,0.04291213740640769,0.09080970600450794,0.0,0.0,covid_serum_raman::Healthy::126,Healthy,covid_serum_raman,raman,serum,0.2646340190177495,0.2731882654620024,0.054153010296225726,0.15457266826152297,0.1330821729931488,0.0,0.0,0.0683233419527418,0.008585448679515162,0.03850727325946629,0.0,0.004953800077627402,0.16200441735663274
0.005109061040260365,0.2661513217153753,0.1027374407819962,0.03837954345500287,0.0,0.06853703786173133,0.05255422774657427,0.00919783978266921,0.0,0.06107918857945224,0.05448099235253293,0.07088080215262166,0.08484914314730665,0.0,0.05540054666552739,0.0,0.0,0.0,0.0,0.0,0.041691253976046304,0.08895160074290319,0.0,0.0,covid_serum_raman::Healthy::127,Healthy,covid_serum_raman,raman,serum,0.2661513217153753,0.26997299021878907,0.05540054666552739,0.15529166852857046,0.1319599907320739,0.0,0.0,0.06853703786173133,0.00919783978266921,0.03837954345500287,0.0,0.005109061040260365,0.1603327166478442
0.006649614686945297,0.2605395899888088,0.105443857901431,0.039518432779332084,0.0,0.0614996202225736,0.060076328264336294,0.015511166999628692,0.0,0.06214626122767155,0.050681604630676044,0.06628769958340995,0.08210991044632718,0.0,0.06420442842925604,0.0,0.0,0.0,0.0,0.0,0.04108323452356842,0.08424825031603506,0.0,0.0,covid_serum_raman::Healthy::128,Healthy,covid_serum_raman,raman,serum,0.2605395899888088,0.2581229999166067,0.06420442842925604,0.1655201861657673,0.1284339608110815,0.0,0.0,0.0614996202225736,0.015511166999628692,0.039518432779332084,0.0,0.006649614686945297,0.15866597844845975
0.005559120686361838,0.2433458386986399,0.09573537186211237,0.04150085024347949,0.0,0.06023102287147683,0.06605542109249485,0.013227631917687726,0.0,0.058531916066724976,0.049896724269774415,0.05947529113780768,0.09358050184481177,0.0025469856508148186,0.0587140197168386,0.004723199541803519,0.0,0.0,0.0,0.0,0.05544652888315495,0.08822570917169444,0.0,0.003203866344321838,covid_serum_raman::Healthy::129,Healthy,covid_serum_raman,raman,serum,0.2433458386986399,0.28714946416943554,0.06191788606116044,0.16179079295460722,0.11800720720453266,0.0,0.0025469856508148186,0.06023102287147683,0.013227631917687726,0.04150085024347949,0.004723199541803519,0.005559120686361838,0.16617099028691307
0.005886168939444328,0.23857999390100545,0.09797131908860277,0.03971595233165955,0.0,0.056196092045251965,0.06887682802396608,0.018007069514803114,0.0,0.06444401457010901,0.04781382283232214,0.05921292298837153,0.09092351531580015,0.0020236173457742297,0.06671420068809887,0.007508511750240408,0.0,0.0,0.0,0.0,0.05356220970102986,0.07949900336073858,0.0,0.0030647576027819793,covid_serum_raman::Healthy::130,Healthy,covid_serum_raman,raman,serum,0.23857999390100545,0.2717985512098907,0.06977895829088085,0.16684814711256885,0.12365693755848053,0.0,0.0020236173457742297,0.056196092045251965,0.018007069514803114,0.03971595233165955,0.007508511750240408,0.005886168939444328,0.1615618784561027
0.006896286198417549,0.23308546004506833,0.09797479180263292,0.040810273271911744,0.0,0.05095248148016432,0.07328949608577091,0.02281172358634575,0.0,0.06578377978494988,0.04217842416112935,0.05450546059818814,0.09153458547771395,0.0031469574801769873,0.07215029701813344,0.010457021737006227,0.0,0.0,0.0,0.0,0.056106991008021405,0.07701212015660597,0.0,0.0013038501077631195,covid_serum_raman::Healthy::131,Healthy,covid_serum_raman,raman,serum,0.23308546004506833,0.2668321208034707,0.07345414712589655,0.17126428788840384,0.12028924038313801,0.0,0.0031469574801769873,0.05095248148016432,0.02281172358634575,0.040810273271911744,0.010457021737006227,0.006896286198417549,0.15745278642222993
0.0,0.1967160099396489,0.08312664810127281,0.03199170432754203,0.0,0.05228982477228753,0.07729863000839086,0.014105567371924196,0.0,0.0702258577991373,0.047416019691636786,0.050996114840856734,0.09600981971179884,0.007757357063357026,0.08301807901632138,0.004586315194101748,0.0,0.0,0.01583072667288443,0.0,0.05988578334813858,0.09678676513733087,0.0,0.011958777003369874,covid_serum_raman::Healthy::132,Healthy,covid_serum_raman,raman,serum,0.1967160099396489,0.3000983878889051,0.09497685601969126,0.16042527810966367,0.12122197263999404,0.01583072667288443,0.007757357063357026,0.05228982477228753,0.014105567371924196,0.03199170432754203,0.004586315194101748,0.0,0.1829376072091614
0.0,0.2038437747828494,0.08501087776174092,0.03305536661965527,0.0,0.05527115295423349,0.0743443259925586,0.011526756457760867,0.0,0.06868452922189766,0.04807075377211354,0.053192008496766856,0.09520500633072781,0.006529387464470886,0.07856184787942094,0.005601304810866001,0.0,0.0,0.014435231706108572,0.0,0.05948111124923087,0.09742117498982862,0.0,0.009765389509769642,covid_serum_raman::Healthy::133,Healthy,covid_serum_raman,raman,serum,0.2038437747828494,0.3001780463419008,0.08832723738919059,0.1593552037542995,0.12187653771866452,0.014435231706108572,0.006529387464470886,0.05527115295423349,0.011526756457760867,0.03305536661965527,0.005601304810866001,0.0,0.18069553730766885
0.0,0.19888497391429502,0.08166378634874384,0.03277367386567938,0.0,0.05279944583678308,0.07773653728280579,0.012954036249873626,0.0,0.0695742337983177,0.046397513316713546,0.051438834807798484,0.09457015885762131,0.007747346484732464,0.07868438014045409,0.0077774496886178985,0.0,0.0,0.013232797773129731,0.0,0.0638071239164554,0.09921933169171243,0.0,0.010738376026266146,covid_serum_raman::Healthy::134,Healthy,covid_serum_raman,raman,serum,0.19888497391429502,0.3039941277825027,0.08942275616672024,0.15940032363154963,0.12101306860611619,0.013232797773129731,0.007747346484732464,0.05279944583678308,0.012954036249873626,0.03277367386567938,0.0077774496886178985,0.0,0.18219143699339657
0.0,0.18823013328088625,0.0775722029447148,0.034527610149673135,0.0,0.04938311565559424,0.07801160731978556,0.008015293701569485,0.0,0.06535269219632092,0.04552564136826937,0.04551337920945671,0.09917917115478857,0.0077346989767280916,0.06711841743575134,0.01285782347791493,0.0,0.0,0.028143405259041604,0.0016255858701527204,0.07181845497638095,0.10519395834599554,0.0,0.014196808676975738,covid_serum_raman::Healthy::135,Healthy,covid_serum_raman,raman,serum,0.18823013328088625,0.32171722584543444,0.08131522611272707,0.15558381026450036,0.11086607140577763,0.028143405259041604,0.0077346989767280916,0.051008701525746956,0.008015293701569485,0.034527610149673135,0.01285782347791493,0.0,0.18551975894963046
0.0,0.19157881064772617,0.0803833566814421,0.037907224727087956,0.0,0.046818220142927906,0.08440692722278346,0.014766482614426332,0.0003481758069324309,0.06037134003299455,0.043902367566469126,0.04303140523613585,0.09602377131971508,0.004891193438939241,0.07152142259766651,0.017510190040359738,0.0,0.0,0.02275484529916551,0.0,0.0704708342536571,0.1012191692210426,0.0,0.012094263150528318,covid_serum_raman::Healthy::136,Healthy,covid_serum_raman,raman,serum,0.19157881064772617,0.3116161423608839,0.08361568574819483,0.165138459711158,0.1034027452691304,0.02275484529916551,0.004891193438939241,0.046818220142927906,0.014766482614426332,0.037907224727087956,0.017510190040359738,0.0,0.18465740026789168
0.0,0.19730538592071897,0.08225547030283202,0.040643152898519,0.0,0.049981896896702696,0.08166871636808024,0.012690114719846955,0.0,0.058105179192866875,0.046752462198459126,0.046907363893336794,0.09496770187303613,0.0067878845656929275,0.07286883107935868,0.013952627488231225,0.0,0.0,0.013880927795735758,0.0,0.0671423362983295,0.10156280438919697,0.0,0.012527144119056166,covid_serum_raman::Healthy::137,Healthy,covid_serum_raman,raman,serum,0.19730538592071897,0.31042530475902175,0.08539597519841485,0.16392418667091224,0.10501254308620367,0.013880927795735758,0.0067878845656929275,0.049981896896702696,0.012690114719846955,0.040643152898519,0.013952627488231225,0.0,0.18253580647362921
0.00636864889947453,0.25317621353933883,0.09841481271275065,0.03852622409982237,0.0,0.06601732246050408,0.05756625581459499,0.006775916473728932,0.0,0.061226204565041395,0.058301965357604804,0.06818700213325074,0.0847848756140383,0.0004974240946217606,0.060846116020461256,0.0,0.0,0.0,0.0,0.0,0.04909216781796964,0.09021885039679778,0.0,0.0,covid_serum_raman::Healthy::138,Healthy,covid_serum_raman,raman,serum,0.25317621353933883,0.2823978591864105,0.060846116020461256,0.15598106852734564,0.12941320669829215,0.0,0.0004974240946217606,0.06601732246050408,0.006775916473728932,0.03852622409982237,0.0,0.00636864889947453,0.1683583406274336
0.006907205266551714,0.2507571316349197,0.09676938126340032,0.03906068908351087,0.0,0.06724025291360888,0.05782347703167696,0.008686884454571688,0.0,0.0649537953024494,0.057755758382915086,0.06678047796354131,0.08322049202357262,0.0007205870094303994,0.06473728194875733,0.0,0.0,0.0,0.0,0.0,0.04371061455785937,0.09087597116323427,0.0,0.0,covid_serum_raman::Healthy::139,Healthy,covid_serum_raman,raman,serum,0.2507571316349197,0.27556283612758137,0.06473728194875733,0.15459285829507727,0.1317342732659907,0.0,0.0007205870094303994,0.06724025291360888,0.008686884454571688,0.03906068908351087,0.0,0.006907205266551714,0.16980121932036063
0.008836019274365581,0.2503268024413806,0.09688983183655385,0.03657528704107959,0.0,0.06295156073888182,0.06292381003699701,0.01607450964170311,0.0,0.06894208438768593,0.05226466399307354,0.065266728727628,0.07890084088157509,0.0018731395819855277,0.07391675912371821,0.0,0.0,0.0,0.0,0.0,0.03981267541770357,0.08444528687566864,0.0,0.0,covid_serum_raman::Healthy::140,Healthy,covid_serum_raman,raman,serum,0.2503268024413806,0.25542346716802083,0.07391675912371821,0.15981364187355085,0.1342088131153139,0.0,0.0018731395819855277,0.06295156073888182,0.01607450964170311,0.03657528704107959,0.0,0.008836019274365581,0.1617369675360596
0.008790200730744458,0.2292744312155863,0.09681739752246865,0.038989303017502724,0.0,0.05309007990266896,0.07159118600961688,0.018143656784572124,0.0,0.06857807512005207,0.04594913096993332,0.057202409343091606,0.0833246114698933,0.002947934578160892,0.07565781412012795,0.010688043083598364,0.0,0.0,0.0,0.0,0.0567455563157031,0.08221016981627935,0.0,0.0,covid_serum_raman::Healthy::141,Healthy,covid_serum_raman,raman,serum,0.2292744312155863,0.26822946857180907,0.07565781412012795,0.16840858353208554,0.12578048446314366,0.0,0.002947934578160892,0.05309007990266896,0.018143656784572124,0.038989303017502724,0.010688043083598364,0.008790200730744458,0.1604087264192755
0.00793743038634453,0.22641977625887966,0.09458830191448274,0.03861869633264159,0.0,0.05497539261231969,0.07159996573659083,0.01722954840155757,0.0,0.07154627526785726,0.04572723728665546,0.05653433151186758,0.08405452581863465,0.004812558922481343,0.077440075912503,0.00913367791183589,0.0,0.0,0.0,0.0032489798037091695,0.05508847859927977,0.08104474732235924,0.0,0.0,covid_serum_raman::Healthy::142,Healthy,covid_serum_raman,raman,serum,0.22641977625887966,0.2659149890269291,0.077440075912503,0.16618826765107358,0.12808060677972483,0.0,0.004812558922481343,0.05822437241602886,0.01722954840155757,0.03861869633264159,0.00913367791183589,0.00793743038634453,0.15972881261708805
0.00851442309072997,0.23170245856584423,0.0942665016538999,0.03826946541219581,0.0,0.054473175608711226,0.07058192320211093,0.017757210353767,0.0,0.07179963618329914,0.04755283822084195,0.056832438599862506,0.08463482789559319,0.0041342879932366305,0.0781419859331625,0.007321876396172569,0.0,0.0,0.0,0.0005962988361274699,0.052373176474982346,0.08104747557946265,0.0,0.0,covid_serum_raman::Healthy::143,Healthy,covid_serum_raman,raman,serum,0.23170245856584423,0.26560831817088015,0.0781419859331625,0.1648484248560108,0.12863207478316163,0.0,0.0041342879932366305,0.055069474444838694,0.017757210353767,0.03826946541219581,0.007321876396172569,0.00851442309072997,0.1598218824834049
0.01003159861229286,0.23397246477264036,0.10125336718199526,0.03822140654967149,0.0,0.05817767166849034,0.07143542914124025,0.018206701334055535,0.0,0.06887741512933027,0.04681174802815735,0.06233588576592986,0.08332580630670908,0.002285825436933404,0.07624657864355641,0.0022601091477197854,0.0,0.0,0.0,0.0,0.047849085025059634,0.07870890725621811,0.0,0.0,covid_serum_raman::Healthy::144,Healthy,covid_serum_raman,raman,serum,0.23397246477264036,0.2566955466161442,0.07624657864355641,0.17268879632323553,0.13121330089526012,0.0,0.002285825436933404,0.05817767166849034,0.018206701334055535,0.03822140654967149,0.0022601091477197854,0.01003159861229286,0.16218781105232538
0.009957327137602058,0.23496171554132486,0.1003479833111639,0.03758621210949407,0.0,0.05858355741659835,0.07028513935558275,0.015556166182964803,0.0,0.0689551491105603,0.0494317092394081,0.06354360565308088,0.08222030686755831,0.0013240437410983418,0.07531509371656316,0.0009531898987867839,0.0,0.0,0.0,0.0,0.045583402452585055,0.08539539826562824,0.0,0.0,covid_serum_raman::Healthy::145,Healthy,covid_serum_raman,raman,serum,0.23496171554132486,0.2626308168251797,0.07531509371656316,0.17063312266674666,0.1324987547636412,0.0,0.0013240437410983418,0.05858355741659835,0.015556166182964803,0.03758621210949407,0.0009531898987867839,0.009957327137602058,0.16561108301082983
0.0053126683191072055,0.2468840235935113,0.09830002188130747,0.03790382933065269,0.0,0.07009682529481713,0.05822896382644993,0.005551417756231849,0.0,0.06288943073367508,0.055832785578034574,0.06983542352821294,0.08927042323798627,0.0021761445566365074,0.05861774975036118,0.0,0.0,0.0,0.0,0.0,0.046109195074542406,0.09172561094292236,0.0,0.0012654865955511179,covid_serum_raman::Healthy::146,Healthy,covid_serum_raman,raman,serum,0.2468840235935113,0.28293801483348563,0.0598832363459123,0.15652898570775742,0.13272485426188801,0.0,0.0021761445566365074,0.07009682529481713,0.005551417756231849,0.03790382933065269,0.0,0.0053126683191072055,0.17426053582219014
0.008827613310228327,0.22677037551645307,0.0941943843935248,0.038669659469716254,0.0,0.04957403585896491,0.07415177233808665,0.021420807628222516,0.0,0.06782662523152298,0.04534786121506791,0.0559290720327988,0.08678321108009072,0.0020666922193348777,0.08265084499598255,0.007705725339111324,0.0,0.0,0.0,0.0,0.05699307685446561,0.07981045673338727,0.0,0.001277785783041364,covid_serum_raman::Healthy::147,Healthy,covid_serum_raman,raman,serum,0.22677037551645307,0.26893460588301155,0.0839286307790239,0.16834615673161146,0.12375569726432178,0.0,0.0020666922193348777,0.04957403585896491,0.021420807628222516,0.038669659469716254,0.007705725339111324,0.008827613310228327,0.16061269095002084
0.010119843058998134,0.22631000359992834,0.0943345273294678,0.03952475337058252,0.0,0.05049102451444876,0.07328937594333143,0.022427620699882075,0.0,0.0713497304141789,0.04487403306003824,0.05734442027305181,0.09066858478616795,0.0010842459256576466,0.07987661860491173,0.006233530660066874,0.0,0.0,0.0,0.0,0.05622025585645041,0.07585143190283748,0.0,0.0,covid_serum_raman::Healthy::148,Healthy,covid_serum_raman,raman,serum,0.22631000359992834,0.2676143056054941,0.07987661860491173,0.16762390327279925,0.12869415068723072,0.0,0.0010842459256576466,0.05049102451444876,0.022427620699882075,0.03952475337058252,0.006233530660066874,0.010119843058998134,0.16205609043917701
0.009828771158211125,0.23344811941690322,0.09752743438106501,0.03911447156932338,0.0,0.05292193440735054,0.07055459924460321,0.01993753830204867,0.0,0.06571408956038391,0.045607154735805906,0.05921694211656914,0.08897100922675243,0.00012868436259105034,0.0782137041064851,0.006620172252801171,0.0,0.0,0.0,0.0,0.05303515666658303,0.07901851904059919,0.0,0.0001416994519238269,covid_serum_raman::Healthy::149,Healthy,covid_serum_raman,raman,serum,0.23344811941690322,0.2666318396697406,0.07835540355840892,0.1680820336256682,0.12493103167695305,0.0,0.00012868436259105034,0.05292193440735054,0.01993753830204867,0.03911447156932338,0.006620172252801171,0.009828771158211125,0.16113319043115015
0.0031300947084140353,0.25165225914661427,0.08048488418051244,0.03959834534221263,0.0,0.09768352054945514,0.023734106505680978,0.0,0.0,0.04684064504700585,0.0803562107191079,0.0870510791890468,0.09309573794992743,0.0,0.011087228857436507,0.0,0.0,0.008860373125314812,0.01548481653269647,0.0,0.0463091528998424,0.09387766324613091,0.0,0.020753882000601298,covid_serum_raman::Tube::000,Tube,covid_serum_raman,raman,tube_blank,0.25165225914661427,0.31363876481500863,0.031841110858037806,0.10421899068619342,0.13389172423605264,0.01548481653269647,0.008860373125314812,0.09768352054945514,0.0,0.03959834534221263,0.0,0.0031300947084140353,0.18750598615957847
0.003169104243774097,0.2521396816253237,0.0775931999637309,0.03906236341061068,0.0,0.09941815643699203,0.021343277186451327,0.0,0.0,0.05041243369679349,0.07545057087003672,0.08195779846350675,0.09169478840785063,0.0024250046778159316,0.013555455205967714,0.0,0.0,0.007977384120879696,0.013833464915708997,0.0,0.044283038776900895,0.10093970806848468,0.0,0.02474456992917186,covid_serum_raman::Tube::001,Tube,covid_serum_raman,raman,tube_blank,0.2521396816253237,0.3123681061232729,0.038300025135139575,0.09893647715018222,0.13237023216030025,0.013833464915708997,0.010402388798695627,0.09941815643699203,0.0,0.03906236341061068,0.0,0.003169104243774097,0.18478316147593765
0.003192214551870486,0.2510804470995895,0.07748479936194316,0.03952005191533762,0.0,0.09893328073789018,0.024337826292376623,0.0,0.0,0.050008054872610196,0.07673578777596668,0.078301916093908,0.09187063799278376,0.0018874061630697596,0.01281898519738062,0.0,0.0,0.004563647513764069,0.018013751644834684,0.0,0.04422973456711212,0.09990124282807164,0.0,0.027120215391490846,covid_serum_raman::Tube::002,Tube,covid_serum_raman,raman,tube_blank,0.2510804470995895,0.3127374031639342,0.03993920058887147,0.10182262565431979,0.1283099709665182,0.018013751644834684,0.0064510536768338286,0.09893328073789018,0.0,0.03952005191533762,0.0,0.003192214551870486,0.18389554668897
0.004339979415894443,0.24782951606452225,0.07863397497182714,0.03875715053721051,0.0,0.10029199625555424,0.02487684209788901,0.0,0.0,0.04506490987390462,0.0724291214404754,0.07956935520921861,0.08912501210501586,0.0,0.016138912470098198,0.0,0.0,0.014041249818313045,0.020004031864211798,0.0,0.04256532244192902,0.10295714381275044,0.0,0.023375481621185513,covid_serum_raman::Tube::003,Tube,covid_serum_raman,raman,tube_blank,0.24782951606452225,0.3070765998001707,0.03951439409128371,0.10351081706971615,0.12463426508312322,0.020004031864211798,0.014041249818313045,0.10029199625555424,0.0,0.03875715053721051,0.0,0.004339979415894443,0.18663787157896594
0.0032055508729128116,0.24370963934578885,0.07810656651493333,0.040284859445176575,0.0,0.100395390500449,0.026027659536983692,0.0,0.0,0.048223174289297545,0.07001195738265754,0.07471427270700931,0.09078697019578288,0.0,0.0150397494822582,0.0,0.0,0.008756031699406294,0.018242655161446943,0.0,0.04584412862889158,0.10655388311679524,0.0,0.030097511120210224,covid_serum_raman::Tube::004,Tube,covid_serum_raman,raman,tube_blank,0.24370963934578885,0.3131969393241273,0.04513726060246842,0.10413422605191702,0.12293744699630685,0.018242655161446943,0.008756031699406294,0.100395390500449,0.0,0.040284859445176575,0.0,0.0032055508729128116,0.18977086309953228
0.0037519611976251028,0.24166605166842464,0.086984355368722,0.040443030399667304,0.0,0.09354716354387685,0.0237324580778376,0.0,0.0,0.041711706722986866,0.0813493172855434,0.09214076468870017,0.09034050975511013,0.0,0.011842533771696442,0.0,0.0,0.005566396832655251,0.010789260157906213,0.002544000085768989,0.052827441061073954,0.09951647884993932,0.0,0.021246570532465786,covid_serum_raman::Tube::005,Tube,covid_serum_raman,raman,tube_blank,0.24166605166842464,0.3240337469516668,0.03308910430416223,0.11071681344655959,0.13385247141168705,0.010789260157906213,0.005566396832655251,0.09609116362964584,0.0,0.040443030399667304,0.0,0.0037519611976251028,0.19625257584198796
0.002740239489797974,0.24260265163990316,0.08682346549813325,0.04047634949067766,0.0,0.09455265708866732,0.023107799580297565,0.0,0.0,0.04512644819392664,0.08054869764084228,0.08683693707876522,0.09319692263363911,0.0,0.016326491923794678,0.0,0.0,0.00536601234949507,0.01324782552352101,0.0,0.052077944369185836,0.09273607794897731,0.0,0.02423347955037578,covid_serum_raman::Tube::006,Tube,covid_serum_raman,raman,tube_blank,0.24260265163990316,0.3185596425926446,0.04055997147417045,0.10993126507843082,0.13196338527269186,0.01324782552352101,0.00536601234949507,0.09455265708866732,0.0,0.04047634949067766,0.0,0.002740239489797974,0.19342124182792053
0.0018860162090692742,0.2466627497188121,0.08113968800865286,0.0385779953619789,0.0,0.0965585989276896,0.023516516711780212,0.0,0.0,0.04900242103180613,0.07788328247625147,0.08424781296600184,0.0951936964038692,0.0005499247319270488,0.011627840291191823,0.0,0.0,0.0040169362001510785,0.014581275019118798,0.0,0.0477140396163634,0.0999568222997217,0.0,0.02688438402561461,covid_serum_raman::Tube::007,Tube,covid_serum_raman,raman,tube_blank,0.2466627497188121,0.3207478407962058,0.03851222431680643,0.10465620472043308,0.13325023399780797,0.014581275019118798,0.004566860932078127,0.0965585989276896,0.0,0.0385779953619789,0.0,0.0018860162090692742,0.19124633406643576
0.002024059738961399,0.25053608558085844,0.07824629723357762,0.03739771977728135,0.0,0.09908903423642201,0.022923053833426098,0.0,0.0,0.05097416857178639,0.07588889895662622,0.08096820349967275,0.09370705912446967,0.0010236036686564704,0.011380571149842755,0.0,0.0,0.006766225003488022,0.01877002513987193,0.0,0.04361462460491442,0.09924037695026391,0.0,0.027449992929880658,covid_serum_raman::Tube::008,Tube,covid_serum_raman,raman,tube_blank,0.25053608558085844,0.31245095963627423,0.03883056407972341,0.10116935106700373,0.13194237207145915,0.01877002513987193,0.007789828672144492,0.09908903423642201,0.0,0.03739771977728135,0.0,0.002024059738961399,0.18627302241453658
0.023506948815372943,0.23012066991532007,0.07379420239250678,0.028810192470983282,0.0,0.09363234093388409,0.02086727936609311,0.0,0.0,0.04082051717759897,0.07942935169046533,0.07202615896088552,0.09768554220476695,0.0,0.006529780662913474,0.0,0.0,0.0007800490728133995,0.0008577969627800201,0.043495386821468585,0.06470900916682243,0.09774202126215867,0.0,0.025192752123166514,covid_serum_raman::Tube::009,Tube,covid_serum_raman,raman,tube_blank,0.23012066991532007,0.3395659243242134,0.03172253278607999,0.0946614817585999,0.11284667613848448,0.0008577969627800201,0.0007800490728133995,0.13712772775535267,0.0,0.028810192470983282,0.0,0.023506948815372943,0.18740250566781158
0.0027500902580666303,0.2406810960536452,0.08114625699340466,0.03924815618797692,0.0,0.09575452433135612,0.022675926823026195,0.0,0.0,0.0459401315426482,0.07638179578059427,0.08673483769754921,0.09204948394511246,0.0,0.013418239697193683,0.0,0.0,0.008731132104795538,0.020692659346107835,0.0,0.047552226045509245,0.10079068799229107,0.0,0.025452755200722838,covid_serum_raman::Tube::010,Tube,covid_serum_raman,raman,tube_blank,0.2406810960536452,0.316774193763507,0.038870994897916525,0.10382218381643085,0.1326749692401974,0.020692659346107835,0.008731132104795538,0.09575452433135612,0.0,0.03924815618797692,0.0,0.0027500902580666303,0.19391069453051557
0.0032950900560110167,0.24647709383374347,0.07837995028542323,0.038718029273902825,0.0,0.09714024323331936,0.02166144572270788,0.0,0.0,0.04557890202740746,0.07752282590435096,0.0864915224358417,0.09087523304033365,0.003079082381227719,0.013886801701118522,0.0,0.0,0.010581435584938615,0.015145475486492904,0.0,0.04630401458857114,0.10322483641386641,0.0,0.021638018030743097,covid_serum_raman::Tube::011,Tube,covid_serum_raman,raman,tube_blank,0.24647709383374347,0.3179269099471222,0.03552481973186162,0.10004139600813111,0.13207042446324915,0.015145475486492904,0.013660517966166335,0.09714024323331936,0.0,0.038718029273902825,0.0,0.0032950900560110167,0.1894594914350698
