analyte,modality,position,index,prominence,width_cm,rel_intensity,height,snr
acetoacetate,sers,808.0,144,5.728605568441919,25.507105511841814,1.0,4.231686538705854,5728605568.441919
acetoacetate,sers,726.0,103,3.821477434953213,14.988048860754617,0.8241125821070087,3.20677374670381,212.18582683463558
acetoacetate,sers,1468.0,474,3.772329108700026,56.663681509202775,0.6726132805656332,2.323972839230155,3772329108.7000256
acetoacetate,sers,1320.0,400,2.9771974411232565,61.9610531127928,0.5135016778120166,1.396814325155298,2977197441.123256
acetoacetate,sers,1210.0,345,2.723222164464738,17.67192431708031,0.4984185236181383,1.3089233443095267,2723222164.464738
acetoacetate,sers,1722.0,601,2.1796219680553612,9.48558275929031,0.4613062428664045,1.0926665378905218,34.16937186173783
acetoacetate,sers,1636.0,558,2.0629074984846394,73.42912977571041,0.3880393685137563,0.6657334595976719,72.21530540977624
acetoacetate,sers,1120.0,300,1.8844117446988742,27.356414578180534,0.4182654430934214,0.8418636846007704,1884411744.698874
acetoacetate,sers,1188.0,334,1.8312175720439394,15.353403149357064,0.480904778444525,1.2068690775556588,1831217572.0439394
acetoacetate,sers,596.0,38,1.7539353925843209,15.991660724622648,0.37223817118578234,0.5736583727927599,1753935392.5843208
acetoacetate,sers,1258.0,369,1.7359703753244096,10.400095132422393,0.35074992017437423,0.44844428071516723,1735970375.3244095
acetoacetate,sers,528.0,4,1.729934589390007,13.639941098102277,0.5706691398451738,1.729934589390007,1729934589.390007
acetoacetate,sers,1680.0,580,1.712374095154538,15.331084882014693,0.35862763798013203,0.49434849517020885,26.84444737724175
acetoacetate,sers,954.0,217,1.6399122439392113,10.851147918347351,0.3869844843225192,0.6595865486097731,1639912243.9392111
acetoacetate,sers,620.0,50,1.6093552055128022,7.173937896455712,0.3081146880966473,0.20000470914204102,1609355205.5128021
acetoacetate,sers,1392.0,436,1.5104000298633882,17.429591207986732,0.2987109422607761,0.14520818352709308,1510400029.863388
acetoacetate,sers,1044.0,262,1.3108308417860974,28.661335069024346,0.35347882832637045,0.4643458892934521,71.60284384589426
acetoacetate,sers,1438.0,459,1.2891775666053946,8.663120381822978,0.6598586140053652,2.249650178337535,1289177566.6053946
acetoacetate,sers,876.0,178,1.2872383979787951,12.22858367739633,0.37475496535336245,0.5883239729140737,1287238397.978795
acetoacetate,sers,1344.0,412,1.1497884482423006,7.925934217376835,0.47885898900401475,1.194948066988562,34.617851436869465
acetoacetate,sers,978.0,229,1.1091946168323714,9.800384730299811,0.2738693202801186,0.00045367836092470305,94.98101342854858
acetoacetate,sers,1070.0,275,1.0803415431409484,11.794259869138273,0.3420955541517718,0.39801446288345926,88.79412581261053
acetoacetate,sers,1004.0,242,1.0235661377733494,10.702527585510495,0.28667721851906935,0.07508652533209029,1023566137.7733493
acetoacetate,sers,1520.0,500,0.9393650971108765,13.388993863444512,0.3311134740134593,0.334020832461322,27.90566263576864
acetoacetate,sers,678.0,79,0.8954439583118586,15.305521535338556,0.22718307143227,-0.27159155505003973,29.213282353235794
acetoacetate,sers,930.0,205,0.8934272911270967,17.679672587478024,0.2696518863963939,-0.024121711900828367,893427291.1270967
acetoacetate,sers,1370.0,425,0.8210118639850172,7.3071320046292385,0.3788028148767993,0.6119111789028147,821011863.9850172
acetoacetate,sers,1284.0,382,0.818517624222062,7.88017569154249,0.31495332198822,0.23985408233345246,818517624.2220619
acetoacetate,sers,562.0,21,0.7765731958540718,12.463356742617599,0.37844319284473416,0.6098156269562081,776573195.8540717
acetoacetate,sers,1238.0,359,0.6568641612338925,8.031573671419665,0.23395102643656043,-0.23215403448895203,656864161.2338924
acetoacetate,sers,856.0,168,0.6360974278685021,10.389133100039203,0.3525347769500408,0.4588448117092896,636097427.868502
acetoacetate,sers,652.0,66,0.6000257317094158,7.440618715817038,0.17866527558385087,-0.5543093878573968,9.702803542802268
acetoacetate,sers,1142.0,311,0.5831715246913122,10.496605199569217,0.2277148250675055,-0.26849297580272824,10.858258483087239
acetyl-coa,sers,808.0,144,4.600420072914941,30.60000292248742,1.0,2.932035312977307,4600420072.914941
acetyl-coa,sers,1340.0,410,3.977756534405634,39.717494412576684,0.9352292516876436,2.621982901417062,126.0675524747405
acetyl-coa,sers,1050.0,265,3.587155368912418,23.447110095897642,0.8866649990838223,2.38950969356062,3587155368.912418
acetyl-coa,sers,1610.0,545,3.076968580932613,13.581621243560676,0.7503381296788109,1.7369238315655848,47.40074724965836
acetyl-coa,sers,1452.0,466,2.9063552519743587,26.265972647712033,0.7881586096860738,1.9179674560126547,39.00077903079404
acetyl-coa,sers,872.0,176,2.636623394093042,35.26224239457713,0.7068823927995035,1.5289046814612717,168.42381731956533
acetyl-coa,sers,1192.0,336,2.2489118069264533,14.444362773977218,0.580181557438149,0.9223978774787189,19.970812608144392
acetyl-coa,sers,1678.0,579,2.0977659866518974,8.789997706479426,0.5493467326100414,0.7747940277920129,52.572150701762055
acetyl-coa,sers,704.0,92,1.976370687496226,9.471239496211524,0.5297856613641082,0.681156738266575,1976370687.4962258
acetyl-coa,sers,1640.0,560,1.9643141159825115,11.6610283074167,0.5451968618420793,0.7549289270668359,18.975327404924016
acetyl-coa,sers,1698.0,589,1.8478719676092306,9.319584513597647,0.5217896666865067,0.6428805488259745,46.3541717672663
acetyl-coa,sers,972.0,226,1.8060523811330846,18.450271737855587,0.5384235253194823,0.7225055047989226,233.86294604682226
acetyl-coa,sers,938.0,209,1.7744078795378704,9.042153855831998,0.5332688800342498,0.6978306285150075,51.716963706132624
acetyl-coa,sers,524.0,2,1.7232893273731364,7.017657789710243,0.7474898465934807,1.7232893273731364,45.052547078612335
acetyl-coa,sers,1022.0,251,1.705538445548712,11.28173616727031,0.6234831560549956,1.1296791800016022,1705538445.5487118
acetyl-coa,sers,686.0,83,1.6963932888410382,14.551131872523712,0.48254606882666423,0.4550245726055568,1696393288.8410382
acetyl-coa,sers,1114.0,297,1.6857542183743381,11.818155386712533,0.6518420756314411,1.265431068516415,28.201502771733505
acetyl-coa,sers,654.0,67,1.6616926911129724,15.50560629635892,0.45312730401462603,0.31419928939115777,1661692691.1129723
acetyl-coa,sers,1270.0,375,1.659466710505604,8.163239250388074,0.6008978526143112,1.021565131915666,19.147893260911506
acetyl-coa,sers,570.0,25,1.6118201289042404,16.554771918118405,0.48950397672027823,0.48833152332080026,32.476738885410654
acetyl-coa,sers,924.0,202,1.5626939749637958,6.632382380453805,0.523094755774884,0.6491279063090303,45.54634169458438
acetyl-coa,sers,728.0,104,1.5373219135128782,14.145781399142123,0.527580292960432,0.6705998154309597,1537321913.5128782
acetyl-coa,sers,1478.0,479,1.4897825476998428,6.000466974365622,0.7145760347436337,1.5657335324567074,16.03382681281827
acetyl-coa,sers,988.0,234,1.4344868263927022,7.806929606278459,0.4702658958062811,0.39624036278007746,1434486826.392702
acetyl-coa,sers,1434.0,457,1.3482906581215155,7.453258901867798,0.6819603212565083,1.4096047106516323,32.72836474008756
acetyl-coa,sers,1722.0,601,1.2469845548894334,6.666445689783586,0.42633126032718116,0.18592876323481486,20.035721435622094
acetyl-coa,sers,622.0,51,1.1735040283417626,8.008530660709951,0.38304202743199955,-0.02129334556369753,42.35293173122915
acetyl-coa,sers,1552.0,516,1.155009285969544,7.435385954594949,0.39909223487016704,0.05553771864212829,12.28557672383159
acetyl-coa,sers,1316.0,398,1.0857417574511519,5.882518898237663,0.7759424341632266,1.8594895971088783,411.2797491026946
acetyl-coa,sers,1162.0,321,1.078165315958528,11.257482660600203,0.3771001006238056,-0.0497368757713537,18.036960438819698
acetyl-coa,sers,1664.0,572,1.0435942629255244,6.855011699188708,0.4351076304250066,0.2279405476355965,26.178733465809724
acetyl-coa,sers,1086.0,283,0.9725272822757239,18.957394797522966,0.5754598809983098,0.8997955885608976,972527282.2757239
acetyl-coa,sers,1466.0,473,0.9382008131444453,6.140040201977854,0.7374964798927589,1.675451877198525,12.589845159190684
acetyl-coa,sers,756.0,118,0.9162392755753637,7.719013596412424,0.4056432134489263,0.08689673114926552,916239275.5753636
acetyl-coa,sers,908.0,194,0.9073690389309352,9.213988353729462,0.46672958468203485,0.37931232318398866,26.446214647491985
acetyl-coa,sers,1522.0,501,0.868388790422608,7.569175806515773,0.43475127801872704,0.22623471705912354,11.65302806843155
acetyl-coa,sers,842.0,161,0.8131131419933387,6.8840031792386185,0.41283940589908136,0.12134433105134301,813113141.9933387
acetyl-coa,sers,1254.0,367,0.7961565720127486,4.422761250000917,0.4904624095797871,0.4929194650561068,9.18651815270737
acetyl-coa,sers,1208.0,344,0.7726168394378062,5.653664024809586,0.3574849495936876,-0.14363304091487572,6.2719936679593395
acetyl-coa,sers,1378.0,429,0.7472194081696424,3.6254455918924577,0.36817611277930457,-0.09245529456402349,747219408.1696423
acetyl-coa,sers,1578.0,529,0.7270783698337416,5.741807552476303,0.47320778304089967,0.4103229425772568,8.885856475674899
acetyl-coa,sers,1508.0,494,0.6526661550400112,4.013299402775715,0.4218180892641186,0.16432457294295272,7.024337956339078
acetyl-coa,sers,552.0,16,0.6192486457286532,5.5877635294533405,0.471849703465826,0.4038219238564037,11.414493097567025
acetyl-coa,sers,860.0,170,0.6018099144033854,4.86145405756082,0.6366921428988305,1.19290954759668,117.01135669586753
acetyl-coa,sers,1732.0,606,0.599574254657748,4.801496644621693,0.35757502914563016,-0.14320183727681732,13.728076225838313
acetyl-coa,sers,1000.0,240,0.5881485093932377,5.893485004548893,0.4409635549532004,0.2559723917811259,588148509.3932377
acetyl-coa,sers,1622.0,551,0.58765791289878,4.111266548105277,0.5345874195074924,0.7041423719187538,8.754534152311432
acetyl-coa,sers,1176.0,328,0.5651720157052758,3.768990873185885,0.42633993000366355,0.1859702642853796,8.084342687369338
acetyl-coa,sers,1070.0,275,0.5136107459961251,7.568177586909314,0.5301794185562363,0.6830416225726782,513610745.9961251
acetyl-coa,sers,1302.0,391,0.5043679097278307,4.606179443391056,0.36813852787268353,-0.09263521051744025,9.821701064905664
acetyl-coa,sers,1410.0,445,0.48196591167717845,7.906202758844302,0.4232625018623716,0.1712388609671796,12.801019027396752
adenine,sers,804.0,142,5.651452480764535,24.877323021127836,1.0,4.208210775525148,5651452480.764534
adenine,sers,1338.0,409,3.4063249172620136,42.63464378528772,0.6311844551215818,2.063865792168255,3406324917.2620134
adenine,sers,1444.0,462,2.6635050308586234,49.92466397598207,0.5253565182452761,1.4485674168936293,2663505030.8586235
adenine,sers,874.0,177,2.438239078002813,31.313775968527864,0.48580006696291766,1.218580695768063,2438239078.002813
adenine,sers,732.0,106,2.357687712061436,17.572643805937787,0.46254302912940887,1.0833610362429569,2357687712.0614357
adenine,sers,1602.0,541,2.3277896181478495,81.20797254490708,0.43638128790598224,0.9312530263519163,2327789618.147849
adenine,sers,1104.0,292,2.2917354234956493,26.965489035844257,0.4651684766248969,1.0986257539160493,31.68581233057645
adenine,sers,956.0,218,1.9936479629805013,43.002336402339836,0.44033376619205417,0.9542332860027377,134.6137556240651
adenine,sers,656.0,68,1.8642879116755098,45.34494578535187,0.37145257245541763,0.5537484249715074,1864287911.6755097
adenine,sers,1188.0,334,1.7346942207098992,17.23393992977094,0.4321186358871762,0.9064693733870278,37.09603818351281
adenine,sers,1516.0,498,1.7200752089196965,11.460794524754988,0.40563102134098816,0.7524666905772964,1720075208.9196963
adenine,sers,1668.0,574,1.1774655311890427,12.782757821825726,0.3381258265550937,0.359982079232127,76.45039945812584
adenine,sers,1162.0,321,1.1288628484972036,10.708328271814253,0.27173312964213603,-0.0260343144200659,29.403655290677676
adenine,sers,1040.0,260,1.109496988461857,19.936556574059978,0.45378483938225433,1.0324397003383396,46.25901721721549
adenine,sers,1204.0,342,1.0484155182212225,16.24963469586976,0.41144475071527964,0.7862685234758151,22.420125479063287
adenine,sers,678.0,79,0.9480701602410083,10.586508689045246,0.3480971317977304,0.41795663771126323,948070160.2410083
adenine,sers,1706.0,593,0.8573085819551947,7.336335408137984,0.23002394911829283,-0.26853730340257803,857308581.9551946
adenine,sers,1484.0,482,0.8125734660640561,14.163664131504902,0.41502852239624827,0.8071050715343165,812573466.064056
adenine,sers,1636.0,558,0.7659275768032652,7.615478615826532,0.3999093916571337,0.7192003381158136,15.061034490212888
adenine,sers,1582.0,531,0.7530460432401694,5.775022164600841,0.38662333184310693,0.6419533345488142,753046043.2401694
adenine,sers,1558.0,519,0.7447557091541263,5.592087810134672,0.24095309066643208,-0.20499375114022525,744755709.1541262
adenine,sers,1388.0,434,0.7426299366295832,16.408506281951304,0.21390523226009014,-0.3622537698395643,742629936.6295831
adenine,sers,552.0,16,0.707518885110866,6.502616455931424,0.29723985616641746,0.12226534871433273,195.50103351430312
adenine,sers,1226.0,353,0.6266775322644083,9.54517582342362,0.3252978055293616,0.28539817702162396,17.24285248986813
adenine,sers,1536.0,508,0.604204933595403,5.581572165389844,0.2397313316036792,-0.21209722861959407,604204933.595403
adenine,sers,576.0,28,0.5999829550894138,6.323095797906369,0.26834991262920704,-0.045704809685317205,599982955.0894138
alanine,sers,808.0,144,4.04807557656522,36.36174523605035,0.9864673294542364,2.273390927606274,4048075576.56522
alanine,sers,1340.0,410,3.5457408513547115,20.10926532687506,1.0,2.330990485104505,27.515494592434347
alanine,sers,1050.0,265,3.4398573838782243,22.882955359024095,0.864551136889163,1.7544749664240427,3439857383.878224
alanine,sers,1610.0,545,2.8120322003469598,30.991877057079364,0.8409079132712627,1.6538415242946836,33.23294520845374
alanine,sers,1474.0,477,2.6765931696493848,21.829343326437424,0.8232887515829219,1.5788484980988362,51.0978785633105
alanine,sers,866.0,173,2.229031806992982,20.59221491003126,0.7617785739326245,1.3170406751481878,2229031806.992982
alanine,sers,670.0,75,1.9870449786427877,10.27964107525679,0.6343194115553956,0.7745319864753613,35.362263541144976
alanine,sers,1536.0,508,1.8788841121383273,8.146932034521228,0.6382682062896953,0.7913393733527585,28.55163811857404
alanine,sers,1400.0,440,1.8529968766609877,9.371599217572339,0.6597796731336605,0.8828993479461069,28.235365898776493
alanine,sers,1158.0,319,1.7436577126698354,25.530272027762862,0.6527700175327081,0.8530639167601871,133.6623275953804
alanine,sers,694.0,87,1.7253348872793182,29.25036910919337,0.6013425499928364,0.6341714695130636,60.662386993479515
alanine,sers,1316.0,398,1.7073337270379412,7.810976339864851,0.8533594129865523,1.7068392582869993,10.987062740808836
alanine,sers,954.0,217,1.658185457760621,18.806453784173925,0.5898961277487516,0.5854516803208556,285.58909280605815
alanine,sers,1714.0,597,1.5647824928260867,8.779797754508081,0.667221080796554,0.914572459849418,9.159773389201199
alanine,sers,1262.0,371,1.5620179640443088,25.092910135058332,0.6555666054585216,0.8649671273265731,16.77608175495835
alanine,sers,644.0,62,1.5388635613589892,10.22195358209639,0.5652817353568937,0.4806846201116888,27.386244093885807
alanine,sers,534.0,7,1.5202706139873443,19.017143801805283,0.8095262290674827,1.5202706139873443,1520270613.9873443
alanine,sers,992.0,236,1.5192975109391753,12.745707257223785,0.5624836551107203,0.468775057732326,62.32439551024043
alanine,sers,568.0,24,1.4819282176301516,22.82383207736595,0.5535105301053089,0.4305824461601918,1481928217.6301515
alanine,sers,1098.0,289,1.3549483566984568,16.100290093671788,0.6613407861901522,0.8895439655738364,1354948356.6984568
alanine,sers,1514.0,497,1.3358078758811653,18.402901009848392,0.5895736737506718,0.5840792086021274,23.61675232894607
alanine,sers,1446.0,463,1.331545019275438,9.685710625977322,0.7431708418724041,1.23783996387026,33.78644970311832
alanine,sers,840.0,160,1.1934564256447182,16.371053550634258,0.5675136244071697,0.49018428399889435,1193456425.6447182
alanine,sers,1664.0,572,1.1305404698419659,8.315238927812516,0.5390842126652771,0.3691792295471205,8.330069121169068
alanine,sers,1580.0,530,1.1056016084561637,6.476308721318219,0.651354434389148,0.8470387229600955,16.80078980072283
alanine,sers,1632.0,556,1.0696069358433968,9.298302908648338,0.6290778711284905,0.7522222429418989,12.640747388696285
alanine,sers,1076.0,278,1.0072555735135111,7.062745663826945,0.6309300778616521,0.7601058523052224,1007255573.5135111
alanine,sers,1300.0,390,0.9423105141351913,4.359215938003217,0.6061544824698493,0.6546526583848397,6.29556843915016
alanine,sers,1702.0,591,0.9419509343299053,6.8783304323937955,0.4185069548881952,-0.144037778790105,5.016604457129734
alanine,sers,1426.0,453,0.9256727862234718,6.401009209650624,0.5736011705268101,0.5160949098103773,17.671686588815515
alanine,sers,936.0,208,0.8431969485112876,15.260739477277014,0.5451556743713559,0.3950213947321053,145.22371454601108
alanine,sers,1378.0,429,0.8428277543878027,5.894026028495318,0.5337461943722954,0.34645884405089195,12.802411315489856
alanine,sers,1028.0,254,0.8027095695751305,8.585726723538983,0.6390922617470909,0.7948468281111877,802709569.5751305
alanine,sers,1128.0,304,0.7843527234151846,12.891757562018256,0.39672381594840767,-0.23675408039600193,784352723.4151845
alanine,sers,744.0,112,0.7824412911006221,20.41548499363668,0.3831178959703451,-0.2946654118987174,81.3832424391975
alanine,sers,600.0,40,0.7578358579524227,8.237352414312952,0.4418836970765366,-0.04453857046716131,757835857.9524226
alanine,sers,1356.0,418,0.7063459951193016,5.289783820076877,0.6438673987405422,0.8151714031376835,7.462494982874199
alanine,sers,1652.0,566,0.6851845811160027,3.532264308459844,0.4863722906878518,0.1448197159896532,8.09759633587976
alanine,sers,1192.0,336,0.6682088896689302,7.296122430637411,0.5366624539187576,0.3588714169320662,35.707036871295195
alanine,sers,1174.0,327,0.6628424910133188,3.198968219153471,0.6421694163337061,0.807944223924032,27.711117972734215
alanine,sers,616.0,48,0.6069442043648998,7.611767445262743,0.41036407509885475,-0.1786965899272853,606944204.3648998
alanine,sers,1284.0,382,0.5933511759912724,9.726012210898716,0.47393088180663584,0.09186493195133612,4.821529621921409
alanine,sers,774.0,127,0.5623480933745286,7.170558054527021,0.5301030853314718,0.3309525573974468,562348093.3745286
alanine,sers,1674.0,577,0.5590881776358072,6.013137684944695,0.4127993950969424,-0.16833105610437285,4.1194838121856385
alanine,sers,1738.0,609,0.5475450622957131,4.494700938387041,0.47320607123605435,0.08877989651842928,3.212315086423487
alanine,sers,1602.0,541,0.5077736153933252,3.7984673345943065,0.8254243955707171,1.5879385109129938,6.000931545727946
alanine,sers,882.0,181,0.49376031567581957,5.435118419768173,0.5969332651690634,0.6154040832921301,493760315.6758195
alanine,sers,970.0,225,0.4363237616688404,6.376663470806307,0.46531577979217376,0.05519618558992552,13.193343565045929
alanine,sers,1012.0,246,0.4300586693252249,3.2153255885185104,0.3648387483189657,-0.37246755838590057,430058669.3252249
albumin,sers,1052.0,266,7.573131160479106,17.658700207771403,1.0,6.413163573309721,7573131160.479105
albumin,sers,1610.0,545,4.219052889431572,28.85993898131437,0.5973854545438807,3.1631238095650183,4219052889.431572
albumin,sers,1332.0,406,2.556348915971085,67.50221360167359,0.34707372634666256,1.1425235129438895,2556348915.971085
albumin,sers,856.0,168,2.414920972749109,50.475683635779944,0.36518888487484186,1.2887551536225017,2414920972.7491093
albumin,sers,1190.0,335,1.8681848943111654,43.85279597582803,0.33810061224734195,1.0700895237685317,1868184894.3111653
albumin,sers,1482.0,481,1.7494294525286131,97.675188025083,0.2741412716330832,0.5537882559548277,1749429452.528613
albumin,sers,664.0,72,1.6905196055690461,46.75738620192064,0.27812336555477396,0.5859330548313791,1263.3713812045141
albumin,sers,792.0,136,1.0072678367047947,21.07316545031034,0.2247178759831586,0.1548260154337665,1007267836.7047946
albumin,sers,946.0,213,0.8957362718149765,29.922518306851487,0.2803881436165789,0.6042151036048125,895736271.8149765
albumin,sers,1258.0,369,0.8569973637609388,18.517412953955272,0.2242383600380041,0.15095520175678875,856997363.7609388
albumin,sers,1110.0,295,0.8311286751894476,12.48643337379167,0.36801926377323624,1.3116029222142305,831128675.1894475
arginine,sers,1286.0,383,4.49566121270656,14.909060956429812,1.0,2.324442040402521,80.58932079912233
arginine,sers,1184.0,332,3.3194222741480703,12.060183648557313,0.9519004512245185,2.0884642698947005,184.1235625983004
arginine,sers,1466.0,473,3.2209738362190063,10.87909995704456,0.8884558529528193,1.7772032449565311,46.85833867269744
arginine,sers,1004.0,242,3.101731500054614,12.17736879667325,0.9395982732566462,2.0281094307505816,83.06427396555772
arginine,sers,1694.0,587,2.8953882873706998,13.8031601426228,0.9768588117210385,2.2109107047456953,54.853373673869946
arginine,sers,656.0,68,2.796682166982386,11.086282905241518,0.7885763398156153,1.2871914791592978,2796682166.9823856
arginine,sers,1354.0,417,2.7966369845661028,9.64010122157606,0.8525462662450279,1.6010297791571737,41.698376285490845
arginine,sers,774.0,127,2.62986366030734,26.39458084729887,0.7730013312280625,1.2107800388090642,2629863660.30734
arginine,sers,1258.0,369,2.5705729623967377,7.934279369759565,0.813334651153672,1.4086564670818293,81.25329368016355
arginine,sers,1650.0,565,2.3679446668439192,9.051867148382598,0.7813157324603363,1.2515707305275598,119.51289899805818
arginine,sers,1568.0,524,2.2465730554276555,8.973995500741239,0.8595785055178027,1.6355301474041375,23.50438314382313
arginine,sers,550.0,15,2.128691448032621,7.619743304443713,0.7177004292025898,0.9394722220152716,2128691448.032621
arginine,sers,1210.0,345,2.107035851278308,13.360862158580176,0.7180516637711064,0.9411953889162905,66.60133959353709
arginine,sers,1626.0,553,1.9849887703186095,6.20193016517419,0.7464066349850375,1.0803056936950246,40.09109724516775
arginine,sers,708.0,94,1.980867785717754,10.086419314107275,0.7274510928629285,0.9873092585388082,1980867785.717754
arginine,sers,738.0,109,1.8968905397075568,14.750085540993211,0.7284110722516448,0.9920189450462672,1896890539.7075567
arginine,sers,1164.0,322,1.8749484136564178,8.421702962837458,0.8281045292741619,1.4811179141904993,192.95828363879127
arginine,sers,986.0,233,1.778915178288692,17.722995667837324,0.8992317657753458,1.83007018337452,95.35932606898268
arginine,sers,1120.0,300,1.662518488001496,22.092169950921175,0.689399766648737,0.8006283570857832,27.613746531695227
arginine,sers,958.0,219,1.6284107594720627,7.808480413786469,0.7188876659474476,0.9452968396520033,43.60878994550872
arginine,sers,918.0,199,1.575746173392762,20.48694387573937,0.5749873165159076,0.23931758415718835,15.410329802457134
arginine,sers,1540.0,510,1.5626992497148775,4.517247878210242,0.8169273132319602,1.4262821706280255,8.656190047937157
arginine,sers,1748.0,614,1.5228251117276232,2.5565614568265573,0.8366057426634929,1.5228251117276232,19.573067853987766
arginine,sers,1424.0,452,1.4659975475854732,7.859725765723738,0.5985523884702867,0.3549285053241936,52.89458299788587
arginine,sers,1512.0,496,1.4185151573656007,10.91990824915888,0.7358492055135509,1.0285106408847815,8.44801205050283
arginine,sers,1612.0,546,1.4171484858565164,11.89783488706189,0.6610160809675264,0.6613771783042257,28.62234719252164
arginine,sers,620.0,50,1.3664847208940971,7.041617232682,0.5750685882586518,0.23971630566594068,1366484720.894097
arginine,sers,1150.0,315,1.3558344781436813,6.9453876182694785,0.6179277823983125,0.4499847455227897,139.53423565969237
arginine,sers,1442.0,461,1.3267370894335015,9.68620405877175,0.7206799644383266,0.9540899076272638,19.301211070774066
arginine,sers,1302.0,391,1.305714471252241,7.103055296571142,0.7002142025124096,0.8536842906522558,23.406266045668684
arginine,sers,1228.0,354,1.268099894097507,12.315869046063426,0.6043229796920744,0.3832391919251373,70.33967086687845
arginine,sers,1032.0,256,1.2519270288807418,10.81506798588481,0.7683738099745134,1.1880772863677211,142.73094878749635
arginine,sers,1680.0,580,1.2231123282195573,12.463643994283757,0.8141942056665316,1.4128734662582942,24.703371638995762
arginine,sers,584.0,32,1.2152378984096779,13.044969147390269,0.5097299749381189,-0.08083681160802784,1215237898.4096777
arginine,sers,854.0,167,1.2056868572112123,7.683071103804309,0.5966999808230471,0.3458405400979986,10.380771153696445
arginine,sers,1340.0,410,1.1909102796577833,9.102503022816904,0.7411164422071369,1.0543518556847633,54.82663861647897
arginine,sers,638.0,59,1.1793428108991295,6.7028484883363575,0.7194928276269549,0.9482657802670904,1179342810.8991294
arginine,sers,810.0,145,1.1314356320233818,5.390904223097493,0.6315197047151138,0.516667107559192,19.838781051940803
arginine,sers,890.0,185,1.1123957269403897,9.19464021947283,0.5124492781000339,-0.0674958320391996,10.596885855038096
arginine,sers,1396.0,438,1.0889718871092433,18.516808782867884,0.5935909599441216,0.33058759419416744,39.291139306429116
arginine,sers,1586.0,533,1.0507786447140197,5.846335298412214,0.6500645806215342,0.6076488024430324,11.346465283550332
arginine,sers,1554.0,517,1.047653865704913,4.733337853202784,0.7204651692841361,0.9530361164194012,11.31272345150611
arginine,sers,670.0,75,1.0279925990822671,8.11458598430363,0.54802258917583,0.10702785583220398,1027992599.082267
arginine,sers,1484.0,482,1.0187103993153952,5.740485434517609,0.654672941545303,0.6302575537550749,12.729193072435521
arginine,sers,1526.0,503,0.9763266450717076,2.9663529737460976,0.7172548132282779,0.9372860172213004,5.023371404388159
arginine,sers,1068.0,274,0.9703375501905118,7.0909559673568765,0.6208697268678534,0.46441800975403263,99.86123717926523
arginine,sers,874.0,177,0.9450721085566395,11.088159016137809,0.4195759899234697,-0.5231348565534467,9.242524669188121
arginine,sers,570.0,25,0.9400181443630283,6.974688596517552,0.5046703205612771,-0.1056596215882298,940018144.3630283
arginine,sers,1054.0,267,0.937850152064116,8.63580235360655,0.5663058337523309,0.19672597988219848,96.51783181584271
arginine,sers,760.0,120,0.9344389815974496,6.901832171150716,0.703461820911024,0.8696171999762592,934438981.5974495
arginine,sers,1716.0,598,0.881132921179056,6.046175226545074,0.689860450935086,0.8028884874522453,13.591266113890773
arginine,sers,1314.0,397,0.852172054614512,7.97650663006948,0.6971985351278193,0.838889339678172,852172054.6145118
arginine,sers,534.0,7,0.7703055892912971,4.357888884556335,0.6079611892344348,0.40108835264084225,770305589.2912971
arginine,sers,942.0,211,0.7599889997106425,4.902762192234718,0.5470096691585256,0.10205844107735981,7.432466808130594
arginine,sers,1368.0,424,0.7404961907345033,4.681730258527068,0.6713873190597415,0.7122587708495228,11.423021828015322
arginine,sers,694.0,87,0.728997594047608,5.222649615930095,0.6125602104767139,0.4236512832067179,728997594.0476079
arginine,sers,828.0,154,0.7000617226360798,4.54816699274221,0.5209130613603805,-0.025972267792041714,10.001058109433057
arginine,sers,1640.0,560,0.6038775937352445,4.482686265404482,0.5807502461790776,0.26759068293106747,15.893571263301324
arginine,sers,1136.0,308,0.6016205381291992,3.121045758834839,0.4979905137714949,-0.1384309459312832,33.37102292629658
arginine,sers,976.0,228,0.5023726939084174,4.916268338784278,0.8751681379086097,1.712013332553982,26.92985146860756
ascorbate,sers,1348.0,414,3.749168652124079,29.712894969854005,1.0,2.0636874643694405,148.47888095823564
ascorbate,sers,1602.0,541,3.5098220278694567,58.29948719471122,0.9530564618375262,1.8837261865798838,36.76206575119007
ascorbate,sers,794.0,137,3.3456651579906174,35.69910687897482,0.9715405884480363,1.9545863554946856,3345665157.9906173
ascorbate,sers,1052.0,266,3.2785855404929487,52.4957456289784,0.9372130854949177,1.8229895151928968,3278585540.4929485
ascorbate,sers,628.0,54,3.182595902004132,18.20210708509488,0.9588649363315639,1.90599337249879,3182595902.004132
ascorbate,sers,1466.0,473,3.1176189926637146,21.266564281328442,0.8880625099021331,1.6345674078273191,3117618992.6637144
ascorbate,sers,648.0,64,2.673014667502869,14.796223110608878,0.8494161639612411,1.486413986298905,2673014667.502869
ascorbate,sers,1194.0,337,2.283269753419467,45.70994340756067,0.6456345942793082,0.7052033425038854,81.8561963423332
ascorbate,sers,946.0,213,2.1939570652831146,17.633647551532135,0.7726092247751498,1.1919693095641815,2193957065.2831144
ascorbate,sers,870.0,175,2.13844084229361,14.539861181988613,0.7911791635084195,1.2631584451454543,2138440842.2936099
ascorbate,sers,1122.0,301,1.8137832319615264,9.623640368051724,0.6925338407601942,0.8849948250899698,1813783231.9615262
ascorbate,sers,1252.0,366,1.8070550301426742,12.265380017554207,0.6358010925247113,0.6675059381289039,71.56506777936629
ascorbate,sers,718.0,99,1.7327948811573652,24.089093196963262,0.6441736340416637,0.6996026510890994,1732794881.157365
ascorbate,sers,772.0,126,1.5729573735530349,18.4046438581521,0.6872091646386997,0.8645823134611448,1572957373.5530348
ascorbate,sers,1732.0,606,1.5373381980968697,7.351285663639828,0.8573620710233195,1.5168751667736182,42.771820832302296
ascorbate,sers,1424.0,452,1.5277307099076394,11.004021139724728,0.6791471563976124,0.8336760511424727,1527730709.9076393
ascorbate,sers,1682.0,581,1.2690821631809484,18.768985272097098,0.5473105603708226,0.32827140528276605,35.30840186774949
ascorbate,sers,920.0,200,1.2241724453006138,9.616724809241191,0.6364928829396751,0.6701579641992139,1224172445.3006136
ascorbate,sers,1020.0,250,1.2156119109635182,13.717720083931056,0.8273614151718204,1.4018655920186331,1215611910.9635181
ascorbate,sers,1522.0,501,1.185649636304653,7.922569801072882,0.585280620364252,0.47383223818193654,22.442227812174306
ascorbate,sers,812.0,146,1.1711118312568323,8.340619955883142,0.9526735627743115,1.8822583167222249,1171111831.2568321
ascorbate,sers,742.0,111,1.1566830466147302,7.650973824037834,0.588527348116002,0.48627879201470253,1156683046.6147301
ascorbate,sers,1072.0,276,1.1211964109696677,8.333582820242555,0.6273828014549335,0.6352338411157169,1121196410.9696677
ascorbate,sers,1282.0,381,1.1188859537337856,10.834460646161801,0.5237955500560129,0.2381249981491292,1118885953.7337856
ascorbate,sers,1628.0,554,1.087564113462902,7.050880519983821,0.797677681937204,1.2880709618828037,21.06488841082934
ascorbate,sers,1502.0,491,1.0827159605938066,8.02270839679943,0.6246317258434158,0.6246874038056252,44.98655627002355
ascorbate,sers,1216.0,348,1.0542499844427962,10.84021410234061,0.61387901425747,0.5834661454076755,37.79531244226024
ascorbate,sers,1444.0,462,1.0541771913802032,9.027117028850284,0.6474359203323495,0.7121088496494894,1054177191.3802031
ascorbate,sers,1098.0,289,1.0326470961829886,17.591707063098966,0.5998195318077965,0.5295681537832244,1032647096.1829885
ascorbate,sers,848.0,164,1.0247784176782813,8.034552816276175,0.5990838237026681,0.5267477662312509,1024778417.6782812
ascorbate,sers,1388.0,434,1.021982016516385,12.187672363264483,0.43081638371879394,-0.11831702213364473,29.09613211857227
ascorbate,sers,540.0,10,0.9954178959773534,13.59473854883567,0.5500522005640222,0.3387816712686777,995417895.9773533
ascorbate,sers,1716.0,598,0.9893489201846796,8.815300646504284,0.5029483486865444,0.15820581984175544,31.251820456615796
ascorbate,sers,1320.0,400,0.9881880820157039,8.999051033849469,0.6678702704508757,0.7904453343303315,42.74484060558697
ascorbate,sers,888.0,184,0.9202048895459282,8.919265914453035,0.6739526393563277,0.8137625132874051,920204889.5459281
ascorbate,sers,688.0,84,0.8735363645636378,4.764094961165853,0.6212120683448467,0.6115779119110181,873536364.5636377
ascorbate,sers,600.0,40,0.8612897550157852,5.894394357948173,0.5556253352551195,0.36014666588906485,861289755.0157851
ascorbate,sers,578.0,29,0.8249634850256113,7.994371596433552,0.38434629753320826,-0.29646328925149024,824963485.0256113
ascorbate,sers,1586.0,533,0.7285926358603032,7.308175748182066,0.7421054348230529,1.0750309356775736,10.972853290255095
ascorbate,sers,1556.0,518,0.6579576633132563,7.764156248306108,0.34557427722096656,-0.4450984921142217,10.345309121262673
ascorbate,sers,1640.0,560,0.5622908087678788,5.718987908760937,0.6270233150489876,0.6338557252877595,11.387981805016757
ascorbate,sers,706.0,93,0.538867495466234,5.638583209443169,0.6418807777671391,0.6908128290794514,538867495.466234
ascorbate,sers,1746.0,613,0.5005438320918142,4.40286715833804,0.5922484344600997,0.5005438320918142,12.58741123385437
ascorbate,sers,1542.0,511,0.4986448048487856,5.359712972575153,0.3404760094032985,-0.4646430519598269,5.479564815358821
ascorbate,sers,664.0,72,0.46989174772070924,5.605076493391039,0.6166595717860636,0.594125603671796,469891747.7207092
ascorbate,sers,1304.0,392,0.4419919524236186,2.6733481442353195,0.4516343804311132,-0.03850980188532886,41.593710056427845
ascorbate,sers,1166.0,323,0.4386757776592963,7.863465646499662,0.4668470697096876,0.0198090873239261,18.8837740957001
ascorbate,sers,992.0,236,0.4320360635266338,3.702815925948471,0.2561520934120113,-0.7879045755690988,432036063.5266338
ascorbate,sers,1182.0,331,0.41932130231381665,4.127581928480595,0.4964008709942297,0.13310561440497232,37.73952085391933
cholesterol,sers,1056.0,268,7.938369119234296,22.78178668547639,1.0,6.978312816101318,7938369119.234296
cholesterol,sers,952.0,216,3.0450602006038636,44.15751499401824,0.414437402295011,2.291731870095515,3045060200.6038632
cholesterol,sers,842.0,161,2.07196285053125,19.841556861439017,0.29659483934319664,1.3485727401869059,2071962850.5312498
cholesterol,sers,1402.0,441,1.912528431474394,84.54004695038293,0.26411575383219105,1.0886246767413312,1912528431.4743938
cholesterol,sers,692.0,86,1.2912694450113622,35.20625515633134,0.20688968842619182,0.6306128624659998,1291269445.011362
cholesterol,sers,1304.0,392,1.195841867701843,20.66222632312042,0.21511915991857514,0.6964778689453454,340.8454384645564
cholesterol,sers,1514.0,497,1.0398691305466148,38.14405399357281,0.21551736261725057,0.6996649051180359,1039869130.5466148
cholesterol,sers,1666.0,573,0.8128835078768772,8.172701713074957,0.14385265280874052,0.12609264349143437,95.99822613785066
citrate,sers,1338.0,409,3.8226415125549487,42.42378505920078,1.0,2.1153580841726507,106.97888781187471
citrate,sers,1048.0,264,3.334910578488821,29.2687812105911,0.958477049982872,1.9533392406340986,3334910578.488821
citrate,sers,1254.0,367,3.1334308750121833,10.171929827514418,0.9247879734526454,1.8218874719842895,3133430875.012183
citrate,sers,742.0,111,2.912068434541643,12.316462004912381,0.7535720970478199,1.153818409475319,5194.92292375989
citrate,sers,1452.0,466,2.8276172119279357,20.209653950211077,0.8675050090864284,1.5983744596080913,29.34577781091604
citrate,sers,1702.0,591,2.778010935446901,10.469902367342684,0.7519700745726332,1.1475674608157111,2778010935.446901
citrate,sers,1110.0,295,2.6043409777656934,11.258302918577556,0.7756157270223232,1.2398306854428882,2604340977.765693
citrate,sers,912.0,196,2.469600852022652,18.007671361215387,0.7464525436215426,1.1260385476841752,116.34007967100847
citrate,sers,1202.0,341,2.4250393586781827,12.176552157979017,0.9155939308725545,1.7860131387383114,2425039358.6781826
citrate,sers,1622.0,551,2.2367240347472386,9.313650444509449,0.7267767321275354,1.049265288013881,2236724034.7472386
citrate,sers,1598.0,539,2.1825169301932092,17.159698050412544,0.6566973938872769,0.7758219673213439,88.6083840999547
citrate,sers,1158.0,319,2.1139175630819502,20.235762647648926,0.7878432357291929,1.2875413326687575,122.3962654526025
citrate,sers,1514.0,497,1.9546497200370658,11.596994850905503,0.7924981643810235,1.3057044486471014,53.13733554903045
citrate,sers,1664.0,572,1.7873242907111555,7.672074309649361,0.6522190589645398,0.7583479043065321,15.830589733402347
citrate,sers,1090.0,285,1.7672740000871503,11.0742402556765,0.7694763112068768,1.2158752330963998,132.04394093530968
citrate,sers,1014.0,247,1.7568272072002176,7.791033591190228,0.9269437149165808,1.8302989826985048,51.59511575651861
citrate,sers,626.0,53,1.7507186071955232,23.717215748058976,0.55662215763898,0.3853373308225342,42.36050909408541
citrate,sers,1276.0,378,1.7375831867788307,12.564020420017755,0.6289143634943801,0.6674150633707143,1737583186.7788305
citrate,sers,712.0,96,1.64724315099077,19.61543879879278,0.4460047792303788,-0.04628180311749745,2938.564597104098
citrate,sers,892.0,186,1.526445394081405,15.590020458216088,0.7140228884163399,0.9995009285956084,101.33747279405559
citrate,sers,572.0,26,1.495986809938408,20.317317404371664,0.7879577711875079,1.2879882398006617,19.366770910691
citrate,sers,1410.0,445,1.483410318689065,17.30662197427432,0.5958078126970346,0.538236258119072,15.395234344675826
citrate,sers,1682.0,581,1.47358268104012,9.293301683791697,0.5888332530271198,0.5110221490193064,35.917111123154804
citrate,sers,798.0,139,1.442953870125966,21.113624535352187,0.5852399611159534,0.4970014448134766,1023.820072013099
citrate,sers,1432.0,456,1.4014424835035095,7.916131819450811,0.7016122454149961,0.9510757077040746,17.908932389159354
citrate,sers,610.0,45,1.3944690684212464,12.086947103447969,0.5268770360196444,0.26927452209409775,39.25399865544344
citrate,sers,674.0,77,1.3480232338167666,13.53585421302887,0.39546695242872,-0.24347589096479333,2404.7775512589924
citrate,sers,766.0,123,1.2821493220420974,8.22643941016409,0.5473167559858659,0.349028484416453,909.7243081721607
citrate,sers,1534.0,507,1.256294425811005,9.156183190373554,0.6393338822152144,0.7080710950997101,1256294425.8110049
citrate,sers,1558.0,519,1.2320654314889334,5.695273429900226,0.5046285931281218,0.18246308441129527,1232065431.4889333
citrate,sers,1724.0,602,1.2185792494999321,8.236994444315087,0.542114490171078,0.32872970769793003,1218579249.499932
citrate,sers,1222.0,351,1.217247239163973,7.014681929993571,0.8771636761353686,1.6360617160469453,1217247239.1639729
citrate,sers,1180.0,330,1.0984645497548837,10.983799181945983,0.7589003715468435,1.1746088608288876,88.76224420939931
citrate,sers,1472.0,476,1.0914887170793737,7.369008622992737,0.705201668282837,0.9650813152483005,76.87330419391847
citrate,sers,1746.0,613,1.0791541340308641,4.438876263830707,0.7344367859344094,1.0791541340308641,1079154134.030864
citrate,sers,1382.0,431,1.002478207016584,4.543848758600916,0.5957863895652621,0.5381526669716861,20.05878148935485
citrate,sers,1488.0,484,0.9766494933438272,7.5123436213656305,0.6849659610602786,0.8861233924361871,19.5162079046884
citrate,sers,932.0,206,0.8883618881236947,9.218624896131473,0.6258476400658,0.6554489823686134,26.089722576910113
citrate,sers,870.0,175,0.8736705122486101,7.102947660965754,0.6864559299115529,0.8919371178601356,873670512.2486101
citrate,sers,962.0,221,0.7975780624544084,7.642326768092346,0.40705228380918723,-0.19827096232894423,25.217242751898347
citrate,sers,1636.0,558,0.7864372775930406,11.677490264122298,0.5943321972528626,0.5324785384080747,786437277.5930406
citrate,sers,780.0,130,0.7676949439817263,5.144000821346879,0.5609693441116794,0.4022996642950513,767694943.9817263
citrate,sers,858.0,169,0.7431777248318872,6.558080617990413,0.650637514057112,0.7521768572879545,37.26474971448823
citrate,sers,1370.0,425,0.7012963324158212,8.065943308163469,0.5252934229809995,0.26309540541216675,19.626193411541596
citrate,sers,1298.0,389,0.6311981623452305,3.1808620226514677,0.5340612969227363,0.2973068666822842,17.664454585870942
citrate,sers,1356.0,418,0.6229570847025967,4.219820651626037,0.654902313098331,0.7688177223589,6.465217468723033
citrate,sers,696.0,88,0.5815382523416224,8.47924379400746,0.27426127457433264,-0.7164096239527857,581538252.3416224
citrate,sers,1314.0,397,0.5593493423106245,8.688814986478292,0.7364840363582467,1.0871423223933745,17.064884947558134
citrate,sers,1572.0,526,0.5322750266729783,4.88547784016032,0.3326704138990467,-0.4885023774404651,532275026.6729783
citrate,sers,1022.0,251,0.4703549064268085,1.8561087669636436,0.6314794542532916,0.677423818484665,13.813547367821442
citrate,sers,988.0,234,0.461249607632351,4.58580845867192,0.3604042976401332,-0.3802872393370794,7.240985575539902
citrate,sers,536.0,8,0.40252634589397757,4.905094674498471,0.5127823670927052,0.21427838240124125,6.170175022239421
coenzyme a,sers,1610.0,545,4.1737685966550995,22.161673230812312,1.0,2.687232629509645,33.53020353406
coenzyme a,sers,1324.0,402,3.4341356249186927,51.4190013398121,0.793493417889574,1.7518315064845276,51.30414266920974
coenzyme a,sers,782.0,131,3.125804682601549,42.372516546089514,0.7563131671619151,1.583418238831827,68.44508284621901
coenzyme a,sers,1668.0,574,2.6768950373405818,9.303891755343102,0.7633538813305443,1.615310161466588,28.980816898403813
coenzyme a,sers,880.0,180,2.5141206011707458,13.604549969741413,0.7468819004275703,1.5406979661669193,39.67474252094352
coenzyme a,sers,1442.0,461,2.431039379968145,10.073291680326406,0.7309742540990278,1.4686420051009998,24.892898941379027
coenzyme a,sers,1010.0,245,2.172137596228708,10.281770605213751,0.718262030320427,1.411060167867883,2172137596.228708
coenzyme a,sers,1252.0,366,2.066388098780148,12.148814803839741,0.5318368064588301,0.5666204314768245,112.61426738962967
coenzyme a,sers,660.0,70,2.0322420911006294,37.05524507004628,0.4908947710623374,0.38116762170471513,52.139950115828434
coenzyme a,sers,720.0,100,1.8094953434511254,29.363340731148895,0.5998188608996957,0.8745548780192424,46.42507767923885
coenzyme a,sers,1046.0,263,1.7644759282407976,22.600887219760466,0.7088160900562899,1.3682734293494117,1764475928.2407975
coenzyme a,sers,800.0,140,1.6824122596723066,19.256533803128775,0.7550126314484202,1.5775272761588464,32.98250255418729
coenzyme a,sers,1398.0,439,1.5702863677217351,9.508595424812484,0.575559768227415,0.7646698453131774,16.079122445657173
coenzyme a,sers,982.0,231,1.5546588836570159,8.105147062924857,0.6054990503673461,0.9002841092753892,61.30623154539035
coenzyme a,sers,578.0,29,1.4673877908682587,5.805064536078255,0.523093406867274,0.5270159514964938,18.786537860219305
coenzyme a,sers,934.0,207,1.445226995680074,10.414667580241144,0.6169755969917515,0.9522687699637272,26.153468920714335
coenzyme a,sers,1272.0,376,1.4443498808975428,11.389483891655459,0.4940146288203138,0.3952994639959656,40.960453279351825
coenzyme a,sers,862.0,171,1.3173695186576841,11.09320283309188,0.6341244974588208,1.0299471693232443,25.82609777368039
coenzyme a,sers,1198.0,339,1.3074359438624352,26.511384423049435,0.5042344710992712,0.44159170246691415,24.0296988880101
coenzyme a,sers,1464.0,472,1.2466088774789135,11.618026112283246,0.7050325745704339,1.3511354543837508,11.450065044107745
coenzyme a,sers,832.0,156,1.1625616894968578,9.9558219879263,0.5002170533016779,0.42339423349945804,1162561689.4968576
coenzyme a,sers,1698.0,589,1.1516418868943814,7.144871281076348,0.4517404722734761,0.20381262079352216,16.55602321084293
coenzyme a,sers,1218.0,349,1.1377494394701635,6.280146928039358,0.5291943091964862,0.5546508618799313,20.371629639319938
coenzyme a,sers,1560.0,520,1.0918741514096355,7.371011994331866,0.3940422428164464,-0.057539768457714136,6.625052483192632
coenzyme a,sers,1152.0,316,1.0585974737243462,4.62882732385674,0.4351181897972411,0.12851961300359824,19.982810869060238
coenzyme a,sers,1526.0,503,1.0417993268660275,10.031246591502281,0.540927202688741,0.6077966823996885,8.369353178673887
coenzyme a,sers,960.0,220,0.9756190629545118,7.443075589826833,0.5210972117863485,0.517973900142041,15.396013661086753
coenzyme a,sers,1728.0,604,0.939101276021705,7.271691219390277,0.5869206419895244,0.8161305492143306,9.704958175212822
coenzyme a,sers,1684.0,582,0.9344091477376213,7.971468655111039,0.4533231797596246,0.21098172090081063,9.656468294608386
coenzyme a,sers,1710.0,595,0.9035150042497594,8.376694146498266,0.43974833655637735,0.14949252550839767,10.70326442463192
coenzyme a,sers,1106.0,293,0.9012484567242898,6.43497628196576,0.5218280372887069,0.5212842788653488,901248456.7242897
coenzyme a,sers,1290.0,385,0.8890402631238212,11.387172192454159,0.4144454808024524,0.03487961851975878,16.07819517959001
coenzyme a,sers,1744.0,612,0.8664907406261632,5.646046725101769,0.5965072356252449,0.8595543973125148,8.857698258056669
coenzyme a,sers,1498.0,489,0.8536197735989461,4.927245994132591,0.5231961401164306,0.5274812964537873,7.8404719453073115
coenzyme a,sers,1028.0,254,0.8088053655760377,8.530320971002254,0.5391061433194402,0.5995479333199695,808805365.5760376
coenzyme a,sers,1586.0,533,0.7467914722600271,5.993901807689554,0.45728921029337843,0.2289464239011317,5.999391073680126
coenzyme a,sers,1124.0,302,0.7196684546143072,6.763752175263448,0.38964801749359157,-0.07744404104707794,34.89264023952935
coenzyme a,sers,1090.0,285,0.7008120092171972,8.021264189371664,0.5154050124793982,0.49219026859969695,700812009.2171972
coenzyme a,sers,1430.0,455,0.6862646095480756,10.512731943258132,0.4147314241799286,0.03617483997797749,7.027083030119005
coenzyme a,sers,1484.0,482,0.6589830904785843,3.9227336898886733,0.6712918746154496,1.1983021242932408,6.052739865134291
coenzyme a,sers,594.0,37,0.640503782398926,6.465910278446742,0.3342309134733708,-0.3284637461119516,8.036875816738585
coenzyme a,sers,646.0,63,0.6213814260616602,8.190632625543017,0.47767162281263104,0.3212714789459873,17.403280206523185
coenzyme a,sers,522.0,1,0.5983758235741069,5.446208063867166,0.5388473790614996,0.5983758235741069,8.004469318944642
coenzyme a,sers,1168.0,324,0.5901980467837965,9.46281114451972,0.45001934050784204,0.19601650809825075,11.140982514039539
coenzyme a,sers,1572.0,526,0.5493454513793474,8.334572528688113,0.3595468482418842,-0.2137915958546041,3.3332068921063076
coenzyme a,sers,1242.0,361,0.5260681959374692,4.814963411751364,0.4030524698672816,-0.016726655306891082,24.758661117827486
coenzyme a,sers,630.0,55,0.5110128693381748,5.628392567766852,0.36060304063445975,-0.20900742122903485,12.931399439067983
coenzyme a,sers,994.0,237,0.5075266423707187,5.805382566779372,0.3877759028616038,-0.08592405224718944,507526642.3707186
coenzyme a,sers,946.0,213,0.4800167477688685,7.805135684428365,0.41530555920188833,0.03877546674164174,7.575030754134114
coenzyme a,sers,1310.0,395,0.4729784017922035,3.308044096403364,0.563748191884608,0.7111676195591794,7.5073324849378915
creatinine,sers,682.0,81,4.842886862898663,18.266226849872425,1.0,3.745714477715969,4842886862.898663
creatinine,sers,842.0,161,3.656394431169262,23.00354549256207,0.6979540187131053,2.101473589332909,3656394431.169262
creatinine,sers,1426.0,453,3.1590797597721267,51.864531285789894,0.6361035743118959,1.7647797216779182,134.57657529259953
creatinine,sers,1210.0,345,3.023310215316415,21.241700797307203,0.563577027657274,1.369968597243583,3023310215.316415
creatinine,sers,1050.0,265,2.402722748020574,61.70772238938889,0.5054884568440978,1.0537531558997748,2402722748.020574
creatinine,sers,1276.0,378,2.1663820333774755,13.583765581397643,0.49889040057765466,1.0178354659807907,2166382033.3774753
creatinine,sers,970.0,225,2.1117522580245613,12.232248048729048,0.4105695276481932,0.5370451242269342,2111752258.0245612
creatinine,sers,914.0,197,2.017216412450151,30.6615060841811,0.590112272396072,1.5144179098843014,67.29364483667467
creatinine,sers,1608.0,544,1.8654829331663585,36.281110803643514,0.5170290233474664,1.1165762771977166,36.70795694179028
creatinine,sers,1188.0,334,1.681075695700779,10.110164452190588,0.5038467636868015,1.0448163079274742,145.4466920594824
creatinine,sers,1512.0,496,1.6067315568920917,20.984337808565897,0.4250384796341026,0.6158094314556616,99.20115769156057
creatinine,sers,1340.0,410,1.590048297598957,35.668840057441116,0.40367249225551505,0.49949988838916576,19.962159709330912
creatinine,sers,744.0,112,1.5127438105488198,12.264912954252537,0.3275607642766999,0.08517219333074887,1512743810.5488198
creatinine,sers,1092.0,286,1.4849032602901198,12.801611365772487,0.39979424071194747,0.4783879380291588,75.97788993977673
creatinine,sers,996.0,238,1.4800564505977816,8.57598967376515,0.3658983229760386,0.2938694959919758,1480056450.5977814
creatinine,sers,1252.0,366,1.4428970688976173,9.256864113386655,0.39638661675518655,0.4598379324370695,1442897068.897617
creatinine,sers,558.0,19,1.4100862519926123,12.310386532560535,0.4839478269025988,0.9364929150568422,1410086251.9926121
creatinine,sers,1722.0,601,1.3481556831803916,7.553333466628146,0.45185739988982465,0.7618029821027007,12.941531287694454
creatinine,sers,1120.0,300,1.2483804447873328,9.595350334374643,0.38793487527014203,0.4138293781482643,63.875751756710315
creatinine,sers,946.0,213,1.199648116958311,12.435386933250356,0.3132497409869367,0.007267598979332768,1199648116.958311
creatinine,sers,1682.0,581,1.1747034991636642,8.1827746505719,0.4278933731878392,0.6313505510330029,14.703351582187095
creatinine,sers,1562.0,521,1.030838619985556,12.687187495798526,0.25358081543649136,-0.31755078376464496,20.135393824853217
creatinine,sers,1304.0,392,1.0203642303560763,14.495098572513598,0.3606137055046088,0.2651017431850446,28.348966589121638
creatinine,sers,590.0,35,1.003681166854924,16.026641481170486,0.44428641081774345,0.7205889598376828,1003681166.8549238
creatinine,sers,1166.0,323,0.9641045665269212,6.367376377587334,0.35148764856610437,0.2154224330877248,83.4143402104965
creatinine,sers,1484.0,482,0.902774111663493,8.93879191667827,0.34396953793830115,0.17449626401587162,54.30204694509963
creatinine,sers,720.0,100,0.8665339473168858,6.71583522539467,0.2582169103808863,-0.29231337839503135,866533947.3168857
creatinine,sers,1666.0,573,0.8275280877503649,5.589027121627851,0.4161296702967921,0.5673127472196897,12.922858822927294
creatinine,sers,540.0,10,0.810281529705881,5.40364166240543,0.3741759704040225,0.3389303383932602,810281529.7058809
creatinine,sers,1544.0,512,0.8040616087283745,7.154754263423342,0.25203807173434317,-0.32594898282215246,49.64354007926559
creatinine,sers,810.0,145,0.799614488913545,14.457375944248952,0.49200444136600335,0.9803505252995877,799614488.913545
creatinine,sers,1652.0,566,0.7891381605698649,6.509648325675471,0.4183778828859672,0.579551291328602,12.013977493142242
creatinine,sers,1022.0,251,0.7661893322537098,11.572007683385152,0.45574073092958745,0.7829425836014549,766189332.2537097
creatinine,sers,770.0,125,0.7574400961769685,6.208816510399885,0.2774098420651129,-0.18783324954612843,757440096.1769685
creatinine,sers,1524.0,502,0.7168773594083984,5.73926609337741,0.4207015046142212,0.5922003384652414,31.090847552726242
creatinine,sers,1068.0,274,0.7074962590168055,6.514046779520413,0.5034315118173152,1.0425558107015953,707496259.0168054
creatinine,sers,1234.0,357,0.6775368586658322,7.099422864256667,0.3254560314797561,0.07371470692715151,677536858.6658322
creatinine,sers,650.0,65,0.6753343801614188,15.797059603809643,0.3480048278176234,0.19646308041843027,675334380.1614188
creatinine,sers,1470.0,475,0.5998181533021892,4.635398146660009,0.42666091197814254,0.6246414297737316,599818153.3021892
creatinine,sers,612.0,46,0.5931594221016504,9.737392304598302,0.4261568780548455,0.6218976316861485,593159422.1016504
creatinine,sers,1704.0,592,0.5928625973116124,8.913689169486588,0.36632122990544264,0.29617166489468405,6.348951031491206
cysteine,sers,812.0,146,4.139640792026341,46.819441788440656,1.0,2.440484644070879,4139640792.026341
cysteine,sers,1016.0,248,2.8633950047562986,60.052262321044,0.7621037127445984,1.4338186563558635,303.51492353204566
cysteine,sers,940.0,210,2.8207366641087663,20.597354963616624,0.7727336218188233,1.478799467283935,63.11736389069775
cysteine,sers,1466.0,473,2.7778235004776497,61.32715112864287,0.7439853132277188,1.3571500510745476,32.98782038359226
cysteine,sers,1182.0,331,2.2771915667837135,15.881538953674635,0.6628871527778163,1.013980509704085,2277191566.7837133
cysteine,sers,1672.0,576,2.1937222271838186,10.208799939310211,0.7041729270004953,1.1886826253442215,31.25679306468655
cysteine,sers,656.0,68,2.1871229516753035,64.28813185127153,0.6089645520736675,0.7858052459189552,34.207058973997654
cysteine,sers,1112.0,296,2.1487255792288957,31.07155108344159,0.7136609089759823,1.228831334081832,2148725579.2288957
cysteine,sers,1344.0,412,2.126741445914498,17.754709480238716,0.669980166994399,1.0439948333599534,2126741445.914498
cysteine,sers,1272.0,376,1.9705360416168776,13.055475611023326,0.5953407243527857,0.7281555694682387,1970536041.6168776
cysteine,sers,860.0,170,1.9442217648099271,19.165232543070545,0.8672121138456311,1.8785883231389449,1944221764.809927
cysteine,sers,1696.0,588,1.9137493045700804,9.277669869371493,0.5801728346899462,0.6639721439715549,28.079438890231444
cysteine,sers,1160.0,320,1.7800100440928506,11.56678329411352,0.5349499266873742,0.4726099168558361,1780010044.0928504
cysteine,sers,1518.0,499,1.6714085025605372,19.425636183791994,0.6400793951068449,0.9174687306918979,28.09738617751831
cysteine,sers,1252.0,366,1.6606164009700837,9.66943264412214,0.578089041581274,0.6551545046879155,1660616400.9700835
cysteine,sers,1732.0,606,1.654889910841332,19.74395680877501,0.5453430163844865,0.5165886187769894,74.27022665487989
cysteine,sers,1208.0,344,1.5970041666723005,13.117406163224246,0.594102156015736,0.722914526689668,1597004166.6723003
cysteine,sers,1624.0,552,1.5782496429476456,7.455487436509429,0.5975539017808822,0.7375207027679082,19.520866565215265
cysteine,sers,578.0,29,1.3199897897672075,10.591169052331196,0.47766550467068153,0.23020899528025834,45.02520448858038
cysteine,sers,712.0,96,1.2827902402383846,9.246903879304853,0.5099449231164482,0.36680041933089264,31.90052019803324
cysteine,sers,1298.0,389,1.1919032200302215,6.621509244897311,0.49902657491466834,0.32059906871897115,1191903220.0302215
cysteine,sers,760.0,120,1.107019867208224,9.923668885243558,0.5288356239633627,0.44673704316845636,99.17874058300829
cysteine,sers,1368.0,424,1.097704498769458,11.995175863637428,0.48071284546935394,0.24310391840155318,1097704498.7694578
cysteine,sers,1542.0,511,1.0064834900879704,5.502338464472587,0.4237151267249638,0.0019161911810588017,17.49264388246401
cysteine,sers,1498.0,489,0.9609094661782915,9.599601570023196,0.579630250457376,0.6616761808915914,28.783749814261984
cysteine,sers,1388.0,434,0.924085368906773,6.720057939156391,0.5135868719033349,0.38221144577042115,133.35268701619196
cysteine,sers,1320.0,400,0.9057109805028063,9.905992896600878,0.5640703963120481,0.5958341447563575,905710980.5028062
cysteine,sers,1032.0,256,0.8020256630561161,5.3879591787519985,0.6665959562944275,1.02967443413798,200.82761360697987
cysteine,sers,676.0,78,0.7693692627193527,20.707175982831245,0.561486334001485,0.5848995998410453,12.765604535688626
cysteine,sers,1482.0,481,0.7123875864886894,6.092595743872494,0.5537090649823727,0.5519898294147214,6.855187001914561
cysteine,sers,842.0,161,0.7058430397598023,10.013581407845152,0.6277778744077286,0.8654144400266641,705843039.7598023
cysteine,sers,1644.0,562,0.7016211408195308,8.395675985637581,0.45405490660710274,0.1302999706610644,8.918308566098872
cysteine,sers,742.0,111,0.6854876158991813,5.198494998599585,0.4043637559456647,-0.07996977267288234,190.247036899241
cysteine,sers,1610.0,545,0.6536011585896868,10.266790791132962,0.4985608981492242,0.31862854212332714,8.715915970851695
cysteine,sers,886.0,183,0.6488002598758733,6.74610886988421,0.6756624598943183,1.0680396432246908,648800259.8758733
cysteine,sers,1452.0,466,0.5966329839567159,6.260360403646132,0.694766931485575,1.1488808450192316,8.096931036556258
cysteine,sers,622.0,51,0.5468783884121732,5.137721379831305,0.47827883587168696,0.23280432649109728,10.342416577938243
cysteine,sers,988.0,234,0.474763878142337,8.064030334917788,0.2897653195965864,-0.5648968366841424,9.773321420315616
cysteine,sers,966.0,223,0.4695758502556292,6.335239840434895,0.48076017852482505,0.24330420978729586,9.666522511618618
cysteine,sers,550.0,15,0.4605451134795313,7.447777402743927,0.29224516670846357,-0.5544032818201274,460545113.4795313
cysteine,sers,1140.0,310,0.45780348035584595,4.214137158669246,0.28825430638921445,-0.5712907389194324,457803480.3558459
cysteine,sers,640.0,60,0.45287135788349847,7.979684157622756,0.46141844463457676,0.16145902474729368,8.564580972100156
cysteine,sers,1656.0,568,0.45166949497557346,4.842810857813902,0.40933129776143895,-0.058949455600327993,5.741172395947393
cysteine,sers,1582.0,531,0.44407178757699245,10.78006612586114,0.46482652548480996,0.17588043129757508,6.32726413497584
cysteine,sers,918.0,199,0.4408541713889251,6.056042444586296,0.5267894258759984,0.43807848845773983,9.864640507687561
ergothioneine,sers,1222.0,351,5.267394009478956,32.96648397078957,1.0,4.447149444462008,5267394009.478955
ergothioneine,sers,1440.0,460,4.112797134924006,54.091563696475646,0.7789603100567759,3.273351407000317,4112797134.9240055
ergothioneine,sers,1586.0,533,2.6347943520316077,30.837690721319632,0.5482745290440414,2.0483292533200568,2634794352.0316076
ergothioneine,sers,1304.0,392,1.3737080970328912,31.36165737375859,0.2997344823935293,0.7284947065744338,1373708097.032891
ergothioneine,sers,812.0,146,1.2366744983272557,14.947923262952827,0.2624255612439539,0.530371290655631,1236674498.3272557
ergothioneine,sers,1130.0,305,0.8839445562894972,20.07794049184122,0.24661421284308851,0.44640750239965793,883944556.2894971
ergothioneine,sers,1018.0,249,0.7094747489791579,22.532611870631456,0.17800118894285002,0.08204835577264767,709474748.9791578
ergothioneine,sers,1274.0,377,0.6634336789451689,10.710364764555948,0.15145632829085295,-0.05891413538001128,663433678.9451689
fructose,sers,1446.0,463,3.9329168010850064,48.99784929071677,0.9471339707355204,1.8767185545016187,171.24624376350528
fructose,sers,796.0,138,3.7993814710220937,21.77671099859981,1.0,2.09732433716127,3799381471.0220933
fructose,sers,1512.0,496,3.236201392607308,14.038822546456686,0.9183473974699117,1.7565944480820004,132.83373738546334
fructose,sers,1040.0,260,2.9957686507838464,13.284071586443929,0.9503891741709086,1.8903022624435866,108.34866069213581
fructose,sers,1206.0,343,2.9806215824345843,24.293817635387654,0.8186439633098067,1.3405398581541834,192.5423397821288
fructose,sers,640.0,60,2.8619835755009557,14.29258925211306,0.7983334051487428,1.255785496199741,14.7706856392956
fructose,sers,1466.0,473,2.817685389936792,9.142102302086187,0.9363025873253941,1.8315200433268224,2817685389.936792
fructose,sers,1064.0,272,2.6706566223910633,10.087801888383524,0.8113116731617838,1.309942787988388,55.518002098389495
fructose,sers,842.0,161,2.6108788910478644,10.954758025488275,0.9420198892778427,1.8553778947574944,48.0976048852428
fructose,sers,1610.0,545,2.5834303890669714,34.40388961702956,0.7656782186455423,1.1195179709729932,27.88644488881286
fructose,sers,948.0,214,2.3036814477082705,12.875638407648069,0.7989441853735099,1.2583342340450527,1445.7409837063765
fructose,sers,1318.0,399,2.158674022319831,9.695342589412348,0.7876300340012119,1.2111211701296856,2158674022.319831
fructose,sers,1708.0,594,2.1126096695086365,8.254761472356222,0.6524981319531549,0.6472263698514134,114.54473057535861
fructose,sers,1376.0,428,2.0626738004562393,13.743259957952091,0.8511439604916886,1.4761597905473811,89.81251277425392
fructose,sers,1282.0,381,1.9993104039764837,13.717917899232248,0.6094746253273283,0.46769266013264144,1999310403.9764836
fructose,sers,1550.0,515,1.8736798579793912,21.546720458745995,0.6171902095844316,0.4998891864728253,76.90741953446395
fructose,sers,744.0,112,1.797501778116779,10.649364944656838,0.6084179280079038,0.46328314531888914,83.21810657789395
fructose,sers,1246.0,363,1.6781676003856045,11.55605919186462,0.6768649779922633,0.7489073021285891,1678167600.3856044
fructose,sers,1650.0,565,1.670355566788999,24.014403645712264,0.7135834583019388,0.9021306328664537,103.06345887550823
fructose,sers,1336.0,408,1.6415196994445713,22.05358160982621,0.7895395108470464,1.219089266843331,1641519699.4445713
fructose,sers,726.0,103,1.5655791955860616,7.339111111540973,0.595805552094562,0.4106526924880013,15.58643762214875
fructose,sers,1636.0,558,1.4980526274827857,7.731600933983145,0.6910561159211169,0.8081258046940784,1498052627.4827855
fructose,sers,1090.0,285,1.4313500237284447,23.2479906234214,0.7793905248071406,1.176738346229749,265.8528546305265
fructose,sers,912.0,196,1.3763883013435128,10.039205252264708,0.5929336041286641,0.39866827948045247,32.31003581663128
fructose,sers,696.0,88,1.341749257277784,12.06702479630411,0.6321899568366744,0.5624819521546113,13.358053787432933
fructose,sers,886.0,183,1.2537972218768683,6.533749965698405,0.7387592752086936,1.007187336955678,17.56031633099971
fructose,sers,1180.0,330,1.2311596724754095,7.366747689283557,0.6347495403897133,0.5731628930320884,557.9245955382955
fructose,sers,1136.0,308,1.195187665994554,10.572321118155173,0.6634514844611601,0.692933848479832,16.335667299317205
fructose,sers,990.0,235,1.178980909027385,9.04711300631999,0.7186793185475533,0.9233952569255812,42.64047640704512
fructose,sers,522.0,1,1.1673580649029298,5.95374721529377,0.7771426316596716,1.1673580649029298,18.1245155184319
fructose,sers,778.0,129,1.1612769103168874,11.733620909173908,0.7155259136023391,0.910236346077529,1161276910.3168874
fructose,sers,1480.0,480,1.1598179087739953,8.753414062013576,0.8050034171952597,1.2836189319304587,1159817908.7739952
fructose,sers,678.0,79,1.1351468780365157,8.351222789877653,0.6246627302698922,0.5310714276434151,9.011721109826867
fructose,sers,1410.0,445,1.1253229478535591,16.054666626710173,0.7754986779761043,1.1604979754642994,69.56327400200001
fructose,sers,860.0,170,1.1179271193285127,6.628678386743388,0.7289830618811033,0.9663919675552035,20.59445080364501
fructose,sers,622.0,51,1.066399630734669,4.835270115427932,0.6871414946512673,0.7917903979864762,5.503684174248137
fructose,sers,1020.0,250,1.0280367857275705,3.1695590956238675,0.6888283647773867,0.7988295743648648,372.799675128782
fructose,sers,588.0,34,0.9831651709381186,9.431272009262983,0.5830195042213453,0.35729752022636996,6.152878419220049
fructose,sers,1596.0,538,0.9606490586338443,10.669082767823056,0.7008636913924109,0.8490520458538648,9.886023845464537
fructose,sers,1532.0,506,0.9215316147273108,3.638313552023533,0.5850100178800314,0.3656037771871934,37.82536179074666
fructose,sers,1306.0,393,0.9184180726187553,3.2136191949117574,0.6993806286438725,0.8428633416344139,918418072.6187552
fructose,sers,1736.0,608,0.8143126872837603,6.523778340335184,0.567086029714608,0.2908083841412412,50.46878333836848
fructose,sers,660.0,70,0.7854642666186578,6.072224272036834,0.5029231568196195,0.023061761411601833,4.941187902780235
fructose,sers,964.0,222,0.7089163007556402,5.792304911320343,0.6401296802163339,0.5956137934265973,21.59512365758877
fructose,sers,714.0,97,0.6267174403349138,5.1383786555620645,0.38336502678468726,-0.47584491299986215,13.733098731991292
fructose,sers,1722.0,601,0.5964324859453192,5.59358688742509,0.3786429066889192,-0.4955499488051463,36.800784341629665
fructose,sers,1432.0,456,0.4898289814825009,3.2505791701262297,0.6490103495056267,0.6326721279821361,21.328031435152866
fructose,sers,1156.0,318,0.4789118156367924,2.630870841865999,0.24596364511602758,-1.0492100732597485,6.508433779014523
fructose,sers,1748.0,614,0.4724784975124107,1.5282880240558825,0.6106215046879853,0.4724784975124107,29.28287290049604
fructose,sers,606.0,43,0.4380895597134873,3.749594729755998,0.6460491815566162,0.6203154070014459,2.5337828525512767
fructose-6-phosphate,sers,1024.0,252,3.3745423893202493,64.44127365301642,1.0,1.7569874204319569,3374542389.320249
fructose-6-phosphate,sers,1338.0,409,2.9819821166544482,66.77617389617183,0.9217989508173697,1.4728231614065828,139.0129348441561
fructose-6-phosphate,sers,1448.0,464,2.7249872037406306,33.03810306778257,0.8573588508949913,1.2386629623125909,2724987203.7406306
fructose-6-phosphate,sers,870.0,175,2.7165594702220464,55.62169178243852,0.9731442056115849,1.6593997666512599,256.18883151198924
fructose-6-phosphate,sers,1182.0,331,2.3333578164561164,36.39816850456839,0.7997956716577999,1.0294918789824894,118.84330004214294
fructose-6-phosphate,sers,800.0,140,1.9051016746479252,18.192618109401508,0.7551696372505997,0.8673313436302404,1905101674.6479251
fructose-6-phosphate,sers,1646.0,563,1.7844861241989967,9.996284433183519,0.6920996141498575,0.6381496821504803,18.575823969241075
fructose-6-phosphate,sers,644.0,62,1.6899008564108158,10.623296102225396,0.7387859914826949,0.8077970201341692,48.06761096152573
fructose-6-phosphate,sers,932.0,206,1.6624252329271383,15.109385091248498,0.7491363347875446,0.8454077384892645,23.846272622619345
fructose-6-phosphate,sers,1088.0,284,1.6384381836453517,10.050085121395114,0.8176601119987238,1.0944070624159778,1638438183.6453516
fructose-6-phosphate,sers,1664.0,572,1.541903101755071,8.515649830452276,0.6804260229814814,0.5957305916242174,11.856652757643282
fructose-6-phosphate,sers,1254.0,367,1.5143373266985867,4.876007975971675,0.7176015421159211,0.7308177031033825,35.74157142328949
fructose-6-phosphate,sers,780.0,130,1.4728381915688118,8.859300276492206,0.7533256819836497,0.8606308429645132,1472838191.5688117
fructose-6-phosphate,sers,714.0,97,1.4446282337644587,11.188358855464685,0.693341720048715,0.6426632034659752,61.739514372743955
fructose-6-phosphate,sers,674.0,77,1.2761841613993088,17.60528777862143,0.661123193260816,0.5255886387732293,36.29983590616656
fructose-6-phosphate,sers,1598.0,539,1.2570103109105148,19.02314478813605,0.6387106964984007,0.44414688572811817,22.90604492667697
fructose-6-phosphate,sers,1620.0,550,1.2497119112071413,7.839791028516856,0.6371075566348751,0.43832145171931225,17.378223673020305
fructose-6-phosphate,sers,1314.0,397,1.198167468111382,15.354945622079072,0.8633572806714515,1.260459848295064,17.146782538215504
fructose-6-phosphate,sers,1488.0,484,1.1740264619642775,9.242811095397428,0.6586942080921806,0.5167622767506818,1174026461.9642775
fructose-6-phosphate,sers,558.0,19,1.1669901067457165,14.12766082775465,0.7609954325759825,0.8885009165346232,130.94711029765492
fructose-6-phosphate,sers,610.0,45,1.1576456481577961,11.871733888192807,0.5798656274498759,0.23031771568182702,20.824084488101793
fructose-6-phosphate,sers,1206.0,343,1.1425507550104483,18.479958046441652,0.7078141466932831,0.6952526052289668,45.021793778442884
fructose-6-phosphate,sers,1042.0,261,1.074364450186747,15.57402710063775,0.9660762814565566,1.6337165891062804,1074364450.186747
fructose-6-phosphate,sers,1678.0,579,1.0567301188590175,5.793316222388285,0.631801817641026,0.4190416414670475,14.694660587663606
fructose-6-phosphate,sers,1110.0,295,1.0102073131279974,10.382635866010105,0.6672789795784199,0.547957321494803,1010207313.1279973
fructose-6-phosphate,sers,820.0,150,0.9536414187570407,10.72951398343389,0.5827634933832969,0.240847880357781,953641418.7570406
fructose-6-phosphate,sers,1410.0,445,0.887660966832269,10.231968193089074,0.4499386683844095,-0.24180635984092264,168.8465472999221
fructose-6-phosphate,sers,1470.0,475,0.8697113949415067,7.516168910636793,0.6358772259001468,0.43385071858664387,49.65147476085384
fructose-6-phosphate,sers,1278.0,379,0.8383202590866249,10.087440145990513,0.5811221135467635,0.2348834912619461,19.786135418755983
fructose-6-phosphate,sers,1434.0,457,0.8165910246099484,5.2266477358274415,0.715380766115851,0.7227479243329287,816591024.6099483
fructose-6-phosphate,sers,962.0,221,0.7924822345278457,6.019096554359578,0.5663063084038621,0.1810463326265857,33.27674887322062
fructose-6-phosphate,sers,1720.0,600,0.7751709989522191,9.13972543340833,0.5313927140814413,0.054178525042913483,23.69154069198209
fructose-6-phosphate,sers,742.0,111,0.7739102286987648,12.95522669281874,0.49305758373956404,-0.08512234140454489,773910228.6987648
fructose-6-phosphate,sers,522.0,1,0.7738243639492086,2.901211269109478,0.7294368306617788,0.7738243639492086,76.60461726873926
fructose-6-phosphate,sers,1510.0,495,0.7730422476127345,9.661300877528333,0.6526780446429956,0.4949009507636017,26.076245299049504
fructose-6-phosphate,sers,576.0,28,0.7380667761721227,7.466529111477641,0.7320781835849421,0.7834224205492208,36.53240214448679
fructose-6-phosphate,sers,986.0,233,0.6883812326789559,5.114651653122678,0.514662068163235,-0.006616715558781827,28.905492654410754
fructose-6-phosphate,sers,844.0,162,0.6632517540183653,4.7728291313132445,0.7965224358905179,1.0175977084291916,663251754.0183653
fructose-6-phosphate,sers,914.0,197,0.6484421694956423,7.640564473230711,0.6000053183346168,0.30350062559262714,9.301428086825451
fructose-6-phosphate,sers,766.0,123,0.6362545511544194,7.248720696114191,0.5430691291890627,0.09660787710161803,636254551.1544194
fructose-6-phosphate,sers,1632.0,556,0.555179239404539,5.804465902881475,0.5666116554025975,0.1821558919553694,7.720202483842849
fructose-6-phosphate,sers,1744.0,612,0.5347698159006228,4.94141125967235,0.6285635749616997,0.4072746275825394,16.344162605900475
fructose-6-phosphate,sers,948.0,214,0.5096558846867574,7.09027834532975,0.5164658282097019,-6.22748905140913e-05,11.869179038938828
fructose-6-phosphate,sers,1524.0,502,0.5020885031941487,5.611862726007644,0.6052554430104141,0.32257834646571426,9.14937746453529
fructose-6-phosphate,sers,1158.0,319,0.48044766842192393,10.598078100156272,0.7023309639911517,0.675328006186656,24.470308844245174
fructose-6-phosphate,sers,1382.0,431,0.46114478305644524,6.679566545594184,0.31670584859664574,-0.725943157346453,21.497476233247514
fructose-6-phosphate,sers,1706.0,593,0.45642794857528,2.9950098207298197,0.5190119656319445,0.009189790926130578,22.87728547032636
fructose-6-phosphate,sers,1372.0,426,0.4552858061835379,4.468495252625644,0.5422947551183845,0.0937939834735571,86.60224937352436
fructose-6-phosphate,sers,892.0,186,0.4438045900657438,4.290362041870139,0.8052830079073595,1.0494315710413213,18.635589857984957
fructose-6-phosphate,sers,1558.0,519,0.4418755090709398,7.992273509021061,0.4181516543597739,-0.3573129084275631,8.05213781853994
fructose-6-phosphate,sers,1134.0,307,0.4366532061252459,4.362931466080795,0.4093240986074204,-0.3893901742135302,436653206.12524587
fructose-6-phosphate,sers,1692.0,586,0.4133405871045532,1.9921186937003768,0.4638560808645552,-0.19123374929019948,7.041576486840452
fructose-6-phosphate,sers,1566.0,523,0.3994145705544113,2.196938371710303,0.3196973449704727,-0.7150727616250304,6.022500503689405
fructose-6-phosphate,sers,1230.0,355,0.3795690991630519,5.571553562913323,0.4287480282873541,-0.31880817253259475,5.431952523159463
fructose-6-phosphate,sers,530.0,5,0.3753425569049585,8.179021461889446,0.7139746556960007,0.7176384490798349,18.578488659126528
galactose,sers,1208.0,344,3.096488207427875,17.1496066286486,0.9709214684501235,1.7696764174561832,3096488207.4278746
galactose,sers,1602.0,541,3.027530598802093,34.59997231170655,1.0,1.8664279769381995,151.15816527246784
galactose,sers,1326.0,403,2.625607566177296,41.63391911369365,0.8971417159381836,1.5241926968809711,195.76610523872
galactose,sers,1032.0,256,2.615847778823166,86.2991686295826,0.9128372963505529,1.5764158251110676,29.186799192986964
galactose,sers,594.0,37,2.5554870806804932,18.025577699580396,0.8124128089757303,1.2422783963681305,2555487080.680493
galactose,sers,940.0,210,2.357692623131933,22.08556713633544,0.7940807099596906,1.18128291021924,166.66096741746915
galactose,sers,1446.0,463,2.11879246415074,12.466286288843094,0.6939971711905036,0.848279902904767,715.7136986273584
galactose,sers,768.0,124,1.9725523651000443,11.240506300404178,0.7150784645894409,0.9184226475184912,1972552365.1000443
galactose,sers,564.0,22,1.9438051884768495,11.816650554077356,0.6301153952910432,0.6357292302495068,1943805188.4768493
galactose,sers,1666.0,573,1.8303720644725954,13.766107354001633,0.6920109069473622,0.8416711041510314,116.45609479348688
galactose,sers,1470.0,475,1.7591299634728972,9.814526860016827,0.6873854325807726,0.8262809921178962,1759129963.472897
galactose,sers,1514.0,497,1.5539481447899672,19.316669325764792,0.6778593380395818,0.7945852890163676,96.96988125504667
galactose,sers,1186.0,333,1.5365774121642015,16.27016083563035,0.8054968846176497,1.219267383389148,1536577412.1642015
galactose,sers,870.0,175,1.5068194937598736,14.174829516698765,0.7938356599850135,1.1804675675613627,201.01154394286831
galactose,sers,642.0,61,1.5037335543065922,13.827945235977623,0.7007541886852874,0.870762192938783,1503733554.306592
galactose,sers,1256.0,368,1.503617299643258,11.500976449952873,0.6212111837123198,0.6061026875638261,1503617299.6432579
galactose,sers,536.0,8,1.4930844883728702,10.527535776993414,0.6871688402961182,0.8255603353242023,1493084488.3728702
galactose,sers,796.0,138,1.439416793513865,22.862650263852686,0.586468217730026,0.4905041356200357,1439416793.513865
galactose,sers,1112.0,296,1.4032998659230218,11.244321146880793,0.7131982727410336,0.9121667781962473,1403299865.9230218
galactose,sers,696.0,88,1.3134845988964916,12.58249997778313,0.5560575601241873,0.38932025901361805,157.48909298404976
galactose,sers,1700.0,590,1.1060847931681645,8.709050710550628,0.47645519990994567,0.12446326388073374,11.466494840918061
galactose,sers,752.0,116,1.0730626714235163,6.412541744468285,0.67839813782874,0.7963780108998719,1073062671.4235163
galactose,sers,1730.0,605,1.069547459767295,9.7910574791415,0.6832248192238538,0.8124375891251029,9.315721680117534
galactose,sers,1090.0,285,1.063972409768866,9.453978884838762,0.8891799418197187,1.4977018797334904,32.821413585789934
galactose,sers,720.0,100,1.0493595629331467,9.815276584843616,0.5378009292948437,0.32857587442883507,1049359562.9331466
galactose,sers,1686.0,583,0.9802099020695338,7.960759523230536,0.44434461141398734,0.017623291320893575,10.91779354420911
galactose,sers,1272.0,376,0.883527330076773,8.325301548891503,0.516327599712943,0.2571287272179566,883527330.0767729
galactose,sers,618.0,49,0.8593536985857404,7.462758094829624,0.5809623284183498,0.4721846624951181,859353698.5857403
galactose,sers,970.0,225,0.8334643705268961,6.733918950670102,0.49070828450916526,0.1718868471534404,40.01298251818822
galactose,sers,1426.0,453,0.8293388736195692,16.332202531447024,0.32783956866486846,-0.3700181737978657,829338873.6195691
galactose,sers,1060.0,270,0.6820917786886016,6.3161958966898055,0.8120324502612907,1.2410128476342999,19.053164743593072
galactose,sers,998.0,239,0.6592217912334646,7.696392176014797,0.6091737270938127,0.5660510536620235,8.97044391891347
galactose,sers,1298.0,389,0.6393357818936469,10.003268996188922,0.48602572191952037,0.15630678829994543,11.283938440860247
galactose,sers,1134.0,307,0.6321683626879092,8.276499736325604,0.5105172460301237,0.23779622485308974,632168362.6879091
galactose,sers,682.0,81,0.6162059304763812,5.425476104483295,0.5076169674894458,0.2281462715443574,616205930.4763812
galactose,sers,1158.0,319,0.6112179857811242,7.1487208653109064,0.40198428748844445,-0.1233201188691935,611217985.7811241
galactose,sers,1646.0,563,0.5720938813976103,6.605971124357211,0.3501819477135559,-0.29567948128889,572093881.3976103
galactose,sers,1238.0,359,0.5632706914707529,8.934692481213006,0.4271517401980981,-0.039581698527289336,32.0507200953584
galactose,sers,854.0,167,0.5609701821877363,5.038939468197384,0.6827974489620884,0.8110156211955635,118.8625381266083
galactose,sers,1574.0,527,0.558112204441622,4.914010684162122,0.43603720970086796,-0.010017515423740225,35.50948413572043
galactose,sers,896.0,188,0.5123552876815545,4.969768371779139,0.548406479726566,0.3638631977131725,68.34881540268557
galactose,sers,1498.0,489,0.49332520176420713,9.069111742966356,0.547021593669554,0.3592553348473678,493325201.7642071
galactose,sers,1078.0,279,0.47588809981637303,6.5343127021292275,0.7827365579343194,1.14353807439171,10.90965165626243
galactose,sers,1614.0,547,0.4690659801210686,2.460702449079008,0.8952689572961128,1.5179615596984426,469065980.12106854
galactose,sers,1406.0,443,0.46882362161729885,5.788214106554733,0.27927063852688033,-0.5316191722926952,158.36543404267937
galactose,sers,1386.0,433,0.43690347851662836,5.535727201173813,0.403184697066013,-0.11932605546720568,11.213468997420652
galactose,sers,1018.0,249,0.4195706885601449,4.054884114933884,0.8580261476439518,1.3940454015816561,4.992033132076203
galactose,sers,664.0,72,0.4102523650873847,2.6304148371842473,0.48527985967358506,0.15382511774759222,410252365.0873847
galactose,sers,910.0,195,0.39114820289003105,5.196922500769631,0.5330755267290883,0.31285327624216386,32.51821747277669
galactose,sers,1342.0,411,0.3663904917374826,7.7794974741441365,0.6777626018279936,0.7942634234051866,27.31818741228558
galactose,sers,1358.0,419,0.35859206684813666,6.309473078685187,0.5753177863894098,0.4534038570433361,26.253777292726287
galactose,sers,812.0,146,0.35344487328673496,3.0072545584977206,0.5515306170392574,0.3742579852395097,353444873.28673494
glucose,sers,1046.0,263,3.676979832435422,46.245837799311516,1.0,2.1595926894913178,120.14158891950166
glucose,sers,1184.0,332,3.1407795965756105,44.31711547998418,0.8696016746983624,1.6644123770791868,639.242458199527
glucose,sers,812.0,146,3.1115427599804044,24.741976263935953,0.9764018072997598,2.0699798788464263,3111542759.9804044
glucose,sers,1444.0,462,2.947507687381819,50.21097716260533,0.8259519114236755,1.4986548540045894,40.76587465139489
glucose,sers,586.0,33,2.3311236572589484,19.006370017484215,0.6538745822454771,0.8452008665825946,2331123657.2589483
glucose,sers,1324.0,402,2.3156586965428314,37.87588731669018,0.766574049573301,1.2731707604518665,64.44379654950184
glucose,sers,1612.0,546,2.034264940144346,21.9221641552831,0.7742147846061208,1.3021860223569408,33.745233040116524
glucose,sers,1524.0,502,1.8291551162272746,7.864086295645848,0.6540870145377747,0.8460075662746582,11.8249367093416
glucose,sers,614.0,47,1.7292001438946418,12.82226872448203,0.5905983696736329,0.604913005238499,1729200143.8946416
glucose,sers,904.0,192,1.712799048937318,11.44437178212138,0.7066022463182521,1.0454312077922814,34.85393337904379
glucose,sers,1096.0,288,1.645468581092246,9.83097250763683,0.7873724626702615,1.3521515653909324,1645468581.0922458
glucose,sers,528.0,4,1.5893230637358635,9.443133689012917,0.8498280276801226,1.5893230637358635,1589323063.7358634
glucose,sers,1010.0,245,1.3946557897016376,8.16278913690877,0.5467773487065021,0.43850514070091745,25.21704781399491
glucose,sers,940.0,210,1.379159288856649,41.5100712166859,0.5628219053867561,0.4994334430473167,21.851048524871068
glucose,sers,1742.0,611,1.3431659757482133,8.691736606110908,0.6716274812425959,0.9126165028745425,43.247982341788585
glucose,sers,1156.0,318,1.3021910182946135,7.238893542734786,0.5307184714880785,0.37752245691558217,22.4259690905116
glucose,sers,682.0,81,1.2660715286316975,12.983009718268391,0.52462159187199,0.3543698991963765,62.731099634416736
glucose,sers,882.0,181,1.2527560559710509,12.742290224032956,0.678608795669906,0.9391276520872793,1252756055.9710507
glucose,sers,1666.0,573,1.1655607370096275,8.228126148229421,0.5936879157163337,0.6166453827141859,44.142457358399554
glucose,sers,750.0,115,1.1587258268559206,10.287070369085,0.5245931355143264,0.35426183777729514,81.1143223817644
glucose,sers,1712.0,596,0.9661881877154427,11.855873031415967,0.5805711183071796,0.5668350816701586,34.38924163500605
glucose,sers,1264.0,372,0.9469936246753012,8.116957984289229,0.3846313671386509,-0.17723511227710073,67.94880221141598
glucose,sers,1202.0,341,0.9237724011535098,10.857080365296838,0.7452674121910217,1.1922600023496952,188.0152753074704
glucose,sers,1502.0,491,0.8956610093505633,5.746532601597551,0.604011332203288,0.6558479766842046,5.790178566397463
glucose,sers,984.0,232,0.8435549563613051,18.480878109308946,0.394849297156234,-0.13843309724655525,13.365069889880042
glucose,sers,1544.0,512,0.8390747718473733,6.821958857747063,0.3443411357921381,-0.3302350016481702,5.424365590144741
glucose,sers,840.0,160,0.8374572984104376,8.03655701620869,0.49652459178922836,0.24767312033329078,837457298.4104376
glucose,sers,1688.0,584,0.8157265397943396,12.446614404477032,0.5563483132152685,0.4748503405688857,27.200013324704134
glucose,sers,656.0,68,0.7889769424127371,19.958580083368716,0.5023845476726544,0.26992597349197905,191.10151737376773
glucose,sers,1478.0,479,0.774650944017503,3.6016072446630005,0.7001650937697956,1.020986482734534,5.506896665698456
glucose,sers,1594.0,537,0.7581536235535463,8.701414110558062,0.6912831938493151,0.9872579669176096,10.660509044367908
glucose,sers,858.0,169,0.7440989225099174,12.454568280534716,0.60746909620102,0.668978641151587,744098922.5099174
glucose,sers,774.0,127,0.7282238835694399,7.514393046059297,0.5478506891948932,0.44258109088767467,728223883.5694399
glucose,sers,1396.0,438,0.7077099075983785,7.481153413497623,0.3791504338084758,-0.19804864858953442,10.991533620396686
glucose,sers,548.0,14,0.7067765984643877,10.562260428375563,0.5154046388753396,0.31936903815148476,706776598.4643877
glucose,sers,1140.0,310,0.6750814246795944,10.884472777809151,0.30566639064772944,-0.477100172951312,26.459809735846434
glucose,sers,1118.0,299,0.6701199693013911,6.926444822354142,0.5898741218984787,0.6021627150124926,670119969.301391
glucose,sers,708.0,94,0.6658571875135731,13.107403714692197,0.2773080838306972,-0.5847892494532839,161.2801490737443
glucose,sers,1464.0,472,0.6605605990788026,2.4732385643518455,0.784658497942541,1.341845436852552,4.695842674241472
glucose,sers,1652.0,566,0.6516491391945483,7.490560286001482,0.5186809630578881,0.33181069511697825,20.892649245834424
glucose,sers,1350.0,415,0.6109604015042132,7.369825153078523,0.6897278203669098,0.9813515235246179,17.002768099254396
glucose,sers,1238.0,359,0.6021601422267993,9.277551380328646,0.3837815405806416,-0.18046228087391908,15.055090433167356
glucose,sers,1362.0,421,0.47699860502449964,5.99048827732679,0.5251197960642232,0.3562618016190838,10.676227978892861
glucose,sers,1280.0,380,0.4601337173954093,4.850021626153193,0.3126512004903631,-0.4505757500953137,33.015570685414446
glucose,sers,1636.0,558,0.45992942555264044,7.21050367665498,0.4946085409220487,0.24039702484040157,15.336127848199437
glucose,sers,1724.0,602,0.43289815175986535,2.550014262700188,0.41288623022199467,-0.06993885754064169,20.986375192890034
glutamate,sers,800.0,140,4.093401688007594,20.375655367721265,0.8600785991506779,2.311703704163997,97.1380259908735
glutamate,sers,1454.0,467,3.2837161844627443,28.605718688620982,0.684861559031027,1.4645091239184655,62.745150370509904
glutamate,sers,1102.0,291,3.1919833800152198,29.06063973202413,0.7230099283344181,1.6489608855563074,2615.623338638836
glutamate,sers,1268.0,374,3.0161582076939277,23.020918704398923,0.6593981077554264,1.3413904027010337,29.352190787706036
glutamate,sers,522.0,1,2.988239801218029,15.535466695228514,1.0,2.988239801218029,38.91093804894804
glutamate,sers,866.0,173,2.9604246140111776,36.393800133407694,0.7325652093530928,1.695161770391574,36.128362293481366
glutamate,sers,648.0,64,2.534515167823251,32.40367737319308,0.6690855506672729,1.3882303055195606,13.231125021643988
glutamate,sers,1608.0,544,2.313762260571365,12.910502808887713,0.5994856834363965,1.0517069270653772,99.02591346758778
glutamate,sers,1152.0,316,2.249022764287841,12.832894449824153,0.5411690864271242,0.7697394603687561,31.909018556765396
glutamate,sers,1126.0,303,2.16888092334539,14.469027080609635,0.5786733040932471,0.9510766746111085,50.59173647046728
glutamate,sers,1554.0,517,2.038132823475442,10.297835764867841,0.5128216274301439,0.63267622947766,230.96104727324433
glutamate,sers,1220.0,350,1.8564573147993708,10.741131746814403,0.5324306314477051,0.7274880235608517,18.893282811047385
glutamate,sers,1338.0,409,1.8487051747742607,16.28037004133853,0.6494450477999166,1.2932662108678157,42.43112633165073
glutamate,sers,1686.0,583,1.7523162766412548,11.924847562520426,0.5391201890000097,0.7598328052024254,26.098790913844123
glutamate,sers,1048.0,264,1.7414108738413214,21.073177661268062,0.6454497423586294,1.2739484486571728,18.98235197756971
glutamate,sers,716.0,98,1.6629072969252392,34.399207831737954,0.5611574457724201,0.8663854811768401,20.495956841063013
glutamate,sers,982.0,231,1.5572073502832238,10.797001216972149,0.6164552894404176,1.1337569276000932,11.83336450184271
glutamate,sers,564.0,22,1.5395638670979739,15.361081735348712,0.6267378116628615,1.183474107459769,12.267277422999259
glutamate,sers,1388.0,434,1.4029195062766115,9.557892385797913,0.3817979063932089,-0.0008385603526739893,126.24707117584379
glutamate,sers,1520.0,500,1.300165397243195,6.068346262250202,0.4498122829607516,0.32801878803908513,41.90845880443295
glutamate,sers,1534.0,507,1.285855459409609,9.777596003833764,0.2960857746098355,-0.41526659462706855,145.7130370143614
glutamate,sers,1200.0,340,1.2747766131724703,8.212094527373438,0.4653142691027333,0.40297267741856524,12.405677615350447
glutamate,sers,1666.0,573,1.2729402190542314,9.421738394217755,0.4994708846654895,0.5681238497277012,18.959020734885737
glutamate,sers,1178.0,329,1.242407785511162,4.050537823578225,0.42678136466169997,0.21666164407802885,14.135911218087232
glutamate,sers,962.0,221,1.1788601522008868,8.24171402678519,0.5752692623858273,0.9346177406884346,10.301403846354264
glutamate,sers,1478.0,479,1.087338148157717,6.695248125700232,0.4828865571744181,0.48793671520095544,21.63946434734762
glutamate,sers,1728.0,604,1.0282488697882117,13.135419191692108,0.41421715721265984,0.15591225321605182,15.314616783356577
glutamate,sers,814.0,147,1.0076831677637286,8.059894940502318,0.6177569020653244,1.1400503746338244,78.21946168400582
glutamate,sers,1290.0,385,0.9256907384610487,5.880191662013203,0.5363303321798539,0.7463435259857297,9.008496668513763
glutamate,sers,1358.0,419,0.9180468548246055,7.53819136705124,0.31408181979361366,-0.32825364237573856,18.708842264608396
glutamate,sers,600.0,40,0.848020043815487,5.838331404302366,0.590962837225651,1.0104979834998482,6.2029892593623215
glutamate,sers,844.0,162,0.8476478282626264,2.7837366256198948,0.6388203142321109,1.241894399718335,24.029841153065146
glutamate,sers,916.0,198,0.8458133960635483,25.901731334874626,0.4044841518352701,0.10885205062619865,7.391093299099167
glutamate,sers,676.0,78,0.8336019711117653,10.247115413007435,0.4983212216774392,0.562565096698201,6.070625751522927
glutamate,sers,1572.0,526,0.7886890415936391,8.035876829574818,0.3068825869977342,-0.3630627625528061,10.827360233662688
glutamate,sers,1010.0,245,0.7502055872640434,2.4148729840923693,0.45037595475924835,0.3307442061399596,6.555629781675186
glutamate,sers,1314.0,397,0.7376160298443781,7.397394550104764,0.5359928927663288,0.7447119675362516,16.929621539247947
glutamate,sers,776.0,128,0.725072245576512,5.623516029617974,0.5150320478381226,0.6433638668696904,56.282334115861644
glutamate,sers,1498.0,489,0.7080069553646167,8.345005596970282,0.4207398318136758,0.18745013655726325,13.956026459914657
glutamate,sers,1404.0,442,0.6960035393139834,11.041231028470861,0.25590502332583104,-0.6095451573442372,1305.7021937127984
glutamate,sers,950.0,215,0.6839295926960751,3.2466366192033433,0.32987179529842575,-0.25190729124030337,5.976480690844707
glutamate,sers,1304.0,392,0.6790950927990838,5.414724658064074,0.4892786729631802,0.5188433316398765,13.839253309434831
glutamate,sers,1592.0,536,0.6719758462424299,7.343687335041523,0.37952596843973874,-0.011823642166175707,28.759662622329948
glutamate,sers,1630.0,555,0.6649155593249838,7.946421079612719,0.4597146555458282,0.3758979005952617,9.903173524956754
glutamate,sers,1704.0,592,0.6416099369023182,2.9682875871676515,0.3345050597861946,-0.22950492352423293,10.690284842215616
glutamate,sers,1002.0,241,0.6009387600259518,7.062474777107468,0.42037333565628965,0.18567808540284172,4.465950028090231
glutamate,sers,694.0,87,0.5602376270772994,2.5354544295863377,0.4506869906372826,0.33224810045270764,6.90513911782547
glutamate,sers,1424.0,452,0.5582564505709797,4.4935050546278035,0.37092353129299305,-0.05341741707898708,36.68073706921477
glutamate,sers,890.0,185,0.5579545107355935,3.7793811064392457,0.42876001113857504,0.2262286278045304,4.766374712822124
glutamate,sers,938.0,209,0.5322497216489277,4.0813993970605225,0.2085981314565285,-0.8382794309774766,4.651034577408397
glutamate,sers,1058.0,269,0.529720261164537,4.374247690852599,0.5379722054028652,0.7542821722214809,5.774246961542541
glutamate,sers,1646.0,563,0.5198008352859262,9.902884463797363,0.3918184282852888,0.04761181771788736,7.741852026263104
glutamate,sers,736.0,108,0.489179411573223,6.537307501891831,0.5074154969567843,0.6065369656594672,11.608419113817442
glutathione,sers,802.0,141,5.33317415609574,26.758949740290063,1.0,3.9770866818979362,5333174156.09574
glutathione,sers,1050.0,265,4.295116661921956,26.418214702789555,0.8265681145854906,3.046613892662931,4295116661.921955
glutathione,sers,662.0,71,3.83660053136445,39.709802374065404,0.8026095878633428,2.9180749153472103,3836600531.36445
glutathione,sers,872.0,176,2.5526931383757225,28.483606148777596,0.6741513558182998,2.228888557340005,2552693138.3757224
glutathione,sers,1430.0,455,2.303177780680291,46.92294120047404,0.46277912725547343,1.0948634811113287,1238.3230548238275
glutathione,sers,1602.0,541,2.065482208235852,33.88201472667197,0.4360669620473448,0.9515510630498556,81.71006573585257
glutathione,sers,1326.0,403,1.6920668926754308,46.986715070941955,0.36137686274336356,0.5508340618968439,1692066892.6754305
glutathione,sers,1182.0,331,1.266990789424239,15.938302500781901,0.33756270669176863,0.4230696421556548,118.43206066329951
glutathione,sers,1516.0,498,0.978272546579896,10.034917195086564,0.22008330807289958,-0.20721459565500705,525.9765262120951
glutathione,sers,1156.0,318,0.8505417082526899,10.95064326506531,0.18588976123433576,-0.39066508876747197,850541708.2526898
glutathione,sers,1272.0,376,0.808708171244793,11.919468775919427,0.30404502683490625,0.24324521719157316,47.64925299728906
glutathione,sers,1638.0,559,0.729969064765547,19.09931833877181,0.36301821539110757,0.5596400203433805,729969064.7655469
glutathione,sers,956.0,218,0.6938497268717974,10.254705132383435,0.30799864641298225,0.2644566306960402,693849726.8717973
glutathione,sers,1672.0,576,0.6897341936451791,10.133327654185905,0.33875375249570416,0.4294596765408881,689734193.645179
glutathione,sers,552.0,16,0.6727676282307821,8.275505176925396,0.2604037506460112,0.009107071923740823,672767628.230782
glutathione,sers,1704.0,592,0.6447238178548886,11.841730846682367,0.21787928706023865,-0.21903930467135496,644723817.8548886
glutathione,sers,1254.0,367,0.6358147893555706,9.838199384675022,0.28730502576337114,0.15343407634166134,28.409578347421803
glutathione,sers,602.0,41,0.6106998357619562,13.438299247373749,0.22611465814578932,-0.17485602957148944,610699835.7619561
glutathione,sers,532.0,6,0.5808976721265807,11.049599602923887,0.36698045337474233,0.5808976721265807,580897672.1265807
glutathione,sers,1106.0,293,0.5779558344891438,20.141634669223095,0.31119129839893644,0.28158540601510795,577955834.4891437
glycerol,sers,1042.0,261,4.254389409592049,38.86314315990791,1.0,2.516364550450157,193.51847506484094
glycerol,sers,1600.0,540,4.053200682180499,35.22898888202667,0.992872990517884,2.485379868151108,7130.128953315669
glycerol,sers,1502.0,491,3.4668727362507035,21.17582135315672,0.8535998752039922,1.8798898317440755,688.3562368103165
glycerol,sers,1336.0,408,3.4222397720450966,49.03594766057586,0.8420979982752402,1.8298854079567337,73.20658683074261
glycerol,sers,868.0,174,3.297978643409563,36.475610480840885,0.8594640960348849,1.905384538862485,3297978643.409563
glycerol,sers,668.0,74,2.475507580928762,20.483183899761627,0.7048709112070635,1.2332904818098231,2475507580.928762
glycerol,sers,1206.0,343,2.216598623590582,11.926312473087137,0.7068509561036194,1.2418987293800825,102.99238698474647
glycerol,sers,1672.0,576,2.086144980394746,8.29576522846287,0.6647101878800643,1.058691688822445,85.54056578389218
glycerol,sers,1100.0,290,1.963337531479796,32.62965033200669,0.7122115392490597,1.265203871054987,1047.571307184292
glycerol,sers,796.0,138,1.8314922061718493,35.49340974819199,0.5563971997753436,0.5878008427099485,186.49863521991895
glycerol,sers,932.0,206,1.7037389990994147,16.492686532737196,0.6424789323837722,0.962041278802635,1703738999.0994146
glycerol,sers,722.0,101,1.6921594904512163,15.004088578029638,0.5382637606637749,0.5089656943534063,1692159490.4512162
glycerol,sers,1012.0,246,1.6308223828517292,10.360726211196322,0.7808798379462601,1.5637393822659558,1630822382.8517292
glycerol,sers,954.0,217,1.524861852821609,10.421187297005702,0.6392948364521815,0.9481984179087922,1524861852.8216088
glycerol,sers,598.0,39,1.3284982114060222,12.60126968474789,0.5200716859461995,0.42987562762919695,210.25919761336792
glycerol,sers,1650.0,565,1.3216256982359083,15.878738200241742,0.6212555709178967,0.8697726892928058,6933.2162862134055
glycerol,sers,1190.0,335,1.2777650181358005,19.626114954494142,0.7009014918488785,1.2160334263739245,48.532731246600115
glycerol,sers,1520.0,500,1.219837271219325,7.903878254918027,0.5898796970390673,0.7333660398516844,117.61136459151747
glycerol,sers,886.0,183,1.1101955365859872,6.6189643230383695,0.8042791468130144,1.6654679057193065,1110195536.585987
glycerol,sers,528.0,4,1.0814222380261849,30.013037087011046,0.49715480281640945,0.33024445064777574,22.940151123065288
glycerol,sers,646.0,63,1.0268904481689796,8.740793985550468,0.6414743490316466,0.957673851470507,1026890448.1689795
glycerol,sers,1060.0,270,1.003964784787105,6.830551385424769,0.9271987783801986,2.1998611518602553,819.7524857168086
glycerol,sers,828.0,154,0.9810036024238821,9.174645956066854,0.4740081101907284,0.22961417660645064,99.8944098049365
glycerol,sers,982.0,231,0.9291040739229797,9.271440403781412,0.3700388276672798,-0.22239240426491702,929104073.9229796
glycerol,sers,1702.0,591,0.9278759640231824,15.506349711389475,0.4268226642491536,0.024475393599731554,4867.614751997037
glycerol,sers,1744.0,612,0.866329937381974,6.695351599029209,0.538057910009985,0.5080707583883658,40.46145611689134
glycerol,sers,1478.0,479,0.8541150848630913,5.957895100676183,0.6225364757379176,0.8753414245390905,82.35003390947094
glycerol,sers,1464.0,472,0.8418380620969798,6.244392011878972,0.616272276342955,0.8481078101321149,27.86822962824442
glycerol,sers,698.0,89,0.8335536147087363,13.489809959912236,0.3898471189545142,-0.13627583405940852,833553614.7087363
glycerol,sers,1402.0,441,0.7944571164611265,7.786684492234826,0.34428285005140796,-0.3343665479407097,16.99457015098545
glycerol,sers,1256.0,368,0.7713465912898101,8.016707107307525,0.5027075242979597,0.354384913970108,10.434882265641761
glycerol,sers,1730.0,605,0.7685913050312391,10.36484560992244,0.39436937417724477,-0.11661532403719968,768591305.031239
glycerol,sers,1156.0,318,0.7470348547648562,6.111759801690937,0.33188352643391755,-0.388272622287192,85.80274261172583
glycerol,sers,1536.0,508,0.7456443319831771,8.093835336177449,0.3953799387889538,-0.11222189317183635,745644331.9831771
glycerol,sers,846.0,163,0.7180617317552038,6.358584538689058,0.6172436667996805,0.8523309313115511,718061731.7552037
glycerol,sers,576.0,28,0.7122003661259473,4.373242066005773,0.4521984468063642,0.134796638800526,18.470374264501636
glycerol,sers,1566.0,523,0.7070614878224277,8.919189729114578,0.31727634250821285,-0.4517773719802361,707061487.8224276
glycerol,sers,1354.0,417,0.6788345485340292,9.032762565428584,0.6429011366406274,0.9638768123173284,9.11101057950081
glycerol,sers,752.0,116,0.6256467412896235,8.806859480709875,0.39392968657029953,-0.11852686643744656,625646741.2896235
glycerol,sers,1320.0,400,0.525185404882212,7.33875539505209,0.5818973549061243,0.6986627978239895,6.276193645137666
glycerol,sers,1240.0,360,0.521031947527496,13.290037970704702,0.447557977664821,0.11462219362403889,7.048591502810835
glycerol,sers,1382.0,431,0.5067289178317009,11.16332662141724,0.2122257530180877,-0.9084849361903089,39.77126527557803
glycerol,sers,1418.0,449,0.4816931384401385,9.74771643652059,0.2858288127097807,-0.58849554561805,5.939152704578357
glycine,sers,1608.0,544,3.677495765693237,39.19084549947206,1.0,2.2851116422024953,399.3597311073999
glycine,sers,1344.0,412,3.4242515404770897,42.794457079083486,0.9059581968249113,1.8859013274252916,32.15162988642921
glycine,sers,792.0,136,3.2758321544031075,37.30567929029189,0.8358289537033334,1.5882005573802074,3275832154.403107
glycine,sers,1450.0,465,3.203367890710676,46.131491776207326,0.8971083240277,1.8483333482306006,44.250950781124196
glycine,sers,1092.0,286,3.0666051427160115,39.90448001518348,0.8300852517349774,1.5638183678287707,19.947652296180447
glycine,sers,870.0,175,2.3914537238333464,23.47897480431658,0.8088436295430549,1.4736470355561666,110.16614997702132
glycine,sers,1192.0,336,2.236527542022313,13.442506338764474,0.6965863602342273,0.9971115130144476,79.33299280336281
glycine,sers,672.0,76,2.1540706739941173,22.408181361381452,0.6367291630768517,0.7430158905135925,303.18130483987807
glycine,sers,952.0,216,1.9166487613236982,14.48847526888187,0.7673223513621417,1.2973879468007838,73.14288984822761
glycine,sers,706.0,93,1.7778273604250394,9.715096668966794,0.6344999251362189,0.7335527076529196,153.75733740964122
glycine,sers,1034.0,257,1.7198001219001464,16.447395256740265,0.8184911767595092,1.5146011669219597,24.62193097775744
glycine,sers,1748.0,614,1.669287793227761,3.5249247543301863,0.8549306391841894,1.669287793227761,27.636431580194415
glycine,sers,632.0,56,1.5894216548804203,7.399302258609595,0.6155927346043599,0.6532911087794583,1589421654.8804202
glycine,sers,1160.0,320,1.5562718357213865,9.145273714542327,0.5052310394521918,0.1848023561869999,40.69523305906957
glycine,sers,572.0,26,1.43796042663668,9.467491033411953,0.5659076999535398,0.44237662550714785,1437960426.63668
glycine,sers,746.0,113,1.3651273814473917,25.269166876440437,0.5384698294972873,0.32590203089241704,1365127381.4473915
glycine,sers,1688.0,584,1.323685105031227,7.237124513766048,0.6587796689012266,0.8366209584083041,29.176504035580237
glycine,sers,1212.0,346,1.3089483260405594,17.72345942083018,0.6608708721817593,0.8454981799385024,46.43036411519117
glycine,sers,1250.0,365,1.2754357106333485,11.529586526927005,0.49257724929690755,0.13108663211043453,33.35159854770792
glycine,sers,1406.0,443,1.179555436012427,6.933361322478504,0.46837450118903834,0.02834523026143997,16.63808431301077
glycine,sers,1708.0,594,1.1335758448029691,4.408857549320146,0.585527149115749,0.5256617839299244,23.184279099176624
glycine,sers,848.0,164,1.0794651417870575,5.138570413421917,0.7365948640552593,1.166948828600821,55.449156554636204
glycine,sers,1298.0,389,1.0714061005421516,7.82563049554733,0.45559558473321676,-0.025901658766645852,10.943687295795526
glycine,sers,992.0,236,0.9926976791802772,12.190893683123704,0.5188906418597293,0.24278778386634622,19.20349742049174
glycine,sers,1540.0,510,0.9768662467560848,7.84545355377918,0.49033712562889725,0.1215772390059521,12.310608996751824
glycine,sers,1522.0,501,0.9265404385249447,5.845222064857467,0.5192316092479259,0.2442352007998275,12.799121655924612
glycine,sers,1736.0,608,0.9218239284282694,4.756176050084605,0.736343479262193,1.1658816925083393,12.53862004417224
glycine,sers,1138.0,309,0.9113638842024572,10.549698686699003,0.34761795756223973,-0.48426997026707674,10.372584404699905
glycine,sers,596.0,38,0.896054609206117,15.812769251997636,0.4422305707691084,-0.08263654954367386,896054609.2061169
glycine,sers,902.0,191,0.8586264716153823,10.482094871000129,0.6766689759163597,0.9125616107941472,32.76678685288321
glycine,sers,1312.0,396,0.8363385783242907,6.267798831513801,0.524388147075656,0.2661248607155996,8.899551189485155
glycine,sers,1064.0,272,0.8332106873118836,12.392889853110432,0.7546328384146997,1.2435205783849939,7.697953808576677
glycine,sers,1468.0,474,0.8244805647221811,7.650592203836936,0.7878908579387441,1.384701882813418,16.07725336123322
glycine,sers,1562.0,521,0.814264088068825,5.467011862915115,0.3445409490365201,-0.4973319650465438,88.42546884626482
glycine,sers,1014.0,247,0.7836579222595146,9.182193801990138,0.5273226203611043,0.2785817890648797,15.159673689461261
glycine,sers,1722.0,601,0.7525086645539396,6.231765022233276,0.6240913844457597,0.6893681358442174,14.355337099720183
glycine,sers,1386.0,433,0.6937452800142438,15.333714239467326,0.3650743947419697,-0.4101668634983362,8.305036046591015
glycine,sers,1676.0,578,0.6733053965833253,3.421304090297326,0.5638595154792189,0.43368202011774326,98.04254947689725
glycine,sers,1110.0,295,0.6682725405143697,9.886071734710299,0.8003067094995239,1.4374075503193653,4.346979039322735
glycine,sers,810.0,145,0.6288372452065782,5.125531384897272,0.673992174433342,0.9011985070833219,628837245.2065783
glycine,sers,656.0,68,0.6204609255956062,12.969170472877778,0.41771866194306684,-0.18669034804449086,620460925.5956061
glycine,sers,730.0,105,0.6124254149764372,7.133699768902886,0.4803493433735073,0.07917879955156533,612425414.9764372
glycine,sers,1284.0,382,0.583621206497738,12.814204664123963,0.3103329764184469,-0.6425458492521201,5.47984656015433
glycine,sers,1584.0,532,0.5806970145287709,6.871418240559024,0.469583698830728,0.03347831102838385,63.061120488703956
glycine,sers,554.0,17,0.552008700605827,10.76134710056769,0.3867159405935134,-0.318297843126887,552008700.605827
glycine,sers,538.0,9,0.5507558250592675,7.661329426578732,0.4729868001886822,0.047924579798860875,550755825.0592674
glycine,sers,1488.0,484,0.5453139206748453,6.29181270678032,0.6055813201644953,0.6107923499831985,10.63354363853455
glycine,sers,1644.0,562,0.483248321010181,8.965668219075951,0.622659292887949,0.683288863623979,52.47862454040059
glycine,sers,1662.0,571,0.4690970738660848,5.863976603380934,0.4667269504504901,0.021351327265740117,50.94186185884376
glycogen,sers,1598.0,539,3.6726684373256018,34.45808848886895,1.0,2.0760862643095805,36.014986746151855
glycogen,sers,1052.0,266,3.648726925990934,61.94515123786658,0.9921571494535554,2.0458834772489034,45.30427152169746
glycogen,sers,806.0,143,3.458898754905438,21.74866343486309,0.9546759419008917,1.9015434922158683,3458898754.905438
glycogen,sers,1438.0,459,2.91647384820255,36.04427339861809,0.8069692668658661,1.3327256590689793,43.00969724882808
glycogen,sers,1322.0,401,2.7166450162558253,59.137304549648206,0.7679551711983936,1.1824825278462723,35.33534085671614
glycogen,sers,1196.0,338,2.59210712280102,28.629117146416093,0.8263995667947984,1.4075516687963572,40.878346260156846
glycogen,sers,936.0,208,2.58666045015753,23.73267096626671,0.8185093080900813,1.377166313101895,49.38929703525526
glycogen,sers,1702.0,591,2.3423555101454405,8.310226415541138,0.7999903084090523,1.3058497170975987,39.99055790931869
glycogen,sers,868.0,174,2.0856700794052996,27.135469160511718,0.7589699996729636,1.1478806671224002,146.2577936254886
glycogen,sers,720.0,100,1.959282898353174,13.701113000092931,0.6446799309849575,0.7077500555173059,153.0992467945589
glycogen,sers,1254.0,367,1.95100494760882,12.33855881628972,0.6250797603809491,0.6322698744785167,40.00215619168626
glycogen,sers,1682.0,581,1.9477420766645126,7.354477101012662,0.7188489379360452,0.9933746138561224,33.253403239558814
glycogen,sers,580.0,30,1.5913573723389118,7.5969076356096465,0.549166482080225,0.3399281339318885,90.43212630173973
glycogen,sers,644.0,62,1.556061825822444,27.232602705195845,0.6223208031927163,0.6216451410385185,73.77818271891792
glycogen,sers,780.0,130,1.3569430095188029,11.825276316463231,0.8180635722882659,1.3754497862564798,1356943009.518803
glycogen,sers,1480.0,480,1.3441545132271382,17.00777502495282,0.6845256189148612,0.8611956453199362,13.181071965730458
glycogen,sers,1650.0,565,1.3200819180712733,7.106042186412424,0.6403173931435704,0.6909499391964244,14.882190488239347
glycogen,sers,1512.0,496,1.3164802192730334,6.234025622463832,0.6543895211085519,0.745141649455344,10.25991174002203
glycogen,sers,1582.0,531,1.3155469166382678,8.924307331202726,0.6410288216434402,0.6936896475923987,12.896353385411423
glycogen,sers,1284.0,382,1.3018524700623144,7.077219197726777,0.6121247575710255,0.5823802088624892,21.53557074422115
glycogen,sers,1024.0,252,1.1907891991601605,9.401860111240467,0.8930313439147242,1.6641503842646668,29.0284233984215
glycogen,sers,1212.0,346,1.187565947262646,15.323976780675025,0.6659018523867188,0.7894755925934133,22.07116297598827
glycogen,sers,1300.0,390,1.100037623754867,4.598523831314424,0.5844861066929379,0.47594387144003286,22.55446706893562
glycogen,sers,532.0,6,0.9152638203513025,11.199454998009868,0.6985656681076096,0.9152638203513025,915263820.3513024
glycogen,sers,1358.0,419,0.8378554082572636,13.326980426635146,0.6455855472069929,0.7112375800787972,46.186329203994944
glycogen,sers,884.0,182,0.8048823247806889,6.433793807035556,0.6290101869254215,0.6474059318695562,14.392445277032063
glycogen,sers,1156.0,318,0.7964625294521833,4.952101679968337,0.5681994279109035,0.4132239345667711,9.077143910162977
glycogen,sers,696.0,88,0.7897972322506739,8.49119313615239,0.43213890401770005,-0.11074461566570934,49.639286839687315
glycogen,sers,626.0,53,0.7168795806501347,10.761080358438605,0.5417037557309057,0.311189203681232,33.98969874523608
glycogen,sers,1724.0,602,0.7139916865376397,5.580847414613572,0.5026965209850852,0.16097249384121798,10.83935301182873
glycogen,sers,1098.0,289,0.6999780931771904,17.05564740425666,0.6690891272931863,0.8017497759064582,5.59788113734979
glycogen,sers,1526.0,503,0.6292097576646154,9.082748715271805,0.43221238442124865,-0.11046164291640459,6.170167949966655
glycogen,sers,1738.0,609,0.5929338513010357,8.034461995960783,0.614865254340408,0.5929338513010357,44.96470404896446
glycogen,sers,1070.0,275,0.5519378003379241,9.459639309443105,0.7191152172875596,0.9944000546068821,4.945604144084746
glycogen,sers,1556.0,518,0.5101024075035352,6.82447471980845,0.2578831519574749,-0.7818028415500473,5.002175328083191
glycogen,sers,1488.0,484,0.5019660899567157,11.100063715759916,0.5603144265887731,0.3828588250322763,4.9223888258133135
glycogen,sers,900.0,190,0.4732060917287174,8.146517790640814,0.4377000647236838,-0.08932860733833214,8.461600621953654
glycogen,sers,764.0,122,0.4589280481572285,4.955079065519072,0.6577311200707343,0.7580101341088895,458928048.15722847
glycogen,sers,1270.0,375,0.442557531600387,5.737300105314262,0.3460817175080942,-0.44215050741368833,9.073916252535994
glycogen,sers,1134.0,307,0.4395220243498801,2.771649384191619,0.30334321679143084,-0.6067363080475088,3.5690579199206103
glycogen,sers,986.0,233,0.4379720118798405,4.668420379960537,0.35104863867646025,-0.42302291324279917,10.676647895759528
glycogen,sers,736.0,108,0.43259207630761903,6.067219739673249,0.3348711853331381,-0.48532222337486547,432592076.30761904
glycogen,sers,550.0,15,0.41463730724050435,6.697001187866515,0.49572492012717917,0.13412488595471767,414637307.2405043
glycogen,sers,852.0,166,0.4009776745760577,7.684035111533262,0.603432783576817,0.5489074506951125,400977674.5760577
glycogen,sers,1568.0,524,0.3967773865994,4.180364137548622,0.25037562020985704,-0.8107143172159157,4.460089478453432
guanine,sers,642.0,61,8.333360949803962,17.310035928154647,1.0,7.24884592511772,8333360949.803962
guanine,sers,1614.0,547,3.017364100052805,25.428249980708415,0.3886048552134689,2.1166097279984095,3017364100.0528045
guanine,sers,1426.0,453,2.790777738705607,39.25271178613184,0.3508459856491273,1.799650329820524,2790777738.705607
guanine,sers,1184.0,332,2.3298715383796393,59.86854493596866,0.28681952014855405,1.2621927680167198,2329871538.379639
guanine,sers,874.0,177,1.9159649629383186,49.705882069366965,0.2536445033396153,0.983711619517701,251065.30945566655
guanine,sers,1522.0,501,1.8172296730406616,19.328385570990008,0.3156214609224436,1.5039649905270136,1817229673.0406616
guanine,sers,1030.0,255,1.4965304775952273,38.41210798599076,0.2722831110891901,1.140169743485426,1496530477.5952272
guanine,sers,1332.0,406,1.2191815964077628,49.7170910671889,0.15484557158812212,0.15436343431290403,1219181596.4077628
guanine,sers,538.0,9,1.104558879648788,17.580161312771097,0.23126497992246056,0.795851115332796,1104558879.648788
guanine,sers,792.0,136,1.092472650004346,32.810635074872835,0.1578559648253305,0.179633587782897,1092472650.004346
guanine,sers,1254.0,367,1.0143641826114045,23.500087366343564,0.1314736104904512,-0.041827892631655934,1014364182.6114044
histidine,sers,1512.0,496,4.098535371839006,32.73751721164638,1.0,2.162685596026192,31.486173648164684
histidine,sers,1072.0,276,3.541134248253786,63.77839125280087,0.8733497544627613,1.6398282500055903,44.7928880331849
histidine,sers,1196.0,338,3.290048672405317,26.920584964481463,0.841231016844651,1.507230655446648,44.09141406624194
histidine,sers,1650.0,565,3.009423276544101,11.264714029468905,0.8980538246623949,1.7418154552075666,3009423276.5441008
histidine,sers,764.0,122,2.797025229610535,30.58435615061316,0.7482787971058009,1.12349076838035,159.2259173611786
histidine,sers,1702.0,591,2.774345760146296,7.739513875965258,0.8950506650948085,1.7294173423217696,2774345760.146296
histidine,sers,1620.0,550,2.719503271157103,14.042819175303748,0.8753745660299412,1.6481873937065494,113.66914809834829
histidine,sers,1436.0,458,2.5696863165941437,19.882047294088466,0.9524819362285906,1.9665140954802123,34.353490147581844
histidine,sers,1682.0,581,2.518396110646422,8.045745053486598,0.8281915615845432,1.4533991374583972,2518396110.646422
histidine,sers,1580.0,530,2.503328340757645,10.398034880724936,0.8239692771104682,1.4359680425174106,54.50862757308661
histidine,sers,1156.0,318,2.4306996990809573,24.389870016987743,0.6972207559025544,0.9127049795072395,95.67133127536896
histidine,sers,1322.0,401,2.3868039738329445,35.5286282399494,0.7215451932716066,1.0131249251005348,70.27725511101696
histidine,sers,1220.0,350,2.0581965828388524,16.79583040281193,0.6866607073334875,0.8691093358884711,25.318007921401854
histidine,sers,1270.0,375,2.0392983159221316,7.884194009407679,0.6466537956781704,0.7039465479140149,25.085539130282612
histidine,sers,662.0,71,2.034674039061148,46.624023799453624,0.6167112179372877,0.5803329168136295,96.49328027934078
histidine,sers,532.0,6,2.0086299432285775,10.529012779774035,0.777159085044872,1.2427188886266194,2008629943.2285774
histidine,sers,1598.0,539,1.8897049758543598,6.496691594384174,0.7745654428978481,1.2320114095864683,53.428468316101664
histidine,sers,1254.0,367,1.873194323563215,13.637956825794163,0.6096341845676303,0.5511164011277574,20.333974628872596
histidine,sers,1290.0,385,1.7343898019892188,19.553040681320795,0.6042480263458903,0.5288804206042294,21.33483998160913
histidine,sers,1556.0,518,1.7100465097946298,6.391390727309727,0.6717783948890576,0.8076698467320439,28.666155134868685
histidine,sers,868.0,174,1.6879841015237569,12.227791443798026,0.5925930347089635,0.4807644618129454,52.42743673342384
histidine,sers,806.0,143,1.6868667158638644,9.937458483078785,0.6735303771666599,0.8149026539015567,1686866715.8638642
histidine,sers,1496.0,488,1.6616165456326792,11.528937411347442,0.8991120826913157,1.746184321466447,13.136034297511511
histidine,sers,936.0,208,1.5757817921909152,37.64175807977506,0.6032151425986898,0.5246163084225419,24.650835822968485
histidine,sers,578.0,29,1.5202487806981695,7.417819924006629,0.5630414380495397,0.3587649399448681,1388.8929593555927
histidine,sers,1664.0,572,1.5151188966589935,6.041378824720368,0.6042249541789501,0.5287851704772193,1515118896.6589935
histidine,sers,1724.0,602,1.513170457462278,7.14078845082804,0.7665642639713878,1.1989796917182625,1513170457.462278
histidine,sers,902.0,191,1.414336989343597,11.005186490827555,0.5856922631375806,0.45227561764211544,10.424323500440073
histidine,sers,1024.0,252,1.3432536313527654,7.167733069091753,0.775341903039518,1.2352169137467022,18.770093215059646
histidine,sers,884.0,182,1.302620092753739,6.40279885143309,0.5425622327557343,0.27421948262570567,15.637581675121995
histidine,sers,712.0,96,1.300225500782115,8.74921483022419,0.5347803289101841,0.24209301043125936,29.225989414660955
histidine,sers,1354.0,417,1.2238387712273129,13.519258104056348,0.7004442317123998,0.9260126363518669,1223838771.2273128
histidine,sers,1480.0,480,1.2122008165015432,4.18750529795102,0.8219202417057101,1.427508894182644,9.991689245144764
histidine,sers,984.0,232,1.2040883748853486,7.722327380449201,0.5793810259332675,0.4262205814220449,9.23916863719147
histidine,sers,1746.0,613,1.1778141530784996,6.28633540186911,0.7614373958379366,1.1778141530784996,1177814153.0784996
histidine,sers,552.0,16,1.165797982238211,10.000576195491515,0.5836153858520019,0.4437015281017295,1165797982.238211
histidine,sers,1104.0,292,1.1574067384324371,9.188573468769391,0.6043944441372244,0.5294848854235628,14.640391131463918
histidine,sers,1008.0,244,1.1074168346511615,13.736450294297356,0.653038583887851,0.7303052288945081,28.95779550752199
histidine,sers,832.0,156,0.9426881980342977,6.909853809385936,0.6661291821893391,0.7843478835826543,942688198.0342977
histidine,sers,736.0,108,0.932532902334809,6.631062592307416,0.5317160994543491,0.22944277928421458,74.68405796274624
histidine,sers,1058.0,269,0.9085264089666578,6.97573775026774,0.7419649259259682,1.0974248581707036,7.854503922833881
histidine,sers,1526.0,503,0.8996091656533343,5.563873120698986,0.7447217774467653,1.1088061236662612,7.415120583100705
histidine,sers,1180.0,330,0.8423040765973605,10.590447867150829,0.6955606671482614,0.9058515415486601,11.487933094803136
histidine,sers,1044.0,262,0.7319986872542862,5.504099024438574,0.6499909303202491,0.7177234289209902,6.1884157363650765
histidine,sers,1458.0,469,0.7181693736409611,2.5650853069486175,0.5853819957855524,0.450994723447634,9.60102575257882
histidine,sers,1376.0,428,0.7061860698444304,6.025305943488206,0.5719140850196883,0.39539438844937697,706186069.8444304
histidine,sers,608.0,44,0.6569774359861553,10.545072692611939,0.49663973565560043,0.08463504988684518,84.3531326253496
histidine,sers,644.0,62,0.6541731097624528,5.148853430117327,0.6151852624012453,0.5740332285790257,31.023794484861597
histidine,sers,702.0,91,0.6425954949974402,8.335560839545337,0.5065652772207028,0.12561122248353168,20.39304559398736
histidine,sers,626.0,53,0.605679897081709,6.7897773275809925,0.537820588072874,0.25464428366626857,37.779974853597864
histidine,sers,1404.0,442,0.5744189910285187,4.6830983401508774,0.5101552656515954,0.14043197403643115,15.753866267726623
histidine,sers,748.0,114,0.5533504278114392,3.9920319400326036,0.5003142541562903,0.0998047716905776,44.31635100585699
histidine,sers,1450.0,465,0.5396074703553724,3.6609826551584774,0.787333067377727,1.2847207132456884,7.213876571901692
histidine,sers,1568.0,524,0.5290505057863246,3.9605752220370505,0.42711941302826284,-0.20236961583042765,9.824415634815226
histidine,sers,854.0,167,0.5014970806428785,6.9730515691403525,0.47110814828380615,-0.02076844109165734,28.548663728154494
histidine,sers,780.0,130,0.47632415373248704,9.341704218331955,0.7068387042675008,0.9524112977613205,476324153.732487
histidine,sers,952.0,216,0.45430558925855186,6.575020490279314,0.5866936556123267,0.4564097226290403,11.879617448489928
histidine,sers,1418.0,449,0.4495139924351252,5.127653304107753,0.4843588988459134,0.03393537919937623,12.328254171428071
histidine,sers,1336.0,408,0.4301056669441241,2.9687367064733508,0.5377235764088565,0.25424378494661654,430105666.9441241
hydroxyproline,sers,864.0,172,3.221301682398538,19.45418732902033,1.0,1.9002727791364904,471.10138778490216
hydroxyproline,sers,1320.0,400,2.96273523428444,46.61233914317779,0.8866917713531246,1.4718207832796961,768.6093501370883
hydroxyproline,sers,1112.0,296,2.6823943592413335,16.604439661483184,0.9092425890670529,1.5570921088764165,2682394359.2413335
hydroxyproline,sers,1180.0,330,2.3030101767683586,19.751186262937154,0.861701052795701,1.377323469433295,2303010176.7683587
hydroxyproline,sers,1440.0,460,2.144896925383006,71.30845125334099,0.7520071369684567,0.962538261591057,2144896925.3830059
hydroxyproline,sers,1612.0,546,2.0952938547913993,45.12604718743296,0.8159735024262432,1.2044140483311887,108.27441996323104
hydroxyproline,sers,1034.0,257,1.8039199577156069,17.63560355718289,0.8930383562191738,1.495819101717872,1803919957.7156067
hydroxyproline,sers,1090.0,285,1.6404529164487798,10.60904533335031,0.8590589427761228,1.3673328683562147,1640452916.4487796
hydroxyproline,sers,804.0,142,1.638459210557477,39.43333841144096,0.7305565042446999,0.8814270615251987,1638459210.5574768
hydroxyproline,sers,1248.0,364,1.6065409364421688,20.79029624621512,0.6935440160266275,0.7414718734683738,1606540936.4421687
hydroxyproline,sers,1526.0,503,1.605838183915612,20.185335511020753,0.6237970972177481,0.4777381012137827,43.08421863442196
hydroxyproline,sers,626.0,53,1.502069313634586,21.192015456691777,0.6300003132667029,0.5011942996615456,1502069313.6345859
hydroxyproline,sers,1648.0,564,1.410787289159745,9.958666487155142,0.6701822854018451,0.6531342458098301,72.90250724306067
hydroxyproline,sers,948.0,214,1.349941431752015,14.698273000400263,0.680201355371403,0.6910193189095442,199.24445360660715
hydroxyproline,sers,592.0,36,1.2971735874463177,28.327434107414312,0.5437716177902193,0.17513804480501932,1297173587.4463177
hydroxyproline,sers,1210.0,345,1.1669022872746742,8.929058072112298,0.7489697376808496,0.9510529546320627,1166902287.2746742
hydroxyproline,sers,536.0,8,1.1632798107637927,20.794688666540075,0.6912642639978503,0.7328514553535319,1163279810.7637928
hydroxyproline,sers,1500.0,490,1.0195239917502126,12.773027773481545,0.6669228536353058,0.6408093682399493,1019523991.7502126
hydroxyproline,sers,1142.0,311,1.0142590801907136,7.321155389941737,0.42108722106526786,-0.28876802155057446,1014259080.1907135
hydroxyproline,sers,680.0,80,0.9658860895175196,15.96287520475255,0.610320190302399,0.42677792175627083,122.61522636312237
hydroxyproline,sers,1690.0,585,0.9126811723148597,10.984888689898298,0.5088493127862738,0.04308645898868071,129.04039709113715
hydroxyproline,sers,1296.0,388,0.8732899717435203,8.205488913160139,0.6720964167003134,0.6603721435773138,46.54288223689061
hydroxyproline,sers,1668.0,574,0.8659140642069504,16.29992016707797,0.6122959903020941,0.4342490071610342,122.42817983048917
hydroxyproline,sers,916.0,198,0.8451552165567162,10.113148512294686,0.6635062705020786,0.6278902547746427,95.03107944745813
hydroxyproline,sers,1058.0,269,0.8315549541763216,10.87805235854239,0.8341969645529015,1.273322359870686,831554954.1763216
hydroxyproline,sers,1732.0,606,0.823934205919852,10.622162130889592,0.6249189959225431,0.48198033273534835,80.85544723209722
hydroxyproline,sers,1474.0,477,0.7495810359696095,7.014015397483263,0.7270872529695817,0.8683087942051306,749581035.9696094
hydroxyproline,sers,1340.0,410,0.7149542233787343,8.573845425173431,0.6984890119819634,0.7601703688192307,714954223.3787342
hydroxyproline,sers,1008.0,244,0.7088425769267235,7.885678111541438,0.4905757424055108,-0.026011326711134784,708842576.9267235
hydroxyproline,sers,654.0,67,0.6644583114616215,7.465044487494595,0.594974378903972,0.36875086052500955,664458311.4616214
hydroxyproline,sers,1412.0,446,0.657130604726888,5.550834415804616,0.6461215469711762,0.5621534624588177,657130604.726888
hydroxyproline,sers,1456.0,468,0.6344348592117419,8.964277991930317,0.7072950027127989,0.7934684297736672,634434859.2117419
hydroxyproline,sers,1362.0,421,0.6149119083618957,7.804877153455891,0.5467911963161141,0.1865559661820972,614911908.3618957
hydroxyproline,sers,744.0,112,0.6073013197240917,10.383678938281406,0.4557664242536923,-0.1576356757514905,77.09437955130815
hydroxyproline,sers,932.0,206,0.589220944113447,7.569189190316592,0.6138476613358518,0.44011633523831384,51.17124359941105
hydroxyproline,sers,568.0,24,0.439639551505394,5.637316476443054,0.32277852780348437,-0.6605023284150219,439639551.505394
hydroxyproline,sers,892.0,186,0.43101103208306535,6.297280609690688,0.5388925002990963,0.1566886554530214,31.458715808212627
hydroxyproline,sers,1546.0,513,0.42872221294794216,5.71420678333061,0.4334381969796363,-0.24206532092163585,428722212.94794214
hydroxyproline,sers,700.0,90,0.428490467796533,7.450162046829973,0.508939506052555,0.04342750646080655,428490467.796533
hydroxyproline,sers,1348.0,414,0.4230007470757217,7.248042472812358,0.6411334675478371,0.5432920557459628,423000747.0757217
hydroxyproline,sers,1560.0,520,0.4157768852662398,5.821987677729794,0.5189140655844668,0.08114427240336422,338.07909015255683
hydroxyproline,sers,1710.0,595,0.40878492745765543,5.6324562687518664,0.3757191295394765,-0.4603182222250342,408784927.45765543
hydroxyproline,sers,1516.0,498,0.3900619379012169,3.6882845996967717,0.6175271571671094,0.45402959953937516,9.681013351064404
hypoxanthine,sers,724.0,102,8.313322406674228,17.0673993207121,1.0,7.473093805527979,8313322406.674228
hypoxanthine,sers,1096.0,288,2.861165721026371,24.705948511621955,0.35007024563515404,1.9153750535977803,2861165721.0263705
hypoxanthine,sers,1460.0,470,2.5432772744571643,46.40872782696681,0.2996497573636044,1.4842163148782082,2543277274.4571643
hypoxanthine,sers,1328.0,404,2.003285651583245,34.06901688782443,0.2700112454936955,1.2307696737720843,2003285651.583245
hypoxanthine,sers,1600.0,540,1.8174616583232304,40.53166302072623,0.2533321223145605,1.0881421435876526,1817461658.3232303
hypoxanthine,sers,628.0,54,1.4483275544129155,13.462802098667638,0.2253283726926144,0.8486747806103313,428.3244039487963
hypoxanthine,sers,960.0,220,1.3154196486004233,24.255775028005985,0.17079204918230442,0.3823204618566249,1315419648.600423
hypoxanthine,sers,1050.0,265,1.2583252946882058,33.14070469662374,0.20679425355431874,0.6901846964225722,1258325294.6882057
hypoxanthine,sers,1180.0,330,1.1013345332037474,17.188648232823994,0.16438836481384428,0.3275608875226049,1101334533.2037473
hypoxanthine,sers,864.0,172,0.9505835726005647,18.5366542004449,0.16997100819228123,0.37529952632365415,950583572.6005646
isoleucine,sers,1156.0,318,3.8424388668733336,27.142219734362698,0.9858245059296812,1.987068472646603,47.90273762067448
isoleucine,sers,1434.0,457,3.590002139833344,35.27392808422633,1.0,2.0437383166695677,544.5685099015741
isoleucine,sers,1580.0,530,3.3462228950158948,12.845003154110145,0.9614735869679243,1.8897199941714835,148.04435769836542
isoleucine,sers,1682.0,581,3.2885036294891377,10.519325554539137,0.961816671962035,1.891091556461054,1471.3617780018888
isoleucine,sers,780.0,130,3.1616962531508594,27.284342864997683,0.866876956103389,1.5115478973402505,3161696253.1508594
isoleucine,sers,1702.0,591,3.0051511381523417,8.28439574065851,0.9608744715419846,1.8873248905108049,1344.5825274892964
isoleucine,sers,1354.0,417,2.784041570073573,15.743521144226406,0.8278950738296871,1.355708730309188,110.85211679440886
isoleucine,sers,646.0,63,2.7259011245058242,33.872542036260256,0.7766516654045043,1.1508512524495202,464.776482228998
isoleucine,sers,1024.0,252,2.7011782447309445,17.623288688646085,0.8620963470344413,1.492436297495608,53.26226414861581
isoleucine,sers,1648.0,564,2.6261982651073024,9.030909849377167,0.8685205758295884,1.5181186505750048,2626198265.107302
isoleucine,sers,1512.0,496,2.5983181862691307,11.050260914545674,0.8597001611693534,1.4828569855823193,54.9862580405004
isoleucine,sers,1176.0,328,2.368677740614651,11.231652072628208,0.8317923584475715,1.3712890346226048,23.26988330757531
isoleucine,sers,1254.0,367,2.274856105474915,11.628802651832643,0.655527428044662,0.6666288610088509,27.391498978318058
isoleucine,sers,870.0,175,2.2441041942005002,27.178936243757278,0.6565924459010117,0.6708865183082446,61.79417714358703
isoleucine,sers,714.0,97,2.1444880182296244,12.315493541440105,0.730822678435986,0.9676391872930502,365.6433420620465
isoleucine,sers,532.0,6,2.1162773909816077,12.483272930294147,0.861844596426066,1.491429865717037,2116277390.9816077
isoleucine,sers,1008.0,244,1.96327356217959,13.48353334014837,0.6814711546573915,0.7703449595959352,32.18937360964417
isoleucine,sers,1480.0,480,1.8836762822313184,11.295794027298598,0.7532979587143634,1.0574893626329644,52.28306952751556
isoleucine,sers,1600.0,540,1.8723013440034988,8.26564783885101,0.743259297759906,1.0173574739194915,569.4161445513669
isoleucine,sers,1286.0,383,1.7541403828033235,9.279216314357427,0.7360910003934157,0.9887005331699059,40.679749221758556
isoleucine,sers,968.0,224,1.7509414058065462,66.36342123920099,0.6362266444596341,0.5894694766615557,48.21433143704736
isoleucine,sers,552.0,16,1.6616272920007844,12.820681438859197,0.7935685728615245,1.2184805359287876,1661627292.0007844
isoleucine,sers,1620.0,550,1.6476508482863634,9.678480879294284,0.6317861674878766,0.5717176342122717,501.09401277888355
isoleucine,sers,1104.0,292,1.451736018564929,21.495846360769747,0.5693850008742607,0.3222544154134991,70.00777125836957
isoleucine,sers,1044.0,262,1.3998943357062834,7.869958481844378,0.7834759265642424,1.1781328282151287,31.641321615037114
isoleucine,sers,1196.0,338,1.3841766383431717,6.2446451078691325,0.7435706721961721,1.0186022658574942,23.072185986654226
isoleucine,sers,1322.0,401,1.3468859564139488,8.975004004331481,0.7686793920302158,1.1189802300789258,27.41427352052758
isoleucine,sers,1272.0,376,1.31093420224147,6.746555155473175,0.6586494188708015,0.6791097475501464,15.784933726101732
isoleucine,sers,898.0,189,1.2731942202341424,11.121411528817191,0.49187123192246335,0.012375043707643743,35.05897336971441
isoleucine,sers,1300.0,390,1.1862713714522541,4.480504086179394,0.6639487189269608,0.7002949356024085,47.23373890376706
isoleucine,sers,830.0,155,1.1675546549984759,17.89682287713083,0.5813953875623995,0.3702687376583542,1167554654.9984758
isoleucine,sers,580.0,30,1.1566980699641596,6.421852119998476,0.5575274176974566,0.27485096084708605,1156698069.9641595
isoleucine,sers,886.0,183,1.0662754167495991,8.0924915667253,0.46106387380402736,-0.11078455628026104,29.361208876467117
isoleucine,sers,1664.0,572,1.0620510990425194,4.554475935673281,0.6151929522253137,0.5053823857825306,1062051099.0425193
isoleucine,sers,1556.0,518,1.0454920564631838,6.063075930167315,0.6109540688819103,0.48843646088491555,38.68152468671655
isoleucine,sers,1724.0,602,1.0310349685628213,4.7119423144870325,0.6096191159148723,0.4830996750173641,47.53835786960785
isoleucine,sers,1450.0,465,1.0224830664580622,4.50809292122733,0.8125773046215842,1.2944723749838003,33.621333263152565
isoleucine,sers,1222.0,351,1.0127404839648113,7.849936087588617,0.5454079420550256,0.22640053006211974,16.88089233337956
isoleucine,sers,802.0,141,0.9918412686532694,10.67464756016227,0.5747022044674743,0.34351117703119033,991841268.6532693
isoleucine,sers,734.0,107,0.9431023532350831,6.314636926810039,0.40004143332672526,-0.3547359957570775,160.8025288143775
isoleucine,sers,1376.0,428,0.9423453611607513,3.459234480072837,0.5625558959790866,0.2949534756856697,942345361.1607512
isoleucine,sers,696.0,88,0.9018809721140191,7.764311400960622,0.5974163548498518,0.43431629132901933,153.77412696302926
isoleucine,sers,1122.0,301,0.8178719236895116,6.032606456776648,0.4539650496239834,-0.13916376176219686,817871923.6895115
isoleucine,sers,854.0,167,0.7946589789691733,7.329444998994575,0.6151862485888275,0.5053555864320336,794658978.9691732
isoleucine,sers,1406.0,443,0.7672887882044543,7.576057984763338,0.6693420467722168,0.7218560216738511,767288788.2044543
isoleucine,sers,952.0,216,0.753739255726029,6.091634210019947,0.6203557535248241,0.5260218882163413,14.862351055866599
isoleucine,sers,764.0,122,0.7243738069635408,4.389619410992424,0.7332119205539606,0.9771907399576033,724373806.9635408
isoleucine,sers,932.0,206,0.7081918649655689,10.80009334642341,0.5944472134547145,0.4224464560407478,13.799263746299058
isoleucine,sers,1074.0,277,0.682203111177452,9.407381069095322,0.6459075117427305,0.6281710017173073,15.419598106062821
isoleucine,sers,610.0,45,0.6806755565405669,9.394193673295035,0.5678779800354452,0.3162297480931658,680675556.5405668
isoleucine,sers,748.0,114,0.6797278245205631,5.733223611027768,0.5381553502808751,0.197406602755987,679727824.5205631
isoleucine,sers,594.0,37,0.6729195044497179,3.4746905591997574,0.3106309926287997,-0.7121750877027465,672919504.4497179
isoleucine,sers,626.0,53,0.5757949555901384,9.31381659612272,0.5739632389023105,0.340556989818495,294.55745672133185
isoleucine,sers,1058.0,269,0.5563837109660609,4.517222674732238,0.6684724699583807,0.7183796855291193,12.575746248135895
isoleucine,sers,1496.0,488,0.5450647005812982,4.560860268199576,0.5415328952808882,0.21090912671612552,15.128743673371211
isoleucine,sers,984.0,232,0.5260253947996284,5.433622350691849,0.6015068266168873,0.4506689063326547,8.624589200176334
isoleucine,sers,1236.0,358,0.5180116213376305,5.496172276339053,0.2663735640202431,-0.8891044817445295,6.237368052633099
isoleucine,sers,1566.0,523,0.5085486809721047,3.6014581765814455,0.541263806111082,0.20983337999396284,56.63632301208825
isoleucine,sers,1212.0,346,0.4315491723009815,3.1706336396136976,0.4225667301735297,-0.2646858675183604,5.196275352857341
isoleucine,sers,1526.0,503,0.4060302093748063,4.1481724427175095,0.5848970411324435,0.38426741457589086,11.269720740905841
lactate,sers,1322.0,401,3.7057780981713493,72.00529858891991,0.9309487028620199,1.9031120820264942,205.1261736474288
lactate,sers,1464.0,472,3.6869477730494626,75.72473687610648,0.8939678598989825,1.7491663342881822,115.79924162535227
lactate,sers,1108.0,294,3.66587966328771,30.214048981610176,0.9346716751603384,1.9186102618502077,3665879663.2877097
lactate,sers,1606.0,543,2.98039184267026,32.15904706114907,1.0,2.1905623594804626,152.14809668988298
lactate,sers,1188.0,334,2.5745585544240117,56.9328578886948,0.8192725286737047,1.4382207825729423,260.95374397743535
lactate,sers,860.0,170,2.4889752243947068,82.22479741565968,0.6846031930733856,0.8776123727772435,45.960738140393715
lactate,sers,804.0,142,2.124804908376769,37.79172892580635,0.6508839140092274,0.7372440303379698,2124804908.3767688
lactate,sers,664.0,72,2.110364194832229,27.88653520685712,0.6538266697207107,0.7494942845809104,2110364194.832229
lactate,sers,946.0,213,1.7723549667490053,11.421644724527482,0.6807731090980491,0.8616683029767518,26.21420178050373
lactate,sers,1658.0,569,1.7078115715702038,6.669389720553454,0.877826541279814,1.6819724261667819,87.18326107300119
lactate,sers,1682.0,581,1.466267074765159,9.957909107753494,0.6995673188382894,0.9399058021733984,23.237325211983368
lactate,sers,1394.0,437,1.386582361481246,9.77090284617509,0.34042726276315477,-0.555140823197657,76.75158272375127
lactate,sers,1248.0,364,1.383696494251136,8.884067515519632,0.5901688349046122,0.4844961884055133,27.13466028975026
lactate,sers,716.0,98,1.235249787700873,8.324126653424202,0.5703238713931769,0.4018845575765194,31.795860171315734
lactate,sers,766.0,123,1.2192232446803768,12.107569287807905,0.5417707912465305,0.2830223326726442,31.383330069320955
lactate,sers,1018.0,249,1.1810558374855709,12.222554842349496,0.7254662414133575,1.047719163956973,9.721768123452616
lactate,sers,1734.0,607,1.1023594899299074,10.102229037968755,0.6839742794277608,0.8749942988318953,12.306783867885681
lactate,sers,526.0,3,1.0676203326445706,6.77807233507161,0.5587636208992793,0.353760954550379,1067620332.6445705
lactate,sers,1638.0,559,1.0477840284783264,6.8183511063043625,0.8383072467930198,1.5174594823720475,53.489055832405526
lactate,sers,1520.0,500,1.0248285028446826,14.101522080822974,0.5903490415542219,0.4852463618790953,12.007633081602442
lactate,sers,1500.0,490,1.0009024524894146,15.273212369535258,0.8110523072837823,1.4040012238216473,18.948337640434943
lactate,sers,620.0,50,0.9291492069829351,17.25410934724023,0.5283599796539448,0.22719511909447512,929149206.9829351
lactate,sers,1698.0,589,0.8759415373621686,12.591794818068593,0.6215124099570012,0.6149748284693635,10.405937010966388
lactate,sers,1440.0,460,0.8193800678464794,7.423332255828882,0.6591811008182247,0.7717839846789845,27.99857861844582
lactate,sers,1166.0,323,0.8182952350698778,4.856478511628893,0.8000376598965975,1.3581488853611952,209.81220347662807
lactate,sers,1074.0,277,0.7260334338100014,6.356479290419429,0.7214118808891606,1.0308414642484507,118.59045511588954
lactate,sers,550.0,15,0.6801667751935961,8.152165587395238,0.34037453291964354,-0.5553603296917514,69.55839022080305
lactate,sers,1210.0,345,0.626499762640633,12.727208769737558,0.7551886978815081,1.171449328523051,36.92788613726955
lactate,sers,1426.0,453,0.5962146889281598,7.905579964614958,0.47491229894041265,0.0047003755174489376,596214688.9281597
lactate,sers,982.0,231,0.5772151886427663,11.921310859687537,0.23701059531321755,-0.9856490248386438,5.068002049202248
lactate,sers,1268.0,374,0.552702335469705,17.316753672895175,0.42033901497308873,-0.22248008695286617,16.555013699552497
lactate,sers,928.0,204,0.5417220699249985,15.919080165859498,0.5428595636936455,0.28755473039693447,10.177571290251468
lactate,sers,822.0,151,0.5294209575538418,7.117329058996347,0.5253382534006358,0.21461612223409818,529420957.55384177
lactate,sers,1050.0,265,0.5076754020924469,6.032603997057436,0.6766063367868475,0.8443226497220548,5.117803828076871
lactate,sers,700.0,90,0.49580111335159677,8.637597822449123,0.4343885196105552,-0.1639940892450949,12.054709212906573
lactate,sers,1354.0,417,0.4167074332056391,5.763350349990901,0.7757784196304364,1.2571612770995253,416707433.20563906
leucine,sers,1614.0,547,4.4724081155729225,36.789057030342974,1.0,2.8182376995571694,51.16421768302474
leucine,sers,1070.0,275,4.268917934836396,14.025062835413564,0.9424762247274933,2.5387969296610535,120.5772779133585
leucine,sers,1348.0,414,3.168032709852797,43.714279314758414,0.79670847316357,1.8306818497643966,71.1039165076749
leucine,sers,808.0,144,3.144610890387579,37.73295954234379,0.7340218355491611,1.5261607679302303,3144610890.3875785
leucine,sers,1466.0,473,2.8575767893079735,73.1200125249926,0.7494728947464168,1.6012193999017512,29.08773160411196
leucine,sers,952.0,216,2.5303227696621953,17.015725372536508,0.6911823964011498,1.3180540190124543,140.7196301425881
leucine,sers,1204.0,342,2.260503432537286,52.518258385595686,0.6227092214248349,0.9854229174901938,45.83355658019287
leucine,sers,764.0,122,1.9055511774483578,29.05936141917806,0.49938270113550814,0.38632354310108574,1905551177.4483576
leucine,sers,676.0,78,1.8907180336260059,20.176538726089518,0.5399282300616285,0.5832868641850462,1890718033.6260056
leucine,sers,1092.0,286,1.7769414622865307,11.091154277135502,0.6799899985834819,1.2636832436532863,18.103636998612618
leucine,sers,1252.0,366,1.7408741903028915,11.137753212932466,0.5357761220891928,0.5631166260007006,42.81243219575385
leucine,sers,870.0,175,1.6769357468369979,27.631900314205723,0.6191044425388125,0.9679115114247295,2507.837947320319
leucine,sers,576.0,28,1.5959140224521902,16.518891228452212,0.48916012303321954,0.33666398787032875,34.15012019794049
leucine,sers,1394.0,437,1.5737221893908422,17.635819668787462,0.48893819157273094,0.33558588237587383,35.320914084223936
leucine,sers,1718.0,599,1.5415134125182401,7.815716147172225,0.6098064287896102,0.9227433334274913,15.414946537840983
leucine,sers,1034.0,257,1.4829411902061262,14.44025687787672,0.7941435143687132,1.818221713812069,68.0831324940649
leucine,sers,1522.0,501,1.441794821177944,9.822329136081748,0.5967516959686276,0.8593256496436691,10.622528445226939
leucine,sers,706.0,93,1.4280076032464353,11.295578234280583,0.43281702180626896,0.06295873277176597,1428007603.2464352
leucine,sers,1676.0,578,1.342585479406896,7.136823939276837,0.5409842121179477,0.5884166463910365,15.359138511366144
leucine,sers,728.0,104,1.2682914372457557,9.244472332705442,0.44681651327533367,0.1309658942582494,1268291437.2457557
leucine,sers,1158.0,319,1.2366752040025404,8.44999557357653,0.4271312693480361,0.03533830909754467,17.7903373013184
leucine,sers,634.0,57,1.2271841429119081,15.665079834461906,0.49451038942640835,0.36265467698938186,31.83872942643221
leucine,sers,848.0,164,1.1756624212506264,7.291089918381147,0.5026311334727834,0.4021038779101872,1175662421.2506263
leucine,sers,792.0,136,1.0858187330231783,7.399462311141349,0.7292739694288723,1.5030964374384987,1085818733.0231783
leucine,sers,1284.0,382,1.0686986484995231,12.14694259609962,0.46976594227297064,0.24245033834064236,21.66873947994795
leucine,sers,1058.0,269,1.0457516935530302,6.5035851081601095,0.7176694502599684,1.4467236462670083,1045751693.5530301
leucine,sers,1312.0,396,1.0417230120991123,6.824832644753201,0.5997748199707389,0.8740114746723533,21.12178638116094
leucine,sers,1748.0,614,0.9811564681259265,2.6871038357546695,0.6218309591922592,0.9811564681259265,981156468.1259264
leucine,sers,904.0,192,0.929647550879396,9.112659452857429,0.6102183610377733,0.9247444306090721,51.70077947809648
leucine,sers,1220.0,350,0.9221312267159402,6.110010925361848,0.6170193025305852,0.9577822539745726,18.696965085608454
leucine,sers,1736.0,608,0.8998066829676346,4.910584701950029,0.5539244932566811,0.6512783432624544,9.88033692384389
leucine,sers,1296.0,388,0.8218744067050038,5.892976665900505,0.38030808384811393,-0.1921208057311111,10.699921038036607
leucine,sers,1454.0,467,0.8182318874304962,11.18965062295922,0.664035070206193,1.1861769004366602,7.746501404213796
leucine,sers,604.0,42,0.8011412183156744,11.615733273579039,0.32976401491203444,-0.43765534289023533,15.635549820601106
leucine,sers,554.0,17,0.7836092402917187,15.891907307849316,0.354805764927981,-0.3160067572254013,15.293385281341026
leucine,sers,980.0,230,0.7765199639434454,8.980817785261593,0.3486839257307196,-0.3457456165119993,13.277497084253827
leucine,sers,1178.0,329,0.7715110384486585,5.8483757725850865,0.5588970886418497,0.6754343705091135,18.97337797633266
leucine,sers,1110.0,295,0.759981137390917,9.778937103312387,0.5805739569527322,0.7807369300340069,21.465968240873856
leucine,sers,1488.0,484,0.7566512438385663,5.151287220576364,0.6356838414287028,1.0484514267598777,6.565074185806097
leucine,sers,1146.0,313,0.7036306933201274,4.2472543622311605,0.2927151036403699,-0.617632686875775,10.122162496030668
leucine,sers,1688.0,584,0.6827645122209248,5.697183313697451,0.46984876464459824,0.24285267541227248,6.697865209565683
leucine,sers,1016.0,248,0.5990501016120331,5.587402786824043,0.41221043983728245,-0.03714455674743178,10.242989680629792
leucine,sers,1564.0,522,0.5905751721192891,5.080801471129462,0.3153658277911756,-0.5075993004121628,5.274492866541016
leucine,sers,1134.0,307,0.5778106449733773,9.775609298291215,0.27491111467661855,-0.7041214536454079,8.312163320732031
leucine,sers,920.0,200,0.5558522422765497,5.455712586588561,0.498224876225967,0.38069902554127094,30.912784283851202
leucine,sers,1586.0,533,0.5251948791279691,3.4484172165148266,0.46886264893838414,0.23806229211691857,5.6476045454434525
leucine,sers,1440.0,460,0.5102940637323202,6.683958984184187,0.6524670942805338,1.129981630159417,5.810090595687946
leucine,sers,1538.0,509,0.5031540811091328,5.7632009454213176,0.46939906660439634,0.24066811840120206,3.707024370185432
mannose,sers,1600.0,540,3.8722709123114667,35.22487514716636,1.0,2.2050355485283384,37.06213562328244
mannose,sers,672.0,76,3.4664636339757413,34.62367735834417,0.8489587111949254,1.556991915793745,3466463633.975741
mannose,sers,1056.0,268,3.400460600038622,109.09387359433316,0.808919646168899,1.3852040466883073,73.00643458148757
mannose,sers,854.0,167,3.279883871319682,59.209511362512956,0.8089294419737101,1.3852460756526095,3279883871.3196816
mannose,sers,1178.0,329,3.2424729085007593,14.153282349621463,0.9328403807782234,1.9168867651203807,90.79380965904248
mannose,sers,1486.0,483,2.715405686603093,14.699490125658599,0.8535531560665417,1.5767044114203115,2145.665491227872
mannose,sers,1320.0,400,2.6216823211386435,18.68864052867741,0.8825103943275765,1.700945630659773,128.7983179138431
mannose,sers,1668.0,574,2.4124937282061216,10.80356688337929,0.7527973928914726,1.1444111537059722,24.573463141467403
mannose,sers,594.0,37,2.3538037671345386,14.613342799466409,0.6077660773283845,0.5221533502845871,2353803767.1345387
mannose,sers,1464.0,472,2.3116364172480175,7.360011496868651,0.84860341145204,1.5554674999342755,42.6320500267069
mannose,sers,718.0,99,2.1326956931881553,15.035013641307046,0.7076456714544078,0.9506873989910769,2132695693.1881552
mannose,sers,806.0,143,2.127743998715393,23.24774356691489,0.7614046631016953,1.1813407025670084,2127743998.715393
mannose,sers,564.0,22,1.7856846567634677,11.096047389527115,0.5173379113268443,0.13417071546482845,1785684656.7634676
mannose,sers,1380.0,430,1.7608977850409917,7.0913220263418,0.6010221231231423,0.4932183708711032,32.47512537164296
mannose,sers,1726.0,603,1.5709749193420528,13.70991211345222,0.607878984293572,0.522637778353627,16.001821611087458
mannose,sers,648.0,64,1.5548684879164818,15.040314113875624,0.6909066986553414,0.8788687272439638,1554868487.9164817
mannose,sers,1258.0,369,1.4497176564030028,6.661166325167187,0.6468865477791493,0.6899999833858013,18.57055028929869
mannose,sers,938.0,209,1.394525383135378,35.09317734407705,0.6022235163884224,0.4983729564955663,21.9075658491137
mannose,sers,1510.0,495,1.3346775067896428,10.067350487729527,0.7261299934342021,1.02999450275845,23.620466643164324
mannose,sers,1344.0,412,1.2957373777060472,12.652670461994376,0.7854759449476699,1.284618694005331,1295737377.706047
mannose,sers,620.0,50,1.2738202672974195,10.192561148587998,0.5774819067877821,0.3922189194627378,1273820267.2974193
mannose,sers,1144.0,312,1.2652834589774908,14.316475251397947,0.33376265471213296,-0.6534601179181674,41.02720800130782
mannose,sers,894.0,187,1.2259545550645183,6.785835488197222,0.7273753713299028,1.035337804726025,14.357388141911994
mannose,sers,1206.0,343,1.1301612996788348,18.598841980665043,0.7485567673394687,1.1262167221731854,12.541830404773073
mannose,sers,1002.0,241,1.0939825258026707,11.141498172550428,0.5523618822986053,0.2844412908875694,63.01866418396172
mannose,sers,1440.0,460,1.0060389021028113,8.297014438824021,0.7587789310635186,1.1700749821665182,18.553739888870545
mannose,sers,690.0,85,0.9998070827247129,5.646576531139772,0.6920010693043134,0.8835641316365548,999807082.7247128
mannose,sers,754.0,117,0.962182185242283,9.621203091091132,0.6021157973268382,0.49791078716070397,962182185.242283
mannose,sers,1644.0,562,0.9215286442033288,8.474471004514271,0.49051869762874933,0.019102704528901816,9.386615147379214
mannose,sers,968.0,224,0.8605275345014274,7.6912268558753,0.4640362489403821,-0.09452041394081036,49.570531922353304
mannose,sers,872.0,176,0.8510088880885177,4.688312951750106,0.7854764078286138,1.2846206799990338,20.33658959816842
mannose,sers,1528.0,504,0.8130891797624662,5.516083344288063,0.47731554808838383,-0.03754549451234666,29.220394962749893
mannose,sers,1114.0,297,0.803898178158799,9.67544626563199,0.6970808308399791,0.9053588815691155,26.06664738496372
mannose,sers,770.0,125,0.801711426783438,7.718747180750029,0.5937738422372917,0.46211957455184427,801711426.783438
mannose,sers,1228.0,354,0.7739754418041491,6.31935961853776,0.48284256505184814,-0.013831792255664489,5.710669321622496
mannose,sers,1296.0,388,0.762865678419915,7.845031365317141,0.7153954234271277,0.9839377602725863,9.772134168681738
mannose,sers,1032.0,256,0.7466818360855986,7.3107707625542275,0.7578917032268064,1.166268325358206,16.03093963763295
mannose,sers,1700.0,590,0.7081040410932569,6.5952214532753715,0.56135379074881,0.32302113262083,10.047579811325338
mannose,sers,1242.0,361,0.6317886666202992,4.131860499701816,0.5348679309079756,0.20938337857925476,7.0111994727312466
mannose,sers,1568.0,524,0.5337596111106186,5.083890643316863,0.4355185508864724,-0.2168757830606677,5.083933799343128
mannose,sers,1040.0,260,0.493373181568572,2.8988684206065045,0.7069501004779282,0.9477030471890722,10.592511174526543
mannose,sers,1168.0,324,0.4549193518228545,5.094172188857442,0.6216982840858505,0.5819295740611837,454919351.82285446
mannose,sers,1084.0,282,0.4508002905987046,5.214892225194603,0.6338797751472767,0.6341943407486446,12.352804276703427
mannose,sers,928.0,204,0.44657731133828943,5.377067552999392,0.5985453802335938,0.4825918893825619,4.739219665356287
mannose,sers,1272.0,376,0.4296661497189689,4.6999538229965765,0.5005500215875339,0.062142165267202155,5.503924716460345
methionine,sers,1060.0,270,3.3555874422925633,120.82902387039621,1.0,1.6953896457704165,239.4263016354658
methionine,sers,1330.0,405,2.805865774385119,71.86432483051112,0.8904006969820274,1.3194614147981008,2805865774.385119
methionine,sers,810.0,145,2.497589779142287,44.45945854747839,0.8337550745656924,1.1251655749440233,15.7999123918445
methionine,sers,1606.0,543,2.155913801190346,19.497391659396044,0.8743755961476923,1.2644949356151387,15.753340681627327
methionine,sers,1444.0,462,2.154120674329196,10.99159468432481,0.8530484360836504,1.1913422664487665,82.90008963936897
methionine,sers,686.0,83,2.07794184733992,40.06159417002871,0.7143151615115773,0.7154838161598666,2077941847.3399198
methionine,sers,1188.0,334,2.028895723386656,41.45758835428421,0.8362546068414376,1.1337390304387631,2028895723.3866556
methionine,sers,874.0,177,1.905054658242856,25.97161845500119,0.8017731698401579,1.0154668767267194,24.91569665301603
methionine,sers,722.0,101,1.9001351764005532,19.17971320780427,0.6307725040381815,0.4289305026816808,1900135176.400553
methionine,sers,960.0,220,1.4806631064440592,21.882479263349694,0.7046499016332844,0.682331743583835,41.03924285741521
methionine,sers,1268.0,374,1.3101288059412015,33.748125024175806,0.6560122631737261,0.5155034802528674,1310128805.9412014
methionine,sers,1464.0,472,1.2188984653975201,11.158003081342827,0.8409349469965538,1.149792709124776,27.304184246572273
methionine,sers,1424.0,452,1.1888716403627297,10.528119979793587,0.6932078328718229,0.6430851740371792,32.018150193274096
methionine,sers,1358.0,419,1.178827223580961,12.913848658287975,0.847227435416517,1.1713760949218792,1178827223.5809608
methionine,sers,1022.0,251,1.0556312859995258,22.38701803166674,0.885811901773134,1.303721737467391,1055631285.9995258
methionine,sers,1678.0,579,1.023615438527385,8.661411149410924,0.701523934335101,0.6716096009777757,9.849045330083133
methionine,sers,528.0,4,1.0117767459068538,8.594752064004837,0.7042522742508915,0.6809678721509613,1011776745.9068538
methionine,sers,984.0,232,0.985338410877483,6.400490537023529,0.6571961943811456,0.5195643926140088,27.31042744615611
methionine,sers,1104.0,292,0.9247530057236876,18.87744444137013,0.8731312792665633,1.2602268989487455,217.43611058183163
methionine,sers,1380.0,430,0.9083288572693752,9.201883729426413,0.5093576411854143,0.012474618847252695,908328857.2693751
methionine,sers,846.0,163,0.9062875733153806,6.628731698146453,0.6152479068387471,0.37568076293849956,5.636001114639241
methionine,sers,1406.0,443,0.8977735439569864,4.113791788438903,0.5560597711789838,0.1726640418424216,30.2721882099837
methionine,sers,914.0,197,0.8346788361149671,7.65242254832981,0.5479312639289196,0.1447830675404118,9.116532040578582
methionine,sers,752.0,116,0.8328204996172236,12.289815931840224,0.5152791738741302,0.03278561761289911,832820499.6172235
methionine,sers,1484.0,482,0.8250688930669711,13.976538223610532,0.6306719462195927,0.42858558695857313,23.137812635892026
methionine,sers,1742.0,611,0.8061428579990366,6.777526006221933,0.7407461847208503,0.8061428579990366,806142857.9990366
methionine,sers,1720.0,600,0.805037741166752,3.976496237838546,0.6421754605296356,0.46804291620664334,552.7375297568868
methionine,sers,1640.0,560,0.7299884191391064,5.372129622806597,0.67980200993104,0.5971028806823562,5.5754526945247775
methionine,sers,1312.0,396,0.7208390026489108,6.0528830829164235,0.7529901102389027,0.8481398154012515,720839002.6489108
methionine,sers,610.0,45,0.7173204308418714,9.441911593025736,0.4376315317276518,-0.23354765228490626,11724.682222388981
methionine,sers,1702.0,591,0.7038135986325795,6.535659859802308,0.5229505882771791,0.05909875251596319,12.996767808799424
methionine,sers,1172.0,326,0.6917781831952019,6.736278704045731,0.6622600312498197,0.5369334742007854,691778183.1952019
methionine,sers,1564.0,522,0.6779124391508524,11.797957002588191,0.34394258065063793,-0.5549029955233395,15.185716174957577
methionine,sers,646.0,63,0.667015691938974,7.7654619525334,0.6016592339611037,0.3290712899264648,667015691.938974
methionine,sers,1532.0,506,0.6609030906275373,9.962593652119153,0.4680374432052914,-0.12925464860571798,14.804694786237315
methionine,sers,1302.0,391,0.6557169459141078,6.452677564844521,0.6933778766619629,0.6436684283048155,655716945.9141078
methionine,sers,940.0,210,0.6556515276089102,5.104415562773738,0.6769689163869445,0.5873853020583728,17.508898417578774
methionine,sers,898.0,189,0.5982122946099183,4.9588691476147915,0.4963226216187512,-0.032235810064704815,4.792570662146618
methionine,sers,1150.0,315,0.5842230144577438,7.238146787937467,0.4280635850328154,-0.26636593831394656,584223014.4577438
methionine,sers,1256.0,368,0.5142508657680267,6.101309099527384,0.6327992581447629,0.43588231774731234,514250865.76802665
methionine,sers,592.0,36,0.4727000316773733,3.962289792868887,0.3570937880221829,-0.5097940396614191,472700031.67737323
methionine,sers,798.0,139,0.4429508080140393,6.001200391402847,0.7978877466356883,1.0021397821958768,7.838126882668906
methionine,sers,864.0,172,0.43838851938173545,5.227334815349991,0.7340966205119123,0.7833346937044793,2.726240827557617
methionine,sers,1210.0,345,0.4263990285763543,6.636223631949065,0.7113432072952496,0.705289942108573,426399028.57635427
methionine,sers,1656.0,568,0.4243509843666256,4.9822406699965995,0.5348684570760995,0.09997732757226252,3.596903583891705
methionine,sers,546.0,13,0.3936248518508588,4.255525470985955,0.5301737549697358,0.08387438704993187,393624851.8508588
methionine,sers,1664.0,572,0.3843793265976929,3.8142076429767258,0.5255287152877512,0.06794178983114943,2.8240105647158558
methionine,sers,1030.0,255,0.381105086697467,5.423751054896911,0.8657930147071523,1.23505647597832,238.2634408924472
methionine,sers,1090.0,285,0.36503539990798983,4.621305413570553,0.805044255889259,1.0266867801196744,35.13007722732476
methionine,sers,570.0,25,0.35802682770281213,10.805262347701387,0.4757211440475043,-0.10289937092242904,358026827.70281214
n-acetylglucosamine,sers,1284.0,382,4.257444518219044,16.18008072606392,1.0,2.357194001453471,4257444518.2190437
n-acetylglucosamine,sers,828.0,154,3.6056250970471853,22.29110995868581,0.9148944706126095,1.9832892322772977,3605625097.047185
n-acetylglucosamine,sers,1610.0,545,3.3019372657015613,16.709874853977226,0.82470031706165,1.5870279739634694,3301937265.701561
n-acetylglucosamine,sers,1544.0,512,3.124338974017499,22.023455876986645,0.7316586610156189,1.178256426708226,3124338974.017499
n-acetylglucosamine,sers,1684.0,582,2.995187275686189,49.48232579911041,0.7681631587708634,1.338636203502014,48.692055228818624
n-acetylglucosamine,sers,1330.0,405,2.7148103626799864,34.44288603718758,0.7476265076347752,1.2484099648784595,2714810362.6799865
n-acetylglucosamine,sers,1128.0,304,2.4965433012152656,12.845163865299924,0.766185438489945,1.3299472375740096,36.83994582258316
n-acetylglucosamine,sers,522.0,1,2.3520832864271948,6.49668000313642,0.9988367355976291,2.3520832864271948,2352083286.4271946
n-acetylglucosamine,sers,1464.0,472,2.3155607097780484,35.0859979698638,0.6928231374875861,1.0076354627695845,23.72237265664253
n-acetylglucosamine,sers,886.0,183,2.3033331032216133,11.624578151926414,0.7728360325163058,1.359166124316277,2303333103.2216134
n-acetylglucosamine,sers,686.0,83,2.29588542434393,17.84251298165117,0.736760789129935,1.200672244442077,57.016441034443964
n-acetylglucosamine,sers,622.0,51,2.179103430562212,9.082243267305003,0.7102515635404593,1.084205947288174,2179103430.562212
n-acetylglucosamine,sers,1170.0,325,2.0868541268963154,10.203106514405931,0.620640965424316,0.6905084960703955,31.05549812494306
n-acetylglucosamine,sers,804.0,142,1.8686951107059997,12.909268025116432,0.8257741090594273,1.5917455986814184,1868695110.7059996
n-acetylglucosamine,sers,862.0,171,1.8642779478487361,10.912582884878361,0.783551392250682,1.4062432547561143,1864277947.848736
n-acetylglucosamine,sers,1350.0,415,1.8050378763492225,9.05153446424083,0.6793292465974576,0.9483510638018542,1805037876.3492224
n-acetylglucosamine,sers,1570.0,525,1.7061722980771956,11.214348071401673,0.5639109974581603,0.4412696307411599,1706172298.0771954
n-acetylglucosamine,sers,1506.0,493,1.6950301773015672,7.877431284027011,0.5783528280767531,0.5047187319076272,500.0251644426641
n-acetylglucosamine,sers,548.0,14,1.6656816214860424,25.88349359471376,0.6096703055564611,0.6423097236154488,1665681621.4860423
n-acetylglucosamine,sers,1194.0,337,1.6468372003726794,18.635082915617886,0.5860869593715357,0.5386980584845249,1646837200.3726792
n-acetylglucosamine,sers,1018.0,249,1.6353805937716945,13.860699333185153,0.6508842304944515,0.8233800160125334,21.404545833245837
n-acetylglucosamine,sers,912.0,196,1.6071992340709578,13.719136585829574,0.5819939469629047,0.5207157150234066,1607199234.0709577
n-acetylglucosamine,sers,1396.0,438,1.571354986723204,10.725756106722542,0.6484262863985015,0.8125812227207281,16.013937913553193
n-acetylglucosamine,sers,1370.0,425,1.5676826906632064,7.587873136900839,0.4467581926394124,-0.07343244278339991,43.70845218749014
n-acetylglucosamine,sers,1242.0,361,1.5626701870901174,11.994604416427933,0.5987653361078996,0.5943995570976235,1562670187.0901172
n-acetylglucosamine,sers,936.0,208,1.479733604940007,13.9718540700311,0.5448730600340499,0.3576278785613404,2594.4184906723513
n-acetylglucosamine,sers,766.0,123,1.4312031031712105,11.838303763246358,0.548283354884962,0.37261075356642753,1431203103.1712103
n-acetylglucosamine,sers,1716.0,598,1.373784736712349,13.646541540951375,0.5784309697201803,0.505062041365415,44.666590118126656
n-acetylglucosamine,sers,660.0,70,1.3621880701867637,21.859578056991325,0.550158774013522,0.3808502670436405,34.992635566192746
n-acetylglucosamine,sers,1738.0,609,1.3519627531595682,10.63229044925447,0.7711964526922338,1.3519627531595682,1351962753.159568
n-acetylglucosamine,sers,1148.0,314,1.2894497787390962,7.728145808842214,0.674745103625983,0.9282109749973101,19.18893355780293
n-acetylglucosamine,sers,1634.0,557,1.2615910464795532,13.7383468201715,0.558508609311594,0.41753464304432875,1261591046.4795532
n-acetylglucosamine,sers,732.0,106,1.178449893304017,20.800525832779215,0.5609136774024761,0.428101129568147,48.30868284130365
n-acetylglucosamine,sers,1662.0,571,1.177569598929741,7.050463310678197,0.7335075179287535,1.1863792410814107,1177569598.929741
n-acetylglucosamine,sers,1078.0,279,1.1133772907409627,7.009325519609092,0.6117095075253267,0.651268804734628,8.06037492247518
n-acetylglucosamine,sers,1220.0,350,1.110519282932446,11.104117425456252,0.5332033550671451,0.3063579038204154,1110519282.9324458
n-acetylglucosamine,sers,1444.0,462,1.0983411172419673,11.499786022252465,0.6705805363677488,0.9099142606637356,10.795833937303001
n-acetylglucosamine,sers,1056.0,268,1.0574808885280835,7.488715395135046,0.635744375229446,0.756864195842319,8.041607078418867
n-acetylglucosamine,sers,1696.0,588,0.9725275943128096,5.151394698810691,0.7256681792021217,1.1519376935324523,972527594.3128095
n-acetylglucosamine,sers,1306.0,393,0.9346918941852216,6.67917634050707,0.6756662714874813,0.9322580570036763,934691894.1852216
n-acetylglucosamine,sers,604.0,42,0.9304395634446193,11.339618508370307,0.38652920626460413,-0.3380439834234864,930439563.4446193
n-acetylglucosamine,sers,1266.0,373,0.9278995967027156,8.13283160210176,0.6990365242958378,1.0349335123447965,927899596.7027155
n-acetylglucosamine,sers,1428.0,454,0.8501378320539936,5.779767130724508,0.630861452277303,0.7354114395705678,6.917164064455831
n-acetylglucosamine,sers,1096.0,288,0.7532322122216177,19.305122696370177,0.5418723997916826,0.3444447025283067,17.202043145724186
n-acetylglucosamine,sers,1034.0,257,0.7479031210691454,10.030650046232381,0.6015686665423002,0.6067157793988549,7.870958896199309
n-acetylglucosamine,sers,782.0,131,0.6961553027832494,4.254426474083459,0.5021138606472502,0.16976853861053187,696155302.7832494
n-acetylglucosamine,sers,1486.0,483,0.6937843484464452,4.829302657071366,0.6575570820817489,0.8526966896817412,7.1076568140465906
n-acetylglucosamine,sers,950.0,215,0.5359392904339807,9.746783445730898,0.41877772524953993,-0.1963625305950831,15.925700331552365
n-acetylglucosamine,sers,992.0,236,0.48499892904775005,10.963532066742403,0.5262583481877114,0.27584553625894487,6.347869019244927
oleate,sers,1304.0,392,3.0574027350264554,16.619670745261146,0.865054824246801,1.414782369436675,278.97627949823067
oleate,sers,1434.0,457,2.846586277459261,19.69705843997599,0.8752533131429885,1.456926944558305,158.00380307313605
oleate,sers,1050.0,265,2.746452889900575,29.814649120287527,0.8579857574504476,1.385569922409341,65.19637965530694
oleate,sers,1650.0,565,2.451582475330353,21.298612392048653,0.7895064950531769,1.102583938137252,61.02763211591619
oleate,sers,886.0,183,2.451540374142671,11.015051958105687,0.8668953112978601,1.4223880594142115,60.06676244007123
oleate,sers,654.0,67,2.4186465545145337,26.683430157897504,0.8903064202382541,1.5191329055833278,37.42152691158431
oleate,sers,1396.0,438,2.2735969727934076,9.523605872485632,0.6819796075560381,0.6582362476267196,50.97387540519498
oleate,sers,1106.0,293,2.0555588311230513,24.63425694161822,0.7806473711220717,1.0659741993978329,56.59669534234624
oleate,sers,1170.0,325,1.9857216800550601,23.98851753155691,0.7386556184733225,0.8924460824377117,70.70646381214236
oleate,sers,528.0,4,1.9724343073584112,13.4036632509861,1.0,1.9724343073584112,1972434307.358411
oleate,sers,1530.0,505,1.9274252050950973,36.58779729060848,0.7276128397493806,0.8468125359172383,190.16055801549805
oleate,sers,628.0,54,1.8723260679811577,20.014780234863395,0.8077766303865873,1.1780840537797863,20.140445630310378
oleate,sers,1334.0,407,1.7853088109422555,15.142770060528619,0.8472460271103776,1.3411887031218113,539.2315867527892
oleate,sers,946.0,213,1.7767809105447563,11.980547288395996,0.7424590642947628,0.9081635686039877,43.53404822022086
oleate,sers,800.0,140,1.76183251159866,37.368512364409526,0.7482049498716736,0.9319080574985072,24.822301283545958
oleate,sers,1004.0,242,1.6551803263419476,10.549022235056157,0.7634266235463679,0.994810608669584,45.572880351685065
oleate,sers,730.0,105,1.5997539986742577,31.302906983356735,0.6765840287876322,0.6359393782527911,30.415157262519553
oleate,sers,1672.0,576,1.5925632541888155,6.35138597570176,0.7303530325746005,0.8581361999958844,31.452789837190902
oleate,sers,1150.0,315,1.5121219026400605,12.477531136293237,0.6230013459865479,0.4145125155562043,34.785105199217085
oleate,sers,932.0,206,1.4769923533301355,21.19748866232834,0.6785622873679154,0.6441143998854483,343.72047689674133
oleate,sers,1702.0,591,1.4616300644798035,17.002304453914576,0.6324928547248198,0.4537355423310087,36.38458944874638
oleate,sers,1478.0,479,1.370538153303086,13.036234174338574,0.6784924701850694,0.6438258850341615,36.97856478055872
oleate,sers,1582.0,531,1.338823400269014,12.88893888275038,0.6106521007292283,0.36348008322820485,132.08886352962315
oleate,sers,1028.0,254,1.3350960473846152,11.241722090813312,0.7294329576209546,0.8543340516191822,28.932134937722452
oleate,sers,1722.0,601,1.2382583047555547,5.246754226254097,0.6005832227411874,0.3218711165394096,30.80357639148553
oleate,sers,1204.0,342,1.19878951622528,17.50392518374963,0.6077078124057752,0.35131300811633304,17.697902709676775
oleate,sers,578.0,29,1.169753936386552,4.63234861790869,0.7111338608915609,0.7787142549394785,73.55911540140552
oleate,sers,838.0,159,1.1587730181797207,14.774987010751033,0.7457665773175262,0.9218316455585767,16.32584981100242
oleate,sers,1418.0,449,1.103148297632784,9.903378237524521,0.542678462588059,0.08258355746918548,61.23180869655907
oleate,sers,1250.0,365,1.054212516870787,6.078058791634248,0.6458992820120469,0.5091367088832838,96.19285100643866
oleate,sers,1380.0,430,0.9566980185927576,13.002533193307727,0.48250508429769257,-0.16607891473575392,21.44909857978394
oleate,sers,766.0,123,0.9299516845637384,23.21932004777787,0.5525209550777705,0.12325700118610675,20.98085277471367
oleate,sers,1606.0,543,0.8574631443497674,20.762364415995762,0.6399582390584833,0.4845857451467941,857463144.3497674
oleate,sers,1738.0,609,0.8333759096696145,10.262750398124354,0.5868775471649791,0.2652333263928585,20.731505209972678
oleate,sers,1632.0,556,0.7270610827169748,6.796333271346384,0.6484757705713918,0.5197838760023189,727061082.7169747
oleate,sers,670.0,75,0.6843503594065959,6.10786771459081,0.7831128771390014,1.0761627385629011,18.417418649298806
oleate,sers,976.0,228,0.6755049500579585,5.396558362656265,0.5331628372231986,0.043260870343589455,14.638497660495382
oleate,sers,1274.0,377,0.6564822129255478,7.603676373654821,0.60213700976551,0.3282920377794234,23.37565042360232
oleate,sers,714.0,97,0.5758623884916315,5.989648614520661,0.6280930270367471,0.4355535478797002,15.497761559491199
oleate,sers,1066.0,273,0.5709596491352185,3.31157697018989,0.7501923436343407,0.9401208296630472,13.900213558126007
oleate,sers,1562.0,521,0.5588155727324724,3.5705648101063616,0.494283480368642,-0.11740547859464012,55.13297266096201
oleate,sers,554.0,17,0.558561930140429,8.057493756072613,0.6046680689466152,0.33875147102303466,558561930.1404289
oleate,sers,1506.0,493,0.5382325470211485,7.118162288339363,0.6038509404768293,0.335374742124326,31.27020872666295
oleate,sers,688.0,84,0.5056086108727575,5.547881432389744,0.7186452437306119,0.8097545435106657,75.52445321817072
oleate,sers,602.0,41,0.4812610460920692,10.951765639474587,0.6907455779371195,0.6944610355340318,5.730594123488443
oleate,sers,1018.0,249,0.42739316934688537,3.0623952998152504,0.5926040313771853,0.2888976404418123,9.261803202270077
phenylalanine,sers,1096.0,288,3.221489250048042,19.409337979434554,1.0,1.8216934623015582,103.87336403172424
phenylalanine,sers,1518.0,499,2.9857506376388736,12.6550047058181,0.8769064531495836,1.3570319110820752,2985750637.6388736
phenylalanine,sers,1050.0,265,2.9751534901111194,30.418029862328126,0.9655442649292895,1.6916277056797302,463.5616600439177
phenylalanine,sers,1326.0,403,2.7714415227308344,66.13881937056499,0.8995155507710312,1.4423782077910405,40.366900198270116
phenylalanine,sers,1610.0,545,2.7072156331715895,40.457401377725546,0.9033039634039192,1.45667895495203,2707215633.1715894
phenylalanine,sers,906.0,193,2.6267583666967083,36.52875247066805,0.8452821343867041,1.2376543694593947,49.84728760516322
phenylalanine,sers,1208.0,344,2.6192666677795575,27.249025416628456,0.9748250387035676,1.7266613759964495,28.997650737012894
phenylalanine,sers,632.0,56,2.4911557240059947,18.299070147092692,0.8597767483981434,1.2923695840519804,1534.6452029159661
phenylalanine,sers,1584.0,532,1.9902317926190762,8.610906604654474,0.80755920129847,1.0952553806104657,1990231792.619076
phenylalanine,sers,810.0,145,1.802401614186159,16.612172124597464,0.8259558091523743,1.1647000961239395,1802401614.186159
phenylalanine,sers,668.0,74,1.6486569168105598,13.014925188147998,0.7007872620568041,0.6922056986069522,1015.634391803065
phenylalanine,sers,592.0,36,1.560741429708946,8.547316248006425,0.6656415327775987,0.5595353068319805,1560741429.7089458
phenylalanine,sers,758.0,119,1.5197876671015185,10.230494029990695,0.6435882435990038,0.4762871120937925,197.25878914604783
phenylalanine,sers,1464.0,472,1.5053726869621373,12.54758924491,0.8346291824714986,1.1974409115760074,1505372686.9621372
phenylalanine,sers,612.0,46,1.4475981362629853,8.278124680060301,0.6886811320478251,0.6465066892504929,1447598136.2629852
phenylalanine,sers,1666.0,573,1.3820118744456593,12.364690578476257,0.66600214995029,0.5608965880619602,124.30489924036586
phenylalanine,sers,1486.0,483,1.2880491219056929,11.799783917332661,0.7964107379943004,1.053171434009073,1288049121.9056928
phenylalanine,sers,1556.0,518,1.2814616473068827,10.25046463602257,0.47605563463327427,-0.15612590998332415,1281461647.3068826
phenylalanine,sers,848.0,164,1.2623832587291375,9.825403555153116,0.7800622771534788,0.9914581974607877,30.434558554273064
phenylalanine,sers,1534.0,507,1.2471832861239107,7.667272991818663,0.6944242528176929,0.6681861962112479,1247183286.1239107
phenylalanine,sers,1288.0,384,1.2303688512155948,5.65658965179864,0.6052486539952409,0.3315603279996463,16.61947437556251
phenylalanine,sers,728.0,104,1.160183664611328,15.247356632416341,0.5817297437872927,0.24277961138338808,150.58447296438544
phenylalanine,sers,1700.0,590,1.1566216969348073,12.219738983855223,0.6130109067631201,0.3608617861537728,23.306918629024736
phenylalanine,sers,1428.0,454,1.0516894942942803,13.430616444307361,0.5131065953983459,-0.016263526099045446,1051689494.2942802
phenylalanine,sers,868.0,174,0.9965882091305865,8.908064710554811,0.7315908956017726,0.8084852641279221,57.19696872477493
phenylalanine,sers,938.0,209,0.9301533382722174,5.503592651646329,0.649132090839349,0.49721438833478804,17.446692722124737
phenylalanine,sers,1686.0,583,0.8238685281202588,9.166401933679026,0.5746010758702649,0.2158698506590512,19.36844022881855
phenylalanine,sers,1068.0,274,0.8062569715790133,9.668527027145501,0.7746409254101889,0.9709933252136281,25.314671835452877
phenylalanine,sers,1128.0,304,0.8054259474806851,10.77213542205618,0.6293210834437839,0.4224305051566527,16.398385575279313
phenylalanine,sers,536.0,8,0.7434800195409295,5.473733133656804,0.7143703485195112,0.7434800195409295,8.925304157632906
phenylalanine,sers,1406.0,443,0.7279814071204151,7.583700024572295,0.4283020253493723,-0.33638934973253737,82.63101861022855
phenylalanine,sers,1020.0,250,0.722294948547277,7.621842017577308,0.7073164599753023,0.7168525408716828,22.678451455830594
phenylalanine,sers,1358.0,419,0.7214448906679716,6.848438768855999,0.7656588434243041,0.9370871761462561,27.45729291381635
phenylalanine,sers,1734.0,607,0.7090858636735574,7.231388680055716,0.6818086763397504,0.6205640950876831,15.456175163314661
phenylalanine,sers,1224.0,352,0.7032134169457818,7.268061739518998,0.5592997351047098,0.15810935128453238,8.416172845655908
phenylalanine,sers,1304.0,392,0.6995446768930011,2.6713731732686483,0.7796466360882144,0.9898892084513886,10.189083884601033
phenylalanine,sers,884.0,182,0.6984872997036231,5.636730801072076,0.7429212921516865,0.8512559842145941,38.74527840137239
phenylalanine,sers,1190.0,335,0.6068883713995633,5.338322039689615,0.8465023161747359,1.2422603912769772,12.356181901629153
phenylalanine,sers,1252.0,366,0.6050244419295537,4.358888874447189,0.5497114975342164,0.12191504657105745,7.908742724929133
phenylalanine,sers,1628.0,554,0.6040485587370978,5.106585315955499,0.8387082442001238,1.212838819905404,604048558.7370979
phenylalanine,sers,988.0,234,0.5517530008984819,8.474767706037142,0.38777597113013007,-0.4893697431011786,10.343734290776933
phenylalanine,sers,792.0,136,0.5462857618389687,6.621594938627197,0.6945511158535507,0.6686650870754924,546285761.8389686
phenylalanine,sers,1236.0,358,0.5443958226277547,4.107999678517672,0.5478464205905089,0.1148746324471555,6.515417978780507
phenylalanine,sers,1500.0,490,0.5086143040124843,4.649463902847174,0.749954957361488,0.8778071225217594,508614304.01248425
phenylalanine,sers,1144.0,312,0.4909645997130943,3.8970154930786975,0.4255193532462606,-0.34689356192766013,9.699427467675072
phenylalanine,sers,1648.0,564,0.4709639862499846,10.296074700932195,0.6439359070456266,0.47759949475351365,470963986.24998456
phenylalanine,sers,558.0,19,0.4437439350272053,6.699847226722937,0.36420843186128166,-0.5783340278690613,7.567802814113083
phenylalanine,sers,948.0,214,0.4395091137182262,3.9881847395995464,0.5613403044650602,0.1658122256318251,8.34044633658243
phenylalanine,sers,1388.0,434,0.39344992382598726,2.5792917808760194,0.40170190726067306,-0.43680121087369334,393449923.8259872
phenylalanine,sers,1712.0,596,0.3808769381825945,3.3591634086862996,0.4968041449195875,-0.07780307973091849,8.615776710920185
phosphate,sers,1336.0,408,3.8720582375658794,15.29176129700852,0.9769202749574151,2.154018582074655,71.85056079798518
phosphate,sers,1042.0,261,3.7094053783341403,44.679080970030725,1.0,2.251610612760534,37.7995203518994
phosphate,sers,1602.0,541,3.3585654315236653,12.085900083299748,0.876693231659633,1.730211077131494,63.59846854959687
phosphate,sers,872.0,176,2.863128756510969,42.42489125452897,0.834948007452267,1.5536924576801299,62.10681183585953
phosphate,sers,1212.0,346,2.779531701160928,43.22119746991041,0.7527198207333278,1.205992660273004,708.5785355731726
phosphate,sers,1444.0,462,2.755869208998293,14.516009472652854,0.8187591730541346,1.4852383829268103,2755869208.998293
phosphate,sers,1102.0,291,2.6376458342338553,34.677681592756244,0.9087422679981471,1.865729612643944,2637645834.2338552
phosphate,sers,952.0,216,2.1676002925173927,21.40121966243413,0.6777182161277615,0.8888502816419273,2167600292.5173926
phosphate,sers,1422.0,451,2.12289117271348,13.615707307763273,0.6419035184955093,0.7374087430671341,2122891172.71348
phosphate,sers,590.0,35,2.1006702979158405,13.303762564189128,0.7077543067173983,1.0158571272217212,17.483252706690855
phosphate,sers,1380.0,430,2.019801401367623,8.196021002047019,0.629094478778076,0.6832460442111516,2019801401.3676229
phosphate,sers,1704.0,592,2.0009884927697525,21.22969571636645,0.6317539185477371,0.6944914176776528,12.55910494300832
phosphate,sers,792.0,136,1.9896690632975025,11.99654207932059,0.8258200528886147,1.515095133828498,319.57240341986966
phosphate,sers,1152.0,316,1.9505203541736473,9.64501733961822,0.5548040454461503,0.369110835233612,197.22006469901365
phosphate,sers,1530.0,505,1.9133754742916251,6.681435496488007,0.7741687948997945,1.2966891023307912,14.994616175359683
phosphate,sers,722.0,101,1.799772643124741,13.066502346561151,0.6438957140528647,0.7458326913423831,64.71678908205108
phosphate,sers,1398.0,439,1.6605174528887545,8.671816319798609,0.5620345034173339,0.3996846429758937,1660517452.8887544
phosphate,sers,746.0,113,1.5803036835630921,11.95944309509511,0.6256607721541324,0.6687267030321771,1580303683.563092
phosphate,sers,812.0,146,1.575713541684968,8.178083579553402,0.822648448823575,1.5016840866575412,28.92668198209658
phosphate,sers,668.0,74,1.5735033780489411,14.349127247085733,0.6378105558074454,0.7201017543784612,25.0194881619325
phosphate,sers,926.0,203,1.5420092657295732,10.48020198493981,0.6532581027804956,0.7854213140973856,1542009265.729573
phosphate,sers,892.0,186,1.4802267774781148,6.81051218890741,0.7814434751893837,1.3274499030223765,1480226777.4781148
phosphate,sers,1620.0,550,1.4194034644274494,7.85508031142308,0.748239870936352,1.1870493064310086,21.277756870240232
phosphate,sers,1022.0,251,1.3431359910374856,5.931345338433061,0.719366253904372,1.0649579507411955,13.686801805250603
phosphate,sers,1642.0,561,1.2761864549138697,14.03066988018486,0.4911836582802699,0.10009364525045365,14.954521862246878
phosphate,sers,526.0,3,1.2638211417330818,6.856807318900944,0.7663957883543389,1.2638211417330818,1263821141.7330818
phosphate,sers,1250.0,365,1.2468389855563622,11.416984976586377,0.6719550626386119,0.8644809336049489,317.85330676820934
phosphate,sers,1486.0,483,1.2162091922521174,15.773071009160844,0.6775367349549464,0.8880828931156944,209.47326144254745
phosphate,sers,1470.0,475,1.151785422974427,7.644473248408076,0.6693020890525564,0.8532629022314623,1151785422.974427
phosphate,sers,1058.0,269,1.1009636881685734,9.628275975393649,0.8276772238172458,1.5229481338933375,33.410767311314785
phosphate,sers,1172.0,326,1.0538301166059343,8.059634004334612,0.576419399366684,0.4605108098523133,1053830116.6059343
phosphate,sers,1314.0,397,1.0528772906009793,6.491383208993966,0.6431948874705328,0.7428692639530955,20.447714089803796
phosphate,sers,1690.0,585,0.9985412777561712,5.508412920006549,0.5822582211440063,0.4852001193224401,5.2084657542493265
phosphate,sers,1546.0,513,0.9859995092823967,4.371007302657972,0.603863932070857,0.576559318787466,7.727016672593318
phosphate,sers,636.0,58,0.9494685155786298,18.59789065390237,0.48867771292820156,0.08949731902711511,8.354260549025309
phosphate,sers,698.0,89,0.8864558317962549,14.672979508339779,0.5791174035356057,0.4719192519008307,27.07316106683532
phosphate,sers,1282.0,381,0.8708516993295409,6.402308097090554,0.5973337372989861,0.5489465561836949,222.00387984587633
phosphate,sers,1676.0,578,0.8328160507593176,5.374692930455467,0.5076999332576652,0.16993229417007055,5.227128600439956
phosphate,sers,1010.0,245,0.7927958893853588,4.610645873342037,0.596319573906021,0.5446581920552612,16.08032578112968
phosphate,sers,994.0,237,0.764606839772159,6.306093327975077,0.48370724388032776,0.0684798170010605,122.99392393024826
phosphate,sers,1578.0,529,0.7405692369188037,5.8033160694008075,0.5234670716119497,0.2366032379209459,18.825706095178784
phosphate,sers,1266.0,373,0.7359864270141794,6.9263305751449025,0.6452818939083041,0.751694117626214,67.5247434357485
phosphate,sers,618.0,49,0.6757451844918227,8.438930637771492,0.4590002950023587,-0.03599288831082033,15.628006393342941
phosphate,sers,844.0,162,0.6686420829406449,2.299080388192351,0.7009013262270551,0.9868794734121857,39.041336572076254
phosphate,sers,774.0,127,0.6577178516942963,6.040831743587546,0.4399476672357125,-0.11655644052898506,657717851.6942962
phosphate,sers,566.0,23,0.6229967637873197,7.67264960206775,0.27975014224712624,-0.7939476029298103,4.851219314938827
phosphate,sers,1356.0,418,0.5740311910630141,9.015973023808328,0.5172599486384132,0.21035657620436582,574031191.0630141
phosphate,sers,1200.0,340,0.558712631012306,4.750751108597115,0.6588116608970839,0.8089043934291311,558712631.0123059
phosphate,sers,538.0,9,0.4786659023972551,9.641171951910753,0.535530490402558,0.28761309764056586,478665902.39725506
phosphate,sers,1516.0,498,0.4655364084654887,2.221821434418871,0.4751842401140707,0.03244051221914931,11.834209639654915
phosphate,sers,1666.0,573,0.45361436738937644,6.143954998407025,0.42087996480231477,-0.19718373559233004,3.8788796898270124
phosphatidylinositol,sers,804.0,142,4.1417078718524705,17.67198691599225,1.0,2.527677649022543,4141707871.8524704
phosphatidylinositol,sers,1286.0,383,3.848638173929307,13.365471383817749,0.9616531088532915,2.3550586546397723,3848638173.929307
phosphatidylinositol,sers,1610.0,545,3.7574505561668654,26.34427069980211,0.8435950767346527,1.8236189948988677,3757450556.1668653
phosphatidylinositol,sers,1442.0,461,3.4534166982528935,72.24268067194396,0.7948478101027671,1.604182584455275,3453416698.2528934
phosphatidylinositol,sers,1350.0,415,3.1722498965003627,16.65818854666759,0.7789887430958982,1.5327928024752653,3172249896.5003624
phosphatidylinositol,sers,1080.0,280,2.734273641306233,17.736648561489915,0.7218337791626712,1.2755090409209984,384.39359107778057
phosphatidylinositol,sers,1540.0,510,2.6970943564505574,19.751117646091643,0.7400466774551167,1.3574946229075437,2697094356.450557
phosphatidylinositol,sers,1242.0,361,2.5544323272805443,10.230451939820568,0.6878605838706785,1.1225782913372315,2554432327.2805443
phosphatidylinositol,sers,884.0,182,2.3741171569720203,11.905324875706071,0.7630866659337437,1.46120940976094,2374117156.97202
phosphatidylinositol,sers,660.0,70,2.2679132892955716,11.827100599870079,0.6163246117358759,0.8005582473951959,34.884040777946936
phosphatidylinositol,sers,1676.0,578,2.2620072109970315,34.07898644888792,0.6906059156267814,1.1349364354478588,41.96433903457572
phosphatidylinositol,sers,548.0,14,2.153208003617729,14.664348181099857,0.6107940152702,0.7756622005008227,2153208003.6177287
phosphatidylinositol,sers,934.0,207,2.1439797055439462,10.622663184269925,0.6057274077566537,0.7528548054873774,2143979705.543946
phosphatidylinositol,sers,1402.0,441,1.9761266489302427,9.84490741140371,0.735799656520057,1.338376606791771,1976126648.9302425
phosphatidylinositol,sers,732.0,106,1.937556106439663,14.46597893501314,0.5697817679142755,0.5910450728992065,1937556106.4396627
phosphatidylinositol,sers,1202.0,341,1.9237989014766015,13.582942850008294,0.670678105877763,1.0452311587941083,1923798901.4766014
phosphatidylinositol,sers,864.0,172,1.9005490385499555,9.631862109937913,0.7442273861124696,1.376314133503035,1900549038.5499554
phosphatidylinositol,sers,1130.0,305,1.7801335426795077,15.325673238590298,0.644079580846012,0.9254975765988827,79.80639528793638
phosphatidylinositol,sers,992.0,236,1.6498288170222517,19.619804658448118,0.6431013401231461,0.9210940141510342,72.33131194860178
phosphatidylinositol,sers,1266.0,373,1.6484925927757705,7.540360365342963,0.7497262345756993,1.4010672663803383,1648492592.7757704
phosphatidylinositol,sers,766.0,123,1.5965358833755017,10.658440256695371,0.5609591545554784,0.5513299721366183,1596535883.3755016
phosphatidylinositol,sers,522.0,1,1.5879339007156914,7.149652851217532,0.7912382043993679,1.5879339007156914,1587933900.7156913
phosphatidylinositol,sers,1326.0,403,1.5787189746343993,29.1890302120147,0.7680497970546817,1.4835510045412943,1578718974.6343992
phosphatidylinositol,sers,1166.0,323,1.5722699689048465,10.594782980695754,0.5554962483030987,0.5267386335562526,94.73800684416989
phosphatidylinositol,sers,1696.0,588,1.5071317939068085,6.807230636638451,0.6386834721945291,0.9012069282270103,67.43508622365735
phosphatidylinositol,sers,910.0,195,1.4784943371431902,10.12950627742623,0.5550292173415861,0.5246362880332868,1478494337.1431901
phosphatidylinositol,sers,622.0,51,1.4191957122959886,17.363796126957737,0.5631266199066278,0.5610868436348444,57.333512570949345
phosphatidylinositol,sers,1570.0,525,1.4132927779470914,13.93724584030656,0.5001812919178044,0.277737688237745,1413292777.9470913
phosphatidylinositol,sers,1716.0,598,1.410690756099945,11.95251626536583,0.5206255846927993,0.3697679194808713,1410690756.099945
phosphatidylinositol,sers,686.0,83,1.3903160274072777,17.530545647288847,0.5062583115920803,0.30509346581576297,57.657594000162945
phosphatidylinositol,sers,1508.0,494,1.3437654310618143,7.612515588392398,0.516859282304575,0.35281386371897383,1343765431.0618143
phosphatidylinositol,sers,782.0,131,1.279851438573119,6.607640421227757,0.5004018976020448,0.27873074739404,1279851438.573119
phosphatidylinositol,sers,1634.0,557,1.2373897817826784,10.139496335012609,0.6501328524691957,0.9527464520376263,20.924844908667257
phosphatidylinositol,sers,1104.0,292,1.1977392551709884,7.787008341453884,0.5599102960703765,0.5466085229777944,53.696675085495976
phosphatidylinositol,sers,588.0,34,1.1650511123457368,16.375692764205127,0.4978262099662256,0.26713625834307064,1165051112.3457367
phosphatidylinositol,sers,1218.0,349,1.1648970837583634,8.939398797599097,0.6369621077153828,0.8934581852006293,1164897083.7583632
phosphatidylinositol,sers,1428.0,454,1.0608193516764093,7.651752786862062,0.6607473169912738,1.0005275924879122,20.09505289040613
phosphatidylinositol,sers,1486.0,483,1.0513700224734355,5.631300207312165,0.7222220502725027,1.2772568480188564,1051370022.4734354
phosphatidylinositol,sers,1058.0,269,1.048459583491782,11.45009650950351,0.5401149236919006,0.45749941474964856,100.69218467377594
phosphatidylinositol,sers,828.0,154,1.0475987236069928,12.2941116464944,0.7221074462237627,1.2767409565070769,1047598723.6069927
phosphatidylinositol,sers,1740.0,610,0.9254408467028453,9.15184467775839,0.6440669784371296,0.9254408467028453,925440846.7028452
phosphatidylinositol,sers,1180.0,330,0.9124010448148145,9.18957638377617,0.41570979807543973,-0.10251176315307493,54.97723554975878
phosphatidylinositol,sers,1372.0,426,0.9084013055236307,5.407925200608929,0.4262466195205874,-0.055080133952846486,908401305.5236307
phosphatidylinositol,sers,952.0,216,0.8969877925360995,9.959255682954279,0.3867378237562977,-0.23292945602732554,896987792.5360994
phosphatidylinositol,sers,708.0,94,0.8045280497769648,6.312658346665586,0.42295855118966624,-0.06988141332055253,804528049.7769648
phosphatidylinositol,sers,1146.0,313,0.7969909195527182,5.1584076205074325,0.587008267439391,0.6685903689020609,35.730449902640515
phosphatidylinositol,sers,1034.0,257,0.7923923488258258,6.912370174170007,0.4751123249231114,0.16488943004953932,35.5242882049976
phosphatidylinositol,sers,1380.0,430,0.7647871133889178,4.759784356201635,0.3007103564769632,-0.6201831406674186,764787113.3889178
phosphatidylinositol,sers,1662.0,571,0.7601239828672608,6.158151191364823,0.6663496862292958,1.0257467253852435,9.217881326727333
phosphatidylinositol,sers,1018.0,249,0.6881635787355739,2.54091659982754,0.5119970842075926,0.33092662016695085,66.09000026976442
phosphatidylinositol,sers,572.0,26,0.5961195868800273,5.2058027756892145,0.3957701054530408,-0.1922705307050957,596119586.8800273
phosphatidylinositol,sers,1654.0,567,0.517548682459253,2.061856586908334,0.6512116558885885,0.9576026986804074,6.276216042701264
phosphatidylinositol,sers,1462.0,471,0.4747156999683561,7.576366136500383,0.6295484415693277,0.8600854773603619,15.602782451460076
phosphatidylinositol,sers,1314.0,397,0.46347251129614353,5.313189975814225,0.7246501376226135,1.2881869125981762,463472511.2961435
phosphoenolpyruvate,sers,1374.0,427,3.4958597998032475,18.263120926702072,0.9440302876439239,1.6352558948532636,551.0619038594346
phosphoenolpyruvate,sers,1040.0,260,3.3704147187551667,27.95970339369245,1.0,1.8537743596591578,67.87653948440263
phosphoenolpyruvate,sers,1512.0,496,3.253353329731371,12.300584728122999,0.897467933874777,1.4534658938853844,97.18049563664162
phosphoenolpyruvate,sers,794.0,137,3.1390934914979622,24.750209016647716,0.9672237299735724,1.7258083597148883,125.82836203145014
phosphoenolpyruvate,sers,870.0,175,3.1158308656326135,14.441696293776602,0.9687921330501157,1.7319317614272767,173.2061971012684
phosphoenolpyruvate,sers,640.0,60,2.9749506606257166,10.32526880276339,0.9852313025654221,1.7961140116828234,35.58242978344393
phosphoenolpyruvate,sers,1206.0,343,2.824622848306321,20.475762756386644,0.9279353805505138,1.5724177232566265,49.09745282788488
phosphoenolpyruvate,sers,1594.0,537,2.816095536682631,14.507239800435173,0.8414195823111842,1.2346404037585303,2816095536.682631
phosphoenolpyruvate,sers,1708.0,594,2.754375873217922,8.945564997700558,0.7940558790506378,1.0497217524320517,2754375873.2179217
phosphoenolpyruvate,sers,948.0,214,2.281024091373319,26.13326161732516,0.8048562292910049,1.0918887719599764,46.129424757663784
phosphoenolpyruvate,sers,1466.0,473,2.2693048407850775,9.174890061712176,0.8809155999498676,1.3888418240810825,67.77604490011164
phosphoenolpyruvate,sers,728.0,104,2.197702952376533,9.053400039882632,0.7712708980636278,0.9607640133921006,196.60194634952578
phosphoenolpyruvate,sers,1088.0,284,2.1839630597183604,36.61256720040592,0.841952582973793,1.2367213593616762,27.944138085891773
phosphoenolpyruvate,sers,1634.0,557,2.0131437460748516,8.011640435395748,0.8244576388455261,1.1684171253064375,2013143746.0748515
phosphoenolpyruvate,sers,1240.0,360,1.972333707802568,11.76015968372269,0.8371705562988841,1.2180512414769542,149.40733436843695
phosphoenolpyruvate,sers,1280.0,380,1.8309259589602924,15.549416343594203,0.6771107866666153,0.5931415597063345,696.0176613554685
phosphoenolpyruvate,sers,1652.0,566,1.8256534358243437,13.689399939987652,0.7358829608264861,0.8226014716854151,1825653435.8243437
phosphoenolpyruvate,sers,1318.0,399,1.800683231563256,19.71201197494088,0.8809240563918825,1.3888748399507211,1800683231.5632558
phosphoenolpyruvate,sers,910.0,195,1.6839214930310278,10.171607278886938,0.6940056640768861,0.6591029970510345,45.859218211764414
phosphoenolpyruvate,sers,1180.0,330,1.6784898944804443,9.953725830030976,0.8867624534270022,1.411669267567663,26.874497160681784
phosphoenolpyruvate,sers,744.0,112,1.6316257048551095,9.99140345665171,0.7067037323839289,0.7086791387828784,145.96185027714884
phosphoenolpyruvate,sers,1748.0,614,1.627864111694,2.019976073820544,0.9421370106726166,1.627864111694,1627864111.694
phosphoenolpyruvate,sers,1738.0,609,1.576823357653403,7.529848022919168,0.9203746345102004,1.5428988540688493,1576823357.6534028
phosphoenolpyruvate,sers,1446.0,463,1.5197575433483692,9.831415251868407,0.7155676835507992,0.7432860166738394,20.68503988544188
phosphoenolpyruvate,sers,1484.0,482,1.4557966783119594,14.045824939749423,0.6826559250321581,0.6147910388936818,43.47945646675217
phosphoenolpyruvate,sers,1350.0,415,1.290155248914011,9.541296185147871,0.8242659257583738,1.1676686338862705,321.702471132246
phosphoenolpyruvate,sers,1616.0,548,1.2552958144487885,13.942891873414283,0.679990566713081,0.6043848748537997,1255295814.4487884
phosphoenolpyruvate,sers,592.0,36,1.189598893682746,32.408839888837036,0.6691995610665495,0.5622543387418736,11.073470763308059
phosphoenolpyruvate,sers,1422.0,451,1.1292436251712092,14.685134971035154,0.6810508393858217,0.6085244201001455,33.72648102063309
phosphoenolpyruvate,sers,1550.0,515,1.0737848746952614,9.513692270970296,0.5530646580053565,0.10883730908371911,1073784874.6952612
phosphoenolpyruvate,sers,672.0,76,1.055942434113683,10.36414627715152,0.6503860993276857,0.4888023125691017,159.80108022497933
phosphoenolpyruvate,sers,1532.0,506,1.0411247048238976,12.961593382470028,0.6085626313187057,0.3255139975597681,1041124704.8238976
phosphoenolpyruvate,sers,696.0,88,1.0231810510748913,11.030134371084415,0.5496862386955735,0.09564719303760286,154.84313533127164
phosphoenolpyruvate,sers,714.0,97,1.0110820333583843,3.180375015534935,0.40246195150944303,-0.47914985100264423,90.44930092228287
phosphoenolpyruvate,sers,886.0,183,0.9864195396373315,4.963970145260134,0.7884381794864151,1.0277889778502396,26.86373984998068
phosphoenolpyruvate,sers,1332.0,406,0.9800745546398759,7.317567525329423,0.7820580846733064,1.0028796391170518,980074554.6398759
phosphoenolpyruvate,sers,842.0,161,0.9390243339398217,7.557107028924349,0.6737921848126875,0.5801849845892647,37.64013214876812
phosphoenolpyruvate,sers,1064.0,272,0.9041571078596563,5.018367267674876,0.7820751766335198,1.0029463700104067,11.568827119552571
phosphoenolpyruvate,sers,1674.0,577,0.8787488749373285,8.532617022945942,0.660649114212702,0.5288714528692374,878748874.9373283
phosphoenolpyruvate,sers,576.0,28,0.8056507376932508,5.977602905726606,0.5911079689005406,0.2573670324466176,7.8511473608488265
phosphoenolpyruvate,sers,1136.0,308,0.8012950235624583,4.408012345733141,0.6210861366090444,0.37440860564035144,7.618179351070361
phosphoenolpyruvate,sers,808.0,144,0.797309886344476,3.1942404295167535,0.7875901399559853,1.0244780389784207,209.54100087152514
phosphoenolpyruvate,sers,1152.0,316,0.7867100803319655,4.884887780048643,0.36963733972562707,-0.6073045881436199,7.479515425689808
phosphoenolpyruvate,sers,990.0,235,0.7786931537680182,4.920591146768572,0.5846160654137642,0.23202116726558292,15.68204538861331
phosphoenolpyruvate,sers,1222.0,351,0.7739417950428702,6.107035038342474,0.6246264001212487,0.38823059819899725,13.663800058191137
phosphoenolpyruvate,sers,964.0,222,0.7364913986980105,4.9502956290108955,0.7025431815642611,0.6924354037413851,11.864719035030635
phosphoenolpyruvate,sers,524.0,2,0.7362354710906771,7.072711995991611,0.713761808662407,0.7362354710906771,15.911496524511412
phosphoenolpyruvate,sers,1254.0,367,0.720001770465528,4.483839757105329,0.5946206472636493,0.2710813263200622,54.54124970852951
phosphoenolpyruvate,sers,558.0,19,0.6732566653089318,17.032959633589552,0.5245410913691425,-0.0025251712606612743,6.958043854083083
phosphoenolpyruvate,sers,1692.0,586,0.6546414379392426,6.003596816008212,0.5590472082970164,0.1321945437437901,654641437.9392425
phosphoenolpyruvate,sers,778.0,129,0.593522174313162,6.796745168738624,0.6843708803443154,0.6214866138081854,53.09526228073159
phosphoenolpyruvate,sers,828.0,154,0.5662317376414291,7.164485171910769,0.5009758949051517,-0.09452904866850256,9.626382245724418
phosphoenolpyruvate,sers,1194.0,337,0.5473893980783978,3.3887029245678377,0.7493579149541527,0.8752107520507428,9.058465484843351
phosphoenolpyruvate,sers,1016.0,248,0.5343426773498577,4.680284511402419,0.542201633731206,0.06642559589793837,10.761088727601686
phosphoenolpyruvate,sers,658.0,69,0.5252718778379468,9.498491641060838,0.5729463725829228,0.18646003688262466,6.282608299276919
phosphoenolpyruvate,sers,1112.0,296,0.5169923421166324,7.619782047028593,0.7190026819967339,0.7566970305136274,5.680126420363432
phosphoenolpyruvate,sers,1410.0,445,0.49828715556260483,2.0616857422902513,0.6022441357494862,0.3008451562606617,14.882060806284821
phosphoenolpyruvate,sers,940.0,210,0.46933291095989427,1.767323808908941,0.5730468651449225,0.18685238266122897,7.560852892886932
phosphoenolpyruvate,sers,1396.0,438,0.4649746538802062,3.85733196625074,0.47422279728165906,-0.1989792160071455,73.29522140104963
phosphoenolpyruvate,sers,618.0,49,0.45170201970294116,14.728473099639231,0.6652254767144083,0.5467386111262971,5.595730177895884
proline,sers,1436.0,458,3.905296550205301,55.53385309500993,1.0,1.9003296422386318,21.587069707751482
proline,sers,1150.0,315,3.349539493894416,27.783701221890624,0.9638076275611221,1.7584897081833983,56.2835743468892
proline,sers,1682.0,581,3.1362653171297135,7.69076153656556,0.9616753583461771,1.750133225740956,7666.91127968433
proline,sers,1702.0,591,3.048662087582962,8.278152422044968,0.9695843961348768,1.781129187674208,3048662087.5829616
proline,sers,764.0,122,2.973694937250605,41.20701581394269,0.8639234935250398,1.367038194227844,2973694937.250605
proline,sers,1356.0,418,2.889699153499432,30.244916691775188,0.8615885090941768,1.3578872595038785,187.71441344855074
proline,sers,1024.0,252,2.7292055641584962,19.06674025879147,0.8487813631879552,1.3076953376053608,78.85716295557883
proline,sers,936.0,208,2.622909551026523,24.370353936941683,0.8162459411358746,1.1801871968743303,44.20760051100902
proline,sers,1580.0,530,2.5952668312587432,10.087918258926038,0.9160613239094931,1.571369270782799,53.46580370916329
proline,sers,1650.0,565,2.4427507287359607,10.346529986717997,0.8992242890634876,1.5053839884895133,2442750728.7359605
proline,sers,1512.0,496,2.373516473389115,12.639847119928618,0.8695362674334053,1.3890349694426765,16.307189562556104
proline,sers,532.0,6,2.1091884337352025,9.4323507857582,0.9783360430964142,1.8154273821348093,2109188433.7352023
proline,sers,1284.0,382,2.0621271807602968,12.185215440726552,0.7304940873957902,0.8441208806871646,32.238275580350724
proline,sers,1330.0,405,2.038621415870669,20.758380070284147,0.763449922915284,0.9732766453365919,29.86405124263802
proline,sers,982.0,231,2.01075256004206,20.9913463714945,0.7134716347145018,0.7774089355155722,58.09831416618629
proline,sers,1598.0,539,1.9320108762797161,10.214188016775779,0.7826409933514425,1.0484875249138041,121.49881102238896
proline,sers,644.0,62,1.9075469603276844,14.760806693731567,0.7893921115652893,1.0749455351994874,21.719266818756225
proline,sers,1044.0,262,1.7831695610432412,18.057139711413015,0.8199145081104007,1.1945645162562737,39.431772974781815
proline,sers,1196.0,338,1.7463419941260558,8.228485592089555,0.725426381671924,0.824260258206601,14.333681876102633
proline,sers,1002.0,241,1.7326882218714617,13.385831661225097,0.7699603182902147,0.9987912493381167,22.27108874854148
proline,sers,714.0,97,1.7294950420497184,11.23501705422646,0.7496739255290319,0.9192877402403319,127.71412698010482
proline,sers,830.0,155,1.7004184653569607,12.56533762707437,0.8014141826338754,1.1220607048517497,1700418465.3569605
proline,sers,868.0,174,1.687060230751933,12.535559571878366,0.6336082267921588,0.4644197681913821,135.96985834257208
proline,sers,1480.0,480,1.6072397864745709,10.811714209475667,0.8532229890388243,1.3251023180084625,9.94647830649401
proline,sers,558.0,19,1.5846918807663992,17.97004807772942,0.7447140402302578,0.8998496720427378,1584691880.7663991
proline,sers,1258.0,369,1.5641827959865569,12.060900814174488,0.6445470378420847,0.5072895811770999,14.675034193708496
proline,sers,1620.0,550,1.504762149221102,8.48470732029432,0.7684393122813354,0.9928303416258247,222.95408248375603
proline,sers,1556.0,518,1.448223579439333,7.435090008835232,0.6818384550859543,0.6534367333603255,66.82170440950932
proline,sers,1176.0,328,1.380444796191242,7.124649738580388,0.6632524437330023,0.580597114208399,10.264365492861284
proline,sers,780.0,130,1.2641030692964623,9.60427288134241,0.8625255432747464,1.3615595489235335,1264103069.2964623
proline,sers,734.0,107,1.1360446329357128,6.7744992377967606,0.7017433718285102,0.7314452165816749,405.1301949958643
proline,sers,580.0,30,1.104966841670404,5.8675177768098195,0.5865080987171244,0.2798317290558336,25.487449164884893
proline,sers,952.0,216,1.0935657061681876,5.074842542571389,0.5945354055386659,0.3112911939508591,18.431407919461975
proline,sers,1074.0,277,1.0873858208043552,11.054683856154384,0.6616795840596025,0.5744329890814841,30.580789968834797
proline,sers,694.0,87,1.0803872413520943,9.487396604202985,0.6274387987691216,0.44024143433322055,385.281952020618
proline,sers,806.0,143,1.076887608483321,9.712117054017313,0.7516993471332708,0.9272254809138527,1076887608.483321
proline,sers,1104.0,292,1.0406173140562074,9.095104369719365,0.493916445407741,-0.08304014461444029,29.26550899435677
proline,sers,1272.0,376,0.9886176213678497,6.441273820588435,0.6906990982229965,0.6881620899355958,13.858614953724782
proline,sers,1220.0,350,0.9823913270245307,9.263925654526929,0.4956766228285626,-0.07614191074716628,15.35821971789658
proline,sers,852.0,166,0.9657708416055897,9.008800929642803,0.5492098984333345,0.13365799375936707,77.83701028028528
proline,sers,898.0,189,0.9616597109267532,12.675315338183225,0.5126712522714417,-0.00953900640476606,28.860535535173724
proline,sers,1664.0,572,0.8651351158637971,4.231121441500136,0.4294198175104878,-0.335806040610369,865135115.8637971
proline,sers,1300.0,390,0.863345555680508,5.616964494577701,0.516603326743862,0.005871013615619125,56.08279477526985
proline,sers,666.0,73,0.7829303125458136,6.22346242873337,0.544775161639663,0.11627801195715266,9.455668123332627
proline,sers,748.0,114,0.753229962594483,5.702384163756193,0.7357135661187139,0.8645763100490413,753229962.594483
proline,sers,1376.0,428,0.7522240858143311,2.8508334448038113,0.7087948170967396,0.7590802254092638,15.39279358761654
proline,sers,1122.0,301,0.7135735535491177,7.606410490942267,0.5160842586322345,0.0038367566227197726,1893.473245482645
proline,sers,1450.0,465,0.7086101835586089,3.875434135167552,0.8579668190631947,1.3436936534883976,4.385267138008318
proline,sers,1726.0,603,0.6902849952717336,6.724751388725281,0.5929177833173703,0.30495164189241586,690284995.2717335
proline,sers,1212.0,346,0.6475239385824925,4.049432951254744,0.4540885748121192,-0.23912779950315427,10.123068728088805
proline,sers,890.0,185,0.6136481664192694,11.283354405892737,0.40847483886799607,-0.417890584652252,9.865682694156675
proline,sers,1532.0,506,0.5964331259914494,9.615698643653559,0.6536076546584638,0.5427986457985297,6.2827210578197805
proline,sers,1314.0,397,0.5323358115303568,4.135177298045392,0.4689248756916339,-0.18098350564875507,8.322274568476368
proline,sers,616.0,48,0.5272894507440622,2.4792843075865107,0.5775370529936438,0.24467369856269833,6.003700307046903
proline,sers,1746.0,613,0.5266425488186319,3.7112540743562477,0.6494852085860666,0.5266425488186319,1287.429885426456
proline,sers,1496.0,488,0.5239201880317989,6.4014754539734895,0.6039781881991988,0.3482979879135881,3.599581430199718
proline,sers,1236.0,358,0.5087260084646513,5.780199863139842,0.31206676304834147,-0.7957192318277159,7.3751760852940205
proline,sers,924.0,202,0.4825222420711403,2.9537820841370603,0.7224327236624509,0.8125279448479041,8.132629090015334
proline,sers,1418.0,449,0.4771221682136907,4.257484181333439,0.7214550223337929,0.8086962785978737,3.0290228250082953
proline,sers,1404.0,442,0.451869489346509,3.853046231072767,0.6760058007760823,0.6305782345405431,2.852222552069489
proline,sers,1458.0,469,0.4484943147157489,1.6665941702258351,0.6140768405227714,0.38787517180893244,2.775527963808699
proline,sers,594.0,37,0.4050319153014914,2.8256275283592203,0.3082108419094733,-0.8108308026699669,9.342570258304638
pyruvate,sers,670.0,75,3.231357030681706,19.691557368609608,0.959945534054905,2.0336335561221595,3231357030.681706
pyruvate,sers,1598.0,539,3.2232176699860426,22.165848038981494,1.0,2.1933843364403516,283.7383463868693
pyruvate,sers,1046.0,263,3.207355374314634,87.7029312482536,0.824222997236347,1.4923260975918242,3207355374.314634
pyruvate,sers,798.0,139,3.0753671875411186,19.73933905712687,0.8210370712887503,1.4796195455468613,3075367187.5411186
pyruvate,sers,1350.0,415,2.9896273688631636,52.383163812752514,0.819499255762754,1.4734862162297238,263.9076602945777
pyruvate,sers,1480.0,480,2.603651157606971,12.876308777948452,0.8041134225646347,1.4121223008397572,304.55850251811546
pyruvate,sers,924.0,202,2.445477974116228,23.639647365424537,0.7019113209292942,1.0045056942724642,2445477974.116228
pyruvate,sers,1204.0,342,2.115092688501778,37.77394322160012,0.6652834447577282,0.8584213148720107,2115092688.501778
pyruvate,sers,610.0,45,1.9366757819575597,35.086408267204476,0.6999935447867657,0.9968569532890115,283.1175049097917
pyruvate,sers,1668.0,574,1.9250921645006245,10.037135794970254,0.6943191892047935,0.9742257008023222,67.23584991459248
pyruvate,sers,716.0,98,1.87408031460156,14.246651122474333,0.6453006706580136,0.7787232417600786,1874080314.6015599
pyruvate,sers,1262.0,371,1.7444021947445036,13.093292414759617,0.6321930799852513,0.7264457294113802,1744402194.7445035
pyruvate,sers,1440.0,460,1.7225444586617942,17.91889615297748,0.7188843743520319,1.0721999816555852,54.45532841837558
pyruvate,sers,822.0,151,1.5840943785722121,12.966761053796631,0.6673815131590405,0.8667891224650516,1584094378.572212
pyruvate,sers,854.0,167,1.5733892386718158,30.848301408632324,0.6896634005092446,0.9556568381409128,1573389238.6718156
pyruvate,sers,1162.0,321,1.509379972309124,9.46177371434976,0.5821018438828643,0.5266649093293421,1509379972.3091238
pyruvate,sers,1692.0,586,1.4203253876510646,9.628169750747475,0.5496711315480737,0.39732024127511617,59.06481396187851
pyruvate,sers,538.0,9,1.416418857863668,10.544800207862961,0.7433477560226649,1.1697682357539512,165.84968338699943
pyruvate,sers,1326.0,403,1.3324352813217237,14.989128219234544,0.8111017480791823,1.4399941105799452,1332435281.3217237
pyruvate,sers,1384.0,432,1.3213412297926357,10.880339862245592,0.6417356187805182,0.7645046070618805,41.77196719613132
pyruvate,sers,750.0,115,1.3172313057598388,16.467570811504743,0.6076516527504623,0.6285662031619534,1317231305.7598388
pyruvate,sers,1070.0,275,1.2906688248657863,8.996894069370114,0.7848169213049899,1.3351613163177123,1290668824.865786
pyruvate,sers,950.0,215,1.2147582762053029,7.028752991754573,0.6151215630185135,0.6583587360561334,1214758276.2053027
pyruvate,sers,1500.0,490,1.2045491505079933,8.185239743185889,0.6291735670563023,0.714402888864169,106.03589924732763
pyruvate,sers,698.0,89,1.1707664092439107,8.962619269656471,0.5899414978278033,0.5579321052731182,1170766409.2439106
pyruvate,sers,1550.0,515,1.133826191971377,10.759027027404613,0.5368032623762092,0.3459988194877036,49.531183672391805
pyruvate,sers,1016.0,248,1.116225596052808,12.930338625233048,0.5432899816887978,0.37187005375435433,1116225596.052808
pyruvate,sers,1734.0,607,1.0926197983798605,6.660096837895026,0.48675107179137744,0.1463737261579821,7.192260289059829
pyruvate,sers,1370.0,425,1.0591663297420872,9.336638814683965,0.6056220618945333,0.6204715072195395,33.48375134572666
pyruvate,sers,1518.0,499,1.056203185775721,12.010099209728764,0.5710226147818702,0.48247719012135326,92.97707324303795
pyruvate,sers,988.0,234,1.0487039592533831,10.453728870756038,0.40613092604412765,-0.1751667285354778,1359.7303833716855
pyruvate,sers,1710.0,595,0.9935158602291188,7.170105864955758,0.4643496490708119,0.057029262927502565,10.649533618321692
pyruvate,sers,1144.0,312,0.9484044723895448,5.514361264357035,0.4649472477346859,0.05941268886062677,45.121878939337165
pyruvate,sers,572.0,26,0.7839895545726886,7.605847467082306,0.6319306824069331,0.725399198970869,783989554.5726886
pyruvate,sers,1094.0,287,0.7643540981740802,6.392460664381133,0.7177187511077133,1.0675510812535136,764354098.1740801
pyruvate,sers,1112.0,296,0.6146173610857927,8.61281875909026,0.6174852637888326,0.6677859755308729,614617361.0857927
pyruvate,sers,1640.0,560,0.6078273169906754,9.342344570517525,0.49557314286554854,0.18155913444811472,62.374228035227524
pyruvate,sers,894.0,187,0.6070183424731763,13.27644406100211,0.514172987792943,0.25574161749561386,607018342.4731762
pyruvate,sers,646.0,63,0.6037362497238423,5.196849077738207,0.6156649652331557,0.6605260081884027,603736249.7238423
pyruvate,sers,1282.0,381,0.5950033210299173,7.131899756608391,0.41540748207214784,-0.13816868027356777,595003321.0299172
pyruvate,sers,1462.0,471,0.5746123680319846,6.213314802745913,0.5705260570154762,0.4804967495192177,21.886679146193572
pyruvate,sers,870.0,175,0.5452623864398924,7.707541915696936,0.6834130230620162,0.9307282153040323,545262386.4398924
pyruvate,sers,1426.0,453,0.5067198057303735,5.9259614732203545,0.5141640115814384,0.25570581732306563,6.418443504833266
riboflavin,sers,808.0,144,4.918505711972429,28.338367346227074,1.0,3.327401093730032,4918505711.972429
riboflavin,sers,1600.0,540,3.108797584119689,33.50746822695578,0.7740563598682041,2.1551898902658833,94.46561053030717
riboflavin,sers,1208.0,344,2.906733984342667,27.069567442640277,0.6288797839295492,1.4020037917477375,35.16170609969636
riboflavin,sers,1464.0,472,2.802884986106475,35.23525461894417,0.6408321257006577,1.464013366009502,269.8071471495699
riboflavin,sers,1050.0,265,2.7209014952287838,57.1199414961614,0.6383607575131082,1.451191737236766,40.47282018965135
riboflavin,sers,1320.0,400,2.595003428392224,20.751852417745454,0.6039851706483089,1.2728488193964238,2595003428.392224
riboflavin,sers,646.0,63,2.3597714932177714,25.256211840191696,0.4952298361994517,0.7086186361388744,2359771493.217771
riboflavin,sers,872.0,176,2.329031871030632,15.086877768795489,0.6867446964770015,1.7022109528611498,106.78349133541991
riboflavin,sers,1672.0,576,2.174491627958229,8.581682224160204,0.6418970862244877,1.4695384547287613,2174491627.958229
riboflavin,sers,720.0,100,2.103555427218878,13.545926423664781,0.49117497491634937,0.6875817358668731,2103555427.218878
riboflavin,sers,1112.0,296,2.0281630868949723,16.91969629700975,0.5436596117074459,0.9598756549184687,2028163086.894972
riboflavin,sers,1258.0,369,1.9450754109814563,8.343484818922661,0.49701726612950714,0.7178919460147173,1945075410.9814563
riboflavin,sers,562.0,21,1.7273490087806591,11.527072610018159,0.4962812795132339,0.7140735966392189,1727349008.780659
riboflavin,sers,932.0,206,1.5437726945668118,11.122587669251061,0.5159677357081172,0.816208290471218,37.55973018952887
riboflavin,sers,1658.0,569,1.430781647220185,5.484380730551948,0.4987849612124415,0.7270628701412629,1430781647.220185
riboflavin,sers,594.0,37,1.416483741851921,10.892422567613082,0.4784421214844313,0.6215228132246825,1416483741.8519208
riboflavin,sers,1642.0,561,1.2796222211546389,8.360011539356265,0.5227062558833111,0.8511681983470221,47.45569374269347
riboflavin,sers,1178.0,329,1.2068385155039987,9.229121285809924,0.579536993247671,1.146009987214248,28.76826055516933
riboflavin,sers,530.0,5,1.1412410232431918,19.890196977223468,0.5786177757243326,1.1412410232431918,1141241023.2431917
riboflavin,sers,1510.0,495,1.1201663659212486,9.960067001646621,0.4493635507391776,0.47066118070239327,68.28779919487168
riboflavin,sers,670.0,75,1.1192556237902127,13.724087048788078,0.45041387256120163,0.476110322826072,1119255623.7902126
riboflavin,sers,1736.0,608,1.0974936135183113,15.817073029858193,0.5701854650875072,1.0974936135183113,1097493613.5183113
riboflavin,sers,1486.0,483,1.0655701505726607,11.764803907603095,0.44376050334806194,0.4415921840199678,139.45740398680775
riboflavin,sers,1348.0,414,1.0353251618039159,10.67132657981756,0.4834873976760698,0.6476980544173967,135.5521559639862
riboflavin,sers,1440.0,460,0.9909003265443134,8.181095383712773,0.5698264693959031,1.0956311190863002,129.68492696166888
riboflavin,sers,1698.0,589,0.9710495956492206,5.537368359833408,0.5671049864021485,1.0815118774318084,971049595.6492205
riboflavin,sers,912.0,196,0.8023410165945141,13.14663541645632,0.39441239492627284,0.1855707906846995,19.52082208044135
riboflavin,sers,1086.0,283,0.8005216119537293,5.468541484989373,0.4907731796526355,0.6854971943000047,84.01319462617423
riboflavin,sers,690.0,85,0.7985509538471682,6.365289308504259,0.4242015317934245,0.3401188893027149,798550953.8471682
riboflavin,sers,1032.0,256,0.7285811267445631,3.6200043625314606,0.561088096922718,1.0502958394248096,6.952532546262888
riboflavin,sers,1242.0,361,0.7252340056326718,3.8249733570496574,0.3233455870636993,-0.18312871474218306,16.826868010279068
riboflavin,sers,614.0,47,0.7218551213053932,13.558758290202121,0.3783647962449569,0.10231474084872176,721855121.3053931
riboflavin,sers,854.0,167,0.6560696932505348,6.268881419811009,0.5616624477280747,1.0532756110544292,30.080057416152318
riboflavin,sers,1016.0,248,0.6477142438421788,3.6633780264913867,0.5061850105495485,0.7654548369790298,5.935496486874169
riboflavin,sers,758.0,119,0.6398447950098727,5.663621014497636,0.3008410413165952,-0.29988385172341897,639844795.0098727
riboflavin,sers,1714.0,597,0.6376397156232092,11.546817974821806,0.5219862060091959,0.8474325298900632,637639715.6232091
riboflavin,sers,1528.0,504,0.6215278466392682,6.371889174155854,0.29340558922860693,-0.33845949047685625,17.971213073460973
riboflavin,sers,1152.0,316,0.6029987592363103,11.576392915831093,0.24437155699344865,-0.5928514348730206,602998759.2363102
riboflavin,sers,894.0,187,0.5998744110223001,4.795433013352181,0.4533064287339648,0.49111710394363123,11.264111363241515
riboflavin,sers,1624.0,552,0.5993016437653116,5.879713539847444,0.5540135749080374,1.0135927308092048,18.73825675015004
riboflavin,sers,1296.0,388,0.5751047200377686,7.977209216335609,0.4094323136178719,0.2634951657861316,575104720.0377686
riboflavin,sers,986.0,233,0.5422878048720439,6.922152655979744,0.2830494674246732,-0.3921877653507555,4.969394129113821
riboflavin,sers,776.0,128,0.532940916412523,5.048255743131676,0.41383796658705957,0.2863519975431328,532940916.4125229
serine,sers,1182.0,331,3.597407654922651,16.16090121984564,1.0,2.2568982915653213,3597407654.9226503
serine,sers,1288.0,384,2.7606875055308047,11.230966069655665,0.8890027449453054,1.8126448327584541,87.5010244958732
serine,sers,986.0,233,2.512389510987256,20.536086493794244,0.7769006687687406,1.3639694573509302,2512389510.9872556
serine,sers,1442.0,461,2.469672644539164,20.838815412909526,0.8054840524311995,1.4783710887263537,71.08894339850352
serine,sers,958.0,219,2.306595419100936,8.16799659532603,0.7736312392681463,1.3508839502971872,2430.29972063126
serine,sers,1110.0,295,2.2909251969514735,25.946728506976,0.7561727395081443,1.2810083583274774,325.70635197138563
serine,sers,800.0,140,2.260137404402232,14.043073689322341,0.6863465172648213,1.0015371161627256,2260137404.4022317
serine,sers,1484.0,482,2.058658293401054,11.054786080469626,0.7223035787513189,1.1454510257998283,31.243971313764433
serine,sers,1032.0,256,2.0575831271357083,15.12182767246054,0.7173703821971459,1.1257064867922144,2057583127.1357083
serine,sers,550.0,15,2.0455348724163116,7.697684297449662,0.7122977770448924,1.1054039812668326,2045534872.4163115
serine,sers,1650.0,565,2.0343818209226647,10.316703326105653,0.6284162999605984,0.7696782346601786,104.67314449521207
serine,sers,1680.0,580,1.9781929031810381,15.92910442087259,0.7338490870684914,1.1916605649551877,20.437406635356382
serine,sers,1006.0,243,1.9512012410935968,10.333867166538255,0.7065154009730844,1.08226070111313,1951201241.0935967
serine,sers,606.0,43,1.8930687357162115,9.630162026071886,0.651393472681357,0.8616416660961171,1893068735.7162113
serine,sers,1334.0,407,1.8819453481644728,30.405910992232748,0.778949171085599,1.3721683469468018,108.22063155982525
serine,sers,1568.0,524,1.808374806224964,10.887570875358051,0.6973061145262152,1.0454016152271874,15.352702380534565
serine,sers,582.0,31,1.8027704262316187,10.31060121912715,0.5167523393211584,0.3227563651625872,1802770426.2316186
serine,sers,654.0,67,1.7289254882783158,11.326573947935799,0.6221125645886126,0.7444482752253444,55.80428758640648
serine,sers,1202.0,341,1.6776706787801436,12.589908669195893,0.7198648263176954,1.135690206009492,18.49278939698205
serine,sers,760.0,120,1.6706124045216515,9.136537427439833,0.6195996733320476,0.7343907235157598,28.391037066809638
serine,sers,742.0,111,1.5907985271165541,23.17481231555658,0.5781815062701986,0.5686193811019289,145.59942148901604
serine,sers,1606.0,543,1.5428194445419097,12.977811910568562,0.5527026618980804,0.4666433031066859,24.789397119337803
serine,sers,1056.0,268,1.5423301996742418,9.246134842290417,0.6185977895941559,0.7303808016878602,1542330199.6742418
serine,sers,1510.0,495,1.5129056938998984,19.3780569715276,0.6979822561148827,1.048107792413828,24.37304604348204
serine,sers,694.0,87,1.4546148358983708,12.113565133247278,0.5544977844410891,0.47382806995809024,21.70970739216348
serine,sers,856.0,168,1.2861962081604323,11.958215417437998,0.5080569808117932,0.28795421540268806,1286196208.1604323
serine,sers,828.0,154,1.2763982903162256,7.299659957394738,0.6119972558365798,0.7039629416215937,1276398290.3162255
serine,sers,1258.0,369,1.2597237619318569,11.252359388092373,0.5283947534846375,0.3693537585705505,1259723761.9318569
serine,sers,568.0,24,1.2543478960901089,8.599290323885285,0.3710644508282565,-0.260342273964556,1254347896.0901089
serine,sers,890.0,185,1.1741766723074416,11.498844101790667,0.5155006442142908,0.3177466027110416,64.9486740379272
serine,sers,1696.0,588,1.1092885562749875,12.714396106580352,0.7331555801553123,1.1888848850995513,19.514788952780176
serine,sers,1554.0,517,1.0632154773260052,4.945839361311982,0.6081946525466259,0.6887434691832885,11.732119913285546
serine,sers,874.0,177,0.9755621715052345,8.574503289766426,0.4082496938819779,-0.11151271205287097,975562171.5052345
serine,sers,934.0,207,0.9573011345827852,4.388296443922684,0.5189785526752131,0.3316665222839815,22.92671726767592
serine,sers,1424.0,452,0.9304078721753453,13.0462373343521,0.5062909297896075,0.2808858038942342,14.988954036713581
serine,sers,810.0,145,0.9219900581955007,5.076637434736881,0.6293701709507068,0.7734959911119248,921990058.1955006
serine,sers,638.0,59,0.8727296165737034,7.120355914847295,0.5268177740268822,0.36304208376174574,872729616.5737034
serine,sers,1466.0,473,0.8263234230663661,7.2474837580027724,0.6199185130586196,0.735666842022157,189.61512605892494
serine,sers,1242.0,361,0.8236535118716088,6.096990386504331,0.4885992601922474,0.21007697707394318,823653511.8716089
serine,sers,532.0,6,0.7937871486490062,5.672620945424923,0.5049429548362112,0.2754906926805715,793787148.6490061
serine,sers,670.0,75,0.7877834381527001,10.036611836418018,0.44696265108069505,0.04343134604746388,13.387898193905801
serine,sers,1074.0,277,0.7787481747538074,18.349367786508083,0.48811603647672525,0.20814293098521386,778748174.7538074
serine,sers,1540.0,510,0.7634042416786864,3.832105457524335,0.5329139503997207,0.38744131271381044,8.423833453036682
serine,sers,916.0,198,0.7510824452406373,14.629346163267599,0.4948254298376797,0.23499648881086527,6.7357936328157
serine,sers,1150.0,315,0.7230718567387258,4.929296148269373,0.5704103051225053,0.5375160624906224,723071856.7387257
serine,sers,1318.0,399,0.691182602561254,8.394878354893535,0.6588135405912208,0.8913396152203049,83.74074345111752
serine,sers,1396.0,438,0.6373768004796926,5.846851346281369,0.4224587412283378,-0.0546426711959108,9.325768827232867
serine,sers,1714.0,597,0.6328900733488728,4.782262847404581,0.5594315028493129,0.4935746976251659,16.810921389727266
serine,sers,1748.0,614,0.6107004845857434,1.6026149451724905,0.5886955200246903,0.6107004845857434,5.862196795299129
serine,sers,1626.0,553,0.6088184007723418,4.298933893415779,0.3231015155726822,-0.4523082813340105,31.32496357369377
serine,sers,1302.0,391,0.5874879212615811,5.498007388739552,0.5419474715185498,0.4235969185462897,33.7832944695803
serine,sers,1346.0,413,0.5685599635279972,4.278349931207117,0.6911347829423884,1.0207015863822564,7.661138197749145
serine,sers,1640.0,560,0.539103060061847,5.4089306014959675,0.4569203071964652,0.08328569351633092,27.737965372730212
serine,sers,1580.0,530,0.4948701979987863,7.786500970576071,0.5917371152521114,0.6228741117570318,4.097347642629592
serine,sers,1166.0,323,0.49402700353088286,5.278216533204841,0.5803449620059722,0.5772783582371688,494027003.53088284
serine,sers,624.0,52,0.4762479456740863,7.558377158374313,0.44374694601991116,0.030560864745452897,21.854487605002674
serine,sers,1728.0,604,0.45119283186586506,3.3148095641197415,0.451181457477852,0.06031662247209239,6.1712334648888705
serine,sers,1410.0,445,0.4288511117533512,1.9880824718823078,0.4902888709512754,0.2168394454193594,24.660938323393232
stearate,sers,806.0,143,6.423373188302461,22.36796082976292,1.0,5.174599231055168,6423373188.302461
stearate,sers,1606.0,543,3.4132673973574468,36.28963753663629,0.5009410182008148,1.7686300366423005,3413267397.3574467
stearate,sers,1436.0,458,3.409044799016283,63.94800610450727,0.5233323289481857,1.9214458708611883,3409044799.016283
stearate,sers,1052.0,266,3.0880345416027604,63.4621475546183,0.48926215542580853,1.6889243339334918,3088034541.6027603
stearate,sers,1354.0,417,2.5726684191448657,56.9420582741775,0.41985011759263546,1.2152022465583796,972.8568872399526
stearate,sers,1194.0,337,2.049198679023043,52.11574617604788,0.34999476307079386,0.7384546190366295,2049198679.0230432
stearate,sers,932.0,206,2.0379176702109687,20.747404524227136,0.4091182066739205,1.1419592846652817,2037917670.2109685
stearate,sers,868.0,174,1.7387366858308084,42.38881763546857,0.40276681277020876,1.098612400295753,1738736685.8308084
stearate,sers,644.0,62,1.6005175158869283,31.142503274402628,0.3114322311621344,0.4752737115095348,1600517515.886928
stearate,sers,1648.0,564,1.2055454900165976,10.779754497497834,0.3316316841116818,0.6131305921574304,1205545490.0165975
stearate,sers,1702.0,591,1.2042138512291842,8.279800635563333,0.24749714378148768,0.038930621809965475,1204213851.2291842
stearate,sers,1254.0,367,1.1132700140208682,10.391614310522755,0.2681325616178199,0.17976286815287684,921.1726815113702
stearate,sers,532.0,6,0.9235829345490156,11.629322206768238,0.37712065393127664,0.9235829345490156,923582934.5490155
stearate,sers,1106.0,293,0.8232985157985877,19.232754166264613,0.34567360557596244,0.7089636573500117,823298515.7985877
stearate,sers,1724.0,602,0.8165230423406843,6.719996449197424,0.22847196623003585,-0.09091208420620353,116.73971335902897
stearate,sers,1404.0,442,0.7408116719598759,9.117855068197855,0.20135339747879968,-0.27599042791276807,740811671.9598758
stearate,sers,1270.0,375,0.7111701905967208,7.159496854247664,0.22699329336007013,-0.10100370549224998,23.63047844389125
stearate,sers,1212.0,346,0.7077152047275224,6.734573736081529,0.33740119874525715,0.6525062768466985,707715204.7275224
stearate,sers,1682.0,581,0.6978718670303281,7.984339838814094,0.2546668886898698,0.08786257410488332,697871867.030328
stearate,sers,716.0,98,0.6946601632381617,10.926408706519936,0.21061404437021297,-0.21278852356315184,69.04276113809601
thymine,sers,1452.0,466,3.8307156249732666,37.84714939803223,0.9384692081323622,2.0575435982205885,368.51822509279947
thymine,sers,1044.0,262,3.7863451793309206,65.52479994537941,0.9344260617074903,2.040856151194734,3786345179.33092
thymine,sers,810.0,145,3.5774580689976587,21.484621663228154,1.0,2.3115022041799635,3577458068.9976587
thymine,sers,1324.0,402,2.8894919656721605,44.879619547839866,0.8035509982808381,1.5006900383617476,2889491965.67216
thymine,sers,874.0,177,2.669151629608937,45.096876705574005,0.8173476339452498,1.5576334686982292,2669151629.608937
thymine,sers,1186.0,333,2.300065486461474,19.875965483470736,0.7146009750304191,1.1335628940642362,357.01809166407014
thymine,sers,1114.0,297,2.1796329765891884,19.545351229385233,0.749626740557267,1.2781261983199808,2179632976.589188
thymine,sers,1608.0,544,1.9331657132850797,41.06149443805725,0.649532427157756,0.865002760057029,134.80490888171494
thymine,sers,1374.0,427,1.652624337931999,10.326329181187134,0.6773956063927358,0.9800036228987334,1652624337.9319987
thymine,sers,680.0,80,1.477215962528624,14.732294124396589,0.5550236065657943,0.4749325594324404,1477215962.528624
thymine,sers,554.0,17,1.4719144294538897,10.404891557934334,0.6541620556777987,0.8841108191177511,148.2806882914666
thymine,sers,1498.0,489,1.4356236241386524,12.348644482043596,0.6600820996620663,0.9085448637940642,1435623624.1386523
thymine,sers,946.0,213,1.3557284373223228,22.77985546690752,0.6214126340241194,0.7489427639587125,1355728437.3223228
thymine,sers,1236.0,358,1.3374237075104518,9.794418135541491,0.519830690407381,0.32967936739711157,207.5960282923296
thymine,sers,722.0,101,1.3364372437309402,10.150211610925368,0.5240161510553596,0.34695419385709,1336437243.73094
thymine,sers,1284.0,382,1.2726152997003872,13.043229466642856,0.530816977144994,0.3750235272862945,1272615299.7003872
thymine,sers,1540.0,510,1.262373564975749,11.751621786833539,0.37463183132701133,-0.2696059452032063,1262373564.975749
thymine,sers,628.0,54,1.1821669834009045,34.42600946382855,0.5519726254810545,0.4623401178341638,36.87665344499748
thymine,sers,696.0,88,1.0643759830916382,7.413476446748717,0.5549914575427766,0.47479986942763575,1064375983.0916381
thymine,sers,750.0,115,0.9916823608880808,10.928532074241161,0.6201277362947369,0.7436395519204817,991682360.8880807
thymine,sers,1570.0,525,0.9519740623941131,10.890127345353221,0.30670566357721263,-0.5499604530244266,243.67803501878134
thymine,sers,1402.0,441,0.9385786395721667,8.93566773196028,0.40221382357878105,-0.1557656371358262,938578639.5721667
thymine,sers,1670.0,575,0.9022081404899499,8.690286401191315,0.5587585826347757,0.49034808208345054,25.704091453190358
thymine,sers,1212.0,346,0.880925653024973,8.71578460984847,0.6180166991949574,0.734926580370533,136.73801784867948
thymine,sers,784.0,132,0.8721095863894637,8.66333719207637,0.6069195917453958,0.6891250255305683,872109586.3894637
thymine,sers,578.0,29,0.8632644560107912,6.79259783688363,0.509930149595516,0.2888164519931653,86.96527811221418
thymine,sers,1726.0,603,0.8482832058580093,24.26219795304155,0.43918245653011084,-0.003183455051453743,40.47353215550177
thymine,sers,924.0,202,0.8214068435786466,8.200481392617235,0.5989127061793571,0.6560778724758569,821406843.5786465
thymine,sers,1300.0,390,0.816950762146844,7.756359360988654,0.5693962216648142,0.534253253734402,816950762.146844
thymine,sers,1346.0,413,0.7037721171051997,6.426507033787175,0.7938457119585671,1.4606330049638587,703772117.1051997
thymine,sers,1258.0,369,0.6351109628747241,8.999847871999805,0.433832935499648,-0.025262756523295283,635110962.874724
thymine,sers,654.0,67,0.632509582535755,6.173892593141346,0.4513207348379164,0.046915367736791905,47.23383793001587
thymine,sers,1516.0,498,0.5920974234554601,7.654889202849972,0.5227091661885954,0.3415598206546869,592097423.4554601
thymine,sers,1648.0,564,0.5682333814383536,12.635706678346196,0.4920831561822822,0.21515581103244275,11.192072593168238
thymine,sers,526.0,3,0.5606743934583297,8.320419779453513,0.5757977123452239,0.5606743934583297,560674393.4583297
thymine,sers,1482.0,481,0.5470801177990684,7.816120170860245,0.5913669750614187,0.6249340614262902,547080117.7990683
thymine,sers,1160.0,320,0.5064037170122082,6.570359280888056,0.4651428109662065,0.10396379956188487,439.5681292209178
thymine,sers,618.0,49,0.48457724490483345,7.10199832227417,0.5349346940978441,0.3920187523653186,31.852928197301058
thymine,sers,1692.0,586,0.44137750543628906,5.429698931705616,0.31023596886166716,-0.5353896766466464,25.007626985248525
thymine,sers,1744.0,612,0.4247290245167127,5.451680575265527,0.3741115397616967,-0.2717533663009871,15.152996939531377
triolein,sers,1448.0,464,4.0824256717082505,49.32072649580084,1.0,2.7635082977885355,323.4011398427338
triolein,sers,1038.0,259,3.0568116333287474,31.0844938297908,0.7582465589164487,1.7075046215295315,3056811633.3287473
triolein,sers,1616.0,548,2.6809986122729903,13.045355336147395,0.7369074835666727,1.6142933649851272,61.48456523518449
triolein,sers,670.0,75,2.6420940479060766,16.78872147797989,0.6517345916412424,1.2422494900862369,176.41329604419408
triolein,sers,884.0,182,2.62944775242012,47.684788099666434,0.6314076823986268,1.1534594782833985,18.988299796794124
triolein,sers,792.0,136,2.1050144912532063,53.15515900401155,0.5945010686887848,0.992247627146212,23.40028427450607
triolein,sers,1242.0,361,2.078163776558646,7.288129187318191,0.5703869348934251,0.8869146324075741,36.28272497371309
triolein,sers,736.0,108,2.0350906299577054,13.061619951361536,0.4799844952305963,0.49202755986436825,89.11873026534634
triolein,sers,1302.0,391,1.8939490474541483,12.003534648703976,0.5920715772310475,0.9816353607837917,17.26868301388222
triolein,sers,1508.0,494,1.8610228662193464,8.962495641726491,0.7247611324223948,1.5612368649245671,165.80609310868272
triolein,sers,1100.0,290,1.633598308862842,11.696625458744734,0.6026273566259982,1.027744081292115,61.2683269024789
triolein,sers,1334.0,407,1.5956986112132463,16.526931721747474,0.5512752865609861,0.8034330041504202,21.399381783152243
triolein,sers,1688.0,584,1.5383700501004594,32.50920872643292,0.49451093999373646,0.5554805514912708,28.85707837401467
triolein,sers,1576.0,528,1.3603377476872602,17.60981073972812,0.49712191286744156,0.5668855471798,121.19802037172028
triolein,sers,534.0,7,1.3352379503944778,11.33205130235223,0.44406235907604197,0.33511600705145256,60.929846238772846
triolein,sers,1196.0,338,1.3337618836910352,36.09695475333342,0.47068987075641416,0.4514276926186688,49.8212048861408
triolein,sers,1358.0,419,1.3084721696660393,6.629146846174308,0.5244462430002549,0.686241006784585,17.547483788322477
triolein,sers,1594.0,537,1.3011436899046556,7.545892531471964,0.6098201133950014,1.0591627761262425,27.95805828834451
triolein,sers,956.0,218,1.2955456536262862,11.708795241506095,0.475797210397531,0.47373707283989475,12.262054374102025
triolein,sers,1662.0,571,1.294094076698212,9.519963340104823,0.4856048868319299,0.5165780033510127,29.67805030371095
triolein,sers,1408.0,444,1.2835345409625896,8.294167315832283,0.5092204552826015,0.6197332138377027,19.03889985754639
triolein,sers,1528.0,504,1.1244344613803658,8.784692535177669,0.5325044385073969,0.7214400262542392,42.19860943207606
triolein,sers,1378.0,429,1.1185734154712308,12.491902841939122,0.47559410343925596,0.4728498809403675,16.193219356062126
triolein,sers,720.0,100,1.0756643897164322,19.60636800957161,0.4290839629550349,0.2696888458191105,13.855113802723462
triolein,sers,932.0,206,0.9884010139004629,14.095634787002496,0.45309169305339164,0.37455705836189174,8.366233071821041
triolein,sers,576.0,28,0.8966246003343236,22.909899626792892,0.33017434280612323,-0.16235845835363247,59.86785413056925
triolein,sers,1008.0,244,0.882081853926879,6.844714601636895,0.4281391536304197,0.26556182237040316,37.8387810853541
triolein,sers,1264.0,372,0.8487780401713463,4.5038380832183975,0.3590777044896933,-0.036105627960434414,8.287146889843616
triolein,sers,620.0,50,0.8402661651558041,13.612283365443673,0.3850918237274263,0.0775266968849109,158.0620199747861
triolein,sers,1150.0,315,0.8254614239963424,9.960303763502225,0.3131155316542675,-0.23687308452907527,825461423.9963423
triolein,sers,1550.0,515,0.8218936766571949,4.094322113918906,0.43498670431626363,0.2954726218411829,41.2096901792902
triolein,sers,1170.0,325,0.777093197303925,7.888535747973151,0.3939750157455561,0.11632938521900434,28.560794583454804
triolein,sers,992.0,236,0.7263598821216528,6.091083651980966,0.4183391976391529,0.22275461554194856,17.044561830948737
triolein,sers,642.0,61,0.714323825542879,8.849890857910026,0.38141616835723846,0.06147105951246057,714323825.542879
triolein,sers,1130.0,305,0.7071968501631052,7.47192025753418,0.3724974720121072,0.022513284658528487,43.44297665926151
triolein,sers,1744.0,612,0.67657777033911,7.641433549456906,0.522234015225657,0.67657777033911,11.298840437754468
triolein,sers,1316.0,398,0.655931133558185,7.181217772105697,0.4466112875966602,0.34624998668057405,8.796473627181474
triolein,sers,1392.0,436,0.6467491860148238,7.096926178543299,0.44499568262214195,0.339192859448685,8.673337591583957
triolein,sers,1466.0,473,0.6314728562596688,9.294401350770613,0.7062001755036532,1.4801607129027965,56.26048400646353
triolein,sers,1538.0,509,0.5818399941054935,6.285887395140321,0.4619400360289664,0.4132075225254116,21.83572231775774
triolein,sers,1342.0,411,0.5715712674304815,3.8779343349913233,0.5261798632377488,0.6938136367162426,8.27444920745328
triolein,sers,1066.0,273,0.541857400613525,6.93782234677758,0.3656777434998357,-0.007275984721749573,91.09932262087837
triolein,sers,860.0,170,0.46486064055719545,7.548755707920577,0.5220985254976493,0.6759859373946431,3.4194707634270443
triolein,sers,826.0,153,0.45885171069768194,5.396650551381015,0.41962705160566915,0.22838009295823877,4.025277885539847
tryptophan,sers,1342.0,411,4.556004238988728,46.946970385678014,0.9537066190102896,2.7401962681045733,4556004238.988728
tryptophan,sers,1666.0,573,4.401519648590253,9.07093679162108,1.0,2.9793680138361465,913.5738796948281
tryptophan,sers,740.0,110,3.744683046719905,16.0646177883049,0.8502831586132,2.205865678202958,3744683046.719905
tryptophan,sers,1042.0,261,3.5618275353545714,70.85273676563054,0.7748295124532888,1.8160393166786275,3561827535.3545713
tryptophan,sers,1612.0,546,3.496270120652909,32.650335799937466,0.7996105345956691,1.9440688578375085,3496270120.652909
tryptophan,sers,874.0,177,3.053628577962549,45.949499475790844,0.7676971576831179,1.779190469066096,3053628577.962549
tryptophan,sers,668.0,74,2.8105604960226467,18.526069539893484,0.7687302904202429,1.7845280822416285,2810560496.0226464
tryptophan,sers,1188.0,334,2.3849646456435414,41.38900211183591,0.6747160810239798,1.298809776424307,2384964645.6435413
tryptophan,sers,1500.0,490,2.335902065861001,109.7524682841289,0.581938683396894,0.8194813782709172,60.362062611657805
tryptophan,sers,532.0,6,1.3661531928560104,11.699910687900402,0.5880079103801549,0.8508376452316371,1366153192.8560104
tryptophan,sers,1110.0,295,1.3631567437005223,27.657135931815333,0.6649475826527024,1.2483414641367738,1363156743.7005222
tryptophan,sers,1716.0,598,1.2899575771553922,21.08954951692681,0.4464429919278774,0.11945168990241373,48.38090076689634
tryptophan,sers,596.0,38,1.1811925509424614,15.022512942205097,0.4897193079536747,0.34303596548215154,1181192550.9424615
tryptophan,sers,1016.0,248,1.1741550931793683,9.753445222430742,0.7118248334664837,1.490529735387062,1174155093.1793683
tryptophan,sers,1256.0,368,1.113644584830804,31.535905934966422,0.4457813986040086,0.11603361097080098,160.7688279684258
tryptophan,sers,898.0,189,0.9944870952118985,11.589061718385778,0.6665215319710108,1.2564731710483197,994487095.2118984
tryptophan,sers,838.0,159,0.934919440368651,9.6324803073839,0.6070200744287642,0.9490627557858138,205.4484974432724
tryptophan,sers,1358.0,419,0.9243455670847769,6.284954854391572,0.7085593665745535,1.4736589128099593,924345567.0847769
tryptophan,sers,926.0,203,0.8481832985233302,17.577595537095192,0.5354815581881173,0.5794636586681274,848183298.5233301
tryptophan,sers,1160.0,320,0.8202826722411871,9.958138855779794,0.45504542907872614,0.16389562264026974,820282672.2411871
tryptophan,sers,954.0,217,0.7435540199928854,15.218268388720844,0.505003083162932,0.42199859728861905,743554019.9928854
tryptophan,sers,1454.0,467,0.700492126340221,6.149763191362922,0.5348724470462451,0.5763167255206333,18.101422233014887
tryptophan,sers,798.0,139,0.6712514499654089,7.082116471833899,0.43309158292208627,0.050472502562411634,151.30678363545942
tryptophan,sers,1574.0,527,0.6296053479700768,5.648203249879089,0.37251261262758933,-0.2625048123409087,629605347.9700768
tryptophan,sers,1644.0,562,0.5659650699201486,16.2898863533685,0.47741428713166395,0.27946287472177256,565965069.9201486
tryptophan,sers,1142.0,311,0.564646609505556,4.464285652440026,0.2667625027993097,-0.8088558853929504,564646609.505556
tryptophan,sers,1384.0,432,0.5495586658497011,5.706194746362598,0.38768005574324976,-0.1841432027392434,549558665.8497012
tryptophan,sers,566.0,23,0.5448627163896553,8.608763524389147,0.4640960560364411,0.21065509890153183,544862716.3896554
tryptophan,sers,632.0,56,0.5227839881199541,7.8127026704368205,0.3117111030021011,-0.5766318622419588,522783988.11995405
tyrosine,sers,1248.0,364,3.4582588657404143,11.566447055538674,1.0,1.8539256451060537,99.84613727065398
tyrosine,sers,950.0,215,3.284588709389758,12.780790001282469,0.9480039856914229,1.6404964481926858,3284588709.3897576
tyrosine,sers,698.0,89,3.2423717232752995,15.801005986993431,0.9339868692779628,1.582960078550744,3242371723.2752995
tyrosine,sers,1198.0,339,3.0308066773618973,27.494393666986184,0.8947715680963669,1.421992159197679,156.7897358664481
tyrosine,sers,1100.0,290,2.945616015268861,30.920282214491067,0.9467603545754035,1.6353916878783032,20.78033712178906
tyrosine,sers,1518.0,499,2.8597894836602116,16.6712417529684,0.9218443176297059,1.5331182766121083,35.87746823395998
tyrosine,sers,1342.0,411,2.786741745545336,64.4969683752895,0.9492779003909237,1.6457255142060354,25.194316534533193
tyrosine,sers,1678.0,579,2.4131421638740904,8.54242806966704,0.8253954131957966,1.1372223124649523,77.89288637420712
tyrosine,sers,1612.0,546,2.326759369351656,12.403170987757221,0.7459729764382974,0.8112152690508655,31.036661688079604
tyrosine,sers,1452.0,466,2.2982586043816684,19.440200510341242,0.8901209584776478,1.402902698413431,18.500137908017603
tyrosine,sers,900.0,190,2.2944365786229977,23.969795685578674,0.8035183783701207,1.0474231608226787,2294436578.6229973
tyrosine,sers,760.0,120,2.191425905285512,17.85637209440324,0.7743899362125091,0.9278589961514829,351.49618018091365
tyrosine,sers,1150.0,315,1.9074348099892549,10.745848868278358,0.6496201414189774,0.41571364316744736,53.32301464721485
tyrosine,sers,1018.0,249,1.8666275410774826,22.86926987931338,0.8394553437862564,1.1949344224118976,9.79411958019259
tyrosine,sers,1412.0,446,1.7366478526534073,7.77804080711212,0.8540402395019026,1.2548013683893724,10.459310505260998
tyrosine,sers,1176.0,328,1.7159767424163257,12.354177936213887,0.8515936460841345,1.24475878194748,49.54332686713651
tyrosine,sers,1494.0,487,1.632650035451551,14.660064934230377,0.85256128545062,1.248730672786365,12.814201374615658
tyrosine,sers,636.0,58,1.6301285154561678,14.037306793409854,0.6284785119782991,0.32893312637272726,21.665895238764005
tyrosine,sers,1634.0,557,1.5480320811865977,17.26071038233522,0.5809767707855127,0.13395167232134114,103.48417503897147
tyrosine,sers,822.0,151,1.4875898305330124,41.668309393224774,0.6823808574808042,0.5501872833562339,12.785784801556149
tyrosine,sers,778.0,129,1.4631487251760815,7.359293590060673,0.7255882229320987,0.7275415177459066,43.41736730490401
tyrosine,sers,1428.0,454,1.436184123303509,10.059986482512613,0.8393193474925857,1.1943761953991683,8.649707345911407
tyrosine,sers,932.0,206,1.4343231991494274,4.707946674177094,0.7130830247074924,0.6762111523359581,1434323199.1494274
tyrosine,sers,970.0,225,1.3845894330685846,9.348215331860274,0.6586272434683799,0.452685295369713,50.834945763585566
tyrosine,sers,536.0,8,1.341991710621065,7.153302749852646,0.8101052559290401,1.0744604637056223,8.386562619277083
tyrosine,sers,1584.0,532,1.2706306743031779,27.22386373750851,0.6736547284668151,0.514368947424456,15.940687912475683
tyrosine,sers,1326.0,403,1.188062280118565,6.455980769925986,0.9473914537682718,1.637982174778072,9.708703170617904
tyrosine,sers,1662.0,571,1.1448094020941653,6.388985191935262,0.5711604331594644,0.09365833284104245,36.952861713827126
tyrosine,sers,1292.0,386,1.111581705679877,7.604719501229624,0.9211469711080911,1.5302558628279421,28.145416965741774
tyrosine,sers,848.0,164,1.0809291098037865,5.609396781579733,0.6004977583303001,0.21407990426454532,9.290549518436068
tyrosine,sers,1554.0,517,1.0740902833816155,9.61783688193168,0.5626253547176481,0.058624206443993465,13.854119758598792
tyrosine,sers,1698.0,589,1.062384823616549,8.546789826153145,0.635307275718694,0.3569633048470648,14.171159591086008
tyrosine,sers,672.0,76,0.9977005170255702,8.078647384723553,0.62980931250948,0.3343956929251596,997700517.0255702
tyrosine,sers,592.0,36,0.9796641797443012,13.919219902178,0.5366774481883914,-0.04788474286231627,6.122254649014175
tyrosine,sers,1052.0,266,0.9703448104351688,5.673737390673068,0.7018660600545443,0.6301686279325166,4.166587481416025
tyrosine,sers,1744.0,612,0.9534712338624511,8.482261442618665,0.719041890480753,0.7006706412682042,55.771794388658556
tyrosine,sers,986.0,233,0.939740989283468,7.911526216334437,0.5909427813124897,0.17485937748850422,8.611145872691358
tyrosine,sers,570.0,25,0.8881217638697327,5.708418775977066,0.6517007857074921,0.42425411007563574,5.442932888243054
tyrosine,sers,1384.0,432,0.8480325902196144,8.879542109889485,0.5630836579628343,0.06050541397237007,6.147832968707952
tyrosine,sers,1108.0,294,0.7568467111061654,3.3940822826139083,0.9092667001326621,1.4814906502031597,5.397840291924283
tyrosine,sers,732.0,106,0.7273327702812047,17.531048368435023,0.6317619843248147,0.34241086837512646,727332770.2812047
tyrosine,sers,1540.0,510,0.7126745985802041,5.539574236374733,0.5572930347635913,0.03673651407731673,9.192410908472489
tyrosine,sers,1270.0,375,0.711596717909047,5.4829693436936395,0.6787291025080464,0.535197843463116,18.017736559233505
tyrosine,sers,1480.0,480,0.6922294579465772,5.168568774604182,0.6819111695237263,0.54825934474763,6.471878149153098
tyrosine,sers,1304.0,392,0.6915776445211004,3.6407919556465913,0.9199325435189197,1.5252709748800304,5.651489978640177
tyrosine,sers,1084.0,282,0.6714660684567166,5.901418107726499,0.7299931715398105,0.7456226083119871,3.2534358748041563
tyrosine,sers,554.0,17,0.659608607785146,3.7712468688112892,0.609989464733804,0.2530407227421863,3.8468684598246177
tyrosine,sers,1312.0,396,0.6592979773884332,5.584290085113253,0.9365979763915013,1.593677948020316,5.3877043910646325
tyrosine,sers,1044.0,262,0.5814259396493977,11.805484025802002,0.640753672927142,0.37931925265821287,2.841785177588921
tyrosine,sers,1730.0,605,0.5791570404837133,9.187971396188914,0.5742184633753268,0.10621069751336024,180.3319895069246
tyrosine,sers,618.0,49,0.5558787693345726,2.4198984814806153,0.5195871705279104,-0.11803558585685799,4.767742563542149
tyrosine,sers,1570.0,525,0.5226445352440081,4.419151184921475,0.6639173863923936,0.4743998627426764,72.02649608650393
tyrosine,sers,1214.0,347,0.5122526428029628,4.7025218741620165,0.6618271139953295,0.465819875123087,14.789652734573249
tyrosine,sers,800.0,140,0.47265921261628174,8.802170960797866,0.6348105275136257,0.35492429143640775,4.057752492967425
tyrosine,sers,608.0,44,0.46222436633953423,6.513586107311156,0.5031986718070082,-0.18530582122258918,3.5201685662679982
tyrosine,sers,522.0,1,0.43672929984135883,1.754285498821809,0.6547400144303742,0.43672929984135883,2.6765341939245153
tyrosine,sers,808.0,144,0.4335092416102917,2.7921292861601614,0.6269990079150317,0.3228601731232871,3.725997421432356
tyrosine,sers,1356.0,418,0.4237027855298121,3.9740307037207003,0.5550524629733833,0.027539589194326856,3.8306032886849195
uracil,sers,808.0,144,4.816549737576143,27.059560331816954,1.0,3.4834969155873075,4816549737.576142
uracil,sers,1464.0,472,3.4516770920698674,50.249516646603524,0.7811092969369039,2.323114012683656,76.60115723068245
uracil,sers,728.0,104,3.430050464433176,18.31463955490736,0.7684544286324113,2.2560280532822756,3430050464.4331756
uracil,sers,1196.0,338,3.0423459891658453,31.10848460831346,0.6420981499436659,1.5861884328088325,3042345989.165845
uracil,sers,1040.0,260,2.4560415410389336,47.38699103622656,0.5422533366432783,1.0568913330412817,2456041541.0389333
uracil,sers,862.0,171,2.33654226758926,29.275524916257154,0.608843201777058,1.4098973763615619,2336542267.58926
uracil,sers,1310.0,395,2.2387519041360493,31.721766354763076,0.5532314914842564,1.1150887027999594,92.68550389916946
uracil,sers,1626.0,553,1.8554694712045543,14.905505327627907,0.5796321684925836,1.2550439123947394,47.597623398927404
uracil,sers,934.0,207,1.7410049752742935,20.14175826621789,0.4197587471267794,0.4075232905247671,1741004975.2742934
uracil,sers,668.0,74,1.628745242465227,18.851315294989718,0.4347462375060236,0.4869749408239342,1628745242.465227
uracil,sers,1726.0,603,1.5457219722670619,14.311307775031082,0.5718940806416857,1.214022778478603,1545721972.2670617
uracil,sers,1348.0,414,1.3431850774625302,8.30583537215341,0.4871533741630588,0.7647955358330771,151.85050339436793
uracil,sers,1676.0,578,1.3094968848186057,9.654370204368433,0.4886538902555242,0.7727500683685526,1309496884.8186057
uracil,sers,526.0,3,1.2912125817886613,8.853112472826433,0.5864549038609533,1.2912125817886613,1291212581.7886612
uracil,sers,1074.0,277,1.119332087731594,20.66738402685371,0.4397178504403168,0.5133304441325673,1119332087.7315938
uracil,sers,1260.0,370,1.1088568443466877,7.72297439489239,0.41169902958124116,0.3647971339945862,32.69310173342122
uracil,sers,1700.0,590,1.1085400419388596,12.30478788067785,0.4684940425400035,0.6658787289883312,1108540041.9388595
uracil,sers,756.0,118,1.0802286103795509,7.580414172907382,0.5032322177436066,0.8500326652690939,1080228610.3795507
uracil,sers,1540.0,510,1.0281642646943914,10.447923870870682,0.32635840936448357,-0.08761037001061643,26.375090629428964
uracil,sers,1104.0,292,0.9989359431937257,14.166295636639575,0.3380407601210369,-0.02567991844767149,998935943.1937256
uracil,sers,1600.0,540,0.9799245422812966,8.66337955625636,0.5668198115356029,1.187123074502901,25.13761613797496
uracil,sers,1448.0,464,0.976757608379726,11.739624546799746,0.6788083253067405,1.780796331900954,21.676640409863186
uracil,sers,1650.0,565,0.9630549624736529,13.663827832824836,0.4257832433463216,0.4394603363377609,963054962.4736528
uracil,sers,1164.0,322,0.9210188540763398,7.1814799138429635,0.44524135640639245,0.5426116415403579,921018854.0763397
uracil,sers,642.0,61,0.9045341815661083,10.789121364869686,0.34333783108063626,0.002400902212924311,904534181.5661082
uracil,sers,1512.0,496,0.8996590016246722,12.41071150051414,0.497015646091173,0.8170773896031369,30.176605025231208
uracil,sers,706.0,93,0.8341471446663599,8.057874123287206,0.3730234599079737,0.1597702910044473,834147144.6663598
uracil,sers,980.0,230,0.7823436272040329,7.968718498637372,0.28288946622118194,-0.318047833662229,782343627.2040329
uracil,sers,956.0,218,0.7391359231899066,11.21464173015113,0.32162462142453885,-0.11270511599395756,739135923.1899066
uracil,sers,1368.0,424,0.7299721852667735,10.70868331003453,0.26431203253546787,-0.4165304833456882,267.2577082970583
uracil,sers,606.0,43,0.7225872201147766,21.51497607368961,0.30148566947277133,-0.219465682798355,722587220.1147766
uracil,sers,1210.0,345,0.6967797380830132,9.674301253281897,0.5038965522554804,0.8535544338896862,16.613772542230162
uracil,sers,880.0,180,0.6739843848565832,4.834984305325463,0.5390771339743303,1.040053654594327,673984384.8565831
uracil,sers,1392.0,436,0.5920907382541333,8.939491752335812,0.2710688906425587,-0.3807110423411335,18.08011015634243
uracil,sers,544.0,12,0.5774292690529329,6.4353704862421,0.44987803083117894,0.5671915695755011,577429269.0529329
uracil,sers,1286.0,383,0.5370383067508919,9.772732718426823,0.3729241978560179,0.15924408323780934,21.14459480341149
urate,sers,640.0,60,6.405842062285595,25.149758158235826,1.0,5.450420081841505,6405842062.285595
urate,sers,1136.0,308,4.294067431617148,22.37861911120774,0.6757329061911308,3.356812322029127,4294067431.617148
urate,sers,810.0,145,2.642689968725667,16.69590779611599,0.4222025347537897,1.7199112515116404,2642689968.725667
urate,sers,890.0,185,2.624338274959538,25.889623549776275,0.41903098087854435,1.6994343362444055,2624338274.959538
urate,sers,1208.0,344,2.5808017497346563,23.341725295559627,0.4227608982964755,1.7235162865832916,2580801749.7346563
urate,sers,1622.0,551,2.276382212676708,102.42499630027373,0.3702348945962734,1.384385825804884,2276382212.676708
urate,sers,1370.0,425,2.175760255107009,81.78382238162078,0.3481405128205082,1.2417349987022608,2175760255.107009
urate,sers,596.0,38,1.3954268690950529,14.51458864494954,0.3118665235973511,1.0075345301165854,1395426869.0950527
urate,sers,1014.0,247,1.278142767038184,24.992712479898955,0.24588462251473742,0.5815270111570573,1278142767.038184
urate,sers,728.0,104,0.6655413859550009,12.877327840442007,0.13941618887485757,-0.10587896712239823,665541385.9550009
urea,sers,1002.0,241,7.883970162441076,27.276818492568736,1.0,7.06236704302381,7883970162.441075
urea,sers,1604.0,542,1.7533977153489806,31.916501363592488,0.24046295567966422,1.0630049536386073,1753397715.3489804
urea,sers,1326.0,403,1.5016774559943311,56.27126501708642,0.1936471756817699,0.6932207307299084,249.05675037675678
urea,sers,528.0,4,1.3226774950248583,15.736734044634144,0.27333827002760597,1.3226774950248583,1322677495.0248582
urea,sers,1500.0,490,1.2409943702766717,19.34049709006399,0.19227909928112374,0.6824146933485932,1240994370.2766716
urea,sers,1198.0,339,1.109620037733869,69.80233086028488,0.1614003410787244,0.4385123679622932,101.07895524557667
urea,sers,800.0,140,0.9658659493656996,23.852593698786677,0.1368668272598933,0.24472928150887258,965865949.3656995
urea,sers,584.0,32,0.8961446651655114,24.49578676196296,0.11916242151381125,0.10488733246584239,896144665.1655114
valine,sers,1682.0,581,3.621807882180177,9.083775838357724,0.9458674449422804,1.8237966666946157,3621807882.1801767
valine,sers,1702.0,591,3.3240766387674188,9.03032597927404,1.0,2.0350216384798254,3324076638.7674184
valine,sers,776.0,128,3.2711421591024026,29.210016592661248,0.9465862514019548,1.8266014460737139,909.0379595157551
valine,sers,1156.0,318,3.0445705053609,22.761109985556686,0.8675880779767106,1.518350949952882,915.7870173387532
valine,sers,1322.0,401,2.9631221981090885,18.953947613552145,0.852031582541605,1.457649578922949,2963122198.1090884
valine,sers,1580.0,530,2.921821157487283,11.512041523744983,0.844176631904972,1.4269995989833748,46.220859093343726
valine,sers,1044.0,262,2.849119745291232,38.93265283191124,0.8358331489555163,1.3944433682880004,20.21535178886152
valine,sers,932.0,206,2.539619433955485,20.900869268608005,0.8270720301982838,1.3602575246615523,34.936340576568654
valine,sers,1254.0,367,2.5148614123266144,11.249858584801359,0.7659793235623865,1.121874074597352,2514861412.3266144
valine,sers,1648.0,564,2.500209386770545,10.806605906664117,0.8125463317218176,1.3035783184504184,154.34110332703938
valine,sers,1450.0,465,2.2594476146514957,32.8382741573331,0.7543204934755997,1.076381375176379,22.110817135692685
valine,sers,1556.0,518,2.1749221185910863,6.8658397559693185,0.8091940108856297,1.2904975785281345,54.30110934980326
valine,sers,1220.0,350,2.124374130418847,15.96611095231276,0.6491852602152846,0.6661441961745245,2124374130.4188466
valine,sers,644.0,62,2.0873642675709414,23.488991794568904,0.7410204735289903,1.024484760745934,2087364267.5709412
valine,sers,1480.0,480,2.0437626292334414,16.808452985106555,0.7008806638058084,0.8678594145526421,20.000136967421234
valine,sers,902.0,191,1.948000828675968,10.871073257458079,0.6767638470493491,0.7737557105338586,121.0911416997634
valine,sers,1300.0,390,1.9042602969809352,20.358050802630032,0.6670370776481463,0.7358019026978967,1904260296.980935
valine,sers,884.0,182,1.9008755515039364,9.221735112303463,0.6606625214192546,0.7109284146802851,82.28376370445956
valine,sers,1598.0,539,1.7940775593848528,25.96156827486152,0.6895594858717405,0.8236842322219905,33.78740644089928
valine,sers,1354.0,417,1.7412959886751735,9.231187010436997,0.6871641626797669,0.8143376925454202,1741295988.6751735
valine,sers,552.0,16,1.7249543362210056,12.249450952236412,0.7865611552929304,1.2021842838962953,1724954336.2210054
valine,sers,1196.0,338,1.6432634502025905,8.04944311549491,0.6208462574219017,0.5555655423668348,1643263450.2025905
valine,sers,1726.0,603,1.6201696376383654,8.442534358645617,0.6892462262271638,0.8224618945821615,1620169637.6383653
valine,sers,806.0,143,1.540636644147042,13.160031061728603,0.7583263079063655,1.0920120439895005,1540636644.147042
valine,sers,734.0,107,1.464360718612949,7.455960938157432,0.8452001107515967,1.4309932085639778,1464360718.612949
valine,sers,580.0,30,1.4520917282464731,6.184650140876059,0.6690368340175534,0.7436049425184803,1452091728.246473
valine,sers,1664.0,572,1.4057950459638702,7.282149105208191,0.49247535654028857,0.05466289907115538,86.78151501783088
valine,sers,1024.0,252,1.3111126801336859,7.145487666318502,0.7562110913534628,1.0837584790833161,8.939654569582427
valine,sers,1512.0,496,1.2758909449854765,10.447139041133369,0.6393642117998437,0.627822512074434,15.652295248372836
valine,sers,534.0,7,1.2325670270008309,7.86913195904604,0.718448993958425,0.9364109550598828,1232567027.000831
valine,sers,984.0,232,1.2240342077491135,20.9818318948154,0.5912788060185381,0.4401934879390178,6.025116154820233
valine,sers,1104.0,292,1.1995196334095004,6.817448069114789,0.543316560855938,0.2530450359506836,16.664152999039658
valine,sers,830.0,155,1.1670003308989292,10.754534206433505,0.7542047426826414,1.0759297161340398,1167000330.898929
valine,sers,714.0,97,1.1310092946577381,9.461687914476755,0.6281994357023377,0.5842576089644782,1131009294.657738
valine,sers,698.0,89,1.1234251867464877,12.015151395555904,0.5826228205091938,0.4064178737446588,1123425186.7464876
valine,sers,610.0,45,1.1220314169045476,9.604691038916926,0.609506543470034,0.5113180325830888,1122031416.9045475
valine,sers,952.0,216,1.0847073261432885,8.028230050507375,0.617531412864302,0.5426310347049524,8.542563781552905
valine,sers,662.0,71,1.062488062314002,5.870031258817789,0.7203251631589052,0.9437317583364535,1062488062.314002
valine,sers,1236.0,358,1.0318570211117688,6.1494341904308385,0.3768661651668832,-0.3964436145585954,12.64625042914602
valine,sers,1376.0,428,1.000003637506712,6.705601569854593,0.5612165707416176,0.3228907891952174,1000003637.506712
valine,sers,1434.0,457,0.992115219676633,6.354591502685139,0.7396163905982989,1.0190060358436428,9.453801152741026
valine,sers,1070.0,275,0.9896573258477437,6.713533623551143,0.7376235342864104,1.0112299200146047,9.57970007804104
valine,sers,1492.0,486,0.9627217146305952,9.444760455686833,0.6435983927040672,0.644344265778364,9.421136231140686
valine,sers,1002.0,241,0.903662595323889,7.762971249287602,0.6083582760357101,0.5068374985281505,6.135327487407923
valine,sers,1270.0,375,0.903514047334554,6.537016519943222,0.4920332178715154,0.052937676093278395,903514047.334554
valine,sers,868.0,174,0.8974385072984709,10.63478254012125,0.596329070876946,0.4598995973419012,897438507.2984709
valine,sers,748.0,114,0.849105452395977,3.792863424190358,0.7286266307136142,0.9761240451618137,849105452.3959769
valine,sers,682.0,81,0.8452785128947092,6.884468231409784,0.5196110315616784,0.16054617364879464,845278512.8947092
valine,sers,1176.0,328,0.8443443620149562,7.398158370476949,0.5804488585852088,0.3979350846805506,109.74014717161323
valine,sers,852.0,166,0.7845545598745574,7.494697424271237,0.5666591686230792,0.344127780183804,784554559.8745573
valine,sers,1418.0,449,0.732927465931241,6.60192793985027,0.5785651948777667,0.3905850378735411,732927465.931241
valine,sers,1036.0,258,0.6453119362840142,2.8354528591787584,0.6355936050239893,0.6131096224095414,4.381281333456868
valine,sers,766.0,123,0.6225981192379831,4.2414998744681895,0.7890804511757047,1.2120145644213918,173.0176483879084
valine,sers,1620.0,550,0.607027627485057,9.253269353907626,0.6462083910651235,0.6545284669413377,15.483399036430535
valine,sers,1338.0,409,0.6048025225674405,8.998684857186845,0.5034721735662533,0.09757242668461782,604802522.5674405
valine,sers,1212.0,346,0.5786270932654898,2.266274994031278,0.5341785920719073,0.21738872531611345,578627093.2654897
valine,sers,1746.0,613,0.5267801574386237,4.510422234054886,0.6134691635995455,0.5267801574386237,526780157.43862367
valine,sers,1286.0,383,0.5010959365152914,5.3511863497082,0.6267060464268126,0.5784304111303697,501095936.51529133
valine,sers,1134.0,307,0.4721441585042769,3.5773846927845625,0.48744383768973926,0.0350299365015736,142.01789379132575
valine,sers,1528.0,504,0.4592690206783511,5.891965340455727,0.5065336764258627,0.10951839624862277,6.404962407160967
valine,sers,968.0,224,0.4012209765644161,3.9451863341469107,0.5481579989339344,0.2719363042518791,3.1597977631301672
valine,sers,1542.0,511,0.3967251570096617,1.8594093700812664,0.33215055211628525,-0.5709237235226001,7.471423994518414
xanthine,sers,660.0,70,8.98145023907021,16.91522489016114,1.0,8.297650365384865,8981450239.07021
xanthine,sers,1246.0,363,2.3105125336940455,20.390228460437015,0.26172281287709614,1.5969096229103363,2310512533.6940455
xanthine,sers,1372.0,426,2.3072316172238647,35.27974471220091,0.2634906693709682,1.6129550164860214,2307231617.2238646
xanthine,sers,958.0,219,2.152092333431011,26.350634812272915,0.2464679994257203,1.4584541053955227,2152092333.4310107
xanthine,sers,1138.0,309,2.0139483904627435,21.396711130449717,0.24383267701524483,1.4345354301967868,2013948390.4627435
xanthine,sers,1320.0,400,1.715894914615397,29.36811295917198,0.2383021728155561,1.384339547859288,1715894914.615397
xanthine,sers,1698.0,589,1.3142548248676764,44.56806871868616,0.15722457014875593,0.6484641815774537,1314254824.8676763
xanthine,sers,1054.0,267,1.2874451735166843,17.729046513229264,0.15598718465726713,0.6372334412517534,1287445173.5166843
xanthine,sers,1432.0,456,1.2497186596615177,19.328287635833703,0.20699677133206248,1.1002059150736836,1249718659.6615176
xanthine,sers,1568.0,524,1.104457412894762,45.72526268028048,0.14596704288990706,0.5462887752685376,1104457412.8947618
xanthine,sers,870.0,175,0.9471515578798589,18.657436369363325,0.12978040971237242,0.39937588901387944,947151557.8798589
