analyte,family,raman_peak,sers_peak,shift,intensity_ratio,confidence,note,raman_rel,sers_rel,raman_prom,sers_prom,kind
acetoacetate,organic_acid,,528.0,,,None,SERS-only,,0.5706691398451738,,1.729934589390007,sers_only
acetoacetate,organic_acid,552.0,562.0,10.0,1.6923056726397872,Low,Intensity enhanced,0.2236257889286065,0.37844319284473416,0.6977227094015771,0.7765731958540718,matched
acetoacetate,organic_acid,580.0,,,,None,Absent in SERS,0.207857033183891,,0.6062133584452817,,raman_only
acetoacetate,organic_acid,,596.0,,,None,SERS-only,,0.37223817118578234,,1.7539353925843209,sers_only
acetoacetate,organic_acid,,620.0,,,None,SERS-only,,0.3081146880966473,,1.6093552055128022,sers_only
acetoacetate,organic_acid,640.0,652.0,12.0,0.2958878040052646,Low,Intensity reduced,0.6038277781965767,0.17866527558385087,2.8708846173218183,0.6000257317094158,matched
acetoacetate,organic_acid,,678.0,,,None,SERS-only,,0.22718307143227,,0.8954439583118586,sers_only
acetoacetate,organic_acid,,726.0,,,None,SERS-only,,0.8241125821070087,,3.821477434953213,sers_only
acetoacetate,organic_acid,760.0,,,,None,Absent in SERS,0.41772072675913074,,1.883321682478945,,raman_only
acetoacetate,organic_acid,,808.0,,,None,SERS-only,,1.0,,5.728605568441919,sers_only
acetoacetate,organic_acid,830.0,,,,None,Absent in SERS,1.0,,4.964852422632161,,raman_only
acetoacetate,organic_acid,,856.0,,,None,SERS-only,,0.3525347769500408,,0.6360974278685021,sers_only
acetoacetate,organic_acid,,876.0,,,None,SERS-only,,0.37475496535336245,,1.2872383979787951,sers_only
acetoacetate,organic_acid,902.0,,,,None,Absent in SERS,0.30867815978711516,,0.8421647924936506,,raman_only
acetoacetate,organic_acid,930.0,930.0,0.0,0.558863405468319,High,Intensity reduced,0.48250052373990443,0.2696518863963939,2.3702840244775985,0.8934272911270967,matched
acetoacetate,organic_acid,,954.0,,,None,SERS-only,,0.3869844843225192,,1.6399122439392113,sers_only
acetoacetate,organic_acid,,978.0,,,None,SERS-only,,0.2738693202801186,,1.1091946168323714,sers_only
acetoacetate,organic_acid,1006.0,1004.0,-2.0,0.6586302096517052,High,Intensity reduced,0.43526278275641034,0.28667721851906935,2.0845250443879597,1.0235661377733494,matched
acetoacetate,organic_acid,,1044.0,,,None,SERS-only,,0.35347882832637045,,1.3108308417860974,sers_only
acetoacetate,organic_acid,,1070.0,,,None,SERS-only,,0.3420955541517718,,1.0803415431409484,sers_only
acetoacetate,organic_acid,1088.0,,,,None,Absent in SERS,0.2936998394893588,,1.3787624859220984,,raman_only
acetoacetate,organic_acid,,1120.0,,,None,SERS-only,,0.4182654430934214,,1.8844117446988742,sers_only
acetoacetate,organic_acid,,1142.0,,,None,SERS-only,,0.2277148250675055,,0.5831715246913122,sers_only
acetoacetate,organic_acid,1158.0,,,,None,Absent in SERS,0.3653631026246969,,0.8454603905186651,,raman_only
acetoacetate,organic_acid,1190.0,1188.0,-2.0,1.233281638581299,High,Strong correspondence,0.38993913650125395,0.480904778444525,1.8634701960304008,1.8312175720439394,matched
acetoacetate,organic_acid,,1210.0,,,None,SERS-only,,0.4984185236181383,,2.723222164464738,sers_only
acetoacetate,organic_acid,,1238.0,,,None,SERS-only,,0.23395102643656043,,0.6568641612338925,sers_only
acetoacetate,organic_acid,,1258.0,,,None,SERS-only,,0.35074992017437423,,1.7359703753244096,sers_only
acetoacetate,organic_acid,,1284.0,,,None,SERS-only,,0.31495332198822,,0.818517624222062,sers_only
acetoacetate,organic_acid,1326.0,1320.0,-6.0,2.6300931377975116,Medium,Intensity enhanced,0.19524087105597304,0.5135016778120166,0.8487701088814594,2.9771974411232565,matched
acetoacetate,organic_acid,,1344.0,,,None,SERS-only,,0.47885898900401475,,1.1497884482423006,sers_only
acetoacetate,organic_acid,,1370.0,,,None,SERS-only,,0.3788028148767993,,0.8210118639850172,sers_only
acetoacetate,organic_acid,1400.0,1392.0,-8.0,0.3384965738163916,Medium,Intensity reduced,0.8824637087296112,0.2987109422607761,4.34241275463553,1.5104000298633882,matched
acetoacetate,organic_acid,1444.0,1438.0,-6.0,0.7807370888291797,Medium,Shifted band,0.8451739038223159,0.6598586140053652,0.970171088070559,1.2891775666053946,matched
acetoacetate,organic_acid,,1468.0,,,None,SERS-only,,0.6726132805656332,,3.772329108700026,sers_only
acetoacetate,organic_acid,,1520.0,,,None,SERS-only,,0.3311134740134593,,0.9393650971108765,sers_only
acetoacetate,organic_acid,1580.0,,,,None,Absent in SERS,0.1776470973858372,,0.7803691294872932,,raman_only
acetoacetate,organic_acid,,1636.0,,,None,SERS-only,,0.3880393685137563,,2.0629074984846394,sers_only
acetoacetate,organic_acid,,1680.0,,,None,SERS-only,,0.35862763798013203,,1.712374095154538,sers_only
acetoacetate,organic_acid,1706.0,,,,None,Absent in SERS,0.8187159451515847,,4.012656431108237,,raman_only
acetoacetate,organic_acid,,1722.0,,,None,SERS-only,,0.4613062428664045,,2.1796219680553612,sers_only
acetyl-coa,cofactor,,524.0,,,None,SERS-only,,0.7474898465934807,,1.7232893273731364,sers_only
acetyl-coa,cofactor,,552.0,,,None,SERS-only,,0.471849703465826,,0.6192486457286532,sers_only
acetyl-coa,cofactor,,570.0,,,None,SERS-only,,0.48950397672027823,,1.6118201289042404,sers_only
acetyl-coa,cofactor,632.0,622.0,-10.0,0.8636704993225933,Low,Shifted band,0.44350481678922943,0.38304202743199955,2.569640929078334,1.1735040283417626,matched
acetyl-coa,cofactor,,654.0,,,None,SERS-only,,0.45312730401462603,,1.6616926911129724,sers_only
acetyl-coa,cofactor,,686.0,,,None,SERS-only,,0.48254606882666423,,1.6963932888410382,sers_only
acetyl-coa,cofactor,,704.0,,,None,SERS-only,,0.5297856613641082,,1.976370687496226,sers_only
acetyl-coa,cofactor,724.0,728.0,4.0,0.5275802924328516,High,Intensity reduced,1.0,0.527580292960432,6.438549567275144,1.5373219135128782,matched
acetyl-coa,cofactor,,756.0,,,None,SERS-only,,0.4056432134489263,,0.9162392755753637,sers_only
acetyl-coa,cofactor,806.0,808.0,2.0,2.532038385668818,High,Intensity enhanced,0.3949387193843112,1.0,2.3156925635945282,4.600420072914941,matched
acetyl-coa,cofactor,,842.0,,,None,SERS-only,,0.41283940589908136,,0.8131131419933387,sers_only
acetyl-coa,cofactor,,860.0,,,None,SERS-only,,0.6366921428988305,,0.6018099144033854,sers_only
acetyl-coa,cofactor,882.0,872.0,-10.0,2.097164121979551,Low,Intensity enhanced,0.337065842054889,0.7068823927995035,1.6920563420716728,2.636623394093042,matched
acetyl-coa,cofactor,,908.0,,,None,SERS-only,,0.46672958468203485,,0.9073690389309352,sers_only
acetyl-coa,cofactor,,924.0,,,None,SERS-only,,0.523094755774884,,1.5626939749637958,sers_only
acetyl-coa,cofactor,,938.0,,,None,SERS-only,,0.5332688800342498,,1.7744078795378704,sers_only
acetyl-coa,cofactor,,972.0,,,None,SERS-only,,0.5384235253194823,,1.8060523811330846,sers_only
acetyl-coa,cofactor,,988.0,,,None,SERS-only,,0.4702658958062811,,1.4344868263927022,sers_only
acetyl-coa,cofactor,,1000.0,,,None,SERS-only,,0.4409635549532004,,0.5881485093932377,sers_only
acetyl-coa,cofactor,,1022.0,,,None,SERS-only,,0.6234831560549956,,1.705538445548712,sers_only
acetyl-coa,cofactor,1052.0,1050.0,-2.0,2.478580739789735,High,Intensity enhanced,0.35773093140409856,0.8866649990838223,0.8672936394244957,3.587155368912418,matched
acetyl-coa,cofactor,,1070.0,,,None,SERS-only,,0.5301794185562363,,0.5136107459961251,sers_only
acetyl-coa,cofactor,,1086.0,,,None,SERS-only,,0.5754598809983098,,0.9725272822757239,sers_only
acetyl-coa,cofactor,1126.0,1114.0,-12.0,1.6092775566676631,Low,Intensity enhanced,0.40505260967656526,0.6518420756314411,2.6698985602549836,1.6857542183743381,matched
acetyl-coa,cofactor,,1162.0,,,None,SERS-only,,0.3771001006238056,,1.078165315958528,sers_only
acetyl-coa,cofactor,,1176.0,,,None,SERS-only,,0.42633993000366355,,0.5651720157052758,sers_only
acetyl-coa,cofactor,,1192.0,,,None,SERS-only,,0.580181557438149,,2.2489118069264533,sers_only
acetyl-coa,cofactor,1206.0,1208.0,2.0,2.0091847057747265,High,Intensity enhanced,0.1779253776703717,0.3574849495936876,0.8591226067297524,0.7726168394378062,matched
acetyl-coa,cofactor,,1254.0,,,None,SERS-only,,0.4904624095797871,,0.7961565720127486,sers_only
acetyl-coa,cofactor,,1270.0,,,None,SERS-only,,0.6008978526143112,,1.659466710505604,sers_only
acetyl-coa,cofactor,,1302.0,,,None,SERS-only,,0.36813852787268353,,0.5043679097278307,sers_only
acetyl-coa,cofactor,,1316.0,,,None,SERS-only,,0.7759424341632266,,1.0857417574511519,sers_only
acetyl-coa,cofactor,1334.0,1340.0,6.0,1.2837052017584243,Medium,Shifted band,0.7285389582614901,0.9352292516876436,4.891137673099375,3.977756534405634,matched
acetyl-coa,cofactor,,1378.0,,,None,SERS-only,,0.36817611277930457,,0.7472194081696424,sers_only
acetyl-coa,cofactor,1412.0,1410.0,-2.0,1.1098108450478383,High,Strong correspondence,0.3813825595967356,0.4232625018623716,0.9894928110773457,0.48196591167717845,matched
acetyl-coa,cofactor,,1434.0,,,None,SERS-only,,0.6819603212565083,,1.3482906581215155,sers_only
acetyl-coa,cofactor,,1452.0,,,None,SERS-only,,0.7881586096860738,,2.9063552519743587,sers_only
acetyl-coa,cofactor,,1466.0,,,None,SERS-only,,0.7374964798927589,,0.9382008131444453,sers_only
acetyl-coa,cofactor,,1478.0,,,None,SERS-only,,0.7145760347436337,,1.4897825476998428,sers_only
acetyl-coa,cofactor,1510.0,1508.0,-2.0,1.4859913645632368,High,Intensity enhanced,0.2838630814669022,0.4218180892641186,1.1905008990668782,0.6526661550400112,matched
acetyl-coa,cofactor,,1522.0,,,None,SERS-only,,0.43475127801872704,,0.868388790422608,sers_only
acetyl-coa,cofactor,,1552.0,,,None,SERS-only,,0.39909223487016704,,1.155009285969544,sers_only
acetyl-coa,cofactor,1578.0,1578.0,0.0,1.781263046809135,High,Intensity enhanced,0.2656585629547063,0.47320778304089967,1.2861292288598722,0.7270783698337416,matched
acetyl-coa,cofactor,,1610.0,,,None,SERS-only,,0.7503381296788109,,3.076968580932613,sers_only
acetyl-coa,cofactor,,1622.0,,,None,SERS-only,,0.5345874195074924,,0.58765791289878,sers_only
acetyl-coa,cofactor,,1640.0,,,None,SERS-only,,0.5451968618420793,,1.9643141159825115,sers_only
acetyl-coa,cofactor,,1664.0,,,None,SERS-only,,0.4351076304250066,,1.0435942629255244,sers_only
acetyl-coa,cofactor,1672.0,1678.0,6.0,2.416277848290585,Medium,Intensity enhanced,0.22735246717690324,0.5493467326100414,0.9819562178315686,2.0977659866518974,matched
acetyl-coa,cofactor,,1698.0,,,None,SERS-only,,0.5217896666865067,,1.8478719676092306,sers_only
acetyl-coa,cofactor,,1722.0,,,None,SERS-only,,0.42633126032718116,,1.2469845548894334,sers_only
acetyl-coa,cofactor,,1732.0,,,None,SERS-only,,0.35757502914563016,,0.599574254657748,sers_only
adenine,purine,536.0,,,,None,Absent in SERS,0.482256998941804,,3.590301673009103,,raman_only
adenine,purine,,552.0,,,None,SERS-only,,0.29723985616641746,,0.707518885110866,sers_only
adenine,purine,,576.0,,,None,SERS-only,,0.26834991262920704,,0.5999829550894138,sers_only
adenine,purine,622.0,,,,None,Absent in SERS,0.3079836962908566,,2.2003411406666955,,raman_only
adenine,purine,,656.0,,,None,SERS-only,,0.37145257245541763,,1.8642879116755098,sers_only
adenine,purine,,678.0,,,None,SERS-only,,0.3480971317977304,,0.9480701602410083,sers_only
adenine,purine,722.0,732.0,10.0,0.4625430286668658,Low,Intensity reduced,1.0,0.46254302912940887,7.600891542300592,2.357687712061436,matched
adenine,purine,,804.0,,,None,SERS-only,,1.0,,5.651452480764535,sers_only
adenine,purine,,874.0,,,None,SERS-only,,0.48580006696291766,,2.438239078002813,sers_only
adenine,purine,898.0,,,,None,Absent in SERS,0.1654023817095622,,0.9517054836196863,,raman_only
adenine,purine,942.0,,,,None,Absent in SERS,0.387969247611698,,2.840311952808201,,raman_only
adenine,purine,,956.0,,,None,SERS-only,,0.44033376619205417,,1.9936479629805013,sers_only
adenine,purine,1024.0,,,,None,Absent in SERS,0.17739380052983753,,1.0371858467869166,,raman_only
adenine,purine,,1040.0,,,None,SERS-only,,0.45378483938225433,,1.109496988461857,sers_only
adenine,purine,,1104.0,,,None,SERS-only,,0.4651684766248969,,2.2917354234956493,sers_only
adenine,purine,1126.0,,,,None,Absent in SERS,0.3451695929173694,,2.518490135730576,,raman_only
adenine,purine,,1162.0,,,None,SERS-only,,0.27173312964213603,,1.1288628484972036,sers_only
adenine,purine,,1188.0,,,None,SERS-only,,0.4321186358871762,,1.7346942207098992,sers_only
adenine,purine,,1204.0,,,None,SERS-only,,0.41144475071527964,,1.0484155182212225,sers_only
adenine,purine,,1226.0,,,None,SERS-only,,0.3252978055293616,,0.6266775322644083,sers_only
adenine,purine,1248.0,,,,None,Absent in SERS,0.5334738294808797,,3.9394887394452516,,raman_only
adenine,purine,1334.0,1338.0,4.0,0.7477393961814525,High,Strong correspondence,0.844123577809553,0.6311844551215818,6.377035578556881,3.4063249172620136,matched
adenine,purine,1372.0,,,,None,Absent in SERS,0.2151470679945687,,1.2160101858331835,,raman_only
adenine,purine,,1388.0,,,None,SERS-only,,0.21390523226009014,,0.7426299366295832,sers_only
adenine,purine,,1444.0,,,None,SERS-only,,0.5253565182452761,,2.6635050308586234,sers_only
adenine,purine,1484.0,1484.0,0.0,1.0207895871512294,High,Strong correspondence,0.40657597471551443,0.41502852239624827,2.9814420746921746,0.8125734660640561,matched
adenine,purine,,1516.0,,,None,SERS-only,,0.40563102134098816,,1.7200752089196965,sers_only
adenine,purine,,1536.0,,,None,SERS-only,,0.2397313316036792,,0.604204933595403,sers_only
adenine,purine,,1558.0,,,None,SERS-only,,0.24095309066643208,,0.7447557091541263,sers_only
adenine,purine,,1582.0,,,None,SERS-only,,0.38662333184310693,,0.7530460432401694,sers_only
adenine,purine,,1602.0,,,None,SERS-only,,0.43638128790598224,,2.3277896181478495,sers_only
adenine,purine,,1636.0,,,None,SERS-only,,0.3999093916571337,,0.7659275768032652,sers_only
adenine,purine,,1668.0,,,None,SERS-only,,0.3381258265550937,,1.1774655311890427,sers_only
adenine,purine,,1706.0,,,None,SERS-only,,0.23002394911829283,,0.8573085819551947,sers_only
alanine,amino_acid,532.0,534.0,2.0,1.7411211958422865,High,Intensity enhanced,0.4649453635160327,0.8095262290674827,3.2408833374655783,1.5202706139873443,matched
alanine,amino_acid,,568.0,,,None,SERS-only,,0.5535105301053089,,1.4819282176301516,sers_only
alanine,amino_acid,,600.0,,,None,SERS-only,,0.4418836970765366,,0.7578358579524227,sers_only
alanine,amino_acid,,616.0,,,None,SERS-only,,0.41036407509885475,,0.6069442043648998,sers_only
alanine,amino_acid,652.0,644.0,-8.0,3.5027253426652485,Medium,Intensity enhanced,0.1613834019381153,0.5652817353568937,1.2209168466683136,1.5388635613589892,matched
alanine,amino_acid,,670.0,,,None,SERS-only,,0.6343194115553956,,1.9870449786427877,sers_only
alanine,amino_acid,,694.0,,,None,SERS-only,,0.6013425499928364,,1.7253348872793182,sers_only
alanine,amino_acid,,744.0,,,None,SERS-only,,0.3831178959703451,,0.7824412911006221,sers_only
alanine,amino_acid,774.0,774.0,0.0,3.380864711221845,High,Intensity enhanced,0.15679511818117908,0.5301030853314718,1.1853270790893335,0.5623480933745286,matched
alanine,amino_acid,,808.0,,,None,SERS-only,,0.9864673294542364,,4.04807557656522,sers_only
alanine,amino_acid,852.0,840.0,-12.0,0.567513623839656,Low,Intensity reduced,1.0,0.5675136244071697,7.973540297781406,1.1934564256447182,matched
alanine,amino_acid,,866.0,,,None,SERS-only,,0.7617785739326245,,2.229031806992982,sers_only
alanine,amino_acid,,882.0,,,None,SERS-only,,0.5969332651690634,,0.49376031567581957,sers_only
alanine,amino_acid,920.0,,,,None,Absent in SERS,0.1585213539632268,,1.1999938082920885,,raman_only
alanine,amino_acid,,936.0,,,None,SERS-only,,0.5451556743713559,,0.8431969485112876,sers_only
alanine,amino_acid,,954.0,,,None,SERS-only,,0.5898961277487516,,1.658185457760621,sers_only
alanine,amino_acid,,970.0,,,None,SERS-only,,0.46531577979217376,,0.4363237616688404,sers_only
alanine,amino_acid,,992.0,,,None,SERS-only,,0.5624836551107203,,1.5192975109391753,sers_only
alanine,amino_acid,,1012.0,,,None,SERS-only,,0.3648387483189657,,0.4300586693252249,sers_only
alanine,amino_acid,1020.0,1028.0,8.0,1.764845579927168,Medium,Intensity enhanced,0.3621236142420004,0.6390922617470909,2.8624330945905405,0.8027095695751305,matched
alanine,amino_acid,,1050.0,,,None,SERS-only,,0.864551136889163,,3.4398573838782243,sers_only
alanine,amino_acid,,1076.0,,,None,SERS-only,,0.6309300778616521,,1.0072555735135111,sers_only
alanine,amino_acid,,1098.0,,,None,SERS-only,,0.6613407861901522,,1.3549483566984568,sers_only
alanine,amino_acid,1114.0,,,,None,Absent in SERS,0.2702095118184035,,2.077176469482838,,raman_only
alanine,amino_acid,,1128.0,,,None,SERS-only,,0.39672381594840767,,0.7843527234151846,sers_only
alanine,amino_acid,1148.0,1158.0,10.0,3.3501251539956725,Low,Intensity enhanced,0.19484944119297407,0.6527700175327081,1.350558409276488,1.7436577126698354,matched
alanine,amino_acid,,1174.0,,,None,SERS-only,,0.6421694163337061,,0.6628424910133188,sers_only
alanine,amino_acid,,1192.0,,,None,SERS-only,,0.5366624539187576,,0.6682088896689302,sers_only
alanine,amino_acid,,1262.0,,,None,SERS-only,,0.6555666054585216,,1.5620179640443088,sers_only
alanine,amino_acid,,1284.0,,,None,SERS-only,,0.47393088180663584,,0.5933511759912724,sers_only
alanine,amino_acid,1306.0,1300.0,-6.0,1.2802013763963052,Medium,Shifted band,0.47348369746011254,0.6061544824698493,3.6633735475362648,0.9423105141351913,matched
alanine,amino_acid,,1316.0,,,None,SERS-only,,0.8533594129865523,,1.7073337270379412,sers_only
alanine,amino_acid,,1340.0,,,None,SERS-only,,1.0,,3.5457408513547115,sers_only
alanine,amino_acid,1360.0,1356.0,-4.0,1.0048877373273832,High,Strong correspondence,0.6407356501812783,0.6438673987405422,5.118098308952801,0.7063459951193016,matched
alanine,amino_acid,,1378.0,,,None,SERS-only,,0.5337461943722954,,0.8428277543878027,sers_only
alanine,amino_acid,1412.0,1400.0,-12.0,3.060921143639679,Low,Intensity enhanced,0.2155493850090528,0.6597796731336605,1.6708827010910092,1.8529968766609877,matched
alanine,amino_acid,,1426.0,,,None,SERS-only,,0.5736011705268101,,0.9256727862234718,sers_only
alanine,amino_acid,,1446.0,,,None,SERS-only,,0.7431708418724041,,1.331545019275438,sers_only
alanine,amino_acid,1462.0,,,,None,Absent in SERS,0.4184862236224705,,3.314905042495013,,raman_only
alanine,amino_acid,1484.0,1474.0,-10.0,2.204699455828182,Low,Intensity enhanced,0.37342448069365486,0.8232887515829219,2.667447336961462,2.6765931696493848,matched
alanine,amino_acid,,1514.0,,,None,SERS-only,,0.5895736737506718,,1.3358078758811653,sers_only
alanine,amino_acid,,1536.0,,,None,SERS-only,,0.6382682062896953,,1.8788841121383273,sers_only
alanine,amino_acid,,1580.0,,,None,SERS-only,,0.651354434389148,,1.1056016084561637,sers_only
alanine,amino_acid,1596.0,1602.0,6.0,4.192113435619403,Medium,Intensity enhanced,0.19689934541493237,0.8254243955707171,1.4715735004172505,0.5077736153933252,matched
alanine,amino_acid,,1610.0,,,None,SERS-only,,0.8409079132712627,,2.8120322003469598,sers_only
alanine,amino_acid,,1632.0,,,None,SERS-only,,0.6290778711284905,,1.0696069358433968,sers_only
alanine,amino_acid,,1652.0,,,None,SERS-only,,0.4863722906878518,,0.6851845811160027,sers_only
alanine,amino_acid,,1664.0,,,None,SERS-only,,0.5390842126652771,,1.1305404698419659,sers_only
alanine,amino_acid,,1674.0,,,None,SERS-only,,0.4127993950969424,,0.5590881776358072,sers_only
alanine,amino_acid,,1702.0,,,None,SERS-only,,0.4185069548881952,,0.9419509343299053,sers_only
alanine,amino_acid,,1714.0,,,None,SERS-only,,0.667221080796554,,1.5647824928260867,sers_only
alanine,amino_acid,,1738.0,,,None,SERS-only,,0.47320607123605435,,0.5475450622957131,sers_only
albumin,protein,532.0,,,,None,Absent in SERS,0.5590934511517123,,0.6964023215831975,,raman_only
albumin,protein,568.0,,,,None,Absent in SERS,0.40248050111282807,,0.6205644171688933,,raman_only
albumin,protein,650.0,,,,None,Absent in SERS,0.5789839787950485,,1.7096718800442074,,raman_only
albumin,protein,,664.0,,,None,SERS-only,,0.27812336555477396,,1.6905196055690461,sers_only
albumin,protein,742.0,,,,None,Absent in SERS,0.34284202521080764,,0.6697447950876625,,raman_only
albumin,protein,,792.0,,,None,SERS-only,,0.2247178759831586,,1.0072678367047947,sers_only
albumin,protein,828.0,,,,None,Absent in SERS,0.4157057912128235,,0.8228274198545429,,raman_only
albumin,protein,852.0,856.0,4.0,0.6477394816819184,High,Intensity reduced,0.5637897558426638,0.36518888487484186,0.7034139678825196,2.414920972749109,matched
albumin,protein,896.0,,,,None,Absent in SERS,0.5849787907526871,,0.7757872728345928,,raman_only
albumin,protein,940.0,946.0,6.0,0.3706200778615105,Medium,Intensity reduced,0.7565379211612258,0.2803881436165789,2.8349456721570223,0.8957362718149765,matched
albumin,protein,1004.0,,,,None,Absent in SERS,0.9002687526123061,,3.8734602316385973,,raman_only
albumin,protein,1034.0,,,,None,Absent in SERS,0.7337936897585273,,2.3768373918294277,,raman_only
albumin,protein,,1052.0,,,None,SERS-only,,1.0,,7.573131160479106,sers_only
albumin,protein,1084.0,,,,None,Absent in SERS,0.569646341590248,,0.5711818675869662,,raman_only
albumin,protein,1102.0,1110.0,8.0,0.6033551076845396,Medium,Intensity reduced,0.6099546659714327,0.36801926377323624,0.8794383924777638,0.8311286751894476,matched
albumin,protein,,1190.0,,,None,SERS-only,,0.33810061224734195,,1.8681848943111654,sers_only
albumin,protein,1206.0,,,,None,Absent in SERS,0.5692857829059148,,1.9639641252975764,,raman_only
albumin,protein,,1258.0,,,None,SERS-only,,0.2242383600380041,,0.8569973637609388,sers_only
albumin,protein,1336.0,1332.0,-4.0,0.3764576170076329,High,Intensity reduced,0.9219463501071034,0.34707372634666256,4.043522055027632,2.556348915971085,matched
albumin,protein,1448.0,,,,None,Absent in SERS,1.0,,4.54041174571637,,raman_only
albumin,protein,,1482.0,,,None,SERS-only,,0.2741412716330832,,1.7494294525286131,sers_only
albumin,protein,1606.0,1610.0,4.0,1.0122873721273031,High,Strong correspondence,0.5901342543434074,0.5973854545438807,0.9017929463799462,4.219052889431572,matched
albumin,protein,1654.0,,,,None,Absent in SERS,0.8522829769175987,,3.5124868087779033,,raman_only
arginine,amino_acid,,534.0,,,None,SERS-only,,0.6079611892344348,,0.7703055892912971,sers_only
arginine,amino_acid,552.0,550.0,-2.0,2.806295020455864,High,Intensity enhanced,0.25574660581470476,0.7177004292025898,1.9896571525612803,2.128691448032621,matched
arginine,amino_acid,576.0,570.0,-6.0,2.7479700764564954,Medium,Intensity enhanced,0.18365204269766974,0.5046703205612771,0.9930352163369343,0.9400181443630283,matched
arginine,amino_acid,,584.0,,,None,SERS-only,,0.5097299749381189,,1.2152378984096779,sers_only
arginine,amino_acid,612.0,620.0,8.0,2.557722112197727,Medium,Intensity enhanced,0.22483622554555038,0.5750685882586518,1.5254029699614844,1.3664847208940971,matched
arginine,amino_acid,,638.0,,,None,SERS-only,,0.7194928276269549,,1.1793428108991295,sers_only
arginine,amino_acid,,656.0,,,None,SERS-only,,0.7885763398156153,,2.796682166982386,sers_only
arginine,amino_acid,,670.0,,,None,SERS-only,,0.54802258917583,,1.0279925990822671,sers_only
arginine,amino_acid,,694.0,,,None,SERS-only,,0.6125602104767139,,0.728997594047608,sers_only
arginine,amino_acid,,708.0,,,None,SERS-only,,0.7274510928629285,,1.980867785717754,sers_only
arginine,amino_acid,,738.0,,,None,SERS-only,,0.7284110722516448,,1.8968905397075568,sers_only
arginine,amino_acid,,760.0,,,None,SERS-only,,0.703461820911024,,0.9344389815974496,sers_only
arginine,amino_acid,,774.0,,,None,SERS-only,,0.7730013312280625,,2.62986366030734,sers_only
arginine,amino_acid,,810.0,,,None,SERS-only,,0.6315197047151138,,1.1314356320233818,sers_only
arginine,amino_acid,,828.0,,,None,SERS-only,,0.5209130613603805,,0.7000617226360798,sers_only
arginine,amino_acid,850.0,854.0,4.0,2.9506846192390985,High,Intensity enhanced,0.20222424788530438,0.5966999808230471,1.5469334467064457,1.2056868572112123,matched
arginine,amino_acid,,874.0,,,None,SERS-only,,0.4195759899234697,,0.9450721085566395,sers_only
arginine,amino_acid,,890.0,,,None,SERS-only,,0.5124492781000339,,1.1123957269403897,sers_only
arginine,amino_acid,922.0,918.0,-4.0,3.2656281461924723,High,Intensity enhanced,0.1760725004531457,0.5749873165159076,1.3430305211421132,1.575746173392762,matched
arginine,amino_acid,,942.0,,,None,SERS-only,,0.5470096691585256,,0.7599889997106425,sers_only
arginine,amino_acid,,958.0,,,None,SERS-only,,0.7188876659474476,,1.6284107594720627,sers_only
arginine,amino_acid,,976.0,,,None,SERS-only,,0.8751681379086097,,0.5023726939084174,sers_only
arginine,amino_acid,982.0,986.0,4.0,0.899231764876114,High,Strong correspondence,1.0,0.8992317657753458,8.002487237982589,1.778915178288692,matched
arginine,amino_acid,,1004.0,,,None,SERS-only,,0.9395982732566462,,3.101731500054614,sers_only
arginine,amino_acid,1032.0,1032.0,0.0,5.932105211140434,High,Intensity enhanced,0.1295280135287233,0.7683738099745134,0.9009275895223811,1.2519270288807418,matched
arginine,amino_acid,,1054.0,,,None,SERS-only,,0.5663058337523309,,0.937850152064116,sers_only
arginine,amino_acid,1068.0,1068.0,0.0,1.0657867404178134,High,Strong correspondence,0.5825459280518644,0.6208697268678534,4.647560913722053,0.9703375501905118,matched
arginine,amino_acid,1100.0,,,,None,Absent in SERS,0.29077463206561516,,1.7695542238589945,,raman_only
arginine,amino_acid,,1120.0,,,None,SERS-only,,0.689399766648737,,1.662518488001496,sers_only
arginine,amino_acid,,1136.0,,,None,SERS-only,,0.4979905137714949,,0.6016205381291992,sers_only
arginine,amino_acid,,1150.0,,,None,SERS-only,,0.6179277823983125,,1.3558344781436813,sers_only
arginine,amino_acid,,1164.0,,,None,SERS-only,,0.8281045292741619,,1.8749484136564178,sers_only
arginine,amino_acid,1190.0,1184.0,-6.0,4.377921137763633,Medium,Intensity enhanced,0.217432068073491,0.9519004512245185,1.7052409854256212,3.3194222741480703,matched
arginine,amino_acid,,1210.0,,,None,SERS-only,,0.7180516637711064,,2.107035851278308,sers_only
arginine,amino_acid,,1228.0,,,None,SERS-only,,0.6043229796920744,,1.268099894097507,sers_only
arginine,amino_acid,,1258.0,,,None,SERS-only,,0.813334651153672,,2.5705729623967377,sers_only
arginine,amino_acid,,1286.0,,,None,SERS-only,,1.0,,4.49566121270656,sers_only
arginine,amino_acid,1298.0,1302.0,4.0,2.6475618424514775,High,Intensity enhanced,0.2644751063553979,0.7002142025124096,2.0932290957721857,1.305714471252241,matched
arginine,amino_acid,,1314.0,,,None,SERS-only,,0.6971985351278193,,0.852172054614512,sers_only
arginine,amino_acid,,1340.0,,,None,SERS-only,,0.7411164422071369,,1.1909102796577833,sers_only
arginine,amino_acid,,1354.0,,,None,SERS-only,,0.8525462662450279,,2.7966369845661028,sers_only
arginine,amino_acid,,1368.0,,,None,SERS-only,,0.6713873190597415,,0.7404961907345033,sers_only
arginine,amino_acid,,1396.0,,,None,SERS-only,,0.5935909599441216,,1.0889718871092433,sers_only
arginine,amino_acid,,1424.0,,,None,SERS-only,,0.5985523884702867,,1.4659975475854732,sers_only
arginine,amino_acid,1436.0,1442.0,6.0,1.6265604960984146,Medium,Intensity enhanced,0.4430698793807184,0.7206799644383266,3.488131736844017,1.3267370894335015,matched
arginine,amino_acid,,1466.0,,,None,SERS-only,,0.8884558529528193,,3.2209738362190063,sers_only
arginine,amino_acid,1476.0,1484.0,8.0,2.9667538695989544,Medium,Intensity enhanced,0.22066978500884124,0.654672941545303,1.4352870038608345,1.0187103993153952,matched
arginine,amino_acid,,1512.0,,,None,SERS-only,,0.7358492055135509,,1.4185151573656007,sers_only
arginine,amino_acid,,1526.0,,,None,SERS-only,,0.7172548132282779,,0.9763266450717076,sers_only
arginine,amino_acid,,1540.0,,,None,SERS-only,,0.8169273132319602,,1.5626992497148775,sers_only
arginine,amino_acid,,1554.0,,,None,SERS-only,,0.7204651692841361,,1.047653865704913,sers_only
arginine,amino_acid,,1568.0,,,None,SERS-only,,0.8595785055178027,,2.2465730554276555,sers_only
arginine,amino_acid,,1586.0,,,None,SERS-only,,0.6500645806215342,,1.0507786447140197,sers_only
arginine,amino_acid,,1612.0,,,None,SERS-only,,0.6610160809675264,,1.4171484858565164,sers_only
arginine,amino_acid,,1626.0,,,None,SERS-only,,0.7464066349850375,,1.9849887703186095,sers_only
arginine,amino_acid,,1640.0,,,None,SERS-only,,0.5807502461790776,,0.6038775937352445,sers_only
arginine,amino_acid,,1650.0,,,None,SERS-only,,0.7813157324603363,,2.3679446668439192,sers_only
arginine,amino_acid,,1680.0,,,None,SERS-only,,0.8141942056665316,,1.2231123282195573,sers_only
arginine,amino_acid,,1694.0,,,None,SERS-only,,0.9768588117210385,,2.8953882873706998,sers_only
arginine,amino_acid,,1716.0,,,None,SERS-only,,0.689860450935086,,0.881132921179056,sers_only
arginine,amino_acid,,1748.0,,,None,SERS-only,,0.8366057426634929,,1.5228251117276232,sers_only
ascorbate,organic_acid,,540.0,,,None,SERS-only,,0.5500522005640222,,0.9954178959773534,sers_only
ascorbate,organic_acid,566.0,578.0,12.0,0.8526622319818772,Low,Shifted band,0.45076031547356615,0.38434629753320826,2.2127882296048154,0.8249634850256113,matched
ascorbate,organic_acid,588.0,600.0,12.0,2.422978339601342,Low,Intensity enhanced,0.2293150226524763,0.5556253352551195,0.6139212308672717,0.8612897550157852,matched
ascorbate,organic_acid,628.0,628.0,0.0,1.2610583289834927,High,Strong correspondence,0.76036525276624,0.9588649363315639,3.791064222855067,3.182595902004132,matched
ascorbate,organic_acid,,648.0,,,None,SERS-only,,0.8494161639612411,,2.673014667502869,sers_only
ascorbate,organic_acid,,664.0,,,None,SERS-only,,0.6166595717860636,,0.46989174772070924,sers_only
ascorbate,organic_acid,,688.0,,,None,SERS-only,,0.6212120683448467,,0.8735363645636378,sers_only
ascorbate,organic_acid,710.0,706.0,-4.0,2.616320451395276,High,Intensity enhanced,0.24533721578658518,0.6418807777671391,1.1899530582431166,0.538867495466234,matched
ascorbate,organic_acid,,718.0,,,None,SERS-only,,0.6441736340416637,,1.7327948811573652,sers_only
ascorbate,organic_acid,,742.0,,,None,SERS-only,,0.588527348116002,,1.1566830466147302,sers_only
ascorbate,organic_acid,,772.0,,,None,SERS-only,,0.6872091646386997,,1.5729573735530349,sers_only
ascorbate,organic_acid,,794.0,,,None,SERS-only,,0.9715405884480363,,3.3456651579906174,sers_only
ascorbate,organic_acid,822.0,812.0,-10.0,1.7999349878589121,Low,Intensity enhanced,0.5292822059687924,0.9526735627743115,2.6162139447144734,1.1711118312568323,matched
ascorbate,organic_acid,,848.0,,,None,SERS-only,,0.5990838237026681,,1.0247784176782813,sers_only
ascorbate,organic_acid,872.0,870.0,-2.0,5.546242094798425,High,Intensity enhanced,0.14265139249947084,0.7911791635084195,0.6298605896946212,2.13844084229361,matched
ascorbate,organic_acid,,888.0,,,None,SERS-only,,0.6739526393563277,,0.9202048895459282,sers_only
ascorbate,organic_acid,,920.0,,,None,SERS-only,,0.6364928829396751,,1.2241724453006138,sers_only
ascorbate,organic_acid,,946.0,,,None,SERS-only,,0.7726092247751498,,2.1939570652831146,sers_only
ascorbate,organic_acid,,992.0,,,None,SERS-only,,0.2561520934120113,,0.4320360635266338,sers_only
ascorbate,organic_acid,1028.0,1020.0,-8.0,3.9116586892578957,Medium,Intensity enhanced,0.2115116570707567,0.8273614151718204,0.8925079543247428,1.2156119109635182,matched
ascorbate,organic_acid,,1052.0,,,None,SERS-only,,0.9372130854949177,,3.2785855404929487,sers_only
ascorbate,organic_acid,,1072.0,,,None,SERS-only,,0.6273828014549335,,1.1211964109696677,sers_only
ascorbate,organic_acid,,1098.0,,,None,SERS-only,,0.5998195318077965,,1.0326470961829886,sers_only
ascorbate,organic_acid,1130.0,1122.0,-8.0,0.7553692581140811,Medium,Shifted band,0.916814965085902,0.6925338407601942,4.586171387740565,1.8137832319615264,matched
ascorbate,organic_acid,,1166.0,,,None,SERS-only,,0.4668470697096876,,0.4386757776592963,sers_only
ascorbate,organic_acid,,1182.0,,,None,SERS-only,,0.4964008709942297,,0.41932130231381665,sers_only
ascorbate,organic_acid,,1194.0,,,None,SERS-only,,0.6456345942793082,,2.283269753419467,sers_only
ascorbate,organic_acid,,1216.0,,,None,SERS-only,,0.61387901425747,,1.0542499844427962,sers_only
ascorbate,organic_acid,1258.0,1252.0,-6.0,1.102341586790091,Medium,Shifted band,0.5767732062742541,0.6358010925247113,2.8686178583520885,1.8070550301426742,matched
ascorbate,organic_acid,,1282.0,,,None,SERS-only,,0.5237955500560129,,1.1188859537337856,sers_only
ascorbate,organic_acid,,1304.0,,,None,SERS-only,,0.4516343804311132,,0.4419919524236186,sers_only
ascorbate,organic_acid,1320.0,1320.0,0.0,1.1926775362396276,High,Strong correspondence,0.5599755583256097,0.6678702704508757,2.5156972167811604,0.9881880820157039,matched
ascorbate,organic_acid,,1348.0,,,None,SERS-only,,1.0,,3.749168652124079,sers_only
ascorbate,organic_acid,,1388.0,,,None,SERS-only,,0.43081638371879394,,1.021982016516385,sers_only
ascorbate,organic_acid,,1424.0,,,None,SERS-only,,0.6791471563976124,,1.5277307099076394,sers_only
ascorbate,organic_acid,,1444.0,,,None,SERS-only,,0.6474359203323495,,1.0541771913802032,sers_only
ascorbate,organic_acid,,1466.0,,,None,SERS-only,,0.8880625099021331,,3.1176189926637146,sers_only
ascorbate,organic_acid,1498.0,1502.0,4.0,3.275611787974893,High,Intensity enhanced,0.1906916212906826,0.6246317258434158,0.9112791713317598,1.0827159605938066,matched
ascorbate,organic_acid,,1522.0,,,None,SERS-only,,0.585280620364252,,1.185649636304653,sers_only
ascorbate,organic_acid,,1542.0,,,None,SERS-only,,0.3404760094032985,,0.4986448048487856,sers_only
ascorbate,organic_acid,,1556.0,,,None,SERS-only,,0.34557427722096656,,0.6579576633132563,sers_only
ascorbate,organic_acid,,1586.0,,,None,SERS-only,,0.7421054348230529,,0.7285926358603032,sers_only
ascorbate,organic_acid,,1602.0,,,None,SERS-only,,0.9530564618375262,,3.5098220278694567,sers_only
ascorbate,organic_acid,,1628.0,,,None,SERS-only,,0.797677681937204,,1.087564113462902,sers_only
ascorbate,organic_acid,,1640.0,,,None,SERS-only,,0.6270233150489876,,0.5622908087678788,sers_only
ascorbate,organic_acid,1668.0,,,,None,Absent in SERS,1.0,,5.025291234137939,,raman_only
ascorbate,organic_acid,,1682.0,,,None,SERS-only,,0.5473105603708226,,1.2690821631809484,sers_only
ascorbate,organic_acid,,1716.0,,,None,SERS-only,,0.5029483486865444,,0.9893489201846796,sers_only
ascorbate,organic_acid,,1732.0,,,None,SERS-only,,0.8573620710233195,,1.5373381980968697,sers_only
ascorbate,organic_acid,,1746.0,,,None,SERS-only,,0.5922484344600997,,0.5005438320918142,sers_only
cholesterol,lipid,548.0,,,,None,Absent in SERS,0.41020805025284474,,2.4842410605682645,,raman_only
cholesterol,lipid,572.0,,,,None,Absent in SERS,0.2161169014096566,,0.9849794157116536,,raman_only
cholesterol,lipid,608.0,,,,None,Absent in SERS,0.3884915310140366,,2.34973974506639,,raman_only
cholesterol,lipid,700.0,692.0,-8.0,0.3466161130032134,Medium,Intensity reduced,0.596884219510181,0.20688968842619182,4.034957381896562,1.2912694450113622,matched
cholesterol,lipid,742.0,,,,None,Absent in SERS,0.31811426103093193,,1.8481725097863149,,raman_only
cholesterol,lipid,804.0,,,,None,Absent in SERS,0.3317367341454063,,2.058919162059247,,raman_only
cholesterol,lipid,,842.0,,,None,SERS-only,,0.29659483934319664,,2.07196285053125,sers_only
cholesterol,lipid,880.0,,,,None,Absent in SERS,0.3339444149038318,,2.3609371176566825,,raman_only
cholesterol,lipid,914.0,,,,None,Absent in SERS,0.21381051202843832,,0.9117376062842362,,raman_only
cholesterol,lipid,960.0,952.0,-8.0,1.3260983932556403,Medium,Shifted band,0.31252386932725806,0.414437402295011,2.1162395871593898,3.0450602006038636,matched
cholesterol,lipid,988.0,,,,None,Absent in SERS,0.1976214281088694,,0.9124932827721304,,raman_only
cholesterol,lipid,1008.0,,,,None,Absent in SERS,0.2933724505374415,,1.6299912349101655,,raman_only
cholesterol,lipid,1052.0,1056.0,4.0,3.8706052591741975,High,Intensity enhanced,0.2583575252886281,1.0,0.764717756860261,7.938369119234296,matched
cholesterol,lipid,1086.0,,,,None,Absent in SERS,0.29272537864865916,,1.7429619939679817,,raman_only
cholesterol,lipid,1130.0,,,,None,Absent in SERS,0.23395066250566948,,1.1008880554676077,,raman_only
cholesterol,lipid,1176.0,,,,None,Absent in SERS,0.2938710176577986,,1.9640857596705996,,raman_only
cholesterol,lipid,1272.0,,,,None,Absent in SERS,0.21054095414395343,,1.0805265520434537,,raman_only
cholesterol,lipid,,1304.0,,,None,SERS-only,,0.21511915991857514,,1.195841867701843,sers_only
cholesterol,lipid,1334.0,,,,None,Absent in SERS,0.36463134750851717,,2.5907616218840586,,raman_only
cholesterol,lipid,,1402.0,,,None,SERS-only,,0.26411575383219105,,1.912528431474394,sers_only
cholesterol,lipid,1440.0,,,,None,Absent in SERS,1.0,,7.16758299022646,,raman_only
cholesterol,lipid,,1514.0,,,None,SERS-only,,0.21551736261725057,,1.0398691305466148,sers_only
cholesterol,lipid,1674.0,1666.0,-8.0,0.3055169385983795,Medium,Intensity reduced,0.47085000642902686,0.14385265280874052,3.046232477608837,0.8128835078768772,matched
citrate,organic_acid,,536.0,,,None,SERS-only,,0.5127823670927052,,0.40252634589397757,sers_only
citrate,organic_acid,570.0,572.0,2.0,3.5751409562134966,High,Intensity enhanced,0.2203990772008354,0.7879577711875079,1.5983209512453112,1.495986809938408,matched
citrate,organic_acid,,610.0,,,None,SERS-only,,0.5268770360196444,,1.3944690684212464,sers_only
citrate,organic_acid,,626.0,,,None,SERS-only,,0.55662215763898,,1.7507186071955232,sers_only
citrate,organic_acid,680.0,674.0,-6.0,1.948348844270271,Medium,Intensity enhanced,0.2029754330921618,0.39546695242872,1.5540379813387077,1.3480232338167666,matched
citrate,organic_acid,,696.0,,,None,SERS-only,,0.27426127457433264,,0.5815382523416224,sers_only
citrate,organic_acid,,712.0,,,None,SERS-only,,0.4460047792303788,,1.64724315099077,sers_only
citrate,organic_acid,,742.0,,,None,SERS-only,,0.7535720970478199,,2.912068434541643,sers_only
citrate,organic_acid,,766.0,,,None,SERS-only,,0.5473167559858659,,1.2821493220420974,sers_only
citrate,organic_acid,784.0,780.0,-4.0,0.56096934355071,High,Intensity reduced,1.0,0.5609693441116794,7.932891616192492,0.7676949439817263,matched
citrate,organic_acid,,798.0,,,None,SERS-only,,0.5852399611159534,,1.442953870125966,sers_only
citrate,organic_acid,,858.0,,,None,SERS-only,,0.650637514057112,,0.7431777248318872,sers_only
citrate,organic_acid,,870.0,,,None,SERS-only,,0.6864559299115529,,0.8736705122486101,sers_only
citrate,organic_acid,,892.0,,,None,SERS-only,,0.7140228884163399,,1.526445394081405,sers_only
citrate,organic_acid,904.0,912.0,8.0,2.858574191520041,Medium,Intensity enhanced,0.2611275729618351,0.7464525436215426,1.7896710500605462,2.469600852022652,matched
citrate,organic_acid,944.0,932.0,-12.0,0.773978083094317,Low,Shifted band,0.8086115782371012,0.6258476400658,6.402500359534503,0.8883618881236947,matched
citrate,organic_acid,,962.0,,,None,SERS-only,,0.40705228380918723,,0.7975780624544084,sers_only
citrate,organic_acid,,988.0,,,None,SERS-only,,0.3604042976401332,,0.461249607632351,sers_only
citrate,organic_acid,,1014.0,,,None,SERS-only,,0.9269437149165808,,1.7568272072002176,sers_only
citrate,organic_acid,,1022.0,,,None,SERS-only,,0.6314794542532916,,0.4703549064268085,sers_only
citrate,organic_acid,1056.0,1048.0,-8.0,3.9037641619685757,Medium,Intensity enhanced,0.24552637052638204,0.958477049982872,1.890585878565722,3.334910578488821,matched
citrate,organic_acid,1078.0,1090.0,12.0,3.5897440559841938,Low,Intensity enhanced,0.21435408642418288,0.7694763112068768,1.0261658825161706,1.7672740000871503,matched
citrate,organic_acid,,1110.0,,,None,SERS-only,,0.7756157270223232,,2.6043409777656934,sers_only
citrate,organic_acid,1166.0,1158.0,-8.0,5.099980795759137,Medium,Intensity enhanced,0.15447964652814752,0.7878432357291929,1.1535931254508114,2.1139175630819502,matched
citrate,organic_acid,,1180.0,,,None,SERS-only,,0.7589003715468435,,1.0984645497548837,sers_only
citrate,organic_acid,,1202.0,,,None,SERS-only,,0.9155939308725545,,2.4250393586781827,sers_only
citrate,organic_acid,,1222.0,,,None,SERS-only,,0.8771636761353686,,1.217247239163973,sers_only
citrate,organic_acid,,1254.0,,,None,SERS-only,,0.9247879734526454,,3.1334308750121833,sers_only
citrate,organic_acid,,1276.0,,,None,SERS-only,,0.6289143634943801,,1.7375831867788307,sers_only
citrate,organic_acid,,1298.0,,,None,SERS-only,,0.5340612969227363,,0.6311981623452305,sers_only
citrate,organic_acid,,1314.0,,,None,SERS-only,,0.7364840363582467,,0.5593493423106245,sers_only
citrate,organic_acid,,1338.0,,,None,SERS-only,,1.0,,3.8226415125549487,sers_only
citrate,organic_acid,,1356.0,,,None,SERS-only,,0.654902313098331,,0.6229570847025967,sers_only
citrate,organic_acid,,1370.0,,,None,SERS-only,,0.5252934229809995,,0.7012963324158212,sers_only
citrate,organic_acid,1392.0,1382.0,-10.0,2.9607255228180054,Low,Intensity enhanced,0.20122986140149518,0.5957863895652621,1.5034279650189797,1.002478207016584,matched
citrate,organic_acid,,1410.0,,,None,SERS-only,,0.5958078126970346,,1.483410318689065,sers_only
citrate,organic_acid,,1432.0,,,None,SERS-only,,0.7016122454149961,,1.4014424835035095,sers_only
citrate,organic_acid,,1452.0,,,None,SERS-only,,0.8675050090864284,,2.8276172119279357,sers_only
citrate,organic_acid,,1472.0,,,None,SERS-only,,0.705201668282837,,1.0914887170793737,sers_only
citrate,organic_acid,,1488.0,,,None,SERS-only,,0.6849659610602786,,0.9766494933438272,sers_only
citrate,organic_acid,,1514.0,,,None,SERS-only,,0.7924981643810235,,1.9546497200370658,sers_only
citrate,organic_acid,,1534.0,,,None,SERS-only,,0.6393338822152144,,1.256294425811005,sers_only
citrate,organic_acid,,1558.0,,,None,SERS-only,,0.5046285931281218,,1.2320654314889334,sers_only
citrate,organic_acid,,1572.0,,,None,SERS-only,,0.3326704138990467,,0.5322750266729783,sers_only
citrate,organic_acid,,1598.0,,,None,SERS-only,,0.6566973938872769,,2.1825169301932092,sers_only
citrate,organic_acid,,1622.0,,,None,SERS-only,,0.7267767321275354,,2.2367240347472386,sers_only
citrate,organic_acid,,1636.0,,,None,SERS-only,,0.5943321972528626,,0.7864372775930406,sers_only
citrate,organic_acid,,1664.0,,,None,SERS-only,,0.6522190589645398,,1.7873242907111555,sers_only
citrate,organic_acid,1682.0,1682.0,0.0,2.203403977860336,High,Intensity enhanced,0.26723799028243345,0.5888332530271198,2.0456864780842325,1.47358268104012,matched
citrate,organic_acid,,1702.0,,,None,SERS-only,,0.7519700745726332,,2.778010935446901,sers_only
citrate,organic_acid,,1724.0,,,None,SERS-only,,0.542114490171078,,1.2185792494999321,sers_only
citrate,organic_acid,1748.0,1746.0,-2.0,2.7231080422815146,High,Intensity enhanced,0.2697053410322877,0.7344367859344094,1.6311383963347832,1.0791541340308641,matched
coenzyme a,cofactor,,522.0,,,None,SERS-only,,0.5388473790614996,,0.5983758235741069,sers_only
coenzyme a,cofactor,558.0,,,,None,Absent in SERS,0.25138475130898646,,0.9238170794994418,,raman_only
coenzyme a,cofactor,,578.0,,,None,SERS-only,,0.523093406867274,,1.4673877908682587,sers_only
coenzyme a,cofactor,,594.0,,,None,SERS-only,,0.3342309134733708,,0.640503782398926,sers_only
coenzyme a,cofactor,,630.0,,,None,SERS-only,,0.36060304063445975,,0.5110128693381748,sers_only
coenzyme a,cofactor,,646.0,,,None,SERS-only,,0.47767162281263104,,0.6213814260616602,sers_only
coenzyme a,cofactor,664.0,660.0,-4.0,1.5343560869124204,High,Intensity enhanced,0.31993536162508873,0.4908947710623374,2.0413728919200853,2.0322420911006294,matched
coenzyme a,cofactor,724.0,720.0,-4.0,0.5998188602998769,High,Intensity reduced,1.0,0.5998188608996957,6.927273516643995,1.8094953434511254,matched
coenzyme a,cofactor,,782.0,,,None,SERS-only,,0.7563131671619151,,3.125804682601549,sers_only
coenzyme a,cofactor,804.0,800.0,-4.0,1.8398440429806133,High,Intensity enhanced,0.41036773333539106,0.7550126314484202,2.612516482417194,1.6824122596723066,matched
coenzyme a,cofactor,,832.0,,,None,SERS-only,,0.5002170533016779,,1.1625616894968578,sers_only
coenzyme a,cofactor,,862.0,,,None,SERS-only,,0.6341244974588208,,1.3173695186576841,sers_only
coenzyme a,cofactor,888.0,880.0,-8.0,2.1425573629871035,Medium,Intensity enhanced,0.3485936531676928,0.7468819004275703,1.5022233691991596,2.5141206011707458,matched
coenzyme a,cofactor,,934.0,,,None,SERS-only,,0.6169755969917515,,1.445226995680074,sers_only
coenzyme a,cofactor,,946.0,,,None,SERS-only,,0.41530555920188833,,0.4800167477688685,sers_only
coenzyme a,cofactor,,960.0,,,None,SERS-only,,0.5210972117863485,,0.9756190629545118,sers_only
coenzyme a,cofactor,,982.0,,,None,SERS-only,,0.6054990503673461,,1.5546588836570159,sers_only
coenzyme a,cofactor,,994.0,,,None,SERS-only,,0.3877759028616038,,0.5075266423707187,sers_only
coenzyme a,cofactor,,1010.0,,,None,SERS-only,,0.718262030320427,,2.172137596228708,sers_only
coenzyme a,cofactor,,1028.0,,,None,SERS-only,,0.5391061433194402,,0.8088053655760377,sers_only
coenzyme a,cofactor,1048.0,1046.0,-2.0,1.9101509576059192,High,Intensity enhanced,0.3710785712112151,0.7088160900562899,2.2408815275832454,1.7644759282407976,matched
coenzyme a,cofactor,,1090.0,,,None,SERS-only,,0.5154050124793982,,0.7008120092171972,sers_only
coenzyme a,cofactor,,1106.0,,,None,SERS-only,,0.5218280372887069,,0.9012484567242898,sers_only
coenzyme a,cofactor,1126.0,1124.0,-2.0,1.1364425908167823,High,Strong correspondence,0.34286643206244294,0.38964801749359157,1.1682334803061067,0.7196684546143072,matched
coenzyme a,cofactor,,1152.0,,,None,SERS-only,,0.4351181897972411,,1.0585974737243462,sers_only
coenzyme a,cofactor,,1168.0,,,None,SERS-only,,0.45001934050784204,,0.5901980467837965,sers_only
coenzyme a,cofactor,,1198.0,,,None,SERS-only,,0.5042344710992712,,1.3074359438624352,sers_only
coenzyme a,cofactor,1210.0,1218.0,8.0,2.7956652724835735,Medium,Intensity enhanced,0.1892910111984554,0.5291943091964862,0.8055900940580031,1.1377494394701635,matched
coenzyme a,cofactor,1242.0,1242.0,0.0,1.7506437526547414,High,Intensity enhanced,0.23023100359821014,0.4030524698672816,0.7635969447324285,0.5260681959374692,matched
coenzyme a,cofactor,,1252.0,,,None,SERS-only,,0.5318368064588301,,2.066388098780148,sers_only
coenzyme a,cofactor,,1272.0,,,None,SERS-only,,0.4940146288203138,,1.4443498808975428,sers_only
coenzyme a,cofactor,,1290.0,,,None,SERS-only,,0.4144454808024524,,0.8890402631238212,sers_only
coenzyme a,cofactor,,1310.0,,,None,SERS-only,,0.563748191884608,,0.4729784017922035,sers_only
coenzyme a,cofactor,1328.0,1324.0,-4.0,1.3578329380714407,High,Strong correspondence,0.5843822124824551,0.793493417889574,4.0619065259502,3.4341356249186927,matched
coenzyme a,cofactor,1410.0,1398.0,-12.0,1.6864221042409084,Low,Intensity enhanced,0.34129045456271667,0.575559768227415,1.27957558459049,1.5702863677217351,matched
coenzyme a,cofactor,,1430.0,,,None,SERS-only,,0.4147314241799286,,0.6862646095480756,sers_only
coenzyme a,cofactor,,1442.0,,,None,SERS-only,,0.7309742540990278,,2.431039379968145,sers_only
coenzyme a,cofactor,,1464.0,,,None,SERS-only,,0.7050325745704339,,1.2466088774789135,sers_only
coenzyme a,cofactor,,1484.0,,,None,SERS-only,,0.6712918746154496,,0.6589830904785843,sers_only
coenzyme a,cofactor,1508.0,1498.0,-10.0,1.564341465580955,Low,Intensity enhanced,0.33445136503991335,0.5231961401164306,1.9317817671389061,0.8536197735989461,matched
coenzyme a,cofactor,,1526.0,,,None,SERS-only,,0.540927202688741,,1.0417993268660275,sers_only
coenzyme a,cofactor,1560.0,1560.0,0.0,1.803175736414966,High,Intensity enhanced,0.21852680970336075,0.3940422428164464,0.8210458523553594,1.0918741514096355,matched
coenzyme a,cofactor,,1572.0,,,None,SERS-only,,0.3595468482418842,,0.5493454513793474,sers_only
coenzyme a,cofactor,,1586.0,,,None,SERS-only,,0.45728921029337843,,0.7467914722600271,sers_only
coenzyme a,cofactor,,1610.0,,,None,SERS-only,,1.0,,4.1737685966550995,sers_only
coenzyme a,cofactor,1650.0,,,,None,Absent in SERS,0.22707399458919247,,0.7766685708260764,,raman_only
coenzyme a,cofactor,1668.0,1668.0,0.0,3.2986224260299735,High,Intensity enhanced,0.23141596079871724,0.7633538813305443,1.0250606428641078,2.6768950373405818,matched
coenzyme a,cofactor,,1684.0,,,None,SERS-only,,0.4533231797596246,,0.9344091477376213,sers_only
coenzyme a,cofactor,,1698.0,,,None,SERS-only,,0.4517404722734761,,1.1516418868943814,sers_only
coenzyme a,cofactor,,1710.0,,,None,SERS-only,,0.43974833655637735,,0.9035150042497594,sers_only
coenzyme a,cofactor,,1728.0,,,None,SERS-only,,0.5869206419895244,,0.939101276021705,sers_only
coenzyme a,cofactor,,1744.0,,,None,SERS-only,,0.5965072356252449,,0.8664907406261632,sers_only
creatinine,small_nitrogenous,,540.0,,,None,SERS-only,,0.3741759704040225,,0.810281529705881,sers_only
creatinine,small_nitrogenous,,558.0,,,None,SERS-only,,0.4839478269025988,,1.4100862519926123,sers_only
creatinine,small_nitrogenous,578.0,590.0,12.0,1.4433936362144328,Low,Intensity enhanced,0.3078068229118518,0.44428641081774345,1.8511488893921302,1.003681166854924,matched
creatinine,small_nitrogenous,606.0,612.0,6.0,0.4261568776286886,Medium,Intensity reduced,1.0,0.4261568780548455,6.840691850317691,0.5931594221016504,matched
creatinine,small_nitrogenous,,650.0,,,None,SERS-only,,0.3480048278176234,,0.6753343801614188,sers_only
creatinine,small_nitrogenous,674.0,682.0,8.0,1.0738279456416606,Medium,Shifted band,0.9312478809895629,1.0,6.419384760461367,4.842886862898663,matched
creatinine,small_nitrogenous,,720.0,,,None,SERS-only,,0.2582169103808863,,0.8665339473168858,sers_only
creatinine,small_nitrogenous,,744.0,,,None,SERS-only,,0.3275607642766999,,1.5127438105488198,sers_only
creatinine,small_nitrogenous,,770.0,,,None,SERS-only,,0.2774098420651129,,0.7574400961769685,sers_only
creatinine,small_nitrogenous,,810.0,,,None,SERS-only,,0.49200444136600335,,0.799614488913545,sers_only
creatinine,small_nitrogenous,838.0,842.0,4.0,1.5689149797266915,High,Intensity enhanced,0.4448641425208238,0.6979540187131053,2.897970635708032,3.656394431169262,matched
creatinine,small_nitrogenous,904.0,914.0,10.0,1.0771324541871237,Low,Shifted band,0.5478548798943004,0.590112272396072,3.6947422830911054,2.017216412450151,matched
creatinine,small_nitrogenous,,946.0,,,None,SERS-only,,0.3132497409869367,,1.199648116958311,sers_only
creatinine,small_nitrogenous,,970.0,,,None,SERS-only,,0.4105695276481932,,2.1117522580245613,sers_only
creatinine,small_nitrogenous,,996.0,,,None,SERS-only,,0.3658983229760386,,1.4800564505977816,sers_only
creatinine,small_nitrogenous,,1022.0,,,None,SERS-only,,0.45574073092958745,,0.7661893322537098,sers_only
creatinine,small_nitrogenous,,1050.0,,,None,SERS-only,,0.5054884568440978,,2.402722748020574,sers_only
creatinine,small_nitrogenous,,1068.0,,,None,SERS-only,,0.5034315118173152,,0.7074962590168055,sers_only
creatinine,small_nitrogenous,,1092.0,,,None,SERS-only,,0.39979424071194747,,1.4849032602901198,sers_only
creatinine,small_nitrogenous,,1120.0,,,None,SERS-only,,0.38793487527014203,,1.2483804447873328,sers_only
creatinine,small_nitrogenous,,1166.0,,,None,SERS-only,,0.35148764856610437,,0.9641045665269212,sers_only
creatinine,small_nitrogenous,,1188.0,,,None,SERS-only,,0.5038467636868015,,1.681075695700779,sers_only
creatinine,small_nitrogenous,,1210.0,,,None,SERS-only,,0.563577027657274,,3.023310215316415,sers_only
creatinine,small_nitrogenous,,1234.0,,,None,SERS-only,,0.3254560314797561,,0.6775368586658322,sers_only
creatinine,small_nitrogenous,1246.0,1252.0,6.0,1.833896839187923,Medium,Intensity enhanced,0.21614444523325296,0.39638661675518655,1.3230422445695842,1.4428970688976173,matched
creatinine,small_nitrogenous,,1276.0,,,None,SERS-only,,0.49889040057765466,,2.1663820333774755,sers_only
creatinine,small_nitrogenous,,1304.0,,,None,SERS-only,,0.3606137055046088,,1.0203642303560763,sers_only
creatinine,small_nitrogenous,,1340.0,,,None,SERS-only,,0.40367249225551505,,1.590048297598957,sers_only
creatinine,small_nitrogenous,1416.0,1426.0,10.0,2.8817570192324196,Low,Intensity enhanced,0.22073463070789032,0.6361035743118959,1.373244981664267,3.1590797597721267,matched
creatinine,small_nitrogenous,,1470.0,,,None,SERS-only,,0.42666091197814254,,0.5998181533021892,sers_only
creatinine,small_nitrogenous,,1484.0,,,None,SERS-only,,0.34396953793830115,,0.902774111663493,sers_only
creatinine,small_nitrogenous,,1512.0,,,None,SERS-only,,0.4250384796341026,,1.6067315568920917,sers_only
creatinine,small_nitrogenous,,1524.0,,,None,SERS-only,,0.4207015046142212,,0.7168773594083984,sers_only
creatinine,small_nitrogenous,,1544.0,,,None,SERS-only,,0.25203807173434317,,0.8040616087283745,sers_only
creatinine,small_nitrogenous,,1562.0,,,None,SERS-only,,0.25358081543649136,,1.030838619985556,sers_only
creatinine,small_nitrogenous,,1608.0,,,None,SERS-only,,0.5170290233474664,,1.8654829331663585,sers_only
creatinine,small_nitrogenous,1658.0,1652.0,-6.0,1.225024473557727,Medium,Shifted band,0.34152614147037075,0.4183778828859672,2.230956978688136,0.7891381605698649,matched
creatinine,small_nitrogenous,,1666.0,,,None,SERS-only,,0.4161296702967921,,0.8275280877503649,sers_only
creatinine,small_nitrogenous,,1682.0,,,None,SERS-only,,0.4278933731878392,,1.1747034991636642,sers_only
creatinine,small_nitrogenous,1712.0,1704.0,-8.0,1.5858108348612407,Medium,Intensity enhanced,0.23099932240763452,0.36632122990544264,1.3038852586098297,0.5928625973116124,matched
creatinine,small_nitrogenous,,1722.0,,,None,SERS-only,,0.45185739988982465,,1.3481556831803916,sers_only
cysteine,amino_acid,536.0,,,,None,Absent in SERS,0.21883864477553364,,1.6366619658856645,,raman_only
cysteine,amino_acid,,550.0,,,None,SERS-only,,0.29224516670846357,,0.4605451134795313,sers_only
cysteine,amino_acid,,578.0,,,None,SERS-only,,0.47766550467068153,,1.3199897897672075,sers_only
cysteine,amino_acid,,622.0,,,None,SERS-only,,0.47827883587168696,,0.5468783884121732,sers_only
cysteine,amino_acid,640.0,640.0,0.0,0.4614184441731583,High,Intensity reduced,1.0,0.46141844463457676,8.451753665344748,0.45287135788349847,matched
cysteine,amino_acid,,656.0,,,None,SERS-only,,0.6089645520736675,,2.1871229516753035,sers_only
cysteine,amino_acid,,676.0,,,None,SERS-only,,0.561486334001485,,0.7693692627193527,sers_only
cysteine,amino_acid,692.0,,,,None,Absent in SERS,0.6789127340017632,,5.249980086868586,,raman_only
cysteine,amino_acid,,712.0,,,None,SERS-only,,0.5099449231164482,,1.2827902402383846,sers_only
cysteine,amino_acid,,742.0,,,None,SERS-only,,0.4043637559456647,,0.6854876158991813,sers_only
cysteine,amino_acid,772.0,760.0,-12.0,2.169577370353515,Low,Intensity enhanced,0.243750524420162,0.5288356239633627,2.027891451079432,1.107019867208224,matched
cysteine,amino_acid,822.0,812.0,-10.0,4.405443217418015,Low,Intensity enhanced,0.22699191573751493,1.0,1.7914845834728708,4.139640792026341,matched
cysteine,amino_acid,,842.0,,,None,SERS-only,,0.6277778744077286,,0.7058430397598023,sers_only
cysteine,amino_acid,868.0,860.0,-8.0,4.960021032722982,Medium,Intensity enhanced,0.17484040957978011,0.8672121138456311,1.4248637950458267,1.9442217648099271,matched
cysteine,amino_acid,,886.0,,,None,SERS-only,,0.6756624598943183,,0.6488002598758733,sers_only
cysteine,amino_acid,,918.0,,,None,SERS-only,,0.5267894258759984,,0.4408541713889251,sers_only
cysteine,amino_acid,942.0,940.0,-2.0,4.441230910382342,High,Intensity enhanced,0.17399086716503745,0.7727336218188233,1.4066087420887348,2.8207366641087663,matched
cysteine,amino_acid,,966.0,,,None,SERS-only,,0.48076017852482505,,0.4695758502556292,sers_only
cysteine,amino_acid,,988.0,,,None,SERS-only,,0.2897653195965864,,0.474763878142337,sers_only
cysteine,amino_acid,1006.0,1016.0,10.0,6.457395621649201,Low,Intensity enhanced,0.11802029036786253,0.7621037127445984,0.861825737557179,2.8633950047562986,matched
cysteine,amino_acid,,1032.0,,,None,SERS-only,,0.6665959562944275,,0.8020256630561161,sers_only
cysteine,amino_acid,1066.0,,,,None,Absent in SERS,0.12523015420149589,,0.9881462766272597,,raman_only
cysteine,amino_acid,,1112.0,,,None,SERS-only,,0.7136609089759823,,2.1487255792288957,sers_only
cysteine,amino_acid,,1140.0,,,None,SERS-only,,0.28825430638921445,,0.45780348035584595,sers_only
cysteine,amino_acid,,1160.0,,,None,SERS-only,,0.5349499266873742,,1.7800100440928506,sers_only
cysteine,amino_acid,,1182.0,,,None,SERS-only,,0.6628871527778163,,2.2771915667837135,sers_only
cysteine,amino_acid,1200.0,1208.0,8.0,2.464410023842819,Medium,Intensity enhanced,0.24107277109063494,0.594102156015736,2.0012352833048754,1.5970041666723005,matched
cysteine,amino_acid,,1252.0,,,None,SERS-only,,0.578089041581274,,1.6606164009700837,sers_only
cysteine,amino_acid,,1272.0,,,None,SERS-only,,0.5953407243527857,,1.9705360416168776,sers_only
cysteine,amino_acid,1294.0,1298.0,4.0,2.7639579669102656,High,Intensity enhanced,0.18054781517121085,0.49902657491466834,1.4196439405821444,1.1919032200302215,matched
cysteine,amino_acid,,1320.0,,,None,SERS-only,,0.5640703963120481,,0.9057109805028063,sers_only
cysteine,amino_acid,1346.0,1344.0,-2.0,1.7925543497594096,High,Intensity enhanced,0.3737572393784138,0.669980166994399,3.133349395774006,2.126741445914498,matched
cysteine,amino_acid,,1368.0,,,None,SERS-only,,0.48071284546935394,,1.097704498769458,sers_only
cysteine,amino_acid,1398.0,1388.0,-10.0,2.191657831435428,Low,Intensity enhanced,0.23433715899680516,0.5135868719033349,1.3729428572636064,0.924085368906773,matched
cysteine,amino_acid,1426.0,,,,None,Absent in SERS,0.3110847520421074,,2.540550031232208,,raman_only
cysteine,amino_acid,,1452.0,,,None,SERS-only,,0.694766931485575,,0.5966329839567159,sers_only
cysteine,amino_acid,,1466.0,,,None,SERS-only,,0.7439853132277188,,2.7778235004776497,sers_only
cysteine,amino_acid,,1482.0,,,None,SERS-only,,0.5537090649823727,,0.7123875864886894,sers_only
cysteine,amino_acid,,1498.0,,,None,SERS-only,,0.579630250457376,,0.9609094661782915,sers_only
cysteine,amino_acid,,1518.0,,,None,SERS-only,,0.6400793951068449,,1.6714085025605372,sers_only
cysteine,amino_acid,,1542.0,,,None,SERS-only,,0.4237151267249638,,1.0064834900879704,sers_only
cysteine,amino_acid,,1582.0,,,None,SERS-only,,0.46482652548480996,,0.44407178757699245,sers_only
cysteine,amino_acid,,1610.0,,,None,SERS-only,,0.4985608981492242,,0.6536011585896868,sers_only
cysteine,amino_acid,,1624.0,,,None,SERS-only,,0.5975539017808822,,1.5782496429476456,sers_only
cysteine,amino_acid,,1644.0,,,None,SERS-only,,0.45405490660710274,,0.7016211408195308,sers_only
cysteine,amino_acid,,1656.0,,,None,SERS-only,,0.40933129776143895,,0.45166949497557346,sers_only
cysteine,amino_acid,,1672.0,,,None,SERS-only,,0.7041729270004953,,2.1937222271838186,sers_only
cysteine,amino_acid,,1696.0,,,None,SERS-only,,0.5801728346899462,,1.9137493045700804,sers_only
cysteine,amino_acid,,1732.0,,,None,SERS-only,,0.5453430163844865,,1.654889910841332,sers_only
ergothioneine,cofactor,716.0,,,,None,Absent in SERS,0.20959416422520225,,1.6217505353921817,,raman_only
ergothioneine,cofactor,,812.0,,,None,SERS-only,,0.2624255612439539,,1.2366744983272557,sers_only
ergothioneine,cofactor,908.0,,,,None,Absent in SERS,0.2124474870354081,,1.495798773172502,,raman_only
ergothioneine,cofactor,962.0,,,,None,Absent in SERS,0.32816378247459255,,2.6613970330639556,,raman_only
ergothioneine,cofactor,1008.0,1018.0,10.0,1.1610541577512976,Low,Shifted band,0.15330997834463156,0.17800118894285002,0.9753705196187928,0.7094747489791579,matched
ergothioneine,cofactor,1088.0,,,,None,Absent in SERS,0.13864899296168887,,0.9949092170773551,,raman_only
ergothioneine,cofactor,,1130.0,,,None,SERS-only,,0.24661421284308851,,0.8839445562894972,sers_only
ergothioneine,cofactor,1206.0,,,,None,Absent in SERS,1.0,,8.355928093562255,,raman_only
ergothioneine,cofactor,,1222.0,,,None,SERS-only,,1.0,,5.267394009478956,sers_only
ergothioneine,cofactor,,1274.0,,,None,SERS-only,,0.15145632829085295,,0.6634336789451689,sers_only
ergothioneine,cofactor,,1304.0,,,None,SERS-only,,0.2997344823935293,,1.3737080970328912,sers_only
ergothioneine,cofactor,1328.0,,,,None,Absent in SERS,0.11049344378207317,,0.8737027180192685,,raman_only
ergothioneine,cofactor,1450.0,1440.0,-10.0,3.57896089033638,Low,Intensity enhanced,0.21764985154800112,0.7789603100567759,0.9728212223510252,4.112797134924006,matched
ergothioneine,cofactor,1496.0,,,,None,Absent in SERS,0.7444613664959285,,6.2055555495634165,,raman_only
ergothioneine,cofactor,,1586.0,,,None,SERS-only,,0.5482745290440414,,2.6347943520316077,sers_only
ergothioneine,cofactor,1638.0,,,,None,Absent in SERS,0.3101727708013971,,2.400326365234543,,raman_only
fructose,saccharide,524.0,522.0,-2.0,2.4303258466073383,High,Intensity enhanced,0.31976890272315267,0.7771426316596716,1.8671629015932585,1.1673580649029298,matched
fructose,saccharide,594.0,588.0,-6.0,1.9793508175648469,Medium,Intensity enhanced,0.29455086843032247,0.5830195042213453,1.5754683203637203,0.9831651709381186,matched
fructose,saccharide,,606.0,,,None,SERS-only,,0.6460491815566162,,0.4380895597134873,sers_only
fructose,saccharide,626.0,622.0,-4.0,0.6871414939641257,High,Intensity reduced,1.0,0.6871414946512673,7.819825495312521,1.066399630734669,matched
fructose,saccharide,,640.0,,,None,SERS-only,,0.7983334051487428,,2.8619835755009557,sers_only
fructose,saccharide,,660.0,,,None,SERS-only,,0.5029231568196195,,0.7854642666186578,sers_only
fructose,saccharide,,678.0,,,None,SERS-only,,0.6246627302698922,,1.1351468780365157,sers_only
fructose,saccharide,,696.0,,,None,SERS-only,,0.6321899568366744,,1.341749257277784,sers_only
fructose,saccharide,,714.0,,,None,SERS-only,,0.38336502678468726,,0.6267174403349138,sers_only
fructose,saccharide,,726.0,,,None,SERS-only,,0.595805552094562,,1.5655791955860616,sers_only
fructose,saccharide,,744.0,,,None,SERS-only,,0.6084179280079038,,1.797501778116779,sers_only
fructose,saccharide,,778.0,,,None,SERS-only,,0.7155259136023391,,1.1612769103168874,sers_only
fructose,saccharide,,796.0,,,None,SERS-only,,1.0,,3.7993814710220937,sers_only
fructose,saccharide,818.0,,,,None,Absent in SERS,0.5431627631029052,,4.042785948731673,,raman_only
fructose,saccharide,,842.0,,,None,SERS-only,,0.9420198892778427,,2.6108788910478644,sers_only
fructose,saccharide,872.0,860.0,-12.0,1.3108942629175135,Low,Shifted band,0.5560960034623933,0.7289830618811033,4.331630445148461,1.1179271193285127,matched
fructose,saccharide,,886.0,,,None,SERS-only,,0.7387592752086936,,1.2537972218768683,sers_only
fructose,saccharide,,912.0,,,None,SERS-only,,0.5929336041286641,,1.3763883013435128,sers_only
fructose,saccharide,926.0,,,,None,Absent in SERS,0.18680402859741727,,1.408564712452748,,raman_only
fructose,saccharide,,948.0,,,None,SERS-only,,0.7989441853735099,,2.3036814477082705,sers_only
fructose,saccharide,,964.0,,,None,SERS-only,,0.6401296802163339,,0.7089163007556402,sers_only
fructose,saccharide,978.0,990.0,12.0,2.8167738543877547,Low,Intensity enhanced,0.2551427103781426,0.7186793185475533,1.9458652361552446,1.178980909027385,matched
fructose,saccharide,,1020.0,,,None,SERS-only,,0.6888283647773867,,1.0280367857275705,sers_only
fructose,saccharide,1048.0,1040.0,-8.0,4.583692938581305,Medium,Intensity enhanced,0.20734136913660053,0.9503891741709086,0.850270294498799,2.9957686507838464,matched
fructose,saccharide,,1064.0,,,None,SERS-only,,0.8113116731617838,,2.6706566223910633,sers_only
fructose,saccharide,1084.0,1090.0,6.0,1.846990949987455,Medium,Intensity enhanced,0.42197852835469674,0.7793905248071406,3.2673243389931748,1.4313500237284447,matched
fructose,saccharide,1142.0,1136.0,-6.0,4.411085276326519,Medium,Intensity enhanced,0.15040549853132437,0.6634514844611601,0.9652064027926341,1.195187665994554,matched
fructose,saccharide,,1156.0,,,None,SERS-only,,0.24596364511602758,,0.4789118156367924,sers_only
fructose,saccharide,1178.0,1180.0,2.0,3.776693843282826,High,Intensity enhanced,0.16807015949730106,0.6347495403897133,1.2706406515326918,1.2311596724754095,matched
fructose,saccharide,,1206.0,,,None,SERS-only,,0.8186439633098067,,2.9806215824345843,sers_only
fructose,saccharide,,1246.0,,,None,SERS-only,,0.6768649779922633,,1.6781676003856045,sers_only
fructose,saccharide,1266.0,,,,None,Absent in SERS,0.38363316258667085,,2.9628740486105154,,raman_only
fructose,saccharide,,1282.0,,,None,SERS-only,,0.6094746253273283,,1.9993104039764837,sers_only
fructose,saccharide,,1306.0,,,None,SERS-only,,0.6993806286438725,,0.9184180726187553,sers_only
fructose,saccharide,,1318.0,,,None,SERS-only,,0.7876300340012119,,2.158674022319831,sers_only
fructose,saccharide,,1336.0,,,None,SERS-only,,0.7895395108470464,,1.6415196994445713,sers_only
fructose,saccharide,,1376.0,,,None,SERS-only,,0.8511439604916886,,2.0626738004562393,sers_only
fructose,saccharide,,1410.0,,,None,SERS-only,,0.7754986779761043,,1.1253229478535591,sers_only
fructose,saccharide,,1432.0,,,None,SERS-only,,0.6490103495056267,,0.4898289814825009,sers_only
fructose,saccharide,,1446.0,,,None,SERS-only,,0.9471339707355204,,3.9329168010850064,sers_only
fructose,saccharide,1472.0,1466.0,-6.0,2.485391025213424,Medium,Intensity enhanced,0.37672244541866456,0.9363025873253941,2.8910829974865457,2.817685389936792,matched
fructose,saccharide,,1480.0,,,None,SERS-only,,0.8050034171952597,,1.1598179087739953,sers_only
fructose,saccharide,,1512.0,,,None,SERS-only,,0.9183473974699117,,3.236201392607308,sers_only
fructose,saccharide,,1532.0,,,None,SERS-only,,0.5850100178800314,,0.9215316147273108,sers_only
fructose,saccharide,,1550.0,,,None,SERS-only,,0.6171902095844316,,1.8736798579793912,sers_only
fructose,saccharide,,1596.0,,,None,SERS-only,,0.7008636913924109,,0.9606490586338443,sers_only
fructose,saccharide,,1610.0,,,None,SERS-only,,0.7656782186455423,,2.5834303890669714,sers_only
fructose,saccharide,,1636.0,,,None,SERS-only,,0.6910561159211169,,1.4980526274827857,sers_only
fructose,saccharide,,1650.0,,,None,SERS-only,,0.7135834583019388,,1.670355566788999,sers_only
fructose,saccharide,,1708.0,,,None,SERS-only,,0.6524981319531549,,2.1126096695086365,sers_only
fructose,saccharide,,1722.0,,,None,SERS-only,,0.3786429066889192,,0.5964324859453192,sers_only
fructose,saccharide,,1736.0,,,None,SERS-only,,0.567086029714608,,0.8143126872837603,sers_only
fructose,saccharide,,1748.0,,,None,SERS-only,,0.6106215046879853,,0.4724784975124107,sers_only
fructose-6-phosphate,saccharide,,522.0,,,None,SERS-only,,0.7294368306617788,,0.7738243639492086,sers_only
fructose-6-phosphate,saccharide,534.0,530.0,-4.0,2.849942171027508,High,Intensity enhanced,0.2505225053702211,0.7139746556960007,1.1240651633835057,0.3753425569049585,matched
fructose-6-phosphate,saccharide,,558.0,,,None,SERS-only,,0.7609954325759825,,1.1669901067457165,sers_only
fructose-6-phosphate,saccharide,,576.0,,,None,SERS-only,,0.7320781835849421,,0.7380667761721227,sers_only
fructose-6-phosphate,saccharide,622.0,610.0,-12.0,2.739035713946667,Low,Intensity enhanced,0.2117042949671196,0.5798656274498759,1.3432746326245872,1.1576456481577961,matched
fructose-6-phosphate,saccharide,,644.0,,,None,SERS-only,,0.7387859914826949,,1.6899008564108158,sers_only
fructose-6-phosphate,saccharide,,674.0,,,None,SERS-only,,0.661123193260816,,1.2761841613993088,sers_only
fructose-6-phosphate,saccharide,,714.0,,,None,SERS-only,,0.693341720048715,,1.4446282337644587,sers_only
fructose-6-phosphate,saccharide,,742.0,,,None,SERS-only,,0.49305758373956404,,0.7739102286987648,sers_only
fructose-6-phosphate,saccharide,,766.0,,,None,SERS-only,,0.5430691291890627,,0.6362545511544194,sers_only
fructose-6-phosphate,saccharide,,780.0,,,None,SERS-only,,0.7533256819836497,,1.4728381915688118,sers_only
fructose-6-phosphate,saccharide,,800.0,,,None,SERS-only,,0.7551696372505997,,1.9051016746479252,sers_only
fructose-6-phosphate,saccharide,832.0,820.0,-12.0,1.6094790015347393,Low,Intensity enhanced,0.36208207203580556,0.5827634933832969,2.649436273569769,0.9536414187570407,matched
fructose-6-phosphate,saccharide,,844.0,,,None,SERS-only,,0.7965224358905179,,0.6632517540183653,sers_only
fructose-6-phosphate,saccharide,,870.0,,,None,SERS-only,,0.9731442056115849,,2.7165594702220464,sers_only
fructose-6-phosphate,saccharide,,892.0,,,None,SERS-only,,0.8052830079073595,,0.4438045900657438,sers_only
fructose-6-phosphate,saccharide,,914.0,,,None,SERS-only,,0.6000053183346168,,0.6484421694956423,sers_only
fructose-6-phosphate,saccharide,,932.0,,,None,SERS-only,,0.7491363347875446,,1.6624252329271383,sers_only
fructose-6-phosphate,saccharide,,948.0,,,None,SERS-only,,0.5164658282097019,,0.5096558846867574,sers_only
fructose-6-phosphate,saccharide,972.0,962.0,-10.0,0.5663063078375558,Low,Intensity reduced,1.0,0.5663063084038621,7.598466713896855,0.7924822345278457,matched
fructose-6-phosphate,saccharide,,986.0,,,None,SERS-only,,0.514662068163235,,0.6883812326789559,sers_only
fructose-6-phosphate,saccharide,,1024.0,,,None,SERS-only,,1.0,,3.3745423893202493,sers_only
fructose-6-phosphate,saccharide,,1042.0,,,None,SERS-only,,0.9660762814565566,,1.074364450186747,sers_only
fructose-6-phosphate,saccharide,1070.0,,,,None,Absent in SERS,0.33946226012609526,,2.3357075761571395,,raman_only
fructose-6-phosphate,saccharide,,1088.0,,,None,SERS-only,,0.8176601119987238,,1.6384381836453517,sers_only
fructose-6-phosphate,saccharide,,1110.0,,,None,SERS-only,,0.6672789795784199,,1.0102073131279974,sers_only
fructose-6-phosphate,saccharide,,1134.0,,,None,SERS-only,,0.4093240986074204,,0.4366532061252459,sers_only
fructose-6-phosphate,saccharide,,1158.0,,,None,SERS-only,,0.7023309639911517,,0.48044766842192393,sers_only
fructose-6-phosphate,saccharide,,1182.0,,,None,SERS-only,,0.7997956716577999,,2.3333578164561164,sers_only
fructose-6-phosphate,saccharide,,1206.0,,,None,SERS-only,,0.7078141466932831,,1.1425507550104483,sers_only
fructose-6-phosphate,saccharide,,1230.0,,,None,SERS-only,,0.4287480282873541,,0.3795690991630519,sers_only
fructose-6-phosphate,saccharide,1266.0,1254.0,-12.0,4.292556587274447,Low,Intensity enhanced,0.16717346020568236,0.7176015421159211,0.8922223671110099,1.5143373266985867,matched
fructose-6-phosphate,saccharide,,1278.0,,,None,SERS-only,,0.5811221135467635,,0.8383202590866249,sers_only
fructose-6-phosphate,saccharide,,1314.0,,,None,SERS-only,,0.8633572806714515,,1.198167468111382,sers_only
fructose-6-phosphate,saccharide,1346.0,1338.0,-8.0,5.5557537162665005,Medium,Intensity enhanced,0.16591789203375099,0.9217989508173697,0.8455052573665862,2.9819821166544482,matched
fructose-6-phosphate,saccharide,,1372.0,,,None,SERS-only,,0.5422947551183845,,0.4552858061835379,sers_only
fructose-6-phosphate,saccharide,,1382.0,,,None,SERS-only,,0.31670584859664574,,0.46114478305644524,sers_only
fructose-6-phosphate,saccharide,,1410.0,,,None,SERS-only,,0.4499386683844095,,0.887660966832269,sers_only
fructose-6-phosphate,saccharide,,1434.0,,,None,SERS-only,,0.715380766115851,,0.8165910246099484,sers_only
fructose-6-phosphate,saccharide,,1448.0,,,None,SERS-only,,0.8573588508949913,,2.7249872037406306,sers_only
fructose-6-phosphate,saccharide,1460.0,1470.0,10.0,1.9312929539048214,Low,Intensity enhanced,0.3292494919961228,0.6358772259001468,2.3672841934875706,0.8697113949415067,matched
fructose-6-phosphate,saccharide,,1488.0,,,None,SERS-only,,0.6586942080921806,,1.1740264619642775,sers_only
fructose-6-phosphate,saccharide,,1510.0,,,None,SERS-only,,0.6526780446429956,,0.7730422476127345,sers_only
fructose-6-phosphate,saccharide,,1524.0,,,None,SERS-only,,0.6052554430104141,,0.5020885031941487,sers_only
fructose-6-phosphate,saccharide,,1558.0,,,None,SERS-only,,0.4181516543597739,,0.4418755090709398,sers_only
fructose-6-phosphate,saccharide,,1566.0,,,None,SERS-only,,0.3196973449704727,,0.3994145705544113,sers_only
fructose-6-phosphate,saccharide,,1598.0,,,None,SERS-only,,0.6387106964984007,,1.2570103109105148,sers_only
fructose-6-phosphate,saccharide,,1620.0,,,None,SERS-only,,0.6371075566348751,,1.2497119112071413,sers_only
fructose-6-phosphate,saccharide,,1632.0,,,None,SERS-only,,0.5666116554025975,,0.555179239404539,sers_only
fructose-6-phosphate,saccharide,,1646.0,,,None,SERS-only,,0.6920996141498575,,1.7844861241989967,sers_only
fructose-6-phosphate,saccharide,,1664.0,,,None,SERS-only,,0.6804260229814814,,1.541903101755071,sers_only
fructose-6-phosphate,saccharide,,1678.0,,,None,SERS-only,,0.631801817641026,,1.0567301188590175,sers_only
fructose-6-phosphate,saccharide,,1692.0,,,None,SERS-only,,0.4638560808645552,,0.4133405871045532,sers_only
fructose-6-phosphate,saccharide,,1706.0,,,None,SERS-only,,0.5190119656319445,,0.45642794857528,sers_only
fructose-6-phosphate,saccharide,,1720.0,,,None,SERS-only,,0.5313927140814413,,0.7751709989522191,sers_only
fructose-6-phosphate,saccharide,,1744.0,,,None,SERS-only,,0.6285635749616997,,0.5347698159006228,sers_only
galactose,saccharide,528.0,536.0,8.0,0.7577054465582532,Medium,Shifted band,0.906907615168611,0.6871688402961182,5.185112577304748,1.4930844883728702,matched
galactose,saccharide,,564.0,,,None,SERS-only,,0.6301153952910432,,1.9438051884768495,sers_only
galactose,saccharide,604.0,594.0,-10.0,3.2979272024185335,Low,Intensity enhanced,0.2463404301592893,0.8124128089757303,1.5111877565944978,2.5554870806804932,matched
galactose,saccharide,,618.0,,,None,SERS-only,,0.5809623284183498,,0.8593536985857404,sers_only
galactose,saccharide,,642.0,,,None,SERS-only,,0.7007541886852874,,1.5037335543065922,sers_only
galactose,saccharide,,664.0,,,None,SERS-only,,0.48527985967358506,,0.4102523650873847,sers_only
galactose,saccharide,,682.0,,,None,SERS-only,,0.5076169674894458,,0.6162059304763812,sers_only
galactose,saccharide,708.0,696.0,-12.0,3.369313562480503,Low,Intensity enhanced,0.16503585862323297,0.5560575601241873,0.8475347941485161,1.3134845988964916,matched
galactose,saccharide,,720.0,,,None,SERS-only,,0.5378009292948437,,1.0493595629331467,sers_only
galactose,saccharide,,752.0,,,None,SERS-only,,0.67839813782874,,1.0730626714235163,sers_only
galactose,saccharide,,768.0,,,None,SERS-only,,0.7150784645894409,,1.9725523651000443,sers_only
galactose,saccharide,,796.0,,,None,SERS-only,,0.586468217730026,,1.439416793513865,sers_only
galactose,saccharide,,812.0,,,None,SERS-only,,0.5515306170392574,,0.35344487328673496,sers_only
galactose,saccharide,,854.0,,,None,SERS-only,,0.6827974489620884,,0.5609701821877363,sers_only
galactose,saccharide,872.0,870.0,-2.0,0.7938356591911777,High,Strong correspondence,1.0,0.7938356599850135,6.6352439122553974,1.5068194937598736,matched
galactose,saccharide,,896.0,,,None,SERS-only,,0.548406479726566,,0.5123552876815545,sers_only
galactose,saccharide,,910.0,,,None,SERS-only,,0.5330755267290883,,0.39114820289003105,sers_only
galactose,saccharide,936.0,940.0,4.0,1.9790275667080637,High,Intensity enhanced,0.4012479266782249,0.7940807099596906,2.41746995014017,2.357692623131933,matched
galactose,saccharide,,970.0,,,None,SERS-only,,0.49070828450916526,,0.8334643705268961,sers_only
galactose,saccharide,,998.0,,,None,SERS-only,,0.6091737270938127,,0.6592217912334646,sers_only
galactose,saccharide,1020.0,1018.0,-2.0,2.2247341729935344,High,Intensity enhanced,0.38567580605132873,0.8580261476439518,1.8166867853199031,0.4195706885601449,matched
galactose,saccharide,1038.0,1032.0,-6.0,2.575026944872675,Medium,Intensity enhanced,0.3544962104544743,0.9128372963505529,1.2204025668823824,2.615847778823166,matched
galactose,saccharide,1062.0,1060.0,-2.0,1.3329063927549756,High,Strong correspondence,0.6092194120623877,0.8120324502612907,4.0569145156653,0.6820917786886016,matched
galactose,saccharide,,1078.0,,,None,SERS-only,,0.7827365579343194,,0.47588809981637303,sers_only
galactose,saccharide,1098.0,1090.0,-8.0,2.914429588383661,Medium,Intensity enhanced,0.3050957012135013,0.8891799418197187,1.130542637195441,1.063972409768866,matched
galactose,saccharide,,1112.0,,,None,SERS-only,,0.7131982727410336,,1.4032998659230218,sers_only
galactose,saccharide,1142.0,1134.0,-8.0,1.7027524618137209,Medium,Intensity enhanced,0.2998188261513852,0.5105172460301237,1.3271013794207744,0.6321683626879092,matched
galactose,saccharide,,1158.0,,,None,SERS-only,,0.40198428748844445,,0.6112179857811242,sers_only
galactose,saccharide,,1186.0,,,None,SERS-only,,0.8054968846176497,,1.5365774121642015,sers_only
galactose,saccharide,,1208.0,,,None,SERS-only,,0.9709214684501235,,3.096488207427875,sers_only
galactose,saccharide,,1238.0,,,None,SERS-only,,0.4271517401980981,,0.5632706914707529,sers_only
galactose,saccharide,,1256.0,,,None,SERS-only,,0.6212111837123198,,1.503617299643258,sers_only
galactose,saccharide,1268.0,1272.0,4.0,0.7817441243240257,High,Strong correspondence,0.6604815858100211,0.516327599712943,4.2887244831096245,0.883527330076773,matched
galactose,saccharide,,1298.0,,,None,SERS-only,,0.48602572191952037,,0.6393357818936469,sers_only
galactose,saccharide,,1326.0,,,None,SERS-only,,0.8971417159381836,,2.625607566177296,sers_only
galactose,saccharide,1336.0,1342.0,6.0,2.4735661343833133,Medium,Intensity enhanced,0.2740022148319883,0.6777626018279936,1.0318367010125542,0.3663904917374826,matched
galactose,saccharide,1370.0,1358.0,-12.0,1.6684358519890448,Low,Intensity enhanced,0.34482463562210214,0.5753177863894098,1.9360949000350778,0.35859206684813666,matched
galactose,saccharide,1388.0,1386.0,-2.0,1.3699514235220998,High,Strong correspondence,0.2943058336035646,0.403184697066013,0.7264492420835913,0.43690347851662836,matched
galactose,saccharide,,1406.0,,,None,SERS-only,,0.27927063852688033,,0.46882362161729885,sers_only
galactose,saccharide,,1426.0,,,None,SERS-only,,0.32783956866486846,,0.8293388736195692,sers_only
galactose,saccharide,1452.0,1446.0,-6.0,3.3807897128796953,Medium,Intensity enhanced,0.2052766444377813,0.6939971711905036,1.006732557830158,2.11879246415074,matched
galactose,saccharide,,1470.0,,,None,SERS-only,,0.6873854325807726,,1.7591299634728972,sers_only
galactose,saccharide,,1498.0,,,None,SERS-only,,0.547021593669554,,0.49332520176420713,sers_only
galactose,saccharide,1512.0,1514.0,2.0,4.076277702219657,High,Intensity enhanced,0.16629370800575954,0.6778593380395818,0.9232193066994071,1.5539481447899672,matched
galactose,saccharide,,1574.0,,,None,SERS-only,,0.43603720970086796,,0.558112204441622,sers_only
galactose,saccharide,,1602.0,,,None,SERS-only,,1.0,,3.027530598802093,sers_only
galactose,saccharide,1614.0,1614.0,0.0,5.04788635412754,High,Intensity enhanced,0.17735521155625575,0.8952689572961128,0.9048850295768489,0.4690659801210686,matched
galactose,saccharide,,1646.0,,,None,SERS-only,,0.3501819477135559,,0.5720938813976103,sers_only
galactose,saccharide,,1666.0,,,None,SERS-only,,0.6920109069473622,,1.8303720644725954,sers_only
galactose,saccharide,,1686.0,,,None,SERS-only,,0.44434461141398734,,0.9802099020695338,sers_only
galactose,saccharide,,1700.0,,,None,SERS-only,,0.47645519990994567,,1.1060847931681645,sers_only
galactose,saccharide,,1730.0,,,None,SERS-only,,0.6832248192238538,,1.069547459767295,sers_only
glucose,saccharide,,528.0,,,None,SERS-only,,0.8498280276801226,,1.5893230637358635,sers_only
glucose,saccharide,542.0,548.0,6.0,0.5154046383599349,Medium,Intensity reduced,1.0,0.5154046388753396,5.750401321250238,0.7067765984643877,matched
glucose,saccharide,,586.0,,,None,SERS-only,,0.6538745822454771,,2.3311236572589484,sers_only
glucose,saccharide,,614.0,,,None,SERS-only,,0.5905983696736329,,1.7292001438946418,sers_only
glucose,saccharide,650.0,656.0,6.0,2.663195945790514,Medium,Intensity enhanced,0.1886397228125609,0.5023845476726544,0.9299072180143078,0.7889769424127371,matched
glucose,saccharide,,682.0,,,None,SERS-only,,0.52462159187199,,1.2660715286316975,sers_only
glucose,saccharide,,708.0,,,None,SERS-only,,0.2773080838306972,,0.6658571875135731,sers_only
glucose,saccharide,,750.0,,,None,SERS-only,,0.5245931355143264,,1.1587258268559206,sers_only
glucose,saccharide,772.0,774.0,2.0,3.093458847477829,High,Intensity enhanced,0.1770997168907258,0.5478506891948932,0.9100975713080852,0.7282238835694399,matched
glucose,saccharide,,812.0,,,None,SERS-only,,0.9764018072997598,,3.1115427599804044,sers_only
glucose,saccharide,842.0,840.0,-2.0,0.5915311816703755,High,Intensity reduced,0.8393887027148812,0.49652459178922836,4.832071710579381,0.8374572984104376,matched
glucose,saccharide,,858.0,,,None,SERS-only,,0.60746909620102,,0.7440989225099174,sers_only
glucose,saccharide,,882.0,,,None,SERS-only,,0.678608795669906,,1.2527560559710509,sers_only
glucose,saccharide,916.0,904.0,-12.0,1.2852765993457143,Low,Shifted band,0.5497666769881907,0.7066022463182521,3.0698633107663444,1.712799048937318,matched
glucose,saccharide,,940.0,,,None,SERS-only,,0.5628219053867561,,1.379159288856649,sers_only
glucose,saccharide,,984.0,,,None,SERS-only,,0.394849297156234,,0.8435549563613051,sers_only
glucose,saccharide,1022.0,1010.0,-12.0,2.271145055469732,Low,Intensity enhanced,0.2407496364525555,0.5467773487065021,0.995900750989053,1.3946557897016376,matched
glucose,saccharide,,1046.0,,,None,SERS-only,,1.0,,3.676979832435422,sers_only
glucose,saccharide,1074.0,,,,None,Absent in SERS,0.6736932766108887,,3.3752767118534113,,raman_only
glucose,saccharide,,1096.0,,,None,SERS-only,,0.7873724626702615,,1.645468581092246,sers_only
glucose,saccharide,1120.0,1118.0,-2.0,0.8035791528335094,High,Strong correspondence,0.7340585168429741,0.5898741218984787,4.2568078526712885,0.6701199693013911,matched
glucose,saccharide,,1140.0,,,None,SERS-only,,0.30566639064772944,,0.6750814246795944,sers_only
glucose,saccharide,1150.0,1156.0,6.0,1.8051438807509947,Medium,Intensity enhanced,0.2940034173132723,0.5307184714880785,1.0033951761863342,1.3021910182946135,matched
glucose,saccharide,,1184.0,,,None,SERS-only,,0.8696016746983624,,3.1407795965756105,sers_only
glucose,saccharide,,1202.0,,,None,SERS-only,,0.7452674121910217,,0.9237724011535098,sers_only
glucose,saccharide,,1238.0,,,None,SERS-only,,0.3837815405806416,,0.6021601422267993,sers_only
glucose,saccharide,1272.0,1264.0,-8.0,1.607946161647398,Medium,Intensity enhanced,0.2392066194160607,0.3846313671386509,1.203972795156847,0.9469936246753012,matched
glucose,saccharide,,1280.0,,,None,SERS-only,,0.3126512004903631,,0.4601337173954093,sers_only
glucose,saccharide,,1324.0,,,None,SERS-only,,0.766574049573301,,2.3156586965428314,sers_only
glucose,saccharide,1346.0,1350.0,4.0,0.9687206465610068,High,Strong correspondence,0.7119986776856133,0.6897278203669098,4.081598143796449,0.6109604015042132,matched
glucose,saccharide,,1362.0,,,None,SERS-only,,0.5251197960642232,,0.47699860502449964,sers_only
glucose,saccharide,,1396.0,,,None,SERS-only,,0.3791504338084758,,0.7077099075983785,sers_only
glucose,saccharide,,1444.0,,,None,SERS-only,,0.8259519114236755,,2.947507687381819,sers_only
glucose,saccharide,1460.0,1464.0,4.0,2.1328030918600627,High,Intensity enhanced,0.3679001117376572,0.784658497942541,1.6138612255053728,0.6605605990788026,matched
glucose,saccharide,,1478.0,,,None,SERS-only,,0.7001650937697956,,0.774650944017503,sers_only
glucose,saccharide,,1502.0,,,None,SERS-only,,0.604011332203288,,0.8956610093505633,sers_only
glucose,saccharide,,1524.0,,,None,SERS-only,,0.6540870145377747,,1.8291551162272746,sers_only
glucose,saccharide,,1544.0,,,None,SERS-only,,0.3443411357921381,,0.8390747718473733,sers_only
glucose,saccharide,,1594.0,,,None,SERS-only,,0.6912831938493151,,0.7581536235535463,sers_only
glucose,saccharide,,1612.0,,,None,SERS-only,,0.7742147846061208,,2.034264940144346,sers_only
glucose,saccharide,,1636.0,,,None,SERS-only,,0.4946085409220487,,0.45992942555264044,sers_only
glucose,saccharide,,1652.0,,,None,SERS-only,,0.5186809630578881,,0.6516491391945483,sers_only
glucose,saccharide,,1666.0,,,None,SERS-only,,0.5936879157163337,,1.1655607370096275,sers_only
glucose,saccharide,,1688.0,,,None,SERS-only,,0.5563483132152685,,0.8157265397943396,sers_only
glucose,saccharide,,1712.0,,,None,SERS-only,,0.5805711183071796,,0.9661881877154427,sers_only
glucose,saccharide,,1724.0,,,None,SERS-only,,0.41288623022199467,,0.43289815175986535,sers_only
glucose,saccharide,,1742.0,,,None,SERS-only,,0.6716274812425959,,1.3431659757482133,sers_only
glutamate,amino_acid,,522.0,,,None,SERS-only,,1.0,,2.988239801218029,sers_only
glutamate,amino_acid,538.0,,,,None,Absent in SERS,0.3652388346350105,,2.161854525025783,,raman_only
glutamate,amino_acid,,564.0,,,None,SERS-only,,0.6267378116628615,,1.5395638670979739,sers_only
glutamate,amino_acid,,600.0,,,None,SERS-only,,0.590962837225651,,0.848020043815487,sers_only
glutamate,amino_acid,,648.0,,,None,SERS-only,,0.6690855506672729,,2.534515167823251,sers_only
glutamate,amino_acid,,676.0,,,None,SERS-only,,0.4983212216774392,,0.8336019711117653,sers_only
glutamate,amino_acid,,694.0,,,None,SERS-only,,0.4506869906372826,,0.5602376270772994,sers_only
glutamate,amino_acid,708.0,716.0,8.0,3.098980986746787,Medium,Intensity enhanced,0.1810780527771242,0.5611574457724201,1.2054834474249145,1.6629072969252392,matched
glutamate,amino_acid,,736.0,,,None,SERS-only,,0.5074154969567843,,0.489179411573223,sers_only
glutamate,amino_acid,762.0,,,,None,Absent in SERS,0.17144236360529366,,1.0570100722916205,,raman_only
glutamate,amino_acid,,776.0,,,None,SERS-only,,0.5150320478381226,,0.725072245576512,sers_only
glutamate,amino_acid,804.0,800.0,-4.0,3.946648202431989,High,Intensity enhanced,0.21792633928558294,0.8600785991506779,1.522263525101791,4.093401688007594,matched
glutamate,amino_acid,,814.0,,,None,SERS-only,,0.6177569020653244,,1.0076831677637286,sers_only
glutamate,amino_acid,,844.0,,,None,SERS-only,,0.6388203142321109,,0.8476478282626264,sers_only
glutamate,amino_acid,866.0,866.0,0.0,0.7325652086205275,High,Strong correspondence,1.0,0.7325652093530928,7.268208965204564,2.9604246140111776,matched
glutamate,amino_acid,,890.0,,,None,SERS-only,,0.42876001113857504,,0.5579545107355935,sers_only
glutamate,amino_acid,920.0,916.0,-4.0,0.9861470238442959,High,Strong correspondence,0.41016617306446146,0.4044841518352701,2.9137995129133003,0.8458133960635483,matched
glutamate,amino_acid,942.0,938.0,-4.0,0.5298726166932506,High,Intensity reduced,0.39367599750378446,0.2085981314565285,1.7405361909223767,0.5322497216489277,matched
glutamate,amino_acid,,950.0,,,None,SERS-only,,0.32987179529842575,,0.6839295926960751,sers_only
glutamate,amino_acid,970.0,962.0,-8.0,3.888148136456297,Medium,Intensity enhanced,0.14795456302289609,0.5752692623858273,0.9187535955460604,1.1788601522008868,matched
glutamate,amino_acid,,982.0,,,None,SERS-only,,0.6164552894404176,,1.5572073502832238,sers_only
glutamate,amino_acid,,1002.0,,,None,SERS-only,,0.42037333565628965,,0.6009387600259518,sers_only
glutamate,amino_acid,,1010.0,,,None,SERS-only,,0.45037595475924835,,0.7502055872640434,sers_only
glutamate,amino_acid,,1048.0,,,None,SERS-only,,0.6454497423586294,,1.7414108738413214,sers_only
glutamate,amino_acid,,1058.0,,,None,SERS-only,,0.5379722054028652,,0.529720261164537,sers_only
glutamate,amino_acid,1090.0,1102.0,12.0,4.147642165899462,Low,Intensity enhanced,0.17431829826862202,0.7230099283344181,1.1935339084427825,3.1919833800152198,matched
glutamate,amino_acid,1128.0,1126.0,-2.0,3.519342723295768,High,Intensity enhanced,0.16442652678963665,0.5786733040932471,1.0637175316145189,2.16888092334539,matched
glutamate,amino_acid,,1152.0,,,None,SERS-only,,0.5411690864271242,,2.249022764287841,sers_only
glutamate,amino_acid,,1178.0,,,None,SERS-only,,0.42678136466169997,,1.242407785511162,sers_only
glutamate,amino_acid,,1200.0,,,None,SERS-only,,0.4653142691027333,,1.2747766131724703,sers_only
glutamate,amino_acid,,1220.0,,,None,SERS-only,,0.5324306314477051,,1.8564573147993708,sers_only
glutamate,amino_acid,,1268.0,,,None,SERS-only,,0.6593981077554264,,3.0161582076939277,sers_only
glutamate,amino_acid,,1290.0,,,None,SERS-only,,0.5363303321798539,,0.9256907384610487,sers_only
glutamate,amino_acid,,1304.0,,,None,SERS-only,,0.4892786729631802,,0.6790950927990838,sers_only
glutamate,amino_acid,1312.0,1314.0,2.0,1.7451461767808731,High,Intensity enhanced,0.307133521622747,0.5359928927663288,1.7298326130246209,0.7376160298443781,matched
glutamate,amino_acid,,1338.0,,,None,SERS-only,,0.6494450477999166,,1.8487051747742607,sers_only
glutamate,amino_acid,1352.0,1358.0,6.0,0.8717631030692139,Medium,Shifted band,0.3602834506485346,0.31408181979361366,2.384731174712189,0.9180468548246055,matched
glutamate,amino_acid,,1388.0,,,None,SERS-only,,0.3817979063932089,,1.4029195062766115,sers_only
glutamate,amino_acid,1408.0,1404.0,-4.0,0.4716472055199984,High,Intensity reduced,0.5425772057146921,0.25590502332583104,3.8988551776514004,0.6960035393139834,matched
glutamate,amino_acid,,1424.0,,,None,SERS-only,,0.37092353129299305,,0.5582564505709797,sers_only
glutamate,amino_acid,1438.0,,,,None,Absent in SERS,0.3209311863505515,,1.366692070311701,,raman_only
glutamate,amino_acid,,1454.0,,,None,SERS-only,,0.684861559031027,,3.2837161844627443,sers_only
glutamate,amino_acid,,1478.0,,,None,SERS-only,,0.4828865571744181,,1.087338148157717,sers_only
glutamate,amino_acid,,1498.0,,,None,SERS-only,,0.4207398318136758,,0.7080069553646167,sers_only
glutamate,amino_acid,,1520.0,,,None,SERS-only,,0.4498122829607516,,1.300165397243195,sers_only
glutamate,amino_acid,,1534.0,,,None,SERS-only,,0.2960857746098355,,1.285855459409609,sers_only
glutamate,amino_acid,,1554.0,,,None,SERS-only,,0.5128216274301439,,2.038132823475442,sers_only
glutamate,amino_acid,,1572.0,,,None,SERS-only,,0.3068825869977342,,0.7886890415936391,sers_only
glutamate,amino_acid,,1592.0,,,None,SERS-only,,0.37952596843973874,,0.6719758462424299,sers_only
glutamate,amino_acid,,1608.0,,,None,SERS-only,,0.5994856834363965,,2.313762260571365,sers_only
glutamate,amino_acid,,1630.0,,,None,SERS-only,,0.4597146555458282,,0.6649155593249838,sers_only
glutamate,amino_acid,,1646.0,,,None,SERS-only,,0.3918184282852888,,0.5198008352859262,sers_only
glutamate,amino_acid,1658.0,1666.0,8.0,3.9171867924483936,Medium,Intensity enhanced,0.12750754743460013,0.4994708846654895,0.7774186728912791,1.2729402190542314,matched
glutamate,amino_acid,,1686.0,,,None,SERS-only,,0.5391201890000097,,1.7523162766412548,sers_only
glutamate,amino_acid,,1704.0,,,None,SERS-only,,0.3345050597861946,,0.6416099369023182,sers_only
glutamate,amino_acid,,1728.0,,,None,SERS-only,,0.41421715721265984,,1.0282488697882117,sers_only
glutathione,cofactor,522.0,532.0,10.0,0.4239633305393245,Low,Intensity reduced,0.8655947968045786,0.36698045337474233,2.3795330640764982,0.5808976721265807,matched
glutathione,cofactor,,552.0,,,None,SERS-only,,0.2604037506460112,,0.6727676282307821,sers_only
glutathione,cofactor,,602.0,,,None,SERS-only,,0.22611465814578932,,0.6106998357619562,sers_only
glutathione,cofactor,626.0,,,,None,Absent in SERS,0.36889433628379353,,0.4870919616647766,,raman_only
glutathione,cofactor,,662.0,,,None,SERS-only,,0.8026095878633428,,3.83660053136445,sers_only
glutathione,cofactor,678.0,,,,None,Absent in SERS,0.66026634845886,,2.3918167338083696,,raman_only
glutathione,cofactor,776.0,,,,None,Absent in SERS,0.23733995989061343,,0.69348311387299,,raman_only
glutathione,cofactor,,802.0,,,None,SERS-only,,1.0,,5.33317415609574,sers_only
glutathione,cofactor,830.0,,,,None,Absent in SERS,0.21773755653668625,,0.42874708980653686,,raman_only
glutathione,cofactor,,872.0,,,None,SERS-only,,0.6741513558182998,,2.5526931383757225,sers_only
glutathione,cofactor,886.0,,,,None,Absent in SERS,0.33567927431877903,,0.4465368087700047,,raman_only
glutathione,cofactor,916.0,,,,None,Absent in SERS,0.8096093437764095,,3.108227131686858,,raman_only
glutathione,cofactor,,956.0,,,None,SERS-only,,0.30799864641298225,,0.6938497268717974,sers_only
glutathione,cofactor,1020.0,,,,None,Absent in SERS,0.5042318820413985,,1.4793179653675468,,raman_only
glutathione,cofactor,,1050.0,,,None,SERS-only,,0.8265681145854906,,4.295116661921956,sers_only
glutathione,cofactor,1076.0,,,,None,Absent in SERS,0.14033466199596276,,0.41854136695045113,,raman_only
glutathione,cofactor,,1106.0,,,None,SERS-only,,0.31119129839893644,,0.5779558344891438,sers_only
glutathione,cofactor,,1156.0,,,None,SERS-only,,0.18588976123433576,,0.8505417082526899,sers_only
glutathione,cofactor,1172.0,1182.0,10.0,1.5200632530595093,Low,Intensity enhanced,0.22207148583605033,0.33756270669176863,0.7472341431291354,1.266990789424239,matched
glutathione,cofactor,,1254.0,,,None,SERS-only,,0.28730502576337114,,0.6358147893555706,sers_only
glutathione,cofactor,1280.0,1272.0,-8.0,0.5735517693274064,Medium,Intensity reduced,0.5301091244438187,0.30404502683490625,0.5525047364441262,0.808708171244793,matched
glutathione,cofactor,1312.0,,,,None,Absent in SERS,0.5322108750277504,,0.9094288206205962,,raman_only
glutathione,cofactor,,1326.0,,,None,SERS-only,,0.36137686274336356,,1.6920668926754308,sers_only
glutathione,cofactor,1410.0,,,,None,Absent in SERS,1.0,,3.894982389299855,,raman_only
glutathione,cofactor,,1430.0,,,None,SERS-only,,0.46277912725547343,,2.303177780680291,sers_only
glutathione,cofactor,,1516.0,,,None,SERS-only,,0.22008330807289958,,0.978272546579896,sers_only
glutathione,cofactor,,1602.0,,,None,SERS-only,,0.4360669620473448,,2.065482208235852,sers_only
glutathione,cofactor,,1638.0,,,None,SERS-only,,0.36301821539110757,,0.729969064765547,sers_only
glutathione,cofactor,1664.0,1672.0,8.0,0.7078019228142926,Medium,Shifted band,0.47859964895402207,0.33875375249570416,1.725964845120139,0.6897341936451791,matched
glutathione,cofactor,,1704.0,,,None,SERS-only,,0.21787928706023865,,0.6447238178548886,sers_only
glycerol,polyol,,528.0,,,None,SERS-only,,0.49715480281640945,,1.0814222380261849,sers_only
glycerol,polyol,,576.0,,,None,SERS-only,,0.4521984468063642,,0.7122003661259473,sers_only
glycerol,polyol,,598.0,,,None,SERS-only,,0.5200716859461995,,1.3284982114060222,sers_only
glycerol,polyol,,646.0,,,None,SERS-only,,0.6414743490316466,,1.0268904481689796,sers_only
glycerol,polyol,674.0,668.0,-6.0,2.8302905263132465,Medium,Intensity enhanced,0.2490454254867404,0.7048709112070635,1.0259293767902078,2.475507580928762,matched
glycerol,polyol,,698.0,,,None,SERS-only,,0.3898471189545142,,0.8335536147087363,sers_only
glycerol,polyol,,722.0,,,None,SERS-only,,0.5382637606637749,,1.6921594904512163,sers_only
glycerol,polyol,,752.0,,,None,SERS-only,,0.39392968657029953,,0.6256467412896235,sers_only
glycerol,polyol,,796.0,,,None,SERS-only,,0.5563971997753436,,1.8314922061718493,sers_only
glycerol,polyol,822.0,828.0,6.0,0.8522348778387167,Medium,Shifted band,0.5561942155437088,0.4740081101907284,0.6798971338536346,0.9810036024238821,matched
glycerol,polyol,850.0,846.0,-4.0,0.6172436661824368,High,Intensity reduced,1.0,0.6172436667996805,4.639348371456774,0.7180617317552038,matched
glycerol,polyol,,868.0,,,None,SERS-only,,0.8594640960348849,,3.297978643409563,sers_only
glycerol,polyol,,886.0,,,None,SERS-only,,0.8042791468130144,,1.1101955365859872,sers_only
glycerol,polyol,926.0,932.0,6.0,1.6851669311430473,Medium,Intensity enhanced,0.38125536338575805,0.6424789323837722,1.605480821480723,1.7037389990994147,matched
glycerol,polyol,,954.0,,,None,SERS-only,,0.6392948364521815,,1.524861852821609,sers_only
glycerol,polyol,976.0,982.0,6.0,2.565689912781216,Medium,Intensity enhanced,0.14422585646777036,0.3700388276672798,0.6213967447652122,0.9291040739229797,matched
glycerol,polyol,,1012.0,,,None,SERS-only,,0.7808798379462601,,1.6308223828517292,sers_only
glycerol,polyol,,1042.0,,,None,SERS-only,,1.0,,4.254389409592049,sers_only
glycerol,polyol,1058.0,1060.0,2.0,1.0832214915248324,High,Strong correspondence,0.8559641629633614,0.9271987783801986,4.015823844862408,1.003964784787105,matched
glycerol,polyol,,1100.0,,,None,SERS-only,,0.7122115392490597,,1.963337531479796,sers_only
glycerol,polyol,,1156.0,,,None,SERS-only,,0.33188352643391755,,0.7470348547648562,sers_only
glycerol,polyol,,1190.0,,,None,SERS-only,,0.7009014918488785,,1.2777650181358005,sers_only
glycerol,polyol,,1206.0,,,None,SERS-only,,0.7068509561036194,,2.216598623590582,sers_only
glycerol,polyol,,1240.0,,,None,SERS-only,,0.447557977664821,,0.521031947527496,sers_only
glycerol,polyol,1250.0,1256.0,6.0,1.6857760620538889,Medium,Intensity enhanced,0.29820539864571505,0.5027075242979597,1.0435357842882615,0.7713465912898101,matched
glycerol,polyol,,1320.0,,,None,SERS-only,,0.5818973549061243,,0.525185404882212,sers_only
glycerol,polyol,,1336.0,,,None,SERS-only,,0.8420979982752402,,3.4222397720450966,sers_only
glycerol,polyol,,1354.0,,,None,SERS-only,,0.6429011366406274,,0.6788345485340292,sers_only
glycerol,polyol,,1382.0,,,None,SERS-only,,0.2122257530180877,,0.5067289178317009,sers_only
glycerol,polyol,,1402.0,,,None,SERS-only,,0.34428285005140796,,0.7944571164611265,sers_only
glycerol,polyol,,1418.0,,,None,SERS-only,,0.2858288127097807,,0.4816931384401385,sers_only
glycerol,polyol,1468.0,1464.0,-4.0,0.8611503430823197,High,Strong correspondence,0.7156384253137242,0.616272276342955,3.269795249281362,0.8418380620969798,matched
glycerol,polyol,,1478.0,,,None,SERS-only,,0.6225364757379176,,0.8541150848630913,sers_only
glycerol,polyol,,1502.0,,,None,SERS-only,,0.8535998752039922,,3.4668727362507035,sers_only
glycerol,polyol,,1520.0,,,None,SERS-only,,0.5898796970390673,,1.219837271219325,sers_only
glycerol,polyol,,1536.0,,,None,SERS-only,,0.3953799387889538,,0.7456443319831771,sers_only
glycerol,polyol,,1566.0,,,None,SERS-only,,0.31727634250821285,,0.7070614878224277,sers_only
glycerol,polyol,,1600.0,,,None,SERS-only,,0.992872990517884,,4.053200682180499,sers_only
glycerol,polyol,,1650.0,,,None,SERS-only,,0.6212555709178967,,1.3216256982359083,sers_only
glycerol,polyol,,1672.0,,,None,SERS-only,,0.6647101878800643,,2.086144980394746,sers_only
glycerol,polyol,,1702.0,,,None,SERS-only,,0.4268226642491536,,0.9278759640231824,sers_only
glycerol,polyol,,1730.0,,,None,SERS-only,,0.39436937417724477,,0.7685913050312391,sers_only
glycerol,polyol,,1744.0,,,None,SERS-only,,0.538057910009985,,0.866329937381974,sers_only
glycine,amino_acid,,538.0,,,None,SERS-only,,0.4729868001886822,,0.5507558250592675,sers_only
glycine,amino_acid,,554.0,,,None,SERS-only,,0.3867159405935134,,0.552008700605827,sers_only
glycine,amino_acid,,572.0,,,None,SERS-only,,0.5659076999535398,,1.43796042663668,sers_only
glycine,amino_acid,602.0,596.0,-6.0,2.8175961572606267,Medium,Intensity enhanced,0.15695314135488653,0.4422305707691084,1.318458815885043,0.896054609206117,matched
glycine,amino_acid,,632.0,,,None,SERS-only,,0.6155927346043599,,1.5894216548804203,sers_only
glycine,amino_acid,,656.0,,,None,SERS-only,,0.41771866194306684,,0.6204609255956062,sers_only
glycine,amino_acid,,672.0,,,None,SERS-only,,0.6367291630768517,,2.1540706739941173,sers_only
glycine,amino_acid,694.0,706.0,12.0,4.946573560827746,Low,Intensity enhanced,0.1282705922366734,0.6344999251362189,1.0963892530717478,1.7778273604250394,matched
glycine,amino_acid,,730.0,,,None,SERS-only,,0.4803493433735073,,0.6124254149764372,sers_only
glycine,amino_acid,,746.0,,,None,SERS-only,,0.5384698294972873,,1.3651273814473917,sers_only
glycine,amino_acid,,792.0,,,None,SERS-only,,0.8358289537033334,,3.2758321544031075,sers_only
glycine,amino_acid,,810.0,,,None,SERS-only,,0.673992174433342,,0.6288372452065782,sers_only
glycine,amino_acid,,848.0,,,None,SERS-only,,0.7365948640552593,,1.0794651417870575,sers_only
glycine,amino_acid,,870.0,,,None,SERS-only,,0.8088436295430549,,2.3914537238333464,sers_only
glycine,amino_acid,894.0,902.0,8.0,0.6766689752396906,Medium,Intensity reduced,1.0,0.6766689759163597,8.803547317903725,0.8586264716153823,matched
glycine,amino_acid,,952.0,,,None,SERS-only,,0.7673223513621417,,1.9166487613236982,sers_only
glycine,amino_acid,,992.0,,,None,SERS-only,,0.5188906418597293,,0.9926976791802772,sers_only
glycine,amino_acid,,1014.0,,,None,SERS-only,,0.5273226203611043,,0.7836579222595146,sers_only
glycine,amino_acid,1036.0,1034.0,-2.0,4.683953661627157,High,Intensity enhanced,0.17474365273528777,0.8184911767595092,1.5125379201789642,1.7198001219001464,matched
glycine,amino_acid,,1064.0,,,None,SERS-only,,0.7546328384146997,,0.8332106873118836,sers_only
glycine,amino_acid,,1092.0,,,None,SERS-only,,0.8300852517349774,,3.0666051427160115,sers_only
glycine,amino_acid,,1110.0,,,None,SERS-only,,0.8003067094995239,,0.6682725405143697,sers_only
glycine,amino_acid,,1138.0,,,None,SERS-only,,0.34761795756223973,,0.9113638842024572,sers_only
glycine,amino_acid,,1160.0,,,None,SERS-only,,0.5052310394521918,,1.5562718357213865,sers_only
glycine,amino_acid,,1192.0,,,None,SERS-only,,0.6965863602342273,,2.236527542022313,sers_only
glycine,amino_acid,,1212.0,,,None,SERS-only,,0.6608708721817593,,1.3089483260405594,sers_only
glycine,amino_acid,,1250.0,,,None,SERS-only,,0.49257724929690755,,1.2754357106333485,sers_only
glycine,amino_acid,,1284.0,,,None,SERS-only,,0.3103329764184469,,0.583621206497738,sers_only
glycine,amino_acid,,1298.0,,,None,SERS-only,,0.45559558473321676,,1.0714061005421516,sers_only
glycine,amino_acid,,1312.0,,,None,SERS-only,,0.524388147075656,,0.8363385783242907,sers_only
glycine,amino_acid,1326.0,,,,None,Absent in SERS,0.6594288900876354,,5.8096275035621865,,raman_only
glycine,amino_acid,,1344.0,,,None,SERS-only,,0.9059581968249113,,3.4242515404770897,sers_only
glycine,amino_acid,,1386.0,,,None,SERS-only,,0.3650743947419697,,0.6937452800142438,sers_only
glycine,amino_acid,1412.0,1406.0,-6.0,2.378060641479863,Medium,Intensity enhanced,0.19695649919150465,0.46837450118903834,1.4608380982439049,1.179555436012427,matched
glycine,amino_acid,1442.0,1450.0,8.0,4.354766734541175,Medium,Intensity enhanced,0.20600605597476487,0.8971083240277,1.8085002024277141,3.203367890710676,matched
glycine,amino_acid,,1468.0,,,None,SERS-only,,0.7878908579387441,,0.8244805647221811,sers_only
glycine,amino_acid,,1488.0,,,None,SERS-only,,0.6055813201644953,,0.5453139206748453,sers_only
glycine,amino_acid,,1522.0,,,None,SERS-only,,0.5192316092479259,,0.9265404385249447,sers_only
glycine,amino_acid,,1540.0,,,None,SERS-only,,0.49033712562889725,,0.9768662467560848,sers_only
glycine,amino_acid,,1562.0,,,None,SERS-only,,0.3445409490365201,,0.814264088068825,sers_only
glycine,amino_acid,,1584.0,,,None,SERS-only,,0.469583698830728,,0.5806970145287709,sers_only
glycine,amino_acid,,1608.0,,,None,SERS-only,,1.0,,3.677495765693237,sers_only
glycine,amino_acid,,1644.0,,,None,SERS-only,,0.622659292887949,,0.483248321010181,sers_only
glycine,amino_acid,,1662.0,,,None,SERS-only,,0.4667269504504901,,0.4690970738660848,sers_only
glycine,amino_acid,,1676.0,,,None,SERS-only,,0.5638595154792189,,0.6733053965833253,sers_only
glycine,amino_acid,,1688.0,,,None,SERS-only,,0.6587796689012266,,1.323685105031227,sers_only
glycine,amino_acid,,1708.0,,,None,SERS-only,,0.585527149115749,,1.1335758448029691,sers_only
glycine,amino_acid,,1722.0,,,None,SERS-only,,0.6240913844457597,,0.7525086645539396,sers_only
glycine,amino_acid,,1736.0,,,None,SERS-only,,0.736343479262193,,0.9218239284282694,sers_only
glycine,amino_acid,,1748.0,,,None,SERS-only,,0.8549306391841894,,1.669287793227761,sers_only
glycogen,polysaccharide,,532.0,,,None,SERS-only,,0.6985656681076096,,0.9152638203513025,sers_only
glycogen,polysaccharide,,550.0,,,None,SERS-only,,0.49572492012717917,,0.41463730724050435,sers_only
glycogen,polysaccharide,588.0,580.0,-8.0,1.0678544101972551,Medium,Shifted band,0.5142709303517584,0.549166482080225,1.9815796742180023,1.5913573723389118,matched
glycogen,polysaccharide,,626.0,,,None,SERS-only,,0.5417037557309057,,0.7168795806501347,sers_only
glycogen,polysaccharide,,644.0,,,None,SERS-only,,0.6223208031927163,,1.556061825822444,sers_only
glycogen,polysaccharide,666.0,,,,None,Absent in SERS,0.42261085104295937,,1.004906979140889,,raman_only
glycogen,polysaccharide,690.0,696.0,6.0,1.8572478825359666,Medium,Intensity enhanced,0.2326770197042255,0.43213890401770005,0.5900559772740191,0.7897972322506739,matched
glycogen,polysaccharide,726.0,720.0,-6.0,3.687473143975044,Medium,Intensity enhanced,0.17482972814346479,0.6446799309849575,0.576601429791434,1.959282898353174,matched
glycogen,polysaccharide,,736.0,,,None,SERS-only,,0.3348711853331381,,0.43259207630761903,sers_only
glycogen,polysaccharide,,764.0,,,None,SERS-only,,0.6577311200707343,,0.4589280481572285,sers_only
glycogen,polysaccharide,774.0,780.0,6.0,2.34987033576068,Medium,Intensity enhanced,0.3481313660115544,0.8180635722882659,1.3800612509653956,1.3569430095188029,matched
glycogen,polysaccharide,,806.0,,,None,SERS-only,,0.9546759419008917,,3.458898754905438,sers_only
glycogen,polysaccharide,858.0,852.0,-6.0,0.7316146225246476,Medium,Shifted band,0.8247959571432337,0.603432783576817,3.497148310682217,0.4009776745760577,matched
glycogen,polysaccharide,,868.0,,,None,SERS-only,,0.7589699996729636,,2.0856700794052996,sers_only
glycogen,polysaccharide,,884.0,,,None,SERS-only,,0.6290101869254215,,0.8048823247806889,sers_only
glycogen,polysaccharide,,900.0,,,None,SERS-only,,0.4377000647236838,,0.4732060917287174,sers_only
glycogen,polysaccharide,940.0,936.0,-4.0,1.1371011295142905,High,Strong correspondence,0.7198210306084245,0.8185093080900813,2.4132991806164052,2.58666045015753,matched
glycogen,polysaccharide,,986.0,,,None,SERS-only,,0.35104863867646025,,0.4379720118798405,sers_only
glycogen,polysaccharide,1010.0,,,,None,Absent in SERS,0.4510861452999026,,0.4519090476732068,,raman_only
glycogen,polysaccharide,1036.0,1024.0,-12.0,1.058388376152971,Low,Shifted band,0.8437652594998494,0.8930313439147242,1.7678268956434529,1.1907891991601605,matched
glycogen,polysaccharide,,1052.0,,,None,SERS-only,,0.9921571494535554,,3.648726925990934,sers_only
glycogen,polysaccharide,,1070.0,,,None,SERS-only,,0.7191152172875596,,0.5519378003379241,sers_only
glycogen,polysaccharide,1084.0,,,,None,Absent in SERS,0.8893243804297836,,3.820802251188783,,raman_only
glycogen,polysaccharide,1106.0,1098.0,-8.0,0.7680522781763768,Medium,Shifted band,0.8711505004760669,0.6690891272931863,0.6121597439541724,0.6999780931771904,matched
glycogen,polysaccharide,1130.0,1134.0,4.0,0.342955976377926,High,Intensity reduced,0.8844960792116384,0.30334321679143084,0.9836084448284723,0.4395220243498801,matched
glycogen,polysaccharide,1162.0,1156.0,-6.0,1.1800414014359304,Medium,Shifted band,0.4815080437342707,0.5681994279109035,0.6268196307523897,0.7964625294521833,matched
glycogen,polysaccharide,1182.0,,,,None,Absent in SERS,0.229796297289641,,0.6444821607081598,,raman_only
glycogen,polysaccharide,,1196.0,,,None,SERS-only,,0.8263995667947984,,2.59210712280102,sers_only
glycogen,polysaccharide,,1212.0,,,None,SERS-only,,0.6659018523867188,,1.187565947262646,sers_only
glycogen,polysaccharide,1252.0,1254.0,2.0,1.6552551854644164,High,Intensity enhanced,0.37763346957908167,0.6250797603809491,1.3832576306571576,1.95100494760882,matched
glycogen,polysaccharide,1268.0,1270.0,2.0,0.9424004309909804,High,Strong correspondence,0.367234251157729,0.3460817175080942,0.6596305728813621,0.442557531600387,matched
glycogen,polysaccharide,1290.0,1284.0,-6.0,2.528998701958441,Medium,Intensity enhanced,0.24204233658483146,0.6121247575710255,0.6702062763665143,1.3018524700623144,matched
glycogen,polysaccharide,,1300.0,,,None,SERS-only,,0.5844861066929379,,1.100037623754867,sers_only
glycogen,polysaccharide,1334.0,1322.0,-12.0,0.7679551704304384,Low,Shifted band,1.0,0.7679551711983936,4.09428715721077,2.7166450162558253,matched
glycogen,polysaccharide,,1358.0,,,None,SERS-only,,0.6455855472069929,,0.8378554082572636,sers_only
glycogen,polysaccharide,1378.0,,,,None,Absent in SERS,0.7422461707021922,,0.690433784205874,,raman_only
glycogen,polysaccharide,,1438.0,,,None,SERS-only,,0.8069692668658661,,2.91647384820255,sers_only
glycogen,polysaccharide,1462.0,,,,None,Absent in SERS,0.4654818415605062,,1.3443878554317548,,raman_only
glycogen,polysaccharide,,1480.0,,,None,SERS-only,,0.6845256189148612,,1.3441545132271382,sers_only
glycogen,polysaccharide,,1488.0,,,None,SERS-only,,0.5603144265887731,,0.5019660899567157,sers_only
glycogen,polysaccharide,1510.0,1512.0,2.0,1.9691121535191431,High,Intensity enhanced,0.3323271952640852,0.6543895211085519,0.9044594643226588,1.3164802192730334,matched
glycogen,polysaccharide,1538.0,1526.0,-12.0,1.6913560279995938,Low,Intensity enhanced,0.2555419294192484,0.43221238442124865,0.5138804609913926,0.6292097576646154,matched
glycogen,polysaccharide,,1556.0,,,None,SERS-only,,0.2578831519574749,,0.5101024075035352,sers_only
glycogen,polysaccharide,,1568.0,,,None,SERS-only,,0.25037562020985704,,0.3967773865994,sers_only
glycogen,polysaccharide,,1582.0,,,None,SERS-only,,0.6410288216434402,,1.3155469166382678,sers_only
glycogen,polysaccharide,1598.0,1598.0,0.0,2.208343817796742,High,Intensity enhanced,0.452828037795923,1.0,0.5319709416157943,3.6726684373256018,matched
glycogen,polysaccharide,1624.0,,,,None,Absent in SERS,0.46274478610303765,,0.651814635474364,,raman_only
glycogen,polysaccharide,1650.0,1650.0,0.0,1.282705437258858,High,Strong correspondence,0.49919285695804283,0.6403173931435704,1.3875649935058143,1.3200819180712733,matched
glycogen,polysaccharide,1682.0,1682.0,0.0,1.2238487886485956,High,Strong correspondence,0.5873674455370973,0.7188489379360452,0.9242428019194957,1.9477420766645126,matched
glycogen,polysaccharide,,1702.0,,,None,SERS-only,,0.7999903084090523,,2.3423555101454405,sers_only
glycogen,polysaccharide,,1724.0,,,None,SERS-only,,0.5026965209850852,,0.7139916865376397,sers_only
glycogen,polysaccharide,1746.0,1738.0,-8.0,1.124141042192659,Medium,Shifted band,0.5469645090236722,0.614865254340408,0.46792808618948095,0.5929338513010357,matched
guanine,purine,,538.0,,,None,SERS-only,,0.23126497992246056,,1.104558879648788,sers_only
guanine,purine,562.0,,,,None,Absent in SERS,0.12009563462891307,,1.0802996475412385,,raman_only
guanine,purine,650.0,642.0,-8.0,0.9999999989999999,Medium,Shifted band,1.0,1.0,9.755239255418422,8.333360949803962,matched
guanine,purine,,792.0,,,None,SERS-only,,0.1578559648253305,,1.092472650004346,sers_only
guanine,purine,,874.0,,,None,SERS-only,,0.2536445033396153,,1.9159649629383186,sers_only
guanine,purine,938.0,,,,None,Absent in SERS,0.3326592142492225,,3.2050275610387926,,raman_only
guanine,purine,,1030.0,,,None,SERS-only,,0.2722831110891901,,1.4965304775952273,sers_only
guanine,purine,,1184.0,,,None,SERS-only,,0.28681952014855405,,2.3298715383796393,sers_only
guanine,purine,1230.0,,,,None,Absent in SERS,0.3921655883302662,,3.8116221066442604,,raman_only
guanine,purine,1264.0,1254.0,-10.0,0.5034662671015051,Low,Intensity reduced,0.261136879624307,0.1314736104904512,2.160359296794682,1.0143641826114045,matched
guanine,purine,,1332.0,,,None,SERS-only,,0.15484557158812212,,1.2191815964077628,sers_only
guanine,purine,1390.0,,,,None,Absent in SERS,0.21311002479981234,,2.063604524675171,,raman_only
guanine,purine,,1426.0,,,None,SERS-only,,0.3508459856491273,,2.790777738705607,sers_only
guanine,purine,1466.0,,,,None,Absent in SERS,0.1194125124374333,,1.1075439036939985,,raman_only
guanine,purine,,1522.0,,,None,SERS-only,,0.3156214609224436,,1.8172296730406616,sers_only
guanine,purine,1550.0,,,,None,Absent in SERS,0.2755739912252041,,2.6421442931724837,,raman_only
guanine,purine,,1614.0,,,None,SERS-only,,0.3886048552134689,,3.017364100052805,sers_only
histidine,amino_acid,538.0,532.0,-6.0,5.731740204379368,Medium,Intensity enhanced,0.13558867841207092,0.777159085044872,0.8884581189307776,2.0086299432285775,matched
histidine,amino_acid,,552.0,,,None,SERS-only,,0.5836153858520019,,1.165797982238211,sers_only
histidine,amino_acid,,578.0,,,None,SERS-only,,0.5630414380495397,,1.5202487806981695,sers_only
histidine,amino_acid,,608.0,,,None,SERS-only,,0.49663973565560043,,0.6569774359861553,sers_only
histidine,amino_acid,,626.0,,,None,SERS-only,,0.537820588072874,,0.605679897081709,sers_only
histidine,amino_acid,,644.0,,,None,SERS-only,,0.6151852624012453,,0.6541731097624528,sers_only
histidine,amino_acid,654.0,662.0,8.0,2.580463840356712,Medium,Intensity enhanced,0.2389923880009,0.6167112179372877,1.7891841229262824,2.034674039061148,matched
histidine,amino_acid,,702.0,,,None,SERS-only,,0.5065652772207028,,0.6425954949974402,sers_only
histidine,amino_acid,,712.0,,,None,SERS-only,,0.5347803289101841,,1.300225500782115,sers_only
histidine,amino_acid,728.0,736.0,8.0,4.319556853722754,Medium,Intensity enhanced,0.12309505653954746,0.5317160994543491,0.8637484595916111,0.932532902334809,matched
histidine,amino_acid,,748.0,,,None,SERS-only,,0.5003142541562903,,0.5533504278114392,sers_only
histidine,amino_acid,,764.0,,,None,SERS-only,,0.7482787971058009,,2.797025229610535,sers_only
histidine,amino_acid,778.0,780.0,2.0,5.3138137179640585,High,Intensity enhanced,0.13301909635336373,0.7068387042675008,0.8283389016866604,0.47632415373248704,matched
histidine,amino_acid,804.0,806.0,2.0,4.310515038708853,High,Intensity enhanced,0.15625287623585007,0.6735303771666599,1.104481635754723,1.6868667158638644,matched
histidine,amino_acid,,832.0,,,None,SERS-only,,0.6661291821893391,,0.9426881980342977,sers_only
histidine,amino_acid,852.0,854.0,2.0,1.3986906207542988,High,Strong correspondence,0.3368208379284419,0.47110814828380615,2.6027392822188054,0.5014970806428785,matched
histidine,amino_acid,,868.0,,,None,SERS-only,,0.5925930347089635,,1.6879841015237569,sers_only
histidine,amino_acid,,884.0,,,None,SERS-only,,0.5425622327557343,,1.302620092753739,sers_only
histidine,amino_acid,,902.0,,,None,SERS-only,,0.5856922631375806,,1.414336989343597,sers_only
histidine,amino_acid,926.0,936.0,10.0,1.8758433802328374,Low,Intensity enhanced,0.32157009859105234,0.6032151425986898,2.386274996741957,1.5757817921909152,matched
histidine,amino_acid,,952.0,,,None,SERS-only,,0.5866936556123267,,0.45430558925855186,sers_only
histidine,amino_acid,976.0,984.0,8.0,1.7457019864286456,Medium,Intensity enhanced,0.3318899953667706,0.5793810259332675,2.539194428826951,1.2040883748853486,matched
histidine,amino_acid,,1008.0,,,None,SERS-only,,0.653038583887851,,1.1074168346511615,sers_only
histidine,amino_acid,,1024.0,,,None,SERS-only,,0.775341903039518,,1.3432536313527654,sers_only
histidine,amino_acid,,1044.0,,,None,SERS-only,,0.6499909303202491,,0.7319986872542862,sers_only
histidine,amino_acid,1062.0,1058.0,-4.0,2.880936399120011,High,Intensity enhanced,0.2575429722334956,0.7419649259259682,1.7445235292659533,0.9085264089666578,matched
histidine,amino_acid,,1072.0,,,None,SERS-only,,0.8733497544627613,,3.541134248253786,sers_only
histidine,amino_acid,1088.0,,,,None,Absent in SERS,0.39816070450922886,,3.14478669844232,,raman_only
histidine,amino_acid,1114.0,1104.0,-10.0,2.333582196194612,Low,Intensity enhanced,0.25899856571979,0.6043944441372244,1.6412261807682604,1.1574067384324371,matched
histidine,amino_acid,,1156.0,,,None,SERS-only,,0.6972207559025544,,2.4306996990809573,sers_only
histidine,amino_acid,1176.0,1180.0,4.0,1.824714111905594,High,Intensity enhanced,0.3811888453019942,0.6955606671482614,2.924867709036593,0.8423040765973605,matched
histidine,amino_acid,,1196.0,,,None,SERS-only,,0.841231016844651,,3.290048672405317,sers_only
histidine,amino_acid,1220.0,1220.0,0.0,3.382296836055639,High,Intensity enhanced,0.2030160974138389,0.6866607073334875,1.5660552167797197,2.0581965828388524,matched
histidine,amino_acid,,1254.0,,,None,SERS-only,,0.6096341845676303,,1.873194323563215,sers_only
histidine,amino_acid,1272.0,1270.0,-2.0,0.8676193150730631,High,Strong correspondence,0.7453197313341229,0.6466537956781704,5.810985685029474,2.0392983159221316,matched
histidine,amino_acid,,1290.0,,,None,SERS-only,,0.6042480263458903,,1.7343898019892188,sers_only
histidine,amino_acid,1318.0,1322.0,4.0,0.7215451925500613,High,Strong correspondence,1.0,0.7215451932716066,7.98423034744096,2.3868039738329445,matched
histidine,amino_acid,,1336.0,,,None,SERS-only,,0.5377235764088565,,0.4301056669441241,sers_only
histidine,amino_acid,1350.0,1354.0,4.0,1.7339085075270353,High,Intensity enhanced,0.4039683910297498,0.7004442317123998,2.2783785943949817,1.2238387712273129,matched
histidine,amino_acid,,1376.0,,,None,SERS-only,,0.5719140850196883,,0.7061860698444304,sers_only
histidine,amino_acid,1408.0,1404.0,-4.0,3.267585113543632,High,Intensity enhanced,0.15612608230754146,0.5101552656515954,0.9997147212913073,0.5744189910285187,matched
histidine,amino_acid,,1418.0,,,None,SERS-only,,0.4843588988459134,,0.4495139924351252,sers_only
histidine,amino_acid,1430.0,1436.0,6.0,5.410098692928631,Medium,Intensity enhanced,0.17605629488117303,0.9524819362285906,1.2995000651639597,2.5696863165941437,matched
histidine,amino_acid,,1450.0,,,None,SERS-only,,0.787333067377727,,0.5396074703553724,sers_only
histidine,amino_acid,,1458.0,,,None,SERS-only,,0.5853819957855524,,0.7181693736409611,sers_only
histidine,amino_acid,,1480.0,,,None,SERS-only,,0.8219202417057101,,1.2122008165015432,sers_only
histidine,amino_acid,1498.0,1496.0,-2.0,3.842111417068819,High,Intensity enhanced,0.2340150977545427,0.8991120826913157,1.6516262527884058,1.6616165456326792,matched
histidine,amino_acid,,1512.0,,,None,SERS-only,,1.0,,4.098535371839006,sers_only
histidine,amino_acid,,1526.0,,,None,SERS-only,,0.7447217774467653,,0.8996091656533343,sers_only
histidine,amino_acid,,1556.0,,,None,SERS-only,,0.6717783948890576,,1.7100465097946298,sers_only
histidine,amino_acid,1570.0,1568.0,-2.0,1.7751430113602769,High,Intensity enhanced,0.24061126823005763,0.42711941302826284,1.8161760163015952,0.5290505057863246,matched
histidine,amino_acid,,1580.0,,,None,SERS-only,,0.8239692771104682,,2.503328340757645,sers_only
histidine,amino_acid,,1598.0,,,None,SERS-only,,0.7745654428978481,,1.8897049758543598,sers_only
histidine,amino_acid,,1620.0,,,None,SERS-only,,0.8753745660299412,,2.719503271157103,sers_only
histidine,amino_acid,,1650.0,,,None,SERS-only,,0.8980538246623949,,3.009423276544101,sers_only
histidine,amino_acid,,1664.0,,,None,SERS-only,,0.6042249541789501,,1.5151188966589935,sers_only
histidine,amino_acid,,1682.0,,,None,SERS-only,,0.8281915615845432,,2.518396110646422,sers_only
histidine,amino_acid,,1702.0,,,None,SERS-only,,0.8950506650948085,,2.774345760146296,sers_only
histidine,amino_acid,,1724.0,,,None,SERS-only,,0.7665642639713878,,1.513170457462278,sers_only
histidine,amino_acid,,1746.0,,,None,SERS-only,,0.7614373958379366,,1.1778141530784996,sers_only
hydroxyproline,amino_acid,,536.0,,,None,SERS-only,,0.6912642639978503,,1.1632798107637927,sers_only
hydroxyproline,amino_acid,,568.0,,,None,SERS-only,,0.32277852780348437,,0.439639551505394,sers_only
hydroxyproline,amino_acid,,592.0,,,None,SERS-only,,0.5437716177902193,,1.2971735874463177,sers_only
hydroxyproline,amino_acid,,626.0,,,None,SERS-only,,0.6300003132667029,,1.502069313634586,sers_only
hydroxyproline,amino_acid,,654.0,,,None,SERS-only,,0.594974378903972,,0.6644583114616215,sers_only
hydroxyproline,amino_acid,,680.0,,,None,SERS-only,,0.610320190302399,,0.9658860895175196,sers_only
hydroxyproline,amino_acid,,700.0,,,None,SERS-only,,0.508939506052555,,0.428490467796533,sers_only
hydroxyproline,amino_acid,,744.0,,,None,SERS-only,,0.4557664242536923,,0.6073013197240917,sers_only
hydroxyproline,amino_acid,,804.0,,,None,SERS-only,,0.7305565042446999,,1.638459210557477,sers_only
hydroxyproline,amino_acid,852.0,864.0,12.0,0.9999999989999999,Low,Shifted band,1.0,1.0,10.11879862724265,3.221301682398538,matched
hydroxyproline,amino_acid,880.0,892.0,12.0,3.137431580296801,Low,Intensity enhanced,0.17176231046628448,0.5388925002990963,1.0365265987065024,0.43101103208306535,matched
hydroxyproline,amino_acid,,916.0,,,None,SERS-only,,0.6635062705020786,,0.8451552165567162,sers_only
hydroxyproline,amino_acid,,932.0,,,None,SERS-only,,0.6138476613358518,,0.589220944113447,sers_only
hydroxyproline,amino_acid,958.0,948.0,-10.0,5.81915091530176,Low,Intensity enhanced,0.11689013731601758,0.680201355371403,1.129799152189607,1.349941431752015,matched
hydroxyproline,amino_acid,,1008.0,,,None,SERS-only,,0.4905757424055108,,0.7088425769267235,sers_only
hydroxyproline,amino_acid,,1034.0,,,None,SERS-only,,0.8930383562191738,,1.8039199577156069,sers_only
hydroxyproline,amino_acid,1066.0,1058.0,-8.0,3.391667380492725,Medium,Intensity enhanced,0.24595482621885112,0.8341969645529015,2.4683102815727023,0.8315549541763216,matched
hydroxyproline,amino_acid,,1090.0,,,None,SERS-only,,0.8590589427761228,,1.6404529164487798,sers_only
hydroxyproline,amino_acid,,1112.0,,,None,SERS-only,,0.9092425890670529,,2.6823943592413335,sers_only
hydroxyproline,amino_acid,,1142.0,,,None,SERS-only,,0.42108722106526786,,1.0142590801907136,sers_only
hydroxyproline,amino_acid,1186.0,1180.0,-6.0,6.790317776426539,Medium,Intensity enhanced,0.12690143147598912,0.861701052795701,1.2674015827147573,2.3030101767683586,matched
hydroxyproline,amino_acid,,1210.0,,,None,SERS-only,,0.7489697376808496,,1.1669022872746742,sers_only
hydroxyproline,amino_acid,,1248.0,,,None,SERS-only,,0.6935440160266275,,1.6065409364421688,sers_only
hydroxyproline,amino_acid,,1296.0,,,None,SERS-only,,0.6720964167003134,,0.8732899717435203,sers_only
hydroxyproline,amino_acid,1324.0,1320.0,-4.0,3.613487649389877,High,Intensity enhanced,0.24538392095773492,0.8866917713531246,2.446978791208192,2.96273523428444,matched
hydroxyproline,amino_acid,,1340.0,,,None,SERS-only,,0.6984890119819634,,0.7149542233787343,sers_only
hydroxyproline,amino_acid,,1348.0,,,None,SERS-only,,0.6411334675478371,,0.4230007470757217,sers_only
hydroxyproline,amino_acid,,1362.0,,,None,SERS-only,,0.5467911963161141,,0.6149119083618957,sers_only
hydroxyproline,amino_acid,1392.0,,,,None,Absent in SERS,0.2418390617418895,,1.9496047980372588,,raman_only
hydroxyproline,amino_acid,,1412.0,,,None,SERS-only,,0.6461215469711762,,0.657130604726888,sers_only
hydroxyproline,amino_acid,,1440.0,,,None,SERS-only,,0.7520071369684567,,2.144896925383006,sers_only
hydroxyproline,amino_acid,,1456.0,,,None,SERS-only,,0.7072950027127989,,0.6344348592117419,sers_only
hydroxyproline,amino_acid,,1474.0,,,None,SERS-only,,0.7270872529695817,,0.7495810359696095,sers_only
hydroxyproline,amino_acid,,1500.0,,,None,SERS-only,,0.6669228536353058,,1.0195239917502126,sers_only
hydroxyproline,amino_acid,,1516.0,,,None,SERS-only,,0.6175271571671094,,0.3900619379012169,sers_only
hydroxyproline,amino_acid,,1526.0,,,None,SERS-only,,0.6237970972177481,,1.605838183915612,sers_only
hydroxyproline,amino_acid,,1546.0,,,None,SERS-only,,0.4334381969796363,,0.42872221294794216,sers_only
hydroxyproline,amino_acid,,1560.0,,,None,SERS-only,,0.5189140655844668,,0.4157768852662398,sers_only
hydroxyproline,amino_acid,,1612.0,,,None,SERS-only,,0.8159735024262432,,2.0952938547913993,sers_only
hydroxyproline,amino_acid,,1648.0,,,None,SERS-only,,0.6701822854018451,,1.410787289159745,sers_only
hydroxyproline,amino_acid,,1668.0,,,None,SERS-only,,0.6122959903020941,,0.8659140642069504,sers_only
hydroxyproline,amino_acid,,1690.0,,,None,SERS-only,,0.5088493127862738,,0.9126811723148597,sers_only
hydroxyproline,amino_acid,,1710.0,,,None,SERS-only,,0.3757191295394765,,0.40878492745765543,sers_only
hydroxyproline,amino_acid,,1732.0,,,None,SERS-only,,0.6249189959225431,,0.823934205919852,sers_only
hypoxanthine,purine,618.0,628.0,10.0,0.789633928599525,Low,Shifted band,0.28535801685043755,0.2253283726926144,0.9179142483553873,1.4483275544129155,matched
hypoxanthine,purine,664.0,,,,None,Absent in SERS,0.2950749471203856,,1.3334551696610004,,raman_only
hypoxanthine,purine,720.0,724.0,4.0,0.9999999989999999,High,Strong correspondence,1.0,1.0,7.038304569043549,8.313322406674228,matched
hypoxanthine,purine,796.0,,,,None,Absent in SERS,0.19768473196217612,,1.1659376188779733,,raman_only
hypoxanthine,purine,862.0,864.0,2.0,0.47395301819865365,High,Intensity reduced,0.3586241698899493,0.16997100819228123,1.4806000244297985,0.9505835726005647,matched
hypoxanthine,purine,964.0,960.0,-4.0,0.3414878698224374,High,Intensity reduced,0.5001408949888114,0.17079204918230442,3.4984347095149193,1.3154196486004233,matched
hypoxanthine,purine,1036.0,,,,None,Absent in SERS,0.38523270160874007,,2.757129578466489,,raman_only
hypoxanthine,purine,,1050.0,,,None,SERS-only,,0.20679425355431874,,1.2583252946882058,sers_only
hypoxanthine,purine,1092.0,1096.0,4.0,0.9139115409623114,High,Strong correspondence,0.38304609257109595,0.35007024563515404,0.9265710957637208,2.861165721026371,matched
hypoxanthine,purine,,1180.0,,,None,SERS-only,,0.16438836481384428,,1.1013345332037474,sers_only
hypoxanthine,purine,1214.0,,,,None,Absent in SERS,0.2979316052897655,,1.831140442482607,,raman_only
hypoxanthine,purine,1290.0,,,,None,Absent in SERS,0.4241902101052036,,3.03902480006743,,raman_only
hypoxanthine,purine,,1328.0,,,None,SERS-only,,0.2700112454936955,,2.003285651583245,sers_only
hypoxanthine,purine,1350.0,,,,None,Absent in SERS,0.41375548091348036,,1.5362522948956054,,raman_only
hypoxanthine,purine,1436.0,,,,None,Absent in SERS,0.5696422199384863,,2.0304413368635106,,raman_only
hypoxanthine,purine,1462.0,1460.0,-2.0,0.5179488927932352,High,Intensity reduced,0.578531513465896,0.2996497573636044,4.196259919861095,2.5432772744571643,matched
hypoxanthine,purine,1508.0,,,,None,Absent in SERS,0.5271595718560435,,2.4263839598721733,,raman_only
hypoxanthine,purine,1572.0,,,,None,Absent in SERS,0.2326408711093363,,1.1335386567251449,,raman_only
hypoxanthine,purine,,1600.0,,,None,SERS-only,,0.2533321223145605,,1.8174616583232304,sers_only
hypoxanthine,purine,1678.0,,,,None,Absent in SERS,0.24795069948468576,,1.4351919744201158,,raman_only
isoleucine,amino_acid,536.0,532.0,-4.0,1.3109492959666438,High,Strong correspondence,0.6574202356770981,0.861844596426066,3.012874072328666,2.1162773909816077,matched
isoleucine,amino_acid,556.0,552.0,-4.0,1.744601657504394,High,Intensity enhanced,0.4548709258089903,0.7935685728615245,1.1370843183402526,1.6616272920007844,matched
isoleucine,amino_acid,,580.0,,,None,SERS-only,,0.5575274176974566,,1.1566980699641596,sers_only
isoleucine,amino_acid,,594.0,,,None,SERS-only,,0.3106309926287997,,0.6729195044497179,sers_only
isoleucine,amino_acid,,610.0,,,None,SERS-only,,0.5678779800354452,,0.6806755565405669,sers_only
isoleucine,amino_acid,,626.0,,,None,SERS-only,,0.5739632389023105,,0.5757949555901384,sers_only
isoleucine,amino_acid,,646.0,,,None,SERS-only,,0.7766516654045043,,2.7259011245058242,sers_only
isoleucine,amino_acid,674.0,,,,None,Absent in SERS,0.21165063761902667,,1.0751696974231604,,raman_only
isoleucine,amino_acid,,696.0,,,None,SERS-only,,0.5974163548498518,,0.9018809721140191,sers_only
isoleucine,amino_acid,710.0,714.0,4.0,2.693698540945511,High,Intensity enhanced,0.27130826431890276,0.730822678435986,1.3072186567505764,2.1444880182296244,matched
isoleucine,amino_acid,,734.0,,,None,SERS-only,,0.40004143332672526,,0.9431023532350831,sers_only
isoleucine,amino_acid,748.0,748.0,0.0,1.4293393077349292,High,Intensity enhanced,0.37650636622059275,0.5381553502808751,1.8921999195386046,0.6797278245205631,matched
isoleucine,amino_acid,768.0,764.0,-4.0,2.035063317125837,High,Intensity enhanced,0.36028948698973545,0.7332119205539606,1.5242889391729886,0.7243738069635408,matched
isoleucine,amino_acid,,780.0,,,None,SERS-only,,0.866876956103389,,3.1616962531508594,sers_only
isoleucine,amino_acid,800.0,802.0,2.0,3.137391485964728,High,Intensity enhanced,0.1831783517935332,0.5747022044674743,0.7473872124441748,0.9918412686532694,matched
isoleucine,amino_acid,824.0,830.0,6.0,1.2640527158802926,Medium,Shifted band,0.45994552204530503,0.5813953875623995,2.4434929364262135,1.1675546549984759,matched
isoleucine,amino_acid,852.0,854.0,2.0,1.2362215066603244,High,Strong correspondence,0.4976343187998268,0.6151862485888275,2.6793475300421252,0.7946589789691733,matched
isoleucine,amino_acid,874.0,870.0,-4.0,1.8299197596131018,High,Intensity enhanced,0.3588094180752027,0.6565924459010117,1.4620918567631376,2.2441041942005002,matched
isoleucine,amino_acid,,886.0,,,None,SERS-only,,0.46106387380402736,,1.0662754167495991,sers_only
isoleucine,amino_acid,,898.0,,,None,SERS-only,,0.49187123192246335,,1.2731942202341424,sers_only
isoleucine,amino_acid,922.0,932.0,10.0,0.9853318495790093,Low,Shifted band,0.6032964556289994,0.5944472134547145,3.181800996022227,0.7081918649655689,matched
isoleucine,amino_acid,,952.0,,,None,SERS-only,,0.6203557535248241,,0.753739255726029,sers_only
isoleucine,amino_acid,966.0,968.0,2.0,2.6862383488060892,High,Intensity enhanced,0.23684668266915684,0.6362266444596341,0.7124784122823287,1.7509414058065462,matched
isoleucine,amino_acid,992.0,984.0,-8.0,0.930295663286479,Medium,Shifted band,0.646575975170768,0.6015068266168873,3.5282725059333777,0.5260253947996284,matched
isoleucine,amino_acid,,1008.0,,,None,SERS-only,,0.6814711546573915,,1.96327356217959,sers_only
isoleucine,amino_acid,1034.0,1024.0,-10.0,1.3538599620843006,Low,Shifted band,0.636769215298577,0.8620963470344413,2.893058839723043,2.7011782447309445,matched
isoleucine,amino_acid,,1044.0,,,None,SERS-only,,0.7834759265642424,,1.3998943357062834,sers_only
isoleucine,amino_acid,,1058.0,,,None,SERS-only,,0.6684724699583807,,0.5563837109660609,sers_only
isoleucine,amino_acid,,1074.0,,,None,SERS-only,,0.6459075117427305,,0.682203111177452,sers_only
isoleucine,amino_acid,1088.0,,,,None,Absent in SERS,0.2216982928885648,,1.015396041071725,,raman_only
isoleucine,amino_acid,,1104.0,,,None,SERS-only,,0.5693850008742607,,1.451736018564929,sers_only
isoleucine,amino_acid,,1122.0,,,None,SERS-only,,0.4539650496239834,,0.8178719236895116,sers_only
isoleucine,amino_acid,1136.0,,,,None,Absent in SERS,0.4959788533079115,,2.5739107246958266,,raman_only
isoleucine,amino_acid,,1156.0,,,None,SERS-only,,0.9858245059296812,,3.8424388668733336,sers_only
isoleucine,amino_acid,,1176.0,,,None,SERS-only,,0.8317923584475715,,2.368677740614651,sers_only
isoleucine,amino_acid,1190.0,1196.0,6.0,2.2504978330937035,Medium,Intensity enhanced,0.3304027486769477,0.7435706721961721,1.2677890999923225,1.3841766383431717,matched
isoleucine,amino_acid,,1212.0,,,None,SERS-only,,0.4225667301735297,,0.4315491723009815,sers_only
isoleucine,amino_acid,,1222.0,,,None,SERS-only,,0.5454079420550256,,1.0127404839648113,sers_only
isoleucine,amino_acid,,1236.0,,,None,SERS-only,,0.2663735640202431,,0.5180116213376305,sers_only
isoleucine,amino_acid,,1254.0,,,None,SERS-only,,0.655527428044662,,2.274856105474915,sers_only
isoleucine,amino_acid,,1272.0,,,None,SERS-only,,0.6586494188708015,,1.31093420224147,sers_only
isoleucine,amino_acid,,1286.0,,,None,SERS-only,,0.7360910003934157,,1.7541403828033235,sers_only
isoleucine,amino_acid,,1300.0,,,None,SERS-only,,0.6639487189269608,,1.1862713714522541,sers_only
isoleucine,amino_acid,1328.0,1322.0,-6.0,0.8381953717599866,Medium,Shifted band,0.9170647048288979,0.7686793920302158,4.521287666494364,1.3468859564139488,matched
isoleucine,amino_acid,1354.0,1354.0,0.0,0.9127828130471157,High,Strong correspondence,0.907001162908805,0.8278950738296871,3.742956197135709,2.784041570073573,matched
isoleucine,amino_acid,,1376.0,,,None,SERS-only,,0.5625558959790866,,0.9423453611607513,sers_only
isoleucine,amino_acid,1396.0,1406.0,10.0,1.4930316003184307,Low,Intensity enhanced,0.4483107022895089,0.6693420467722168,1.9212550666573904,0.7672887882044543,matched
isoleucine,amino_acid,1422.0,1434.0,12.0,3.5500583535381636,Low,Intensity enhanced,0.2816855096067061,1.0,0.8517823284942732,3.590002139833344,matched
isoleucine,amino_acid,1448.0,1450.0,2.0,0.8125773038090068,High,Strong correspondence,1.0,0.8125773046215842,5.40637206110058,1.0224830664580622,matched
isoleucine,amino_acid,,1480.0,,,None,SERS-only,,0.7532979587143634,,1.8836762822313184,sers_only
isoleucine,amino_acid,,1496.0,,,None,SERS-only,,0.5415328952808882,,0.5450647005812982,sers_only
isoleucine,amino_acid,1514.0,1512.0,-2.0,3.6101421639611218,High,Intensity enhanced,0.2381347100790986,0.8597001611693534,1.1596898503455635,2.5983181862691307,matched
isoleucine,amino_acid,,1526.0,,,None,SERS-only,,0.5848970411324435,,0.4060302093748063,sers_only
isoleucine,amino_acid,,1556.0,,,None,SERS-only,,0.6109540688819103,,1.0454920564631838,sers_only
isoleucine,amino_acid,,1566.0,,,None,SERS-only,,0.541263806111082,,0.5085486809721047,sers_only
isoleucine,amino_acid,,1580.0,,,None,SERS-only,,0.9614735869679243,,3.3462228950158948,sers_only
isoleucine,amino_acid,,1600.0,,,None,SERS-only,,0.743259297759906,,1.8723013440034988,sers_only
isoleucine,amino_acid,1620.0,1620.0,0.0,2.6965185993591234,High,Intensity enhanced,0.23429698016602352,0.6317861674878766,0.9607951545428,1.6476508482863634,matched
isoleucine,amino_acid,,1648.0,,,None,SERS-only,,0.8685205758295884,,2.6261982651073024,sers_only
isoleucine,amino_acid,,1664.0,,,None,SERS-only,,0.6151929522253137,,1.0620510990425194,sers_only
isoleucine,amino_acid,,1682.0,,,None,SERS-only,,0.961816671962035,,3.2885036294891377,sers_only
isoleucine,amino_acid,,1702.0,,,None,SERS-only,,0.9608744715419846,,3.0051511381523417,sers_only
isoleucine,amino_acid,,1724.0,,,None,SERS-only,,0.6096191159148723,,1.0310349685628213,sers_only
lactate,organic_acid,,526.0,,,None,SERS-only,,0.5587636208992793,,1.0676203326445706,sers_only
lactate,organic_acid,554.0,550.0,-4.0,1.668627213194592,High,Intensity enhanced,0.20398476577603467,0.34037453291964354,1.2792446294301787,0.6801667751935961,matched
lactate,organic_acid,632.0,620.0,-12.0,2.920526325315912,Low,Intensity enhanced,0.18091258830761128,0.5283599796539448,0.929797341785378,0.9291492069829351,matched
lactate,organic_acid,,664.0,,,None,SERS-only,,0.6538266697207107,,2.110364194832229,sers_only
lactate,organic_acid,,700.0,,,None,SERS-only,,0.4343885196105552,,0.49580111335159677,sers_only
lactate,organic_acid,,716.0,,,None,SERS-only,,0.5703238713931769,,1.235249787700873,sers_only
lactate,organic_acid,,766.0,,,None,SERS-only,,0.5417707912465305,,1.2192232446803768,sers_only
lactate,organic_acid,780.0,,,,None,Absent in SERS,0.14023201510056482,,0.7820658909452771,,raman_only
lactate,organic_acid,,804.0,,,None,SERS-only,,0.6508839140092274,,2.124804908376769,sers_only
lactate,organic_acid,,822.0,,,None,SERS-only,,0.5253382534006358,,0.5294209575538418,sers_only
lactate,organic_acid,852.0,860.0,8.0,1.2916939147368751,Medium,Shifted band,0.5300041936956473,0.6846031930733856,3.670249675035792,2.4889752243947068,matched
lactate,organic_acid,876.0,,,,None,Absent in SERS,0.46431449002930025,,2.6091532365080914,,raman_only
lactate,organic_acid,916.0,928.0,12.0,1.8408856331164052,Low,Intensity enhanced,0.2948904332170607,0.5428595636936455,1.7165362061640335,0.5417220699249985,matched
lactate,organic_acid,954.0,946.0,-8.0,3.4596535929886114,Medium,Intensity enhanced,0.19677493348410982,0.6807731090980491,1.1908239892405925,1.7723549667490053,matched
lactate,organic_acid,,982.0,,,None,SERS-only,,0.23701059531321755,,0.5772151886427663,sers_only
lactate,organic_acid,1020.0,1018.0,-2.0,2.1694013620396233,High,Intensity enhanced,0.3344084925630768,0.7254662414133575,0.8602707092669394,1.1810558374855709,matched
lactate,organic_acid,1054.0,1050.0,-4.0,1.785060361750491,High,Intensity enhanced,0.3790383504669186,0.6766063367868475,1.9578152575666814,0.5076754020924469,matched
lactate,organic_acid,,1074.0,,,None,SERS-only,,0.7214118808891606,,0.7260334338100014,sers_only
lactate,organic_acid,1088.0,,,,None,Absent in SERS,1.0,,7.164707028551566,,raman_only
lactate,organic_acid,1120.0,1108.0,-12.0,1.7872184155006634,Low,Intensity enhanced,0.5229756280858853,0.9346716751603384,2.1352178320697512,3.66587966328771,matched
lactate,organic_acid,1140.0,,,,None,Absent in SERS,0.4923657215198395,,0.8348549373034049,,raman_only
lactate,organic_acid,,1166.0,,,None,SERS-only,,0.8000376598965975,,0.8182952350698778,sers_only
lactate,organic_acid,,1188.0,,,None,SERS-only,,0.8192725286737047,,2.5745585544240117,sers_only
lactate,organic_acid,,1210.0,,,None,SERS-only,,0.7551886978815081,,0.626499762640633,sers_only
lactate,organic_acid,,1248.0,,,None,SERS-only,,0.5901688349046122,,1.383696494251136,sers_only
lactate,organic_acid,1264.0,1268.0,4.0,1.0073658489234896,High,Strong correspondence,0.4172654993366249,0.42033901497308873,2.861412252707572,0.552702335469705,matched
lactate,organic_acid,1332.0,1322.0,-10.0,2.293379274992373,Low,Intensity enhanced,0.40592880153752003,0.9309487028620199,2.657189554908647,3.7057780981713493,matched
lactate,organic_acid,,1354.0,,,None,SERS-only,,0.7757784196304364,,0.4167074332056391,sers_only
lactate,organic_acid,,1394.0,,,None,SERS-only,,0.34042726276315477,,1.386582361481246,sers_only
lactate,organic_acid,1416.0,1426.0,10.0,2.6351926324367434,Low,Intensity enhanced,0.18021919553792623,0.47491229894041265,0.7854117346022159,0.5962146889281598,matched
lactate,organic_acid,,1440.0,,,None,SERS-only,,0.6591811008182247,,0.8193800678464794,sers_only
lactate,organic_acid,1470.0,1464.0,-6.0,4.269465554640527,Medium,Intensity enhanced,0.20938636093640664,0.8939678598989825,1.0744385374725784,3.6869477730494626,matched
lactate,organic_acid,,1500.0,,,None,SERS-only,,0.8110523072837823,,1.0009024524894146,sers_only
lactate,organic_acid,,1520.0,,,None,SERS-only,,0.5903490415542219,,1.0248285028446826,sers_only
lactate,organic_acid,,1606.0,,,None,SERS-only,,1.0,,2.98039184267026,sers_only
lactate,organic_acid,,1638.0,,,None,SERS-only,,0.8383072467930198,,1.0477840284783264,sers_only
lactate,organic_acid,,1658.0,,,None,SERS-only,,0.877826541279814,,1.7078115715702038,sers_only
lactate,organic_acid,,1682.0,,,None,SERS-only,,0.6995673188382894,,1.466267074765159,sers_only
lactate,organic_acid,,1698.0,,,None,SERS-only,,0.6215124099570012,,0.8759415373621686,sers_only
lactate,organic_acid,,1734.0,,,None,SERS-only,,0.6839742794277608,,1.1023594899299074,sers_only
leucine,amino_acid,534.0,,,,None,Absent in SERS,0.6952104409968781,,3.139991750682832,,raman_only
leucine,amino_acid,,554.0,,,None,SERS-only,,0.354805764927981,,0.7836092402917187,sers_only
leucine,amino_acid,,576.0,,,None,SERS-only,,0.48916012303321954,,1.5959140224521902,sers_only
leucine,amino_acid,,604.0,,,None,SERS-only,,0.32976401491203444,,0.8011412183156744,sers_only
leucine,amino_acid,,634.0,,,None,SERS-only,,0.49451038942640835,,1.2271841429119081,sers_only
leucine,amino_acid,670.0,676.0,6.0,1.5903373122857292,Medium,Intensity enhanced,0.3395054774230717,0.5399282300616285,1.7027893374526353,1.8907180336260059,matched
leucine,amino_acid,,706.0,,,None,SERS-only,,0.43281702180626896,,1.4280076032464353,sers_only
leucine,amino_acid,,728.0,,,None,SERS-only,,0.44681651327533367,,1.2682914372457557,sers_only
leucine,amino_acid,772.0,764.0,-8.0,3.178610956232091,Medium,Intensity enhanced,0.1571072096689879,0.49938270113550814,0.6865268868944443,1.9055511774483578,matched
leucine,amino_acid,,792.0,,,None,SERS-only,,0.7292739694288723,,1.0858187330231783,sers_only
leucine,amino_acid,,808.0,,,None,SERS-only,,0.7340218355491611,,3.144610890387579,sers_only
leucine,amino_acid,846.0,848.0,2.0,0.5899375658987301,High,Intensity reduced,0.8520073342288709,0.5026311334727834,4.756374921087949,1.1756624212506264,matched
leucine,amino_acid,,870.0,,,None,SERS-only,,0.6191044425388125,,1.6769357468369979,sers_only
leucine,amino_acid,,904.0,,,None,SERS-only,,0.6102183610377733,,0.929647550879396,sers_only
leucine,amino_acid,922.0,920.0,-2.0,1.0385417647241653,High,Strong correspondence,0.4797350401403961,0.498224876225967,2.6659290766963926,0.5558522422765497,matched
leucine,amino_acid,946.0,952.0,6.0,2.036033030920573,Medium,Intensity enhanced,0.3394750398782112,0.6911823964011498,1.1094993049655204,2.5303227696621953,matched
leucine,amino_acid,964.0,,,,None,Absent in SERS,0.3405595003140045,,1.202879872026876,,raman_only
leucine,amino_acid,,980.0,,,None,SERS-only,,0.3486839257307196,,0.7765199639434454,sers_only
leucine,amino_acid,,1016.0,,,None,SERS-only,,0.41221043983728245,,0.5990501016120331,sers_only
leucine,amino_acid,1030.0,1034.0,4.0,3.3757258862676,High,Intensity enhanced,0.2352511838190271,0.7941435143687132,1.0644762430797174,1.4829411902061262,matched
leucine,amino_acid,,1058.0,,,None,SERS-only,,0.7176694502599684,,1.0457516935530302,sers_only
leucine,amino_acid,,1070.0,,,None,SERS-only,,0.9424762247274933,,4.268917934836396,sers_only
leucine,amino_acid,1082.0,1092.0,10.0,2.2628998654441896,Low,Intensity enhanced,0.30049495636304047,0.6799899985834819,1.519453032917676,1.7769414622865307,matched
leucine,amino_acid,,1110.0,,,None,SERS-only,,0.5805739569527322,,0.759981137390917,sers_only
leucine,amino_acid,1130.0,1134.0,4.0,0.9497150380139657,High,Strong correspondence,0.2894669482140609,0.27491111467661855,1.3526726823700592,0.5778106449733773,matched
leucine,amino_acid,,1146.0,,,None,SERS-only,,0.2927151036403699,,0.7036306933201274,sers_only
leucine,amino_acid,,1158.0,,,None,SERS-only,,0.4271312693480361,,1.2366752040025404,sers_only
leucine,amino_acid,1188.0,1178.0,-10.0,1.5223099913513132,Low,Intensity enhanced,0.36713750175378007,0.5588970886418497,1.9160140174647622,0.7715110384486585,matched
leucine,amino_acid,,1204.0,,,None,SERS-only,,0.6227092214248349,,2.260503432537286,sers_only
leucine,amino_acid,,1220.0,,,None,SERS-only,,0.6170193025305852,,0.9221312267159402,sers_only
leucine,amino_acid,1238.0,,,,None,Absent in SERS,0.1417288879800174,,0.6717856638642395,,raman_only
leucine,amino_acid,,1252.0,,,None,SERS-only,,0.5357761220891928,,1.7408741903028915,sers_only
leucine,amino_acid,,1284.0,,,None,SERS-only,,0.46976594227297064,,1.0686986484995231,sers_only
leucine,amino_acid,1298.0,1296.0,-2.0,1.4921713462106652,High,Intensity enhanced,0.25486890853501926,0.38030808384811393,0.8970546090290294,0.8218744067050038,matched
leucine,amino_acid,,1312.0,,,None,SERS-only,,0.5997748199707389,,1.0417230120991123,sers_only
leucine,amino_acid,1342.0,1348.0,6.0,0.8714673078902506,Medium,Shifted band,0.9142149855522029,0.79670847316357,5.031361682276895,3.168032709852797,matched
leucine,amino_acid,,1394.0,,,None,SERS-only,,0.48893819157273094,,1.5737221893908422,sers_only
leucine,amino_acid,1410.0,,,,None,Absent in SERS,0.34294332244503345,,1.3920196000001428,,raman_only
leucine,amino_acid,,1440.0,,,None,SERS-only,,0.6524670942805338,,0.5102940637323202,sers_only
leucine,amino_acid,1456.0,1454.0,-2.0,0.6640350695421579,High,Intensity reduced,1.0,0.664035070206193,5.771450160806191,0.8182318874304962,matched
leucine,amino_acid,,1466.0,,,None,SERS-only,,0.7494728947464168,,2.8575767893079735,sers_only
leucine,amino_acid,,1488.0,,,None,SERS-only,,0.6356838414287028,,0.7566512438385663,sers_only
leucine,amino_acid,,1522.0,,,None,SERS-only,,0.5967516959686276,,1.441794821177944,sers_only
leucine,amino_acid,,1538.0,,,None,SERS-only,,0.46939906660439634,,0.5031540811091328,sers_only
leucine,amino_acid,,1564.0,,,None,SERS-only,,0.3153658277911756,,0.5905751721192891,sers_only
leucine,amino_acid,,1586.0,,,None,SERS-only,,0.46886264893838414,,0.5251948791279691,sers_only
leucine,amino_acid,,1614.0,,,None,SERS-only,,1.0,,4.4724081155729225,sers_only
leucine,amino_acid,1630.0,,,,None,Absent in SERS,0.188782540642612,,0.833100302085879,,raman_only
leucine,amino_acid,,1676.0,,,None,SERS-only,,0.5409842121179477,,1.342585479406896,sers_only
leucine,amino_acid,,1688.0,,,None,SERS-only,,0.46984876464459824,,0.6827645122209248,sers_only
leucine,amino_acid,,1718.0,,,None,SERS-only,,0.6098064287896102,,1.5415134125182401,sers_only
leucine,amino_acid,,1736.0,,,None,SERS-only,,0.5539244932566811,,0.8998066829676346,sers_only
leucine,amino_acid,,1748.0,,,None,SERS-only,,0.6218309591922592,,0.9811564681259265,sers_only
mannose,saccharide,530.0,,,,None,Absent in SERS,0.914512337510511,,3.581461650169905,,raman_only
mannose,saccharide,576.0,564.0,-12.0,1.4442530761515886,Low,Intensity enhanced,0.35820447151901474,0.5173379113268443,1.3640928746306296,1.7856846567634677,matched
mannose,saccharide,,594.0,,,None,SERS-only,,0.6077660773283845,,2.3538037671345386,sers_only
mannose,saccharide,,620.0,,,None,SERS-only,,0.5774819067877821,,1.2738202672974195,sers_only
mannose,saccharide,,648.0,,,None,SERS-only,,0.6909066986553414,,1.5548684879164818,sers_only
mannose,saccharide,664.0,672.0,8.0,1.710313018783379,Medium,Intensity enhanced,0.49637621894997563,0.8489587111949254,2.364574249762853,3.4664636339757413,matched
mannose,saccharide,684.0,690.0,6.0,1.6220202246663478,Medium,Intensity enhanced,0.42662912407558845,0.6920010693043134,0.5213684823385216,0.9998070827247129,matched
mannose,saccharide,,718.0,,,None,SERS-only,,0.7076456714544078,,2.1326956931881553,sers_only
mannose,saccharide,,754.0,,,None,SERS-only,,0.6021157973268382,,0.962182185242283,sers_only
mannose,saccharide,,770.0,,,None,SERS-only,,0.5937738422372917,,0.801711426783438,sers_only
mannose,saccharide,,806.0,,,None,SERS-only,,0.7614046631016953,,2.127743998715393,sers_only
mannose,saccharide,830.0,,,,None,Absent in SERS,1.0,,4.979083258329337,,raman_only
mannose,saccharide,,854.0,,,None,SERS-only,,0.8089294419737101,,3.279883871319682,sers_only
mannose,saccharide,882.0,872.0,-10.0,0.8395785750431776,Low,Shifted band,0.9355603279283777,0.7854764078286138,4.475177702661194,0.8510088880885177,matched
mannose,saccharide,,894.0,,,None,SERS-only,,0.7273753713299028,,1.2259545550645183,sers_only
mannose,saccharide,914.0,,,,None,Absent in SERS,0.5044850643779244,,2.277481884424052,,raman_only
mannose,saccharide,,928.0,,,None,SERS-only,,0.5985453802335938,,0.44657731133828943,sers_only
mannose,saccharide,,938.0,,,None,SERS-only,,0.6022235163884224,,1.394525383135378,sers_only
mannose,saccharide,968.0,968.0,0.0,1.0006339557831496,High,Strong correspondence,0.4637422558547581,0.4640362489403821,2.188347646294898,0.8605275345014274,matched
mannose,saccharide,,1002.0,,,None,SERS-only,,0.5523618822986053,,1.0939825258026707,sers_only
mannose,saccharide,1020.0,1032.0,12.0,2.1299611706402506,Low,Intensity enhanced,0.3558241866301387,0.7578917032268064,0.8044405073255352,0.7466818360855986,matched
mannose,saccharide,,1040.0,,,None,SERS-only,,0.7069501004779282,,0.493373181568572,sers_only
mannose,saccharide,,1056.0,,,None,SERS-only,,0.808919646168899,,3.400460600038622,sers_only
mannose,saccharide,1082.0,1084.0,2.0,0.6409556218087498,High,Intensity reduced,0.9889604723608463,0.6338797751472767,4.904694992094803,0.4508002905987046,matched
mannose,saccharide,,1114.0,,,None,SERS-only,,0.6970808308399791,,0.803898178158799,sers_only
mannose,saccharide,1138.0,1144.0,6.0,0.67692774480059,Medium,Intensity reduced,0.4930550662146745,0.33376265471213296,0.9897277333007681,1.2652834589774908,matched
mannose,saccharide,,1168.0,,,None,SERS-only,,0.6216982840858505,,0.4549193518228545,sers_only
mannose,saccharide,,1178.0,,,None,SERS-only,,0.9328403807782234,,3.2424729085007593,sers_only
mannose,saccharide,,1206.0,,,None,SERS-only,,0.7485567673394687,,1.1301612996788348,sers_only
mannose,saccharide,,1228.0,,,None,SERS-only,,0.48284256505184814,,0.7739754418041491,sers_only
mannose,saccharide,1240.0,1242.0,2.0,1.621333835316629,High,Intensity enhanced,0.3298937687204855,0.5348679309079756,0.7155167728483997,0.6317886666202992,matched
mannose,saccharide,,1258.0,,,None,SERS-only,,0.6468865477791493,,1.4497176564030028,sers_only
mannose,saccharide,1280.0,1272.0,-8.0,1.4052192480160517,Medium,Intensity enhanced,0.3562077739036186,0.5005500215875339,1.658314960227937,0.4296661497189689,matched
mannose,saccharide,,1296.0,,,None,SERS-only,,0.7153954234271277,,0.762865678419915,sers_only
mannose,saccharide,1312.0,1320.0,8.0,2.7888813404333885,Medium,Intensity enhanced,0.3164388454768585,0.8825103943275765,0.9335508505819041,2.6216823211386435,matched
mannose,saccharide,,1344.0,,,None,SERS-only,,0.7854759449476699,,1.2957373777060472,sers_only
mannose,saccharide,1358.0,,,,None,Absent in SERS,0.45289588353375204,,1.8950829487623904,,raman_only
mannose,saccharide,,1380.0,,,None,SERS-only,,0.6010221231231423,,1.7608977850409917,sers_only
mannose,saccharide,,1440.0,,,None,SERS-only,,0.7587789310635186,,1.0060389021028113,sers_only
mannose,saccharide,1458.0,1464.0,6.0,1.8000113451571829,Medium,Intensity enhanced,0.4714433672516246,0.84860341145204,2.190741492169538,2.3116364172480175,matched
mannose,saccharide,,1486.0,,,None,SERS-only,,0.8535531560665417,,2.715405686603093,sers_only
mannose,saccharide,,1510.0,,,None,SERS-only,,0.7261299934342021,,1.3346775067896428,sers_only
mannose,saccharide,,1528.0,,,None,SERS-only,,0.47731554808838383,,0.8130891797624662,sers_only
mannose,saccharide,,1568.0,,,None,SERS-only,,0.4355185508864724,,0.5337596111106186,sers_only
mannose,saccharide,,1600.0,,,None,SERS-only,,1.0,,3.8722709123114667,sers_only
mannose,saccharide,,1644.0,,,None,SERS-only,,0.49051869762874933,,0.9215286442033288,sers_only
mannose,saccharide,,1668.0,,,None,SERS-only,,0.7527973928914726,,2.4124937282061216,sers_only
mannose,saccharide,,1700.0,,,None,SERS-only,,0.56135379074881,,0.7081040410932569,sers_only
mannose,saccharide,,1726.0,,,None,SERS-only,,0.607878984293572,,1.5709749193420528,sers_only
methionine,amino_acid,,528.0,,,None,SERS-only,,0.7042522742508915,,1.0117767459068538,sers_only
methionine,amino_acid,544.0,546.0,2.0,1.4617615819334386,High,Intensity enhanced,0.3626950934137464,0.5301737549697358,2.266021211091753,0.3936248518508588,matched
methionine,amino_acid,,570.0,,,None,SERS-only,,0.4757211440475043,,0.35802682770281213,sers_only
methionine,amino_acid,,592.0,,,None,SERS-only,,0.3570937880221829,,0.4727000316773733,sers_only
methionine,amino_acid,,610.0,,,None,SERS-only,,0.4376315317276518,,0.7173204308418714,sers_only
methionine,amino_acid,644.0,646.0,2.0,1.635116074649693,High,Intensity enhanced,0.3679611751446373,0.6016592339611037,2.4554909680069277,0.667015691938974,matched
methionine,amino_acid,682.0,686.0,4.0,2.0308021353784698,High,Intensity enhanced,0.3517404020001446,0.7143151615115773,2.1760820211661622,2.07794184733992,matched
methionine,amino_acid,720.0,722.0,2.0,0.630772503407409,High,Intensity reduced,1.0,0.6307725040381815,8.6692976291512,1.9001351764005532,matched
methionine,amino_acid,764.0,752.0,-12.0,1.567967799706335,Low,Intensity enhanced,0.3286286697996407,0.5152791738741302,2.2618977178353745,0.8328204996172236,matched
methionine,amino_acid,,798.0,,,None,SERS-only,,0.7978877466356883,,0.4429508080140393,sers_only
methionine,amino_acid,804.0,810.0,6.0,4.383445189511883,Medium,Intensity enhanced,0.1902054284098599,0.8337550745656924,1.2749494772367451,2.497589779142287,matched
methionine,amino_acid,,846.0,,,None,SERS-only,,0.6152479068387471,,0.9062875733153806,sers_only
methionine,amino_acid,,864.0,,,None,SERS-only,,0.7340966205119123,,0.43838851938173545,sers_only
methionine,amino_acid,876.0,874.0,-2.0,2.2516327409276813,High,Intensity enhanced,0.3560852322915643,0.8017731698401579,3.0275099702865536,1.905054658242856,matched
methionine,amino_acid,,898.0,,,None,SERS-only,,0.4963226216187512,,0.5982122946099183,sers_only
methionine,amino_acid,,914.0,,,None,SERS-only,,0.5479312639289196,,0.8346788361149671,sers_only
methionine,amino_acid,,940.0,,,None,SERS-only,,0.6769689163869445,,0.6556515276089102,sers_only
methionine,amino_acid,954.0,960.0,6.0,4.292623690889831,Medium,Intensity enhanced,0.1641536617421481,0.7046499016332844,1.1576214836272563,1.4806631064440592,matched
methionine,amino_acid,,984.0,,,None,SERS-only,,0.6571961943811456,,0.985338410877483,sers_only
methionine,amino_acid,,1022.0,,,None,SERS-only,,0.885811901773134,,1.0556312859995258,sers_only
methionine,amino_acid,,1030.0,,,None,SERS-only,,0.8657930147071523,,0.381105086697467,sers_only
methionine,amino_acid,1070.0,1060.0,-10.0,6.127742693102267,Low,Intensity enhanced,0.16319222982353906,1.0,0.9123174111163321,3.3555874422925633,matched
methionine,amino_acid,,1090.0,,,None,SERS-only,,0.805044255889259,,0.36503539990798983,sers_only
methionine,amino_acid,,1104.0,,,None,SERS-only,,0.8731312792665633,,0.9247530057236876,sers_only
methionine,amino_acid,,1150.0,,,None,SERS-only,,0.4280635850328154,,0.5842230144577438,sers_only
methionine,amino_acid,,1172.0,,,None,SERS-only,,0.6622600312498197,,0.6917781831952019,sers_only
methionine,amino_acid,,1188.0,,,None,SERS-only,,0.8362546068414376,,2.028895723386656,sers_only
methionine,amino_acid,,1210.0,,,None,SERS-only,,0.7113432072952496,,0.4263990285763543,sers_only
methionine,amino_acid,,1256.0,,,None,SERS-only,,0.6327992581447629,,0.5142508657680267,sers_only
methionine,amino_acid,,1268.0,,,None,SERS-only,,0.6560122631737261,,1.3101288059412015,sers_only
methionine,amino_acid,,1302.0,,,None,SERS-only,,0.6933778766619629,,0.6557169459141078,sers_only
methionine,amino_acid,,1312.0,,,None,SERS-only,,0.7529901102389027,,0.7208390026489108,sers_only
methionine,amino_acid,,1330.0,,,None,SERS-only,,0.8904006969820274,,2.805865774385119,sers_only
methionine,amino_acid,1354.0,1358.0,4.0,2.649090191783944,High,Intensity enhanced,0.3198182664354243,0.847227435416517,2.5153913538303545,1.178827223580961,matched
methionine,amino_acid,,1380.0,,,None,SERS-only,,0.5093576411854143,,0.9083288572693752,sers_only
methionine,amino_acid,,1406.0,,,None,SERS-only,,0.5560597711789838,,0.8977735439569864,sers_only
methionine,amino_acid,,1424.0,,,None,SERS-only,,0.6932078328718229,,1.1888716403627297,sers_only
methionine,amino_acid,1446.0,1444.0,-2.0,2.3171441573184253,High,Intensity enhanced,0.3681464664476113,0.8530484360836504,3.161547643613413,2.154120674329196,matched
methionine,amino_acid,,1464.0,,,None,SERS-only,,0.8409349469965538,,1.2188984653975201,sers_only
methionine,amino_acid,,1484.0,,,None,SERS-only,,0.6306719462195927,,0.8250688930669711,sers_only
methionine,amino_acid,,1532.0,,,None,SERS-only,,0.4680374432052914,,0.6609030906275373,sers_only
methionine,amino_acid,,1564.0,,,None,SERS-only,,0.34394258065063793,,0.6779124391508524,sers_only
methionine,amino_acid,,1606.0,,,None,SERS-only,,0.8743755961476923,,2.155913801190346,sers_only
methionine,amino_acid,,1640.0,,,None,SERS-only,,0.67980200993104,,0.7299884191391064,sers_only
methionine,amino_acid,,1656.0,,,None,SERS-only,,0.5348684570760995,,0.4243509843666256,sers_only
methionine,amino_acid,,1664.0,,,None,SERS-only,,0.5255287152877512,,0.3843793265976929,sers_only
methionine,amino_acid,,1678.0,,,None,SERS-only,,0.701523934335101,,1.023615438527385,sers_only
methionine,amino_acid,,1702.0,,,None,SERS-only,,0.5229505882771791,,0.7038135986325795,sers_only
methionine,amino_acid,,1720.0,,,None,SERS-only,,0.6421754605296356,,0.805037741166752,sers_only
methionine,amino_acid,,1742.0,,,None,SERS-only,,0.7407461847208503,,0.8061428579990366,sers_only
n-acetylglucosamine,saccharide,526.0,522.0,-4.0,2.502863490098725,High,Intensity enhanced,0.39907759134533,0.9988367355976291,1.112819826106695,2.3520832864271948,matched
n-acetylglucosamine,saccharide,554.0,548.0,-6.0,2.388665589551727,Medium,Intensity enhanced,0.255234682424596,0.6096703055564611,0.7386506455717963,1.6656816214860424,matched
n-acetylglucosamine,saccharide,578.0,,,,None,Absent in SERS,0.8168785071636587,,4.471817659989368,,raman_only
n-acetylglucosamine,saccharide,,604.0,,,None,SERS-only,,0.38652920626460413,,0.9304395634446193,sers_only
n-acetylglucosamine,saccharide,626.0,622.0,-4.0,2.7278249588613774,High,Intensity enhanced,0.2603728507232006,0.7102515635404593,0.877965549727783,2.179103430562212,matched
n-acetylglucosamine,saccharide,,660.0,,,None,SERS-only,,0.550158774013522,,1.3621880701867637,sers_only
n-acetylglucosamine,saccharide,,686.0,,,None,SERS-only,,0.736760789129935,,2.29588542434393,sers_only
n-acetylglucosamine,saccharide,700.0,,,,None,Absent in SERS,0.19367329351608306,,0.7844367587351656,,raman_only
n-acetylglucosamine,saccharide,,732.0,,,None,SERS-only,,0.5609136774024761,,1.178449893304017,sers_only
n-acetylglucosamine,saccharide,,766.0,,,None,SERS-only,,0.548283354884962,,1.4312031031712105,sers_only
n-acetylglucosamine,saccharide,788.0,782.0,-6.0,1.0114386744943695,Medium,Shifted band,0.4964352978561199,0.5021138606472502,2.5795729704293002,0.6961553027832494,matched
n-acetylglucosamine,saccharide,,804.0,,,None,SERS-only,,0.8257741090594273,,1.8686951107059997,sers_only
n-acetylglucosamine,saccharide,,828.0,,,None,SERS-only,,0.9148944706126095,,3.6056250970471853,sers_only
n-acetylglucosamine,saccharide,866.0,862.0,-4.0,1.4478720983531814,High,Intensity enhanced,0.5411744529741447,0.783551392250682,2.8542014860015423,1.8642779478487361,matched
n-acetylglucosamine,saccharide,,886.0,,,None,SERS-only,,0.7728360325163058,,2.3033331032216133,sers_only
n-acetylglucosamine,saccharide,,912.0,,,None,SERS-only,,0.5819939469629047,,1.6071992340709578,sers_only
n-acetylglucosamine,saccharide,928.0,936.0,8.0,1.2954620056304946,Medium,Shifted band,0.420601342509772,0.5448730600340499,2.0712412528204496,1.479733604940007,matched
n-acetylglucosamine,saccharide,,950.0,,,None,SERS-only,,0.41877772524953993,,0.5359392904339807,sers_only
n-acetylglucosamine,saccharide,974.0,,,,None,Absent in SERS,1.0,,5.529512342755705,,raman_only
n-acetylglucosamine,saccharide,1002.0,992.0,-10.0,1.1578190033257934,Low,Shifted band,0.4545255739612446,0.5262583481877114,1.4499577793094611,0.48499892904775005,matched
n-acetylglucosamine,saccharide,1020.0,1018.0,-2.0,1.3170609112052245,High,Strong correspondence,0.49419447774953346,0.6508842304944515,0.5725722578061119,1.6353805937716945,matched
n-acetylglucosamine,saccharide,1042.0,1034.0,-8.0,1.1873910766034217,Medium,Shifted band,0.5066306099214757,0.6015686665423002,2.3108540298461913,0.7479031210691454,matched
n-acetylglucosamine,saccharide,,1056.0,,,None,SERS-only,,0.635744375229446,,1.0574808885280835,sers_only
n-acetylglucosamine,saccharide,,1078.0,,,None,SERS-only,,0.6117095075253267,,1.1133772907409627,sers_only
n-acetylglucosamine,saccharide,1092.0,1096.0,4.0,1.2217098903901986,High,Strong correspondence,0.44353606599428075,0.5418723997916826,1.1834003153597428,0.7532322122216177,matched
n-acetylglucosamine,saccharide,1126.0,1128.0,2.0,0.9294463921430011,High,Strong correspondence,0.8243460236516968,0.766185438489945,4.373180453531013,2.4965433012152656,matched
n-acetylglucosamine,saccharide,,1148.0,,,None,SERS-only,,0.674745103625983,,1.2894497787390962,sers_only
n-acetylglucosamine,saccharide,,1170.0,,,None,SERS-only,,0.620640965424316,,2.0868541268963154,sers_only
n-acetylglucosamine,saccharide,,1194.0,,,None,SERS-only,,0.5860869593715357,,1.6468372003726794,sers_only
n-acetylglucosamine,saccharide,,1220.0,,,None,SERS-only,,0.5332033550671451,,1.110519282932446,sers_only
n-acetylglucosamine,saccharide,,1242.0,,,None,SERS-only,,0.5987653361078996,,1.5626701870901174,sers_only
n-acetylglucosamine,saccharide,1258.0,1266.0,8.0,1.206383998676662,Medium,Shifted band,0.579447774387143,0.6990365242958378,2.272935396773618,0.9278995967027156,matched
n-acetylglucosamine,saccharide,,1284.0,,,None,SERS-only,,1.0,,4.257444518219044,sers_only
n-acetylglucosamine,saccharide,,1306.0,,,None,SERS-only,,0.6756662714874813,,0.9346918941852216,sers_only
n-acetylglucosamine,saccharide,1320.0,1330.0,10.0,1.1588726680128831,Low,Shifted band,0.6451325733290927,0.7476265076347752,2.4231533882452876,2.7148103626799864,matched
n-acetylglucosamine,saccharide,,1350.0,,,None,SERS-only,,0.6793292465974576,,1.8050378763492225,sers_only
n-acetylglucosamine,saccharide,1380.0,1370.0,-10.0,0.6864871217808434,Low,Intensity reduced,0.6507888899561178,0.4467581926394124,3.4935503024348113,1.5676826906632064,matched
n-acetylglucosamine,saccharide,,1396.0,,,None,SERS-only,,0.6484262863985015,,1.571354986723204,sers_only
n-acetylglucosamine,saccharide,1434.0,1428.0,-6.0,1.6643953289584967,Medium,Intensity enhanced,0.3790334181048634,0.630861452277303,1.9179582351827222,0.8501378320539936,matched
n-acetylglucosamine,saccharide,,1444.0,,,None,SERS-only,,0.6705805363677488,,1.0983411172419673,sers_only
n-acetylglucosamine,saccharide,1472.0,1464.0,-8.0,2.1424363123810477,Medium,Intensity enhanced,0.32338097115949466,0.6928231374875861,1.3019874665307642,2.3155607097780484,matched
n-acetylglucosamine,saccharide,,1486.0,,,None,SERS-only,,0.6575570820817489,,0.6937843484464452,sers_only
n-acetylglucosamine,saccharide,,1506.0,,,None,SERS-only,,0.5783528280767531,,1.6950301773015672,sers_only
n-acetylglucosamine,saccharide,,1544.0,,,None,SERS-only,,0.7316586610156189,,3.124338974017499,sers_only
n-acetylglucosamine,saccharide,,1570.0,,,None,SERS-only,,0.5639109974581603,,1.7061722980771956,sers_only
n-acetylglucosamine,saccharide,,1610.0,,,None,SERS-only,,0.82470031706165,,3.3019372657015613,sers_only
n-acetylglucosamine,saccharide,1628.0,1634.0,6.0,1.2009342910191871,Medium,Shifted band,0.46506175424192,0.558508609311594,2.2972936923228984,1.2615910464795532,matched
n-acetylglucosamine,saccharide,,1662.0,,,None,SERS-only,,0.7335075179287535,,1.177569598929741,sers_only
n-acetylglucosamine,saccharide,,1684.0,,,None,SERS-only,,0.7681631587708634,,2.995187275686189,sers_only
n-acetylglucosamine,saccharide,,1696.0,,,None,SERS-only,,0.7256681792021217,,0.9725275943128096,sers_only
n-acetylglucosamine,saccharide,,1716.0,,,None,SERS-only,,0.5784309697201803,,1.373784736712349,sers_only
n-acetylglucosamine,saccharide,,1738.0,,,None,SERS-only,,0.7711964526922338,,1.3519627531595682,sers_only
oleate,lipid,,528.0,,,None,SERS-only,,1.0,,1.9724343073584112,sers_only
oleate,lipid,,554.0,,,None,SERS-only,,0.6046680689466152,,0.558561930140429,sers_only
oleate,lipid,,578.0,,,None,SERS-only,,0.7111338608915609,,1.169753936386552,sers_only
oleate,lipid,,602.0,,,None,SERS-only,,0.6907455779371195,,0.4812610460920692,sers_only
oleate,lipid,,628.0,,,None,SERS-only,,0.8077766303865873,,1.8723260679811577,sers_only
oleate,lipid,,654.0,,,None,SERS-only,,0.8903064202382541,,2.4186465545145337,sers_only
oleate,lipid,,670.0,,,None,SERS-only,,0.7831128771390014,,0.6843503594065959,sers_only
oleate,lipid,,688.0,,,None,SERS-only,,0.7186452437306119,,0.5056086108727575,sers_only
oleate,lipid,,714.0,,,None,SERS-only,,0.6280930270367471,,0.5758623884916315,sers_only
oleate,lipid,,730.0,,,None,SERS-only,,0.6765840287876322,,1.5997539986742577,sers_only
oleate,lipid,,766.0,,,None,SERS-only,,0.5525209550777705,,0.9299516845637384,sers_only
oleate,lipid,,800.0,,,None,SERS-only,,0.7482049498716736,,1.76183251159866,sers_only
oleate,lipid,,838.0,,,None,SERS-only,,0.7457665773175262,,1.1587730181797207,sers_only
oleate,lipid,860.0,,,,None,Absent in SERS,0.21161076420051525,,1.1860175253206826,,raman_only
oleate,lipid,,886.0,,,None,SERS-only,,0.8668953112978601,,2.451540374142671,sers_only
oleate,lipid,,932.0,,,None,SERS-only,,0.6785622873679154,,1.4769923533301355,sers_only
oleate,lipid,,946.0,,,None,SERS-only,,0.7424590642947628,,1.7767809105447563,sers_only
oleate,lipid,,976.0,,,None,SERS-only,,0.5331628372231986,,0.6755049500579585,sers_only
oleate,lipid,,1004.0,,,None,SERS-only,,0.7634266235463679,,1.6551803263419476,sers_only
oleate,lipid,,1018.0,,,None,SERS-only,,0.5926040313771853,,0.42739316934688537,sers_only
oleate,lipid,,1028.0,,,None,SERS-only,,0.7294329576209546,,1.3350960473846152,sers_only
oleate,lipid,,1050.0,,,None,SERS-only,,0.8579857574504476,,2.746452889900575,sers_only
oleate,lipid,,1066.0,,,None,SERS-only,,0.7501923436343407,,0.5709596491352185,sers_only
oleate,lipid,1082.0,,,,None,Absent in SERS,0.4071223545368509,,2.4528336107951887,,raman_only
oleate,lipid,,1106.0,,,None,SERS-only,,0.7806473711220717,,2.0555588311230513,sers_only
oleate,lipid,,1150.0,,,None,SERS-only,,0.6230013459865479,,1.5121219026400605,sers_only
oleate,lipid,,1170.0,,,None,SERS-only,,0.7386556184733225,,1.9857216800550601,sers_only
oleate,lipid,,1204.0,,,None,SERS-only,,0.6077078124057752,,1.19878951622528,sers_only
oleate,lipid,,1250.0,,,None,SERS-only,,0.6458992820120469,,1.054212516870787,sers_only
oleate,lipid,,1274.0,,,None,SERS-only,,0.60213700976551,,0.6564822129255478,sers_only
oleate,lipid,1302.0,1304.0,2.0,1.4508395172315693,High,Intensity enhanced,0.5962443209753637,0.865054824246801,3.6974007380145353,3.0574027350264554,matched
oleate,lipid,,1334.0,,,None,SERS-only,,0.8472460271103776,,1.7853088109422555,sers_only
oleate,lipid,,1380.0,,,None,SERS-only,,0.48250508429769257,,0.9566980185927576,sers_only
oleate,lipid,,1396.0,,,None,SERS-only,,0.6819796075560381,,2.2735969727934076,sers_only
oleate,lipid,,1418.0,,,None,SERS-only,,0.542678462588059,,1.103148297632784,sers_only
oleate,lipid,1440.0,1434.0,-6.0,0.8752533122677351,Medium,Shifted band,1.0,0.8752533131429885,6.14360556532497,2.846586277459261,matched
oleate,lipid,,1478.0,,,None,SERS-only,,0.6784924701850694,,1.370538153303086,sers_only
oleate,lipid,,1506.0,,,None,SERS-only,,0.6038509404768293,,0.5382325470211485,sers_only
oleate,lipid,,1530.0,,,None,SERS-only,,0.7276128397493806,,1.9274252050950973,sers_only
oleate,lipid,,1562.0,,,None,SERS-only,,0.494283480368642,,0.5588155727324724,sers_only
oleate,lipid,,1582.0,,,None,SERS-only,,0.6106521007292283,,1.338823400269014,sers_only
oleate,lipid,,1606.0,,,None,SERS-only,,0.6399582390584833,,0.8574631443497674,sers_only
oleate,lipid,,1632.0,,,None,SERS-only,,0.6484757705713918,,0.7270610827169748,sers_only
oleate,lipid,1656.0,1650.0,-6.0,1.0539358382176423,Medium,Shifted band,0.749102995998704,0.7895064950531769,4.524984034930102,2.451582475330353,matched
oleate,lipid,,1672.0,,,None,SERS-only,,0.7303530325746005,,1.5925632541888155,sers_only
oleate,lipid,,1702.0,,,None,SERS-only,,0.6324928547248198,,1.4616300644798035,sers_only
oleate,lipid,,1722.0,,,None,SERS-only,,0.6005832227411874,,1.2382583047555547,sers_only
oleate,lipid,,1738.0,,,None,SERS-only,,0.5868775471649791,,0.8333759096696145,sers_only
phenylalanine,amino_acid,,536.0,,,None,SERS-only,,0.7143703485195112,,0.7434800195409295,sers_only
phenylalanine,amino_acid,,558.0,,,None,SERS-only,,0.36420843186128166,,0.4437439350272053,sers_only
phenylalanine,amino_acid,,592.0,,,None,SERS-only,,0.6656415327775987,,1.560741429708946,sers_only
phenylalanine,amino_acid,,612.0,,,None,SERS-only,,0.6886811320478251,,1.4475981362629853,sers_only
phenylalanine,amino_acid,622.0,632.0,10.0,4.7000823558708245,Low,Intensity enhanced,0.182928016702542,0.8597767483981434,1.9340303872697908,2.4911557240059947,matched
phenylalanine,amino_acid,,668.0,,,None,SERS-only,,0.7007872620568041,,1.6486569168105598,sers_only
phenylalanine,amino_acid,,728.0,,,None,SERS-only,,0.5817297437872927,,1.160183664611328,sers_only
phenylalanine,amino_acid,746.0,758.0,12.0,4.786096842131037,Low,Intensity enhanced,0.13447037534793083,0.6435882435990038,1.3864571446181992,1.5197876671015185,matched
phenylalanine,amino_acid,,792.0,,,None,SERS-only,,0.6945511158535507,,0.5462857618389687,sers_only
phenylalanine,amino_acid,,810.0,,,None,SERS-only,,0.8259558091523743,,1.802401614186159,sers_only
phenylalanine,amino_acid,832.0,,,,None,Absent in SERS,0.22097604147327674,,2.3595586746544015,,raman_only
phenylalanine,amino_acid,,848.0,,,None,SERS-only,,0.7800622771534788,,1.2623832587291375,sers_only
phenylalanine,amino_acid,,868.0,,,None,SERS-only,,0.7315908956017726,,0.9965882091305865,sers_only
phenylalanine,amino_acid,,884.0,,,None,SERS-only,,0.7429212921516865,,0.6984872997036231,sers_only
phenylalanine,amino_acid,,906.0,,,None,SERS-only,,0.8452821343867041,,2.6267583666967083,sers_only
phenylalanine,amino_acid,,938.0,,,None,SERS-only,,0.649132090839349,,0.9301533382722174,sers_only
phenylalanine,amino_acid,,948.0,,,None,SERS-only,,0.5613403044650602,,0.4395091137182262,sers_only
phenylalanine,amino_acid,,988.0,,,None,SERS-only,,0.38777597113013007,,0.5517530008984819,sers_only
phenylalanine,amino_acid,1004.0,,,,None,Absent in SERS,1.0,,10.704205390748518,,raman_only
phenylalanine,amino_acid,,1020.0,,,None,SERS-only,,0.7073164599753023,,0.722294948547277,sers_only
phenylalanine,amino_acid,1034.0,,,,None,Absent in SERS,0.2316543273089348,,2.3040679928497947,,raman_only
phenylalanine,amino_acid,,1050.0,,,None,SERS-only,,0.9655442649292895,,2.9751534901111194,sers_only
phenylalanine,amino_acid,,1068.0,,,None,SERS-only,,0.7746409254101889,,0.8062569715790133,sers_only
phenylalanine,amino_acid,,1096.0,,,None,SERS-only,,1.0,,3.221489250048042,sers_only
phenylalanine,amino_acid,,1128.0,,,None,SERS-only,,0.6293210834437839,,0.8054259474806851,sers_only
phenylalanine,amino_acid,,1144.0,,,None,SERS-only,,0.4255193532462606,,0.4909645997130943,sers_only
phenylalanine,amino_acid,,1190.0,,,None,SERS-only,,0.8465023161747359,,0.6068883713995633,sers_only
phenylalanine,amino_acid,1214.0,1208.0,-6.0,4.247158278941889,Medium,Intensity enhanced,0.22952406537089812,0.9748250387035676,2.4489580435402267,2.6192666677795575,matched
phenylalanine,amino_acid,,1224.0,,,None,SERS-only,,0.5592997351047098,,0.7032134169457818,sers_only
phenylalanine,amino_acid,,1236.0,,,None,SERS-only,,0.5478464205905089,,0.5443958226277547,sers_only
phenylalanine,amino_acid,,1252.0,,,None,SERS-only,,0.5497114975342164,,0.6050244419295537,sers_only
phenylalanine,amino_acid,,1288.0,,,None,SERS-only,,0.6052486539952409,,1.2303688512155948,sers_only
phenylalanine,amino_acid,1308.0,1304.0,-4.0,5.594563715229722,High,Intensity enhanced,0.1393578963755956,0.7796466360882144,1.4762217852982848,0.6995446768930011,matched
phenylalanine,amino_acid,,1326.0,,,None,SERS-only,,0.8995155507710312,,2.7714415227308344,sers_only
phenylalanine,amino_acid,,1358.0,,,None,SERS-only,,0.7656588434243041,,0.7214448906679716,sers_only
phenylalanine,amino_acid,,1388.0,,,None,SERS-only,,0.40170190726067306,,0.39344992382598726,sers_only
phenylalanine,amino_acid,,1406.0,,,None,SERS-only,,0.4283020253493723,,0.7279814071204151,sers_only
phenylalanine,amino_acid,,1428.0,,,None,SERS-only,,0.5131065953983459,,1.0516894942942803,sers_only
phenylalanine,amino_acid,,1464.0,,,None,SERS-only,,0.8346291824714986,,1.5053726869621373,sers_only
phenylalanine,amino_acid,,1486.0,,,None,SERS-only,,0.7964107379943004,,1.2880491219056929,sers_only
phenylalanine,amino_acid,,1500.0,,,None,SERS-only,,0.749954957361488,,0.5086143040124843,sers_only
phenylalanine,amino_acid,,1518.0,,,None,SERS-only,,0.8769064531495836,,2.9857506376388736,sers_only
phenylalanine,amino_acid,,1534.0,,,None,SERS-only,,0.6944242528176929,,1.2471832861239107,sers_only
phenylalanine,amino_acid,,1556.0,,,None,SERS-only,,0.47605563463327427,,1.2814616473068827,sers_only
phenylalanine,amino_acid,,1584.0,,,None,SERS-only,,0.80755920129847,,1.9902317926190762,sers_only
phenylalanine,amino_acid,1606.0,1610.0,4.0,6.960083840788377,High,Intensity enhanced,0.12978348782958296,0.9033039634039192,1.351176070801085,2.7072156331715895,matched
phenylalanine,amino_acid,,1628.0,,,None,SERS-only,,0.8387082442001238,,0.6040485587370978,sers_only
phenylalanine,amino_acid,,1648.0,,,None,SERS-only,,0.6439359070456266,,0.4709639862499846,sers_only
phenylalanine,amino_acid,,1666.0,,,None,SERS-only,,0.66600214995029,,1.3820118744456593,sers_only
phenylalanine,amino_acid,,1686.0,,,None,SERS-only,,0.5746010758702649,,0.8238685281202588,sers_only
phenylalanine,amino_acid,,1700.0,,,None,SERS-only,,0.6130109067631201,,1.1566216969348073,sers_only
phenylalanine,amino_acid,,1712.0,,,None,SERS-only,,0.4968041449195875,,0.3808769381825945,sers_only
phenylalanine,amino_acid,,1734.0,,,None,SERS-only,,0.6818086763397504,,0.7090858636735574,sers_only
phosphate,organic_acid,,526.0,,,None,SERS-only,,0.7663957883543389,,1.2638211417330818,sers_only
phosphate,organic_acid,,538.0,,,None,SERS-only,,0.535530490402558,,0.4786659023972551,sers_only
phosphate,organic_acid,560.0,566.0,6.0,0.7712955458692311,Medium,Shifted band,0.3627016167460933,0.27975014224712624,2.3785781066079883,0.6229967637873197,matched
phosphate,organic_acid,,590.0,,,None,SERS-only,,0.7077543067173983,,2.1006702979158405,sers_only
phosphate,organic_acid,,618.0,,,None,SERS-only,,0.4590002950023587,,0.6757451844918227,sers_only
phosphate,organic_acid,,636.0,,,None,SERS-only,,0.48867771292820156,,0.9494685155786298,sers_only
phosphate,organic_acid,,668.0,,,None,SERS-only,,0.6378105558074454,,1.5735033780489411,sers_only
phosphate,organic_acid,,698.0,,,None,SERS-only,,0.5791174035356057,,0.8864558317962549,sers_only
phosphate,organic_acid,,722.0,,,None,SERS-only,,0.6438957140528647,,1.799772643124741,sers_only
phosphate,organic_acid,,746.0,,,None,SERS-only,,0.6256607721541324,,1.5803036835630921,sers_only
phosphate,organic_acid,,774.0,,,None,SERS-only,,0.4399476672357125,,0.6577178516942963,sers_only
phosphate,organic_acid,,792.0,,,None,SERS-only,,0.8258200528886147,,1.9896690632975025,sers_only
phosphate,organic_acid,,812.0,,,None,SERS-only,,0.822648448823575,,1.575713541684968,sers_only
phosphate,organic_acid,,844.0,,,None,SERS-only,,0.7009013262270551,,0.6686420829406449,sers_only
phosphate,organic_acid,,872.0,,,None,SERS-only,,0.834948007452267,,2.863128756510969,sers_only
phosphate,organic_acid,,892.0,,,None,SERS-only,,0.7814434751893837,,1.4802267774781148,sers_only
phosphate,organic_acid,936.0,926.0,-10.0,0.6532581021272374,Low,Intensity reduced,1.0,0.6532581027804956,7.136389733886378,1.5420092657295732,matched
phosphate,organic_acid,,952.0,,,None,SERS-only,,0.6777182161277615,,2.1676002925173927,sers_only
phosphate,organic_acid,,994.0,,,None,SERS-only,,0.48370724388032776,,0.764606839772159,sers_only
phosphate,organic_acid,,1010.0,,,None,SERS-only,,0.596319573906021,,0.7927958893853588,sers_only
phosphate,organic_acid,,1022.0,,,None,SERS-only,,0.719366253904372,,1.3431359910374856,sers_only
phosphate,organic_acid,,1042.0,,,None,SERS-only,,1.0,,3.7094053783341403,sers_only
phosphate,organic_acid,1066.0,1058.0,-8.0,2.2405724862161143,Medium,Intensity enhanced,0.3694043494100283,0.8276772238172458,2.297238847960982,1.1009636881685734,matched
phosphate,organic_acid,,1102.0,,,None,SERS-only,,0.9087422679981471,,2.6376458342338553,sers_only
phosphate,organic_acid,1132.0,,,,None,Absent in SERS,0.3037939535274337,,2.0879241755607714,,raman_only
phosphate,organic_acid,,1152.0,,,None,SERS-only,,0.5548040454461503,,1.9505203541736473,sers_only
phosphate,organic_acid,,1172.0,,,None,SERS-only,,0.576419399366684,,1.0538301166059343,sers_only
phosphate,organic_acid,,1200.0,,,None,SERS-only,,0.6588116608970839,,0.558712631012306,sers_only
phosphate,organic_acid,,1212.0,,,None,SERS-only,,0.7527198207333278,,2.779531701160928,sers_only
phosphate,organic_acid,,1250.0,,,None,SERS-only,,0.6719550626386119,,1.2468389855563622,sers_only
phosphate,organic_acid,,1266.0,,,None,SERS-only,,0.6452818939083041,,0.7359864270141794,sers_only
phosphate,organic_acid,,1282.0,,,None,SERS-only,,0.5973337372989861,,0.8708516993295409,sers_only
phosphate,organic_acid,,1314.0,,,None,SERS-only,,0.6431948874705328,,1.0528772906009793,sers_only
phosphate,organic_acid,,1336.0,,,None,SERS-only,,0.9769202749574151,,3.8720582375658794,sers_only
phosphate,organic_acid,,1356.0,,,None,SERS-only,,0.5172599486384132,,0.5740311910630141,sers_only
phosphate,organic_acid,,1380.0,,,None,SERS-only,,0.629094478778076,,2.019801401367623,sers_only
phosphate,organic_acid,,1398.0,,,None,SERS-only,,0.5620345034173339,,1.6605174528887545,sers_only
phosphate,organic_acid,,1422.0,,,None,SERS-only,,0.6419035184955093,,2.12289117271348,sers_only
phosphate,organic_acid,,1444.0,,,None,SERS-only,,0.8187591730541346,,2.755869208998293,sers_only
phosphate,organic_acid,,1470.0,,,None,SERS-only,,0.6693020890525564,,1.151785422974427,sers_only
phosphate,organic_acid,,1486.0,,,None,SERS-only,,0.6775367349549464,,1.2162091922521174,sers_only
phosphate,organic_acid,,1516.0,,,None,SERS-only,,0.4751842401140707,,0.4655364084654887,sers_only
phosphate,organic_acid,,1530.0,,,None,SERS-only,,0.7741687948997945,,1.9133754742916251,sers_only
phosphate,organic_acid,,1546.0,,,None,SERS-only,,0.603863932070857,,0.9859995092823967,sers_only
phosphate,organic_acid,,1578.0,,,None,SERS-only,,0.5234670716119497,,0.7405692369188037,sers_only
phosphate,organic_acid,,1602.0,,,None,SERS-only,,0.876693231659633,,3.3585654315236653,sers_only
phosphate,organic_acid,,1620.0,,,None,SERS-only,,0.748239870936352,,1.4194034644274494,sers_only
phosphate,organic_acid,,1642.0,,,None,SERS-only,,0.4911836582802699,,1.2761864549138697,sers_only
phosphate,organic_acid,,1666.0,,,None,SERS-only,,0.42087996480231477,,0.45361436738937644,sers_only
phosphate,organic_acid,,1676.0,,,None,SERS-only,,0.5076999332576652,,0.8328160507593176,sers_only
phosphate,organic_acid,,1690.0,,,None,SERS-only,,0.5822582211440063,,0.9985412777561712,sers_only
phosphate,organic_acid,,1704.0,,,None,SERS-only,,0.6317539185477371,,2.0009884927697525,sers_only
phosphatidylinositol,lipid,530.0,522.0,-8.0,0.7912382036081296,Medium,Shifted band,1.0,0.7912382043993679,2.5688066921229713,1.5879339007156914,matched
phosphatidylinositol,lipid,,548.0,,,None,SERS-only,,0.6107940152702,,2.153208003617729,sers_only
phosphatidylinositol,lipid,568.0,572.0,4.0,0.9453896442274146,High,Strong correspondence,0.41863173234891937,0.3957701054530408,0.6735014004888272,0.5961195868800273,matched
phosphatidylinositol,lipid,598.0,588.0,-10.0,0.6829002412472165,Low,Intensity reduced,0.7289881877536305,0.4978262099662256,1.5681125547694044,1.1650511123457368,matched
phosphatidylinositol,lipid,,622.0,,,None,SERS-only,,0.5631266199066278,,1.4191957122959886,sers_only
phosphatidylinositol,lipid,650.0,660.0,10.0,0.7380701320579603,Low,Shifted band,0.8350488445851458,0.6163246117358759,2.827904387040115,2.2679132892955716,matched
phosphatidylinositol,lipid,,686.0,,,None,SERS-only,,0.5062583115920803,,1.3903160274072777,sers_only
phosphatidylinositol,lipid,,708.0,,,None,SERS-only,,0.42295855118966624,,0.8045280497769648,sers_only
phosphatidylinositol,lipid,,732.0,,,None,SERS-only,,0.5697817679142755,,1.937556106439663,sers_only
phosphatidylinositol,lipid,,766.0,,,None,SERS-only,,0.5609591545554784,,1.5965358833755017,sers_only
phosphatidylinositol,lipid,,782.0,,,None,SERS-only,,0.5004018976020448,,1.279851438573119,sers_only
phosphatidylinositol,lipid,796.0,804.0,8.0,1.8288697209878186,Medium,Intensity enhanced,0.5467858025617074,1.0,1.7034886908866778,4.1417078718524705,matched
phosphatidylinositol,lipid,,828.0,,,None,SERS-only,,0.7221074462237627,,1.0475987236069928,sers_only
phosphatidylinositol,lipid,862.0,864.0,2.0,0.7506465092710605,High,Strong correspondence,0.9914485395856023,0.7442273861124696,4.01107828625487,1.9005490385499555,matched
phosphatidylinositol,lipid,,884.0,,,None,SERS-only,,0.7630866659337437,,2.3741171569720203,sers_only
phosphatidylinositol,lipid,,910.0,,,None,SERS-only,,0.5550292173415861,,1.4784943371431902,sers_only
phosphatidylinositol,lipid,928.0,934.0,6.0,0.8258422537574015,Medium,Shifted band,0.7334662330183329,0.6057274077566537,1.915746369517839,2.1439797055439462,matched
phosphatidylinositol,lipid,,952.0,,,None,SERS-only,,0.3867378237562977,,0.8969877925360995,sers_only
phosphatidylinositol,lipid,,992.0,,,None,SERS-only,,0.6431013401231461,,1.6498288170222517,sers_only
phosphatidylinositol,lipid,,1018.0,,,None,SERS-only,,0.5119970842075926,,0.6881635787355739,sers_only
phosphatidylinositol,lipid,1038.0,1034.0,-4.0,0.5461549905716557,High,Intensity reduced,0.8699221513652386,0.4751123249231114,1.1605281579480107,0.7923923488258258,matched
phosphatidylinositol,lipid,,1058.0,,,None,SERS-only,,0.5401149236919006,,1.048459583491782,sers_only
phosphatidylinositol,lipid,1090.0,1080.0,-10.0,0.8130569192740513,Low,Shifted band,0.8878022697280692,0.7218337791626712,3.8144431056706845,2.734273641306233,matched
phosphatidylinositol,lipid,,1104.0,,,None,SERS-only,,0.5599102960703765,,1.1977392551709884,sers_only
phosphatidylinositol,lipid,,1130.0,,,None,SERS-only,,0.644079580846012,,1.7801335426795077,sers_only
phosphatidylinositol,lipid,,1146.0,,,None,SERS-only,,0.587008267439391,,0.7969909195527182,sers_only
phosphatidylinositol,lipid,,1166.0,,,None,SERS-only,,0.5554962483030987,,1.5722699689048465,sers_only
phosphatidylinositol,lipid,1182.0,1180.0,-2.0,0.6273841746409154,High,Intensity reduced,0.6626080386646473,0.41570979807543973,2.6594165086253336,0.9124010448148145,matched
phosphatidylinositol,lipid,,1202.0,,,None,SERS-only,,0.670678105877763,,1.9237989014766015,sers_only
phosphatidylinositol,lipid,,1218.0,,,None,SERS-only,,0.6369621077153828,,1.1648970837583634,sers_only
phosphatidylinositol,lipid,,1242.0,,,None,SERS-only,,0.6878605838706785,,2.5544323272805443,sers_only
phosphatidylinositol,lipid,1260.0,1266.0,6.0,1.3333973820557115,Medium,Shifted band,0.5622676655375173,0.7497262345756993,1.3082119391522988,1.6484925927757705,matched
phosphatidylinositol,lipid,,1286.0,,,None,SERS-only,,0.9616531088532915,,3.848638173929307,sers_only
phosphatidylinositol,lipid,,1314.0,,,None,SERS-only,,0.7246501376226135,,0.46347251129614353,sers_only
phosphatidylinositol,lipid,,1326.0,,,None,SERS-only,,0.7680497970546817,,1.5787189746343993,sers_only
phosphatidylinositol,lipid,1346.0,1350.0,4.0,1.203103176612632,High,Strong correspondence,0.647482906732952,0.7789887430958982,1.938292979361243,3.1722498965003627,matched
phosphatidylinositol,lipid,,1372.0,,,None,SERS-only,,0.4262466195205874,,0.9084013055236307,sers_only
phosphatidylinositol,lipid,1390.0,1380.0,-10.0,1.2864341617824855,Low,Shifted band,0.2337549515739416,0.3007103564769632,0.4720937509140334,0.7647871133889178,matched
phosphatidylinositol,lipid,,1402.0,,,None,SERS-only,,0.735799656520057,,1.9761266489302427,sers_only
phosphatidylinositol,lipid,,1428.0,,,None,SERS-only,,0.6607473169912738,,1.0608193516764093,sers_only
phosphatidylinositol,lipid,,1442.0,,,None,SERS-only,,0.7948478101027671,,3.4534166982528935,sers_only
phosphatidylinositol,lipid,,1462.0,,,None,SERS-only,,0.6295484415693277,,0.4747156999683561,sers_only
phosphatidylinositol,lipid,,1486.0,,,None,SERS-only,,0.7222220502725027,,1.0513700224734355,sers_only
phosphatidylinositol,lipid,1502.0,1508.0,6.0,0.9111357662995297,Medium,Shifted band,0.567269226509022,0.516859282304575,2.016782142081814,1.3437654310618143,matched
phosphatidylinositol,lipid,,1540.0,,,None,SERS-only,,0.7400466774551167,,2.6970943564505574,sers_only
phosphatidylinositol,lipid,,1570.0,,,None,SERS-only,,0.5001812919178044,,1.4132927779470914,sers_only
phosphatidylinositol,lipid,1608.0,1610.0,2.0,1.7665757468405012,High,Intensity enhanced,0.4775312219002419,0.8435950767346527,1.504809603774514,3.7574505561668654,matched
phosphatidylinositol,lipid,,1634.0,,,None,SERS-only,,0.6501328524691957,,1.2373897817826784,sers_only
phosphatidylinositol,lipid,1650.0,1654.0,4.0,1.6527402446488542,High,Intensity enhanced,0.39401936047984754,0.6512116558885885,0.6373269567795593,0.517548682459253,matched
phosphatidylinositol,lipid,,1662.0,,,None,SERS-only,,0.6663496862292958,,0.7601239828672608,sers_only
phosphatidylinositol,lipid,1674.0,1676.0,2.0,1.8393643524921668,High,Intensity enhanced,0.37545900726613,0.6906059156267814,0.4587520730031718,2.2620072109970315,matched
phosphatidylinositol,lipid,,1696.0,,,None,SERS-only,,0.6386834721945291,,1.5071317939068085,sers_only
phosphatidylinositol,lipid,,1716.0,,,None,SERS-only,,0.5206255846927993,,1.410690756099945,sers_only
phosphatidylinositol,lipid,,1740.0,,,None,SERS-only,,0.6440669784371296,,0.9254408467028453,sers_only
phosphoenolpyruvate,organic_acid,,524.0,,,None,SERS-only,,0.713761808662407,,0.7362354710906771,sers_only
phosphoenolpyruvate,organic_acid,,558.0,,,None,SERS-only,,0.5245410913691425,,0.6732566653089318,sers_only
phosphoenolpyruvate,organic_acid,,576.0,,,None,SERS-only,,0.5911079689005406,,0.8056507376932508,sers_only
phosphoenolpyruvate,organic_acid,,592.0,,,None,SERS-only,,0.6691995610665495,,1.189598893682746,sers_only
phosphoenolpyruvate,organic_acid,,618.0,,,None,SERS-only,,0.6652254767144083,,0.45170201970294116,sers_only
phosphoenolpyruvate,organic_acid,,640.0,,,None,SERS-only,,0.9852313025654221,,2.9749506606257166,sers_only
phosphoenolpyruvate,organic_acid,,658.0,,,None,SERS-only,,0.5729463725829228,,0.5252718778379468,sers_only
phosphoenolpyruvate,organic_acid,,672.0,,,None,SERS-only,,0.6503860993276857,,1.055942434113683,sers_only
phosphoenolpyruvate,organic_acid,,696.0,,,None,SERS-only,,0.5496862386955735,,1.0231810510748913,sers_only
phosphoenolpyruvate,organic_acid,,714.0,,,None,SERS-only,,0.40246195150944303,,1.0110820333583843,sers_only
phosphoenolpyruvate,organic_acid,736.0,728.0,-8.0,2.093882206705241,Medium,Intensity enhanced,0.3683449305313852,0.7712708980636278,1.968631517956512,2.197702952376533,matched
phosphoenolpyruvate,organic_acid,,744.0,,,None,SERS-only,,0.7067037323839289,,1.6316257048551095,sers_only
phosphoenolpyruvate,organic_acid,782.0,778.0,-4.0,0.6843708796599445,High,Intensity reduced,1.0,0.6843708803443154,6.453245897550493,0.593522174313162,matched
phosphoenolpyruvate,organic_acid,,794.0,,,None,SERS-only,,0.9672237299735724,,3.1390934914979622,sers_only
phosphoenolpyruvate,organic_acid,,808.0,,,None,SERS-only,,0.7875901399559853,,0.797309886344476,sers_only
phosphoenolpyruvate,organic_acid,,828.0,,,None,SERS-only,,0.5009758949051517,,0.5662317376414291,sers_only
phosphoenolpyruvate,organic_acid,844.0,842.0,-2.0,3.196443603398129,High,Intensity enhanced,0.21079432807759774,0.6737921848126875,1.2554913488034911,0.9390243339398217,matched
phosphoenolpyruvate,organic_acid,,870.0,,,None,SERS-only,,0.9687921330501157,,3.1158308656326135,sers_only
phosphoenolpyruvate,organic_acid,,886.0,,,None,SERS-only,,0.7884381794864151,,0.9864195396373315,sers_only
phosphoenolpyruvate,organic_acid,914.0,910.0,-4.0,3.3004376612968898,High,Intensity enhanced,0.21027685779822988,0.6940056640768861,1.1713301424171452,1.6839214930310278,matched
phosphoenolpyruvate,organic_acid,,940.0,,,None,SERS-only,,0.5730468651449225,,0.46933291095989427,sers_only
phosphoenolpyruvate,organic_acid,,948.0,,,None,SERS-only,,0.8048562292910049,,2.281024091373319,sers_only
phosphoenolpyruvate,organic_acid,,964.0,,,None,SERS-only,,0.7025431815642611,,0.7364913986980105,sers_only
phosphoenolpyruvate,organic_acid,986.0,990.0,4.0,2.2027031825627668,High,Intensity enhanced,0.26540846167520443,0.5846160654137642,0.7600561692995356,0.7786931537680182,matched
phosphoenolpyruvate,organic_acid,,1016.0,,,None,SERS-only,,0.542201633731206,,0.5343426773498577,sers_only
phosphoenolpyruvate,organic_acid,1034.0,1040.0,6.0,2.9827108908913686,Medium,Intensity enhanced,0.33526547949085467,1.0,2.086619770060203,3.3704147187551667,matched
phosphoenolpyruvate,organic_acid,,1064.0,,,None,SERS-only,,0.7820751766335198,,0.9041571078596563,sers_only
phosphoenolpyruvate,organic_acid,,1088.0,,,None,SERS-only,,0.841952582973793,,2.1839630597183604,sers_only
phosphoenolpyruvate,organic_acid,,1112.0,,,None,SERS-only,,0.7190026819967339,,0.5169923421166324,sers_only
phosphoenolpyruvate,organic_acid,,1136.0,,,None,SERS-only,,0.6210861366090444,,0.8012950235624583,sers_only
phosphoenolpyruvate,organic_acid,,1152.0,,,None,SERS-only,,0.36963733972562707,,0.7867100803319655,sers_only
phosphoenolpyruvate,organic_acid,,1180.0,,,None,SERS-only,,0.8867624534270022,,1.6784898944804443,sers_only
phosphoenolpyruvate,organic_acid,,1194.0,,,None,SERS-only,,0.7493579149541527,,0.5473893980783978,sers_only
phosphoenolpyruvate,organic_acid,,1206.0,,,None,SERS-only,,0.9279353805505138,,2.824622848306321,sers_only
phosphoenolpyruvate,organic_acid,1216.0,1222.0,6.0,3.0893439402672307,Medium,Intensity enhanced,0.20218739289283344,0.6246264001212487,1.1785144226153013,0.7739417950428702,matched
phosphoenolpyruvate,organic_acid,,1240.0,,,None,SERS-only,,0.8371705562988841,,1.972333707802568,sers_only
phosphoenolpyruvate,organic_acid,,1254.0,,,None,SERS-only,,0.5946206472636493,,0.720001770465528,sers_only
phosphoenolpyruvate,organic_acid,,1280.0,,,None,SERS-only,,0.6771107866666153,,1.8309259589602924,sers_only
phosphoenolpyruvate,organic_acid,,1318.0,,,None,SERS-only,,0.8809240563918825,,1.800683231563256,sers_only
phosphoenolpyruvate,organic_acid,,1332.0,,,None,SERS-only,,0.7820580846733064,,0.9800745546398759,sers_only
phosphoenolpyruvate,organic_acid,,1350.0,,,None,SERS-only,,0.8242659257583738,,1.290155248914011,sers_only
phosphoenolpyruvate,organic_acid,1380.0,1374.0,-6.0,1.9079551121291252,Medium,Intensity enhanced,0.4947864232940504,0.9440302876439239,3.1370031692878255,3.4958597998032475,matched
phosphoenolpyruvate,organic_acid,,1396.0,,,None,SERS-only,,0.47422279728165906,,0.4649746538802062,sers_only
phosphoenolpyruvate,organic_acid,,1410.0,,,None,SERS-only,,0.6022441357494862,,0.49828715556260483,sers_only
phosphoenolpyruvate,organic_acid,,1422.0,,,None,SERS-only,,0.6810508393858217,,1.1292436251712092,sers_only
phosphoenolpyruvate,organic_acid,1446.0,1446.0,0.0,3.5204973899489564,High,Intensity enhanced,0.20325755163837142,0.7155676835507992,0.8886717116211069,1.5197575433483692,matched
phosphoenolpyruvate,organic_acid,,1466.0,,,None,SERS-only,,0.8809155999498676,,2.2693048407850775,sers_only
phosphoenolpyruvate,organic_acid,,1484.0,,,None,SERS-only,,0.6826559250321581,,1.4557966783119594,sers_only
phosphoenolpyruvate,organic_acid,,1512.0,,,None,SERS-only,,0.897467933874777,,3.253353329731371,sers_only
phosphoenolpyruvate,organic_acid,,1532.0,,,None,SERS-only,,0.6085626313187057,,1.0411247048238976,sers_only
phosphoenolpyruvate,organic_acid,,1550.0,,,None,SERS-only,,0.5530646580053565,,1.0737848746952614,sers_only
phosphoenolpyruvate,organic_acid,,1594.0,,,None,SERS-only,,0.8414195823111842,,2.816095536682631,sers_only
phosphoenolpyruvate,organic_acid,,1616.0,,,None,SERS-only,,0.679990566713081,,1.2552958144487885,sers_only
phosphoenolpyruvate,organic_acid,1628.0,1634.0,6.0,1.8960822328515525,Medium,Intensity enhanced,0.43482166683748047,0.8244576388455261,2.5381778967561015,2.0131437460748516,matched
phosphoenolpyruvate,organic_acid,,1652.0,,,None,SERS-only,,0.7358829608264861,,1.8256534358243437,sers_only
phosphoenolpyruvate,organic_acid,,1674.0,,,None,SERS-only,,0.660649114212702,,0.8787488749373285,sers_only
phosphoenolpyruvate,organic_acid,,1692.0,,,None,SERS-only,,0.5590472082970164,,0.6546414379392426,sers_only
phosphoenolpyruvate,organic_acid,1702.0,1708.0,6.0,1.1792042557499023,Medium,Shifted band,0.6733828121799494,0.7940558790506378,4.315186159331684,2.754375873217922,matched
phosphoenolpyruvate,organic_acid,,1738.0,,,None,SERS-only,,0.9203746345102004,,1.576823357653403,sers_only
phosphoenolpyruvate,organic_acid,,1748.0,,,None,SERS-only,,0.9421370106726166,,1.627864111694,sers_only
proline,amino_acid,,532.0,,,None,SERS-only,,0.9783360430964142,,2.1091884337352025,sers_only
proline,amino_acid,,558.0,,,None,SERS-only,,0.7447140402302578,,1.5846918807663992,sers_only
proline,amino_acid,,580.0,,,None,SERS-only,,0.5865080987171244,,1.104966841670404,sers_only
proline,amino_acid,,594.0,,,None,SERS-only,,0.3082108419094733,,0.4050319153014914,sers_only
proline,amino_acid,,616.0,,,None,SERS-only,,0.5775370529936438,,0.5272894507440622,sers_only
proline,amino_acid,642.0,644.0,2.0,3.1533432805068298,High,Intensity enhanced,0.2503349740866363,0.7893921115652893,1.8348533024395972,1.9075469603276844,matched
proline,amino_acid,,666.0,,,None,SERS-only,,0.544775161639663,,0.7829303125458136,sers_only
proline,amino_acid,,694.0,,,None,SERS-only,,0.6274387987691216,,1.0803872413520943,sers_only
proline,amino_acid,,714.0,,,None,SERS-only,,0.7496739255290319,,1.7294950420497184,sers_only
proline,amino_acid,,734.0,,,None,SERS-only,,0.7017433718285102,,1.1360446329357128,sers_only
proline,amino_acid,,748.0,,,None,SERS-only,,0.7357135661187139,,0.753229962594483,sers_only
proline,amino_acid,,764.0,,,None,SERS-only,,0.8639234935250398,,2.973694937250605,sers_only
proline,amino_acid,792.0,780.0,-12.0,6.868265054527445,Low,Intensity enhanced,0.12558128283618278,0.8625255432747464,0.8845178933832665,1.2641030692964623,matched
proline,amino_acid,,806.0,,,None,SERS-only,,0.7516993471332708,,1.076887608483321,sers_only
proline,amino_acid,,830.0,,,None,SERS-only,,0.8014141826338754,,1.7004184653569607,sers_only
proline,amino_acid,842.0,852.0,10.0,1.1464307185200309,Low,Shifted band,0.47906069543905694,0.5492098984333345,3.227388150627945,0.9657708416055897,matched
proline,amino_acid,,868.0,,,None,SERS-only,,0.6336082267921588,,1.687060230751933,sers_only
proline,amino_acid,,890.0,,,None,SERS-only,,0.40847483886799607,,0.6136481664192694,sers_only
proline,amino_acid,898.0,898.0,0.0,0.5126712517587705,High,Intensity reduced,1.0,0.5126712522714417,7.872247012561172,0.9616597109267532,matched
proline,amino_acid,918.0,924.0,6.0,1.3902940293003083,Medium,Shifted band,0.5196258539898462,0.7224327236624509,1.7661874618842146,0.4825222420711403,matched
proline,amino_acid,,936.0,,,None,SERS-only,,0.8162459411358746,,2.622909551026523,sers_only
proline,amino_acid,952.0,952.0,0.0,2.8163099871943564,High,Intensity enhanced,0.21110439029285963,0.5945354055386659,1.4934965206790807,1.0935657061681876,matched
proline,amino_acid,986.0,982.0,-4.0,3.5150263280390783,High,Intensity enhanced,0.20297760659946426,0.7134716347145018,1.5385723464326042,2.01075256004206,matched
proline,amino_acid,,1002.0,,,None,SERS-only,,0.7699603182902147,,1.7326882218714617,sers_only
proline,amino_acid,1034.0,1024.0,-10.0,2.4129407157342793,Low,Intensity enhanced,0.35176221083273596,0.8487813631879552,2.7604485392233737,2.7292055641584962,matched
proline,amino_acid,1056.0,1044.0,-12.0,2.502053157447584,Low,Intensity enhanced,0.3276966770940893,0.8199145081104007,1.204961287292297,1.7831695610432412,matched
proline,amino_acid,1084.0,1074.0,-10.0,3.394044793743395,Low,Intensity enhanced,0.19495310783325615,0.6616795840596025,1.183986038090167,1.0873858208043552,matched
proline,amino_acid,,1104.0,,,None,SERS-only,,0.493916445407741,,1.0406173140562074,sers_only
proline,amino_acid,,1122.0,,,None,SERS-only,,0.5160842586322345,,0.7135735535491177,sers_only
proline,amino_acid,,1150.0,,,None,SERS-only,,0.9638076275611221,,3.349539493894416,sers_only
proline,amino_acid,1176.0,1176.0,0.0,2.671827153883817,High,Intensity enhanced,0.24823927704195203,0.6632524437330023,1.8672730176781422,1.380444796191242,matched
proline,amino_acid,,1196.0,,,None,SERS-only,,0.725426381671924,,1.7463419941260558,sers_only
proline,amino_acid,,1212.0,,,None,SERS-only,,0.4540885748121192,,0.6475239385824925,sers_only
proline,amino_acid,,1220.0,,,None,SERS-only,,0.4956766228285626,,0.9823913270245307,sers_only
proline,amino_acid,1238.0,1236.0,-2.0,1.1012545581610895,High,Strong correspondence,0.2833738663185976,0.31206676304834147,2.1218554609183538,0.5087260084646513,matched
proline,amino_acid,,1258.0,,,None,SERS-only,,0.6445470378420847,,1.5641827959865569,sers_only
proline,amino_acid,,1272.0,,,None,SERS-only,,0.6906990982229965,,0.9886176213678497,sers_only
proline,amino_acid,1288.0,1284.0,-4.0,3.8007291088572104,High,Intensity enhanced,0.19219840790355708,0.7304940873957902,0.944082633911052,2.0621271807602968,matched
proline,amino_acid,,1300.0,,,None,SERS-only,,0.516603326743862,,0.863345555680508,sers_only
proline,amino_acid,,1314.0,,,None,SERS-only,,0.4689248756916339,,0.5323358115303568,sers_only
proline,amino_acid,,1330.0,,,None,SERS-only,,0.763449922915284,,2.038621415870669,sers_only
proline,amino_acid,,1356.0,,,None,SERS-only,,0.8615885090941768,,2.889699153499432,sers_only
proline,amino_acid,1376.0,1376.0,0.0,2.3905700364936733,High,Intensity enhanced,0.29649615107942284,0.7087948170967396,2.305375470837488,0.7522240858143311,matched
proline,amino_acid,,1404.0,,,None,SERS-only,,0.6760058007760823,,0.451869489346509,sers_only
proline,amino_acid,,1418.0,,,None,SERS-only,,0.7214550223337929,,0.4771221682136907,sers_only
proline,amino_acid,,1436.0,,,None,SERS-only,,1.0,,3.905296550205301,sers_only
proline,amino_acid,1452.0,1450.0,-2.0,3.024740123365977,High,Intensity enhanced,0.2836497619781285,0.8579668190631947,2.0552327951457885,0.7086101835586089,matched
proline,amino_acid,,1458.0,,,None,SERS-only,,0.6140768405227714,,0.4484943147157489,sers_only
proline,amino_acid,,1480.0,,,None,SERS-only,,0.8532229890388243,,1.6072397864745709,sers_only
proline,amino_acid,,1496.0,,,None,SERS-only,,0.6039781881991988,,0.5239201880317989,sers_only
proline,amino_acid,,1512.0,,,None,SERS-only,,0.8695362674334053,,2.373516473389115,sers_only
proline,amino_acid,,1532.0,,,None,SERS-only,,0.6536076546584638,,0.5964331259914494,sers_only
proline,amino_acid,1550.0,1556.0,6.0,5.739239290352021,Medium,Intensity enhanced,0.11880293098998733,0.6818384550859543,0.8209812631425987,1.448223579439333,matched
proline,amino_acid,,1580.0,,,None,SERS-only,,0.9160613239094931,,2.5952668312587432,sers_only
proline,amino_acid,,1598.0,,,None,SERS-only,,0.7826409933514425,,1.9320108762797161,sers_only
proline,amino_acid,,1620.0,,,None,SERS-only,,0.7684393122813354,,1.504762149221102,sers_only
proline,amino_acid,,1650.0,,,None,SERS-only,,0.8992242890634876,,2.4427507287359607,sers_only
proline,amino_acid,,1664.0,,,None,SERS-only,,0.4294198175104878,,0.8651351158637971,sers_only
proline,amino_acid,,1682.0,,,None,SERS-only,,0.9616753583461771,,3.1362653171297135,sers_only
proline,amino_acid,,1702.0,,,None,SERS-only,,0.9695843961348768,,3.048662087582962,sers_only
proline,amino_acid,,1726.0,,,None,SERS-only,,0.5929177833173703,,0.6902849952717336,sers_only
proline,amino_acid,,1746.0,,,None,SERS-only,,0.6494852085860666,,0.5266425488186319,sers_only
pyruvate,organic_acid,540.0,538.0,-2.0,2.4375778711770724,High,Intensity enhanced,0.3049534385648712,0.7433477560226649,0.8417019518086284,1.416418857863668,matched
pyruvate,organic_acid,,572.0,,,None,SERS-only,,0.6319306824069331,,0.7839895545726886,sers_only
pyruvate,organic_acid,612.0,610.0,-2.0,2.2537583865448783,High,Intensity enhanced,0.3105894343919144,0.6999935447867657,1.5084742344947581,1.9366757819575597,matched
pyruvate,organic_acid,,646.0,,,None,SERS-only,,0.6156649652331557,,0.6037362497238423,sers_only
pyruvate,organic_acid,,670.0,,,None,SERS-only,,0.959945534054905,,3.231357030681706,sers_only
pyruvate,organic_acid,698.0,698.0,0.0,2.1512312006135788,High,Intensity enhanced,0.2742343526387622,0.5899414978278033,0.8532332526730229,1.1707664092439107,matched
pyruvate,organic_acid,,716.0,,,None,SERS-only,,0.6453006706580136,,1.87408031460156,sers_only
pyruvate,organic_acid,,750.0,,,None,SERS-only,,0.6076516527504623,,1.3172313057598388,sers_only
pyruvate,organic_acid,794.0,798.0,4.0,0.8210370704677131,High,Strong correspondence,1.0,0.8210370712887503,4.982908602014003,3.0753671875411186,matched
pyruvate,organic_acid,834.0,822.0,-12.0,1.7920089199176088,Low,Intensity enhanced,0.3724208646225465,0.6673815131590405,1.395520061797719,1.5840943785722121,matched
pyruvate,organic_acid,,854.0,,,None,SERS-only,,0.6896634005092446,,1.5733892386718158,sers_only
pyruvate,organic_acid,,870.0,,,None,SERS-only,,0.6834130230620162,,0.5452623864398924,sers_only
pyruvate,organic_acid,,894.0,,,None,SERS-only,,0.514172987792943,,0.6070183424731763,sers_only
pyruvate,organic_acid,936.0,924.0,-12.0,2.1714452427464916,Low,Intensity enhanced,0.3232461518900914,0.7019113209292942,1.5362501089390506,2.445477974116228,matched
pyruvate,organic_acid,,950.0,,,None,SERS-only,,0.6151215630185135,,1.2147582762053029,sers_only
pyruvate,organic_acid,976.0,988.0,12.0,1.4045291020099604,Low,Intensity enhanced,0.28915807017341416,0.40613092604412765,1.1668687031629685,1.0487039592533831,matched
pyruvate,organic_acid,,1016.0,,,None,SERS-only,,0.5432899816887978,,1.116225596052808,sers_only
pyruvate,organic_acid,,1046.0,,,None,SERS-only,,0.824222997236347,,3.207355374314634,sers_only
pyruvate,organic_acid,,1070.0,,,None,SERS-only,,0.7848169213049899,,1.2906688248657863,sers_only
pyruvate,organic_acid,,1094.0,,,None,SERS-only,,0.7177187511077133,,0.7643540981740802,sers_only
pyruvate,organic_acid,,1112.0,,,None,SERS-only,,0.6174852637888326,,0.6146173610857927,sers_only
pyruvate,organic_acid,1152.0,1144.0,-8.0,2.7971489666893534,Medium,Intensity enhanced,0.1662218389061483,0.4649472477346859,0.6945728519352458,0.9484044723895448,matched
pyruvate,organic_acid,,1162.0,,,None,SERS-only,,0.5821018438828643,,1.509379972309124,sers_only
pyruvate,organic_acid,,1204.0,,,None,SERS-only,,0.6652834447577282,,2.115092688501778,sers_only
pyruvate,organic_acid,,1262.0,,,None,SERS-only,,0.6321930799852513,,1.7444021947445036,sers_only
pyruvate,organic_acid,,1282.0,,,None,SERS-only,,0.41540748207214784,,0.5950033210299173,sers_only
pyruvate,organic_acid,1332.0,1326.0,-6.0,4.897767746752406,Medium,Intensity enhanced,0.16560641196578524,0.8111017480791823,0.6484508544138514,1.3324352813217237,matched
pyruvate,organic_acid,,1350.0,,,None,SERS-only,,0.819499255762754,,2.9896273688631636,sers_only
pyruvate,organic_acid,,1370.0,,,None,SERS-only,,0.6056220618945333,,1.0591663297420872,sers_only
pyruvate,organic_acid,,1384.0,,,None,SERS-only,,0.6417356187805182,,1.3213412297926357,sers_only
pyruvate,organic_acid,1410.0,,,,None,Absent in SERS,0.5597956798208872,,2.71905330205486,,raman_only
pyruvate,organic_acid,,1426.0,,,None,SERS-only,,0.5141640115814384,,0.5067198057303735,sers_only
pyruvate,organic_acid,,1440.0,,,None,SERS-only,,0.7188843743520319,,1.7225444586617942,sers_only
pyruvate,organic_acid,1456.0,1462.0,6.0,1.3206663391942852,Medium,Shifted band,0.43199863490340606,0.5705260570154762,0.9581563610560231,0.5746123680319846,matched
pyruvate,organic_acid,,1480.0,,,None,SERS-only,,0.8041134225646347,,2.603651157606971,sers_only
pyruvate,organic_acid,,1500.0,,,None,SERS-only,,0.6291735670563023,,1.2045491505079933,sers_only
pyruvate,organic_acid,,1518.0,,,None,SERS-only,,0.5710226147818702,,1.056203185775721,sers_only
pyruvate,organic_acid,,1550.0,,,None,SERS-only,,0.5368032623762092,,1.133826191971377,sers_only
pyruvate,organic_acid,,1598.0,,,None,SERS-only,,1.0,,3.2232176699860426,sers_only
pyruvate,organic_acid,,1640.0,,,None,SERS-only,,0.49557314286554854,,0.6078273169906754,sers_only
pyruvate,organic_acid,1660.0,1668.0,8.0,1.2893996362415132,Medium,Shifted band,0.5384825374538443,0.6943191892047935,2.173093567767773,1.9250921645006245,matched
pyruvate,organic_acid,1700.0,1692.0,-8.0,1.3140764687533077,Medium,Shifted band,0.41829462995824124,0.5496711315480737,1.5367662989900093,1.4203253876510646,matched
pyruvate,organic_acid,,1710.0,,,None,SERS-only,,0.4643496490708119,,0.9935158602291188,sers_only
pyruvate,organic_acid,1738.0,1734.0,-4.0,0.88068771808491,High,Strong correspondence,0.5526942875610313,0.48675107179137744,2.1000705683106715,1.0926197983798605,matched
riboflavin,cofactor,,530.0,,,None,SERS-only,,0.5786177757243326,,1.1412410232431918,sers_only
riboflavin,cofactor,,562.0,,,None,SERS-only,,0.4962812795132339,,1.7273490087806591,sers_only
riboflavin,cofactor,,594.0,,,None,SERS-only,,0.4784421214844313,,1.416483741851921,sers_only
riboflavin,cofactor,,614.0,,,None,SERS-only,,0.3783647962449569,,0.7218551213053932,sers_only
riboflavin,cofactor,,646.0,,,None,SERS-only,,0.4952298361994517,,2.3597714932177714,sers_only
riboflavin,cofactor,,670.0,,,None,SERS-only,,0.45041387256120163,,1.1192556237902127,sers_only
riboflavin,cofactor,,690.0,,,None,SERS-only,,0.4242015317934245,,0.7985509538471682,sers_only
riboflavin,cofactor,,720.0,,,None,SERS-only,,0.49117497491634937,,2.103555427218878,sers_only
riboflavin,cofactor,742.0,,,,None,Absent in SERS,0.2501061886446747,,2.094251171017197,,raman_only
riboflavin,cofactor,,758.0,,,None,SERS-only,,0.3008410413165952,,0.6398447950098727,sers_only
riboflavin,cofactor,788.0,776.0,-12.0,3.2758625601801157,Low,Intensity enhanced,0.12632946459403446,0.41383796658705957,0.9197645871193874,0.532940916412523,matched
riboflavin,cofactor,,808.0,,,None,SERS-only,,1.0,,4.918505711972429,sers_only
riboflavin,cofactor,,854.0,,,None,SERS-only,,0.5616624477280747,,0.6560696932505348,sers_only
riboflavin,cofactor,,872.0,,,None,SERS-only,,0.6867446964770015,,2.329031871030632,sers_only
riboflavin,cofactor,,894.0,,,None,SERS-only,,0.4533064287339648,,0.5998744110223001,sers_only
riboflavin,cofactor,,912.0,,,None,SERS-only,,0.39441239492627284,,0.8023410165945141,sers_only
riboflavin,cofactor,,932.0,,,None,SERS-only,,0.5159677357081172,,1.5437726945668118,sers_only
riboflavin,cofactor,,986.0,,,None,SERS-only,,0.2830494674246732,,0.5422878048720439,sers_only
riboflavin,cofactor,,1016.0,,,None,SERS-only,,0.5061850105495485,,0.6477142438421788,sers_only
riboflavin,cofactor,,1032.0,,,None,SERS-only,,0.561088096922718,,0.7285811267445631,sers_only
riboflavin,cofactor,1060.0,1050.0,-10.0,4.281939178630533,Low,Intensity enhanced,0.14908216268390156,0.6383607575131082,1.203372841517831,2.7209014952287838,matched
riboflavin,cofactor,,1086.0,,,None,SERS-only,,0.4907731796526355,,0.8005216119537293,sers_only
riboflavin,cofactor,,1112.0,,,None,SERS-only,,0.5436596117074459,,2.0281630868949723,sers_only
riboflavin,cofactor,1156.0,1152.0,-4.0,1.2889028602404906,High,Strong correspondence,0.18959656560848162,0.24437155699344865,1.0624488294147765,0.6029987592363103,matched
riboflavin,cofactor,1180.0,1178.0,-2.0,1.6750479188182021,High,Intensity enhanced,0.34598233582565463,0.579536993247671,2.5904170196831284,1.2068385155039987,matched
riboflavin,cofactor,,1208.0,,,None,SERS-only,,0.6288797839295492,,2.906733984342667,sers_only
riboflavin,cofactor,1224.0,,,,None,Absent in SERS,0.43870117689761806,,3.796328274323394,,raman_only
riboflavin,cofactor,,1242.0,,,None,SERS-only,,0.3233455870636993,,0.7252340056326718,sers_only
riboflavin,cofactor,,1258.0,,,None,SERS-only,,0.49701726612950714,,1.9450754109814563,sers_only
riboflavin,cofactor,,1296.0,,,None,SERS-only,,0.4094323136178719,,0.5751047200377686,sers_only
riboflavin,cofactor,,1320.0,,,None,SERS-only,,0.6039851706483089,,2.595003428392224,sers_only
riboflavin,cofactor,1348.0,1348.0,0.0,0.4834873971925824,High,Intensity reduced,1.0,0.4834873976760698,8.687853306448792,1.0353251618039159,matched
riboflavin,cofactor,1402.0,,,,None,Absent in SERS,0.1928775720564827,,1.4509981584119418,,raman_only
riboflavin,cofactor,,1440.0,,,None,SERS-only,,0.5698264693959031,,0.9909003265443134,sers_only
riboflavin,cofactor,1464.0,1464.0,0.0,3.7399077736664412,High,Intensity enhanced,0.1713497125445172,0.6408321257006577,1.2733385590633326,2.802884986106475,matched
riboflavin,cofactor,,1486.0,,,None,SERS-only,,0.44376050334806194,,1.0655701505726607,sers_only
riboflavin,cofactor,,1510.0,,,None,SERS-only,,0.4493635507391776,,1.1201663659212486,sers_only
riboflavin,cofactor,1536.0,1528.0,-8.0,1.6151209709916543,Medium,Intensity enhanced,0.1816616791455196,0.29340558922860693,1.4922746248014875,0.6215278466392682,matched
riboflavin,cofactor,1580.0,,,,None,Absent in SERS,0.14286145424354801,,1.1080908124721849,,raman_only
riboflavin,cofactor,,1600.0,,,None,SERS-only,,0.7740563598682041,,3.108797584119689,sers_only
riboflavin,cofactor,,1624.0,,,None,SERS-only,,0.5540135749080374,,0.5993016437653116,sers_only
riboflavin,cofactor,,1642.0,,,None,SERS-only,,0.5227062558833111,,1.2796222211546389,sers_only
riboflavin,cofactor,,1658.0,,,None,SERS-only,,0.4987849612124415,,1.430781647220185,sers_only
riboflavin,cofactor,,1672.0,,,None,SERS-only,,0.6418970862244877,,2.174491627958229,sers_only
riboflavin,cofactor,,1698.0,,,None,SERS-only,,0.5671049864021485,,0.9710495956492206,sers_only
riboflavin,cofactor,,1714.0,,,None,SERS-only,,0.5219862060091959,,0.6376397156232092,sers_only
riboflavin,cofactor,1730.0,1736.0,6.0,3.9845386248412202,Medium,Intensity enhanced,0.14309949401624633,0.5701854650875072,0.9520220265060384,1.0974936135183113,matched
serine,amino_acid,,532.0,,,None,SERS-only,,0.5049429548362112,,0.7937871486490062,sers_only
serine,amino_acid,,550.0,,,None,SERS-only,,0.7122977770448924,,2.0455348724163116,sers_only
serine,amino_acid,,568.0,,,None,SERS-only,,0.3710644508282565,,1.2543478960901089,sers_only
serine,amino_acid,,582.0,,,None,SERS-only,,0.5167523393211584,,1.8027704262316187,sers_only
serine,amino_acid,610.0,606.0,-4.0,1.990175520957075,High,Intensity enhanced,0.32730453361114925,0.651393472681357,2.7654615405209997,1.8930687357162115,matched
serine,amino_acid,,624.0,,,None,SERS-only,,0.44374694601991116,,0.4762479456740863,sers_only
serine,amino_acid,,638.0,,,None,SERS-only,,0.5268177740268822,,0.8727296165737034,sers_only
serine,amino_acid,,654.0,,,None,SERS-only,,0.6221125645886126,,1.7289254882783158,sers_only
serine,amino_acid,,670.0,,,None,SERS-only,,0.44696265108069505,,0.7877834381527001,sers_only
serine,amino_acid,,694.0,,,None,SERS-only,,0.5544977844410891,,1.4546148358983708,sers_only
serine,amino_acid,,742.0,,,None,SERS-only,,0.5781815062701986,,1.5907985271165541,sers_only
serine,amino_acid,,760.0,,,None,SERS-only,,0.6195996733320476,,1.6706124045216515,sers_only
serine,amino_acid,,800.0,,,None,SERS-only,,0.6863465172648213,,2.260137404402232,sers_only
serine,amino_acid,814.0,810.0,-4.0,2.033154887192083,High,Intensity enhanced,0.3095534791187268,0.6293701709507068,2.4211276713103365,0.9219900581955007,matched
serine,amino_acid,,828.0,,,None,SERS-only,,0.6119972558365798,,1.2763982903162256,sers_only
serine,amino_acid,852.0,856.0,4.0,0.5080569803037361,High,Intensity reduced,1.0,0.5080569808117932,8.577324863878076,1.2861962081604323,matched
serine,amino_acid,,874.0,,,None,SERS-only,,0.4082496938819779,,0.9755621715052345,sers_only
serine,amino_acid,,890.0,,,None,SERS-only,,0.5155006442142908,,1.1741766723074416,sers_only
serine,amino_acid,922.0,916.0,-6.0,4.012950027537335,Medium,Intensity enhanced,0.12330714871333541,0.4948254298376797,0.9824934656310818,0.7510824452406373,matched
serine,amino_acid,,934.0,,,None,SERS-only,,0.5189785526752131,,0.9573011345827852,sers_only
serine,amino_acid,968.0,958.0,-10.0,3.182365420208124,Low,Intensity enhanced,0.24309943514757837,0.7736312392681463,1.7844728202628015,2.306595419100936,matched
serine,amino_acid,,986.0,,,None,SERS-only,,0.7769006687687406,,2.512389510987256,sers_only
serine,amino_acid,1008.0,1006.0,-2.0,1.830708182269263,High,Intensity enhanced,0.3859246416141603,0.7065154009730844,3.3171027868954974,1.9512012410935968,matched
serine,amino_acid,,1032.0,,,None,SERS-only,,0.7173703821971459,,2.0575831271357083,sers_only
serine,amino_acid,,1056.0,,,None,SERS-only,,0.6185977895941559,,1.5423301996742418,sers_only
serine,amino_acid,,1074.0,,,None,SERS-only,,0.48811603647672525,,0.7787481747538074,sers_only
serine,amino_acid,,1110.0,,,None,SERS-only,,0.7561727395081443,,2.2909251969514735,sers_only
serine,amino_acid,1126.0,,,,None,Absent in SERS,0.1380082106297299,,1.1287058857626413,,raman_only
serine,amino_acid,,1150.0,,,None,SERS-only,,0.5704103051225053,,0.7230718567387258,sers_only
serine,amino_acid,,1166.0,,,None,SERS-only,,0.5803449620059722,,0.49402700353088286,sers_only
serine,amino_acid,,1182.0,,,None,SERS-only,,1.0,,3.597407654922651,sers_only
serine,amino_acid,,1202.0,,,None,SERS-only,,0.7198648263176954,,1.6776706787801436,sers_only
serine,amino_acid,1218.0,,,,None,Absent in SERS,0.15185345572208506,,1.2986780167010525,,raman_only
serine,amino_acid,,1242.0,,,None,SERS-only,,0.4885992601922474,,0.8236535118716088,sers_only
serine,amino_acid,,1258.0,,,None,SERS-only,,0.5283947534846375,,1.2597237619318569,sers_only
serine,amino_acid,,1288.0,,,None,SERS-only,,0.8890027449453054,,2.7606875055308047,sers_only
serine,amino_acid,,1302.0,,,None,SERS-only,,0.5419474715185498,,0.5874879212615811,sers_only
serine,amino_acid,,1318.0,,,None,SERS-only,,0.6588135405912208,,0.691182602561254,sers_only
serine,amino_acid,1326.0,1334.0,8.0,1.690755556353358,Medium,Intensity enhanced,0.4607106961546176,0.778949171085599,3.9253707300630207,1.8819453481644728,matched
serine,amino_acid,,1346.0,,,None,SERS-only,,0.6911347829423884,,0.5685599635279972,sers_only
serine,amino_acid,,1396.0,,,None,SERS-only,,0.4224587412283378,,0.6373768004796926,sers_only
serine,amino_acid,1416.0,1410.0,-6.0,3.5218635015848054,Medium,Intensity enhanced,0.1392129102132398,0.4902888709512754,1.0339162909046573,0.4288511117533512,matched
serine,amino_acid,,1424.0,,,None,SERS-only,,0.5062909297896075,,0.9304078721753453,sers_only
serine,amino_acid,,1442.0,,,None,SERS-only,,0.8054840524311995,,2.469672644539164,sers_only
serine,amino_acid,1464.0,1466.0,2.0,2.514088581265936,High,Intensity enhanced,0.24657783149087742,0.6199185130586196,1.9709067126752444,0.8263234230663661,matched
serine,amino_acid,,1484.0,,,None,SERS-only,,0.7223035787513189,,2.058658293401054,sers_only
serine,amino_acid,,1510.0,,,None,SERS-only,,0.6979822561148827,,1.5129056938998984,sers_only
serine,amino_acid,,1540.0,,,None,SERS-only,,0.5329139503997207,,0.7634042416786864,sers_only
serine,amino_acid,,1554.0,,,None,SERS-only,,0.6081946525466259,,1.0632154773260052,sers_only
serine,amino_acid,,1568.0,,,None,SERS-only,,0.6973061145262152,,1.808374806224964,sers_only
serine,amino_acid,,1580.0,,,None,SERS-only,,0.5917371152521114,,0.4948701979987863,sers_only
serine,amino_acid,,1606.0,,,None,SERS-only,,0.5527026618980804,,1.5428194445419097,sers_only
serine,amino_acid,,1626.0,,,None,SERS-only,,0.3231015155726822,,0.6088184007723418,sers_only
serine,amino_acid,,1640.0,,,None,SERS-only,,0.4569203071964652,,0.539103060061847,sers_only
serine,amino_acid,,1650.0,,,None,SERS-only,,0.6284162999605984,,2.0343818209226647,sers_only
serine,amino_acid,,1680.0,,,None,SERS-only,,0.7338490870684914,,1.9781929031810381,sers_only
serine,amino_acid,,1696.0,,,None,SERS-only,,0.7331555801553123,,1.1092885562749875,sers_only
serine,amino_acid,,1714.0,,,None,SERS-only,,0.5594315028493129,,0.6328900733488728,sers_only
serine,amino_acid,,1728.0,,,None,SERS-only,,0.451181457477852,,0.45119283186586506,sers_only
serine,amino_acid,,1748.0,,,None,SERS-only,,0.5886955200246903,,0.6107004845857434,sers_only
stearate,lipid,,532.0,,,None,SERS-only,,0.37712065393127664,,0.9235829345490156,sers_only
stearate,lipid,,644.0,,,None,SERS-only,,0.3114322311621344,,1.6005175158869283,sers_only
stearate,lipid,,716.0,,,None,SERS-only,,0.21061404437021297,,0.6946601632381617,sers_only
stearate,lipid,,806.0,,,None,SERS-only,,1.0,,6.423373188302461,sers_only
stearate,lipid,866.0,868.0,2.0,2.116928957033349,High,Intensity enhanced,0.19025995620453634,0.40276681277020876,1.2393793526450498,1.7387366858308084,matched
stearate,lipid,,932.0,,,None,SERS-only,,0.4091182066739205,,2.0379176702109687,sers_only
stearate,lipid,1062.0,1052.0,-10.0,0.7329029647663938,Low,Shifted band,0.6675674382745245,0.48926215542580853,4.687023905741479,3.0880345416027604,matched
stearate,lipid,1100.0,1106.0,6.0,1.7194721349262838,Medium,Intensity enhanced,0.20103472271233394,0.34567360557596244,1.101621484822648,0.8232985157985877,matched
stearate,lipid,1128.0,,,,None,Absent in SERS,0.5728207012421194,,3.934074838428855,,raman_only
stearate,lipid,1174.0,,,,None,Absent in SERS,0.14415933403492628,,0.9207444179216137,,raman_only
stearate,lipid,,1194.0,,,None,SERS-only,,0.34999476307079386,,2.049198679023043,sers_only
stearate,lipid,,1212.0,,,None,SERS-only,,0.33740119874525715,,0.7077152047275224,sers_only
stearate,lipid,,1254.0,,,None,SERS-only,,0.2681325616178199,,1.1132700140208682,sers_only
stearate,lipid,,1270.0,,,None,SERS-only,,0.22699329336007013,,0.7111701905967208,sers_only
stearate,lipid,1296.0,,,,None,Absent in SERS,0.7913144355251938,,5.582027809643096,,raman_only
stearate,lipid,,1354.0,,,None,SERS-only,,0.41985011759263546,,2.5726684191448657,sers_only
stearate,lipid,,1404.0,,,None,SERS-only,,0.20135339747879968,,0.7408116719598759,sers_only
stearate,lipid,1418.0,,,,None,Absent in SERS,0.3232551541039256,,1.362989277026707,,raman_only
stearate,lipid,1442.0,1436.0,-6.0,0.5233323284248533,Medium,Intensity reduced,1.0,0.5233323289481857,7.041971913990754,3.409044799016283,matched
stearate,lipid,1462.0,,,,None,Absent in SERS,0.5827141256747959,,1.2900502895994923,,raman_only
stearate,lipid,,1606.0,,,None,SERS-only,,0.5009410182008148,,3.4132673973574468,sers_only
stearate,lipid,,1648.0,,,None,SERS-only,,0.3316316841116818,,1.2055454900165976,sers_only
stearate,lipid,,1682.0,,,None,SERS-only,,0.2546668886898698,,0.6978718670303281,sers_only
stearate,lipid,,1702.0,,,None,SERS-only,,0.24749714378148768,,1.2042138512291842,sers_only
stearate,lipid,,1724.0,,,None,SERS-only,,0.22847196623003585,,0.8165230423406843,sers_only
thymine,pyrimidine,,526.0,,,None,SERS-only,,0.5757977123452239,,0.5606743934583297,sers_only
thymine,pyrimidine,558.0,554.0,-4.0,2.7996238119829404,High,Intensity enhanced,0.2336606975830941,0.6541620556777987,1.673945308588534,1.4719144294538897,matched
thymine,pyrimidine,,578.0,,,None,SERS-only,,0.509930149595516,,0.8632644560107912,sers_only
thymine,pyrimidine,618.0,618.0,0.0,1.1754698861680486,High,Strong correspondence,0.45508157990012377,0.5349346940978441,3.3399741283083375,0.48457724490483345,matched
thymine,pyrimidine,,628.0,,,None,SERS-only,,0.5519726254810545,,1.1821669834009045,sers_only
thymine,pyrimidine,,654.0,,,None,SERS-only,,0.4513207348379164,,0.632509582535755,sers_only
thymine,pyrimidine,,680.0,,,None,SERS-only,,0.5550236065657943,,1.477215962528624,sers_only
thymine,pyrimidine,,696.0,,,None,SERS-only,,0.5549914575427766,,1.0643759830916382,sers_only
thymine,pyrimidine,,722.0,,,None,SERS-only,,0.5240161510553596,,1.3364372437309402,sers_only
thymine,pyrimidine,742.0,750.0,8.0,1.019576907991775,Medium,Shifted band,0.6082206554644358,0.6201277362947369,4.4670084806548855,0.9916823608880808,matched
thymine,pyrimidine,,784.0,,,None,SERS-only,,0.6069195917453958,,0.8721095863894637,sers_only
thymine,pyrimidine,806.0,810.0,4.0,3.6476582325751497,High,Intensity enhanced,0.2741484899604666,1.0,1.9386263872873744,3.5774580689976587,matched
thymine,pyrimidine,,874.0,,,None,SERS-only,,0.8173476339452498,,2.669151629608937,sers_only
thymine,pyrimidine,,924.0,,,None,SERS-only,,0.5989127061793571,,0.8214068435786466,sers_only
thymine,pyrimidine,,946.0,,,None,SERS-only,,0.6214126340241194,,1.3557284373223228,sers_only
thymine,pyrimidine,984.0,,,,None,Absent in SERS,0.3069457890015869,,2.240660283562722,,raman_only
thymine,pyrimidine,,1044.0,,,None,SERS-only,,0.9344260617074903,,3.7863451793309206,sers_only
thymine,pyrimidine,,1114.0,,,None,SERS-only,,0.749626740557267,,2.1796329765891884,sers_only
thymine,pyrimidine,1156.0,1160.0,4.0,4.318188427309725,High,Intensity enhanced,0.1077171166747364,0.4651428109662065,0.7586777653619243,0.5064037170122082,matched
thymine,pyrimidine,,1186.0,,,None,SERS-only,,0.7146009750304191,,2.300065486461474,sers_only
thymine,pyrimidine,,1212.0,,,None,SERS-only,,0.6180166991949574,,0.880925653024973,sers_only
thymine,pyrimidine,,1236.0,,,None,SERS-only,,0.519830690407381,,1.3374237075104518,sers_only
thymine,pyrimidine,,1258.0,,,None,SERS-only,,0.433832935499648,,0.6351109628747241,sers_only
thymine,pyrimidine,,1284.0,,,None,SERS-only,,0.530816977144994,,1.2726152997003872,sers_only
thymine,pyrimidine,,1300.0,,,None,SERS-only,,0.5693962216648142,,0.816950762146844,sers_only
thymine,pyrimidine,,1324.0,,,None,SERS-only,,0.8035509982808381,,2.8894919656721605,sers_only
thymine,pyrimidine,,1346.0,,,None,SERS-only,,0.7938457119585671,,0.7037721171051997,sers_only
thymine,pyrimidine,1370.0,1374.0,4.0,0.6773956057153401,High,Intensity reduced,1.0,0.6773956063927358,7.35509259510289,1.652624337931999,matched
thymine,pyrimidine,,1402.0,,,None,SERS-only,,0.40221382357878105,,0.9385786395721667,sers_only
thymine,pyrimidine,,1452.0,,,None,SERS-only,,0.9384692081323622,,3.8307156249732666,sers_only
thymine,pyrimidine,,1482.0,,,None,SERS-only,,0.5913669750614187,,0.5470801177990684,sers_only
thymine,pyrimidine,1492.0,1498.0,6.0,4.462509762991978,Medium,Intensity enhanced,0.14791723273608962,0.6600820996620663,0.9533653269633671,1.4356236241386524,matched
thymine,pyrimidine,,1516.0,,,None,SERS-only,,0.5227091661885954,,0.5920974234554601,sers_only
thymine,pyrimidine,,1540.0,,,None,SERS-only,,0.37463183132701133,,1.262373564975749,sers_only
thymine,pyrimidine,,1570.0,,,None,SERS-only,,0.30670566357721263,,0.9519740623941131,sers_only
thymine,pyrimidine,,1608.0,,,None,SERS-only,,0.649532427157756,,1.9331657132850797,sers_only
thymine,pyrimidine,,1648.0,,,None,SERS-only,,0.4920831561822822,,0.5682333814383536,sers_only
thymine,pyrimidine,1672.0,1670.0,-2.0,0.6467877219564739,High,Intensity reduced,0.8638979421220214,0.5587585826347757,6.3470845249680305,0.9022081404899499,matched
thymine,pyrimidine,,1692.0,,,None,SERS-only,,0.31023596886166716,,0.44137750543628906,sers_only
thymine,pyrimidine,,1726.0,,,None,SERS-only,,0.43918245653011084,,0.8482832058580093,sers_only
thymine,pyrimidine,,1744.0,,,None,SERS-only,,0.3741115397616967,,0.4247290245167127,sers_only
triolein,lipid,,534.0,,,None,SERS-only,,0.44406235907604197,,1.3352379503944778,sers_only
triolein,lipid,,576.0,,,None,SERS-only,,0.33017434280612323,,0.8966246003343236,sers_only
triolein,lipid,,620.0,,,None,SERS-only,,0.3850918237274263,,0.8402661651558041,sers_only
triolein,lipid,,642.0,,,None,SERS-only,,0.38141616835723846,,0.714323825542879,sers_only
triolein,lipid,,670.0,,,None,SERS-only,,0.6517345916412424,,2.6420940479060766,sers_only
triolein,lipid,,720.0,,,None,SERS-only,,0.4290839629550349,,1.0756643897164322,sers_only
triolein,lipid,,736.0,,,None,SERS-only,,0.4799844952305963,,2.0350906299577054,sers_only
triolein,lipid,,792.0,,,None,SERS-only,,0.5945010686887848,,2.1050144912532063,sers_only
triolein,lipid,,826.0,,,None,SERS-only,,0.41962705160566915,,0.45885171069768194,sers_only
triolein,lipid,,860.0,,,None,SERS-only,,0.5220985254976493,,0.46486064055719545,sers_only
triolein,lipid,872.0,884.0,12.0,2.593495699879275,Low,Intensity enhanced,0.24345815566014728,0.6314076823986268,1.4112256266297514,2.62944775242012,matched
triolein,lipid,,932.0,,,None,SERS-only,,0.45309169305339164,,0.9884010139004629,sers_only
triolein,lipid,,956.0,,,None,SERS-only,,0.475797210397531,,1.2955456536262862,sers_only
triolein,lipid,,992.0,,,None,SERS-only,,0.4183391976391529,,0.7263598821216528,sers_only
triolein,lipid,,1008.0,,,None,SERS-only,,0.4281391536304197,,0.882081853926879,sers_only
triolein,lipid,,1038.0,,,None,SERS-only,,0.7582465589164487,,3.0568116333287474,sers_only
triolein,lipid,,1066.0,,,None,SERS-only,,0.3656777434998357,,0.541857400613525,sers_only
triolein,lipid,1082.0,,,,None,Absent in SERS,0.40009731609665977,,2.5050508896374817,,raman_only
triolein,lipid,,1100.0,,,None,SERS-only,,0.6026273566259982,,1.633598308862842,sers_only
triolein,lipid,,1130.0,,,None,SERS-only,,0.3724974720121072,,0.7071968501631052,sers_only
triolein,lipid,,1150.0,,,None,SERS-only,,0.3131155316542675,,0.8254614239963424,sers_only
triolein,lipid,,1170.0,,,None,SERS-only,,0.3939750157455561,,0.777093197303925,sers_only
triolein,lipid,,1196.0,,,None,SERS-only,,0.47068987075641416,,1.3337618836910352,sers_only
triolein,lipid,,1242.0,,,None,SERS-only,,0.5703869348934251,,2.078163776558646,sers_only
triolein,lipid,,1264.0,,,None,SERS-only,,0.3590777044896933,,0.8487780401713463,sers_only
triolein,lipid,1302.0,1302.0,0.0,0.9918300986938023,High,Strong correspondence,0.596948587282187,0.5920715772310475,3.731170070565689,1.8939490474541483,matched
triolein,lipid,,1316.0,,,None,SERS-only,,0.4466112875966602,,0.655931133558185,sers_only
triolein,lipid,,1334.0,,,None,SERS-only,,0.5512752865609861,,1.5956986112132463,sers_only
triolein,lipid,,1342.0,,,None,SERS-only,,0.5261798632377488,,0.5715712674304815,sers_only
triolein,lipid,,1358.0,,,None,SERS-only,,0.5244462430002549,,1.3084721696660393,sers_only
triolein,lipid,,1378.0,,,None,SERS-only,,0.47559410343925596,,1.1185734154712308,sers_only
triolein,lipid,,1392.0,,,None,SERS-only,,0.44499568262214195,,0.6467491860148238,sers_only
triolein,lipid,,1408.0,,,None,SERS-only,,0.5092204552826015,,1.2835345409625896,sers_only
triolein,lipid,1440.0,1448.0,8.0,0.9999999989999999,Medium,Shifted band,1.0,1.0,6.211484803603994,4.0824256717082505,matched
triolein,lipid,,1466.0,,,None,SERS-only,,0.7062001755036532,,0.6314728562596688,sers_only
triolein,lipid,,1508.0,,,None,SERS-only,,0.7247611324223948,,1.8610228662193464,sers_only
triolein,lipid,,1528.0,,,None,SERS-only,,0.5325044385073969,,1.1244344613803658,sers_only
triolein,lipid,,1538.0,,,None,SERS-only,,0.4619400360289664,,0.5818399941054935,sers_only
triolein,lipid,,1550.0,,,None,SERS-only,,0.43498670431626363,,0.8218936766571949,sers_only
triolein,lipid,,1576.0,,,None,SERS-only,,0.49712191286744156,,1.3603377476872602,sers_only
triolein,lipid,,1594.0,,,None,SERS-only,,0.6098201133950014,,1.3011436899046556,sers_only
triolein,lipid,,1616.0,,,None,SERS-only,,0.7369074835666727,,2.6809986122729903,sers_only
triolein,lipid,1656.0,1662.0,6.0,0.7183721734171737,Medium,Shifted band,0.6759795327310888,0.4856048868319299,4.091270303760719,1.294094076698212,matched
triolein,lipid,,1688.0,,,None,SERS-only,,0.49451093999373646,,1.5383700501004594,sers_only
triolein,lipid,,1744.0,,,None,SERS-only,,0.522234015225657,,0.67657777033911,sers_only
tryptophan,amino_acid,,532.0,,,None,SERS-only,,0.5880079103801549,,1.3661531928560104,sers_only
tryptophan,amino_acid,,566.0,,,None,SERS-only,,0.4640960560364411,,0.5448627163896553,sers_only
tryptophan,amino_acid,596.0,596.0,0.0,2.3154964940781926,High,Intensity enhanced,0.21149645740799844,0.4897193079536747,1.175503045854827,1.1811925509424614,matched
tryptophan,amino_acid,626.0,632.0,6.0,2.2357389874132134,Medium,Intensity enhanced,0.13942195512143254,0.3117111030021011,0.7659874782748965,0.5227839881199541,matched
tryptophan,amino_acid,,668.0,,,None,SERS-only,,0.7687302904202429,,2.8105604960226467,sers_only
tryptophan,amino_acid,706.0,,,,None,Absent in SERS,0.144611964771625,,0.8551131284483645,,raman_only
tryptophan,amino_acid,,740.0,,,None,SERS-only,,0.8502831586132,,3.744683046719905,sers_only
tryptophan,amino_acid,754.0,,,,None,Absent in SERS,0.9887077965517717,,6.14401477527392,,raman_only
tryptophan,amino_acid,802.0,798.0,-4.0,3.5456552348872474,High,Intensity enhanced,0.12214712110615104,0.43309158292208627,0.6570652341915497,0.6712514499654089,matched
tryptophan,amino_acid,,838.0,,,None,SERS-only,,0.6070200744287642,,0.934919440368651,sers_only
tryptophan,amino_acid,874.0,874.0,0.0,1.6369810107024199,High,Intensity enhanced,0.468971326501046,0.7676971576831179,2.871097493532674,3.053628577962549,matched
tryptophan,amino_acid,,898.0,,,None,SERS-only,,0.6665215319710108,,0.9944870952118985,sers_only
tryptophan,amino_acid,,926.0,,,None,SERS-only,,0.5354815581881173,,0.8481832985233302,sers_only
tryptophan,amino_acid,,954.0,,,None,SERS-only,,0.505003083162932,,0.7435540199928854,sers_only
tryptophan,amino_acid,1008.0,1016.0,8.0,0.7118248327546588,Medium,Shifted band,1.0,0.7118248334664837,6.229664101637992,1.1741550931793683,matched
tryptophan,amino_acid,,1042.0,,,None,SERS-only,,0.7748295124532888,,3.5618275353545714,sers_only
tryptophan,amino_acid,1076.0,,,,None,Absent in SERS,0.15055092775880805,,0.7845897173337066,,raman_only
tryptophan,amino_acid,1118.0,1110.0,-8.0,4.176477148153253,Medium,Intensity enhanced,0.15921255040752477,0.6649475826527024,0.8726515489620741,1.3631567437005223,matched
tryptophan,amino_acid,,1142.0,,,None,SERS-only,,0.2667625027993097,,0.564646609505556,sers_only
tryptophan,amino_acid,,1160.0,,,None,SERS-only,,0.45504542907872614,,0.8202826722411871,sers_only
tryptophan,amino_acid,,1188.0,,,None,SERS-only,,0.6747160810239798,,2.3849646456435414,sers_only
tryptophan,amino_acid,1232.0,,,,None,Absent in SERS,0.2744224531203734,,1.6500599613547098,,raman_only
tryptophan,amino_acid,1250.0,1256.0,6.0,2.4280168907437156,Medium,Intensity enhanced,0.18359896830843145,0.4457813986040086,0.6451599439184421,1.113644584830804,matched
tryptophan,amino_acid,1340.0,1342.0,2.0,2.058070056784755,High,Intensity enhanced,0.46339851931093123,0.9537066190102896,1.0703306063087092,4.556004238988728,matched
tryptophan,amino_acid,1358.0,1358.0,0.0,0.8375666159590839,High,Strong correspondence,0.8459737437429107,0.7085593665745535,5.23624623195266,0.9243455670847769,matched
tryptophan,amino_acid,,1384.0,,,None,SERS-only,,0.38768005574324976,,0.5495586658497011,sers_only
tryptophan,amino_acid,1424.0,,,,None,Absent in SERS,0.669126515999917,,4.127165723446751,,raman_only
tryptophan,amino_acid,1458.0,1454.0,-4.0,2.224782069217506,High,Intensity enhanced,0.2404156578849032,0.5348724470462451,1.2041307740879832,0.700492126340221,matched
tryptophan,amino_acid,1486.0,,,,None,Absent in SERS,0.12792908640865966,,0.7260334201324196,,raman_only
tryptophan,amino_acid,,1500.0,,,None,SERS-only,,0.581938683396894,,2.335902065861001,sers_only
tryptophan,amino_acid,1558.0,,,,None,Absent in SERS,0.6577646679093383,,4.020942641558607,,raman_only
tryptophan,amino_acid,1578.0,1574.0,-4.0,1.2600808378625397,High,Strong correspondence,0.2956259631718527,0.37251261262758933,0.8741345816021843,0.6296053479700768,matched
tryptophan,amino_acid,1618.0,1612.0,-6.0,3.8082458939194974,Medium,Intensity enhanced,0.20996819876157036,0.7996105345956691,1.0686914112672259,3.496270120652909,matched
tryptophan,amino_acid,,1644.0,,,None,SERS-only,,0.47741428713166395,,0.5659650699201486,sers_only
tryptophan,amino_acid,,1666.0,,,None,SERS-only,,1.0,,4.401519648590253,sers_only
tryptophan,amino_acid,,1716.0,,,None,SERS-only,,0.4464429919278774,,1.2899575771553922,sers_only
tyrosine,amino_acid,,522.0,,,None,SERS-only,,0.6547400144303742,,0.43672929984135883,sers_only
tyrosine,amino_acid,,536.0,,,None,SERS-only,,0.8101052559290401,,1.341991710621065,sers_only
tyrosine,amino_acid,,554.0,,,None,SERS-only,,0.609989464733804,,0.659608607785146,sers_only
tyrosine,amino_acid,,570.0,,,None,SERS-only,,0.6517007857074921,,0.8881217638697327,sers_only
tyrosine,amino_acid,,592.0,,,None,SERS-only,,0.5366774481883914,,0.9796641797443012,sers_only
tyrosine,amino_acid,,608.0,,,None,SERS-only,,0.5031986718070082,,0.46222436633953423,sers_only
tyrosine,amino_acid,,618.0,,,None,SERS-only,,0.5195871705279104,,0.5558787693345726,sers_only
tyrosine,amino_acid,642.0,636.0,-6.0,2.2775478611905258,Medium,Intensity enhanced,0.27594524813728005,0.6284785119782991,2.7117993521373283,1.6301285154561678,matched
tyrosine,amino_acid,,672.0,,,None,SERS-only,,0.62980931250948,,0.9977005170255702,sers_only
tyrosine,amino_acid,,698.0,,,None,SERS-only,,0.9339868692779628,,3.2423717232752995,sers_only
tyrosine,amino_acid,,732.0,,,None,SERS-only,,0.6317619843248147,,0.7273327702812047,sers_only
tyrosine,amino_acid,,760.0,,,None,SERS-only,,0.7743899362125091,,2.191425905285512,sers_only
tyrosine,amino_acid,,778.0,,,None,SERS-only,,0.7255882229320987,,1.4631487251760815,sers_only
tyrosine,amino_acid,796.0,800.0,4.0,3.682140172427713,High,Intensity enhanced,0.17240259580149048,0.6348105275136257,1.6230619580090626,0.47265921261628174,matched
tyrosine,amino_acid,,808.0,,,None,SERS-only,,0.6269990079150317,,0.4335092416102917,sers_only
tyrosine,amino_acid,828.0,822.0,-6.0,0.6823808567984233,Medium,Intensity reduced,1.0,0.6823808574808042,10.055176488801607,1.4875898305330124,matched
tyrosine,amino_acid,846.0,848.0,2.0,2.004268008388312,High,Intensity enhanced,0.29960951021161536,0.6004977583303001,1.8909383574201233,1.0809291098037865,matched
tyrosine,amino_acid,,900.0,,,None,SERS-only,,0.8035183783701207,,2.2944365786229977,sers_only
tyrosine,amino_acid,,932.0,,,None,SERS-only,,0.7130830247074924,,1.4343231991494274,sers_only
tyrosine,amino_acid,,950.0,,,None,SERS-only,,0.9480039856914229,,3.284588709389758,sers_only
tyrosine,amino_acid,,970.0,,,None,SERS-only,,0.6586272434683799,,1.3845894330685846,sers_only
tyrosine,amino_acid,984.0,986.0,2.0,3.1063459003017373,High,Intensity enhanced,0.19023727465403711,0.5909427813124897,1.8976630565735746,0.939740989283468,matched
tyrosine,amino_acid,,1018.0,,,None,SERS-only,,0.8394553437862564,,1.8666275410774826,sers_only
tyrosine,amino_acid,1044.0,1044.0,0.0,5.941477965166828,High,Intensity enhanced,0.10784415439091385,0.640753672927142,1.006670731151356,0.5814259396493977,matched
tyrosine,amino_acid,,1052.0,,,None,SERS-only,,0.7018660600545443,,0.9703448104351688,sers_only
tyrosine,amino_acid,,1084.0,,,None,SERS-only,,0.7299931715398105,,0.6714660684567166,sers_only
tyrosine,amino_acid,,1100.0,,,None,SERS-only,,0.9467603545754035,,2.945616015268861,sers_only
tyrosine,amino_acid,,1108.0,,,None,SERS-only,,0.9092667001326621,,0.7568467111061654,sers_only
tyrosine,amino_acid,,1150.0,,,None,SERS-only,,0.6496201414189774,,1.9074348099892549,sers_only
tyrosine,amino_acid,1178.0,1176.0,-2.0,2.5610285818932748,High,Intensity enhanced,0.33252016379042276,0.8515936460841345,3.3409148019108255,1.7159767424163257,matched
tyrosine,amino_acid,1200.0,1198.0,-2.0,3.8228532998505727,High,Intensity enhanced,0.2340585667539187,0.8947715680963669,2.2589074846367034,3.0308066773618973,matched
tyrosine,amino_acid,,1214.0,,,None,SERS-only,,0.6618271139953295,,0.5122526428029628,sers_only
tyrosine,amino_acid,,1248.0,,,None,SERS-only,,1.0,,3.4582588657404143,sers_only
tyrosine,amino_acid,1266.0,1270.0,4.0,4.256027356797387,High,Intensity enhanced,0.15947479688259222,0.6787291025080464,1.5029518770709047,0.711596717909047,matched
tyrosine,amino_acid,,1292.0,,,None,SERS-only,,0.9211469711080911,,1.111581705679877,sers_only
tyrosine,amino_acid,,1304.0,,,None,SERS-only,,0.9199325435189197,,0.6915776445211004,sers_only
tyrosine,amino_acid,,1312.0,,,None,SERS-only,,0.9365979763915013,,0.6592979773884332,sers_only
tyrosine,amino_acid,1328.0,1326.0,-2.0,3.0822624056891756,High,Intensity enhanced,0.30736884988680196,0.9473914537682718,3.0505409671345864,1.188062280118565,matched
tyrosine,amino_acid,,1342.0,,,None,SERS-only,,0.9492779003909237,,2.786741745545336,sers_only
tyrosine,amino_acid,1366.0,1356.0,-10.0,4.205206418780629,Low,Intensity enhanced,0.13199172727628522,0.5550524629733833,1.2495580954277257,0.4237027855298121,matched
tyrosine,amino_acid,,1384.0,,,None,SERS-only,,0.5630836579628343,,0.8480325902196144,sers_only
tyrosine,amino_acid,,1412.0,,,None,SERS-only,,0.8540402395019026,,1.7366478526534073,sers_only
tyrosine,amino_acid,,1428.0,,,None,SERS-only,,0.8393193474925857,,1.436184123303509,sers_only
tyrosine,amino_acid,,1452.0,,,None,SERS-only,,0.8901209584776478,,2.2982586043816684,sers_only
tyrosine,amino_acid,,1480.0,,,None,SERS-only,,0.6819111695237263,,0.6922294579465772,sers_only
tyrosine,amino_acid,,1494.0,,,None,SERS-only,,0.85256128545062,,1.632650035451551,sers_only
tyrosine,amino_acid,,1518.0,,,None,SERS-only,,0.9218443176297059,,2.8597894836602116,sers_only
tyrosine,amino_acid,,1540.0,,,None,SERS-only,,0.5572930347635913,,0.7126745985802041,sers_only
tyrosine,amino_acid,,1554.0,,,None,SERS-only,,0.5626253547176481,,1.0740902833816155,sers_only
tyrosine,amino_acid,,1570.0,,,None,SERS-only,,0.6639173863923936,,0.5226445352440081,sers_only
tyrosine,amino_acid,,1584.0,,,None,SERS-only,,0.6736547284668151,,1.2706306743031779,sers_only
tyrosine,amino_acid,1614.0,1612.0,-2.0,3.6157964433971688,High,Intensity enhanced,0.20630944924588535,0.7459729764382974,2.0231167611192995,2.326759369351656,matched
tyrosine,amino_acid,,1634.0,,,None,SERS-only,,0.5809767707855127,,1.5480320811865977,sers_only
tyrosine,amino_acid,,1662.0,,,None,SERS-only,,0.5711604331594644,,1.1448094020941653,sers_only
tyrosine,amino_acid,,1678.0,,,None,SERS-only,,0.8253954131957966,,2.4131421638740904,sers_only
tyrosine,amino_acid,,1698.0,,,None,SERS-only,,0.635307275718694,,1.062384823616549,sers_only
tyrosine,amino_acid,,1730.0,,,None,SERS-only,,0.5742184633753268,,0.5791570404837133,sers_only
tyrosine,amino_acid,,1744.0,,,None,SERS-only,,0.719041890480753,,0.9534712338624511,sers_only
uracil,pyrimidine,534.0,526.0,-8.0,4.289757971408339,Medium,Intensity enhanced,0.13671048657755874,0.5864549038609533,0.9866724477103287,1.2912125817886613,matched
uracil,pyrimidine,556.0,544.0,-12.0,1.6205613393336853,Low,Intensity enhanced,0.27760629498639694,0.44987803083117894,2.348573912429388,0.5774292690529329,matched
uracil,pyrimidine,578.0,,,,None,Absent in SERS,0.24210774751791503,,2.1606387180123545,,raman_only
uracil,pyrimidine,,606.0,,,None,SERS-only,,0.30148566947277133,,0.7225872201147766,sers_only
uracil,pyrimidine,,642.0,,,None,SERS-only,,0.34333783108063626,,0.9045341815661083,sers_only
uracil,pyrimidine,,668.0,,,None,SERS-only,,0.4347462375060236,,1.628745242465227,sers_only
uracil,pyrimidine,,706.0,,,None,SERS-only,,0.3730234599079737,,0.8341471446663599,sers_only
uracil,pyrimidine,,728.0,,,None,SERS-only,,0.7684544286324113,,3.430050464433176,sers_only
uracil,pyrimidine,,756.0,,,None,SERS-only,,0.5032322177436066,,1.0802286103795509,sers_only
uracil,pyrimidine,790.0,,,,None,Absent in SERS,1.0,,8.93119678620107,,raman_only
uracil,pyrimidine,,808.0,,,None,SERS-only,,1.0,,4.816549737576143,sers_only
uracil,pyrimidine,,862.0,,,None,SERS-only,,0.608843201777058,,2.33654226758926,sers_only
uracil,pyrimidine,,880.0,,,None,SERS-only,,0.5390771339743303,,0.6739843848565832,sers_only
uracil,pyrimidine,,934.0,,,None,SERS-only,,0.4197587471267794,,1.7410049752742935,sers_only
uracil,pyrimidine,,956.0,,,None,SERS-only,,0.32162462142453885,,0.7391359231899066,sers_only
uracil,pyrimidine,,980.0,,,None,SERS-only,,0.28288946622118194,,0.7823436272040329,sers_only
uracil,pyrimidine,,1040.0,,,None,SERS-only,,0.5422533366432783,,2.4560415410389336,sers_only
uracil,pyrimidine,,1074.0,,,None,SERS-only,,0.4397178504403168,,1.119332087731594,sers_only
uracil,pyrimidine,1102.0,1104.0,2.0,2.869616655713396,High,Intensity enhanced,0.11779997045193558,0.3380407601210369,1.0095755856253876,0.9989359431937257,matched
uracil,pyrimidine,,1164.0,,,None,SERS-only,,0.44524135640639245,,0.9210188540763398,sers_only
uracil,pyrimidine,,1196.0,,,None,SERS-only,,0.6420981499436659,,3.0423459891658453,sers_only
uracil,pyrimidine,,1210.0,,,None,SERS-only,,0.5038965522554804,,0.6967797380830132,sers_only
uracil,pyrimidine,1236.0,,,,None,Absent in SERS,0.8366706014931518,,7.461328276701527,,raman_only
uracil,pyrimidine,,1260.0,,,None,SERS-only,,0.41169902958124116,,1.1088568443466877,sers_only
uracil,pyrimidine,,1286.0,,,None,SERS-only,,0.3729241978560179,,0.5370383067508919,sers_only
uracil,pyrimidine,,1310.0,,,None,SERS-only,,0.5532314914842564,,2.2387519041360493,sers_only
uracil,pyrimidine,,1348.0,,,None,SERS-only,,0.4871533741630588,,1.3431850774625302,sers_only
uracil,pyrimidine,,1368.0,,,None,SERS-only,,0.26431203253546787,,0.7299721852667735,sers_only
uracil,pyrimidine,1396.0,1392.0,-4.0,1.176351133959798,High,Strong correspondence,0.2304319532159956,0.2710688906425587,2.021480137787937,0.5920907382541333,matched
uracil,pyrimidine,1420.0,,,,None,Absent in SERS,0.12583247983460302,,0.943641219295348,,raman_only
uracil,pyrimidine,,1448.0,,,None,SERS-only,,0.6788083253067405,,0.976757608379726,sers_only
uracil,pyrimidine,,1464.0,,,None,SERS-only,,0.7811092969369039,,3.4516770920698674,sers_only
uracil,pyrimidine,,1512.0,,,None,SERS-only,,0.497015646091173,,0.8996590016246722,sers_only
uracil,pyrimidine,,1540.0,,,None,SERS-only,,0.32635840936448357,,1.0281642646943914,sers_only
uracil,pyrimidine,,1600.0,,,None,SERS-only,,0.5668198115356029,,0.9799245422812966,sers_only
uracil,pyrimidine,,1626.0,,,None,SERS-only,,0.5796321684925836,,1.8554694712045543,sers_only
uracil,pyrimidine,1646.0,1650.0,4.0,3.0044639101486927,High,Intensity enhanced,0.14171687631314747,0.4257832433463216,1.2136236910410148,0.9630549624736529,matched
uracil,pyrimidine,,1676.0,,,None,SERS-only,,0.4886538902555242,,1.3094968848186057,sers_only
uracil,pyrimidine,,1700.0,,,None,SERS-only,,0.4684940425400035,,1.1085400419388596,sers_only
uracil,pyrimidine,,1726.0,,,None,SERS-only,,0.5718940806416857,,1.5457219722670619,sers_only
urate,purine,560.0,,,,None,Absent in SERS,0.31726327722326614,,1.8807803271573609,,raman_only
urate,purine,,596.0,,,None,SERS-only,,0.3118665235973511,,1.3954268690950529,sers_only
urate,purine,624.0,,,,None,Absent in SERS,0.9358686794645755,,5.900839447238641,,raman_only
urate,purine,,640.0,,,None,SERS-only,,1.0,,6.405842062285595,sers_only
urate,purine,,728.0,,,None,SERS-only,,0.13941618887485757,,0.6655413859550009,sers_only
urate,purine,782.0,,,,None,Absent in SERS,0.2782771508616002,,1.7223166645569772,,raman_only
urate,purine,,810.0,,,None,SERS-only,,0.4222025347537897,,2.642689968725667,sers_only
urate,purine,882.0,890.0,8.0,3.61157869495164,Medium,Intensity enhanced,0.11602432416956557,0.41903098087854435,0.6790141467375238,2.624338274959538,matched
urate,purine,998.0,,,,None,Absent in SERS,0.5063885599852639,,2.8573538875551217,,raman_only
urate,purine,,1014.0,,,None,SERS-only,,0.24588462251473742,,1.278142767038184,sers_only
urate,purine,1038.0,,,,None,Absent in SERS,1.0,,6.3143117337196575,,raman_only
urate,purine,1120.0,,,,None,Absent in SERS,0.3441466549439036,,2.0836583182457824,,raman_only
urate,purine,,1136.0,,,None,SERS-only,,0.6757329061911308,,4.294067431617148,sers_only
urate,purine,,1208.0,,,None,SERS-only,,0.4227608982964755,,2.5808017497346563,sers_only
urate,purine,1232.0,,,,None,Absent in SERS,0.26952009365254415,,1.6436986582748991,,raman_only
urate,purine,1286.0,,,,None,Absent in SERS,0.35143251324100894,,2.1789767776435283,,raman_only
urate,purine,,1370.0,,,None,SERS-only,,0.3481405128205082,,2.175760255107009,sers_only
urate,purine,1406.0,,,,None,Absent in SERS,0.6020920565782545,,3.8006821537060804,,raman_only
urate,purine,1498.0,,,,None,Absent in SERS,0.3165932737153404,,1.9149366677720683,,raman_only
urate,purine,1594.0,,,,None,Absent in SERS,0.20361216363780718,,0.9256929313251894,,raman_only
urate,purine,,1622.0,,,None,SERS-only,,0.3702348945962734,,2.276382212676708,sers_only
urate,purine,1650.0,,,,None,Absent in SERS,0.6351796626791615,,3.983582204068375,,raman_only
urea,small_nitrogenous,,528.0,,,None,SERS-only,,0.27333827002760597,,1.3226774950248583,sers_only
urea,small_nitrogenous,548.0,,,,None,Absent in SERS,0.1764709825426017,,2.0277017872848355,,raman_only
urea,small_nitrogenous,,584.0,,,None,SERS-only,,0.11916242151381125,,0.8961446651655114,sers_only
urea,small_nitrogenous,,800.0,,,None,SERS-only,,0.1368668272598933,,0.9658659493656996,sers_only
urea,small_nitrogenous,1012.0,1002.0,-10.0,0.9999999989999999,Low,Shifted band,1.0,1.0,11.52253651221591,7.883970162441076,matched
urea,small_nitrogenous,,1198.0,,,None,SERS-only,,0.1614003410787244,,1.109620037733869,sers_only
urea,small_nitrogenous,,1326.0,,,None,SERS-only,,0.1936471756817699,,1.5016774559943311,sers_only
urea,small_nitrogenous,,1500.0,,,None,SERS-only,,0.19227909928112374,,1.2409943702766717,sers_only
urea,small_nitrogenous,,1604.0,,,None,SERS-only,,0.24046295567966422,,1.7533977153489806,sers_only
valine,amino_acid,542.0,534.0,-8.0,0.7184489932399759,Medium,Shifted band,1.0,0.718448993958425,6.386696309454359,1.2325670270008309,matched
valine,amino_acid,,552.0,,,None,SERS-only,,0.7865611552929304,,1.7249543362210056,sers_only
valine,amino_acid,,580.0,,,None,SERS-only,,0.6690368340175534,,1.4520917282464731,sers_only
valine,amino_acid,,610.0,,,None,SERS-only,,0.609506543470034,,1.1220314169045476,sers_only
valine,amino_acid,,644.0,,,None,SERS-only,,0.7410204735289903,,2.0873642675709414,sers_only
valine,amino_acid,664.0,662.0,-2.0,3.7396805895336334,High,Intensity enhanced,0.1926167602215072,0.7203251631589052,1.2321415838422989,1.062488062314002,matched
valine,amino_acid,,682.0,,,None,SERS-only,,0.5196110315616784,,0.8452785128947092,sers_only
valine,amino_acid,,698.0,,,None,SERS-only,,0.5826228205091938,,1.1234251867464877,sers_only
valine,amino_acid,716.0,714.0,-2.0,3.253229812051556,High,Intensity enhanced,0.19310023230512324,0.6281994357023377,1.2056990958147464,1.1310092946577381,matched
valine,amino_acid,,734.0,,,None,SERS-only,,0.8452001107515967,,1.464360718612949,sers_only
valine,amino_acid,754.0,748.0,-6.0,3.643115590194065,Medium,Intensity enhanced,0.2000009631952648,0.7286266307136142,1.1087521135661864,0.849105452395977,matched
valine,amino_acid,,766.0,,,None,SERS-only,,0.7890804511757047,,0.6225981192379831,sers_only
valine,amino_acid,776.0,776.0,0.0,1.5762827482947448,High,Intensity enhanced,0.6005180548031175,0.9465862514019548,3.9683204140336663,3.2711421591024026,matched
valine,amino_acid,,806.0,,,None,SERS-only,,0.7583263079063655,,1.540636644147042,sers_only
valine,amino_acid,824.0,830.0,6.0,3.042679807790044,Medium,Intensity enhanced,0.24787515850632827,0.7542047426826414,1.441335166891076,1.1670003308989292,matched
valine,amino_acid,850.0,852.0,2.0,1.2235640539986201,High,Strong correspondence,0.46312178389653325,0.5666591686230792,3.066010148063353,0.7845545598745574,matched
valine,amino_acid,,868.0,,,None,SERS-only,,0.596329070876946,,0.8974385072984709,sers_only
valine,amino_acid,,884.0,,,None,SERS-only,,0.6606625214192546,,1.9008755515039364,sers_only
valine,amino_acid,902.0,902.0,0.0,3.428391126309217,High,Intensity enhanced,0.19739983528353078,0.6767638470493491,1.1965476615954715,1.948000828675968,matched
valine,amino_acid,,932.0,,,None,SERS-only,,0.8270720301982838,,2.539619433955485,sers_only
valine,amino_acid,946.0,952.0,6.0,0.9240154352231769,Medium,Shifted band,0.668312874872198,0.617531412864302,4.446862758561555,1.0847073261432885,matched
valine,amino_acid,964.0,968.0,4.0,1.591928223102852,High,Intensity enhanced,0.3443358748132393,0.5481579989339344,1.0116009100800767,0.4012209765644161,matched
valine,amino_acid,,984.0,,,None,SERS-only,,0.5912788060185381,,1.2240342077491135,sers_only
valine,amino_acid,,1002.0,,,None,SERS-only,,0.6083582760357101,,0.903662595323889,sers_only
valine,amino_acid,,1024.0,,,None,SERS-only,,0.7562110913534628,,1.3111126801336859,sers_only
valine,amino_acid,1034.0,1036.0,2.0,3.448241035800982,High,Intensity enhanced,0.18432400605896393,0.6355936050239893,1.0446539906646484,0.6453119362840142,matched
valine,amino_acid,,1044.0,,,None,SERS-only,,0.8358331489555163,,2.849119745291232,sers_only
valine,amino_acid,1066.0,1070.0,4.0,3.14725019947111,High,Intensity enhanced,0.23437079494446186,0.7376235342864104,1.5329721768907416,0.9896573258477437,matched
valine,amino_acid,,1104.0,,,None,SERS-only,,0.543316560855938,,1.1995196334095004,sers_only
valine,amino_acid,1126.0,1134.0,8.0,1.6801264894358239,Medium,Intensity enhanced,0.29012329671279297,0.48744383768973926,1.9069308707184882,0.4721441585042769,matched
valine,amino_acid,,1156.0,,,None,SERS-only,,0.8675880779767106,,3.0445705053609,sers_only
valine,amino_acid,,1176.0,,,None,SERS-only,,0.5804488585852088,,0.8443443620149562,sers_only
valine,amino_acid,1192.0,1196.0,4.0,2.5023283525703954,High,Intensity enhanced,0.24810742933949462,0.6208462574219017,1.468455216186586,1.6432634502025905,matched
valine,amino_acid,,1212.0,,,None,SERS-only,,0.5341785920719073,,0.5786270932654898,sers_only
valine,amino_acid,,1220.0,,,None,SERS-only,,0.6491852602152846,,2.124374130418847,sers_only
valine,amino_acid,,1236.0,,,None,SERS-only,,0.3768661651668832,,1.0318570211117688,sers_only
valine,amino_acid,,1254.0,,,None,SERS-only,,0.7659793235623865,,2.5148614123266144,sers_only
valine,amino_acid,1272.0,1270.0,-2.0,2.1245791958508167,High,Intensity enhanced,0.23159090360474643,0.4920332178715154,1.5310676042909788,0.903514047334554,matched
valine,amino_acid,,1286.0,,,None,SERS-only,,0.6267060464268126,,0.5010959365152914,sers_only
valine,amino_acid,,1300.0,,,None,SERS-only,,0.6670370776481463,,1.9042602969809352,sers_only
valine,amino_acid,,1322.0,,,None,SERS-only,,0.852031582541605,,2.9631221981090885,sers_only
valine,amino_acid,,1338.0,,,None,SERS-only,,0.5034721735662533,,0.6048025225674405,sers_only
valine,amino_acid,1352.0,1354.0,2.0,1.1908461607211147,High,Strong correspondence,0.5770385664868833,0.6871641626797669,3.8358265290679827,1.7412959886751735,matched
valine,amino_acid,,1376.0,,,None,SERS-only,,0.5612165707416176,,1.000003637506712,sers_only
valine,amino_acid,1396.0,,,,None,Absent in SERS,0.2807510768929418,,1.6695663727193697,,raman_only
valine,amino_acid,,1418.0,,,None,SERS-only,,0.5785651948777667,,0.732927465931241,sers_only
valine,amino_acid,1428.0,1434.0,6.0,4.159683693565162,Medium,Intensity enhanced,0.17780592009502247,0.7396163905982989,0.7145063515886636,0.992115219676633,matched
valine,amino_acid,1454.0,1450.0,-4.0,1.3491058500055797,High,Strong correspondence,0.5591262480430087,0.7543204934755997,3.6159726410344915,2.2594476146514957,matched
valine,amino_acid,,1480.0,,,None,SERS-only,,0.7008806638058084,,2.0437626292334414,sers_only
valine,amino_acid,,1492.0,,,None,SERS-only,,0.6435983927040672,,0.9627217146305952,sers_only
valine,amino_acid,1508.0,1512.0,4.0,5.695968183718046,High,Intensity enhanced,0.11224855643181107,0.6393642117998437,0.7236948364783633,1.2758909449854765,matched
valine,amino_acid,,1528.0,,,None,SERS-only,,0.5065336764258627,,0.4592690206783511,sers_only
valine,amino_acid,,1542.0,,,None,SERS-only,,0.33215055211628525,,0.3967251570096617,sers_only
valine,amino_acid,,1556.0,,,None,SERS-only,,0.8091940108856297,,2.1749221185910863,sers_only
valine,amino_acid,,1580.0,,,None,SERS-only,,0.844176631904972,,2.921821157487283,sers_only
valine,amino_acid,,1598.0,,,None,SERS-only,,0.6895594858717405,,1.7940775593848528,sers_only
valine,amino_acid,1620.0,1620.0,0.0,5.112451829555875,High,Intensity enhanced,0.12639891924591662,0.6462083910651235,0.7260303466042468,0.607027627485057,matched
valine,amino_acid,,1648.0,,,None,SERS-only,,0.8125463317218176,,2.500209386770545,sers_only
valine,amino_acid,,1664.0,,,None,SERS-only,,0.49247535654028857,,1.4057950459638702,sers_only
valine,amino_acid,,1682.0,,,None,SERS-only,,0.9458674449422804,,3.621807882180177,sers_only
valine,amino_acid,,1702.0,,,None,SERS-only,,1.0,,3.3240766387674188,sers_only
valine,amino_acid,,1726.0,,,None,SERS-only,,0.6892462262271638,,1.6201696376383654,sers_only
valine,amino_acid,,1746.0,,,None,SERS-only,,0.6134691635995455,,0.5267801574386237,sers_only
xanthine,purine,542.0,,,,None,Absent in SERS,0.24487089761968694,,1.7948974138423746,,raman_only
xanthine,purine,654.0,660.0,6.0,0.9999999989999999,Medium,Shifted band,1.0,1.0,7.733410128730151,8.98145023907021,matched
xanthine,purine,,870.0,,,None,SERS-only,,0.12978040971237242,,0.9471515578798589,sers_only
xanthine,purine,958.0,958.0,0.0,0.6394476429219071,High,Intensity reduced,0.38543890420810056,0.2464679994257203,2.9537428637935785,2.152092333431011,matched
xanthine,purine,,1054.0,,,None,SERS-only,,0.15598718465726713,,1.2874451735166843,sers_only
xanthine,purine,1128.0,1138.0,10.0,2.2377213150348227,Low,Intensity enhanced,0.10896471921648969,0.24383267701524483,0.8045415197095411,2.0139483904627435,matched
xanthine,purine,1208.0,,,,None,Absent in SERS,0.30634938094647307,,2.3460341470410757,,raman_only
xanthine,purine,,1246.0,,,None,SERS-only,,0.26172281287709614,,2.3105125336940455,sers_only
xanthine,purine,1264.0,,,,None,Absent in SERS,0.26475227350131103,,1.924160285312262,,raman_only
xanthine,purine,1330.0,1320.0,-10.0,0.24741773774267267,Low,Intensity reduced,0.96315718809128,0.2383021728155561,7.463761660133844,1.715894914615397,matched
xanthine,purine,,1372.0,,,None,SERS-only,,0.2634906693709682,,2.3072316172238647,sers_only
xanthine,purine,1434.0,1432.0,-2.0,0.6437300847786106,High,Intensity reduced,0.3215583294658692,0.20699677133206248,2.489492783481806,1.2497186596615177,matched
xanthine,purine,1556.0,1568.0,12.0,0.5044985683587707,Low,Intensity reduced,0.2893309347938625,0.14596704288990706,2.2123974166637432,1.104457412894762,matched
xanthine,purine,1596.0,,,,None,Absent in SERS,0.14516916783456432,,0.8215088895650566,,raman_only
xanthine,purine,1682.0,,,,None,Absent in SERS,0.17009306735549268,,1.2710131895864367,,raman_only
xanthine,purine,,1698.0,,,None,SERS-only,,0.15722457014875593,,1.3142548248676764,sers_only
