lsm_a,lsm_b,class_a,class_b,same_class,spectral_cosine,band_overlap,peak_agreement,bootstrap_cooccurrence,activation_cooccurrence,provenance_overlap,substitutability,edge_weight
acylglycerol.m01,fatty_acid.m01,acylglycerol,fatty_acid,False,0.9479932729674343,0.7839347305097684,0.8571428571428571,0.9159282743521205,0.9539334795501779,1.0,0.9297064928726858,0.8870633257315109
peptide_protein.m03,polysaccharide.m00,peptide_protein,polysaccharide,False,0.9701305987969403,0.7800736130354997,0.875,0.8003524357324577,0.9750149913337769,1.0,0.7875016855059533,0.8624215789085301
acylglycerol.m00,fatty_acid.m03,acylglycerol,fatty_acid,False,0.9195908371589702,0.9210831241844689,0.6153846153846154,0.8905013686134565,0.9837814304607475,1.0,0.6882680675628436,0.8465964468949537
acylglycerol.m02,fatty_acid.m00,acylglycerol,fatty_acid,False,0.880061944705357,0.8184419318108083,0.75,0.8954174841556561,0.9574788273080495,1.0,0.5001054795212907,0.8113938667356665
acylglycerol.m00,phospholipid_sphingolipid.m00,acylglycerol,phospholipid_sphingolipid,False,0.8987563994878394,0.6641540177538253,0.6666666666666666,0.8740549886513181,0.9718803650492456,1.0,0.668438365674701,0.7805130026402544
acylglycerol.m02,fatty_acid.m04,acylglycerol,fatty_acid,False,0.9085106738903272,0.698232509680802,0.5,0.8935027927979421,0.9913288482548446,1.0,0.7998319753355417,0.7764215155911889
fatty_acid.m03,sterol_steroid.m00,fatty_acid,sterol_steroid,False,0.8959239699323556,0.7211341341503088,0.42857142857142855,0.8864586251014975,0.9759612936083526,1.0,0.8458513459186963,0.7648621342840045
fatty_acid.m03,phospholipid_sphingolipid.m00,fatty_acid,phospholipid_sphingolipid,False,0.8914637662155382,0.6368028925071239,0.5714285714285714,0.8572081881574535,0.9825919810739546,1.0,0.7338800069471024,0.7591525628823128
acylglycerol.m00,sterol_steroid.m00,acylglycerol,sterol_steroid,False,0.8748001473834328,0.69646778180665,0.4,0.8721910192784573,0.9656932567748507,1.0,0.8686257575168133,0.7462338715364921
acylglycerol.m02,phospholipid_sphingolipid.m00,acylglycerol,phospholipid_sphingolipid,False,0.8318956265006636,0.6681885417438153,0.625,0.8306104712955888,0.9482720947616584,1.0,0.47981385385421355,0.7300131990618856
purine.m00,sulfur_thiol_cofactor.m00,purine,sulfur_thiol_cofactor,False,0.8298922876352363,0.607357308039196,0.5,0.6625963010249115,0.9406753903907605,1.0,0.7631946184941288,0.6971171562585085
fatty_acid.m00,phospholipid_sphingolipid.m00,fatty_acid,phospholipid_sphingolipid,False,0.7358985378978059,0.7002493706500461,0.5,0.7457807692434614,0.913718918652505,1.0,0.43986719309158856,0.6773721962666805
acylglycerol.m02,sterol_steroid.m00,acylglycerol,sterol_steroid,False,0.7314188505308423,0.5420996394862428,0.5,0.7319379472675851,0.9172741237257367,1.0,0.7178483977249202,0.6648487206413628
phospholipid_sphingolipid.m00,sterol_steroid.m00,phospholipid_sphingolipid,sterol_steroid,False,0.8603394026229891,0.3752226189276551,0.5,0.8465326954635062,0.9594897196415224,1.0,0.9573304498264559,0.6619245613210049
fatty_acid.m04,phospholipid_sphingolipid.m00,fatty_acid,phospholipid_sphingolipid,False,0.7970347636110967,0.3984281302265852,0.5,0.7903720586865406,0.9443554547918875,1.0,0.7158904729172048,0.635186700382003
fatty_acid.m04,sterol_steroid.m00,fatty_acid,sterol_steroid,False,0.7319358910300797,0.3449096778374506,0.375,0.7276697879425916,0.9151876586411691,1.0,0.6804160367986976,0.5651246683516489
acylglycerol.m01,phospholipid_sphingolipid.m00,acylglycerol,phospholipid_sphingolipid,False,0.6361082510514925,0.40103338746612927,0.4,0.6609368279034392,0.8316403394202257,1.0,0.4791172643455396,0.5430903257830302
free_amino_acid.m01,mono_oligosaccharide.m03,free_amino_acid,mono_oligosaccharide,False,0.5842198090025915,0.5074859321483071,0.375,0.40086959977122627,0.8171435142972145,1.0,0.7174153376807079,0.5407958070031339
acylglycerol.m00,fatty_acid.m00,acylglycerol,fatty_acid,False,0.6298150209620328,0.41978013571297423,0.5333333333333333,0.6329691406542111,0.9179312780830808,1.0,0.22316167347668422,0.5321061045072688
mono_oligosaccharide.m03,phosphate_metabolite.m00,mono_oligosaccharide,phosphate_metabolite,False,0.6293762516270784,0.3907485978685989,0.375,0.3889313797616859,0.8084559336931254,1.0,0.9258001074609492,0.5245168243890757
mono_oligosaccharide.m03,polysaccharide.m00,mono_oligosaccharide,polysaccharide,False,0.7213834350757383,0.299190422075974,0.375,0.4633372045110492,0.927289156131661,1.0,0.8586770555209837,0.5208515068440043
acylglycerol.m02,fatty_acid.m03,acylglycerol,fatty_acid,False,0.7362681459512112,0.4733415454579173,0.42857142857142855,0.7190316709656868,0.9345408544649532,1.0,0.1016562952078269,0.5167610840305514
free_amino_acid.m00,polysaccharide.m00,free_amino_acid,polysaccharide,False,0.579786417445435,0.27216099360812496,0.625,0.45936076248004265,0.7394021538234062,1.0,0.9119903653274056,0.5163596063134853
mono_oligosaccharide.m03,peptide_protein.m03,mono_oligosaccharide,peptide_protein,False,0.6945965632477116,0.33793613567668457,0.375,0.39975092907125764,0.8892694907875176,1.0,0.7031072462025407,0.5087844078484585
acylglycerol.m00,free_amino_acid.m06,acylglycerol,free_amino_acid,False,0.5742075093767219,0.43288932744093356,0.26666666666666666,0.382791771149401,0.7743364794598192,1.0,1.0,0.502505320070628
acylglycerol.m00,fatty_acid.m04,acylglycerol,fatty_acid,False,0.7760971887138934,0.31490941005660666,0.4,0.7721927025522667,0.9594568619236551,1.0,0.1858556546748577,0.5024786429942015
acylglycerol.m00,fatty_acid.m02,acylglycerol,fatty_acid,False,0.7226192605497775,0.22155753101534348,0.4,0.6939521709573991,0.9436391565423824,1.0,0.5214164916071624,0.49415254565736283
fatty_acid.m00,sterol_steroid.m00,fatty_acid,sterol_steroid,False,0.5498551356924543,0.2642959971337983,0.5,0.5638907189701867,0.852518133353048,1.0,0.5555217388077587,0.48824467410115313
carboxylic_acid_metabolite.m01,polysaccharide.m00,carboxylic_acid_metabolite,polysaccharide,False,0.6854853388200356,0.3688498659590787,0.5,0.19768301978168512,0.689573424677789,1.0,0.8172945306938071,0.4822240410312186
free_amino_acid.m03,polysaccharide.m01,free_amino_acid,polysaccharide,False,0.44437552164857674,0.41952099401600323,0.375,0.29848329122065503,0.6411575774004618,1.0,1.0,0.47127849424524665
free_amino_acid.m00,peptide_protein.m03,free_amino_acid,peptide_protein,False,0.5521605233486758,0.30089511223575766,0.5,0.38369558648958907,0.6935656373986545,1.0,0.5768334677979194,0.46846179375679375
free_amino_acid.m01,peptide_protein.m07,free_amino_acid,peptide_protein,False,0.5475041047162024,0.3626505270694202,0.25,0.4862237985112719,0.48539885162276064,1.0,1.0,0.4665260098985733
nucleic_acid_polymer.m00,polysaccharide.m01,nucleic_acid_polymer,polysaccharide,False,0.4731112920871222,0.33919431640848025,0.375,0.4509097888972174,0.485040702498008,1.0,0.9360611534640124,0.4650837705647623
peptide_protein.m07,sterol_steroid.m00,peptide_protein,sterol_steroid,False,0.6394470367567902,0.24408549046953054,0.25,0.5828037382270016,0.6730591356777316,1.0,0.7669670744027387,0.450659729580694
free_amino_acid.m06,sterol_steroid.m00,free_amino_acid,sterol_steroid,False,0.5692040193842589,0.35775601993111494,0.25,0.3913935148551855,0.7633422870614522,1.0,0.5773813706105616,0.449212242003392
nucleic_acid_polymer.m00,purine.m00,nucleic_acid_polymer,purine,False,0.5478244637023975,0.27896375366263915,0.375,0.4364048114648597,0.6672728915613166,1.0,0.5788781261836052,0.4465729474370595
carboxylic_acid_metabolite.m01,mono_oligosaccharide.m03,carboxylic_acid_metabolite,mono_oligosaccharide,False,0.7133832465909,0.43963041071361414,0.25,0.14764485996642654,0.73475935828877,1.0,0.8946446855113892,0.4449281001607944
free_amino_acid.m00,mono_oligosaccharide.m02,free_amino_acid,mono_oligosaccharide,False,0.5289194598689602,0.2790805086932581,0.5,0.3358736185549183,0.5916114246285025,1.0,0.6175939067555078,0.4427475082841156
carboxylic_acid_metabolite.m01,peptide_protein.m03,carboxylic_acid_metabolite,peptide_protein,False,0.6997188796554625,0.3842422853101495,0.375,0.1391254898577697,0.7239590264258197,1.0,0.7328999640754211,0.4418018931158328
phosphate_metabolite.m00,polysaccharide.m00,phosphate_metabolite,polysaccharide,False,0.6212426563574847,0.1787970857414908,0.25,0.6306520904730015,0.8622538751571011,1.0,0.9544592808022003,0.43948200362593653
fatty_acid.m00,free_amino_acid.m06,fatty_acid,free_amino_acid,False,0.4350253184063829,0.3007568869287029,0.375,0.2940762164865898,0.7489538924074028,1.0,1.0,0.43759866221654226
carboxylic_acid_metabolite.m00,phosphate_metabolite.m00,carboxylic_acid_metabolite,phosphate_metabolite,False,0.6244628749861533,0.2463657469687912,0.375,0.5382110510838198,0.28640594067539044,1.0,0.7972155116889165,0.4351107010834293
fatty_acid.m03,free_amino_acid.m06,fatty_acid,free_amino_acid,False,0.5298981908541307,0.39681136223277413,0.14285714285714285,0.34587220377170985,0.7465717078620304,1.0,1.0,0.43237871658817245
carboxylic_acid_metabolite.m01,phospholipid_sphingolipid.m01,carboxylic_acid_metabolite,phospholipid_sphingolipid,False,0.6836189701501778,0.281323480965226,0.375,0.19644566881679268,0.7790088469405358,1.0,0.7252518759869634,0.4310806218876338
sterol_steroid.m02,sulfur_thiol_cofactor.m00,sterol_steroid,sulfur_thiol_cofactor,False,0.6945094850460656,0.29189405067877455,0.125,0.6777517162102589,0.8489892144541102,1.0,0.44241547902550377,0.42787044778725264
peptide_protein.m03,phosphate_metabolite.m00,peptide_protein,phosphate_metabolite,False,0.6073656832259734,0.19044051366082243,0.25,0.5134885995533803,0.8479969113745205,1.0,0.8918237341907841,0.4273343836826497
peptide_protein.m07,sterol_steroid.m02,peptide_protein,sterol_steroid,False,0.50973985789946,0.23559375731193927,0.25,0.4800563362245304,0.6437894806016249,1.0,1.0,0.42390631188731814
peptide_protein.m07,sulfur_thiol_cofactor.m01,peptide_protein,sulfur_thiol_cofactor,False,0.45099901622096794,0.2514160715583152,0.25,0.4323554992529031,0.7543064146479707,1.0,1.0,0.4204896470574978
peptide_protein.m02,small_nitrogenous.m00,peptide_protein,small_nitrogenous,False,0.669466525518984,0.5780950539540265,0.375,0.5509496138207516,0.5735922521501269,0.0,0.8505734193890435,0.41855117708870443
acylglycerol.m02,free_amino_acid.m06,acylglycerol,free_amino_acid,False,0.44112920845320464,0.24908920586515523,0.375,0.30017522089203186,0.7225888595907571,1.0,1.0,0.41840988098909576
fatty_acid.m03,peptide_protein.m07,fatty_acid,peptide_protein,False,0.5290606432707715,0.20853898615657096,0.2857142857142857,0.47461843108497387,0.5876389265383574,1.0,1.0,0.418071386286624
free_amino_acid.m06,phospholipid_sphingolipid.m00,free_amino_acid,phospholipid_sphingolipid,False,0.572065634125812,0.3389575172151614,0.25,0.38270765244523924,0.7387187132917684,1.0,0.3017587128418478,0.41300989284378115
phospholipid_sphingolipid.m01,purine.m00,phospholipid_sphingolipid,purine,False,0.7527030938947876,0.22963194050292626,0.125,0.4696917615486619,0.8301880282904952,1.0,0.7206625455503481,0.40605241641228734
peptide_protein.m08,sterol_steroid.m00,peptide_protein,sterol_steroid,False,0.7439768621770971,0.3291363027366826,0.375,0.6856091793731416,0.8654180733877128,0.0,0.9824270921624001,0.40562493561466983
mono_oligosaccharide.m03,purine.m00,mono_oligosaccharide,purine,False,0.5563416892837646,0.19826569607363995,0.375,0.30464776571952945,0.6688073469857152,1.0,0.8488933640796721,0.4050139881548593
fatty_acid.m02,mono_oligosaccharide.m02,fatty_acid,mono_oligosaccharide,False,0.4081203741382743,0.22463566096016094,0.625,0.3379979937846932,0.26863648685280567,1.0,1.0,0.3996344799673601
polysaccharide.m00,purine.m00,polysaccharide,purine,False,0.5702999071980723,0.1831046495017522,0.25,0.45554735957667375,0.6671808899512884,1.0,0.8663430350699484,0.3995396485719047
phospholipid_sphingolipid.m01,sulfur_thiol_cofactor.m00,phospholipid_sphingolipid,sulfur_thiol_cofactor,False,0.7644967115792791,0.11177090627115444,0.25,0.5560935158003744,0.8473036135275225,1.0,0.9201393094900594,0.3975664773344671
mono_oligosaccharide.m03,sulfur_thiol_cofactor.m00,mono_oligosaccharide,sulfur_thiol_cofactor,False,0.6423081280524796,0.17552441667797572,0.25,0.4233292369317406,0.7338491995038485,1.0,0.7167343908858762,0.39666356966092653
mono_oligosaccharide.m00,phospholipid_sphingolipid.m01,mono_oligosaccharide,phospholipid_sphingolipid,False,0.6157455164207679,0.3023441695692223,0.125,0.4152843267534008,0.853881728644537,1.0,0.4652640071127405,0.393734709898953
acylglycerol.m00,peptide_protein.m07,acylglycerol,peptide_protein,False,0.5241587702109813,0.17250908965801068,0.26666666666666666,0.4834308590511261,0.5639287973253818,1.0,1.0,0.3933357851538124
acylglycerol.m01,fatty_acid.m03,acylglycerol,fatty_acid,False,0.5011888875523702,0.2492387739198201,0.3076923076923077,0.5651254217334359,0.8032151276933062,1.0,0.18097830247659807,0.3903365772679249
free_amino_acid.m00,purine.m00,free_amino_acid,purine,False,0.5622761499954853,0.20678697252369427,0.25,0.3425382521167905,0.7193819463269179,1.0,0.7150712276941693,0.38895465452474337
mono_oligosaccharide.m03,phospholipid_sphingolipid.m01,mono_oligosaccharide,phospholipid_sphingolipid,False,0.6282247990872247,0.18250065914023286,0.25,0.30107748536546214,0.83983176848452,1.0,0.7956703303499849,0.3880828170736858
carboxylic_acid_metabolite.m01,purine.m00,carboxylic_acid_metabolite,purine,False,0.6328683313495613,0.239705504724587,0.25,0.1909323368603868,0.7611703919104299,1.0,0.8044096198776783,0.3852130695158865
mono_oligosaccharide.m02,polysaccharide.m00,mono_oligosaccharide,polysaccharide,False,0.515763332265751,0.11989625976741092,0.5,0.4679685997426626,0.7863952619170836,1.0,0.5968022402911025,0.3843409350364183
fatty_acid.m02,peptide_protein.m05,fatty_acid,peptide_protein,False,0.5779569419670537,0.48686377797997477,0.25,0.562450366191234,0.7468444269203284,0.0,1.0,0.3834931486816798
acylglycerol.m02,fatty_acid.m02,acylglycerol,fatty_acid,False,0.6658669266776998,0.15177745740298723,0.375,0.645827571580297,0.9549389257169143,1.0,0.15101490782716193,0.3832666462373453
nucleic_acid_polymer.m00,sulfur_thiol_cofactor.m00,nucleic_acid_polymer,sulfur_thiol_cofactor,False,0.6049341156513752,0.23408968672102726,0.125,0.6054493547593259,0.6958656776493589,1.0,0.44235171517221067,0.37963362670192685
fatty_acid.m04,free_amino_acid.m06,fatty_acid,free_amino_acid,False,0.46515250392498597,0.19615350825507463,0.25,0.32390946583684094,0.7253357648044555,1.0,1.0,0.3792945034128858
free_amino_acid.m00,mono_oligosaccharide.m00,free_amino_acid,mono_oligosaccharide,False,0.4491668590395574,0.2178443936286623,0.375,0.3195106608542572,0.6354403344915679,1.0,0.5183454157978677,0.37893527463769805
mono_oligosaccharide.m02,peptide_protein.m03,mono_oligosaccharide,peptide_protein,False,0.5104055816161348,0.14427905796994525,0.375,0.3805836759793291,0.8098819586485622,1.0,0.6557938523491227,0.37763742507089265
acylglycerol.m01,carboxylic_acid_metabolite.m00,acylglycerol,carboxylic_acid_metabolite,False,0.4301585158219031,0.18587031994361636,0.4,0.3163809373275499,0.6317931278083081,1.0,0.7136601166517264,0.3756430810592559
nucleic_acid_polymer.m00,phosphate_metabolite.m00,nucleic_acid_polymer,phosphate_metabolite,False,0.49121875362137873,0.18170348119975002,0.25,0.4522114833577806,0.6315302660653704,1.0,0.681188141590605,0.3753653356770987
phospholipid_sphingolipid.m01,polysaccharide.m00,phospholipid_sphingolipid,polysaccharide,False,0.688316231820357,0.08302093786650525,0.375,0.4956199742742428,0.8670773881400069,1.0,0.8465270610070063,0.3752333165681883
acylglycerol.m01,sterol_steroid.m00,acylglycerol,sterol_steroid,False,0.527817547126473,0.1356095507129129,0.26666666666666666,0.5864867157232707,0.8219374553340398,1.0,0.5679834173309094,0.37464575289289753
purine.m00,sterol_steroid.m02,purine,sterol_steroid,False,0.5999162743636586,0.15077598938534942,0.25,0.41893936238917573,0.829813450306809,1.0,0.5610237716395572,0.3715446611857491
fatty_acid.m01,phospholipid_sphingolipid.m00,fatty_acid,phospholipid_sphingolipid,False,0.5110671359857529,0.18628422556777546,0.26666666666666666,0.4968118193134215,0.6847597690102434,1.0,0.3578989021878404,0.3685475845049685
fatty_acid.m02,sterol_steroid.m00,fatty_acid,sterol_steroid,False,0.650149564213285,0.1037334118426179,0.25,0.615994471417214,0.896271470465019,1.0,0.5806610648630003,0.3684224379334731
fatty_acid.m00,fatty_acid.m04,fatty_acid,fatty_acid,True,0.7410864805547221,0.5661032608910344,0.625,0.749818966771878,0.9394366544271668,1.0,0.0,0.3631699516837519
fatty_acid.m03,peptide_protein.m08,fatty_acid,peptide_protein,False,0.6685373130112234,0.2920741251913937,0.2857142857142857,0.6223565777861638,0.8149453329718984,0.0,1.0,0.363083852685548
carboxylic_acid_metabolite.m01,mono_oligosaccharide.m04,carboxylic_acid_metabolite,mono_oligosaccharide,False,0.5229438828721784,0.38724740422392995,0.375,0.07884757224887018,0.5390850768459877,1.0,0.5595162853015002,0.3624583335762866
mono_oligosaccharide.m03,polysaccharide.m01,mono_oligosaccharide,polysaccharide,False,0.6054087373292418,0.17625204628642532,0.25,0.38432487008216687,0.7450011089479781,1.0,0.3679902159830374,0.3623584327651874
mono_oligosaccharide.m00,polysaccharide.m01,mono_oligosaccharide,polysaccharide,False,0.44444091384671247,0.12426213666829376,0.5,0.38810488803260385,0.7325808915941744,1.0,0.5539855226023067,0.36072046184378415
peptide_protein.m03,purine.m00,peptide_protein,purine,False,0.5413576699680122,0.2471841047620748,0.125,0.3409187214000356,0.6752704600901945,1.0,0.7047678257935485,0.36069365738412357
free_amino_acid.m06,phosphate_metabolite.m00,free_amino_acid,phosphate_metabolite,False,0.6650587613454119,0.1265153463669254,0.375,0.4315013489364833,0.35827891273811585,1.0,0.6297939688395408,0.36041411774355886
acylglycerol.m00,acylglycerol.m02,acylglycerol,acylglycerol,True,0.8066468622471237,0.5331815518572912,0.5333333333333333,0.8038443564407903,0.9608204572151443,1.0,0.0,0.35986971233261056
mono_oligosaccharide.m04,purine.m00,mono_oligosaccharide,purine,False,0.5170029423181575,0.20244665952715712,0.25,0.2771279426576807,0.5956463523825953,1.0,0.6464072944977298,0.35802947294803256
mono_oligosaccharide.m03,peptide_protein.m07,mono_oligosaccharide,peptide_protein,False,0.5077273929200855,0.305665782173847,0.125,0.34316029223872596,0.2924024741861554,1.0,1.0,0.35801150698787304
free_amino_acid.m01,phospholipid_sphingolipid.m01,free_amino_acid,phospholipid_sphingolipid,False,0.5060516636339376,0.136723683701474,0.375,0.33261852692145244,0.7804578722984796,1.0,0.5556223094471888,0.357198378499224
chromophore_pigment.m01,peptide_protein.m07,chromophore_pigment,peptide_protein,False,0.4896613981559659,0.17012899082177063,0.25,0.4484433765560063,0.47824901221485666,1.0,0.639980713902156,0.35620744749092126
carboxylic_acid_metabolite.m01,sulfur_thiol_cofactor.m00,carboxylic_acid_metabolite,sulfur_thiol_cofactor,False,0.6501968258735352,0.15833370945476197,0.25,0.21279690910233187,0.7331296154825567,1.0,0.8350729050410002,0.35487763473951617
free_amino_acid.m06,phospholipid_sphingolipid.m01,free_amino_acid,phospholipid_sphingolipid,False,0.6233212787053417,0.20180171859756432,0.25,0.3196307548794434,0.42428678216154503,1.0,0.45945500118878596,0.35444768127935905
nucleic_acid_polymer.m00,sterol_steroid.m02,nucleic_acid_polymer,sterol_steroid,False,0.4047172509321824,0.23226004934775582,0.125,0.39501071595056075,0.6557332610463541,1.0,0.9977999535409582,0.3536135307470442
free_amino_acid.m00,sulfur_thiol_cofactor.m00,free_amino_acid,sulfur_thiol_cofactor,False,0.619912972272655,0.1579648881560717,0.125,0.4869787040598892,0.7852025267585041,1.0,0.6793605214563516,0.3535716887231188
fatty_acid.m02,phospholipid_sphingolipid.m00,fatty_acid,phospholipid_sphingolipid,False,0.6424503245362434,0.1199820070198997,0.25,0.6114412881501292,0.9042328955042429,1.0,0.2657955802151232,0.35243088660349264
phosphate_metabolite.m00,sterol_steroid.m02,phosphate_metabolite,sterol_steroid,False,0.534875357926281,0.17268416792138525,0.125,0.5111307898574148,0.7036759571863936,1.0,0.6796894960317573,0.3497423985269284
free_amino_acid.m06,mono_oligosaccharide.m04,free_amino_acid,mono_oligosaccharide,False,0.4671013545453726,0.2179945663416953,0.25,0.18887350870141914,0.7085881860075409,1.0,0.7689970855535238,0.3493350492437458
fatty_acid.m02,peptide_protein.m00,fatty_acid,peptide_protein,False,0.4780085339504888,0.4649729037758217,0.25,0.42191629273203923,0.7287431101472849,0.0,1.0,0.34871966056581744
peptide_protein.m03,sulfur_thiol_cofactor.m00,peptide_protein,sulfur_thiol_cofactor,False,0.5776050867892546,0.1642389348769478,0.125,0.4629144262010848,0.7130798360399879,1.0,0.7155829692669576,0.3478056688565099
mono_oligosaccharide.m03,sterol_steroid.m02,mono_oligosaccharide,sterol_steroid,False,0.47599868603164486,0.22193190748461056,0.125,0.31222952615430766,0.6296146611137123,1.0,1.0,0.3472891121186321
mono_oligosaccharide.m05,phospholipid_sphingolipid.m01,mono_oligosaccharide,phospholipid_sphingolipid,False,0.5119684584012746,0.24139609309048302,0.25,0.18026835176859923,0.7717440055200967,1.0,0.4350632120127065,0.3453128083418889
mono_oligosaccharide.m00,sulfur_thiol_cofactor.m00,mono_oligosaccharide,sulfur_thiol_cofactor,False,0.5220004035625564,0.1285736701671977,0.25,0.46704807021646866,0.719250515455449,1.0,0.5037491554734399,0.34421268255516724
mono_oligosaccharide.m01,sterol_steroid.m02,mono_oligosaccharide,sterol_steroid,False,0.33347490996320395,0.19351968392140229,0.25,0.34002365178005584,0.513718918652505,1.0,1.0,0.34417858570924975
mono_oligosaccharide.m00,peptide_protein.m03,mono_oligosaccharide,peptide_protein,False,0.48320359442612165,0.08741856438875531,0.5,0.37243523122303707,0.8445369936831039,1.0,0.6444505559933782,0.34380397298115145
fatty_acid.m04,peptide_protein.m07,fatty_acid,peptide_protein,False,0.39433217498304274,0.2558590710349776,0.125,0.3618220942952594,0.46114985583676293,1.0,1.0,0.3434532415493828
peptide_protein.m00,sterol_steroid.m00,peptide_protein,sterol_steroid,False,0.6946734370720398,0.22588927369629547,0.25,0.6542961714743735,0.8699425811380272,0.0,0.9248607609846967,0.3384105495795275
carboxylic_acid_metabolite.m00,sterol_steroid.m02,carboxylic_acid_metabolite,sterol_steroid,False,0.41767897837441204,0.21785219661459837,0.25,0.2715054072450113,0.4460550202485687,1.0,0.6416735145723588,0.3381715263953624
polysaccharide.m00,sterol_steroid.m02,polysaccharide,sterol_steroid,False,0.4321232041506001,0.1277771088305488,0.25,0.4163961793000009,0.58556231876915,1.0,0.8935936042336252,0.3374606284055986
phospholipid_sphingolipid.m01,purine.m01,phospholipid_sphingolipid,purine,False,0.4266030465795891,0.21228829116421244,0.25,0.2894693401995928,0.7237848805211234,1.0,0.35696452844721344,0.33720277867322745
nucleic_acid_polymer.m00,polysaccharide.m00,nucleic_acid_polymer,polysaccharide,False,0.4293272111038495,0.1398486568466533,0.25,0.40775164943957476,0.6039330688287046,1.0,0.6768642215586466,0.3352522143879229
peptide_protein.m07,phospholipid_sphingolipid.m01,peptide_protein,phospholipid_sphingolipid,False,0.6085218841677584,0.11533423216821502,0.25,0.42150679976404926,0.41195199487419604,1.0,0.7564488150467461,0.3350573136723447
peptide_protein.m03,phospholipid_sphingolipid.m01,peptide_protein,phospholipid_sphingolipid,False,0.6623351365468789,0.12053156274076131,0.125,0.4240058386233872,0.863489325348908,1.0,0.752891543330668,0.33452761364966477
carboxylic_acid_metabolite.m00,fatty_acid.m01,carboxylic_acid_metabolite,fatty_acid,False,0.37696350620692237,0.20282813011982984,0.26666666666666666,0.2987590476846465,0.6228098277434142,1.0,0.46867574732892997,0.3340090021012844
mono_oligosaccharide.m01,peptide_protein.m03,mono_oligosaccharide,peptide_protein,False,0.4606504663644921,0.1263669574426568,0.375,0.3739769027105759,0.7419749131324085,1.0,0.3499104091548966,0.3323140481386147
mono_oligosaccharide.m03,nucleic_acid_polymer.m00,mono_oligosaccharide,nucleic_acid_polymer,False,0.44764518568532163,0.14120166363473136,0.25,0.28856114300583036,0.6288030754823924,1.0,0.8977372788513854,0.33230724311565707
carboxylic_acid_metabolite.m01,mono_oligosaccharide.m00,carboxylic_acid_metabolite,mono_oligosaccharide,False,0.5039842409626745,0.16325396239407278,0.375,0.1589267130633089,0.7338163417859813,1.0,0.559632798831116,0.33214873543836154
nucleic_acid_polymer.m00,pyrimidine.m00,nucleic_acid_polymer,pyrimidine,False,0.5622765699683034,0.06257426957588041,0.5,0.4987802535969705,0.7397274452302915,1.0,0.5330154948207811,0.32976304874213697
mono_oligosaccharide.m00,purine.m00,mono_oligosaccharide,purine,False,0.4526095029683672,0.14768871110621765,0.25,0.323787647988145,0.6839448976071367,1.0,0.5338230575613566,0.3280601248380548
mono_oligosaccharide.m01,polysaccharide.m00,mono_oligosaccharide,polysaccharide,False,0.464422450177969,0.11577574383933803,0.25,0.4444191286584578,0.7163393216524147,1.0,0.5469773001718848,0.327684393842507
free_amino_acid.m03,sulfur_thiol_cofactor.m00,free_amino_acid,sulfur_thiol_cofactor,False,0.554346655064075,0.0893455668291569,0.5,0.34854909905741127,0.6682389084666125,1.0,0.39265629443290717,0.32704240359792397
free_amino_acid.m00,peptide_protein.m08,free_amino_acid,peptide_protein,False,0.6182814537155805,0.298210895829621,0.375,0.41239686849684193,0.3878672876775344,0.0,1.0,0.32669194762604775
acylglycerol.m00,peptide_protein.m08,acylglycerol,peptide_protein,False,0.6328144168255149,0.2113892797934722,0.26666666666666666,0.6170692789753994,0.7799748638458316,0.0,1.0,0.32597138075624715
peptide_protein.m07,purine.m01,peptide_protein,purine,False,0.40578518994372564,0.20299671012031992,0.125,0.3274030914603088,0.5058002086465085,1.0,1.0,0.3241367752432383
peptide_protein.m06,sterol_steroid.m00,peptide_protein,sterol_steroid,False,0.6475807207636245,0.1903823750220922,0.375,0.5294393205577871,0.7892045967947298,0.0,0.8398106178312283,0.32283430911740846
mono_oligosaccharide.m01,small_nitrogenous.m00,mono_oligosaccharide,small_nitrogenous,False,0.35388928472032294,0.2155116575301777,0.125,0.3552426074193606,0.47604425934596717,1.0,1.0,0.322122578564676
carboxylic_acid_metabolite.m01,peptide_protein.m07,carboxylic_acid_metabolite,peptide_protein,False,0.5064321771035093,0.2620871469751874,0.125,0.1487281695676632,0.5194427331049722,1.0,0.976682736729659,0.3209521539729936
nucleic_acid_polymer.m00,peptide_protein.m09,nucleic_acid_polymer,peptide_protein,False,0.47815880426143775,0.38184947287828075,0.25,0.4423572586086801,0.6638458315877671,0.0,0.7189054101964598,0.32049285630476665
fatty_acid.m02,peptide_protein.m07,fatty_acid,peptide_protein,False,0.37161110419966037,0.21559745465683336,0.125,0.3169934186527769,0.46610808546292426,1.0,1.0,0.31913272922383285
mono_oligosaccharide.m05,small_nitrogenous.m00,mono_oligosaccharide,small_nitrogenous,False,0.3380655499060034,0.2596383544639738,0.25,0.16754506743310238,0.3135497014054889,1.0,1.0,0.31793166381088717
polysaccharide.m00,sulfur_thiol_cofactor.m00,polysaccharide,sulfur_thiol_cofactor,False,0.6101482327199449,0.09067660577202802,0.125,0.5894932249648379,0.7213402663118034,1.0,0.7685770876601421,0.3169216956637765
acylglycerol.m00,free_amino_acid.m03,acylglycerol,free_amino_acid,False,0.3673385985570106,0.1662304083896941,0.26666666666666666,0.2355230892884173,0.41683465174926276,1.0,1.0,0.3161459667412539
chromophore_pigment.m00,mono_oligosaccharide.m00,chromophore_pigment,mono_oligosaccharide,False,0.26221246518695424,0.2023139424903857,0.3333333333333333,0.23282610067562154,0.5424004205787888,1.0,0.6664788426413286,0.31588886689977397
carboxylic_acid_metabolite.m01,sterol_steroid.m00,carboxylic_acid_metabolite,sterol_steroid,False,0.4655881334439186,0.20549224250321424,0.375,0.1527761600778795,0.2602643403402417,1.0,0.661428324863895,0.3155745799785121
purine.m01,sterol_steroid.m02,purine,sterol_steroid,False,0.32168397940731674,0.15799887038240085,0.25,0.3078037011452648,0.7299654172519449,1.0,0.60593819427364,0.31524958268658276
peptide_protein.m07,sterol_steroid.m01,peptide_protein,sterol_steroid,False,0.4717476761809029,0.08731503085989754,0.25,0.44456298623331425,0.5916935689231705,1.0,0.8590851542182878,0.3144188027317472
acylglycerol.m02,free_amino_acid.m03,acylglycerol,free_amino_acid,False,0.2855654585111652,0.18822289880576765,0.375,0.1886678841662283,0.3856099624600574,1.0,1.0,0.31324450478681964
carboxylic_acid_metabolite.m00,phospholipid_sphingolipid.m00,carboxylic_acid_metabolite,phospholipid_sphingolipid,False,0.5239534052924779,0.11482402362276814,0.375,0.3183991995185816,0.5518765864116908,1.0,0.32438934008906933,0.3131180209279904
nucleic_acid_polymer.m00,peptide_protein.m03,nucleic_acid_polymer,peptide_protein,False,0.39975251449523136,0.16678082314040443,0.25,0.31891844808165754,0.5578961203249629,1.0,0.37547189514738266,0.31135137950225583
free_amino_acid.m06,mono_oligosaccharide.m00,free_amino_acid,mono_oligosaccharide,False,0.43329249764934163,0.16975905315613754,0.25,0.2806185688939926,0.4412873653860372,1.0,0.46382670481444366,0.3110503227720193
free_amino_acid.m04,peptide_protein.m06,free_amino_acid,peptide_protein,False,0.5457369549908484,0.5210482610905357,0.125,0.4365295941524755,0.34402194895553534,0.0,1.0,0.30960882505961307
mono_oligosaccharide.m05,polysaccharide.m01,mono_oligosaccharide,polysaccharide,False,0.654938704626045,0.06923970857041038,0.25,0.3480618653489529,0.7864281196349507,1.0,0.7102002322823385,0.30829919539572065
peptide_protein.m03,purine.m01,peptide_protein,purine,False,0.2865543366295249,0.19891141859148564,0.375,0.22620446031263308,0.6137608122427858,1.0,0.3488520613011483,0.30792874746582205
polysaccharide.m01,sulfur_thiol_cofactor.m00,polysaccharide,sulfur_thiol_cofactor,False,0.5386681875062758,0.0806621831520101,0.25,0.5093500978481414,0.634710893154916,1.0,0.4832381695019882,0.3071488808665381
fatty_acid.m03,free_amino_acid.m03,fatty_acid,free_amino_acid,False,0.34813475257973603,0.1559451016934437,0.2857142857142857,0.21834513769712796,0.39424168494377226,1.0,1.0,0.30579472296156557
fatty_acid.m02,fatty_acid.m04,fatty_acid,fatty_acid,True,0.6881202611537792,0.2620872370980373,0.875,0.6641733713588509,0.9655289681855149,1.0,0.0,0.30567807866110075
free_amino_acid.m06,sterol_steroid.m02,free_amino_acid,sterol_steroid,False,0.4321295369250072,0.1437844685609112,0.25,0.31427080668804647,0.44279224886435514,1.0,0.4821487575972977,0.30463198342069225
peptide_protein.m03,sterol_steroid.m02,peptide_protein,sterol_steroid,False,0.41543516080139425,0.14148722638544145,0.25,0.32239190817065694,0.5642179452426132,1.0,0.39505695503533217,0.30348640442161623
mono_oligosaccharide.m04,sulfur_thiol_cofactor.m00,mono_oligosaccharide,sulfur_thiol_cofactor,False,0.5329338312598546,0.0785627632778009,0.375,0.35398616098339464,0.5352571527144583,1.0,0.4946320825443217,0.3019089269553388
fatty_acid.m00,free_amino_acid.m03,fatty_acid,free_amino_acid,False,0.3206588277839209,0.16323145446466092,0.25,0.21470684305421142,0.4547918874294586,1.0,1.0,0.3017579758532425
mono_oligosaccharide.m04,polysaccharide.m00,mono_oligosaccharide,polysaccharide,False,0.4527572809527088,0.15367295650210994,0.25,0.24398024113515202,0.3833460656990069,1.0,0.5446285886497655,0.30032106441307205
carboxylic_acid_metabolite.m00,free_amino_acid.m02,carboxylic_acid_metabolite,free_amino_acid,False,0.4383934322827074,0.1869443856598862,0.25,0.2533060595066584,0.34385437459441254,1.0,0.36903393687564284,0.2998353532700685
chromophore_pigment.m01,mono_oligosaccharide.m02,chromophore_pigment,mono_oligosaccharide,False,0.2931807170146302,0.19475474661475084,0.25,0.25080896740482894,0.2595776140368171,1.0,1.0,0.2997907835836859
peptide_protein.m07,small_nitrogenous.m00,peptide_protein,small_nitrogenous,False,0.3778981121422563,0.116174821802171,0.25,0.3311162045259021,0.6131430871468823,1.0,0.6076922616665259,0.29961639139377405
fatty_acid.m03,fatty_acid.m04,fatty_acid,fatty_acid,True,0.7465233282457056,0.2789158205287207,0.5714285714285714,0.7262387272960811,0.9345802837263939,1.0,0.0,0.2990507037352053
polysaccharide.m01,purine.m01,polysaccharide,purine,False,0.23692188841396455,0.1648629382654845,0.375,0.21764737363749864,0.3806714474646164,1.0,1.0,0.29786846761814356
mono_oligosaccharide.m00,polysaccharide.m00,mono_oligosaccharide,polysaccharide,False,0.47985452161479825,0.05543275973493969,0.375,0.4462750302225501,0.8059620329070044,1.0,0.5928518670734342,0.2976012146040286
free_amino_acid.m01,polysaccharide.m00,free_amino_acid,polysaccharide,False,0.49931118796343404,0.059152751196642615,0.25,0.42432882298471325,0.8115215587701357,1.0,0.8967221345568326,0.29696835477280753
mono_oligosaccharide.m01,phosphate_metabolite.m00,mono_oligosaccharide,phosphate_metabolite,False,0.44547362340096125,0.1320511751379006,0.125,0.43329066232796515,0.6840960431093259,1.0,0.48528602612713373,0.2965615578202174
fatty_acid.m04,peptide_protein.m05,fatty_acid,peptide_protein,False,0.5462084707863764,0.1801969957243318,0.25,0.5707531127923801,0.7503963462217733,0.0,1.0,0.2965486070555731
chromophore_pigment.m01,nucleic_acid_polymer.m00,chromophore_pigment,nucleic_acid_polymer,False,0.4725986022811959,0.09171723739090995,0.125,0.47447117975522457,0.6879173956972819,1.0,0.8888376063121444,0.2951991323679581
mono_oligosaccharide.m04,sterol_steroid.m01,mono_oligosaccharide,sterol_steroid,False,0.3407860618072142,0.2905788345736903,0.125,0.2015775851609506,0.3192965162604631,1.0,0.7194801722365255,0.2941958199705246
mono_oligosaccharide.m04,phospholipid_sphingolipid.m01,mono_oligosaccharide,phospholipid_sphingolipid,False,0.5910063936331437,0.17195900681531534,0.125,0.2545561956669754,0.5731289583281993,1.0,0.34570398921271267,0.2939506297506578
mono_oligosaccharide.m02,phosphate_metabolite.m00,mono_oligosaccharide,phosphate_metabolite,False,0.5025598834745595,0.10019327446205671,0.125,0.4558912377615944,0.6607604918800366,1.0,0.6654692575401664,0.2938529814548567
acylglycerol.m02,peptide_protein.m07,acylglycerol,peptide_protein,False,0.3707038105577051,0.15024050806359782,0.125,0.3364882822371967,0.4538948717316839,1.0,1.0,0.2932781393038594
chromophore_pigment.m01,sterol_steroid.m02,chromophore_pigment,sterol_steroid,False,0.351222561765244,0.13641248843135162,0.125,0.3390242490200399,0.6342245989304813,1.0,1.0,0.29317399069586525
fatty_acid.m02,free_amino_acid.m06,fatty_acid,free_amino_acid,False,0.4616804401300284,0.11346821251231785,0.125,0.2914850763729618,0.7242448885712643,1.0,1.0,0.2929573125074321
fatty_acid.m04,peptide_protein.m08,fatty_acid,peptide_protein,False,0.4763651829423472,0.3269614403849174,0.125,0.4788702454845423,0.7031962345055325,0.0,1.0,0.292071358315513
acylglycerol.m01,free_amino_acid.m06,acylglycerol,free_amino_acid,False,0.3427608555035414,0.11242866901295168,0.26666666666666666,0.24830741906034282,0.5222980687876324,1.0,1.0,0.291509771593349
fatty_acid.m04,free_amino_acid.m03,fatty_acid,free_amino_acid,False,0.29133888032237765,0.13410305271961373,0.375,0.1962778035794366,0.3935188151506937,1.0,1.0,0.2912535812769324
phosphate_metabolite.m00,polysaccharide.m01,phosphate_metabolite,polysaccharide,False,0.4526627611479729,0.11391738586391431,0.125,0.41604485621299414,0.6313068335838734,1.0,0.6376337575433088,0.2905301182767129
carboxylic_acid_metabolite.m00,polysaccharide.m00,carboxylic_acid_metabolite,polysaccharide,False,0.419163457861883,0.2874659660760871,0.125,0.4096340092759136,0.08511627524910258,1.0,0.5531038716851574,0.29026931316922283
sterol_steroid.m00,sulfur_thiol_cofactor.m00,sterol_steroid,sulfur_thiol_cofactor,False,0.5277168387722433,0.07753221129632618,0.25,0.5074048662333445,0.28572250014375256,1.0,0.6988180037327255,0.2899851652447165
free_amino_acid.m00,nucleic_acid_polymer.m00,free_amino_acid,nucleic_acid_polymer,False,0.3821568100764349,0.16196061131750397,0.125,0.3074871838313696,0.5397422312033319,1.0,0.6589274239682436,0.2894767083139082
free_amino_acid.m06,peptide_protein.m07,free_amino_acid,peptide_protein,False,0.4442185124472759,0.1193991546607094,0.125,0.32547023651029555,0.5167319713809277,1.0,1.0,0.2894072262587304
carboxylic_acid_metabolite.m01,polysaccharide.m01,carboxylic_acid_metabolite,polysaccharide,False,0.654793939518405,0.07307603788608641,0.375,0.1687953941317316,0.6663463039174615,1.0,0.6011282726434698,0.2881642972969048
carboxylic_acid_metabolite.m01,nucleic_acid_polymer.m00,carboxylic_acid_metabolite,nucleic_acid_polymer,False,0.46385058925837575,0.11273137108335847,0.375,0.15690709996549904,0.6018728899184308,1.0,0.49392873511851976,0.2877761557392595
chromophore_pigment.m01,phospholipid_sphingolipid.m01,chromophore_pigment,phospholipid_sphingolipid,False,0.47545394074241926,0.11956614804033112,0.125,0.35693385139787237,0.6120916401751316,1.0,0.5804983787121833,0.28662241993437376
free_amino_acid.m03,sterol_steroid.m00,free_amino_acid,sterol_steroid,False,0.35488059128543137,0.1927324684002041,0.25,0.21886071113884403,0.4143900375399427,1.0,0.342844906057592,0.2865642723724166
peptide_protein.m04,sterol_steroid.m00,peptide_protein,sterol_steroid,False,0.6545647058373916,0.16080853237950585,0.25,0.4808752167428858,0.8695450027518341,0.0,0.7270771742746814,0.2863194868057931
peptide_protein.m03,polysaccharide.m01,peptide_protein,polysaccharide,False,0.6464547198949381,0.08165811728726462,0.25,0.5118547311923316,0.794655692188899,1.0,0.12756303504318695,0.286260125010162
free_amino_acid.m01,mono_oligosaccharide.m02,free_amino_acid,mono_oligosaccharide,False,0.37384009018933817,0.08161611360726646,0.375,0.2799547628077785,0.6862317947706943,1.0,0.5908083875900288,0.2860492216020426
fatty_acid.m01,purine.m00,fatty_acid,purine,False,0.34226048449584534,0.17038289372194096,0.13333333333333333,0.3759376016447982,0.37894970304837483,1.0,0.5932135072801774,0.2850462194208488
carboxylic_acid_metabolite.m01,phosphate_metabolite.m00,carboxylic_acid_metabolite,phosphate_metabolite,False,0.5296362973165019,0.14454071514035507,0.125,0.20399922002494977,0.605727100224254,1.0,0.6421307876383653,0.28494689286860103
free_amino_acid.m02,peptide_protein.m07,free_amino_acid,peptide_protein,False,0.37147587808749083,0.09147049359343327,0.375,0.28651063395665693,0.26410212178713127,1.0,1.0,0.2825916793373373
fatty_acid.m02,peptide_protein.m06,fatty_acid,peptide_protein,False,0.3943295113172204,0.3148630297400614,0.25,0.28744377230164414,0.6154891282026008,0.0,1.0,0.28255191111292915
acylglycerol.m02,peptide_protein.m08,acylglycerol,peptide_protein,False,0.46975701081475163,0.18788767521432306,0.25,0.46620355639868344,0.7103822174030903,0.0,1.0,0.28052771487576994
phospholipid_sphingolipid.m00,sterol_steroid.m02,phospholipid_sphingolipid,sterol_steroid,False,0.3720576391780207,0.2424570660813325,0.25,0.3827291494083853,0.1395352275807684,1.0,0.17619787727769032,0.2795592988876413
mono_oligosaccharide.m00,phosphate_metabolite.m00,mono_oligosaccharide,phosphate_metabolite,False,0.5055848447658722,0.07888843987005587,0.125,0.4494775124929835,0.772539162292483,1.0,0.6242877853393807,0.2791164178229355
free_amino_acid.m05,peptide_protein.m07,free_amino_acid,peptide_protein,False,0.5792804099763162,0.1644452703163255,0.375,0.35693610919816426,0.502008428004633,0.0,1.0,0.2790278025819019
sterol_steroid.m02,sulfur_thiol_cofactor.m01,sterol_steroid,sulfur_thiol_cofactor,False,0.3734655335170496,0.13519562895858736,0.125,0.3676758011059522,0.8044604352004733,1.0,0.37731394539817326,0.2784631822353105
phospholipid_sphingolipid.m00,sulfur_thiol_cofactor.m00,phospholipid_sphingolipid,sulfur_thiol_cofactor,False,0.5194971148685124,0.09910303563642427,0.25,0.515862203944918,0.17849462365591398,1.0,0.3748054942659755,0.27621835459649063
free_amino_acid.m01,mono_oligosaccharide.m00,free_amino_acid,mono_oligosaccharide,False,0.2854936943991292,0.10603158078731528,0.375,0.23456532271616487,0.6597386168543665,1.0,0.496252305463031,0.27582258149522054
acylglycerol.m00,sterol_steroid.m02,acylglycerol,sterol_steroid,False,0.34440359785719055,0.22824231964089697,0.13333333333333333,0.3500326899211807,0.1797267880759342,1.0,0.4616344922404572,0.27495447142133145
carboxylic_acid_metabolite.m01,free_amino_acid.m01,carboxylic_acid_metabolite,free_amino_acid,False,0.4219414237759117,0.2000436137604101,0.125,0.11803814113311593,0.6320264176051653,1.0,0.6809176880401686,0.27482386723545765
mono_oligosaccharide.m04,peptide_protein.m04,mono_oligosaccharide,peptide_protein,False,0.48036618837079037,0.262463593443055,0.25,0.25893296370215796,0.5753698546867428,0.0,1.0,0.2746284760156611
fatty_acid.m00,fatty_acid.m03,fatty_acid,fatty_acid,True,0.5862809651659944,0.33187913999263324,0.42857142857142855,0.5836724395264549,0.8898083573605395,1.0,0.0,0.2744888173996335
carboxylic_acid_metabolite.m01,sterol_steroid.m02,carboxylic_acid_metabolite,sterol_steroid,False,0.38738421469061757,0.22621367719078753,0.125,0.14297814230378456,0.6023854703171592,1.0,0.45237833932926896,0.27391932783726014
polysaccharide.m00,purine.m01,polysaccharide,purine,False,0.31940189308105427,0.10342689021826933,0.25,0.2877806254559442,0.674629734591784,1.0,0.5179249800063148,0.2737847989879749
free_amino_acid.m04,peptide_protein.m07,free_amino_acid,peptide_protein,False,0.3997476599224509,0.2758648233569736,0.25,0.3410681963365363,0.4592769659183322,0.0,1.0,0.2731215187897205
purine.m00,sulfur_thiol_cofactor.m01,purine,sulfur_thiol_cofactor,False,0.44750113963077814,0.07827419922212243,0.25,0.36148162023374675,0.7493416134782359,1.0,0.32362236584100984,0.27254565309947487
fatty_acid.m04,peptide_protein.m00,fatty_acid,peptide_protein,False,0.46899172538042966,0.17327214271485697,0.25,0.4251102302061303,0.7494270435446907,0.0,1.0,0.2724923996155449
carboxylic_acid_metabolite.m01,fatty_acid.m01,carboxylic_acid_metabolite,fatty_acid,False,0.4947062333318717,0.11474181480008291,0.4,0.12137417746460501,0.44041335009076943,1.0,0.43074334183628776,0.2719792385947404
mono_oligosaccharide.m05,polysaccharide.m00,mono_oligosaccharide,polysaccharide,False,0.48343018068035143,0.10182569786242482,0.25,0.29166960610484904,0.8434855467113532,1.0,0.1695906126105201,0.2715211871483483
carboxylic_acid_metabolite.m00,peptide_protein.m07,carboxylic_acid_metabolite,peptide_protein,False,0.5535973252911833,0.06862786008275051,0.125,0.3496393362291341,0.6284580694447868,1.0,1.0,0.2714382749653169
chromophore_pigment.m01,free_amino_acid.m02,chromophore_pigment,free_amino_acid,False,0.29074062115570865,0.17996836747390743,0.125,0.24558433288551176,0.5707139160649597,1.0,0.6039060379200694,0.2712099202757202
mono_oligosaccharide.m02,polysaccharide.m01,mono_oligosaccharide,polysaccharide,False,0.5036934597801254,0.08931605477891931,0.125,0.4440464854911863,0.7586272045475083,1.0,0.33754408563108523,0.269558048918344
small_nitrogenous.m00,sulfur_thiol_cofactor.m01,small_nitrogenous,sulfur_thiol_cofactor,False,0.2757558613055744,0.13669934405366094,0.125,0.25157181357921604,0.6590748909534488,1.0,1.0,0.2682723007163827
fatty_acid.m02,mono_oligosaccharide.m00,fatty_acid,mono_oligosaccharide,False,0.2711804206299774,0.15933229237660998,0.375,0.24053442941429506,0.0949505902067572,1.0,1.0,0.26807644862194235
fatty_acid.m01,sterol_steroid.m02,fatty_acid,sterol_steroid,False,0.2576893150160506,0.12154817303467619,0.26666666666666666,0.25902168726916047,0.3189712248535778,1.0,0.9619701586376839,0.2679127799203142
fatty_acid.m00,peptide_protein.m03,fatty_acid,peptide_protein,False,0.30476328311397743,0.24107570947829074,0.25,0.24647880772514852,0.05219284194616264,1.0,0.8803395555877217,0.2673098407562108
chromophore_pigment.m01,phosphate_metabolite.m00,chromophore_pigment,phosphate_metabolite,False,0.363276628902143,0.1169132966461037,0.125,0.3535984841784768,0.5334006916549612,1.0,0.6054656372196114,0.26714117817787714
mono_oligosaccharide.m03,peptide_protein.m01,mono_oligosaccharide,peptide_protein,False,0.4563154778436424,0.23326743225499547,0.25,0.248699147978276,0.7415050477669074,0.0,0.9296820712138563,0.2671182555581011
chromophore_pigment.m01,peptide_protein.m09,chromophore_pigment,peptide_protein,False,0.8180300537171764,0.10679236661615285,0.125,0.7938734166126274,0.8999482490943593,0.0,0.7895772892155052,0.2656741587001748
peptide_protein.m00,peptide_protein.m06,peptide_protein,peptide_protein,True,0.8405688889042396,0.7014338873268479,0.5,0.6912701678010817,0.9137747767728794,0.0,0.0,0.2650256679474303
peptide_protein.m08,sulfur_thiol_cofactor.m00,peptide_protein,sulfur_thiol_cofactor,False,0.5900579995058549,0.1355875488801681,0.25,0.5434239022646178,0.45425630662822314,0.0,1.0,0.2648047684166125
phospholipid_sphingolipid.m00,purine.m00,phospholipid_sphingolipid,purine,False,0.47793231271549186,0.11510298475376662,0.25,0.40089905252362934,0.2424554572562163,1.0,0.21227566423263167,0.2645114024541393
fatty_acid.m02,peptide_protein.m04,fatty_acid,peptide_protein,False,0.5977281081454932,0.11639669432165783,0.25,0.4466302948133432,0.8568257801654388,0.0,1.0,0.26439812920562134
mono_oligosaccharide.m03,peptide_protein.m09,mono_oligosaccharide,peptide_protein,False,0.45176280688826265,0.22223385398101878,0.25,0.26389609425593463,0.6515176158439916,0.0,1.0,0.2642306609071237
carboxylic_acid_metabolite.m00,small_nitrogenous.m00,carboxylic_acid_metabolite,small_nitrogenous,False,0.3838450957873851,0.08389832556510411,0.375,0.29022968908187863,0.42939287151810873,1.0,0.3547413799707985,0.26397460965816455
mono_oligosaccharide.m02,purine.m00,mono_oligosaccharide,purine,False,0.43960208143660023,0.06914041120312042,0.25,0.3153860613118494,0.5182729983488997,1.0,0.5824954064155028,0.26366192706875186
phospholipid_sphingolipid.m01,polysaccharide.m01,phospholipid_sphingolipid,polysaccharide,False,0.5500494432470858,0.05203969910095617,0.25,0.38131147772297147,0.6808628436711929,1.0,0.4311118504574529,0.26351902963281476
polysaccharide.m01,sterol_steroid.m02,polysaccharide,sterol_steroid,False,0.312889807002423,0.08296556322428679,0.25,0.28503192288104395,0.43139390653622156,1.0,1.0,0.26315715153774494
peptide_protein.m08,sterol_steroid.m02,peptide_protein,sterol_steroid,False,0.387223098038932,0.17862555776118544,0.375,0.3722367969984263,0.4518806936264243,0.0,1.0,0.2617026466348682
mono_oligosaccharide.m05,sulfur_thiol_cofactor.m00,mono_oligosaccharide,sulfur_thiol_cofactor,False,0.47777623562172294,0.121599035727839,0.125,0.27702865117351205,0.5967733721054405,1.0,0.3300894366455025,0.2614789624552779
free_amino_acid.m03,phospholipid_sphingolipid.m01,free_amino_acid,phospholipid_sphingolipid,False,0.4689634605814072,0.14133649724192077,0.125,0.18889487120427434,0.6465265284999631,1.0,0.3680846516431886,0.26026412867241633
free_amino_acid.m01,phosphate_metabolite.m00,free_amino_acid,phosphate_metabolite,False,0.41816552729004824,0.08795427938627352,0.125,0.3551625494886732,0.710891512030032,1.0,0.5214876875465406,0.25962063312800027
mono_oligosaccharide.m05,sterol_steroid.m02,mono_oligosaccharide,sterol_steroid,False,0.31403116918745777,0.1560912419974977,0.125,0.17865098189876175,0.4376401587027774,1.0,1.0,0.25953038742834483
mono_oligosaccharide.m01,peptide_protein.m04,mono_oligosaccharide,peptide_protein,False,0.43758447876651835,0.23924434822327595,0.25,0.36313774777885666,0.3063571469643576,0.0,0.9657841081886008,0.2592598833880447
free_amino_acid.m04,peptide_protein.m05,free_amino_acid,peptide_protein,False,0.38584372759859564,0.37724216718651987,0.25,0.26194261271996006,0.19343831374191905,0.0,1.0,0.2585315327737845
peptide_protein.m04,pyrimidine.m00,peptide_protein,pyrimidine,False,0.35753498014917817,0.28824831921147437,0.375,0.2941837289709947,0.19848197343453514,0.0,1.0,0.25809227032645504
carboxylic_acid_metabolite.m00,purine.m01,carboxylic_acid_metabolite,purine,False,0.32274144624058115,0.20484863501780057,0.125,0.20284257570334194,0.38226504678117584,1.0,0.42774279317790015,0.2579849166478333
chromophore_pigment.m01,polysaccharide.m00,chromophore_pigment,polysaccharide,False,0.41060468725203375,0.050411518736166276,0.25,0.3902187807319792,0.5568019583199849,1.0,0.7982268674943974,0.2579212719881352
small_nitrogenous.m00,sterol_steroid.m01,small_nitrogenous,sterol_steroid,False,0.26450192392380745,0.13610542873055853,0.125,0.22780616379439433,0.5651281040275349,1.0,1.0,0.25783427066005987
mono_oligosaccharide.m01,phospholipid_sphingolipid.m01,mono_oligosaccharide,phospholipid_sphingolipid,False,0.45017615596696803,0.09212902161301986,0.125,0.33380763425917953,0.739287151810871,1.0,0.387328478650913,0.25735097206354024
free_amino_acid.m04,peptide_protein.m09,free_amino_acid,peptide_protein,False,0.37977596409349806,0.25386443821059423,0.25,0.21955850580887717,0.7509023550769283,0.0,0.8792298054158442,0.25700885701402487
carboxylic_acid_metabolite.m00,peptide_protein.m03,carboxylic_acid_metabolite,peptide_protein,False,0.38990868336547013,0.20701184226702196,0.125,0.3327721488734793,0.11040357491970396,1.0,0.4493848362696239,0.2568089065174512
mono_oligosaccharide.m01,nucleic_acid_polymer.m00,mono_oligosaccharide,nucleic_acid_polymer,False,0.32751057005735884,0.11417429076770474,0.125,0.3346698644787467,0.4193318383071704,1.0,0.7124111482533577,0.25597349158660565
mono_oligosaccharide.m00,purine.m01,mono_oligosaccharide,purine,False,0.2839176017284686,0.06729634674681129,0.375,0.21523465786396728,0.5545183469282141,1.0,1.0,0.2558995066110789
fatty_acid.m01,sterol_steroid.m01,fatty_acid,sterol_steroid,False,0.3372067701605634,0.09128603710989036,0.13333333333333333,0.3411629799840446,0.500020536073667,1.0,0.8638667057604904,0.2558049232596333
carboxylic_acid_metabolite.m00,purine.m00,carboxylic_acid_metabolite,purine,False,0.5005448364085407,0.07691704787513685,0.125,0.3326174040565136,0.4879781824753362,1.0,0.6945128975887975,0.2554056900273369
free_amino_acid.m03,purine.m00,free_amino_acid,purine,False,0.42697858123686205,0.059327271922106774,0.375,0.23085282235649288,0.6043799337916985,1.0,0.4893870788517171,0.2553265838021115
fatty_acid.m03,sterol_steroid.m02,fatty_acid,sterol_steroid,False,0.31172779278552043,0.2330717418432721,0.14285714285714285,0.3159141841795682,0.17202493900786123,1.0,0.2785950239264187,0.2551847105462939
mono_oligosaccharide.m00,pyrimidine.m00,mono_oligosaccharide,pyrimidine,False,0.29607386133289876,0.11245962800695077,0.125,0.2974495490149593,0.4370881490426083,1.0,1.0,0.2550554315487436
free_amino_acid.m02,sterol_steroid.m02,free_amino_acid,sterol_steroid,False,0.34372391514151956,0.10049256792667094,0.125,0.24391267123835114,0.5999802853692797,1.0,0.9577124617105177,0.2548791465172649
acylglycerol.m01,sterol_steroid.m02,acylglycerol,sterol_steroid,False,0.25328167633010934,0.11708356915639655,0.26666666666666666,0.26908119105690825,0.20872700986552983,1.0,0.9572563198757392,0.25484918146647173
mono_oligosaccharide.m04,sterol_steroid.m00,mono_oligosaccharide,sterol_steroid,False,0.4293149387577471,0.08396081395116929,0.25,0.2606197927903802,0.5118460287340744,1.0,0.3587166452040754,0.2547156078952744
acylglycerol.m01,purine.m00,acylglycerol,purine,False,0.34734579605867755,0.10849459381495821,0.13333333333333333,0.3642324707164311,0.29677255066249375,1.0,0.7642102091530886,0.2543991757456925
mono_oligosaccharide.m02,purine.m01,mono_oligosaccharide,purine,False,0.2828897741793513,0.13186050920695044,0.125,0.25359976735280304,0.3947279791682069,1.0,1.0,0.2541796384541126
peptide_protein.m06,sterol_steroid.m02,peptide_protein,sterol_steroid,False,0.3895532197200323,0.20252117313324877,0.25,0.34526979560839616,0.49087951896301046,0.0,1.0,0.25365489572812244
polysaccharide.m01,purine.m00,polysaccharide,purine,False,0.4555416474115551,0.07939208173295367,0.125,0.3489693630157686,0.5529313191552281,1.0,0.579346868555856,0.25302620248067864
nucleic_acid_polymer.m00,peptide_protein.m08,nucleic_acid_polymer,peptide_protein,False,0.40320211440786,0.19347319462659934,0.375,0.366401041146691,0.24426591751069932,0.0,1.0,0.25249003544050425
acylglycerol.m01,fatty_acid.m00,acylglycerol,fatty_acid,False,0.2785633878003266,0.1371700243821172,0.26666666666666666,0.3337000621973918,0.6240781356530882,1.0,0.11619369220650694,0.2521973483577168
acylglycerol.m01,carboxylic_acid_metabolite.m01,acylglycerol,carboxylic_acid_metabolite,False,0.5108246779891138,0.08023362800036724,0.4,0.12412355445428998,0.3414951904515472,1.0,0.567050794827855,0.2516698941089329
nucleic_acid_polymer.m00,peptide_protein.m07,nucleic_acid_polymer,peptide_protein,False,0.36589770431058083,0.060041614669639594,0.25,0.3460078052698634,0.33476592983234355,1.0,1.0,0.2513697646681224
free_amino_acid.m03,sterol_steroid.m02,free_amino_acid,sterol_steroid,False,0.29952211868092804,0.10156668293595592,0.25,0.1937892370470788,0.4879190385831752,1.0,0.643639539494026,0.2508782977870652
mono_oligosaccharide.m04,sterol_steroid.m02,mono_oligosaccharide,sterol_steroid,False,0.32179057519100335,0.1294108789418313,0.125,0.19865359663852625,0.4394867624469143,1.0,0.9031897471880306,0.25039797207265896
peptide_protein.m00,peptide_protein.m05,peptide_protein,peptide_protein,True,0.7849699784474647,0.551729258434144,0.5,0.7549212846841121,0.9404421005939033,0.0,0.0,0.2501877669149566
purine.m01,sulfur_thiol_cofactor.m00,purine,sulfur_thiol_cofactor,False,0.40440173254698736,0.09226447338148595,0.125,0.4025429233601842,0.7390702908729475,1.0,0.26709682396766327,0.2496979670983092
free_amino_acid.m00,peptide_protein.m07,free_amino_acid,peptide_protein,False,0.4956021190011506,0.06063552395992073,0.125,0.3717889643325044,0.41941726837362514,1.0,1.0,0.2494905046537438
fatty_acid.m01,phospholipid_sphingolipid.m01,fatty_acid,phospholipid_sphingolipid,False,0.32993433457685734,0.22583036784310656,0.26666666666666666,0.2377242669013574,0.1140704962336841,1.0,0.1912407288141574,0.24906505455610092
free_amino_acid.m02,purine.m00,free_amino_acid,purine,False,0.4054006860113751,0.1286033814416947,0.125,0.268358523912708,0.612075211316198,1.0,0.24424592439814047,0.24842598223080273
acylglycerol.m00,mono_oligosaccharide.m02,acylglycerol,mono_oligosaccharide,False,0.33800284083120763,0.06351335046488048,0.4,0.307364510217164,0.17653958944281528,1.0,1.0,0.24810847187945803
fatty_acid.m04,mono_oligosaccharide.m00,fatty_acid,mono_oligosaccharide,False,0.27145996636181097,0.19562310023385868,0.25,0.25061573537762794,0.04426098885301922,1.0,1.0,0.2475942504299642
fatty_acid.m04,mono_oligosaccharide.m04,fatty_acid,mono_oligosaccharide,False,0.3975817732424773,0.07810471677840097,0.125,0.25777827182249574,0.5358157339182007,1.0,1.0,0.24670593821938985
free_amino_acid.m00,purine.m01,free_amino_acid,purine,False,0.36479028633435495,0.04648038512427116,0.375,0.3114463639372694,0.8043060039264974,1.0,0.4165812467098303,0.24651898165581967
free_amino_acid.m00,mono_oligosaccharide.m05,free_amino_acid,mono_oligosaccharide,False,0.33266700571445545,0.11292866384596296,0.25,0.15339950073978492,0.5628707788100578,1.0,0.41201630547259294,0.24643358621234326
fatty_acid.m01,peptide_protein.m07,fatty_acid,peptide_protein,False,0.44591723984462917,0.030829476451895522,0.26666666666666666,0.40557142762495013,0.686517656916139,1.0,1.0,0.2459591444689943
free_amino_acid.m01,peptide_protein.m03,free_amino_acid,peptide_protein,False,0.4420973792992208,0.06797957046960326,0.125,0.3187159739199884,0.7784174080189262,1.0,0.5491454413005696,0.24566046010724432
mono_oligosaccharide.m03,purine.m01,mono_oligosaccharide,purine,False,0.29404452562880246,0.13092674561689482,0.125,0.16200138015351728,0.6382365262820671,1.0,0.8081731048192531,0.2455571741437159
free_amino_acid.m00,phosphate_metabolite.m00,free_amino_acid,phosphate_metabolite,False,0.5702431061482718,0.028075819100603066,0.25,0.4708145399044299,0.7316937332117599,1.0,0.6274400256241851,0.2455295423810149
free_amino_acid.m02,mono_oligosaccharide.m00,free_amino_acid,mono_oligosaccharide,False,0.29204514082951105,0.07670360085493781,0.25,0.2034283470620114,0.49751020642861254,1.0,1.0,0.2454295529710903
free_amino_acid.m03,mono_oligosaccharide.m03,free_amino_acid,mono_oligosaccharide,False,0.4241810316627254,0.09323916368128218,0.125,0.20475715306355466,0.5795920714326787,1.0,0.6919232752518311,0.24516035585096424
carboxylic_acid_metabolite.m01,mono_oligosaccharide.m01,carboxylic_acid_metabolite,mono_oligosaccharide,False,0.4012011951217561,0.1500805261786914,0.125,0.1266669329287185,0.6115494878303228,1.0,0.4496909418006765,0.24469443605974675
phosphate_metabolite.m00,sterol_steroid.m01,phosphate_metabolite,sterol_steroid,False,0.35924038815291653,0.10860948534835532,0.125,0.3534979698465233,0.3856921067547254,1.0,0.4222104966258268,0.24435176963362493
sterol_steroid.m01,sulfur_thiol_cofactor.m01,sterol_steroid,sulfur_thiol_cofactor,False,0.305745701556779,0.0854903992304215,0.125,0.3137613849736241,0.6460205196448081,1.0,0.7555802808373668,0.244303971480793
peptide_protein.m05,sulfur_thiol_cofactor.m00,peptide_protein,sulfur_thiol_cofactor,False,0.5909333711674871,0.1007563761168827,0.25,0.5267781053602096,0.43767958796421796,0.0,1.0,0.24388024685654572
chromophore_pigment.m01,free_amino_acid.m00,chromophore_pigment,free_amino_acid,False,0.5098662684300849,0.0477230915010951,0.125,0.37764390396720965,0.6905821566163123,1.0,0.7903980243223996,0.24320830006662336
free_amino_acid.m03,mono_oligosaccharide.m05,free_amino_acid,mono_oligosaccharide,False,0.5040490760164651,0.05486442449858636,0.25,0.16721003495373576,0.5847211611917495,1.0,0.8043224219470794,0.24307232902110637
fatty_acid.m02,peptide_protein.m08,fatty_acid,peptide_protein,False,0.4521555982631336,0.17233174217921432,0.125,0.4393125578309427,0.6871123816095354,0.0,1.0,0.24255164488084663
nucleic_acid_polymer.m00,phospholipid_sphingolipid.m01,nucleic_acid_polymer,phospholipid_sphingolipid,False,0.5765402275513118,0.04808737086243381,0.125,0.42826153174176984,0.6594428973935615,1.0,0.5108486681055571,0.24250097506463805
carboxylic_acid_metabolite.m01,free_amino_acid.m06,carboxylic_acid_metabolite,free_amino_acid,False,0.4952926365920151,0.12849191467997476,0.125,0.10543596297291297,0.41419289123273945,1.0,0.7352883483453518,0.2412915838905248
free_amino_acid.m03,peptide_protein.m07,free_amino_acid,peptide_protein,False,0.3128437744748832,0.11353540553289419,0.125,0.20084548919008863,0.3871345605690957,1.0,1.0,0.24076887358608215
fatty_acid.m00,polysaccharide.m01,fatty_acid,polysaccharide,False,0.34111456240027715,0.09682572797096652,0.125,0.31885844783093525,0.2422287390029326,1.0,1.0,0.2407556582200608
peptide_protein.m07,polysaccharide.m00,peptide_protein,polysaccharide,False,0.47128575191847055,0.07094345045713588,0.25,0.42898023045002537,0.24170958706063073,1.0,0.2543426531079273,0.24033268546109726
carboxylic_acid_metabolite.m01,peptide_protein.m05,carboxylic_acid_metabolite,peptide_protein,False,0.5335729321125195,0.2099011735989028,0.25,0.16188822598147945,0.42867328749681693,0.0,1.0,0.24000948648619158
mono_oligosaccharide.m02,sulfur_thiol_cofactor.m00,mono_oligosaccharide,sulfur_thiol_cofactor,False,0.48280774223808665,0.05280251684547486,0.125,0.45318051979222457,0.5657786868413055,1.0,0.5424526778531328,0.23938477859738896
carboxylic_acid_metabolite.m00,fatty_acid.m00,carboxylic_acid_metabolite,fatty_acid,False,0.3542652836101286,0.0673114073846527,0.25,0.2108267752772718,0.4028241208506863,1.0,0.852534624855595,0.23919412173253213
fatty_acid.m02,sulfur_thiol_cofactor.m01,fatty_acid,sulfur_thiol_cofactor,False,0.24459278417356917,0.09711946038116133,0.25,0.2309185698815659,0.24150258343806733,1.0,1.0,0.23824143788505045
fatty_acid.m03,peptide_protein.m05,fatty_acid,peptide_protein,False,0.6596552389614497,0.05097980557663882,0.2857142857142857,0.687551644417257,0.8336413744383384,0.0,1.0,0.23812032416715206
mono_oligosaccharide.m01,purine.m01,mono_oligosaccharide,purine,False,0.20009365834896198,0.10408529872967143,0.25,0.1726579535716744,0.4548214593755391,1.0,1.0,0.23749096795379143
chromophore_pigment.m01,sterol_steroid.m01,chromophore_pigment,sterol_steroid,False,0.4556152165969632,0.045858579627356476,0.125,0.45346130526429734,0.6553783976933882,1.0,0.685812050024921,0.23733514510447284
carboxylic_acid_metabolite.m01,peptide_protein.m08,carboxylic_acid_metabolite,peptide_protein,False,0.47927734884712775,0.22595233057707612,0.25,0.15684991173557578,0.4077199208129,0.0,1.0,0.23695802605820251
free_amino_acid.m02,polysaccharide.m00,free_amino_acid,polysaccharide,False,0.27890647263553947,0.07834280656998352,0.25,0.2187371185950442,0.5645596655084322,1.0,0.5591366000373266,0.23615310014885835
peptide_protein.m05,sulfur_thiol_cofactor.m01,peptide_protein,sulfur_thiol_cofactor,False,0.3281676884157162,0.18286123517432495,0.25,0.29902768858890705,0.5706021998242112,0.0,0.9267178972732825,0.23557293178658378
fatty_acid.m02,mono_oligosaccharide.m04,fatty_acid,mono_oligosaccharide,False,0.3828190098376709,0.06964389120059382,0.125,0.23697834344464622,0.5492841124719683,1.0,1.0,0.23552768359319862
mono_oligosaccharide.m01,polysaccharide.m01,mono_oligosaccharide,polysaccharide,False,0.32398858337679104,0.09552429737486258,0.125,0.31207777589520946,0.550769281319566,1.0,0.4130598124884286,0.2352386064542063
sterol_steroid.m01,sterol_steroid.m02,sterol_steroid,sterol_steroid,True,0.42753987966041074,0.2820488849440842,0.5,0.4420713749458274,0.6302061000353222,1.0,0.0,0.2346356740284884
free_amino_acid.m01,peptide_protein.m04,free_amino_acid,peptide_protein,False,0.46196081440166925,0.228297364280762,0.125,0.332387011278975,0.35059020675718966,0.0,1.0,0.23431998923433928
carboxylic_acid_metabolite.m01,sterol_steroid.m01,carboxylic_acid_metabolite,sterol_steroid,False,0.37116859607348546,0.16238074155235108,0.125,0.11754366341345801,0.5471582181259601,1.0,0.34954390980326994,0.23430185491023248
fatty_acid.m03,peptide_protein.m00,fatty_acid,peptide_protein,False,0.5982253363565079,0.058731022781663124,0.2857142857142857,0.5559204095129383,0.8228870433804022,0.0,1.0,0.23402678157279694
carboxylic_acid_metabolite.m01,fatty_acid.m00,carboxylic_acid_metabolite,fatty_acid,False,0.35481729271722695,0.24328325659573688,0.125,0.09886192812006807,0.1646779532927541,1.0,0.5765612145771833,0.23338232529395844
peptide_protein.m09,sterol_steroid.m01,peptide_protein,sterol_steroid,False,0.47428723131259837,0.14612677680067912,0.125,0.44435316659188356,0.6136918110352646,0.0,1.0,0.23274561874527616
peptide_protein.m08,purine.m01,peptide_protein,purine,False,0.4077049149614057,0.16115521221331683,0.25,0.32915686081024986,0.34449181432103637,0.0,1.0,0.23168590162952832
chromophore_pigment.m01,peptide_protein.m01,chromophore_pigment,peptide_protein,False,0.6433660156457529,0.07739056981304622,0.25,0.44758700466400264,0.765119889598068,0.0,0.7080155282495239,0.23150665684908292
mono_oligosaccharide.m05,sulfur_thiol_cofactor.m01,mono_oligosaccharide,sulfur_thiol_cofactor,False,0.24618464008021607,0.17375325021000654,0.125,0.12973821444598455,0.2843621906240502,1.0,0.9827066505543781,0.2313991125179865
peptide_protein.m08,purine.m00,peptide_protein,purine,False,0.4878656786091963,0.10701788012202174,0.25,0.3984431580149826,0.4931959880726485,0.0,1.0,0.23124483972438092
free_amino_acid.m04,sterol_steroid.m01,free_amino_acid,sterol_steroid,False,0.28895102062575956,0.24702537779997064,0.25,0.2544696055892925,0.569146602922694,0.0,0.5930763954272137,0.2310575197388965
carboxylic_acid_metabolite.m01,fatty_acid.m03,carboxylic_acid_metabolite,fatty_acid,False,0.31167815989918535,0.0982143988942529,0.42857142857142855,0.1145815687975967,0.15831998488544982,1.0,0.8534593456436123,0.23095513336742
carboxylic_acid_metabolite.m00,nucleic_acid_polymer.m00,carboxylic_acid_metabolite,nucleic_acid_polymer,False,0.39134675095558824,0.12609876610425313,0.125,0.2562516220495364,0.17202165323607452,1.0,0.503714106102933,0.2308358586641892
mono_oligosaccharide.m00,peptide_protein.m07,mono_oligosaccharide,peptide_protein,False,0.3138659014317049,0.09249933248413793,0.125,0.2787487724377983,0.2524507750314202,1.0,1.0,0.23036664331987736
acylglycerol.m01,sterol_steroid.m01,acylglycerol,sterol_steroid,False,0.28217340317150386,0.09210596193516704,0.13333333333333333,0.2775556329683833,0.3749049179789218,1.0,0.7659763573789613,0.23026722034929925
purine.m01,sulfur_thiol_cofactor.m01,purine,sulfur_thiol_cofactor,False,0.2425081748404294,0.11675697043885934,0.125,0.24821561237361062,0.6339453083286101,1.0,0.4405450212221383,0.23021364231858235
chromophore_pigment.m01,peptide_protein.m08,chromophore_pigment,peptide_protein,False,0.49820728263286257,0.19780185114738927,0.125,0.47482542312595,0.3167040423207407,0.0,0.6634652148706931,0.23004000864111634
acylglycerol.m01,small_nitrogenous.m00,acylglycerol,small_nitrogenous,False,0.2698539872384267,0.1088959009381464,0.13333333333333333,0.26315265300570856,0.29267519324445324,1.0,0.752156711328602,0.22988998357314816
peptide_protein.m05,phospholipid_sphingolipid.m01,peptide_protein,phospholipid_sphingolipid,False,0.5226490203390449,0.18928222061420183,0.25,0.3392910253571939,0.19226857898584654,0.0,0.6329870800724178,0.2294703917576477
fatty_acid.m04,sterol_steroid.m01,fatty_acid,sterol_steroid,False,0.2643317662159472,0.14611649900142093,0.125,0.2688887165738772,0.11972530947863018,1.0,0.9558870139550386,0.2293170402079323
free_amino_acid.m01,mono_oligosaccharide.m01,free_amino_acid,mono_oligosaccharide,False,0.5967576469731354,0.017373439557903592,0.25,0.5457581345955871,0.8411033621659808,1.0,0.6627610592297856,0.22908292499815702
nucleic_acid_polymer.m00,sterol_steroid.m01,nucleic_acid_polymer,sterol_steroid,False,0.29519447189712905,0.081299929505907,0.125,0.30766418094313075,0.5163113925922275,1.0,0.6198148071690536,0.2289863498995328
peptide_protein.m06,sterol_steroid.m01,peptide_protein,sterol_steroid,False,0.3092340080935037,0.1897239420777282,0.25,0.2746124369732486,0.5124506107428309,0.0,0.9026148953394085,0.22887716615762
carboxylic_acid_metabolite.m00,free_amino_acid.m06,carboxylic_acid_metabolite,free_amino_acid,False,0.4383316669231091,0.07025546747822461,0.125,0.2147673061994724,0.5184898592868233,1.0,0.67863298009987,0.22855980226871084
peptide_protein.m08,phospholipid_sphingolipid.m00,peptide_protein,phospholipid_sphingolipid,False,0.6636375352025989,0.04173624995707315,0.375,0.602971331942162,0.7845388008575866,0.0,0.9303089668024852,0.22855351125940532
fatty_acid.m01,small_nitrogenous.m00,fatty_acid,small_nitrogenous,False,0.2645982524989097,0.09069894071971374,0.13333333333333333,0.26286692555515123,0.4073749147752943,1.0,0.806708512695941,0.22766184056884226
fatty_acid.m00,mono_oligosaccharide.m02,fatty_acid,mono_oligosaccharide,False,0.37846938577412337,0.03295919331798223,0.375,0.3346486462417102,0.29778785414459047,1.0,1.0,0.22765859096052604
free_amino_acid.m06,mono_oligosaccharide.m02,free_amino_acid,mono_oligosaccharide,False,0.4259240006607977,0.038334887340522525,0.375,0.2923293002920627,0.4619778703270165,1.0,0.42718547015719166,0.22765347144417966
free_amino_acid.m00,sterol_steroid.m01,free_amino_acid,sterol_steroid,False,0.2912624937554814,0.07470400062721816,0.25,0.2748454844189244,0.368859097891356,1.0,0.43294985605255415,0.22755007339716565
free_amino_acid.m02,mono_oligosaccharide.m02,free_amino_acid,mono_oligosaccharide,False,0.26748416003556924,0.0665548088344193,0.25,0.22235790856414805,0.3973270246515029,1.0,0.8727492656035756,0.22751347402514363
polysaccharide.m01,sulfur_thiol_cofactor.m01,polysaccharide,sulfur_thiol_cofactor,False,0.2518430355601543,0.06960178334166245,0.25,0.23677901268933377,0.3143678585803823,1.0,1.0,0.2272308937619658
peptide_protein.m05,purine.m00,peptide_protein,purine,False,0.5543310349555842,0.08526499228557491,0.25,0.4246219283619179,0.5067925117260982,0.0,1.0,0.22689290260049047
fatty_acid.m00,peptide_protein.m07,fatty_acid,peptide_protein,False,0.3194077124513788,0.07099943096829481,0.125,0.29520315453893736,0.36605304878549666,1.0,1.0,0.22651233164893853
phospholipid_sphingolipid.m01,sulfur_thiol_cofactor.m01,phospholipid_sphingolipid,sulfur_thiol_cofactor,False,0.4606810578753839,0.06592791330959806,0.125,0.33975775228900273,0.6349343256364129,1.0,0.2675664934889121,0.22629521199154531
free_amino_acid.m03,peptide_protein.m05,free_amino_acid,peptide_protein,False,0.38757075037853755,0.14807500553627553,0.375,0.21145455949063666,0.39344981394317263,0.0,1.0,0.22629075990713515
fatty_acid.m04,peptide_protein.m04,fatty_acid,peptide_protein,False,0.5781297387085587,0.09826014039097657,0.125,0.44805323891751775,0.8293600138002415,0.0,1.0,0.2262609787475267
acylglycerol.m00,sterol_steroid.m01,acylglycerol,sterol_steroid,False,0.23526613981028047,0.17510279511692473,0.13333333333333333,0.24471462703041455,0.11529608911013087,1.0,0.7187625146041076,0.2259513572253478
carboxylic_acid_metabolite.m01,peptide_protein.m06,carboxylic_acid_metabolite,peptide_protein,False,0.5333455546030357,0.16774163621757124,0.25,0.14523450564573478,0.47939574656842215,0.0,1.0,0.22575264389163788
phosphate_metabolite.m00,purine.m01,phosphate_metabolite,purine,False,0.32476253659531973,0.07851085784428623,0.125,0.2984150191202144,0.6652587134560569,1.0,0.38842653248511144,0.22544217468350683
free_amino_acid.m06,peptide_protein.m08,free_amino_acid,peptide_protein,False,0.47196431278680584,0.137630254152197,0.125,0.3868094879748346,0.625326728932042,0.0,1.0,0.22476675680218117
peptide_protein.m02,purine.m00,peptide_protein,purine,False,0.41327996132324096,0.12955261718214475,0.375,0.28478679729748474,0.583620427643198,0.0,0.4818094922343364,0.2241525422825425
carboxylic_acid_metabolite.m01,purine.m01,carboxylic_acid_metabolite,purine,False,0.26737468675763965,0.16059036296674034,0.25,0.0810818049083453,0.5555533650410311,1.0,0.2610159966076731,0.2233689130231267
free_amino_acid.m03,mono_oligosaccharide.m01,free_amino_acid,mono_oligosaccharide,False,0.26399457449454133,0.12603706099108195,0.125,0.19197338680485249,0.5175764147301151,1.0,0.406040343973632,0.22321356802533468
pyrimidine.m00,sterol_steroid.m02,pyrimidine,sterol_steroid,False,0.3155201143694445,0.05943004166916808,0.125,0.2706697379502106,0.5712067818329678,1.0,0.9866107898554394,0.2227426066691686
free_amino_acid.m01,mono_oligosaccharide.m04,free_amino_acid,mono_oligosaccharide,False,0.28680429116323863,0.0887653235551044,0.25,0.14534194349788876,0.4763005495453314,1.0,0.4603481370950734,0.2221899223323883
mono_oligosaccharide.m02,sterol_steroid.m01,mono_oligosaccharide,sterol_steroid,False,0.2543970311703405,0.0905464796328901,0.25,0.2442915132546808,0.1454036159918513,1.0,0.8367744506608257,0.22218560601130694
acylglycerol.m02,sterol_steroid.m02,acylglycerol,sterol_steroid,False,0.2617937283648317,0.08925722839968342,0.25,0.2725663706382662,0.12221592449296437,1.0,0.8051741109336522,0.22159823597568465
acylglycerol.m02,carboxylic_acid_metabolite.m01,acylglycerol,carboxylic_acid_metabolite,False,0.3100067690606494,0.1902821495890872,0.125,0.09961092461196622,0.15781397603029482,1.0,0.8359303163201275,0.22102319319722208
nucleic_acid_polymer.m00,purine.m01,nucleic_acid_polymer,purine,False,0.29755717015775063,0.07039741511482991,0.125,0.2851933255070405,0.6193564815955708,1.0,0.570219163795362,0.2209067148854096
chromophore_pigment.m01,free_amino_acid.m06,chromophore_pigment,free_amino_acid,False,0.3370271852465938,0.10276706607504167,0.25,0.26660604352968587,0.0841108290823661,1.0,0.48371519425499704,0.22029880444907143
acylglycerol.m01,peptide_protein.m07,acylglycerol,peptide_protein,False,0.49976280536126466,0.013430565950849795,0.4,0.45289550888730973,0.6676211833707091,1.0,1.0,0.22026123817767318
mono_oligosaccharide.m00,peptide_protein.m05,mono_oligosaccharide,peptide_protein,False,0.2868796016704975,0.25517902628641165,0.375,0.24909508865150157,0.10972013438806609,0.0,1.0,0.2202111352224104
acylglycerol.m00,free_amino_acid.m01,acylglycerol,free_amino_acid,False,0.32356882982848645,0.08874859955971846,0.13333333333333333,0.29147231902684007,0.14211784420513074,1.0,1.0,0.22015521726236448
mono_oligosaccharide.m03,sterol_steroid.m01,mono_oligosaccharide,sterol_steroid,False,0.3122802126600457,0.10314641957545197,0.125,0.16871345319108003,0.3984573301461347,1.0,0.6376675434780494,0.2194719412643622
fatty_acid.m00,fatty_acid.m02,fatty_acid,fatty_acid,True,0.42719711919186504,0.2238638663818675,0.375,0.43908807535436506,0.8966033334154777,1.0,0.0,0.2194669532682716
mono_oligosaccharide.m01,sterol_steroid.m01,mono_oligosaccharide,sterol_steroid,False,0.2155118849897079,0.10966909795770212,0.125,0.2272799246161817,0.28927441944519744,1.0,1.0,0.21921334015270216
peptide_protein.m06,pyrimidine.m00,peptide_protein,pyrimidine,False,0.3346837820427309,0.18851341018255968,0.25,0.2166234963592729,0.3710309930423783,0.0,1.0,0.21915447868475207
mono_oligosaccharide.m00,nucleic_acid_polymer.m00,mono_oligosaccharide,nucleic_acid_polymer,False,0.3049693197470272,0.0618951162496769,0.125,0.2750052756966456,0.49331756162875706,1.0,0.9164689565523565,0.2191429053839934
peptide_protein.m09,sterol_steroid.m02,peptide_protein,sterol_steroid,False,0.3547884309130359,0.11973200465613419,0.25,0.2966636850325723,0.6348784675160387,0.0,1.0,0.21895061659482803
free_amino_acid.m05,peptide_protein.m02,free_amino_acid,peptide_protein,False,0.37920700183579076,0.24506287254520082,0.125,0.20741053260434242,0.7215078406729262,0.0,0.6087500306605549,0.21848608240956335
carboxylic_acid_metabolite.m01,phospholipid_sphingolipid.m00,carboxylic_acid_metabolite,phospholipid_sphingolipid,False,0.4405912792942807,0.08251349773104927,0.375,0.14100043329866885,0.1818493966501557,1.0,0.2883232497221621,0.21796428579821586
acylglycerol.m02,carboxylic_acid_metabolite.m00,acylglycerol,carboxylic_acid_metabolite,False,0.3214410394347416,0.078879232794469,0.125,0.17714886876899308,0.4055118821722237,1.0,1.0,0.21789564593153474
free_amino_acid.m00,mono_oligosaccharide.m04,free_amino_acid,mono_oligosaccharide,False,0.2657190680789238,0.11693867820176523,0.25,0.133606356784399,0.250137591693569,1.0,0.47850231772554025,0.21789409445854185
fatty_acid.m03,polysaccharide.m01,fatty_acid,polysaccharide,False,0.28877535540647026,0.08839327441529429,0.2857142857142857,0.26668161188857636,0.0588531013578452,1.0,1.0,0.21776221248302066
mono_oligosaccharide.m04,peptide_protein.m03,mono_oligosaccharide,peptide_protein,False,0.44049684705665865,0.07714342055352603,0.125,0.18607786668581905,0.43891832392781166,1.0,0.4762591177808449,0.2175838690156641
peptide_protein.m00,pyrimidine.m00,peptide_protein,pyrimidine,False,0.37276981316033697,0.11976885123949707,0.375,0.27824035893397353,0.31914865653006075,0.0,1.0,0.2172906950813829
carboxylic_acid_metabolite.m00,fatty_acid.m04,carboxylic_acid_metabolite,fatty_acid,False,0.3237210640059064,0.07590430620487053,0.125,0.18389180472903036,0.40310012568077086,1.0,1.0,0.21720156349829173
free_amino_acid.m03,mono_oligosaccharide.m00,free_amino_acid,mono_oligosaccharide,False,0.3076785124695897,0.05420823279745426,0.25,0.1763187763156453,0.5906716938975004,1.0,0.6596211099488158,0.21718788797318314
nucleic_acid_polymer.m00,sulfur_thiol_cofactor.m01,nucleic_acid_polymer,sulfur_thiol_cofactor,False,0.38612174141179084,0.0450915631570589,0.125,0.38679796854620635,0.5788560585524533,1.0,0.5890722992668093,0.21717094542695056
peptide_protein.m07,peptide_protein.m08,peptide_protein,peptide_protein,True,0.6961807709895541,0.4238817293123214,0.5,0.5733580306447141,0.8261169570467484,0.0,0.0,0.21660531966305743
fatty_acid.m01,free_amino_acid.m06,fatty_acid,free_amino_acid,False,0.29357113523974276,0.036094298325614275,0.4,0.20225672278253332,0.46189572603234846,1.0,1.0,0.216546495311244
free_amino_acid.m04,sterol_steroid.m02,free_amino_acid,sterol_steroid,False,0.3245008750650589,0.23320229291825317,0.125,0.2645522128339442,0.6807116981690037,0.0,0.6305098606636782,0.21644875890180335
free_amino_acid.m05,phospholipid_sphingolipid.m01,free_amino_acid,phospholipid_sphingolipid,False,0.43791281316870956,0.12107312405304992,0.375,0.22455081485190329,0.706764582665911,0.0,0.4193061004999408,0.21628278294399153
free_amino_acid.m03,sulfur_thiol_cofactor.m01,free_amino_acid,sulfur_thiol_cofactor,False,0.25422742015588445,0.08356855565398123,0.25,0.16910839976269068,0.45263642113736996,1.0,0.4336662855563076,0.2161531137457304
peptide_protein.m07,phospholipid_sphingolipid.m00,peptide_protein,phospholipid_sphingolipid,False,0.5503486103326874,0.01865290349178797,0.25,0.4924170214451715,0.5457519078012437,1.0,0.6524233661066985,0.21602679497461164
peptide_protein.m05,peptide_protein.m06,peptide_protein,peptide_protein,True,0.808702010483032,0.4871979193871214,0.25,0.6730402166554015,0.9231392263650329,0.0,0.0,0.21572870428355856
polysaccharide.m01,sterol_steroid.m01,polysaccharide,sterol_steroid,False,0.33335092658288085,0.05524267734914506,0.125,0.3200325328823643,0.334877646073092,1.0,1.0,0.21525500094818248
free_amino_acid.m05,sterol_steroid.m02,free_amino_acid,sterol_steroid,False,0.3540782309358252,0.1981090691832137,0.125,0.23700861971849335,0.6512350394703336,0.0,0.922312906155328,0.215109040140251
carboxylic_acid_metabolite.m01,free_amino_acid.m03,carboxylic_acid_metabolite,free_amino_acid,False,0.35737869531935007,0.14628810552766722,0.125,0.07132914823133209,0.5656439701980499,1.0,0.42338898756434,0.21497245459581701
free_amino_acid.m01,purine.m00,free_amino_acid,purine,False,0.38397358792743363,0.05433031204264365,0.125,0.26855081824463256,0.5788856304985337,1.0,0.5829380735686132,0.2149477053695727
fatty_acid.m00,mono_oligosaccharide.m00,fatty_acid,mono_oligosaccharide,False,0.2724662481950536,0.12704928805422336,0.125,0.236326495024256,0.09401743101932857,1.0,1.0,0.21425935999744586
free_amino_acid.m03,small_nitrogenous.m00,free_amino_acid,small_nitrogenous,False,0.34527820532851555,0.037755492758985244,0.375,0.23286853849984118,0.3805761600828015,1.0,0.6252949141279753,0.21414248062314595
acylglycerol.m00,peptide_protein.m04,acylglycerol,peptide_protein,False,0.5870224910890687,0.04977791608307688,0.26666666666666666,0.4419695665651306,0.8308057533863986,0.0,1.0,0.21411359342495448
fatty_acid.m04,peptide_protein.m06,fatty_acid,peptide_protein,False,0.38189009550323816,0.10396395028346862,0.25,0.2974203292555926,0.6205360736670035,0.0,1.0,0.21408274975409433
mono_oligosaccharide.m04,pyrimidine.m00,mono_oligosaccharide,pyrimidine,False,0.2923113159639665,0.09181439786950389,0.125,0.24473105668607847,0.26130264422484534,1.0,0.6507514153833426,0.21369412407186514
mono_oligosaccharide.m03,sulfur_thiol_cofactor.m01,mono_oligosaccharide,sulfur_thiol_cofactor,False,0.3016507939922366,0.07527895666001944,0.125,0.2012388446794205,0.47260405628527075,1.0,0.7403388894242021,0.21357743547466781
free_amino_acid.m06,peptide_protein.m04,free_amino_acid,peptide_protein,False,0.4087868529451945,0.17761274589512954,0.125,0.21171614764454522,0.6327197154521633,0.0,1.0,0.21290636845434505
mono_oligosaccharide.m02,peptide_protein.m02,mono_oligosaccharide,peptide_protein,False,0.38890803410720637,0.10629416860705737,0.375,0.28293200472192004,0.7039913912779188,0.0,0.4413537506655295,0.21266164136196705
phosphate_metabolite.m00,pyrimidine.m00,phosphate_metabolite,pyrimidine,False,0.42250423000637727,0.026635971834735286,0.375,0.3383010212508257,0.5529904630473891,1.0,0.36308383435596464,0.21247409639840664
acylglycerol.m00,acylglycerol.m01,acylglycerol,acylglycerol,True,0.41588943072665097,0.24560000278721755,0.2857142857142857,0.4690533766217635,0.7380582731626375,1.0,0.0,0.21243930266810143
free_amino_acid.m03,purine.m01,free_amino_acid,purine,False,0.21464143818453202,0.09156564366210576,0.25,0.15803918772285155,0.3897336060523916,1.0,0.5203139823807442,0.2123170674261349
free_amino_acid.m00,peptide_protein.m01,free_amino_acid,peptide_protein,False,0.4097431257302411,0.14279419645065966,0.25,0.24866108586346605,0.6157947049787658,0.0,0.47267700241874694,0.2121349333498766
free_amino_acid.m03,peptide_protein.m08,free_amino_acid,peptide_protein,False,0.3755991509485433,0.14293502709527683,0.25,0.22203800768822357,0.3948199807782351,0.0,1.0,0.21136087555895589
carboxylic_acid_metabolite.m01,free_amino_acid.m00,carboxylic_acid_metabolite,free_amino_acid,False,0.43105988186296673,0.04211513149918073,0.375,0.1286845150623071,0.5337982700411542,1.0,0.4558660365778405,0.21094640818598026
free_amino_acid.m06,sterol_steroid.m01,free_amino_acid,sterol_steroid,False,0.28041048066386237,0.11713286045268098,0.125,0.2233879996629348,0.26701988713373914,1.0,0.37779123658990954,0.21086454457990722
mono_oligosaccharide.m02,peptide_protein.m07,mono_oligosaccharide,peptide_protein,False,0.35089668595013557,0.07212159616200416,0.125,0.29083555896869917,0.14559090498369437,1.0,1.0,0.21083816994036597
mono_oligosaccharide.m05,phosphate_metabolite.m00,mono_oligosaccharide,phosphate_metabolite,False,0.426438660103736,0.047362173967300525,0.125,0.250240035637007,0.7738698998661049,1.0,0.4564245672691609,0.2108254028502143
free_amino_acid.m06,purine.m01,free_amino_acid,purine,False,0.3092473687940771,0.08768901367202915,0.25,0.19968556382545632,0.21783188348653243,1.0,0.31776840743870804,0.21016660896762598
peptide_protein.m06,small_nitrogenous.m00,peptide_protein,small_nitrogenous,False,0.3786796999443181,0.11883381882902185,0.25,0.261243558756828,0.519173299818461,0.0,0.8712933417802814,0.20998338517023596
small_nitrogenous.m00,sterol_steroid.m02,small_nitrogenous,sterol_steroid,False,0.2638079233808595,0.07013379894487658,0.125,0.2146093801661696,0.5847178754199627,1.0,0.7140399563314064,0.20993753984318203
nucleic_acid_polymer.m00,peptide_protein.m00,nucleic_acid_polymer,peptide_protein,False,0.38164415454347106,0.09961540198869634,0.375,0.38053108182129725,0.2126239352045804,0.0,1.0,0.20981559823804422
free_amino_acid.m02,purine.m01,free_amino_acid,purine,False,0.35079728705606716,0.0363500537330597,0.25,0.2194980886727293,0.7299687030237315,1.0,0.5501874548367957,0.20913398582353138
fatty_acid.m04,polysaccharide.m01,fatty_acid,polysaccharide,False,0.3243892092147798,0.04396138309245368,0.25,0.32043079441647215,0.16435923342944217,1.0,1.0,0.20898333991051662
fatty_acid.m02,sterol_steroid.m01,fatty_acid,sterol_steroid,False,0.19233263743905535,0.13249434750203648,0.25,0.19518541593764954,0.09420143423938492,1.0,0.6335689141152397,0.20806698719074843
carboxylic_acid_metabolite.m01,mono_oligosaccharide.m05,carboxylic_acid_metabolite,mono_oligosaccharide,False,0.4241373559143212,0.10784463400562512,0.125,0.08956699874136827,0.49668876348193236,1.0,0.37507836444201303,0.20800811590035076
fatty_acid.m01,peptide_protein.m00,fatty_acid,peptide_protein,False,0.591295552345566,0.03732346801450742,0.26666666666666666,0.5703364400925395,0.855997765675185,0.0,1.0,0.20793072179600944
purine.m01,sterol_steroid.m01,purine,sterol_steroid,False,0.14266564776305315,0.09098471486941268,0.25,0.16011974077688845,0.47874844952643814,1.0,0.7709257110044321,0.20781443759559012
fatty_acid.m03,peptide_protein.m06,fatty_acid,peptide_protein,False,0.5213893276868756,0.05007761807555598,0.2857142857142857,0.4180364422468507,0.7099517812990299,0.0,1.0,0.20655615632826146
peptide_protein.m01,polysaccharide.m00,peptide_protein,polysaccharide,False,0.395180443144205,0.1802314320253818,0.125,0.3407681100709652,0.6751423149905124,0.0,0.34588638648012804,0.20632646891770734
free_amino_acid.m03,nucleic_acid_polymer.m00,free_amino_acid,nucleic_acid_polymer,False,0.2830335745609512,0.08103582467325522,0.125,0.19186531103397608,0.3113646631673197,1.0,0.7927912745002178,0.205951825133675
peptide_protein.m09,phosphate_metabolite.m00,peptide_protein,phosphate_metabolite,False,0.3802559613740801,0.11859738260222996,0.25,0.3223110337218354,0.545949054108447,0.0,0.489709840351158,0.20567208678214355
mono_oligosaccharide.m00,peptide_protein.m08,mono_oligosaccharide,peptide_protein,False,0.3432619010824187,0.15431927706768078,0.375,0.2587537472361135,0.1273417284802484,0.0,1.0,0.20547780942046112
mono_oligosaccharide.m05,peptide_protein.m03,mono_oligosaccharide,peptide_protein,False,0.5133691107429723,0.03244435983592813,0.125,0.2305643789617827,0.8447308542185205,1.0,0.6395430811387226,0.20515631942036353
peptide_protein.m06,peptide_protein.m07,peptide_protein,peptide_protein,True,0.715167841215007,0.32327005988285057,0.5,0.5857494954882155,0.8305067481538072,0.0,0.0,0.20427234385337367
mono_oligosaccharide.m02,pyrimidine.m00,mono_oligosaccharide,pyrimidine,False,0.2617093956247894,0.0913388119998812,0.125,0.2673513491722354,0.1403172412660079,1.0,0.8430369410634422,0.20399631661993947
fatty_acid.m03,sterol_steroid.m01,fatty_acid,sterol_steroid,False,0.196796201528216,0.162525979527018,0.14285714285714285,0.20370774371272096,0.1385002094679514,1.0,0.41671615020924585,0.20288481410952072
peptide_protein.m05,sterol_steroid.m01,peptide_protein,sterol_steroid,False,0.32344350218449097,0.12090210193173433,0.25,0.32866976560319233,0.4344496742978717,0.0,0.6759136645507602,0.20256116391205875
fatty_acid.m04,sulfur_thiol_cofactor.m01,fatty_acid,sulfur_thiol_cofactor,False,0.21166099744023126,0.06251871877829385,0.25,0.21159679106460635,0.21792388509656063,1.0,1.0,0.2025249488475357
fatty_acid.m01,peptide_protein.m05,fatty_acid,peptide_protein,False,0.5157060092226993,0.03894814278200621,0.26666666666666666,0.5302013155346751,0.7685403780280441,0.0,1.0,0.20009223060589074
peptide_protein.m05,peptide_protein.m07,peptide_protein,peptide_protein,True,0.6969510989458504,0.35678456915793105,0.375,0.6043603543499521,0.8128785825180513,0.0,0.0,0.20000627918531497
free_amino_acid.m06,pyrimidine.m00,free_amino_acid,pyrimidine,False,0.2741203167144499,0.10444744553766458,0.25,0.1776875645416697,0.06813869242711748,1.0,0.5947625378906126,0.19963008760807294
acylglycerol.m02,polysaccharide.m01,acylglycerol,polysaccharide,False,0.2828034608564117,0.06861250939192332,0.125,0.2717225657215397,0.15955872084904346,1.0,1.0,0.19922561784733697
carboxylic_acid_metabolite.m01,peptide_protein.m04,carboxylic_acid_metabolite,peptide_protein,False,0.4561423722061075,0.1413163838128515,0.25,0.11374278376127753,0.4249603653778227,0.0,0.9604594781406779,0.198852263508966
carboxylic_acid_metabolite.m01,peptide_protein.m00,carboxylic_acid_metabolite,peptide_protein,False,0.542747486874289,0.14515305726589373,0.125,0.16376260059503905,0.4407977853898158,0.0,1.0,0.1988239796785141
acylglycerol.m02,purine.m00,acylglycerol,purine,False,0.36026689782708277,0.04927764111371744,0.125,0.28378918592940355,0.2200727798450759,1.0,0.9299328830940682,0.19864380306822685
mono_oligosaccharide.m03,peptide_protein.m04,mono_oligosaccharide,peptide_protein,False,0.4024616512118461,0.17676480701868244,0.25,0.23753509531509168,0.09754963569005315,0.0,1.0,0.19850277663233662
free_amino_acid.m01,mono_oligosaccharide.m05,free_amino_acid,mono_oligosaccharide,False,0.2782206199459143,0.0777187185483427,0.125,0.14932266324613983,0.6192119076369551,1.0,0.45886296526486203,0.1983886683448672
mono_oligosaccharide.m02,sulfur_thiol_cofactor.m01,mono_oligosaccharide,sulfur_thiol_cofactor,False,0.2014937552518824,0.06191526895559926,0.25,0.19146113891452526,0.2444236345564619,1.0,0.9318866222157783,0.19794998976451822
free_amino_acid.m06,mono_oligosaccharide.m03,free_amino_acid,mono_oligosaccharide,False,0.4920645077525876,0.05308460482378553,0.125,0.19716720864271972,0.2884989773035314,1.0,0.5248888901213534,0.1978925416080485
mono_oligosaccharide.m00,sterol_steroid.m01,mono_oligosaccharide,sterol_steroid,False,0.24312055156464574,0.061674865789635665,0.125,0.23040048698932628,0.3374799773281747,1.0,1.0,0.19789061569757754
acylglycerol.m00,peptide_protein.m00,acylglycerol,peptide_protein,False,0.5572865624608362,0.03500458832212067,0.26666666666666666,0.5215855770531123,0.7807831637053649,0.0,1.0,0.19769430000379873
fatty_acid.m00,sulfur_thiol_cofactor.m00,fatty_acid,sulfur_thiol_cofactor,False,0.4179609207680805,0.0467504255716688,0.125,0.40462135742540006,0.16277220565645614,1.0,0.591694524881101,0.19753093974634964
purine.m00,sterol_steroid.m00,purine,sterol_steroid,False,0.4770994474959345,0.03343951931460334,0.125,0.3853143155837442,0.3454315450520384,1.0,0.5313157705885742,0.19749996957448873
nucleic_acid_polymer.m00,peptide_protein.m04,nucleic_acid_polymer,peptide_protein,False,0.48804659738872513,0.05861708013564032,0.375,0.40626493234386696,0.24107871887758037,0.0,1.0,0.19739687877961967
free_amino_acid.m06,peptide_protein.m05,free_amino_acid,peptide_protein,False,0.480040812982992,0.08918635739289965,0.125,0.3240706695214707,0.6305773922472215,0.0,1.0,0.1972134541250935
chromophore_pigment.m01,sulfur_thiol_cofactor.m00,chromophore_pigment,sulfur_thiol_cofactor,False,0.5036925606041947,0.02158498332915223,0.125,0.5007548143922745,0.679167385429245,1.0,0.47395301469398604,0.19688948358937647
free_amino_acid.m01,sulfur_thiol_cofactor.m00,free_amino_acid,sulfur_thiol_cofactor,False,0.4071335854705663,0.03260593175294062,0.125,0.35390446527252595,0.6043109325841775,1.0,0.48353819166637846,0.19665729961213058
chromophore_pigment.m01,free_amino_acid.m01,chromophore_pigment,free_amino_acid,False,0.3161797280790123,0.044808797488541954,0.125,0.26861268298444,0.4831448121770702,1.0,0.6783664293387394,0.196465940956535
free_amino_acid.m02,sulfur_thiol_cofactor.m01,free_amino_acid,sulfur_thiol_cofactor,False,0.23753540976262394,0.0786325960891763,0.125,0.1898396405384021,0.42403377773396755,1.0,0.5583241613912778,0.19623187358840297
fatty_acid.m02,fatty_acid.m03,fatty_acid,fatty_acid,True,0.5985779879790891,0.08557091618300627,0.42857142857142855,0.5645658726389109,0.9018507109588704,1.0,0.0,0.1956950473158252
peptide_protein.m06,sulfur_thiol_cofactor.m01,peptide_protein,sulfur_thiol_cofactor,False,0.3182339521598834,0.12789846496295063,0.125,0.29964685673200886,0.6027994775622859,0.0,1.0,0.19557389409146028
acylglycerol.m02,mono_oligosaccharide.m00,acylglycerol,mono_oligosaccharide,False,0.2431643269184056,0.10023325891595677,0.25,0.2210276478396612,0.03331279725966633,1.0,1.0,0.19545736382321058
free_amino_acid.m02,peptide_protein.m03,free_amino_acid,peptide_protein,False,0.22681984998082733,0.06479800273275314,0.25,0.16194969567271417,0.4974182048185844,1.0,0.35645870639356997,0.1949834402439168
free_amino_acid.m04,peptide_protein.m01,free_amino_acid,peptide_protein,False,0.30117919486535105,0.1197973747474391,0.25,0.2503495680954785,0.6175427355693011,0.0,0.5682885707110858,0.1947033576678758
fatty_acid.m02,free_amino_acid.m03,fatty_acid,free_amino_acid,False,0.25196231543109304,0.06598133744646625,0.125,0.15509057618751457,0.4046904392255436,1.0,1.0,0.19451764570785857
free_amino_acid.m01,sulfur_thiol_cofactor.m01,free_amino_acid,sulfur_thiol_cofactor,False,0.2480249901768626,0.07322853459455902,0.125,0.23473491104720776,0.5255674117154193,1.0,0.32883884508728894,0.1945151726768254
carboxylic_acid_metabolite.m00,free_amino_acid.m00,carboxylic_acid_metabolite,free_amino_acid,False,0.6313228814037007,0.01032115594804524,0.25,0.4819457517783421,0.4919769667397751,1.0,0.8584735892330271,0.1941736465705688
acylglycerol.m01,mono_oligosaccharide.m04,acylglycerol,mono_oligosaccharide,False,0.25315760586197306,0.03669440234917841,0.4,0.15186963994236036,0.3614989690891019,1.0,0.8410486262627052,0.19393250656241287
free_amino_acid.m03,mono_oligosaccharide.m02,free_amino_acid,mono_oligosaccharide,False,0.3124657720418689,0.0464169917118999,0.125,0.19719303042832773,0.6286815019262838,1.0,0.6716724947050298,0.19362382646019957
acylglycerol.m01,fatty_acid.m04,acylglycerol,fatty_acid,False,0.3421276626835895,0.04834282284511837,0.26666666666666666,0.390067335133459,0.6895898535367226,1.0,0.05310356562075911,0.19357904434606998
free_amino_acid.m06,sulfur_thiol_cofactor.m01,free_amino_acid,sulfur_thiol_cofactor,False,0.3679801907745119,0.05273008766218023,0.125,0.2441737109985173,0.46619680130116564,1.0,0.32798561556912453,0.19266962742358384
fatty_acid.m02,polysaccharide.m01,fatty_acid,polysaccharide,False,0.33355004868794275,0.04406838143095661,0.125,0.3134007241923752,0.1981763966583701,1.0,1.0,0.19245122094651054
mono_oligosaccharide.m02,mono_oligosaccharide.m05,mono_oligosaccharide,mono_oligosaccharide,True,0.4629161517263834,0.1482487177045487,0.625,0.22462236766246288,0.7299194164469308,1.0,0.0,0.19243127064387416
mono_oligosaccharide.m02,small_nitrogenous.m00,mono_oligosaccharide,small_nitrogenous,False,0.217812770740821,0.06899952498546934,0.25,0.1809754605543785,0.14207184340011667,1.0,0.8500947039201667,0.1922470483581518
peptide_protein.m01,phosphate_metabolite.m00,peptide_protein,phosphate_metabolite,False,0.3555169000746035,0.09963096097886205,0.25,0.30291399170144323,0.6005717242908895,0.0,0.4394073913682492,0.1922218511139968
carboxylic_acid_metabolite.m01,fatty_acid.m04,carboxylic_acid_metabolite,fatty_acid,False,0.3062581486421757,0.10587815891207358,0.125,0.10766680585240652,0.15867484823841563,1.0,0.8083007697737667,0.1921215184614023
peptide_protein.m05,sterol_steroid.m02,peptide_protein,sterol_steroid,False,0.4101395856265023,0.09340842549513988,0.125,0.3826589632967597,0.4505499560528024,0.0,1.0,0.19165291592769207
carboxylic_acid_metabolite.m01,mono_oligosaccharide.m02,carboxylic_acid_metabolite,mono_oligosaccharide,False,0.47259035584770115,0.03992956844889679,0.125,0.14494826784869427,0.5280481694143934,1.0,0.6766504638178821,0.19021417326206502
mono_oligosaccharide.m02,nucleic_acid_polymer.m00,mono_oligosaccharide,nucleic_acid_polymer,False,0.27173316505214096,0.04497442811420751,0.125,0.2493329864222943,0.3635197187379351,1.0,0.9766888603789414,0.1901742996083319
mono_oligosaccharide.m05,sterol_steroid.m01,mono_oligosaccharide,sterol_steroid,False,0.20134997235463178,0.10125844491402554,0.125,0.13545528998941272,0.21020889294134076,1.0,1.0,0.1899849217065575
chromophore_pigment.m01,mono_oligosaccharide.m05,chromophore_pigment,mono_oligosaccharide,False,0.24859921784593192,0.06886978836055134,0.125,0.15741498325191922,0.390670051011607,1.0,0.731024965018246,0.1897906370479623
chromophore_pigment.m01,mono_oligosaccharide.m00,chromophore_pigment,mono_oligosaccharide,False,0.2198298523208717,0.06057695228640763,0.125,0.19215259831316936,0.38268233979808935,1.0,0.9734295524774079,0.1897544303214738
acylglycerol.m02,sulfur_thiol_cofactor.m00,acylglycerol,sulfur_thiol_cofactor,False,0.3802625442182597,0.040092180099996474,0.125,0.38120017815462215,0.16451695047520476,1.0,0.7420374897716316,0.18930180024710863
chromophore_pigment.m00,mono_oligosaccharide.m02,chromophore_pigment,mono_oligosaccharide,False,0.1812671008386529,0.095320719850552,0.16666666666666666,0.1610319097640685,0.48599686208794374,1.0,0.29532750262795704,0.18900289912203977
free_amino_acid.m04,mono_oligosaccharide.m03,free_amino_acid,mono_oligosaccharide,False,0.3364944527970865,0.1571931689242975,0.125,0.197369525328735,0.5990701265843581,0.0,0.711014756590948,0.18891573980720502
free_amino_acid.m01,purine.m01,free_amino_acid,purine,False,0.2259843838905157,0.04566839248847205,0.25,0.19679092386156705,0.5693798927195513,1.0,0.40644460515612046,0.18877815055833472
purine.m01,pyrimidine.m00,purine,pyrimidine,False,0.18479994359150242,0.05789613496424767,0.25,0.12058526021143155,0.5726919506805656,1.0,0.6882336886749721,0.18856174800729178
chromophore_pigment.m01,peptide_protein.m03,chromophore_pigment,peptide_protein,False,0.33393899970265184,0.04691697457163522,0.25,0.2597877763003841,0.4636930431996846,1.0,0.1384338879005696,0.1884503879976781
free_amino_acid.m02,mono_oligosaccharide.m01,free_amino_acid,mono_oligosaccharide,False,0.16651023500387283,0.0914129361405557,0.125,0.1551957435977084,0.37092584834520326,1.0,0.7843363357572323,0.1879695568730788
mono_oligosaccharide.m00,peptide_protein.m00,mono_oligosaccharide,peptide_protein,False,0.3129131840589093,0.16647322940689202,0.25,0.2790940021050879,0.08055890978092117,0.0,1.0,0.1868898899517279
fatty_acid.m00,mono_oligosaccharide.m04,fatty_acid,mono_oligosaccharide,False,0.296115080794855,0.03720563224208055,0.125,0.2153787109839939,0.5020379999507134,1.0,1.0,0.18686796429584984
peptide_protein.m05,peptide_protein.m08,peptide_protein,peptide_protein,True,0.766209300939969,0.2711223412136291,0.25,0.7114933381383087,0.952980605732029,0.0,0.0,0.18646007032038853
peptide_protein.m05,sterol_steroid.m00,peptide_protein,sterol_steroid,False,0.7674247488147354,0.013182823455301295,0.375,0.7735783969908671,0.8850932748465956,0.0,0.9880488657884832,0.18645170356581164
free_amino_acid.m06,mono_oligosaccharide.m01,free_amino_acid,mono_oligosaccharide,False,0.34057469665356416,0.04170875790826482,0.25,0.21769165935824913,0.3490656086481514,1.0,0.26995197145065697,0.18590279367596393
free_amino_acid.m04,purine.m00,free_amino_acid,purine,False,0.330884296863852,0.1041795193532769,0.25,0.28458157982543986,0.5769404536007952,0.0,0.37018162614012773,0.18584779937521023
fatty_acid.m00,sterol_steroid.m02,fatty_acid,sterol_steroid,False,0.214274731773353,0.11864801502841253,0.125,0.22389277066738797,0.05376015508842834,1.0,0.8708810073312014,0.1857136206532312
carboxylic_acid_metabolite.m00,mono_oligosaccharide.m01,carboxylic_acid_metabolite,mono_oligosaccharide,False,0.24248910440546323,0.12823456838559455,0.125,0.23759743029424876,0.07365550325702129,1.0,0.35753905167462785,0.18488656588063002
acylglycerol.m00,fatty_acid.m01,acylglycerol,fatty_acid,False,0.28636865179109705,0.06538191964761808,0.14285714285714285,0.2978470658707029,0.5769897401775961,1.0,0.09990881129037421,0.1843575776177755
free_amino_acid.m04,small_nitrogenous.m00,free_amino_acid,small_nitrogenous,False,0.3281746804151568,0.17342362275487752,0.125,0.17394246902050822,0.5998751406721047,0.0,0.5511347569897371,0.1843008298766745
peptide_protein.m02,sulfur_thiol_cofactor.m00,peptide_protein,sulfur_thiol_cofactor,False,0.46795549133301745,0.06422507305461647,0.25,0.380609276381846,0.595767925938704,0.0,0.35692335631295496,0.18428720215863015
free_amino_acid.m01,peptide_protein.m05,free_amino_acid,peptide_protein,False,0.3154796441555892,0.07288841155391768,0.5,0.25396129921742566,0.2176741664407699,0.0,1.0,0.1839925382000099
free_amino_acid.m00,phospholipid_sphingolipid.m01,free_amino_acid,phospholipid_sphingolipid,False,0.5395296027979607,0.017901306165022335,0.125,0.3122565627034001,0.7263740686890593,1.0,0.6293932797700414,0.183800088958666
chromophore_pigment.m00,polysaccharide.m01,chromophore_pigment,polysaccharide,False,0.17997756615541152,0.06196657315148809,0.3333333333333333,0.16719744415391258,0.42420463786687695,1.0,0.2545203525674733,0.18379305414219144
free_amino_acid.m01,polysaccharide.m01,free_amino_acid,polysaccharide,False,0.2666960562274538,0.02804143817779465,0.25,0.223554002714536,0.5533420406285682,1.0,0.641015727404731,0.183754504377922
sterol_steroid.m01,sulfur_thiol_cofactor.m00,sterol_steroid,sulfur_thiol_cofactor,False,0.40410063255217626,0.02906840764275937,0.125,0.421908630744492,0.5767170211192982,1.0,0.25973096676842766,0.1832403573508415
peptide_protein.m00,peptide_protein.m07,peptide_protein,peptide_protein,True,0.6593824765844024,0.27731753439619816,0.375,0.5755948369945142,0.7640651568545308,0.0,0.0,0.18323442766369746
peptide_protein.m09,polysaccharide.m01,peptide_protein,polysaccharide,False,0.3316742334306779,0.11936599703846548,0.125,0.28705763826265523,0.3654057517435127,0.0,1.0,0.18317740838788749
acylglycerol.m01,fatty_acid.m02,acylglycerol,fatty_acid,False,0.30810765776480314,0.05436666586819214,0.13333333333333333,0.32548582756386824,0.6432243278543089,1.0,0.10885616541691984,0.18269045010509755
fatty_acid.m02,mono_oligosaccharide.m01,fatty_acid,mono_oligosaccharide,False,0.27998797351391475,0.03238672968941591,0.25,0.23961396814469954,0.1895906749796693,1.0,1.0,0.18256569209330176
free_amino_acid.m05,purine.m01,free_amino_acid,purine,False,0.2898697838110874,0.10495887731078866,0.25,0.15423614361988117,0.6587594568619237,0.0,0.8558589787450213,0.18227504573629913
mono_oligosaccharide.m03,peptide_protein.m05,mono_oligosaccharide,peptide_protein,False,0.4027638005647255,0.15383504374641707,0.25,0.2707929691802501,0.048164485735643234,0.0,1.0,0.1822355943703606
free_amino_acid.m02,phospholipid_sphingolipid.m01,free_amino_acid,phospholipid_sphingolipid,False,0.47811929627917743,0.01336879496131493,0.375,0.31181039603798977,0.6742058700312971,1.0,0.31045818272731834,0.18184365952092668
pyrimidine.m00,sterol_steroid.m01,pyrimidine,sterol_steroid,False,0.22242221798693373,0.0421964632034615,0.125,0.202040393509871,0.5173266960743241,1.0,1.0,0.18091866234159268
nucleic_acid_polymer.m00,peptide_protein.m06,nucleic_acid_polymer,peptide_protein,False,0.3791312548068861,0.06501557353264155,0.25,0.35849749575618256,0.28410590042468603,0.0,1.0,0.18081073547172846
fatty_acid.m00,phosphate_metabolite.m00,fatty_acid,phosphate_metabolite,False,0.31436654906855893,0.23190312044726755,0.25,0.3113959555590908,0.0,1.0,0.668391442692777,0.18071947164370034
free_amino_acid.m00,peptide_protein.m09,free_amino_acid,peptide_protein,False,0.39649494560515053,0.06686853307047243,0.25,0.25240459965105855,0.5988861233643017,0.0,0.6688812402340322,0.1803964129708071
mono_oligosaccharide.m02,peptide_protein.m04,mono_oligosaccharide,peptide_protein,False,0.3658761623824351,0.07395380310141263,0.375,0.25268194645067105,0.19428604286289297,0.0,1.0,0.17998732965855962
free_amino_acid.m00,polysaccharide.m01,free_amino_acid,polysaccharide,False,0.3927492731050623,0.015575676778958566,0.25,0.33336679355137283,0.49216754150340497,1.0,0.6322551047942285,0.17962413627591253
mono_oligosaccharide.m04,phospholipid_sphingolipid.m00,mono_oligosaccharide,phospholipid_sphingolipid,False,0.4107019962556772,0.05262084611867151,0.125,0.2491211061044492,0.4880997560314449,1.0,0.12078697512474397,0.17949227808690696
acylglycerol.m02,peptide_protein.m00,acylglycerol,peptide_protein,False,0.4537306662340942,0.026387381922674088,0.375,0.41905620420292106,0.7455005462595596,0.0,1.0,0.17922518209160831
peptide_protein.m08,polysaccharide.m00,peptide_protein,polysaccharide,False,0.42492670283885026,0.15683780264371633,0.25,0.40319861840675364,0.07126346139628872,0.0,0.2667190331515717,0.17903438166620755
free_amino_acid.m00,free_amino_acid.m02,free_amino_acid,free_amino_acid,True,0.39740339496849375,0.13246683861467506,0.5,0.255192405037668,0.7301494204720012,1.0,0.0,0.17889159835310808
fatty_acid.m03,sulfur_thiol_cofactor.m01,fatty_acid,sulfur_thiol_cofactor,False,0.2437572943328276,0.02645350602750006,0.2857142857142857,0.23523060937168946,0.2824761576184726,1.0,1.0,0.17874108181295786
fatty_acid.m03,peptide_protein.m04,fatty_acid,peptide_protein,False,0.5291514187594346,0.04272243947258485,0.14285714285714285,0.37077379411942574,0.814551040357492,0.0,1.0,0.17867898744372476
carboxylic_acid_metabolite.m00,fatty_acid.m03,carboxylic_acid_metabolite,fatty_acid,False,0.4744238589751681,0.008368705492380338,0.42857142857142855,0.2670524003059196,0.5836138560996246,1.0,1.0,0.1783624339015274
mono_oligosaccharide.m00,mono_oligosaccharide.m05,mono_oligosaccharide,mono_oligosaccharide,True,0.43512161021317775,0.2007229870508369,0.25,0.21740469029243717,0.7436572282872095,1.0,0.0,0.17815172278468427
carboxylic_acid_metabolite.m01,peptide_protein.m01,carboxylic_acid_metabolite,peptide_protein,False,0.3761456241116644,0.23124114858965142,0.125,0.1126170960978651,0.41137041326794643,0.0,0.40467824435214234,0.1780323497512633
peptide_protein.m00,sulfur_thiol_cofactor.m00,peptide_protein,sulfur_thiol_cofactor,False,0.4718821399559569,0.06305175133696658,0.125,0.4527690816681887,0.3446298167360786,0.0,0.9722528532632287,0.17787799291263745
free_amino_acid.m03,phospholipid_sphingolipid.m00,free_amino_acid,phospholipid_sphingolipid,False,0.3076696323779934,0.0722218339723546,0.125,0.20294948466907625,0.34537568693166415,1.0,0.16904085071430006,0.1776466788595472
peptide_protein.m03,sterol_steroid.m01,peptide_protein,sterol_steroid,False,0.25861165194983476,0.09375346793035215,0.125,0.20068525298251927,0.2863040817500021,1.0,0.15189599109254817,0.17753241428709368
fatty_acid.m03,mono_oligosaccharide.m02,fatty_acid,mono_oligosaccharide,False,0.2461479309272832,0.042561095119538664,0.2857142857142857,0.21515031703819543,0.08931220582074473,1.0,1.0,0.17737181492593493
mono_oligosaccharide.m00,mono_oligosaccharide.m04,mono_oligosaccharide,mono_oligosaccharide,True,0.3972823154376218,0.23418774939341586,0.25,0.23044292013599885,0.5309856493917215,1.0,0.0,0.17733508811960505
peptide_protein.m06,purine.m00,peptide_protein,purine,False,0.46817525240264046,0.058334792977066015,0.125,0.3827582041627327,0.5129993346312132,0.0,1.0,0.17723539776547212
peptide_protein.m00,peptide_protein.m08,peptide_protein,peptide_protein,True,0.7549881481617883,0.19756381550908997,0.375,0.6036947366287675,0.9055603473060779,0.0,0.0,0.1771878410024871
mono_oligosaccharide.m03,peptide_protein.m02,mono_oligosaccharide,peptide_protein,False,0.3755299714599601,0.14555856227901398,0.125,0.2283710057478091,0.6785529461051283,0.0,0.25445299481320843,0.17690501207393222
peptide_protein.m09,pyrimidine.m00,peptide_protein,pyrimidine,False,0.24019938626271214,0.10445664680800962,0.25,0.1628821907481576,0.5561218035601339,0.0,1.0,0.17653768718156035
fatty_acid.m01,polysaccharide.m01,fatty_acid,polysaccharide,False,0.21175060129491516,0.10918573991744675,0.13333333333333333,0.19967937076175712,0.037719017225658596,1.0,1.0,0.17625978583559004
free_amino_acid.m00,peptide_protein.m06,free_amino_acid,peptide_protein,False,0.3043349010861553,0.10915973176365655,0.25,0.206925861344303,0.21231835842841534,0.0,1.0,0.17617648415259546
polysaccharide.m01,pyrimidine.m00,polysaccharide,pyrimidine,False,0.2227564543063291,0.027145512085283437,0.375,0.18313745223923128,0.2656760064729704,1.0,1.0,0.1761761308343969
acylglycerol.m00,peptide_protein.m06,acylglycerol,peptide_protein,False,0.4767751795181105,0.0318451814946151,0.26666666666666666,0.38016506007106005,0.6699376524803471,0.0,1.0,0.17575926924650204
mono_oligosaccharide.m00,sterol_steroid.m00,mono_oligosaccharide,sterol_steroid,False,0.3336202259904614,0.046657226767389544,0.25,0.2907454327470828,0.0784363012066997,1.0,0.34392941725013004,0.17546753869812023
chromophore_pigment.m01,mono_oligosaccharide.m04,chromophore_pigment,mono_oligosaccharide,False,0.2021011377522684,0.09020845989652969,0.125,0.15421960705728976,0.10092083754322843,1.0,1.0,0.17501734613408385
fatty_acid.m02,peptide_protein.m02,fatty_acid,peptide_protein,False,0.3046031662361411,0.09315206153469559,0.25,0.23793724725554607,0.22972309158267412,0.0,1.0,0.17431141637871317
free_amino_acid.m02,mono_oligosaccharide.m04,free_amino_acid,mono_oligosaccharide,False,0.2965626694175998,0.05370189045363469,0.125,0.1577337013867149,0.23818066816169287,1.0,0.6546533934055822,0.17395529769056614
chromophore_pigment.m00,mono_oligosaccharide.m05,chromophore_pigment,mono_oligosaccharide,False,0.13738445889587725,0.07272202067738001,0.16666666666666666,0.09549615366727936,0.6313331197581672,1.0,0.729950914236642,0.17363386133355993
mono_oligosaccharide.m04,peptide_protein.m08,mono_oligosaccharide,peptide_protein,False,0.33218146395287934,0.11659875859104082,0.125,0.19924342304827372,0.3890797374668342,0.0,1.0,0.17353877326331069
free_amino_acid.m00,mono_oligosaccharide.m03,free_amino_acid,mono_oligosaccharide,False,0.44673141669217564,0.02406171594796669,0.125,0.19176639636623105,0.645622941258615,1.0,0.574330261651034,0.17346321500612935
chromophore_pigment.m00,free_amino_acid.m04,chromophore_pigment,free_amino_acid,False,0.22816401914391865,0.18715890692991508,0.16666666666666666,0.18815782971396194,0.6740744391598282,0.0,0.25581301057750866,0.17291025935040125
fatty_acid.m00,polysaccharide.m00,fatty_acid,polysaccharide,False,0.2947289546122381,0.1893471384308272,0.25,0.2845333302613164,0.0,1.0,0.9286366193146818,0.1728999235122559
acylglycerol.m02,peptide_protein.m06,acylglycerol,peptide_protein,False,0.37781352484217434,0.034897455953828246,0.375,0.29918479755886335,0.6184988951592367,0.0,1.0,0.1728954058172519
mono_oligosaccharide.m04,peptide_protein.m02,mono_oligosaccharide,peptide_protein,False,0.40547226389592456,0.1290236162499127,0.125,0.19688484460269332,0.5371431857200358,0.0,0.36723392157053825,0.17275521405675923
free_amino_acid.m01,sterol_steroid.m00,free_amino_acid,sterol_steroid,False,0.31872989709712285,0.046619422913910705,0.125,0.2725342981854498,0.16386308188964735,1.0,0.472649978267034,0.1724161871188036
mono_oligosaccharide.m01,mono_oligosaccharide.m03,mono_oligosaccharide,mono_oligosaccharide,True,0.4487433129248339,0.13477386892593163,0.25,0.3195340702981151,0.7249414721900491,1.0,0.0,0.17147463752619252
free_amino_acid.m01,sterol_steroid.m01,free_amino_acid,sterol_steroid,False,0.19019708408384764,0.07434210919711928,0.125,0.17457045309130667,0.2841519012297001,1.0,0.4319274225701424,0.17115032877437805
carboxylic_acid_metabolite.m01,pyrimidine.m00,carboxylic_acid_metabolite,pyrimidine,False,0.30538375754398345,0.06819218851450587,0.125,0.10767583205648462,0.5898403936354601,1.0,0.2056587077531672,0.17105872978487177
free_amino_acid.m00,pyrimidine.m00,free_amino_acid,pyrimidine,False,0.25954165063862056,0.041332667117583696,0.125,0.16926055087735523,0.44077478498730865,1.0,0.662309404717069,0.17071135163003417
free_amino_acid.m03,peptide_protein.m00,free_amino_acid,peptide_protein,False,0.2890253593386395,0.09030687863247303,0.25,0.17878868996903155,0.32690307794672124,0.0,1.0,0.16986398424235852
peptide_protein.m07,pyrimidine.m00,peptide_protein,pyrimidine,False,0.24270703648006908,0.0383088630339789,0.125,0.1792851429262439,0.3514017923885097,1.0,1.0,0.16982038988694179
chromophore_pigment.m01,free_amino_acid.m05,chromophore_pigment,free_amino_acid,False,0.2633411248918631,0.0953204870246508,0.25,0.16493090424001547,0.546113342697783,0.0,0.7076882773169924,0.16978490917137784
carboxylic_acid_metabolite.m00,fatty_acid.m02,carboxylic_acid_metabolite,fatty_acid,False,0.23909907859551074,0.029917534901144193,0.25,0.13705721886467065,0.35106664366626417,1.0,0.9917159541080213,0.16947319120082902
polysaccharide.m00,sterol_steroid.m01,polysaccharide,sterol_steroid,False,0.25915017661767936,0.041434299078877454,0.125,0.2668253956411847,0.2987144417884456,1.0,0.44914563474969815,0.16915514723547306
free_amino_acid.m03,peptide_protein.m06,free_amino_acid,peptide_protein,False,0.25819883002803695,0.09110711195388314,0.375,0.13847693205976858,0.2971569859615401,0.0,1.0,0.16861213346966514
acylglycerol.m01,pyrimidine.m00,acylglycerol,pyrimidine,False,0.2824801008599079,0.03339477323682168,0.13333333333333333,0.2576870649858269,0.20158045622941262,1.0,0.8845259272250301,0.16851470292062581
free_amino_acid.m05,sterol_steroid.m01,free_amino_acid,sterol_steroid,False,0.3686040188045493,0.06905033305232151,0.125,0.2810943822685102,0.517316838758964,0.0,1.0,0.16840052689137835
mono_oligosaccharide.m03,mono_oligosaccharide.m05,mono_oligosaccharide,mono_oligosaccharide,True,0.47601431740662503,0.2416300714965551,0.125,0.18531080631147143,0.7842200809942746,1.0,0.0,0.16806495300340113
free_amino_acid.m02,peptide_protein.m08,free_amino_acid,peptide_protein,False,0.30853179311994094,0.09523626859690862,0.375,0.22846798603823631,0.08362782062971817,0.0,1.0,0.16777380281914422
mono_oligosaccharide.m02,peptide_protein.m08,mono_oligosaccharide,peptide_protein,False,0.3342392007172126,0.1347990877642732,0.125,0.2954717140413146,0.10537305831423478,0.0,1.0,0.16773359773265023
fatty_acid.m01,purine.m01,fatty_acid,purine,False,0.13936491317908203,0.09509405817481931,0.13333333333333333,0.13307386718901654,0.1343995662781242,1.0,1.0,0.16732604615420518
sterol_steroid.m00,sterol_steroid.m02,sterol_steroid,sterol_steroid,True,0.41845585912826017,0.15792273655383815,0.25,0.4204324623441206,0.2883084025399016,1.0,0.0,0.16717535856217636
fatty_acid.m01,mono_oligosaccharide.m00,fatty_acid,mono_oligosaccharide,False,0.2688033786283585,0.025357780657879664,0.4,0.24569920849457896,0.074775951436293,1.0,1.0,0.16717083508172914
fatty_acid.m04,phosphate_metabolite.m00,fatty_acid,phosphate_metabolite,False,0.343466343169024,0.1378794731243893,0.25,0.3331822853250725,0.0,1.0,0.8392463138649662,0.16692983803220152
free_amino_acid.m04,sulfur_thiol_cofactor.m01,free_amino_acid,sulfur_thiol_cofactor,False,0.23720071833223536,0.1561974674661234,0.125,0.20234713885114577,0.5966715131800522,0.0,0.4057508971967163,0.16683694871028867
peptide_protein.m00,purine.m00,peptide_protein,purine,False,0.4540371229412458,0.04693866577507045,0.125,0.41874056092356643,0.44744490171435153,0.0,1.0,0.16680273629934536
fatty_acid.m02,mono_oligosaccharide.m05,fatty_acid,mono_oligosaccharide,False,0.2723533134580984,0.16146807384564504,0.5,0.15333279240094375,0.0,1.0,1.0,0.16662453720554132
mono_oligosaccharide.m03,small_nitrogenous.m00,mono_oligosaccharide,small_nitrogenous,False,0.2352570896248873,0.05063130054016589,0.125,0.14741821172335628,0.37672852132055173,1.0,0.540347141194061,0.1663805759810171
purine.m00,small_nitrogenous.m00,purine,small_nitrogenous,False,0.3245228112012837,0.028126488682590906,0.125,0.267595011744703,0.513249053287004,1.0,0.3673928352011637,0.16623865381032837
free_amino_acid.m02,nucleic_acid_polymer.m00,free_amino_acid,nucleic_acid_polymer,False,0.26817262038452566,0.033582152150324215,0.125,0.22463545357373896,0.4151063357894478,1.0,0.5482500094779483,0.16602827910255988
peptide_protein.m06,peptide_protein.m08,peptide_protein,peptide_protein,True,0.7332213821698301,0.14361676438282153,0.5,0.5278881106630887,0.8811306340718107,0.0,0.0,0.16598892855083106
peptide_protein.m07,sulfur_thiol_cofactor.m00,peptide_protein,sulfur_thiol_cofactor,False,0.5886381476024826,0.13676122598376692,0.0,0.5555507384987424,0.5358781635821485,1.0,0.9407582470105051,0.16592942030845262
chromophore_pigment.m00,sterol_steroid.m02,chromophore_pigment,sterol_steroid,False,0.15610978636975056,0.06171301786489435,0.16666666666666666,0.14835272935204993,0.4502180931023437,1.0,0.3896231144006636,0.1658282934335488
peptide_protein.m02,sulfur_thiol_cofactor.m01,peptide_protein,sulfur_thiol_cofactor,False,0.24384124268950155,0.08735215593652347,0.25,0.1962076622293046,0.4984072221263872,0.0,0.6530016071870685,0.16503957368966624
peptide_protein.m00,sulfur_thiol_cofactor.m01,peptide_protein,sulfur_thiol_cofactor,False,0.2906184019641419,0.0746213568425514,0.125,0.2866314016303169,0.5112053032356638,0.0,1.0,0.1640117677627475
chromophore_pigment.m00,sterol_steroid.m01,chromophore_pigment,sterol_steroid,False,0.11050931187582969,0.06288055581746141,0.3333333333333333,0.11773817149436429,0.30615342911358095,1.0,0.4874861806554231,0.16397151767899917
mono_oligosaccharide.m00,mono_oligosaccharide.m02,mono_oligosaccharide,mono_oligosaccharide,True,0.4290353842657508,0.10572750683850361,0.25,0.36038840009128603,0.7707484166687204,1.0,0.0,0.16384889096103863
fatty_acid.m00,mono_oligosaccharide.m03,fatty_acid,mono_oligosaccharide,False,0.32829601120877333,0.23971102612602763,0.125,0.21366370585243472,0.0,1.0,1.0,0.16299385798600607
acylglycerol.m02,peptide_protein.m04,acylglycerol,peptide_protein,False,0.5891797927809039,0.02481966283136054,0.125,0.46647827508088074,0.8276908417325877,0.0,1.0,0.16195582336358808
mono_oligosaccharide.m02,peptide_protein.m05,mono_oligosaccharide,peptide_protein,False,0.35091441232864806,0.1151020853756804,0.125,0.3045576089530993,0.09489144631459621,0.0,1.0,0.16185296727385165
polysaccharide.m01,small_nitrogenous.m00,polysaccharide,small_nitrogenous,False,0.20236354809212612,0.043325316167632834,0.125,0.18430326439153097,0.21176306299645958,1.0,1.0,0.16119938083021798
acylglycerol.m01,acylglycerol.m02,acylglycerol,acylglycerol,True,0.32972013861001087,0.1178451982117715,0.26666666666666666,0.3856676397550303,0.6917354625134512,1.0,0.0,0.16116783109848837
mono_oligosaccharide.m00,sulfur_thiol_cofactor.m01,mono_oligosaccharide,sulfur_thiol_cofactor,False,0.19558617622320243,0.03595732494421536,0.125,0.1712036246498126,0.4018153889121632,1.0,1.0,0.16113154699867824
free_amino_acid.m01,peptide_protein.m00,free_amino_acid,peptide_protein,False,0.2688511704726765,0.09103374273307127,0.25,0.22972998247487317,0.14498303720315106,0.0,1.0,0.16058625070436322
mono_oligosaccharide.m00,peptide_protein.m02,mono_oligosaccharide,peptide_protein,False,0.34247939818521,0.04277280929033289,0.25,0.24352069081973335,0.6857750724923402,0.0,0.7775661255917503,0.16035485678528244
fatty_acid.m02,free_amino_acid.m01,fatty_acid,free_amino_acid,False,0.28385009499670244,0.019549733793410993,0.25,0.21399571585249963,0.21011360555952588,1.0,1.0,0.16028770158621922
mono_oligosaccharide.m00,phospholipid_sphingolipid.m00,mono_oligosaccharide,phospholipid_sphingolipid,False,0.3160426259804515,0.1161245369895355,0.25,0.2850170788187797,0.014873045992590584,1.0,0.08597362169953379,0.16024270941253957
free_amino_acid.m05,sulfur_thiol_cofactor.m01,free_amino_acid,sulfur_thiol_cofactor,False,0.29513766511497724,0.0900854157947458,0.125,0.19241906608571618,0.6502098786728768,0.0,0.6855696056196044,0.16023330051652585
fatty_acid.m00,peptide_protein.m08,fatty_acid,peptide_protein,False,0.3680293523533087,0.04536498207847805,0.125,0.35796480859499324,0.6265884652981427,0.0,1.0,0.16020182858829027
mono_oligosaccharide.m05,purine.m00,mono_oligosaccharide,purine,False,0.3636799025903305,0.027491271768807855,0.125,0.1659361987822094,0.4969943402580974,1.0,0.45090733767628655,0.160145269738322
phosphate_metabolite.m00,purine.m00,phosphate_metabolite,purine,False,0.5937767679122086,0.11283972989843721,0.0,0.4891626391899789,0.7238275955543507,1.0,0.9090735916524376,0.15961788777967176
peptide_protein.m01,peptide_protein.m09,peptide_protein,peptide_protein,True,0.7408327444873761,0.1075593208186293,0.75,0.43544786168654565,0.8573022170745133,0.0,0.0,0.15931954420798242
acylglycerol.m02,mono_oligosaccharide.m03,acylglycerol,mono_oligosaccharide,False,0.2942103102223782,0.15859540746760173,0.25,0.21027595848066966,0.0,1.0,1.0,0.1591892269894195
fatty_acid.m03,small_nitrogenous.m00,fatty_acid,small_nitrogenous,False,0.19307552784976675,0.037358374446604586,0.2857142857142857,0.1922157858509372,0.07979003918282856,1.0,1.0,0.15899938985781328
acylglycerol.m02,polysaccharide.m00,acylglycerol,polysaccharide,False,0.2901309288041133,0.13150266207488948,0.25,0.28593729939476903,0.0,1.0,1.0,0.15862953996878495
peptide_protein.m02,polysaccharide.m00,peptide_protein,polysaccharide,False,0.3835781377385091,0.05901707889776433,0.25,0.31272475340972267,0.7134182705340202,0.0,0.1630849731350988,0.1585098862208869
fatty_acid.m00,free_amino_acid.m01,fatty_acid,free_amino_acid,False,0.20203367518946466,0.05522926882290717,0.125,0.17920941519410552,0.10095040948930892,1.0,1.0,0.15833557737917667
free_amino_acid.m05,peptide_protein.m06,free_amino_acid,peptide_protein,False,0.2721452988391424,0.10117152585017074,0.25,0.15464828471315384,0.1700239039897484,0.0,1.0,0.15825903312679632
fatty_acid.m01,mono_oligosaccharide.m04,fatty_acid,mono_oligosaccharide,False,0.22418139982524107,0.02506050060480012,0.26666666666666666,0.12106331779854416,0.3595045056145626,1.0,0.9319887823422341,0.1580250908773328
peptide_protein.m04,peptide_protein.m06,peptide_protein,peptide_protein,True,0.6149063564481719,0.204428351616208,0.375,0.37353444121836454,0.8196899874319229,0.0,0.0,0.1580215542603566
free_amino_acid.m01,sterol_steroid.m02,free_amino_acid,sterol_steroid,False,0.2465235262831106,0.028703468482198027,0.125,0.2209571988085067,0.5547746371275784,1.0,0.4455795378028833,0.15788547500403496
fatty_acid.m04,mono_oligosaccharide.m01,fatty_acid,mono_oligosaccharide,False,0.2349973081837656,0.04303678925650613,0.125,0.21971737539539307,0.09944881178277765,1.0,1.0,0.15785148270166036
fatty_acid.m04,mono_oligosaccharide.m02,fatty_acid,mono_oligosaccharide,False,0.286150529414126,0.024574852517967895,0.125,0.2606848909437358,0.21028117992064863,1.0,1.0,0.15782491436520835
mono_oligosaccharide.m01,sterol_steroid.m00,mono_oligosaccharide,sterol_steroid,False,0.3158491895758849,0.022376185147631997,0.375,0.3035325893791887,0.12137148114377716,1.0,0.27475546526626476,0.15779173571375604
free_amino_acid.m00,peptide_protein.m02,free_amino_acid,peptide_protein,False,0.331288737261427,0.06238490326564524,0.375,0.20207385262620584,0.534061131784092,0.0,0.2446848656778914,0.15716731257988503
free_amino_acid.m02,small_nitrogenous.m00,free_amino_acid,small_nitrogenous,False,0.2731425313993714,0.02202161892482293,0.125,0.21401833194347467,0.3919252158341343,1.0,0.9977087292250024,0.15715023064817144
small_nitrogenous.m00,sulfur_thiol_cofactor.m00,small_nitrogenous,sulfur_thiol_cofactor,False,0.35170128804250816,0.02288035800650896,0.125,0.31248702463989964,0.5137550621421589,1.0,0.2352528557335112,0.15706915153658665
fatty_acid.m04,sterol_steroid.m02,fatty_acid,sterol_steroid,False,0.26391362746204355,0.036618498481005575,0.125,0.27329492211378953,0.1313996566368483,1.0,0.6055176971208386,0.15679089519312897
fatty_acid.m01,mono_oligosaccharide.m01,fatty_acid,mono_oligosaccharide,False,0.21045505660734812,0.05581181778719507,0.13333333333333333,0.20762058759279725,0.05847523760237233,1.0,1.0,0.15643790356300027
fatty_acid.m04,sulfur_thiol_cofactor.m00,fatty_acid,sulfur_thiol_cofactor,False,0.37683163133956177,0.01902245449368154,0.125,0.3813434613801568,0.15746568422090246,1.0,0.7163891675646262,0.15560141772043642
free_amino_acid.m06,mono_oligosaccharide.m05,free_amino_acid,mono_oligosaccharide,False,0.30956111517245305,0.04692792663274071,0.125,0.17114204707329214,0.18218125960061446,1.0,0.3109025723767296,0.15518864245314817
mono_oligosaccharide.m00,mono_oligosaccharide.m03,mono_oligosaccharide,mono_oligosaccharide,True,0.5021010417590941,0.1280545668641304,0.125,0.2982482222519064,0.7531333941201115,1.0,0.0,0.15503057733261297
carboxylic_acid_metabolite.m00,pyrimidine.m00,carboxylic_acid_metabolite,pyrimidine,False,0.3679613239756421,0.0331630653905758,0.125,0.1598692855778523,0.3051446971750577,1.0,0.339431369303368,0.1548642375859724
acylglycerol.m02,phosphate_metabolite.m00,acylglycerol,phosphate_metabolite,False,0.31222646102937285,0.11434002800704586,0.25,0.30549215137003066,0.0,1.0,0.8475780681918192,0.15441962581579488
pyrimidine.m00,small_nitrogenous.m00,pyrimidine,small_nitrogenous,False,0.21001026618247784,0.02489990586089896,0.125,0.1793027419773773,0.5380402014178105,1.0,0.9699848660308452,0.15410972357970196
free_amino_acid.m05,mono_oligosaccharide.m00,free_amino_acid,mono_oligosaccharide,False,0.2941622334257974,0.07724715566593336,0.125,0.17218061295052128,0.5172182656053624,0.0,0.9857417078071614,0.1535910272721096
free_amino_acid.m00,small_nitrogenous.m00,free_amino_acid,small_nitrogenous,False,0.20634583285208438,0.04813286616656718,0.125,0.16406691938964174,0.3740703319450948,1.0,0.30159883884277056,0.15330542374832085
free_amino_acid.m04,phospholipid_sphingolipid.m01,free_amino_acid,phospholipid_sphingolipid,False,0.35822685033597657,0.07361272901172383,0.125,0.22811907238614262,0.5917658559024783,0.0,0.41411435997996676,0.15302331901443292
peptide_protein.m08,sulfur_thiol_cofactor.m01,peptide_protein,sulfur_thiol_cofactor,False,0.29613892281096926,0.055424922766497194,0.125,0.27608993966948514,0.5249529723913027,0.0,1.0,0.15238123945351442
mono_oligosaccharide.m01,purine.m00,mono_oligosaccharide,purine,False,0.297744044165751,0.019984206221649654,0.125,0.24990725392571658,0.5157593829320585,1.0,0.44229319543787887,0.15134198055195466
peptide_protein.m04,purine.m01,peptide_protein,purine,False,0.24083195232703822,0.09459460509097943,0.25,0.16649444316466738,0.14619220122066423,0.0,1.0,0.15125258185315416
free_amino_acid.m06,sulfur_thiol_cofactor.m00,free_amino_acid,sulfur_thiol_cofactor,False,0.6416342096269534,0.10847583435421952,0.0,0.47769189889409186,0.5418976974954206,1.0,0.6928332448650295,0.15122289080572468
phospholipid_sphingolipid.m01,sterol_steroid.m02,phospholipid_sphingolipid,sterol_steroid,False,0.53371605546051,0.15160673550961282,0.0,0.3804937625625777,0.7205319664522701,1.0,0.44808001338550474,0.15086715180542126
nucleic_acid_polymer.m00,sterol_steroid.m00,nucleic_acid_polymer,sterol_steroid,False,0.3376051781184623,0.07259437817342686,0.125,0.32562557287851374,0.013286018219604557,1.0,0.34173463406734933,0.15068160199158528
mono_oligosaccharide.m00,peptide_protein.m06,mono_oligosaccharide,peptide_protein,False,0.29131396893439604,0.11134836667594451,0.125,0.24020507424003304,0.1018277105563633,0.0,1.0,0.1502981556533814
mono_oligosaccharide.m03,sterol_steroid.m00,mono_oligosaccharide,sterol_steroid,False,0.4064703825257122,0.11023022844479445,0.25,0.26133515197436175,0.0,1.0,0.523627363406276,0.15015986435579895
fatty_acid.m02,free_amino_acid.m00,fatty_acid,free_amino_acid,False,0.2559341193889199,0.09223614293920704,0.125,0.13164730360508134,0.01619392625085225,1.0,1.0,0.15004945892724947
carboxylic_acid_metabolite.m00,peptide_protein.m05,carboxylic_acid_metabolite,peptide_protein,False,0.4683313675120493,0.03173164895978197,0.125,0.3019979574786531,0.6265588933520624,0.0,1.0,0.1498708264770867
free_amino_acid.m01,peptide_protein.m01,free_amino_acid,peptide_protein,False,0.27537339522504883,0.06497362790684601,0.25,0.1788774137023886,0.49650476026187607,0.0,0.46781175479723297,0.14974159581061344
fatty_acid.m01,peptide_protein.m06,fatty_acid,peptide_protein,False,0.46151501185752336,0.024507294859343602,0.13333333333333333,0.3820542268328491,0.7758282198509904,0.0,1.0,0.14969149626948874
fatty_acid.m01,sulfur_thiol_cofactor.m01,fatty_acid,sulfur_thiol_cofactor,False,0.2190491703018276,0.014167990252954003,0.26666666666666666,0.22078393179803338,0.4642154809137732,1.0,0.7296566619034577,0.14942030938693215
phosphate_metabolite.m00,phospholipid_sphingolipid.m01,phosphate_metabolite,phospholipid_sphingolipid,False,0.6936582044851168,0.07138480394869352,0.0,0.5116669111686689,0.874953383112776,1.0,0.8333373566139167,0.14936857050145888
peptide_protein.m00,peptide_protein.m04,peptide_protein,peptide_protein,True,0.6861195562077063,0.1606402541462579,0.25,0.4694308584223467,0.8901402203109984,0.0,0.0,0.14931936840128468
mono_oligosaccharide.m03,peptide_protein.m06,mono_oligosaccharide,peptide_protein,False,0.38534798846068213,0.09321986605807145,0.125,0.23300545711367487,0.08679201886033006,0.0,1.0,0.148948842564119
peptide_protein.m07,purine.m00,peptide_protein,purine,False,0.526699961192653,0.10502353132592886,0.0,0.4331912599664748,0.5789480601624815,1.0,1.0,0.14838849314799873
sterol_steroid.m00,sulfur_thiol_cofactor.m01,sterol_steroid,sulfur_thiol_cofactor,False,0.3045387882729728,0.02908300430083059,0.125,0.29537951987358707,0.3705019837847162,1.0,0.14139698471425352,0.14779337526098524
fatty_acid.m02,phosphate_metabolite.m00,fatty_acid,phosphate_metabolite,False,0.34882981004063063,0.1395892059639683,0.125,0.3152951470287111,0.0,1.0,0.7145510531534587,0.14773489871144488
carboxylic_acid_metabolite.m01,free_amino_acid.m05,carboxylic_acid_metabolite,free_amino_acid,False,0.3116224276848645,0.14470194490415758,0.125,0.09267528890802205,0.4713718918652505,0.0,0.3421816198739069,0.1476343660911353
acylglycerol.m00,carboxylic_acid_metabolite.m01,acylglycerol,carboxylic_acid_metabolite,False,0.31286418539496996,0.03018011114352136,0.13333333333333333,0.12888398690313124,0.15040127487945326,1.0,0.9258856239510853,0.14745276458529263
free_amino_acid.m05,pyrimidine.m00,free_amino_acid,pyrimidine,False,0.21063474507399504,0.10651540611699428,0.125,0.13635150400408863,0.4099608171714434,0.0,1.0,0.1470851528169236
mono_oligosaccharide.m05,peptide_protein.m02,mono_oligosaccharide,peptide_protein,False,0.2834173337041076,0.07049389319014158,0.125,0.13702178819063324,0.6514289000057503,0.0,0.9466142224038324,0.1467513506136994
peptide_protein.m04,peptide_protein.m07,peptide_protein,peptide_protein,True,0.6004063150789993,0.15805302401050028,0.375,0.3956756730128174,0.7102540723034082,0.0,0.0,0.14663468769803753
peptide_protein.m04,sulfur_thiol_cofactor.m00,peptide_protein,sulfur_thiol_cofactor,False,0.42556288125691294,0.04425126141251484,0.125,0.31817009589441336,0.32771794934982795,0.0,0.7466223543283371,0.14657830301447464
acylglycerol.m00,mono_oligosaccharide.m00,acylglycerol,mono_oligosaccharide,False,0.28978675169930895,0.0303651395813846,0.13333333333333333,0.25647813415669873,0.05320814542825928,1.0,1.0,0.14645550488013304
peptide_protein.m09,polysaccharide.m00,peptide_protein,polysaccharide,False,0.37878600166037885,0.058337705871307204,0.125,0.3056531327327807,0.5736185383244208,0.0,0.28237891969501927,0.146363402032303
peptide_protein.m00,phospholipid_sphingolipid.m01,peptide_protein,phospholipid_sphingolipid,False,0.46289897247512296,0.04133178626943464,0.25,0.331498737019868,0.15045384722804078,0.0,0.5337497171026793,0.1463543602482899
fatty_acid.m04,mono_oligosaccharide.m03,fatty_acid,mono_oligosaccharide,False,0.29324858532356807,0.17058007759642851,0.125,0.21267097533144846,0.0,1.0,1.0,0.1462587971514074
acylglycerol.m02,peptide_protein.m03,acylglycerol,peptide_protein,False,0.2930212957654217,0.1602558548517329,0.125,0.23136226066284377,0.0,1.0,0.9725938314742748,0.14539746815408156
free_amino_acid.m06,polysaccharide.m01,free_amino_acid,polysaccharide,False,0.4267472378456346,0.010914507243642829,0.125,0.29416324810621935,0.451049393364384,1.0,0.5839283706399296,0.14535109532828228
mono_oligosaccharide.m01,mono_oligosaccharide.m02,mono_oligosaccharide,mono_oligosaccharide,True,0.3233306932826239,0.16313412796099558,0.125,0.2763610431828357,0.5748999893212418,1.0,0.0,0.14513857295117638
free_amino_acid.m05,sulfur_thiol_cofactor.m00,free_amino_acid,sulfur_thiol_cofactor,False,0.3478930187041555,0.04699051841515096,0.25,0.2326351416467277,0.548676244691425,0.0,0.28621299298025754,0.14473866124357862
peptide_protein.m02,sterol_steroid.m01,peptide_protein,sterol_steroid,False,0.25857415543993273,0.09362087042652947,0.125,0.21898301301150846,0.33990487690677446,0.0,0.45896450419189166,0.14463450283828366
free_amino_acid.m03,peptide_protein.m03,free_amino_acid,peptide_protein,False,0.4191316849687408,0.01245825455588819,0.125,0.19159798003052184,0.6532262171730863,1.0,0.5403502443528694,0.14454512051074433
peptide_protein.m02,polysaccharide.m01,peptide_protein,polysaccharide,False,0.2825299923637648,0.058544876872553483,0.125,0.22088567727133557,0.5399229486516014,0.0,0.74441729214241,0.14409920842877896
chromophore_pigment.m01,free_amino_acid.m03,chromophore_pigment,free_amino_acid,False,0.23159380853659883,0.029040294969756134,0.125,0.14400904946839035,0.24898428579643003,1.0,0.8112184582439291,0.14372145012362367
free_amino_acid.m03,pyrimidine.m00,free_amino_acid,pyrimidine,False,0.15120279785267884,0.06718897182098336,0.125,0.08895713450290461,0.1332856896424259,1.0,0.8894242922912273,0.14356194546884504
carboxylic_acid_metabolite.m01,free_amino_acid.m02,carboxylic_acid_metabolite,free_amino_acid,False,0.2970618534042752,0.05101675653858729,0.125,0.0953195923642855,0.3256019123191799,1.0,0.16860089551996432,0.14350469141818606
free_amino_acid.m04,peptide_protein.m08,free_amino_acid,peptide_protein,False,0.275894321305636,0.07712677407642013,0.125,0.2622077881803164,0.21681000846086237,0.0,0.7072010293909603,0.14316781770277892
chromophore_pigment.m01,peptide_protein.m06,chromophore_pigment,peptide_protein,False,0.3145196709154247,0.05560880696390088,0.125,0.30806190157389085,0.278027222619253,0.0,0.7337205041864368,0.14276095858232504
free_amino_acid.m02,peptide_protein.m01,free_amino_acid,peptide_protein,False,0.2533928345019115,0.06814228168158383,0.125,0.14550683883004817,0.5634917896777479,0.0,1.0,0.1422888291927329
free_amino_acid.m05,mono_oligosaccharide.m05,free_amino_acid,mono_oligosaccharide,False,0.2079413671504935,0.1211697680297323,0.125,0.08874803609811954,0.50995670995671,0.0,0.8117891791278163,0.1421984032212055
acylglycerol.m01,phospholipid_sphingolipid.m01,acylglycerol,phospholipid_sphingolipid,False,0.3447543663968962,0.14917028846820193,0.26666666666666666,0.24700958162245384,0.0,1.0,0.19354837837599703,0.1420377784289064
carboxylic_acid_metabolite.m00,peptide_protein.m02,carboxylic_acid_metabolite,peptide_protein,False,0.3443242904825161,0.04978827327771237,0.25,0.2606650568731098,0.21510469290355438,0.0,0.441295970833684,0.14174792395341576
acylglycerol.m01,free_amino_acid.m03,acylglycerol,free_amino_acid,False,0.1683476150048854,0.04176855639467816,0.13333333333333333,0.12056587303119777,0.2034303457453363,1.0,0.7740545460682552,0.14161099035825883
mono_oligosaccharide.m00,peptide_protein.m04,mono_oligosaccharide,peptide_protein,False,0.3609353649011525,0.036629797471655554,0.25,0.28751471772442966,0.15610537470120012,0.0,1.0,0.14134365442851463
peptide_protein.m04,peptide_protein.m08,peptide_protein,peptide_protein,True,0.5955532518117777,0.1294909654290922,0.375,0.3813743400437367,0.8335165151104431,0.0,0.0,0.14074819003651945
free_amino_acid.m04,mono_oligosaccharide.m04,free_amino_acid,mono_oligosaccharide,False,0.2384919343060933,0.07988518759274223,0.25,0.13312158516733508,0.2116020601789103,0.0,0.730817643307798,0.14072539259345865
peptide_protein.m04,phosphate_metabolite.m00,peptide_protein,phosphate_metabolite,False,0.3984652584100033,0.06336215251542084,0.125,0.29618102595588425,0.08360810599899784,0.0,0.990414536918554,0.1404792561956186
free_amino_acid.m06,peptide_protein.m00,free_amino_acid,peptide_protein,False,0.39481941788431535,0.03160958342604877,0.125,0.2609539937594709,0.5727905238341671,0.0,1.0,0.14029915988132002
free_amino_acid.m03,peptide_protein.m04,free_amino_acid,peptide_protein,False,0.24128123073352567,0.05567719038771359,0.25,0.133633439813441,0.3591102130001561,0.0,1.0,0.14028947334877895
free_amino_acid.m03,peptide_protein.m02,free_amino_acid,peptide_protein,False,0.28394168737009806,0.041525161318017555,0.375,0.15206853906804238,0.6347306077856364,0.0,0.380996047755809,0.14027660654165866
peptide_protein.m09,small_nitrogenous.m00,peptide_protein,small_nitrogenous,False,0.1852003760950371,0.10696401807911514,0.125,0.14846013476084122,0.3955658509738207,0.0,0.7223332973489989,0.14018818798360516
free_amino_acid.m06,purine.m00,free_amino_acid,purine,False,0.5377134337883394,0.10511604364973476,0.0,0.3429917845407597,0.5432382923844025,1.0,0.7829384767558119,0.13953777313270285
free_amino_acid.m01,small_nitrogenous.m00,free_amino_acid,small_nitrogenous,False,0.20608716118866313,0.027621783686584626,0.125,0.1723876078458363,0.42979044990430193,1.0,0.38113493557853384,0.13949835225503945
peptide_protein.m04,purine.m00,peptide_protein,purine,False,0.49162206845880035,0.026491263487733185,0.125,0.30800554042073897,0.4287455744761248,0.0,0.971343586508497,0.13927702321868068
free_amino_acid.m05,purine.m00,free_amino_acid,purine,False,0.295167355153382,0.08451278769653844,0.125,0.14505853100921864,0.5249036858145018,0.0,0.34358881156982884,0.13807788571194068
fatty_acid.m01,free_amino_acid.m00,fatty_acid,free_amino_acid,False,0.21518532667664195,0.01465058858796793,0.4,0.19159728199032297,0.09836122132137314,1.0,1.0,0.13803082715134748
purine.m00,purine.m01,purine,purine,True,0.28194959989814355,0.1067482930912898,0.25,0.2079354632055766,0.6860543630942114,1.0,0.0,0.13744871068270592
fatty_acid.m00,peptide_protein.m02,fatty_acid,peptide_protein,False,0.2533626871414388,0.050048462592399624,0.25,0.20781229072114038,0.17821204728225604,0.0,1.0,0.13741419824478548
carboxylic_acid_metabolite.m00,peptide_protein.m06,carboxylic_acid_metabolite,peptide_protein,False,0.3923237944312415,0.03255509183816775,0.125,0.22019558081937152,0.5599924427248906,0.0,1.0,0.13729656421685277
free_amino_acid.m04,peptide_protein.m02,free_amino_acid,peptide_protein,False,0.2785565527847021,0.07878059221256715,0.125,0.1817846624712512,0.47734542497350846,0.0,0.3240089694564246,0.13661442343135263
peptide_protein.m07,phosphate_metabolite.m00,peptide_protein,phosphate_metabolite,False,0.5187563084470145,0.09436160323972177,0.0,0.47055300054488586,0.2991547352078662,1.0,1.0,0.13651248619983936
acylglycerol.m00,sulfur_thiol_cofactor.m01,acylglycerol,sulfur_thiol_cofactor,False,0.26302045419099757,0.012703644791824809,0.13333333333333333,0.2603947639592561,0.27261555648652425,1.0,1.0,0.13633918739002965
carboxylic_acid_metabolite.m00,sterol_steroid.m00,carboxylic_acid_metabolite,sterol_steroid,False,0.5077858521748186,0.006859286629555544,0.125,0.31255785712330136,0.5973713825706237,1.0,0.4701263085935136,0.13609050292835356
mono_oligosaccharide.m04,polysaccharide.m01,mono_oligosaccharide,polysaccharide,False,0.2886922216014696,0.024267626645151995,0.125,0.1742401202912623,0.4897754996426723,1.0,0.18004157255633665,0.1360158608042502
free_amino_acid.m00,sterol_steroid.m02,free_amino_acid,sterol_steroid,False,0.39968906640198837,0.14247185867917217,0.0,0.3022189402695981,0.6795025341514905,1.0,0.48824344007006026,0.13580248833877548
phosphate_metabolite.m00,sterol_steroid.m00,phosphate_metabolite,sterol_steroid,False,0.423723009915553,0.0557818588741095,0.25,0.3858190201996002,0.0,1.0,0.5345880651078132,0.13567196889972663
peptide_protein.m01,pyrimidine.m00,peptide_protein,pyrimidine,False,0.22353276024028748,0.05949986237823735,0.25,0.10245042756421784,0.36848451990766984,0.0,1.0,0.13533409367849272
mono_oligosaccharide.m03,peptide_protein.m08,mono_oligosaccharide,peptide_protein,False,0.4258599817247434,0.05580553492548761,0.125,0.2849870596246432,0.07140146381133099,0.0,1.0,0.13509947758252808
peptide_protein.m05,phospholipid_sphingolipid.m00,peptide_protein,phospholipid_sphingolipid,False,0.6819650793891431,0.008682713971165755,0.125,0.6917921734500573,0.8099575313996568,0.0,0.9447379960260625,0.13499774454895822
peptide_protein.m00,sterol_steroid.m01,peptide_protein,sterol_steroid,False,0.3068920292640513,0.03471703107223458,0.125,0.2998140095825109,0.4095862391877573,0.0,1.0,0.1348439892749234
acylglycerol.m02,peptide_protein.m05,acylglycerol,peptide_protein,False,0.5276504542565856,0.012219908392322662,0.125,0.548020682876675,0.7525583840574354,0.0,1.0,0.13466238905418204
carboxylic_acid_metabolite.m01,small_nitrogenous.m00,carboxylic_acid_metabolite,small_nitrogenous,False,0.2919806268943819,0.02998318856863088,0.125,0.10434003682093858,0.5160978174260907,1.0,0.1922129572834721,0.1346622539923895
free_amino_acid.m03,free_amino_acid.m06,free_amino_acid,free_amino_acid,True,0.3776415677298585,0.09533479326651152,0.25,0.1551805305792909,0.6267461823439053,1.0,0.0,0.13435522839781613
fatty_acid.m03,free_amino_acid.m00,fatty_acid,free_amino_acid,False,0.3406253070379732,0.017423690680966174,0.14285714285714285,0.246932045487261,0.061866154086267944,1.0,1.0,0.1342788596335756
fatty_acid.m03,nucleic_acid_polymer.m00,fatty_acid,nucleic_acid_polymer,False,0.25376371656109126,0.07402115630364103,0.2857142857142857,0.24526419935414526,0.0,1.0,1.0,0.1333705029216245
chromophore_pigment.m01,purine.m01,chromophore_pigment,purine,False,0.2915409073305404,0.008848915955272043,0.125,0.25639867031620295,0.7629217082727521,1.0,0.6441586989693079,0.1332550172643572
free_amino_acid.m06,peptide_protein.m01,free_amino_acid,peptide_protein,False,0.3443673793562169,0.09366263411496671,0.25,0.24368504548576445,0.03180791378134832,0.0,0.3561727272872135,0.13287121636075883
mono_oligosaccharide.m01,mono_oligosaccharide.m04,mono_oligosaccharide,mono_oligosaccharide,True,0.30921518186269387,0.10775716224457524,0.25,0.17633981550880962,0.5011738419708059,1.0,0.0,0.132680193550414
mono_oligosaccharide.m02,mono_oligosaccharide.m04,mono_oligosaccharide,mono_oligosaccharide,True,0.27188008181923745,0.08108973082643423,0.375,0.23682452883311755,0.4571445000287505,1.0,0.0,0.13255343466165567
free_amino_acid.m05,peptide_protein.m05,free_amino_acid,peptide_protein,False,0.24967507002407033,0.1521404327992212,0.125,0.13277885290697614,0.08097291702604795,0.0,0.5429683157371271,0.1325419830187784
peptide_protein.m06,phosphate_metabolite.m00,peptide_protein,phosphate_metabolite,False,0.40505357385117313,0.04288622189477111,0.125,0.3455976345150625,0.09381699894033861,0.0,1.0,0.13247447605638857
free_amino_acid.m00,phospholipid_sphingolipid.m00,free_amino_acid,phospholipid_sphingolipid,False,0.3876299456444811,0.022424561820872095,0.25,0.29589981074308414,0.02220031707697742,1.0,0.30850983537673726,0.13161033028253571
fatty_acid.m04,peptide_protein.m03,fatty_acid,peptide_protein,False,0.3194744036275513,0.10228566797272448,0.125,0.2523634827591508,0.0,1.0,0.8081180722095147,0.13150094407707308
sulfur_thiol_cofactor.m00,sulfur_thiol_cofactor.m01,sulfur_thiol_cofactor,sulfur_thiol_cofactor,True,0.37025693087903755,0.07717574086736327,0.125,0.35761863591321336,0.7140524244888572,1.0,0.0,0.1313691452822802
acylglycerol.m02,mono_oligosaccharide.m02,acylglycerol,mono_oligosaccharide,False,0.31770543643044497,0.01027191027517525,0.125,0.2845254499680518,0.209653597509385,1.0,1.0,0.1312570487828748
acylglycerol.m01,polysaccharide.m01,acylglycerol,polysaccharide,False,0.22834622752541456,0.12734628458381309,0.13333333333333333,0.21979990667715124,0.0,1.0,1.0,0.13122309415513553
carboxylic_acid_metabolite.m01,free_amino_acid.m04,carboxylic_acid_metabolite,free_amino_acid,False,0.23263667008844444,0.08021043719273567,0.25,0.08230430429850792,0.43796216433787594,0.0,0.36768086438739067,0.13094487370321586
chromophore_pigment.m01,peptide_protein.m04,chromophore_pigment,peptide_protein,False,0.27675220249433496,0.08250415154902344,0.25,0.18030270302115559,0.07479895183880005,0.0,0.4306592214311735,0.13074690916813705
free_amino_acid.m05,polysaccharide.m01,free_amino_acid,polysaccharide,False,0.19944113033719021,0.07222478143755368,0.125,0.14014665426458578,0.3523908096963126,0.0,1.0,0.13057525236891934
fatty_acid.m01,peptide_protein.m08,fatty_acid,peptide_protein,False,0.4468681939223195,0.01456312623621197,0.13333333333333333,0.3916169605442954,0.7417219087048309,0.0,1.0,0.1304799217315272
free_amino_acid.m01,peptide_protein.m08,free_amino_acid,peptide_protein,False,0.33321268936377924,0.03582674767921883,0.125,0.2860155149360109,0.24689782071186248,0.0,1.0,0.13041958653829044
peptide_protein.m00,sterol_steroid.m02,peptide_protein,sterol_steroid,False,0.33492878417547794,0.028297355832984802,0.125,0.3260493463339815,0.36201483525961703,0.0,1.0,0.13041531582294077
phosphate_metabolite.m00,phospholipid_sphingolipid.m00,phosphate_metabolite,phospholipid_sphingolipid,False,0.3536731404333091,0.08295556261333327,0.25,0.33947678196446657,0.0,1.0,0.2248316322896831,0.1299960176545673
peptide_protein.m03,peptide_protein.m07,peptide_protein,peptide_protein,True,0.434997409322599,0.07155283855546879,0.25,0.30594064265857507,0.2512448967856938,1.0,0.0,0.1299871294904728
peptide_protein.m01,phospholipid_sphingolipid.m01,peptide_protein,phospholipid_sphingolipid,False,0.37598931679370645,0.036011288428922275,0.125,0.23002450914199732,0.580140795321061,0.0,0.4416064003193266,0.12995837174598338
free_amino_acid.m05,nucleic_acid_polymer.m00,free_amino_acid,nucleic_acid_polymer,False,0.28078264586063795,0.04668185291214515,0.125,0.19423427339333588,0.47471680754413204,0.0,0.6480498009583832,0.129882534461318
phospholipid_sphingolipid.m01,pyrimidine.m00,phospholipid_sphingolipid,pyrimidine,False,0.3793155825189642,0.1717088274397754,0.0,0.26588066100512164,0.5682035864199052,1.0,0.31540992308088495,0.1298790900514359
fatty_acid.m04,polysaccharide.m00,fatty_acid,polysaccharide,False,0.3053212883479432,0.08298943093664735,0.125,0.30179804163883345,0.0,1.0,1.0,0.12977800043876217
acylglycerol.m00,free_amino_acid.m00,acylglycerol,free_amino_acid,False,0.36600622005826894,0.009021712803442989,0.26666666666666666,0.25365323638577886,0.074329086473299,1.0,1.0,0.12976787506731458
chromophore_pigment.m00,small_nitrogenous.m00,chromophore_pigment,small_nitrogenous,False,0.12910718617734704,0.04786441734807354,0.16666666666666666,0.08766460384508273,0.30577227958632136,1.0,0.28960410397151454,0.12930476022285825
fatty_acid.m02,small_nitrogenous.m00,fatty_acid,small_nitrogenous,False,0.17642261558852648,0.06688455427888843,0.125,0.1659769417268688,0.01197828104848978,1.0,1.0,0.12912948714077535
acylglycerol.m01,peptide_protein.m08,acylglycerol,peptide_protein,False,0.5347092477937736,0.006652927721576509,0.26666666666666666,0.4915763895396438,0.8242112094104505,0.0,1.0,0.12900737968212886
carboxylic_acid_metabolite.m01,peptide_protein.m09,carboxylic_acid_metabolite,peptide_protein,False,0.29145289898756294,0.08339791022434435,0.125,0.08200454680012492,0.4748975249924017,0.0,0.4687870513772605,0.12869812246863724
carboxylic_acid_metabolite.m00,mono_oligosaccharide.m05,carboxylic_acid_metabolite,mono_oligosaccharide,False,0.2971049119826452,0.1511718925196277,0.25,0.11727738070481478,0.0,1.0,0.3118108126236452,0.1285026210445384
free_amino_acid.m00,peptide_protein.m04,free_amino_acid,peptide_protein,False,0.310464976623324,0.0704661568865213,0.125,0.13415655080765884,0.1344225666806312,0.0,1.0,0.1279154999122991
mono_oligosaccharide.m01,peptide_protein.m01,mono_oligosaccharide,peptide_protein,False,0.19206273838669377,0.0610707055947057,0.125,0.17486568290616233,0.33652710351002574,0.0,1.0,0.1278765917675464
mono_oligosaccharide.m02,peptide_protein.m06,mono_oligosaccharide,peptide_protein,False,0.26673260520384423,0.07878163262629406,0.5,0.21372561549038369,0.00848221986741911,0.0,1.0,0.12778986319139096
free_amino_acid.m02,sulfur_thiol_cofactor.m00,free_amino_acid,sulfur_thiol_cofactor,False,0.5008199280204604,0.1053007063155877,0.0,0.3841336933921745,0.6609149231540125,1.0,0.2571813387109515,0.12771885097127936
chromophore_pigment.m00,peptide_protein.m07,chromophore_pigment,peptide_protein,False,0.13522867483790524,0.08009840843170112,0.16666666666666666,0.13328403769866354,0.01649293148344382,1.0,0.6366408362720916,0.12771238001554686
mono_oligosaccharide.m04,mono_oligosaccharide.m05,mono_oligosaccharide,mono_oligosaccharide,True,0.23874076953154466,0.2275387148107826,0.25,0.07601744498457315,0.3037581014810617,1.0,0.0,0.12732976033068893
carboxylic_acid_metabolite.m00,free_amino_acid.m05,carboxylic_acid_metabolite,free_amino_acid,False,0.29967593277020443,0.1465401723340174,0.125,0.09116482349207107,0.0856617133656982,0.0,0.4448886932034972,0.12689191640024913
peptide_protein.m02,purine.m01,peptide_protein,purine,False,0.1535128458197307,0.05207790099383323,0.25,0.12902807039148703,0.49130338352349745,0.0,0.8199320040360726,0.12682319893819097
carboxylic_acid_metabolite.m00,peptide_protein.m09,carboxylic_acid_metabolite,peptide_protein,False,0.23621243657474672,0.08947881101180909,0.25,0.16976834496020007,0.05059924262960317,0.0,0.5738947682811764,0.12678204122973177
carboxylic_acid_metabolite.m00,peptide_protein.m08,carboxylic_acid_metabolite,peptide_protein,False,0.5252089668063222,0.014476248030715294,0.125,0.2956854957712516,0.6858506452434348,0.0,1.0,0.12676938711192545
free_amino_acid.m01,free_amino_acid.m06,free_amino_acid,free_amino_acid,True,0.34793875063095925,0.0725095290527599,0.25,0.2390008492205609,0.4259986692624264,1.0,0.0,0.12670421810314095
peptide_protein.m05,small_nitrogenous.m00,peptide_protein,small_nitrogenous,False,0.31637870217130076,0.02359291412330681,0.25,0.27199420463337015,0.38018515324018176,0.0,0.5778769875455789,0.1265595287321135
free_amino_acid.m05,peptide_protein.m01,free_amino_acid,peptide_protein,False,0.23497682871564485,0.05510510194672657,0.125,0.11974664712451183,0.5082316797686817,0.0,0.9050637655781762,0.12648908690930008
fatty_acid.m00,free_amino_acid.m00,fatty_acid,free_amino_acid,False,0.28983821981641406,0.012892200866255709,0.25,0.2071167655165935,0.054699885819430416,1.0,1.0,0.12616381942009486
acylglycerol.m01,purine.m01,acylglycerol,purine,False,0.15297802966440785,0.05785065278718705,0.13333333333333333,0.16126209678801293,0.01939755374290479,1.0,0.8620248220831046,0.12580566796003678
chromophore_pigment.m01,mono_oligosaccharide.m03,chromophore_pigment,mono_oligosaccharide,False,0.4114745522006588,0.08389261890011498,0.0,0.28471225534876743,0.5986659766545914,1.0,1.0,0.12579950036301882
peptide_protein.m06,purine.m01,peptide_protein,purine,False,0.2599697509849243,0.04294940138634289,0.125,0.232586972308243,0.2440852000624297,0.0,1.0,0.12574835048908917
carboxylic_acid_metabolite.m00,free_amino_acid.m03,carboxylic_acid_metabolite,free_amino_acid,False,0.310176430148217,0.014685709976859649,0.125,0.1246986951680078,0.39123191798713625,1.0,0.5032565299758873,0.12542486825937396
phospholipid_sphingolipid.m00,sulfur_thiol_cofactor.m01,phospholipid_sphingolipid,sulfur_thiol_cofactor,False,0.26430350594345914,0.02662418983292205,0.125,0.26025493717486453,0.2418048744424456,1.0,0.0834285043717363,0.12533258136660574
fatty_acid.m01,fatty_acid.m03,fatty_acid,fatty_acid,True,0.32588945133504527,0.06506070565335798,0.15384615384615385,0.3512132263139354,0.6475451177538465,1.0,0.0,0.12501708899000558
phospholipid_sphingolipid.m01,sterol_steroid.m01,phospholipid_sphingolipid,sterol_steroid,False,0.42461239952104873,0.13524414112375802,0.0,0.32577008546690467,0.4646130592999664,1.0,0.28073655373116124,0.1249838410633707
free_amino_acid.m01,peptide_protein.m02,free_amino_acid,peptide_protein,False,0.3428061811109889,0.02058981264476014,0.25,0.255555372296642,0.7640651568545308,0.0,0.3180847517985879,0.12439528105606304
mono_oligosaccharide.m05,purine.m01,mono_oligosaccharide,purine,False,0.13722620334871555,0.022529243956694794,0.125,0.09710937882040892,0.46177415247623976,1.0,0.9771541275297367,0.12409063628504625
free_amino_acid.m02,peptide_protein.m02,free_amino_acid,peptide_protein,False,0.3137251874162491,0.019570372895886215,0.25,0.1996059326505417,0.5532237528442463,0.0,0.7669459012509579,0.12294000478495017
free_amino_acid.m00,mono_oligosaccharide.m01,free_amino_acid,mono_oligosaccharide,False,0.1660720014005095,0.03142251729596964,0.125,0.14381207301215232,0.3501794852838496,1.0,0.1922243239135049,0.12285284989834311
fatty_acid.m01,sterol_steroid.m00,fatty_acid,sterol_steroid,False,0.37685107236634546,0.004857232125118938,0.13333333333333333,0.40348133426056393,0.6845494796158933,1.0,0.3921934275110223,0.12283892555449394
free_amino_acid.m02,peptide_protein.m09,free_amino_acid,peptide_protein,False,0.1873003865713787,0.04821128413051405,0.125,0.15525247047287707,0.5052744851606332,0.0,1.0,0.12269869008674984
peptide_protein.m05,pyrimidine.m00,peptide_protein,pyrimidine,False,0.25023561030111846,0.029323266810772294,0.25,0.19417354900889836,0.24502164502164506,0.0,1.0,0.12254987350075329
free_amino_acid.m05,small_nitrogenous.m00,free_amino_acid,small_nitrogenous,False,0.25437289566715365,0.035623749030382124,0.125,0.1729725463656806,0.5861208999728924,0.0,0.7898718848039525,0.12184747601327513
peptide_protein.m08,polysaccharide.m01,peptide_protein,polysaccharide,False,0.2950763358719624,0.04682809762394034,0.125,0.26598439023416975,0.09066594379687358,0.0,1.0,0.12179314587326134
phosphate_metabolite.m00,sulfur_thiol_cofactor.m00,phosphate_metabolite,sulfur_thiol_cofactor,False,0.6301958870489782,0.03442580459138307,0.0,0.6103035876297227,0.7428423568841027,1.0,0.728998135342652,0.1217055361277062
acylglycerol.m00,phosphate_metabolite.m00,acylglycerol,phosphate_metabolite,False,0.3558899890162295,0.05088041667172666,0.13333333333333333,0.33296186935134675,0.0,1.0,1.0,0.12133910990348316
chromophore_pigment.m01,fatty_acid.m00,chromophore_pigment,fatty_acid,False,0.1533996780582136,0.08677133528031378,0.375,0.14912203839778052,0.0,1.0,1.0,0.1213095312788464
free_amino_acid.m04,sulfur_thiol_cofactor.m00,free_amino_acid,sulfur_thiol_cofactor,False,0.3339571466547814,0.031791729252720675,0.125,0.2800757373349817,0.6130773717111478,0.0,0.261411430117633,0.12090061145059713
free_amino_acid.m01,pyrimidine.m00,free_amino_acid,pyrimidine,False,0.1580101773461016,0.02158206405904807,0.125,0.1163576939373885,0.3147588654230021,1.0,0.6960491084756135,0.12070570847805154
fatty_acid.m00,peptide_protein.m06,fatty_acid,peptide_protein,False,0.2528988250352865,0.029470851120314622,0.125,0.2125880398400888,0.500585688820983,0.0,1.0,0.12065704948138821
fatty_acid.m04,peptide_protein.m02,fatty_acid,peptide_protein,False,0.28673829391769046,0.03723893176872936,0.125,0.2404976139908693,0.17565900260397413,0.0,1.0,0.12034182739240573
free_amino_acid.m05,peptide_protein.m03,free_amino_acid,peptide_protein,False,0.27512921341988444,0.049463493999828245,0.125,0.16088510091853314,0.568266016083853,0.0,0.28424371096022727,0.11962354542568697
chromophore_pigment.m00,peptide_protein.m09,chromophore_pigment,peptide_protein,False,0.1368641020763684,0.0676430295516519,0.16666666666666666,0.09711958974132516,0.587901788281295,0.0,0.6789964371639133,0.11920768086563785
acylglycerol.m01,free_amino_acid.m00,acylglycerol,free_amino_acid,False,0.23087251256619293,0.014768274656910788,0.26666666666666666,0.20962061673802032,0.030240600639082616,1.0,1.0,0.1188984892266525
mono_oligosaccharide.m01,peptide_protein.m09,mono_oligosaccharide,peptide_protein,False,0.16399763553233782,0.057509769669216684,0.125,0.1493035670221587,0.3218298463080247,0.0,1.0,0.11866225184249113
peptide_protein.m04,polysaccharide.m00,peptide_protein,polysaccharide,False,0.4271862198952088,0.03559313032453262,0.25,0.3328541196295603,0.08568142799641851,0.0,0.19183849047122734,0.11846125501234968
peptide_protein.m03,small_nitrogenous.m00,peptide_protein,small_nitrogenous,False,0.21267699237994303,0.02547163655184942,0.125,0.1513626821548044,0.3560281590642122,1.0,0.11700864157918102,0.11764348115292599
fatty_acid.m04,small_nitrogenous.m00,fatty_acid,small_nitrogenous,False,0.16827137606833475,0.08441874770855896,0.25,0.16857887188585585,0.0,1.0,1.0,0.11763139527438117
mono_oligosaccharide.m02,sterol_steroid.m02,mono_oligosaccharide,sterol_steroid,False,0.27845246816509106,0.11197919428500777,0.0,0.26315157728979627,0.35981336816251425,1.0,1.0,0.11745545052133831
peptide_protein.m01,purine.m01,peptide_protein,purine,False,0.22992702949325408,0.029523688674735322,0.125,0.17824218010919518,0.6054149519045156,0.0,0.9796813780544691,0.1173174282991947
peptide_protein.m04,small_nitrogenous.m00,peptide_protein,small_nitrogenous,False,0.26200076402068356,0.043714510555119566,0.125,0.20802625983581674,0.27170211192981597,0.0,0.4806065248417358,0.11685825863157362
acylglycerol.m00,mono_oligosaccharide.m03,acylglycerol,mono_oligosaccharide,False,0.31882462373707127,0.06095378111474738,0.13333333333333333,0.22063941088419456,0.0,1.0,1.0,0.11674917163860128
fatty_acid.m01,nucleic_acid_polymer.m00,fatty_acid,nucleic_acid_polymer,False,0.2338032581659393,0.010390405577659623,0.13333333333333333,0.23418365206970984,0.16271963330786862,1.0,0.8465645337209662,0.11641596330977544
polysaccharide.m00,sterol_steroid.m00,polysaccharide,sterol_steroid,False,0.37624960915207634,0.05041656652412279,0.125,0.3514545780188903,0.0,1.0,0.6124311872760685,0.11637538761200278
purine.m00,pyrimidine.m00,purine,pyrimidine,False,0.36403252153834564,0.10424927280819381,0.0,0.29011323977883424,0.6046887963396503,1.0,0.322397249791653,0.11617796171736257
polysaccharide.m00,polysaccharide.m01,polysaccharide,polysaccharide,True,0.5561435761429561,0.026845082186819004,0.125,0.5180286839946647,0.740723034081668,1.0,0.0,0.11612045467184137
peptide_protein.m05,purine.m01,peptide_protein,purine,False,0.27698573051048103,0.020495373412974256,0.25,0.2729232546744802,0.24529436407994284,0.0,0.6849833041682579,0.11588821569884983
peptide_protein.m08,small_nitrogenous.m00,peptide_protein,small_nitrogenous,False,0.27344336398684166,0.020753878889589933,0.25,0.22152899739039064,0.3514477931935238,0.0,0.6438336542621755,0.1157756786064892
chromophore_pigment.m01,peptide_protein.m02,chromophore_pigment,peptide_protein,False,0.16268248847688987,0.09087392598859788,0.125,0.14206741632434028,0.28792068146906863,0.0,0.29575766497851297,0.1154275680314013
carboxylic_acid_metabolite.m00,mono_oligosaccharide.m00,carboxylic_acid_metabolite,mono_oligosaccharide,False,0.2812110460733618,0.01297784912542265,0.125,0.2221695388433117,0.16310735437870164,1.0,0.3634245619367604,0.11532809445428714
peptide_protein.m00,small_nitrogenous.m00,peptide_protein,small_nitrogenous,False,0.26835615118426837,0.023461845220352613,0.125,0.2658936457563506,0.37006169036529574,0.0,0.843777113825923,0.11376947002658605
fatty_acid.m00,peptide_protein.m01,fatty_acid,peptide_protein,False,0.24069709310720658,0.2455939301694304,0.125,0.28017967280355544,0.0,0.0,1.0,0.11363197938972334
fatty_acid.m04,mono_oligosaccharide.m05,fatty_acid,mono_oligosaccharide,False,0.197526061720785,0.11273773177424337,0.125,0.13226841479446508,0.0,1.0,1.0,0.11347419968481795
acylglycerol.m00,carboxylic_acid_metabolite.m00,acylglycerol,carboxylic_acid_metabolite,False,0.4766786485319543,0.0019063207848064117,0.26666666666666666,0.26163946730142995,0.5286691802820835,1.0,1.0,0.11338701785121254
peptide_protein.m08,pyrimidine.m00,peptide_protein,pyrimidine,False,0.2851184454069944,0.030628088019184076,0.125,0.1732291493756447,0.2456525132046954,0.0,1.0,0.11269296448917979
acylglycerol.m02,nucleic_acid_polymer.m00,acylglycerol,nucleic_acid_polymer,False,0.27032369746422297,0.0555299641293502,0.125,0.2703848681018131,0.0,1.0,1.0,0.11267888256411368
mono_oligosaccharide.m04,nucleic_acid_polymer.m00,mono_oligosaccharide,nucleic_acid_polymer,False,0.48128731173008965,0.05274373303142676,0.0,0.31933518011130263,0.412964012584506,1.0,0.9318315980477254,0.11250856294161887
peptide_protein.m03,sterol_steroid.m00,peptide_protein,sterol_steroid,False,0.3722888699245344,0.046599350431778035,0.125,0.2676271792686177,0.001394810123462875,1.0,0.5683823013340575,0.11216376385775238
chromophore_pigment.m00,pyrimidine.m00,chromophore_pigment,pyrimidine,False,0.108252711773382,0.026924588343398947,0.16666666666666666,0.09671562548184548,0.3629512802188324,1.0,0.2985655901587079,0.11194782047512204
fatty_acid.m01,phosphate_metabolite.m00,fatty_acid,phosphate_metabolite,False,0.24826422267713188,0.07505008292715715,0.13333333333333333,0.2351880905391098,0.0,1.0,0.576669721461902,0.1117806024674435
mono_oligosaccharide.m01,peptide_protein.m02,mono_oligosaccharide,peptide_protein,False,0.4386779597912289,0.009741033820910029,0.125,0.33776677993480353,0.7879264315696953,0.0,0.7654611917496646,0.11154506283150796
chromophore_pigment.m01,mono_oligosaccharide.m01,chromophore_pigment,mono_oligosaccharide,False,0.14278578185508964,0.009084947792813753,0.25,0.15108492985157226,0.3076188833304583,1.0,0.8072761479445811,0.11132566200992151
chromophore_pigment.m01,fatty_acid.m04,chromophore_pigment,fatty_acid,False,0.14991908518572802,0.07932534280707514,0.25,0.14990175309322806,0.0,1.0,1.0,0.11119528752979752
free_amino_acid.m05,peptide_protein.m00,free_amino_acid,peptide_protein,False,0.21223061677294375,0.09606480934651937,0.125,0.12835681962196724,0.03395680852986356,0.0,1.0,0.1108905963988386
mono_oligosaccharide.m02,peptide_protein.m00,mono_oligosaccharide,peptide_protein,False,0.25847605571838966,0.09890802631293795,0.125,0.23309559464441929,0.008554506846726963,0.0,1.0,0.11070775835414896
acylglycerol.m00,small_nitrogenous.m00,acylglycerol,small_nitrogenous,False,0.19447310688294647,0.01636076921058827,0.13333333333333333,0.19299778304074447,0.051338541281615295,1.0,0.965903357333319,0.11023873440077028
acylglycerol.m01,sulfur_thiol_cofactor.m01,acylglycerol,sulfur_thiol_cofactor,False,0.20455004457688744,0.007913560046195802,0.13333333333333333,0.20658166480782011,0.36919096084181474,1.0,0.6563692404999765,0.10995054733591134
acylglycerol.m01,phosphate_metabolite.m00,acylglycerol,phosphate_metabolite,False,0.24542399787893313,0.061860372380545384,0.13333333333333333,0.2347097370834188,0.0,1.0,0.7345440974488621,0.10883254914883927
acylglycerol.m02,mono_oligosaccharide.m01,acylglycerol,mono_oligosaccharide,False,0.21110939300105763,0.008195587936244902,0.25,0.19638915335982468,0.0781800110073355,1.0,1.0,0.10870880926171078
peptide_protein.m01,peptide_protein.m03,peptide_protein,peptide_protein,True,0.3143404412690008,0.2166230893924179,0.125,0.25133289070934756,0.5712922118994226,0.0,0.0,0.10806025032890366
fatty_acid.m01,peptide_protein.m03,fatty_acid,peptide_protein,False,0.20676222087014115,0.08463200574867356,0.26666666666666666,0.14082655033604582,0.0,1.0,0.33485056540231833,0.10805901158378413
peptide_protein.m09,purine.m01,peptide_protein,purine,False,0.30898130983092437,0.014343340675790668,0.125,0.20328063730068946,0.6986815840705785,0.0,1.0,0.10772781566928062
free_amino_acid.m02,free_amino_acid.m05,free_amino_acid,free_amino_acid,True,0.3063427268708049,0.16323501246886946,0.25,0.18689130060036246,0.6306825369443966,0.0,0.0,0.107363160810713
acylglycerol.m01,peptide_protein.m03,acylglycerol,peptide_protein,False,0.21721192671728734,0.07290828694563092,0.26666666666666666,0.14681126014864843,0.0,1.0,0.3854672786938956,0.10729486155250745
acylglycerol.m00,mono_oligosaccharide.m01,acylglycerol,mono_oligosaccharide,False,0.2761681207069754,0.004683268902020735,0.26666666666666666,0.25613375080235373,0.09789464172765881,1.0,1.0,0.1071798650664302
fatty_acid.m02,peptide_protein.m03,fatty_acid,peptide_protein,False,0.36594677642079393,0.010803482682225836,0.125,0.26820055225869716,0.060058979603571636,1.0,0.32805294647846284,0.10698728620607582
fatty_acid.m01,free_amino_acid.m03,fatty_acid,free_amino_acid,False,0.1510128089729911,0.01558382347121581,0.13333333333333333,0.10503270020455654,0.19866269088280475,1.0,0.8589257869623069,0.10693452576966914
nucleic_acid_polymer.m00,small_nitrogenous.m00,nucleic_acid_polymer,small_nitrogenous,False,0.2783221212014616,0.09148646059503418,0.0,0.26748118927841164,0.4101119626736325,1.0,0.549509083581755,0.10681456343507285
fatty_acid.m03,mono_oligosaccharide.m05,fatty_acid,mono_oligosaccharide,False,0.19712922117755935,0.061932696559803775,0.2857142857142857,0.10320845684594922,0.0,1.0,1.0,0.1065067872929996
fatty_acid.m04,nucleic_acid_polymer.m00,fatty_acid,nucleic_acid_polymer,False,0.29109128414886437,0.03963031400582646,0.125,0.2947509070397827,0.0,1.0,1.0,0.10647986534126662
peptide_protein.m06,peptide_protein.m09,peptide_protein,peptide_protein,True,0.3209026379712533,0.20570696581044387,0.25,0.23485840076749354,0.20466908170892995,0.0,0.0,0.10617054515282355
peptide_protein.m05,polysaccharide.m01,peptide_protein,polysaccharide,False,0.35072882109779335,0.01070589605454223,0.375,0.2996688634909595,0.1039503191305848,0.0,1.0,0.10609222622088156
peptide_protein.m06,polysaccharide.m00,peptide_protein,polysaccharide,False,0.34617706971815915,0.032798556798034784,0.375,0.29976087133564044,0.02058043158612419,0.0,0.2883597830259026,0.10514368442192555
acylglycerol.m02,chromophore_pigment.m01,acylglycerol,chromophore_pigment,False,0.1469733849423365,0.06475391089101121,0.25,0.14810527460950068,0.0,1.0,1.0,0.10508502219292867
phospholipid_sphingolipid.m00,small_nitrogenous.m00,phospholipid_sphingolipid,small_nitrogenous,False,0.19930503150337522,0.03817329324149946,0.125,0.1958339768351944,0.04289082201795675,1.0,0.08834422860267793,0.1050793852576035
free_amino_acid.m02,sterol_steroid.m01,free_amino_acid,sterol_steroid,False,0.21445236083475133,0.11299045380838696,0.0,0.18442620215163744,0.33011327698234727,1.0,1.0,0.10501861759427943
mono_oligosaccharide.m02,phospholipid_sphingolipid.m01,mono_oligosaccharide,phospholipid_sphingolipid,False,0.5271095087513524,0.03420455250591067,0.0,0.38040745671270687,0.6934637784732662,1.0,0.5135842052844479,0.10473746194893592
mono_oligosaccharide.m02,peptide_protein.m01,mono_oligosaccharide,peptide_protein,False,0.2687511648245722,0.015987822656233153,0.125,0.22472465683641252,0.4788733088543336,0.0,0.9461480349398695,0.10464524153834062
peptide_protein.m06,phospholipid_sphingolipid.m00,peptide_protein,phospholipid_sphingolipid,False,0.5372373432081357,0.005671014542569596,0.125,0.4220815685310528,0.6952808102713226,0.0,0.8425870576297724,0.10460968433894575
mono_oligosaccharide.m03,peptide_protein.m00,mono_oligosaccharide,peptide_protein,False,0.33305534806725623,0.10287532618444814,0.25,0.22001214158309543,0.0,0.0,1.0,0.10438523835561811
fatty_acid.m00,free_amino_acid.m02,fatty_acid,free_amino_acid,False,0.1902591930614196,0.07427385986211296,0.125,0.1582577040240546,0.0,1.0,1.0,0.1042363894028068
fatty_acid.m01,polysaccharide.m00,fatty_acid,polysaccharide,False,0.1971925669056707,0.027296452536356704,0.5333333333333333,0.19440885882775885,0.0,1.0,0.9399751150360732,0.10415341468213139
peptide_protein.m08,sterol_steroid.m01,peptide_protein,sterol_steroid,False,0.2504080407874949,0.02025049803570137,0.125,0.26719090868702006,0.40008378718056137,0.0,0.5181025162357658,0.1038855157240247
fatty_acid.m01,fatty_acid.m02,fatty_acid,fatty_acid,True,0.21917237849251878,0.07049642881020601,0.13333333333333333,0.21489947887649277,0.47269934366708566,1.0,0.0,0.10380865358335749
fatty_acid.m03,sulfur_thiol_cofactor.m00,fatty_acid,sulfur_thiol_cofactor,False,0.4292924235840752,0.04967906692704221,0.0,0.4020597054608415,0.20382463835974274,1.0,0.8620087473016727,0.103684639068336
fatty_acid.m01,mono_oligosaccharide.m03,fatty_acid,mono_oligosaccharide,False,0.2251109579297424,0.048610457314977255,0.26666666666666666,0.11366406928554627,0.0,1.0,1.0,0.10337143466710025
acylglycerol.m02,sterol_steroid.m01,acylglycerol,sterol_steroid,False,0.20660312085413518,0.15321774031224528,0.0,0.21554657839769253,0.10723280514551863,1.0,1.0,0.10290075835601685
acylglycerol.m00,nucleic_acid_polymer.m00,acylglycerol,nucleic_acid_polymer,False,0.2826019341713814,0.03439255460363812,0.13333333333333333,0.28011016211007184,0.0,1.0,1.0,0.10237437775273647
acylglycerol.m01,polysaccharide.m00,acylglycerol,polysaccharide,False,0.202231371068692,0.03612962917028705,0.26666666666666666,0.19753651647662063,0.0,1.0,1.0,0.10206527257315393
phospholipid_sphingolipid.m00,sterol_steroid.m01,phospholipid_sphingolipid,sterol_steroid,False,0.2779374366061653,0.19185676643885838,0.0,0.28309705173699434,0.16160904244395707,1.0,0.12589070864537039,0.10189900074469659
free_amino_acid.m06,peptide_protein.m02,free_amino_acid,peptide_protein,False,0.34192583238856844,0.021110281173713965,0.125,0.23264775575009272,0.44021620378356624,0.0,0.22643909848704866,0.10169812905139448
acylglycerol.m02,mono_oligosaccharide.m04,acylglycerol,mono_oligosaccharide,False,0.3754215796661375,0.04287137416623515,0.0,0.26217555192466147,0.5159466719239015,1.0,1.0,0.10162370111994933
phosphate_metabolite.m00,sulfur_thiol_cofactor.m01,phosphate_metabolite,sulfur_thiol_cofactor,False,0.4045765528529953,0.0023930885693335046,0.125,0.3896293763808069,0.5581096954910997,1.0,0.4012690648000625,0.10099261457192436
acylglycerol.m02,peptide_protein.m01,acylglycerol,peptide_protein,False,0.21191672613963627,0.1788738433198232,0.125,0.2537553141110031,0.0,0.0,1.0,0.10082506964150503
peptide_protein.m02,peptide_protein.m03,peptide_protein,peptide_protein,True,0.3638237870783085,0.08744385308370614,0.25,0.2512475194367265,0.7265712149962626,0.0,0.0,0.10079630848854448
free_amino_acid.m02,phosphate_metabolite.m00,free_amino_acid,phosphate_metabolite,False,0.30803874906696666,0.06595302186934916,0.0,0.25182446140293824,0.641190435118329,1.0,0.37346140508331527,0.10014233377879554
mono_oligosaccharide.m01,mono_oligosaccharide.m05,mono_oligosaccharide,mono_oligosaccharide,True,0.25254031089050644,0.03890860026018641,0.25,0.16534947807488057,0.6275347675727184,1.0,0.0,0.10004439189347232
pyrimidine.m00,sterol_steroid.m00,pyrimidine,sterol_steroid,False,0.21681932111515897,0.10440740168508741,0.125,0.17759909412175082,0.0,1.0,0.1822093967466784,0.09997976438462222
phospholipid_sphingolipid.m01,sterol_steroid.m00,phospholipid_sphingolipid,sterol_steroid,False,0.4780551177568786,0.10774747350428313,0.0,0.3132407359682615,0.06857570007475132,1.0,0.2973091007163387,0.09984284529206952
mono_oligosaccharide.m03,pyrimidine.m00,mono_oligosaccharide,pyrimidine,False,0.31812955158703854,0.0876381230923029,0.0,0.1397957040009447,0.4111601238735964,1.0,0.6289032285129584,0.09983380519879366
free_amino_acid.m05,polysaccharide.m00,free_amino_acid,polysaccharide,False,0.31860941653988983,0.013199801476891608,0.125,0.19481719079690157,0.6091935894592442,0.0,0.6548487709922226,0.09973872196159242
mono_oligosaccharide.m01,peptide_protein.m07,mono_oligosaccharide,peptide_protein,False,0.4410726525330986,0.029727773412890374,0.0,0.39328860648732533,0.4160394949768764,1.0,1.0,0.09961225751387395
free_amino_acid.m02,mono_oligosaccharide.m03,free_amino_acid,mono_oligosaccharide,False,0.26520052598349086,0.08763183718871406,0.0,0.15719901146759024,0.520198460615918,1.0,0.567422458943043,0.09927854083485628
fatty_acid.m01,fatty_acid.m04,fatty_acid,fatty_acid,True,0.23372939505849707,0.04965244615124779,0.13333333333333333,0.2442143988918746,0.5169751184931451,1.0,0.0,0.0990789268239602
acylglycerol.m00,purine.m00,acylglycerol,purine,False,0.4272289633313521,0.039531998229437836,0.0,0.34199076241618215,0.25293378348406814,1.0,1.0,0.09903122919484725
mono_oligosaccharide.m03,mono_oligosaccharide.m04,mono_oligosaccharide,mono_oligosaccharide,True,0.3378434765256189,0.056784546603838255,0.125,0.1558106630828424,0.37381075597394386,1.0,0.0,0.09885346705848223
mono_oligosaccharide.m04,small_nitrogenous.m00,mono_oligosaccharide,small_nitrogenous,False,0.24401310378012492,0.12016310014502214,0.0,0.15597085190429527,0.22412742222988905,1.0,0.6538161595888176,0.09839589767635519
mono_oligosaccharide.m03,phospholipid_sphingolipid.m00,mono_oligosaccharide,phospholipid_sphingolipid,False,0.3254065166771328,0.05686298742663011,0.125,0.20878119806119336,0.0,1.0,0.24611813247029007,0.09835518015510478
fatty_acid.m00,purine.m00,fatty_acid,purine,False,0.37252431422125054,0.057107912952475845,0.0,0.30731243957908266,0.19960570738559355,1.0,0.7153091978183177,0.0981767597603264
free_amino_acid.m00,free_amino_acid.m06,free_amino_acid,free_amino_acid,True,0.4529649021407492,0.030678363911422854,0.125,0.2740414339134478,0.37721152977319966,1.0,0.0,0.09790128488654504
peptide_protein.m04,polysaccharide.m01,peptide_protein,polysaccharide,False,0.2964522470958262,0.017104748357179587,0.125,0.22043910218430154,0.1694981805038731,0.0,0.9004299292980028,0.09706472196883108
peptide_protein.m03,phospholipid_sphingolipid.m00,peptide_protein,phospholipid_sphingolipid,False,0.33401610040937896,0.048891774002388505,0.125,0.2564016107026489,0.0,1.0,0.2141506576278156,0.09682978883081005
carboxylic_acid_metabolite.m01,sulfur_thiol_cofactor.m01,carboxylic_acid_metabolite,sulfur_thiol_cofactor,False,0.26752274146213423,0.12728293396996704,0.0,0.10229054710045593,0.5467113531629662,1.0,0.2947544431395172,0.0963522489996296
mono_oligosaccharide.m00,sterol_steroid.m02,mono_oligosaccharide,sterol_steroid,False,0.37362033567549613,0.02860328702163208,0.0,0.33375468578146883,0.5833082793234596,1.0,1.0,0.09631501732966795
fatty_acid.m01,sulfur_thiol_cofactor.m00,fatty_acid,sulfur_thiol_cofactor,False,0.34028828898105734,0.05452966436928703,0.0,0.3333190569166873,0.2899808603793424,1.0,0.45934057761094904,0.09580916232091033
peptide_protein.m02,peptide_protein.m05,peptide_protein,peptide_protein,True,0.2909958905692106,0.1107847969370196,0.375,0.24557100807403134,0.19369788971307003,0.0,0.0,0.09489452488367263
peptide_protein.m07,peptide_protein.m09,peptide_protein,peptide_protein,True,0.3899819981938357,0.11588471352632365,0.125,0.30512564119262126,0.35073806648759215,0.0,0.0,0.09460673353916502
chromophore_pigment.m01,pyrimidine.m00,chromophore_pigment,pyrimidine,False,0.23864057552213547,0.06489466827919056,0.0,0.17888536083720555,0.632147991161274,1.0,0.5892965233119192,0.09410281086304477
fatty_acid.m00,sterol_steroid.m01,fatty_acid,sterol_steroid,False,0.21121480311852125,0.14787713074368442,0.0,0.21503236845449095,0.045545725621626953,1.0,1.0,0.09400272919272351
acylglycerol.m00,sulfur_thiol_cofactor.m00,acylglycerol,sulfur_thiol_cofactor,False,0.4726213583867373,0.0278346907507013,0.0,0.45962661881816724,0.20482679875469254,1.0,0.9134253121261585,0.09388928392660233
mono_oligosaccharide.m05,nucleic_acid_polymer.m00,mono_oligosaccharide,nucleic_acid_polymer,False,0.33212086137598984,0.04890138607239101,0.0,0.18753531006167812,0.4967150496562262,1.0,0.6700418568699522,0.09327664271277589
chromophore_pigment.m01,small_nitrogenous.m00,chromophore_pigment,small_nitrogenous,False,0.20058476436558953,0.07606201490445993,0.0,0.19173597565487566,0.48263551755012857,1.0,0.5980845927834674,0.09315266314996191
chromophore_pigment.m01,free_amino_acid.m04,chromophore_pigment,free_amino_acid,False,0.24029566057112886,0.012589741748625727,0.125,0.20342225751948131,0.6687843465832081,0.0,0.5575835309730738,0.0931342168797496
fatty_acid.m00,mono_oligosaccharide.m01,fatty_acid,mono_oligosaccharide,False,0.18009961825075246,0.008723134294904735,0.125,0.16025725686939649,0.07463466324946402,1.0,1.0,0.09307304304658352
nucleic_acid_polymer.m00,peptide_protein.m05,nucleic_acid_polymer,peptide_protein,False,0.3964966519893484,0.004756130490937552,0.25,0.3657224462241651,0.22643074825238016,0.0,1.0,0.09302905924068065
chromophore_pigment.m01,purine.m00,chromophore_pigment,purine,False,0.4186606089283744,0.027201501503511794,0.0,0.3742571264937858,0.616803436917289,1.0,0.5065720482493112,0.0929982876491355
fatty_acid.m03,mono_oligosaccharide.m01,fatty_acid,mono_oligosaccharide,False,0.19325843210004798,0.010686552384110447,0.14285714285714285,0.16324898441188182,0.02948815889992361,1.0,1.0,0.09259013730628715
mono_oligosaccharide.m04,phosphate_metabolite.m00,mono_oligosaccharide,phosphate_metabolite,False,0.4733903152078322,0.030863011662701077,0.0,0.2695124646588206,0.43205434666535236,1.0,0.6347526345495337,0.0924282152148959
carboxylic_acid_metabolite.m00,sterol_steroid.m01,carboxylic_acid_metabolite,sterol_steroid,False,0.24838007234677154,0.11037833741471872,0.0,0.1618086233075538,0.2888899841461512,1.0,0.3042439028169465,0.09236129173313443
fatty_acid.m01,free_amino_acid.m01,fatty_acid,free_amino_acid,False,0.16840090494342874,0.008494666485380777,0.26666666666666666,0.1663615286125936,0.025012937726410216,1.0,1.0,0.0921351150862408
chromophore_pigment.m01,polysaccharide.m01,chromophore_pigment,polysaccharide,False,0.31254388662675214,0.036268000566021134,0.0,0.28920796749299904,0.35587372779023635,1.0,1.0,0.0918701099032408
mono_oligosaccharide.m02,phospholipid_sphingolipid.m00,mono_oligosaccharide,phospholipid_sphingolipid,False,0.32127905705850285,0.0063846799059403365,0.125,0.2940956494353643,0.08972949883765824,1.0,0.20138249413430712,0.09186852703773365
mono_oligosaccharide.m04,peptide_protein.m07,mono_oligosaccharide,peptide_protein,False,0.36308616879493266,0.039538188357376575,0.0,0.20083753322907316,0.3662994816695007,1.0,1.0,0.09184732130753459
acylglycerol.m02,sulfur_thiol_cofactor.m01,acylglycerol,sulfur_thiol_cofactor,False,0.18944634636825128,0.004843151374404702,0.125,0.1897563042656929,0.19636593640388705,1.0,1.0,0.09169629891815957
free_amino_acid.m00,peptide_protein.m05,free_amino_acid,peptide_protein,False,0.4743303507039208,0.10353022610167079,0.0,0.30155028588632404,0.287703820531145,0.0,1.0,0.09052770240524316
fatty_acid.m03,purine.m00,fatty_acid,purine,False,0.378205154329382,0.032105577696378895,0.0,0.30803516244811796,0.25230948684459126,1.0,1.0,0.0902971437483761
purine.m00,sterol_steroid.m01,purine,sterol_steroid,False,0.3616615831453979,0.03267609506238801,0.0,0.33358459397739093,0.5744826963043281,1.0,0.40659909198264865,0.09026995936641422
acylglycerol.m01,sulfur_thiol_cofactor.m00,acylglycerol,sulfur_thiol_cofactor,False,0.3645794076692042,0.03873168053725439,0.0,0.371358941079795,0.20176774522125568,1.0,0.6175134036239683,0.09003138018138411
mono_oligosaccharide.m05,peptide_protein.m05,mono_oligosaccharide,peptide_protein,False,0.26710420408763835,0.13454941517944657,0.125,0.13927049154915133,0.0,0.0,1.0,0.08988184251143617
chromophore_pigment.m00,peptide_protein.m03,chromophore_pigment,peptide_protein,False,0.24237974036919518,0.003893513592690798,0.16666666666666666,0.19015564502010715,0.5945094753443899,1.0,0.1827849341057294,0.08979213553426511
acylglycerol.m01,mono_oligosaccharide.m00,acylglycerol,mono_oligosaccharide,False,0.2710168483084092,0.01457897324120666,0.26666666666666666,0.24858868875546908,0.0,1.0,1.0,0.08927883349220166
polysaccharide.m00,sulfur_thiol_cofactor.m01,polysaccharide,sulfur_thiol_cofactor,False,0.2684329409762316,0.04668329269750704,0.0,0.2653935719274006,0.4183362494557941,1.0,0.5059543197665718,0.08896204807455475
free_amino_acid.m05,mono_oligosaccharide.m01,free_amino_acid,mono_oligosaccharide,False,0.446895965532825,0.0045891032777306984,0.125,0.26286441511639763,0.7458652669278856,0.0,0.7543942307740313,0.08871465961678006
chromophore_pigment.m01,peptide_protein.m00,chromophore_pigment,peptide_protein,False,0.30766896050049264,0.010513852368558051,0.125,0.29931574197043237,0.1641062290018647,0.0,0.7033806837038635,0.08815454161324997
chromophore_pigment.m00,purine.m01,chromophore_pigment,purine,False,0.07734996829186853,0.015284119585826941,0.16666666666666666,0.0744275168019055,0.49909066265802515,1.0,0.2371516582855228,0.08812721336390791
free_amino_acid.m03,phosphate_metabolite.m00,free_amino_acid,phosphate_metabolite,False,0.3825538681598766,0.029625684588322872,0.0,0.2600386124714258,0.5620723362658847,1.0,0.5400400149460506,0.08809131831484292
peptide_protein.m02,sterol_steroid.m00,peptide_protein,sterol_steroid,False,0.3252871132392967,0.009508165045297744,0.25,0.26249481311207645,0.19704609116373825,0.0,0.27584905733905163,0.08771231886221656
peptide_protein.m01,sterol_steroid.m02,peptide_protein,sterol_steroid,False,0.34349432782535483,0.09720242141229635,0.0,0.28042099488078076,0.5160419593057165,0.0,1.0,0.08760789901323092
peptide_protein.m06,sulfur_thiol_cofactor.m00,peptide_protein,sulfur_thiol_cofactor,False,0.4711859754762974,0.06615439059699973,0.0,0.421431159801807,0.4176330942934359,0.0,0.9196482180433186,0.08748403382918675
phospholipid_sphingolipid.m00,polysaccharide.m00,phospholipid_sphingolipid,polysaccharide,False,0.31852330246141947,0.02948391769260375,0.125,0.31036013576936433,0.0,1.0,0.22433191305366734,0.08738362108090753
acylglycerol.m02,fatty_acid.m01,acylglycerol,fatty_acid,False,0.21490651666997587,0.0090111680786907,0.13333333333333333,0.22570503481013207,0.5155556650812818,1.0,0.026625236652091742,0.0872316507650255
free_amino_acid.m03,mono_oligosaccharide.m04,free_amino_acid,mono_oligosaccharide,False,0.2658449791676522,0.05559016848913904,0.0,0.13636246326451817,0.49432957933906707,1.0,0.6289947984057412,0.08722596462506069
carboxylic_acid_metabolite.m00,phospholipid_sphingolipid.m01,carboxylic_acid_metabolite,phospholipid_sphingolipid,False,0.5219365447397082,0.03228186401917182,0.0,0.2865079175755111,0.2654492882196867,1.0,0.38118153389835235,0.0870652854547755
fatty_acid.m01,pyrimidine.m00,fatty_acid,pyrimidine,False,0.2897269525942193,0.03248267744775783,0.0,0.27612187296048546,0.34733072114476293,1.0,0.9818633273643859,0.08704729499769963
peptide_protein.m02,peptide_protein.m07,peptide_protein,peptide_protein,True,0.39991568178652803,0.07219624109523388,0.125,0.3231421474853433,0.424980080008543,0.0,0.0,0.08685698178461358
fatty_acid.m04,peptide_protein.m09,fatty_acid,peptide_protein,False,0.1708818345528789,0.14731073282337712,0.25,0.08476015488959687,0.0,0.0,1.0,0.08659992973124186
pyrimidine.m00,sulfur_thiol_cofactor.m00,pyrimidine,sulfur_thiol_cofactor,False,0.3554416791397325,0.03598267399034338,0.0,0.28965131730985766,0.5610373181530677,1.0,0.2661247599286761,0.08627124358123459
chromophore_pigment.m01,sulfur_thiol_cofactor.m01,chromophore_pigment,sulfur_thiol_cofactor,False,0.2198780562210211,0.04322017536328708,0.0,0.21978905728924103,0.5948183378923417,1.0,0.6242323189902542,0.0862247569454902
peptide_protein.m03,peptide_protein.m08,peptide_protein,peptide_protein,True,0.3794142297908094,0.14995264374085399,0.125,0.27018330784393674,0.09184882164009299,0.0,0.0,0.08617948465941166
polysaccharide.m00,pyrimidine.m00,polysaccharide,pyrimidine,False,0.24823118039155484,0.05495885064174533,0.0,0.1903668267765917,0.3949711262804242,1.0,0.4964272339542343,0.08613139124409554
carboxylic_acid_metabolite.m00,sulfur_thiol_cofactor.m01,carboxylic_acid_metabolite,sulfur_thiol_cofactor,False,0.2767179470925688,0.05273855552404905,0.0,0.1741860316556171,0.473024635073971,1.0,0.4180152126925846,0.08603974339456359
fatty_acid.m03,polysaccharide.m00,fatty_acid,polysaccharide,False,0.2652744082369684,0.018720469605376454,0.14285714285714285,0.23911303688665983,0.0,1.0,1.0,0.08567301244620772
free_amino_acid.m02,phospholipid_sphingolipid.m00,free_amino_acid,phospholipid_sphingolipid,False,0.21859600754352584,0.07706823202859298,0.125,0.17524382127244123,0.0,1.0,0.0825630291209462,0.08558718947082443
free_amino_acid.m04,peptide_protein.m00,free_amino_acid,peptide_protein,False,0.12130060729782083,0.06316427505665996,0.125,0.13134366770779127,0.08320724184101794,0.0,0.25267361265301924,0.08540050691313648
peptide_protein.m04,peptide_protein.m05,peptide_protein,peptide_protein,True,0.6030483531041337,0.030058282089717076,0.125,0.44183953537605974,0.8715624666288804,0.0,0.0,0.08529380835742205
acylglycerol.m01,peptide_protein.m05,acylglycerol,peptide_protein,False,0.6178277092265073,0.0014575639374921233,0.13333333333333333,0.6273947066773322,0.8523867024815791,0.0,1.0,0.08521498751977627
carboxylic_acid_metabolite.m00,sulfur_thiol_cofactor.m00,carboxylic_acid_metabolite,sulfur_thiol_cofactor,False,0.555956117440179,0.015940647830365643,0.0,0.37623080381902285,0.44739561513755066,1.0,0.6110353468234325,0.08504103805029388
carboxylic_acid_metabolite.m01,chromophore_pigment.m01,carboxylic_acid_metabolite,chromophore_pigment,False,0.3853147861905456,0.038402805109142436,0.0,0.1309326656031795,0.5767761650114591,1.0,0.530751640494326,0.08499647963129181
peptide_protein.m03,sulfur_thiol_cofactor.m01,peptide_protein,sulfur_thiol_cofactor,False,0.26082365189579454,0.06572258401886935,0.0,0.2011697851733833,0.4230809039158186,1.0,0.21208239120669553,0.08482527341208765
phosphate_metabolite.m00,small_nitrogenous.m00,phosphate_metabolite,small_nitrogenous,False,0.30785705287236936,0.03698092514912166,0.0,0.2738236361021284,0.4530208564364162,1.0,0.3743190714322121,0.08476584965721291
fatty_acid.m00,fatty_acid.m01,fatty_acid,fatty_acid,True,0.200653526728704,0.034173336431949454,0.13333333333333333,0.20851698990297038,0.45350386488906413,1.0,0.0,0.08436869504713433
fatty_acid.m03,pyrimidine.m00,fatty_acid,pyrimidine,False,0.13906473700689923,0.029637011834714316,0.2857142857142857,0.11819124344345493,0.0,1.0,1.0,0.0843100983195345
acylglycerol.m01,mono_oligosaccharide.m03,acylglycerol,mono_oligosaccharide,False,0.22352721296577444,0.021387962549459287,0.26666666666666666,0.11507337301267345,0.0,1.0,1.0,0.08422673594280457
chromophore_pigment.m00,peptide_protein.m06,chromophore_pigment,peptide_protein,False,0.149437674557557,0.14319046623524828,0.16666666666666666,0.14159485826947155,0.0,0.0,0.9041824307720294,0.08422297681419774
fatty_acid.m02,free_amino_acid.m05,fatty_acid,free_amino_acid,False,0.20598746767520187,0.1544450033163875,0.125,0.09988667266050827,0.0,0.0,1.0,0.08402804497848683
free_amino_acid.m05,free_amino_acid.m06,free_amino_acid,free_amino_acid,True,0.33028013820526114,0.09607278232152662,0.375,0.12144250321076411,0.17610586756696814,0.0,0.0,0.08370747907326213
free_amino_acid.m06,nucleic_acid_polymer.m00,free_amino_acid,nucleic_acid_polymer,False,0.43315180752426946,0.026231427504201744,0.0,0.294212995701707,0.2425047438330171,1.0,0.6448417679449405,0.08351223856787328
peptide_protein.m07,polysaccharide.m01,peptide_protein,polysaccharide,False,0.29747667725406146,0.04255680757477922,0.0,0.25799535653085703,0.11983702571937867,1.0,0.9981273923215122,0.08345499352990556
acylglycerol.m00,mono_oligosaccharide.m04,acylglycerol,mono_oligosaccharide,False,0.40614419542050556,0.018966277883465752,0.0,0.2447889735559034,0.5129336191954789,1.0,1.0,0.08328302125144024
fatty_acid.m00,peptide_protein.m09,fatty_acid,peptide_protein,False,0.15943621969021826,0.1104270899207292,0.375,0.07481607406886988,0.0,0.0,1.0,0.08288772731791338
mono_oligosaccharide.m04,sulfur_thiol_cofactor.m01,mono_oligosaccharide,sulfur_thiol_cofactor,False,0.22298086767988298,0.056043645877407046,0.0,0.11963412010336953,0.4397759103641457,1.0,0.7167046479326967,0.0828553468995851
chromophore_pigment.m01,phospholipid_sphingolipid.m00,chromophore_pigment,phospholipid_sphingolipid,False,0.20809827121159244,0.04066034068441909,0.125,0.20503465562639375,0.0,1.0,0.2405523990806332,0.0822958641533697
peptide_protein.m00,polysaccharide.m00,peptide_protein,polysaccharide,False,0.34558345888972125,0.03777811769371636,0.375,0.32907370310470346,0.0,0.0,0.3078486966406697,0.08213969143961956
peptide_protein.m02,peptide_protein.m06,peptide_protein,peptide_protein,True,0.2965129573768584,0.07888559957997635,0.25,0.21551455691536253,0.22253053714154286,0.0,0.0,0.08186714069017414
mono_oligosaccharide.m00,small_nitrogenous.m00,mono_oligosaccharide,small_nitrogenous,False,0.19753795384945522,0.04793328947872922,0.0,0.15822275119202275,0.339674872881704,1.0,1.0,0.08171204893622513
fatty_acid.m04,peptide_protein.m01,fatty_acid,peptide_protein,False,0.17373714824621567,0.1020042299411167,0.125,0.2055532513408925,0.0,0.0,1.0,0.08158460922205263
polysaccharide.m00,small_nitrogenous.m00,polysaccharide,small_nitrogenous,False,0.2430537994329878,0.04207162130957354,0.0,0.2168395419849883,0.358252626563822,1.0,0.5295515566897648,0.08153955377800935
fatty_acid.m03,phospholipid_sphingolipid.m01,fatty_acid,phospholipid_sphingolipid,False,0.3706185803765322,0.03974567678475584,0.14285714285714285,0.23638407222697239,0.0,1.0,0.045028975026196356,0.08095340928273605
fatty_acid.m00,peptide_protein.m00,fatty_acid,peptide_protein,False,0.32266656605385047,0.003510757479239833,0.125,0.30459693996617626,0.642705175912007,0.0,1.0,0.08053738291245921
carboxylic_acid_metabolite.m00,chromophore_pigment.m01,carboxylic_acid_metabolite,chromophore_pigment,False,0.29817350497533335,0.03726095675233686,0.0,0.21847101290469065,0.25038073880578626,1.0,0.587708174244958,0.08042529243579179
free_amino_acid.m00,free_amino_acid.m01,free_amino_acid,free_amino_acid,True,0.30299132835538445,0.021042381047338958,0.125,0.1801711064630379,0.5550637850448098,1.0,0.0,0.0802385964117343
free_amino_acid.m00,sulfur_thiol_cofactor.m01,free_amino_acid,sulfur_thiol_cofactor,False,0.24692283705241214,0.04882472491905131,0.0,0.19253642986065855,0.4793793177094885,1.0,0.26054260823053926,0.07998433622901184
free_amino_acid.m01,free_amino_acid.m05,free_amino_acid,free_amino_acid,True,0.3524953511194612,0.06333661559997866,0.125,0.19360499523248675,0.7081446068163336,0.0,0.0,0.0798786236072547
free_amino_acid.m01,free_amino_acid.m03,free_amino_acid,free_amino_acid,True,0.25027298421726557,0.027363157627744366,0.125,0.14267202105304858,0.5723272300122396,1.0,0.0,0.07987780319293078
acylglycerol.m02,peptide_protein.m09,acylglycerol,peptide_protein,False,0.17162273944785356,0.10861958348374524,0.25,0.08165498466086377,0.0,0.0,1.0,0.07986939703590994
acylglycerol.m01,peptide_protein.m00,acylglycerol,peptide_protein,False,0.6660529714038194,0.0003153523066416985,0.13333333333333333,0.6330415163682779,0.9237898091788035,0.0,1.0,0.07947210385059839
free_amino_acid.m03,polysaccharide.m00,free_amino_acid,polysaccharide,False,0.4147813453681295,0.018493554934862707,0.0,0.25490147358743453,0.6157815618916189,1.0,0.48690114678642576,0.07924311578444945
peptide_protein.m02,sterol_steroid.m02,peptide_protein,sterol_steroid,False,0.29401327353757,0.07741829880505709,0.0,0.24349702215489058,0.5494615441484513,0.0,0.980110869987809,0.07888230498444951
fatty_acid.m00,peptide_protein.m04,fatty_acid,peptide_protein,False,0.4403281864869153,0.0393371767018767,0.0,0.3622377435678304,0.7183600713012478,0.0,1.0,0.07887499912787357
phospholipid_sphingolipid.m00,polysaccharide.m01,phospholipid_sphingolipid,polysaccharide,False,0.37125618136685895,0.05757488410736401,0.0,0.3554869389898989,0.0863024388641087,1.0,0.14637863751212243,0.07884363360059346
fatty_acid.m04,purine.m00,fatty_acid,purine,False,0.3269703281020072,0.025628658125799824,0.0,0.2630925627977669,0.2096371686504514,1.0,0.9168047531151509,0.07879051432739716
pyrimidine.m00,sulfur_thiol_cofactor.m01,pyrimidine,sulfur_thiol_cofactor,False,0.20176150121682085,0.03418771673964447,0.0,0.15929622202812424,0.5110771581359818,1.0,1.0,0.07863477579940503
phospholipid_sphingolipid.m01,small_nitrogenous.m00,phospholipid_sphingolipid,small_nitrogenous,False,0.4623425037157217,0.01779465394490349,0.0,0.3255491702470746,0.550910569506395,1.0,0.30545132034863015,0.0785344037468077
peptide_protein.m02,phospholipid_sphingolipid.m01,peptide_protein,phospholipid_sphingolipid,False,0.5427894362102744,0.0520301693265833,0.0,0.3099458386750004,0.7724537322260283,0.0,0.3540195491996214,0.07822992803352773
peptide_protein.m02,phosphate_metabolite.m00,peptide_protein,phosphate_metabolite,False,0.40834991925313446,0.05508093557657997,0.0,0.3304654084356795,0.7128991185917183,0.0,0.4986715936724375,0.07769802749605939
acylglycerol.m02,phospholipid_sphingolipid.m01,acylglycerol,phospholipid_sphingolipid,False,0.3242036401785984,0.031628801359534685,0.125,0.21247822196213725,0.0,1.0,0.09477988833436778,0.07735520573829821
chromophore_pigment.m00,mono_oligosaccharide.m04,chromophore_pigment,mono_oligosaccharide,False,0.08913624941493717,0.017517625601166188,0.16666666666666666,0.07089381333056378,0.09965252963355431,1.0,0.18141494708383832,0.07717282239536052
fatty_acid.m02,polysaccharide.m00,fatty_acid,polysaccharide,False,0.35212309743497855,0.00852235766039314,0.125,0.33465482731021834,0.0,1.0,0.9952860821662236,0.07673609609592336
carboxylic_acid_metabolite.m01,chromophore_pigment.m00,carboxylic_acid_metabolite,chromophore_pigment,False,0.14060776667752306,0.01058867771535969,0.16666666666666666,0.051726794488276086,0.34884217616665436,1.0,0.10634727078933028,0.07639808550019021
free_amino_acid.m00,free_amino_acid.m04,free_amino_acid,free_amino_acid,True,0.21596227376722646,0.10896946205819376,0.125,0.1374936581453781,0.5174186976843523,0.0,0.0,0.07635981962465194
mono_oligosaccharide.m00,mono_oligosaccharide.m01,mono_oligosaccharide,mono_oligosaccharide,True,0.289908876175933,0.013003951828648268,0.125,0.2663956416233646,0.6498254433738305,1.0,0.0,0.07596549654153044
free_amino_acid.m03,sterol_steroid.m01,free_amino_acid,sterol_steroid,False,0.17846920516496942,0.06211004851591044,0.0,0.13519621947401259,0.22799148985107243,1.0,0.5634287669142016,0.07570482719922263
free_amino_acid.m05,mono_oligosaccharide.m03,free_amino_acid,mono_oligosaccharide,False,0.3296876086750867,0.09500875432076145,0.0,0.15780754506028832,0.6524113457699796,0.0,0.47189823235401834,0.07526924867815551
fatty_acid.m04,free_amino_acid.m01,fatty_acid,free_amino_acid,False,0.23185840783560616,0.042093567099961704,0.0,0.1911313186327534,0.10820210782260117,1.0,1.0,0.07494140879267876
peptide_protein.m02,pyrimidine.m00,peptide_protein,pyrimidine,False,0.12436362334097688,0.01566303737351025,0.125,0.10115202921653815,0.26122707147375085,0.0,1.0,0.07492766167755598
carboxylic_acid_metabolite.m00,carboxylic_acid_metabolite.m01,carboxylic_acid_metabolite,carboxylic_acid_metabolite,True,0.32844343307844104,0.03769902167878483,0.125,0.06561476326267712,0.24981558605847035,1.0,0.0,0.07485543294523667
carboxylic_acid_metabolite.m01,fatty_acid.m02,carboxylic_acid_metabolite,fatty_acid,False,0.28129261850762466,0.049296935732433655,0.0,0.09766408870384943,0.1814846759818297,1.0,0.7314582584675368,0.07478247499647306
chromophore_pigment.m00,sulfur_thiol_cofactor.m00,chromophore_pigment,sulfur_thiol_cofactor,False,0.19376150890323945,0.003741177884112334,0.16666666666666666,0.18987640455192076,0.45170654772172797,1.0,0.06552050120459511,0.07462372315073285
peptide_protein.m01,sulfur_thiol_cofactor.m00,peptide_protein,sulfur_thiol_cofactor,False,0.4724312889080105,0.04491568336995565,0.0,0.4205689301024002,0.6060359627722057,0.0,0.3354152500578869,0.07453339974162643
peptide_protein.m09,purine.m00,peptide_protein,purine,False,0.33333825247001947,0.07671684510469373,0.0,0.2662636030158216,0.5340545602405186,0.0,0.3863667809648877,0.07431132857936859
mono_oligosaccharide.m05,pyrimidine.m00,mono_oligosaccharide,pyrimidine,False,0.1872249909515044,0.04572517633306577,0.0,0.10339564843627876,0.3034229527588162,1.0,1.0,0.07411255627283116
peptide_protein.m04,sterol_steroid.m02,peptide_protein,sterol_steroid,False,0.3390323245602318,0.06287603310968357,0.0,0.26378344068378157,0.3494401866318375,0.0,0.9138907658096111,0.07400879753943215
chromophore_pigment.m01,fatty_acid.m02,chromophore_pigment,fatty_acid,False,0.1349036659103767,0.018295780592469446,0.25,0.13120660316360513,0.0,1.0,1.0,0.07395658367067826
small_nitrogenous.m00,sterol_steroid.m00,small_nitrogenous,sterol_steroid,False,0.27296407138471623,0.047796244128916886,0.0,0.2508462023763906,0.16699770817417878,1.0,0.19270195873824172,0.07374631663253742
fatty_acid.m02,pyrimidine.m00,fatty_acid,pyrimidine,False,0.11858573080169932,0.03337042932098651,0.125,0.11146395111854907,0.0,1.0,1.0,0.07366371245751858
free_amino_acid.m00,peptide_protein.m00,free_amino_acid,peptide_protein,False,0.33640762911133226,0.0860501691209551,0.0,0.23911806756679657,0.15882270796881806,0.0,1.0,0.0734419530867313
peptide_protein.m05,polysaccharide.m00,peptide_protein,polysaccharide,False,0.4118246297143485,0.011692766546742759,0.125,0.38349540468085247,0.028771860650418528,0.0,0.18918687294634506,0.07338515305112672
chromophore_pigment.m00,sulfur_thiol_cofactor.m01,chromophore_pigment,sulfur_thiol_cofactor,False,0.17843115399963538,0.046679721235707405,0.0,0.17666037332307297,0.28814082817877884,1.0,0.44270555204170803,0.07331942472454439
fatty_acid.m03,mono_oligosaccharide.m04,fatty_acid,mono_oligosaccharide,False,0.344985298705904,0.015174717725092544,0.0,0.19728307067367118,0.4672613913600631,1.0,1.0,0.07312396558912133
peptide_protein.m02,phospholipid_sphingolipid.m00,peptide_protein,phospholipid_sphingolipid,False,0.2840752837175104,0.019321437131919597,0.125,0.23892249028093532,0.09099123520375893,0.0,0.0697892408595342,0.0730719011422233
peptide_protein.m09,sulfur_thiol_cofactor.m00,peptide_protein,sulfur_thiol_cofactor,False,0.4184285211602007,0.048435812335053056,0.0,0.35868139322376363,0.6066372590091755,0.0,0.3672416072529943,0.07304833577755626
peptide_protein.m03,peptide_protein.m09,peptide_protein,peptide_protein,True,0.2890306836902065,0.06662185923465495,0.125,0.16719338237887893,0.46806640544780964,0.0,0.0,0.07296978873108237
acylglycerol.m00,mono_oligosaccharide.m05,acylglycerol,mono_oligosaccharide,False,0.21745304882236755,0.017725069882758567,0.13333333333333333,0.12381759698984465,0.0,1.0,1.0,0.07282462473839488
acylglycerol.m00,chromophore_pigment.m01,acylglycerol,chromophore_pigment,False,0.19252226000449835,0.01481344466823613,0.13333333333333333,0.19634779295643245,0.0,1.0,1.0,0.0728207117189262
mono_oligosaccharide.m01,sulfur_thiol_cofactor.m01,mono_oligosaccharide,sulfur_thiol_cofactor,False,0.228483805460559,0.01853835600225465,0.0,0.21691648863781254,0.5308213608023855,1.0,1.0,0.07273234885282027
mono_oligosaccharide.m01,peptide_protein.m00,mono_oligosaccharide,peptide_protein,False,0.26070907706776225,0.006038592125179546,0.125,0.2476605294573018,0.12370766488413547,0.0,1.0,0.07266408964145361
acylglycerol.m00,peptide_protein.m09,acylglycerol,peptide_protein,False,0.1747888151305489,0.05957990521780083,0.26666666666666666,0.10662143630709958,0.0,0.0,1.0,0.07250194688941794
peptide_protein.m04,sulfur_thiol_cofactor.m01,peptide_protein,sulfur_thiol_cofactor,False,0.37450266770267754,0.0430097871819931,0.0,0.3245244073409564,0.4736029309084338,0.0,0.8498010634109107,0.07248415435329518
mono_oligosaccharide.m04,peptide_protein.m06,mono_oligosaccharide,peptide_protein,False,0.3470815925587603,0.06033465924013726,0.0,0.18789421783450447,0.43944076164190027,0.0,1.0,0.07221128587057818
peptide_protein.m05,phosphate_metabolite.m00,peptide_protein,phosphate_metabolite,False,0.4554379309452041,0.06082981076370225,0.0,0.39605682262803993,0.0771252782637982,0.0,1.0,0.07179567040494382
mono_oligosaccharide.m05,peptide_protein.m06,mono_oligosaccharide,peptide_protein,False,0.17288310950306424,0.05862198745416897,0.25,0.10930698847767177,0.0,0.0,1.0,0.07162321940142331
fatty_acid.m03,peptide_protein.m03,fatty_acid,peptide_protein,False,0.2721037596229465,0.01147471440292225,0.14285714285714285,0.1883325258748295,0.0,1.0,0.7653978655364693,0.07157233699055397
fatty_acid.m00,small_nitrogenous.m00,fatty_acid,small_nitrogenous,False,0.14146496200124603,0.02222842113004058,0.125,0.14101370433323104,0.0,1.0,1.0,0.07141388036128492
mono_oligosaccharide.m02,sterol_steroid.m00,mono_oligosaccharide,sterol_steroid,False,0.3254172958447669,0.02701134730695926,0.0,0.27717523803445704,0.12429910380574519,1.0,0.4543458786256307,0.07111698091748787
fatty_acid.m02,sterol_steroid.m02,fatty_acid,sterol_steroid,False,0.22544930414476433,0.04344373367948189,0.0,0.22278067570058088,0.13500414828688073,1.0,0.3681186733758575,0.07110607215276928
carboxylic_acid_metabolite.m00,mono_oligosaccharide.m04,carboxylic_acid_metabolite,mono_oligosaccharide,False,0.28751218592352284,0.04177727588172555,0.0,0.11135261630456604,0.2742945858695384,1.0,0.3474941871481385,0.07110298323706757
peptide_protein.m01,purine.m00,peptide_protein,purine,False,0.35306481181782035,0.0655806086166839,0.0,0.2508561716854886,0.49420800578295837,0.0,0.37505217562692017,0.07087264039767534
free_amino_acid.m02,peptide_protein.m06,free_amino_acid,peptide_protein,False,0.17482455139266853,0.07764453671747287,0.125,0.12454278376491135,0.0,0.0,1.0,0.07077542688587636
fatty_acid.m00,phospholipid_sphingolipid.m01,fatty_acid,phospholipid_sphingolipid,False,0.3147426308331913,0.023528504390983373,0.125,0.20282433829790164,0.0,1.0,0.09126640815875416,0.07065213703045524
chromophore_pigment.m00,fatty_acid.m02,chromophore_pigment,fatty_acid,False,0.132435960586825,0.019865072833668073,0.16666666666666666,0.12732167725160712,0.0,1.0,1.0,0.07045898630979043
nucleic_acid_polymer.m00,peptide_protein.m01,nucleic_acid_polymer,peptide_protein,False,0.441815252767099,0.03254742325151748,0.0,0.3520627126362079,0.5953867764114443,0.0,0.6450602477345144,0.07040609298761934
peptide_protein.m08,phospholipid_sphingolipid.m01,peptide_protein,phospholipid_sphingolipid,False,0.4734632827685551,0.049423449989090144,0.0,0.33358553234321275,0.2027666198444187,0.0,0.6278673477737984,0.07038952628955196
peptide_protein.m06,phospholipid_sphingolipid.m01,peptide_protein,phospholipid_sphingolipid,False,0.47274740025100603,0.04847788709577147,0.0,0.3075536793674593,0.22113736990397337,0.0,0.6721329776509332,0.07026056276662812
fatty_acid.m02,purine.m00,fatty_acid,purine,False,0.31688856094674217,0.018413223071225802,0.0,0.23815705493691355,0.21903447596047215,1.0,0.7868194092564519,0.07024768844786211
peptide_protein.m05,peptide_protein.m09,peptide_protein,peptide_protein,True,0.3024415031880118,0.08354645188559627,0.125,0.20039550239209047,0.12335280153116966,0.0,0.0,0.07007205907445102
acylglycerol.m01,mono_oligosaccharide.m05,acylglycerol,mono_oligosaccharide,False,0.09968882214642252,0.04174200587667826,0.13333333333333333,0.06434253869844986,0.0,1.0,0.9959889389815914,0.069938065029938
nucleic_acid_polymer.m00,peptide_protein.m02,nucleic_acid_polymer,peptide_protein,False,0.27794745391128994,0.0678318466077572,0.0,0.2327837627493437,0.36358214840188274,0.0,0.7320614720450314,0.06985682819514435
peptide_protein.m01,sterol_steroid.m00,peptide_protein,sterol_steroid,False,0.2114477042035481,0.057712403010614206,0.25,0.20408644867706618,0.0,0.0,0.19944187550010936,0.06942288310522901
free_amino_acid.m02,mono_oligosaccharide.m05,free_amino_acid,mono_oligosaccharide,False,0.17312461487705796,0.03702159129343409,0.0,0.0735340138727338,0.5175829862736884,1.0,1.0,0.06936761689186519
acylglycerol.m00,polysaccharide.m01,acylglycerol,polysaccharide,False,0.3055169732478372,0.019493262625470017,0.0,0.28807698215383565,0.10403903496882624,1.0,1.0,0.06920287181259496
chromophore_pigment.m00,phospholipid_sphingolipid.m01,chromophore_pigment,phospholipid_sphingolipid,False,0.275627011208415,0.028728587386131457,0.0,0.2032275749879105,0.5958204982872916,1.0,0.12984261345218337,0.06881665949469008
free_amino_acid.m01,free_amino_acid.m02,free_amino_acid,free_amino_acid,True,0.18346889128186117,0.022608243970699913,0.125,0.13202079215843715,0.4319360588810304,1.0,0.0,0.0687787048184941
free_amino_acid.m04,pyrimidine.m00,free_amino_acid,pyrimidine,False,0.12107525460410425,0.011642441802899495,0.125,0.0782173372229898,0.4568553521115191,0.0,0.7837754648564194,0.0687149272867311
peptide_protein.m00,polysaccharide.m01,peptide_protein,polysaccharide,False,0.3169475736214829,0.0047787386190894805,0.125,0.2905935445379977,0.06687367028923007,0.0,1.0,0.06864054414808232
acylglycerol.m02,free_amino_acid.m01,acylglycerol,free_amino_acid,False,0.23102156957647074,0.0300673825163993,0.0,0.19146117364959567,0.10384188866162301,1.0,1.0,0.06858099426238375
mono_oligosaccharide.m02,mono_oligosaccharide.m03,mono_oligosaccharide,mono_oligosaccharide,True,0.4581510494280512,0.09563194184314783,0.0,0.30803768682899924,0.7146504349540402,1.0,0.0,0.06855709787827927
free_amino_acid.m00,sterol_steroid.m00,free_amino_acid,sterol_steroid,False,0.4211402056192837,0.017720128121615747,0.0,0.2709419257121422,0.1342287061452147,1.0,0.5066888105826773,0.06842143196557471
mono_oligosaccharide.m05,sterol_steroid.m00,mono_oligosaccharide,sterol_steroid,False,0.17933188532288513,0.028720600538148445,0.125,0.11868827528802048,0.0,1.0,0.2658494787939574,0.06814612069758413
mono_oligosaccharide.m05,peptide_protein.m00,mono_oligosaccharide,peptide_protein,False,0.18223156469877172,0.06852862057713927,0.125,0.10916349206249783,0.0,0.0,1.0,0.0678173527777279
peptide_protein.m03,pyrimidine.m00,peptide_protein,pyrimidine,False,0.2060120981564753,0.03450573463457857,0.0,0.13284987166508178,0.36473216852723495,1.0,0.38676999859950617,0.06771707959559042
fatty_acid.m02,peptide_protein.m09,fatty_acid,peptide_protein,False,0.14309530112890176,0.09632629007403055,0.125,0.08129763635102888,0.0,0.0,1.0,0.06731463153847432
fatty_acid.m01,peptide_protein.m09,fatty_acid,peptide_protein,False,0.1945942494653685,0.013381046949817071,0.13333333333333333,0.18050553080286028,0.02036028487641391,0.0,1.0,0.06722662311362088
free_amino_acid.m06,polysaccharide.m00,free_amino_acid,polysaccharide,False,0.46033895150783827,0.009311296774855886,0.0,0.3375618857933419,0.2807182697125772,1.0,0.5858714141657733,0.0669465801007475
acylglycerol.m02,free_amino_acid.m00,acylglycerol,free_amino_acid,False,0.23850072005105688,0.0046009787959156384,0.125,0.13090197629592323,0.01055225609305306,1.0,1.0,0.06693040632751415
mono_oligosaccharide.m01,peptide_protein.m05,mono_oligosaccharide,peptide_protein,False,0.2147764829015573,0.004661824010517272,0.25,0.2179982692966338,0.12225863952619172,0.0,0.5231779845541951,0.06677104510918175
peptide_protein.m09,sterol_steroid.m00,peptide_protein,sterol_steroid,False,0.20104910646373736,0.06999597124794672,0.25,0.11803070302533238,0.0,0.0,0.20337894807881202,0.06656555242313107
acylglycerol.m00,peptide_protein.m05,acylglycerol,peptide_protein,False,0.6503937065298617,0.009535464003377401,0.0,0.6847481804153709,0.8009742313347628,0.0,1.0,0.06655216856132565
chromophore_pigment.m00,peptide_protein.m05,chromophore_pigment,peptide_protein,False,0.13911684132277094,0.07730854484158574,0.16666666666666666,0.11352935855159667,0.0,0.0,0.6347832206003655,0.06645671962797972
fatty_acid.m01,free_amino_acid.m02,fatty_acid,free_amino_acid,False,0.11956124438769934,0.015926615121735967,0.26666666666666666,0.09496947888970306,0.0,1.0,0.9008749518120548,0.06638169321247046
free_amino_acid.m05,phosphate_metabolite.m00,free_amino_acid,phosphate_metabolite,False,0.41695885092654855,0.037330070455545906,0.0,0.23889642834122876,0.6836196062002514,0.0,0.44144383957300254,0.06633363357162643
peptide_protein.m04,phospholipid_sphingolipid.m00,peptide_protein,phospholipid_sphingolipid,False,0.6411964715449688,0.0140100593006759,0.0,0.4726188963576474,0.8176659520113032,0.0,0.6200866994345182,0.06602185362604139
carboxylic_acid_metabolite.m01,peptide_protein.m02,carboxylic_acid_metabolite,peptide_protein,False,0.3432390558366433,0.09841130764711208,0.0,0.08335892960986009,0.5297994857767154,0.0,0.3431270767802296,0.06599029382059497
fatty_acid.m04,pyrimidine.m00,fatty_acid,pyrimidine,False,0.10830043865338164,0.02348999338092184,0.125,0.10339812800243857,0.0,1.0,1.0,0.06551793036158966
carboxylic_acid_metabolite.m00,mono_oligosaccharide.m02,carboxylic_acid_metabolite,mono_oligosaccharide,False,0.23802783789179022,0.005565231650410864,0.125,0.1452242858363211,0.008810797046091164,1.0,0.5097252891918,0.06542954333517242
free_amino_acid.m06,peptide_protein.m09,free_amino_acid,peptide_protein,False,0.3022722963999638,0.026490763782128324,0.125,0.195757624081413,0.0023739701159055998,0.0,0.4789528635800954,0.06542208727014456
free_amino_acid.m04,mono_oligosaccharide.m00,free_amino_acid,mono_oligosaccharide,False,0.21388464718805247,0.09143317573845905,0.0,0.16372271894271503,0.34790901697922577,0.0,0.534537084940456,0.06536910942129898
fatty_acid.m01,peptide_protein.m02,fatty_acid,peptide_protein,False,0.13444754339389198,0.01732593326419767,0.13333333333333333,0.11561161199192552,0.040147202576045087,0.0,0.8191618962479362,0.0653549167473487
free_amino_acid.m02,polysaccharide.m01,free_amino_acid,polysaccharide,False,0.17865854951759166,0.02378302874162984,0.0,0.14294932494347512,0.2859656472559699,1.0,1.0,0.0650699171456591
peptide_protein.m00,purine.m01,peptide_protein,purine,False,0.27342810330214734,0.0597200027208647,0.0,0.24171181904445152,0.16986947271577255,0.0,1.0,0.0648492266848762
mono_oligosaccharide.m05,peptide_protein.m09,mono_oligosaccharide,peptide_protein,False,0.22376076644856677,0.06845451056355141,0.0,0.1409253931630913,0.40488758553274684,0.0,1.0,0.06484688812275849
peptide_protein.m09,phospholipid_sphingolipid.m00,peptide_protein,phospholipid_sphingolipid,False,0.16966426295744508,0.058262448186389815,0.375,0.09395445664356343,0.0,0.0,0.2606451848595858,0.06470122837340375
peptide_protein.m09,sulfur_thiol_cofactor.m01,peptide_protein,sulfur_thiol_cofactor,False,0.22952865074225193,0.0457263167031497,0.0,0.2136479811626163,0.5483575248281131,0.0,1.0,0.06465023911377811
free_amino_acid.m06,small_nitrogenous.m00,free_amino_acid,small_nitrogenous,False,0.23050823290615535,0.03803662611987797,0.0,0.16918019747564245,0.13585187740785465,1.0,0.27848677852064263,0.06451002897036326
fatty_acid.m02,sulfur_thiol_cofactor.m00,fatty_acid,sulfur_thiol_cofactor,False,0.34402463180590986,0.013124973324698103,0.0,0.3281074899625223,0.15803740851179182,1.0,0.568619031976289,0.06450643870799608
peptide_protein.m00,phosphate_metabolite.m00,peptide_protein,phosphate_metabolite,False,0.40574367433792996,0.053407115578817464,0.0,0.37457349528945144,0.04938679284030328,0.0,1.0,0.06440829033115157
fatty_acid.m01,mono_oligosaccharide.m05,fatty_acid,mono_oligosaccharide,False,0.09168699079515277,0.034183735914075496,0.13333333333333333,0.05697768238814236,0.0,1.0,1.0,0.06427068852861728
free_amino_acid.m03,free_amino_acid.m05,free_amino_acid,free_amino_acid,True,0.23346468022712,0.0843621384266008,0.125,0.08256707745862345,0.32061082497515137,0.0,0.0,0.06424457928895261
free_amino_acid.m01,peptide_protein.m06,free_amino_acid,peptide_protein,False,0.264798365418898,0.0031381039778642732,0.125,0.20775619793124847,0.22962451842907255,0.0,1.0,0.0641241052771421
free_amino_acid.m05,peptide_protein.m08,free_amino_acid,peptide_protein,False,0.25200952400710686,0.10599428439473697,0.0,0.14862146624465694,0.0843671192817303,0.0,1.0,0.06383128036751037
peptide_protein.m01,sulfur_thiol_cofactor.m01,peptide_protein,sulfur_thiol_cofactor,False,0.20290707934194335,0.06968179898789936,0.0,0.1479410168225471,0.3614989690891019,0.0,1.0,0.06361554830690555
mono_oligosaccharide.m05,peptide_protein.m01,mono_oligosaccharide,peptide_protein,False,0.27720981239761094,0.043628983096651315,0.0,0.14982186025164987,0.6007590132827325,0.0,1.0,0.06349094625279998
fatty_acid.m01,mono_oligosaccharide.m02,fatty_acid,mono_oligosaccharide,False,0.12123342757720736,0.010467951845812352,0.26666666666666666,0.12196990235185044,0.0,1.0,1.0,0.06288153244747915
mono_oligosaccharide.m01,peptide_protein.m06,mono_oligosaccharide,peptide_protein,False,0.2779820301444652,0.002787137057331273,0.125,0.24192868165593473,0.17823176191297632,0.0,1.0,0.06270194917704351
free_amino_acid.m05,peptide_protein.m09,free_amino_acid,peptide_protein,False,0.24818558368165847,0.046114215193738164,0.0,0.1525369046956995,0.5576332585820253,0.0,1.0,0.06266934013740716
mono_oligosaccharide.m01,peptide_protein.m08,mono_oligosaccharide,peptide_protein,False,0.21788835561040512,0.005581042194459004,0.125,0.2078339022404937,0.09409628954220986,0.0,0.663993794503973,0.06253069322751299
free_amino_acid.m02,peptide_protein.m05,free_amino_acid,peptide_protein,False,0.24068931538320187,0.03216024004454451,0.125,0.15467019613134397,0.0,0.0,1.0,0.06252715665529879
free_amino_acid.m01,free_amino_acid.m04,free_amino_acid,free_amino_acid,True,0.19630057868677012,0.048327518842640194,0.125,0.15941773792271072,0.5187888645194149,0.0,0.0,0.06252432380265696
carboxylic_acid_metabolite.m00,peptide_protein.m01,carboxylic_acid_metabolite,peptide_protein,False,0.2384001526216371,0.04996123531984282,0.125,0.13603730393499883,0.0,0.0,0.37762011801769413,0.06200265897809102
mono_oligosaccharide.m01,pyrimidine.m00,mono_oligosaccharide,pyrimidine,False,0.15854117653431016,0.019557515726875925,0.0,0.160288487005544,0.3047799765067318,1.0,1.0,0.06194279958209153
peptide_protein.m00,peptide_protein.m02,peptide_protein,peptide_protein,True,0.24215239344548167,0.05686691952284134,0.125,0.19622632311893137,0.15024027206190396,0.0,0.0,0.0618958322750482
peptide_protein.m04,phospholipid_sphingolipid.m01,peptide_protein,phospholipid_sphingolipid,False,0.4608284938831851,0.0439144951620702,0.0,0.26219212883260967,0.20141616764007655,0.0,0.3386818174496275,0.06159442523542232
free_amino_acid.m04,nucleic_acid_polymer.m00,free_amino_acid,nucleic_acid_polymer,False,0.22740039804744447,0.05014303364281928,0.0,0.19805473895236275,0.5561678043651479,0.0,0.5434788141500383,0.061513087728421845
peptide_protein.m01,sterol_steroid.m01,peptide_protein,sterol_steroid,False,0.3278906736036202,0.03104986193778667,0.0,0.2443725212776182,0.41145255756261445,0.0,0.844244964564816,0.06143946299169101
fatty_acid.m04,free_amino_acid.m05,fatty_acid,free_amino_acid,False,0.18588195431667418,0.04754541866118385,0.125,0.0956030797558722,0.0,0.0,1.0,0.06091607312513758
peptide_protein.m03,peptide_protein.m04,peptide_protein,peptide_protein,True,0.4099043524531674,0.019858566348612,0.25,0.25520746292518026,0.14780880093973076,0.0,0.0,0.06091419583807727
free_amino_acid.m01,nucleic_acid_polymer.m00,free_amino_acid,nucleic_acid_polymer,False,0.31002251001435394,0.0069592421640552885,0.0,0.27127941776780584,0.5226069313355841,1.0,0.7119076166275792,0.06039368647716727
free_amino_acid.m02,peptide_protein.m04,free_amino_acid,peptide_protein,False,0.1519309844094615,0.05497103971073325,0.125,0.09197588812661624,0.0,0.0,1.0,0.06031847578602655
mono_oligosaccharide.m01,phospholipid_sphingolipid.m00,mono_oligosaccharide,phospholipid_sphingolipid,False,0.25265756324694894,0.003794207837158379,0.125,0.230897935307081,0.015977065312928692,1.0,0.14304624986421613,0.06028837774896498
chromophore_pigment.m01,peptide_protein.m05,chromophore_pigment,peptide_protein,False,0.4252338774408948,0.024666326981251038,0.0,0.39816141543273637,0.24600080501408778,0.0,0.5639182526370317,0.059975770519015384
acylglycerol.m00,pyrimidine.m00,acylglycerol,pyrimidine,False,0.1375911707426744,0.011351161609462292,0.13333333333333333,0.13131218121821261,0.0,1.0,1.0,0.05997423992836516
chromophore_pigment.m00,free_amino_acid.m00,chromophore_pigment,free_amino_acid,False,0.17858480037061267,0.02525146282904342,0.0,0.16382316528738644,0.5067103674314302,1.0,0.17369590245576105,0.05991723549104697
fatty_acid.m00,peptide_protein.m05,fatty_acid,peptide_protein,False,0.3541763120709424,0.014489617080742704,0.0,0.38218741910940834,0.6505975997437099,0.0,1.0,0.05871929505606283
acylglycerol.m01,free_amino_acid.m01,acylglycerol,free_amino_acid,False,0.16315244654259417,0.008143786334164044,0.13333333333333333,0.15169991147273457,0.0,1.0,1.0,0.05835981686458826
peptide_protein.m01,peptide_protein.m02,peptide_protein,peptide_protein,True,0.21080232371451413,0.041645157730899975,0.125,0.14444009400351057,0.36801465454216886,0.0,0.0,0.058175802683672596
peptide_protein.m08,phosphate_metabolite.m00,peptide_protein,phosphate_metabolite,False,0.4023687203868748,0.027485506719612182,0.0,0.38142242947608834,0.08741631549980697,0.0,1.0,0.05781905155034305
mono_oligosaccharide.m00,peptide_protein.m01,mono_oligosaccharide,peptide_protein,False,0.25152582510579413,0.03241696594766149,0.0,0.19054107811163146,0.4181555320075244,0.0,1.0,0.05780184287126197
mono_oligosaccharide.m04,peptide_protein.m05,mono_oligosaccharide,peptide_protein,False,0.32874838569230286,0.023812837237124344,0.0,0.22147475890594315,0.4186845412651865,0.0,1.0,0.05775144296878335
free_amino_acid.m01,peptide_protein.m09,free_amino_acid,peptide_protein,False,0.2543762509936579,0.035515880070187765,0.0,0.1946184254619598,0.47807158053837373,0.0,0.6390490348494151,0.05762106246953701
mono_oligosaccharide.m04,peptide_protein.m00,mono_oligosaccharide,peptide_protein,False,0.35836911315743514,0.02179704143455265,0.0,0.21219929996026665,0.4549430329316478,0.0,1.0,0.057580150504648514
mono_oligosaccharide.m05,peptide_protein.m04,mono_oligosaccharide,peptide_protein,False,0.19335516550037973,0.03336840859115213,0.125,0.11086623179639309,0.0,0.0,1.0,0.057459444677077476
carboxylic_acid_metabolite.m00,peptide_protein.m00,carboxylic_acid_metabolite,peptide_protein,False,0.4643807609395217,0.012067574713748875,0.0,0.3155942147441481,0.6386538192989806,0.0,1.0,0.05743488412785816
polysaccharide.m01,sterol_steroid.m00,polysaccharide,sterol_steroid,False,0.313877360612961,0.01412654082572123,0.0,0.2861987150443102,0.0925881202921051,1.0,0.37239130766587963,0.05742706063709184
peptide_protein.m03,peptide_protein.m06,peptide_protein,peptide_protein,True,0.3334883294616304,0.03223798918421266,0.25,0.19788139221827766,0.052734994290971525,0.0,0.0,0.05728880319006581
acylglycerol.m01,free_amino_acid.m02,acylglycerol,free_amino_acid,False,0.13000188960627268,0.011792593864990309,0.13333333333333333,0.11577506088445644,0.0,1.0,0.7766500627266634,0.05727932214350434
carboxylic_acid_metabolite.m00,peptide_protein.m04,carboxylic_acid_metabolite,peptide_protein,False,0.3194306803859155,0.0278918571769781,0.0,0.15981910219921092,0.44588087434387247,0.0,1.0,0.05724148221455005
purine.m01,sterol_steroid.m00,purine,sterol_steroid,False,0.25169591333759056,0.03780590594336539,0.0,0.24756114447722996,0.024838791821714026,1.0,0.21289187033070067,0.05700940022627478
fatty_acid.m02,nucleic_acid_polymer.m00,fatty_acid,nucleic_acid_polymer,False,0.31621149190661824,0.05214955739910163,0.0,0.2984682855384081,0.0,1.0,1.0,0.056304475241340426
free_amino_acid.m02,pyrimidine.m00,free_amino_acid,pyrimidine,False,0.12395634749671978,0.019990914648431456,0.0,0.08877856029133613,0.3932428103206092,1.0,1.0,0.05566397472292203
peptide_protein.m01,phospholipid_sphingolipid.m00,peptide_protein,phospholipid_sphingolipid,False,0.16538327648703474,0.0462293054726118,0.125,0.18900333143634743,0.0,0.0,0.19428785524734393,0.05556216333227622
chromophore_pigment.m00,free_amino_acid.m02,chromophore_pigment,free_amino_acid,False,0.10847147779669301,0.027925477731178695,0.0,0.07877157805998736,0.4788733088543336,1.0,0.5144644966867925,0.055230159854215206
free_amino_acid.m00,free_amino_acid.m05,free_amino_acid,free_amino_acid,True,0.2087042069730881,0.034142737217455955,0.125,0.11931195544463993,0.45954639920484325,0.0,0.0,0.054891216762578486
free_amino_acid.m04,sterol_steroid.m00,free_amino_acid,sterol_steroid,False,0.2042192809807644,0.041284599841906994,0.125,0.16046505262902946,0.0,0.0,0.18322467935433207,0.0546522865634718
free_amino_acid.m04,phosphate_metabolite.m00,free_amino_acid,phosphate_metabolite,False,0.28909272047686935,0.02703449549166275,0.0,0.2371932992158285,0.5418779828647001,0.0,0.3702113234047304,0.05453652744901869
fatty_acid.m04,free_amino_acid.m04,fatty_acid,free_amino_acid,False,0.11461907788724437,0.0439889098046546,0.125,0.09752913597435477,0.0,0.0,1.0,0.054399366249282655
carboxylic_acid_metabolite.m00,polysaccharide.m01,carboxylic_acid_metabolite,polysaccharide,False,0.26538150452640524,0.03364609775677118,0.0,0.2284846217624771,0.02244017841740802,1.0,0.19668416688078447,0.05430201218385866
fatty_acid.m03,free_amino_acid.m01,fatty_acid,free_amino_acid,False,0.23799693305247516,0.013702461329436866,0.0,0.19619936704276283,0.0651354970140549,1.0,1.0,0.05430006279387385
acylglycerol.m00,peptide_protein.m01,acylglycerol,peptide_protein,False,0.1761283746673885,0.019912142137230426,0.13333333333333333,0.1879539475039326,0.0,0.0,1.0,0.0541743725008074
chromophore_pigment.m00,mono_oligosaccharide.m03,chromophore_pigment,mono_oligosaccharide,False,0.1727677859437743,0.02022458694368192,0.0,0.10031768349708897,0.6221263872117763,1.0,0.19293692416316718,0.05396329877425048
free_amino_acid.m06,peptide_protein.m06,free_amino_acid,peptide_protein,False,0.35609092762257727,0.01488689378226172,0.0,0.22925668580371972,0.5158678134010203,0.0,1.0,0.05355688986261057
acylglycerol.m00,phospholipid_sphingolipid.m01,acylglycerol,phospholipid_sphingolipid,False,0.4417822672256135,0.03753412731743256,0.0,0.2983905829651045,0.008590650336380888,1.0,0.08157069349376118,0.05350840718444847
peptide_protein.m08,peptide_protein.m09,peptide_protein,peptide_protein,True,0.42980052231127164,0.014514423395728265,0.125,0.30497043273948193,0.17431183617141874,0.0,0.0,0.053507071819035176
mono_oligosaccharide.m00,peptide_protein.m09,mono_oligosaccharide,peptide_protein,False,0.23512628770065686,0.029331999426816528,0.0,0.16606152603711333,0.34783672999991794,0.0,1.0,0.05349011751513761
free_amino_acid.m05,mono_oligosaccharide.m02,free_amino_acid,mono_oligosaccharide,False,0.3041841278891383,0.026357318815787515,0.0,0.15315826868679938,0.4198017036726714,0.0,0.7284710604189896,0.053477283054179627
mono_oligosaccharide.m01,sulfur_thiol_cofactor.m00,mono_oligosaccharide,sulfur_thiol_cofactor,False,0.32328353270298005,0.004844922379100901,0.0,0.33141177701138286,0.5083499675530037,1.0,0.3594088286001585,0.05339108754496632
fatty_acid.m02,free_amino_acid.m04,fatty_acid,free_amino_acid,False,0.11127126173614173,0.04299628759138511,0.125,0.08941510924284936,0.0,0.0,1.0,0.05307408076442647
free_amino_acid.m01,phospholipid_sphingolipid.m00,free_amino_acid,phospholipid_sphingolipid,False,0.254811354029129,0.02739420774281297,0.0,0.236772679737168,0.026997543885589427,1.0,0.22012319436585284,0.052991618721249904
free_amino_acid.m02,sterol_steroid.m00,free_amino_acid,sterol_steroid,False,0.2561135480640737,0.006932370278774703,0.125,0.1939831235585288,0.0,1.0,0.16891269543180562,0.05276844201442061
free_amino_acid.m06,peptide_protein.m03,free_amino_acid,peptide_protein,False,0.4618661170646634,0.0036997167751440145,0.0,0.253138083004729,0.3455761190106541,1.0,0.6522993520562603,0.05257121694038543
fatty_acid.m03,peptide_protein.m09,fatty_acid,peptide_protein,False,0.12587933294345705,0.030572991853803827,0.2857142857142857,0.05482472302625118,0.0,0.0,1.0,0.05254865831688579
fatty_acid.m02,phospholipid_sphingolipid.m01,fatty_acid,phospholipid_sphingolipid,False,0.3583924716396004,0.02485862911407468,0.0,0.2346497014959968,0.0341539548370668,1.0,0.10376697478283961,0.052511459089409504
purine.m01,small_nitrogenous.m00,purine,small_nitrogenous,False,0.1239219703392889,0.013142731208768342,0.0,0.12418244645230014,0.4884086185793966,1.0,0.7735292115125266,0.052497195597795254
peptide_protein.m04,peptide_protein.m09,peptide_protein,peptide_protein,True,0.25429313213560706,0.06898725937658608,0.25,0.12747923268689515,0.010355109785849824,0.0,0.0,0.05221334748652965
sterol_steroid.m00,sterol_steroid.m01,sterol_steroid,sterol_steroid,True,0.23762740751438816,0.1016011409922858,0.0,0.24626677435837904,0.2061542505565276,1.0,0.0,0.05212355818710887
acylglycerol.m01,nucleic_acid_polymer.m00,acylglycerol,nucleic_acid_polymer,False,0.2517043106128697,0.011491704991936592,0.0,0.257641995597298,0.03898732513533273,1.0,1.0,0.052001885406217245
fatty_acid.m02,mono_oligosaccharide.m03,fatty_acid,mono_oligosaccharide,False,0.24212205523857436,0.06346877538819082,0.0,0.1779458452758875,0.0,1.0,1.0,0.05187881863289005
peptide_protein.m04,sterol_steroid.m01,peptide_protein,sterol_steroid,False,0.25711789808329044,0.028571165138025705,0.0,0.1959426619305467,0.3010637686159508,0.0,0.5442673622488764,0.05143691091520193
carboxylic_acid_metabolite.m00,mono_oligosaccharide.m03,carboxylic_acid_metabolite,mono_oligosaccharide,False,0.3179776485604673,0.07314528472736523,0.0,0.15565059081922167,0.0,1.0,0.4501824325558175,0.05136737499960569
free_amino_acid.m04,peptide_protein.m04,free_amino_acid,peptide_protein,False,0.17435475758413077,0.07434543662557223,0.0,0.10743828923595278,0.09392871518108711,0.0,0.7664025966456189,0.050874451174066915
free_amino_acid.m04,free_amino_acid.m05,free_amino_acid,free_amino_acid,True,0.200307308513445,0.022889435225420654,0.125,0.11161997501548193,0.6532919326088208,0.0,0.0,0.05051922132504553
acylglycerol.m02,peptide_protein.m02,acylglycerol,peptide_protein,False,0.2360872890510761,0.02643785597948879,0.0,0.19778933282241,0.15310217928813755,0.0,1.0,0.04932869726908879
free_amino_acid.m05,peptide_protein.m04,free_amino_acid,peptide_protein,False,0.30225977173448043,0.029896841002150024,0.0,0.14070937582641868,0.10818896473545431,0.0,1.0,0.04905114475993378
mono_oligosaccharide.m05,peptide_protein.m07,mono_oligosaccharide,peptide_protein,False,0.24439047037081685,0.051884694656386884,0.0,0.1676400702897956,0.0,1.0,1.0,0.04898164257691968
acylglycerol.m00,purine.m01,acylglycerol,purine,False,0.17957780542451016,0.059276604353110815,0.0,0.19475295215295121,0.0,1.0,1.0,0.04869607624339472
acylglycerol.m01,mono_oligosaccharide.m01,acylglycerol,mono_oligosaccharide,False,0.1855368575694052,0.0034808322027416448,0.13333333333333333,0.17127889087351114,0.0,1.0,0.8769065138361875,0.04866296064392377
fatty_acid.m03,mono_oligosaccharide.m00,fatty_acid,mono_oligosaccharide,False,0.2280307825479582,0.019561901771756585,0.0,0.19815536142434656,0.009159088855483543,1.0,1.0,0.04843815195803308
free_amino_acid.m03,free_amino_acid.m04,free_amino_acid,free_amino_acid,True,0.15672894147608785,0.04255097881928386,0.125,0.0755090249370703,0.2626005240806,0.0,0.0,0.048352965977275016
fatty_acid.m03,peptide_protein.m01,fatty_acid,peptide_protein,False,0.11474014906719608,0.014022013686202485,0.2857142857142857,0.127620162117697,0.0,0.0,1.0,0.04818627621395642
fatty_acid.m04,free_amino_acid.m00,fatty_acid,free_amino_acid,False,0.24463185924027567,0.05575629306285676,0.0,0.12731812929109845,0.0,1.0,1.0,0.04786406874200731
free_amino_acid.m04,mono_oligosaccharide.m01,free_amino_acid,mono_oligosaccharide,False,0.16426878413278492,0.03929312027991447,0.0,0.16216278958128416,0.36646377025883675,0.0,0.31656252932239215,0.04782245577441789
chromophore_pigment.m00,phosphate_metabolite.m00,chromophore_pigment,phosphate_metabolite,False,0.1768601006658444,0.011426007504617409,0.0,0.16550170545417223,0.6079548534956505,1.0,0.10840433928157514,0.047721245554151984
carboxylic_acid_metabolite.m00,free_amino_acid.m01,carboxylic_acid_metabolite,free_amino_acid,False,0.2056542073773385,0.012099355927405075,0.0,0.14042569274760486,0.09205253949086968,1.0,0.565447105992544,0.04754204350905732
fatty_acid.m02,peptide_protein.m01,fatty_acid,peptide_protein,False,0.17099369278703275,0.01301034526990789,0.125,0.17551392673361418,0.0,0.0,1.0,0.04746259322322726
chromophore_pigment.m01,fatty_acid.m01,chromophore_pigment,fatty_acid,False,0.30145899156095873,0.0031467781894035816,0.0,0.3023386935288969,0.21846603744136953,1.0,0.9924527201616204,0.047423719895459786
free_amino_acid.m04,polysaccharide.m00,free_amino_acid,polysaccharide,False,0.2550801642995413,0.014585803369874036,0.0,0.21310291372279838,0.5131307655026821,0.0,0.6522861370158863,0.047214234715530046
fatty_acid.m03,purine.m01,fatty_acid,purine,False,0.1720246958082009,0.054865119935720345,0.0,0.18492460114031764,0.0,1.0,1.0,0.0469884854095415
fatty_acid.m04,free_amino_acid.m02,fatty_acid,free_amino_acid,False,0.16143939524467793,0.06809147639457992,0.0,0.1376671276362424,0.0,1.0,1.0,0.04684892498066556
chromophore_pigment.m00,peptide_protein.m04,chromophore_pigment,peptide_protein,False,0.1427947399210005,0.018576003249937384,0.16666666666666666,0.12717225697616136,0.0,0.0,0.5379729087868248,0.04679427483308251
acylglycerol.m01,chromophore_pigment.m01,acylglycerol,chromophore_pigment,False,0.2755660175865805,0.005370899825534649,0.0,0.26347529976569756,0.0704453042213953,1.0,1.0,0.04660720786136413
acylglycerol.m01,mono_oligosaccharide.m02,acylglycerol,mono_oligosaccharide,False,0.13669768108915464,0.003999622292190443,0.13333333333333333,0.13875106249141084,0.0,1.0,1.0,0.046530019297370696
free_amino_acid.m05,mono_oligosaccharide.m04,free_amino_acid,mono_oligosaccharide,False,0.3157878600773542,0.028788749061454864,0.0,0.07039492891751159,0.32523719165085396,0.0,0.5298645546651395,0.046286303412762214
peptide_protein.m01,polysaccharide.m01,peptide_protein,polysaccharide,False,0.3455730174979436,0.0075253082491621584,0.0,0.27377699280052126,0.513354197984179,0.0,1.0,0.04607764693179012
free_amino_acid.m04,purine.m01,free_amino_acid,purine,False,0.12194805645832818,0.040206621789859114,0.0,0.1029916382647055,0.598600261218857,0.0,0.4380130315555739,0.0459295363297815
free_amino_acid.m03,peptide_protein.m09,free_amino_acid,peptide_protein,False,0.17739528557538828,0.03490422681580053,0.0,0.11057644977559185,0.20305248198986342,0.0,0.779571561758118,0.045920197331704465
chromophore_pigment.m00,nucleic_acid_polymer.m00,chromophore_pigment,nucleic_acid_polymer,False,0.12436157490930025,0.01520025940823665,0.0,0.11923278700741143,0.4443267042887537,1.0,0.15914008577490224,0.04579389112019808
mono_oligosaccharide.m04,purine.m01,mono_oligosaccharide,purine,False,0.13876115837515382,0.010920873406707221,0.0,0.11701601089462581,0.1795230702251575,1.0,0.6855848131534701,0.04542269159167101
fatty_acid.m00,free_amino_acid.m05,fatty_acid,free_amino_acid,False,0.1178776867919043,0.024773159222856455,0.125,0.06897207919425091,0.0,0.0,1.0,0.0449903290091517
free_amino_acid.m04,peptide_protein.m03,free_amino_acid,peptide_protein,False,0.21097286921239958,0.02863912350861237,0.0,0.13045158910432714,0.4252790852411346,0.0,0.27363539161171335,0.04497666896308446
acylglycerol.m01,peptide_protein.m09,acylglycerol,peptide_protein,False,0.16048451463640015,0.008621383457805139,0.26666666666666666,0.12390307266417515,0.0,0.0,1.0,0.04496126154853257
chromophore_pigment.m00,free_amino_acid.m06,chromophore_pigment,free_amino_acid,False,0.12039110605069477,0.009234652825871489,0.16666666666666666,0.0965023724640689,0.0,1.0,0.13751018482414076,0.04490198305937188
free_amino_acid.m02,free_amino_acid.m06,free_amino_acid,free_amino_acid,True,0.2616641576280645,0.06566566192319209,0.0,0.17098550336635204,0.18356785529461053,1.0,0.0,0.04458687002905971
acylglycerol.m02,free_amino_acid.m02,acylglycerol,free_amino_acid,False,0.15184124548988334,0.06102672430548096,0.0,0.12853352904674564,0.0,1.0,1.0,0.044566695247866724
carboxylic_acid_metabolite.m00,free_amino_acid.m04,carboxylic_acid_metabolite,free_amino_acid,False,0.1987603780779922,0.05271889648345613,0.0,0.08765604154994823,0.09499330523998457,0.0,0.48505137003787874,0.04445523314254301
fatty_acid.m00,nucleic_acid_polymer.m00,fatty_acid,nucleic_acid_polymer,False,0.2037929120516387,0.035298253485258814,0.0,0.20212161395738468,0.0,1.0,0.9812141490485327,0.0440346362551191
free_amino_acid.m04,mono_oligosaccharide.m05,free_amino_acid,mono_oligosaccharide,False,0.137295068001653,0.03845929069439048,0.0,0.09889439136426291,0.3602536615819349,0.0,0.4444585113524523,0.04400489785802999
nucleic_acid_polymer.m00,phospholipid_sphingolipid.m00,nucleic_acid_polymer,phospholipid_sphingolipid,False,0.3226545669024339,0.03905889150595772,0.0,0.3202302583979992,0.0,1.0,0.14900699397700742,0.043935701198627865
acylglycerol.m02,free_amino_acid.m05,acylglycerol,free_amino_acid,False,0.13909750824726883,0.019906720587863094,0.125,0.06353155982566126,0.0,0.0,1.0,0.04349093353455078
peptide_protein.m00,peptide_protein.m09,peptide_protein,peptide_protein,True,0.22861955752889465,0.029475850366829457,0.125,0.17008556824744134,0.03148262237446298,0.0,0.0,0.04346432841307687
mono_oligosaccharide.m04,peptide_protein.m01,mono_oligosaccharide,peptide_protein,False,0.15730167505293388,0.03901734909841596,0.0,0.13212866673907986,0.0986109399771639,0.0,0.5994390088694688,0.042902013700048224
mono_oligosaccharide.m04,peptide_protein.m09,mono_oligosaccharide,peptide_protein,False,0.1482373476105774,0.04720045836851747,0.0,0.08959888772323726,0.08041433582230546,0.0,0.8931376132293087,0.04277092667505143
chromophore_pigment.m01,sterol_steroid.m00,chromophore_pigment,sterol_steroid,False,0.24123660819588663,0.040747334302402106,0.0,0.22802158336624093,0.0,1.0,0.29008070060728797,0.04255609017231482
chromophore_pigment.m00,purine.m00,chromophore_pigment,purine,False,0.21335338718301372,0.006855071075447667,0.0,0.18498587575231729,0.4047725835202116,1.0,0.10484387700526243,0.04242961592398657
fatty_acid.m02,free_amino_acid.m02,fatty_acid,free_amino_acid,False,0.11974406703056738,0.06580993347738653,0.0,0.0946537227611744,0.0,1.0,1.0,0.04136607535977863
fatty_acid.m03,phosphate_metabolite.m00,fatty_acid,phosphate_metabolite,False,0.2894624517682369,0.017791988807728636,0.0,0.25611651312830036,0.0,1.0,1.0,0.041318087261443426
mono_oligosaccharide.m02,peptide_protein.m09,mono_oligosaccharide,peptide_protein,False,0.23291410367978066,0.011307952195253653,0.0,0.1603737639894727,0.29897730353138324,0.0,1.0,0.041221042282690454
fatty_acid.m00,mono_oligosaccharide.m05,fatty_acid,mono_oligosaccharide,False,0.18768226718648845,0.03673567662254845,0.0,0.1330466582834135,0.0,1.0,1.0,0.04116776167486287
peptide_protein.m09,phospholipid_sphingolipid.m01,peptide_protein,phospholipid_sphingolipid,False,0.3604633538089677,0.0063778755429639775,0.0,0.23824414982797118,0.5600121573556108,0.0,0.49665746638527003,0.041069556501549025
fatty_acid.m03,mono_oligosaccharide.m03,fatty_acid,mono_oligosaccharide,False,0.27226016166929556,0.02250184701670108,0.0,0.17139457968718447,0.0,1.0,1.0,0.04075218733498404
chromophore_pigment.m00,polysaccharide.m00,chromophore_pigment,polysaccharide,False,0.25154776071220936,0.0033687452699726486,0.0,0.2452114486811636,0.6441574870417375,1.0,0.11908033034733395,0.040635485668927926
fatty_acid.m00,sulfur_thiol_cofactor.m01,fatty_acid,sulfur_thiol_cofactor,False,0.1489183947461995,0.0060418198924367,0.0,0.14924182863823518,0.10588892448474992,1.0,1.0,0.04059291607735019
peptide_protein.m00,phospholipid_sphingolipid.m00,peptide_protein,phospholipid_sphingolipid,False,0.6618017956537565,0.0014066419613285668,0.0,0.601587829921117,0.8224237495584745,0.0,0.9061695231982825,0.04030109498897659
peptide_protein.m01,small_nitrogenous.m00,peptide_protein,small_nitrogenous,False,0.21005982647109997,0.015734166721757165,0.0,0.13497276963585078,0.2144146808283431,0.0,0.7301773429215925,0.040057583664443376
free_amino_acid.m03,peptide_protein.m01,free_amino_acid,peptide_protein,False,0.21957079357872422,0.01500664895797918,0.0,0.12822770993802102,0.2979291423314194,0.0,0.5699236645925337,0.03995545639061488
acylglycerol.m01,peptide_protein.m06,acylglycerol,peptide_protein,False,0.5440486561621958,0.0017556656164481501,0.0,0.4406458973575132,0.8161019246408241,0.0,1.0,0.03944808262768454
free_amino_acid.m04,mono_oligosaccharide.m02,free_amino_acid,mono_oligosaccharide,False,0.1440299485818527,0.022104147833636706,0.0,0.13303725066893132,0.23010752688172045,0.0,0.5335224679717073,0.03938341286351975
free_amino_acid.m00,free_amino_acid.m03,free_amino_acid,free_amino_acid,True,0.2657817982390224,0.026242807335262006,0.0,0.15030158137696123,0.5113597345096397,1.0,0.0,0.03864335328546193
fatty_acid.m00,purine.m01,fatty_acid,purine,False,0.12051306704844354,0.039185745284983954,0.0,0.13455685417922972,0.0,1.0,1.0,0.038355242193174995
acylglycerol.m00,peptide_protein.m02,acylglycerol,peptide_protein,False,0.30842481639300856,0.006139137860020911,0.0,0.2534591549292015,0.18820736505745997,0.0,1.0,0.03827423933886408
phospholipid_sphingolipid.m00,purine.m01,phospholipid_sphingolipid,purine,False,0.17944451132399056,0.05073613957012794,0.0,0.19888164188116864,0.0,1.0,0.12318126452418798,0.038102990368727205
acylglycerol.m00,free_amino_acid.m02,acylglycerol,free_amino_acid,False,0.1989395430392831,0.02355721109573237,0.0,0.15387292224554286,0.0,1.0,1.0,0.038093381126816823
acylglycerol.m00,polysaccharide.m00,acylglycerol,polysaccharide,False,0.33706116838658345,0.009304882403209702,0.0,0.3259416776889433,0.0,1.0,1.0,0.03755696168340631
fatty_acid.m04,phospholipid_sphingolipid.m01,fatty_acid,phospholipid_sphingolipid,False,0.3345424735072744,0.031789114690643924,0.0,0.2249784604259271,0.0,1.0,0.07912684770197922,0.037420827634989384
acylglycerol.m01,chromophore_pigment.m00,acylglycerol,chromophore_pigment,False,0.05327096916441105,0.008168302830824778,0.18181818181818182,0.056229546424434694,0.0,1.0,0.2944989071425286,0.03729750059612098
peptide_protein.m01,peptide_protein.m06,peptide_protein,peptide_protein,True,0.1968501640839917,0.05580906743807369,0.125,0.18349098936856953,0.0,0.0,0.0,0.03544721022591435
chromophore_pigment.m00,free_amino_acid.m05,chromophore_pigment,free_amino_acid,False,0.13684697571398186,0.014741251592854141,0.0,0.09751696678086973,0.5317840919358946,0.0,0.38445355649453383,0.035383482976998434
mono_oligosaccharide.m05,peptide_protein.m08,mono_oligosaccharide,peptide_protein,False,0.20072352973448465,0.06921599578397115,0.0,0.13988865251918386,0.0,0.0,1.0,0.03486893218992846
acylglycerol.m02,mono_oligosaccharide.m05,acylglycerol,mono_oligosaccharide,False,0.141775598689924,0.02652661032374895,0.0,0.10385689180693222,0.0,1.0,1.0,0.03457052982445223
chromophore_pigment.m00,mono_oligosaccharide.m01,chromophore_pigment,mono_oligosaccharide,False,0.08262011912702213,0.005971076153795334,0.0,0.08367311525796894,0.366296195897714,1.0,0.46152949656229414,0.03456379285973073
acylglycerol.m02,small_nitrogenous.m00,acylglycerol,small_nitrogenous,False,0.134475737104425,0.0231360660171224,0.0,0.13401505927282514,0.0,1.0,1.0,0.03434584501323886
free_amino_acid.m02,free_amino_acid.m04,free_amino_acid,free_amino_acid,True,0.205549569018362,0.08758503510689926,0.0,0.12296647607736143,0.5311762241553514,0.0,0.0,0.03421233083699863
free_amino_acid.m02,free_amino_acid.m03,free_amino_acid,free_amino_acid,True,0.17602372721620774,0.03571454138055422,0.0,0.0859281918279349,0.3010801974748844,1.0,0.0,0.03352077740632436
free_amino_acid.m04,polysaccharide.m01,free_amino_acid,polysaccharide,False,0.12268252917604473,0.014341024203619723,0.0,0.09837575961539262,0.2233552658600097,0.0,0.6512391138793554,0.03327426479682969
chromophore_pigment.m00,peptide_protein.m00,chromophore_pigment,peptide_protein,False,0.06016996545503636,0.02211302369719005,0.16666666666666666,0.06971042259868855,0.0,0.0,0.14551671034803437,0.032968655908582147
acylglycerol.m01,peptide_protein.m04,acylglycerol,peptide_protein,False,0.4481063731222136,0.0012427978667784712,0.0,0.32418257332612604,0.765343322079565,0.0,0.9809297511955879,0.03296432741639414
chromophore_pigment.m00,free_amino_acid.m03,chromophore_pigment,free_amino_acid,False,0.09436082673025856,0.008827878948253633,0.0,0.05719684610379767,0.2112537683695179,1.0,0.23721746693091833,0.03273583062099551
chromophore_pigment.m00,peptide_protein.m02,chromophore_pigment,peptide_protein,False,0.10495162009528575,0.014783735502125287,0.0,0.08342894801255417,0.4635254688385618,0.0,0.428042327025422,0.03270374006773604
peptide_protein.m01,peptide_protein.m07,peptide_protein,peptide_protein,True,0.2890754981035641,0.07001962483860098,0.0,0.22305771932641413,0.10349688262401735,0.0,0.0,0.03215603679216458
peptide_protein.m06,polysaccharide.m01,peptide_protein,polysaccharide,False,0.2652305624557766,0.0059438549409736915,0.0,0.21393908906016146,0.06077856362486343,0.0,1.0,0.032074532001147966
acylglycerol.m01,peptide_protein.m01,acylglycerol,peptide_protein,False,0.10591492990212382,0.006218966207387168,0.13333333333333333,0.10113674431665576,0.0,0.0,0.6262050105742337,0.0318104487367058
chromophore_pigment.m01,fatty_acid.m03,chromophore_pigment,fatty_acid,False,0.15523603905729497,0.012341958348977222,0.0,0.15091157647426173,0.0,1.0,1.0,0.030750551782349915
chromophore_pigment.m00,chromophore_pigment.m01,chromophore_pigment,chromophore_pigment,True,0.10720118806203803,0.029410687105945518,0.0,0.0949662650707687,0.4611301412060425,1.0,0.0,0.030632607559947733
chromophore_pigment.m00,free_amino_acid.m01,chromophore_pigment,free_amino_acid,False,0.09750164500812002,0.00422577324719317,0.0,0.07675072251299524,0.4384714589648176,1.0,0.1849638090451887,0.03005689511260516
acylglycerol.m02,purine.m01,acylglycerol,purine,False,0.11110907786097533,0.015106981634501315,0.0,0.1367847138855778,0.0,1.0,1.0,0.029809175841526276
acylglycerol.m00,free_amino_acid.m04,acylglycerol,free_amino_acid,False,0.1612710460621661,0.0448505470046676,0.0,0.13215026506007826,0.0,0.0,1.0,0.029690220461044747
fatty_acid.m01,free_amino_acid.m05,fatty_acid,free_amino_acid,False,0.1553026272306547,0.024574441101421346,0.0,0.10377254330369659,0.006753903907604098,0.0,1.0,0.029595421509166383
fatty_acid.m01,peptide_protein.m04,fatty_acid,peptide_protein,False,0.3864096861599011,0.000530242022538994,0.0,0.28001240543719885,0.6673188923663307,0.0,0.9922853949425775,0.02928081722524179
peptide_protein.m02,peptide_protein.m09,peptide_protein,peptide_protein,True,0.1527099526935662,0.07409231356933911,0.0,0.11588930555590363,0.30036061345359266,0.0,0.0,0.02894593348929759
acylglycerol.m00,peptide_protein.m03,acylglycerol,peptide_protein,False,0.32674082261612986,0.004143858569537207,0.0,0.24763066780197573,0.0,1.0,0.8395369408700857,0.028751900452548627
peptide_protein.m01,peptide_protein.m05,peptide_protein,peptide_protein,True,0.26530087234117855,0.01611086501420509,0.125,0.21519777912837634,0.0,0.0,0.0,0.02824812458948574
mono_oligosaccharide.m05,phospholipid_sphingolipid.m00,mono_oligosaccharide,phospholipid_sphingolipid,False,0.19412840822589356,0.020935912220856726,0.0,0.11820070088831595,0.0,1.0,0.09836018259692261,0.02805535259951732
fatty_acid.m03,peptide_protein.m02,fatty_acid,peptide_protein,False,0.24739230400634327,0.0029076272170816793,0.0,0.19160073152671808,0.11724126600786942,0.0,1.0,0.027786224659902697
chromophore_pigment.m00,peptide_protein.m01,chromophore_pigment,peptide_protein,False,0.12548555922358498,0.0033480612103211683,0.0,0.12315265145536212,0.6248962928279818,0.0,0.8161103621146347,0.027242022445996154
chromophore_pigment.m00,fatty_acid.m01,chromophore_pigment,fatty_acid,False,0.04009161044519517,0.003024726322123586,0.18181818181818182,0.04651866649168348,0.0,1.0,0.2914534543958502,0.026688786504991128
acylglycerol.m02,pyrimidine.m00,acylglycerol,pyrimidine,False,0.09071885888422826,0.015059868396528148,0.0,0.0831427596853091,0.0,1.0,1.0,0.026544128754601992
fatty_acid.m04,purine.m01,fatty_acid,purine,False,0.11203122218016684,0.009538526946050575,0.0,0.1339297111008776,0.0,1.0,1.0,0.026531981285770084
fatty_acid.m01,peptide_protein.m01,fatty_acid,peptide_protein,False,0.11721885202138314,0.00317748427794364,0.13333333333333333,0.08684461200888459,0.0,0.0,0.5585082150419288,0.02652012362833232
phospholipid_sphingolipid.m00,pyrimidine.m00,phospholipid_sphingolipid,pyrimidine,False,0.19277372980046653,0.010577610606190987,0.0,0.16902444732108612,0.0,1.0,0.14375500317448925,0.025885776040195138
peptide_protein.m03,peptide_protein.m05,peptide_protein,peptide_protein,True,0.410570802466303,0.021364239148947625,0.0,0.2781805463929638,0.07963232213706598,0.0,0.0,0.025814125753572986
free_amino_acid.m05,sterol_steroid.m00,free_amino_acid,sterol_steroid,False,0.27615148601984735,0.028746024768467823,0.0,0.15424436465098618,0.0,0.0,0.18641547330357408,0.02559490473648232
peptide_protein.m01,peptide_protein.m04,peptide_protein,peptide_protein,True,0.21019098539009176,0.01052513823989105,0.25,0.15417330684891647,0.0,0.0,0.0,0.025584218110110857
peptide_protein.m02,peptide_protein.m08,peptide_protein,peptide_protein,True,0.27097611647607217,0.021952813074748067,0.0,0.2185903677902069,0.19186771482786663,0.0,0.0,0.02518857456065726
fatty_acid.m03,free_amino_acid.m04,fatty_acid,free_amino_acid,False,0.13900723841268414,0.030136452565764624,0.0,0.10205495441024784,0.0,0.0,1.0,0.02510184417899818
free_amino_acid.m02,peptide_protein.m00,free_amino_acid,peptide_protein,False,0.1412076894297191,0.026662228877553405,0.0,0.11487344864160709,0.0,0.0,1.0,0.02485871820708625
fatty_acid.m00,pyrimidine.m00,fatty_acid,pyrimidine,False,0.07838319828038214,0.013542166147739341,0.0,0.07131100255801971,0.0,1.0,1.0,0.024532404212432697
acylglycerol.m00,free_amino_acid.m05,acylglycerol,free_amino_acid,False,0.22225385054623223,0.01622184399456265,0.0,0.1258712945510398,0.0,0.0,1.0,0.024371593102007635
acylglycerol.m01,free_amino_acid.m05,acylglycerol,free_amino_acid,False,0.14763409194055138,0.023185297571813694,0.0,0.09447639247868915,0.0,0.0,0.9100194916048963,0.023299363913483348
chromophore_pigment.m00,fatty_acid.m04,chromophore_pigment,fatty_acid,False,0.070721786258814,0.011376340444718865,0.0,0.07230395196789224,0.0,1.0,1.0,0.023056086595740103
phospholipid_sphingolipid.m00,phospholipid_sphingolipid.m01,phospholipid_sphingolipid,phospholipid_sphingolipid,True,0.4276752482134767,0.016560057836843813,0.0,0.2943039351033423,0.0,1.0,0.0,0.022454722683877174
peptide_protein.m00,peptide_protein.m03,peptide_protein,peptide_protein,True,0.3497886245819439,0.0014025669175506549,0.125,0.23349733397971653,0.02276875559608008,0.0,0.0,0.02243906489179089
fatty_acid.m02,purine.m01,fatty_acid,purine,False,0.08649042714287283,0.005676109112099522,0.0,0.10043730662483646,0.0,1.0,1.0,0.02119290790641826
acylglycerol.m02,free_amino_acid.m04,acylglycerol,free_amino_acid,False,0.10231580387628897,0.020523469973680118,0.0,0.08746883854048806,0.0,0.0,1.0,0.020957006384321436
fatty_acid.m03,free_amino_acid.m05,fatty_acid,free_amino_acid,False,0.172105479920266,0.012270969319092242,0.0,0.09828459483127087,0.0,0.0,1.0,0.020809012690125864
fatty_acid.m03,free_amino_acid.m02,fatty_acid,free_amino_acid,False,0.1712009576233606,0.0026382506175846258,0.0,0.12307300029885926,0.0,1.0,1.0,0.02068019684314065
carboxylic_acid_metabolite.m00,chromophore_pigment.m00,carboxylic_acid_metabolite,chromophore_pigment,False,0.11608330844211025,0.011353389352106806,0.0,0.05480088375565119,0.0,1.0,0.13349263569825973,0.019957181339311455
free_amino_acid.m04,free_amino_acid.m06,free_amino_acid,free_amino_acid,True,0.2074802122826667,0.01962037125964628,0.0,0.13909511275337805,0.07389865036923861,0.0,0.0,0.01972116529879759
peptide_protein.m01,peptide_protein.m08,peptide_protein,peptide_protein,True,0.30342155352327077,0.05380362866352948,0.0,0.24087656403554028,0.0,0.0,0.0,0.019336655472305703
peptide_protein.m02,peptide_protein.m04,peptide_protein,peptide_protein,True,0.2994763076749588,0.0056873813157023575,0.0,0.19812874319655027,0.2854727814879618,0.0,0.0,0.018797460204705543
acylglycerol.m01,peptide_protein.m02,acylglycerol,peptide_protein,False,0.13995625577384338,0.009100802269553659,0.0,0.11725875727812979,0.0,0.0,0.7997472906772065,0.018605247580628984
free_amino_acid.m05,phospholipid_sphingolipid.m00,free_amino_acid,phospholipid_sphingolipid,False,0.17836280083511438,0.015902675909513882,0.0,0.10230695202925019,0.0,0.0,0.13829368539809542,0.01845841541362727
fatty_acid.m00,free_amino_acid.m04,fatty_acid,free_amino_acid,False,0.08527955364439851,0.01138180000739917,0.0,0.07472417438516822,0.0,0.0,1.0,0.017031029063427468
acylglycerol.m00,chromophore_pigment.m00,acylglycerol,chromophore_pigment,False,0.06046761079260853,0.005095120380865723,0.0,0.06094817740321607,0.0,1.0,0.43275910744355134,0.01638558322743566
fatty_acid.m01,free_amino_acid.m04,fatty_acid,free_amino_acid,False,0.059006864928512766,0.0035047189974318866,0.0,0.054046147147701944,0.026567107781529035,0.0,1.0,0.015584502663472135
chromophore_pigment.m00,sterol_steroid.m00,chromophore_pigment,sterol_steroid,False,0.09841664710610809,0.0046110856296623795,0.0,0.08925609745859853,0.0,1.0,0.06437476986019645,0.015418132123080226
chromophore_pigment.m00,fatty_acid.m00,chromophore_pigment,fatty_acid,False,0.050545238033989914,0.0032891831291920934,0.0,0.04975209979300222,0.0,1.0,0.9584532672490863,0.014882876199938663
acylglycerol.m02,chromophore_pigment.m00,acylglycerol,chromophore_pigment,False,0.05516953113074465,0.00220535039611024,0.0,0.053742242619856634,0.0,1.0,0.9829248271623457,0.01389980339250781
chromophore_pigment.m00,peptide_protein.m08,chromophore_pigment,peptide_protein,False,0.08223122949040722,0.010414953144709046,0.0,0.09011378873902665,0.0,0.0,0.12894871760906942,0.013857410331214789
acylglycerol.m01,free_amino_acid.m04,acylglycerol,free_amino_acid,False,0.06982168341434465,0.00659309566350001,0.0,0.061824730023375574,0.0,0.0,0.8821117390377123,0.013702414532024554
free_amino_acid.m04,phospholipid_sphingolipid.m00,free_amino_acid,phospholipid_sphingolipid,False,0.11106432514338918,0.004620516588708597,0.0,0.0939735547150331,0.0,0.0,0.19561554821732083,0.01260023761871899
chromophore_pigment.m00,fatty_acid.m03,chromophore_pigment,fatty_acid,False,0.05738514009236378,0.001735233102356069,0.0,0.058277736766264916,0.0,1.0,0.4724829361871718,0.012412617130399381
chromophore_pigment.m00,phospholipid_sphingolipid.m00,chromophore_pigment,phospholipid_sphingolipid,False,0.05052083100734177,0.0011519391736399681,0.0,0.05127630506866187,0.0,1.0,0.04168081982852437,0.008404901296532444
peptide_protein.m00,peptide_protein.m01,peptide_protein,peptide_protein,True,0.15195913973534395,0.001983587858041147,0.0,0.1308850373006474,0.0,0.0,0.0,0.0067335133535190534
