event_id,dataset,pilot_group,sample_type,condition_family,condition_A,condition_B,comparison_type,bsv_axis,bsv_axis_name,direction,effect_size,metric_type,metric_value,mss_candidate,motif_cluster,band_cm,confidence_tier,caveat,source_file,specific_condition,sample_type_v2,condition_family_v2
E0000000,gaira_base_4_hybrid_bsv_calibration_suite_v1,calibration,mixed,calibration_suite,calibration_self,,calibration_family_selectivity,G01,purine_nucleotide,up,1.0,top1_rate,1.0,,,,STRONG,,/Volumes/SSD_Rad/GAIRA_BUILD/gaira_base_4_hybrid_bsv_calibration_suite_v1/tables/calibration_family_selectivity_v1.csv,calibration_self,mixed,calibration_suite
E0000001,gaira_base_4_hybrid_bsv_calibration_suite_v1,calibration,mixed,calibration_suite,calibration_self,,calibration_family_selectivity,G02,purine_metabolite,up,0.6363636363636364,top1_rate,0.6363636363636364,,,,MODERATE,,/Volumes/SSD_Rad/GAIRA_BUILD/gaira_base_4_hybrid_bsv_calibration_suite_v1/tables/calibration_family_selectivity_v1.csv,calibration_self,mixed,calibration_suite
E0000002,gaira_base_4_hybrid_bsv_calibration_suite_v1,calibration,mixed,calibration_suite,calibration_self,,calibration_family_selectivity,G03,pyrimidine_nucleotide,up,1.0,top1_rate,1.0,,,,STRONG,,/Volumes/SSD_Rad/GAIRA_BUILD/gaira_base_4_hybrid_bsv_calibration_suite_v1/tables/calibration_family_selectivity_v1.csv,calibration_self,mixed,calibration_suite
E0000003,gaira_base_4_hybrid_bsv_calibration_suite_v1,calibration,mixed,calibration_suite,calibration_self,,calibration_family_selectivity,G04,nucleic_acid_phosphate,up,1.0,top1_rate,1.0,,,,STRONG,,/Volumes/SSD_Rad/GAIRA_BUILD/gaira_base_4_hybrid_bsv_calibration_suite_v1/tables/calibration_family_selectivity_v1.csv,calibration_self,mixed,calibration_suite
E0000004,gaira_base_4_hybrid_bsv_calibration_suite_v1,calibration,mixed,calibration_suite,calibration_self,,calibration_family_selectivity,G05,glycan_carbohydrate,up,0.9333333333333332,top1_rate,0.9333333333333332,,,,STRONG,,/Volumes/SSD_Rad/GAIRA_BUILD/gaira_base_4_hybrid_bsv_calibration_suite_v1/tables/calibration_family_selectivity_v1.csv,calibration_self,mixed,calibration_suite
E0000005,gaira_base_4_hybrid_bsv_calibration_suite_v1,calibration,mixed,calibration_suite,calibration_self,,calibration_family_selectivity,G06,protein_peptide_backbone,up,0.7530864197530864,top1_rate,0.7530864197530864,,,,STRONG,,/Volumes/SSD_Rad/GAIRA_BUILD/gaira_base_4_hybrid_bsv_calibration_suite_v1/tables/calibration_family_selectivity_v1.csv,calibration_self,mixed,calibration_suite
E0000006,gaira_base_4_hybrid_bsv_calibration_suite_v1,calibration,mixed,calibration_suite,calibration_self,,calibration_family_selectivity,G07,aromatic_residue,up,1.0,top1_rate,1.0,,,,STRONG,,/Volumes/SSD_Rad/GAIRA_BUILD/gaira_base_4_hybrid_bsv_calibration_suite_v1/tables/calibration_family_selectivity_v1.csv,calibration_self,mixed,calibration_suite
E0000007,gaira_base_4_hybrid_bsv_calibration_suite_v1,calibration,mixed,calibration_suite,calibration_self,,calibration_family_selectivity,G08,lipid_acyl_membrane,up,0.8717948717948718,top1_rate,0.8717948717948718,,,,STRONG,,/Volumes/SSD_Rad/GAIRA_BUILD/gaira_base_4_hybrid_bsv_calibration_suite_v1/tables/calibration_family_selectivity_v1.csv,calibration_self,mixed,calibration_suite
E0000008,gaira_base_4_hybrid_bsv_calibration_suite_v1,calibration,mixed,calibration_suite,calibration_self,,calibration_family_selectivity,G09,sterol_neutral_lipid,up,0.8611111111111112,top1_rate,0.8611111111111112,,,,STRONG,,/Volumes/SSD_Rad/GAIRA_BUILD/gaira_base_4_hybrid_bsv_calibration_suite_v1/tables/calibration_family_selectivity_v1.csv,calibration_self,mixed,calibration_suite
E0000009,gaira_base_4_hybrid_bsv_calibration_suite_v1,calibration,mixed,calibration_suite,calibration_self,,calibration_family_selectivity,G10,sulfur_thiol_redox,up,0.7,top1_rate,0.7,,,,STRONG,,/Volumes/SSD_Rad/GAIRA_BUILD/gaira_base_4_hybrid_bsv_calibration_suite_v1/tables/calibration_family_selectivity_v1.csv,calibration_self,mixed,calibration_suite
E0000010,gaira_base_4_hybrid_bsv_calibration_suite_v1,calibration,mixed,calibration_suite,calibration_self,,calibration_family_selectivity,G11,metabolic_small_molecule,up,0.803921568627451,top1_rate,0.803921568627451,,,,STRONG,,/Volumes/SSD_Rad/GAIRA_BUILD/gaira_base_4_hybrid_bsv_calibration_suite_v1/tables/calibration_family_selectivity_v1.csv,calibration_self,mixed,calibration_suite
E0000011,gaira_base_4_passive_target_pilot_1_hcc_holdout,serum,serum,liver_cancer,comparison,,binary_effect,G05,glycan_carbohydrate,up,0.26,cohens_d,0.26,,,,MODERATE,,/Volumes/SSD_Rad/GAIRA_BUILD/gaira_base_4_passive_target_pilot_1_hcc_holdout/tables/pilot1_hcc_family_effect_sizes.csv,P1_HCC_holdout,serum,liver_cancer
E0000012,gaira_base_4_passive_target_pilot_1_hcc_holdout,serum,serum,liver_cancer,comparison,,binary_effect,G04,nucleic_acid_phosphate,up,0.253,cohens_d,0.253,,,,MODERATE,,/Volumes/SSD_Rad/GAIRA_BUILD/gaira_base_4_passive_target_pilot_1_hcc_holdout/tables/pilot1_hcc_family_effect_sizes.csv,P1_HCC_holdout,serum,liver_cancer
E0000013,gaira_base_4_passive_target_pilot_1_hcc_holdout,serum,serum,liver_cancer,comparison,,binary_effect,G09,sterol_neutral_lipid,stable,-0.173,cohens_d,-0.173,,,,WEAK,,/Volumes/SSD_Rad/GAIRA_BUILD/gaira_base_4_passive_target_pilot_1_hcc_holdout/tables/pilot1_hcc_family_effect_sizes.csv,P1_HCC_holdout,serum,liver_cancer
E0000014,gaira_base_4_passive_target_pilot_1_hcc_holdout,serum,serum,liver_cancer,comparison,,binary_effect,G08,lipid_acyl_membrane,stable,0.101,cohens_d,0.101,,,,WEAK,,/Volumes/SSD_Rad/GAIRA_BUILD/gaira_base_4_passive_target_pilot_1_hcc_holdout/tables/pilot1_hcc_family_effect_sizes.csv,P1_HCC_holdout,serum,liver_cancer
E0000015,gaira_base_4_passive_target_pilot_1_hcc_holdout,serum,serum,liver_cancer,comparison,,binary_effect,G03,pyrimidine_nucleotide,stable,-0.067,cohens_d,-0.067,,,,WEAK,,/Volumes/SSD_Rad/GAIRA_BUILD/gaira_base_4_passive_target_pilot_1_hcc_holdout/tables/pilot1_hcc_family_effect_sizes.csv,P1_HCC_holdout,serum,liver_cancer
E0000016,gaira_base_4_passive_target_pilot_1_hcc_holdout,serum,serum,liver_cancer,comparison,,binary_effect,G11,metabolic_small_molecule,stable,0.033,cohens_d,0.033,,,,WEAK,,/Volumes/SSD_Rad/GAIRA_BUILD/gaira_base_4_passive_target_pilot_1_hcc_holdout/tables/pilot1_hcc_family_effect_sizes.csv,P1_HCC_holdout,serum,liver_cancer
E0000017,gaira_base_4_passive_target_pilot_1_hcc_holdout,serum,serum,liver_cancer,comparison,,binary_effect,G10,sulfur_thiol_redox,stable,-0.013,cohens_d,-0.013,,,,WEAK,,/Volumes/SSD_Rad/GAIRA_BUILD/gaira_base_4_passive_target_pilot_1_hcc_holdout/tables/pilot1_hcc_family_effect_sizes.csv,P1_HCC_holdout,serum,liver_cancer
E0000018,gaira_base_4_passive_target_pilot_1_hcc_holdout,serum,serum,liver_cancer,comparison,,binary_effect,G01,purine_nucleotide,stable,0.01,cohens_d,0.01,,,,WEAK,,/Volumes/SSD_Rad/GAIRA_BUILD/gaira_base_4_passive_target_pilot_1_hcc_holdout/tables/pilot1_hcc_family_effect_sizes.csv,P1_HCC_holdout,serum,liver_cancer
E0000019,gaira_base_4_passive_target_pilot_1_hcc_holdout,serum,serum,liver_cancer,comparison,,binary_effect,G02,purine_metabolite,stable,-0.006,cohens_d,-0.006,,,,WEAK,,/Volumes/SSD_Rad/GAIRA_BUILD/gaira_base_4_passive_target_pilot_1_hcc_holdout/tables/pilot1_hcc_family_effect_sizes.csv,P1_HCC_holdout,serum,liver_cancer
E0000020,gaira_base_4_passive_target_pilot_1_hcc_holdout,serum,serum,liver_cancer,comparison,,binary_effect,G07,aromatic_residue,stable,-0.006,cohens_d,-0.006,,,,WEAK,,/Volumes/SSD_Rad/GAIRA_BUILD/gaira_base_4_passive_target_pilot_1_hcc_holdout/tables/pilot1_hcc_family_effect_sizes.csv,P1_HCC_holdout,serum,liver_cancer
E0000021,gaira_base_4_passive_target_pilot_1_hcc_holdout,serum,serum,liver_cancer,comparison,,binary_effect,G06,protein_peptide_backbone,stable,-0.002,cohens_d,-0.002,,,,WEAK,,/Volumes/SSD_Rad/GAIRA_BUILD/gaira_base_4_passive_target_pilot_1_hcc_holdout/tables/pilot1_hcc_family_effect_sizes.csv,P1_HCC_holdout,serum,liver_cancer
E0000022,gaira_base_4_passive_target_pilot_1_hcc_holdout_rerun_v2,serum,serum,liver_cancer,comparison,,binary_effect,G05,glycan_carbohydrate,up,0.26,cohens_d,0.26,,,,MODERATE,,/Volumes/SSD_Rad/GAIRA_BUILD/gaira_base_4_passive_target_pilot_1_hcc_holdout_rerun_v2/tables/pilot1_v2_bootstrap_effect_sizes.csv,P1_HCC_holdout,serum,liver_cancer
E0000023,gaira_base_4_passive_target_pilot_1_hcc_holdout_rerun_v2,serum,serum,liver_cancer,comparison,,binary_effect,G04,nucleic_acid_phosphate,up,0.253,cohens_d,0.253,,,,MODERATE,,/Volumes/SSD_Rad/GAIRA_BUILD/gaira_base_4_passive_target_pilot_1_hcc_holdout_rerun_v2/tables/pilot1_v2_bootstrap_effect_sizes.csv,P1_HCC_holdout,serum,liver_cancer
E0000024,gaira_base_4_passive_target_pilot_1_hcc_holdout_rerun_v2,serum,serum,liver_cancer,comparison,,binary_effect,G09,sterol_neutral_lipid,stable,0.173,cohens_d,0.173,,,,WEAK,,/Volumes/SSD_Rad/GAIRA_BUILD/gaira_base_4_passive_target_pilot_1_hcc_holdout_rerun_v2/tables/pilot1_v2_bootstrap_effect_sizes.csv,P1_HCC_holdout,serum,liver_cancer
E0000025,gaira_base_4_passive_target_pilot_1_hcc_holdout_rerun_v2,serum,serum,liver_cancer,comparison,,binary_effect,G08,lipid_acyl_membrane,stable,0.101,cohens_d,0.101,,,,WEAK,,/Volumes/SSD_Rad/GAIRA_BUILD/gaira_base_4_passive_target_pilot_1_hcc_holdout_rerun_v2/tables/pilot1_v2_bootstrap_effect_sizes.csv,P1_HCC_holdout,serum,liver_cancer
E0000026,gaira_base_4_passive_target_pilot_1_hcc_holdout_rerun_v2,serum,serum,liver_cancer,comparison,,binary_effect,G03,pyrimidine_nucleotide,stable,0.067,cohens_d,0.067,,,,WEAK,,/Volumes/SSD_Rad/GAIRA_BUILD/gaira_base_4_passive_target_pilot_1_hcc_holdout_rerun_v2/tables/pilot1_v2_bootstrap_effect_sizes.csv,P1_HCC_holdout,serum,liver_cancer
E0000027,gaira_base_4_passive_target_pilot_1_hcc_holdout_rerun_v2,serum,serum,liver_cancer,comparison,,binary_effect,G11,metabolic_small_molecule,stable,0.033,cohens_d,0.033,,,,WEAK,,/Volumes/SSD_Rad/GAIRA_BUILD/gaira_base_4_passive_target_pilot_1_hcc_holdout_rerun_v2/tables/pilot1_v2_bootstrap_effect_sizes.csv,P1_HCC_holdout,serum,liver_cancer
E0000028,gaira_base_4_passive_target_pilot_1_hcc_holdout_rerun_v2,serum,serum,liver_cancer,comparison,,binary_effect,G10,sulfur_thiol_redox,stable,0.013,cohens_d,0.013,,,,WEAK,,/Volumes/SSD_Rad/GAIRA_BUILD/gaira_base_4_passive_target_pilot_1_hcc_holdout_rerun_v2/tables/pilot1_v2_bootstrap_effect_sizes.csv,P1_HCC_holdout,serum,liver_cancer
E0000029,gaira_base_4_passive_target_pilot_1_hcc_holdout_rerun_v2,serum,serum,liver_cancer,comparison,,binary_effect,G01,purine_nucleotide,stable,0.01,cohens_d,0.01,,,,WEAK,,/Volumes/SSD_Rad/GAIRA_BUILD/gaira_base_4_passive_target_pilot_1_hcc_holdout_rerun_v2/tables/pilot1_v2_bootstrap_effect_sizes.csv,P1_HCC_holdout,serum,liver_cancer
E0000030,gaira_base_4_passive_target_pilot_1_hcc_holdout_rerun_v2,serum,serum,liver_cancer,comparison,,binary_effect,G02,purine_metabolite,stable,0.006,cohens_d,0.006,,,,WEAK,,/Volumes/SSD_Rad/GAIRA_BUILD/gaira_base_4_passive_target_pilot_1_hcc_holdout_rerun_v2/tables/pilot1_v2_bootstrap_effect_sizes.csv,P1_HCC_holdout,serum,liver_cancer
E0000031,gaira_base_4_passive_target_pilot_1_hcc_holdout_rerun_v2,serum,serum,liver_cancer,comparison,,binary_effect,G07,aromatic_residue,stable,0.006,cohens_d,0.006,,,,WEAK,,/Volumes/SSD_Rad/GAIRA_BUILD/gaira_base_4_passive_target_pilot_1_hcc_holdout_rerun_v2/tables/pilot1_v2_bootstrap_effect_sizes.csv,P1_HCC_holdout,serum,liver_cancer
E0000032,gaira_base_4_passive_target_pilot_1_hcc_holdout_rerun_v2,serum,serum,liver_cancer,comparison,,binary_effect,G06,protein_peptide_backbone,stable,0.002,cohens_d,0.002,,,,WEAK,,/Volumes/SSD_Rad/GAIRA_BUILD/gaira_base_4_passive_target_pilot_1_hcc_holdout_rerun_v2/tables/pilot1_v2_bootstrap_effect_sizes.csv,P1_HCC_holdout,serum,liver_cancer
E0000033,gaira_base_4_passive_target_pilot_1_hcc_holdout_rerun_v2,serum,serum,liver_cancer,comparison,,binary_effect,G05,glycan_carbohydrate,up,0.26,cohens_d,0.26,,,,MODERATE,,/Volumes/SSD_Rad/GAIRA_BUILD/gaira_base_4_passive_target_pilot_1_hcc_holdout_rerun_v2/tables/pilot1_v2_family_effect_sizes.csv,P1_HCC_holdout,serum,liver_cancer
E0000034,gaira_base_4_passive_target_pilot_1_hcc_holdout_rerun_v2,serum,serum,liver_cancer,comparison,,binary_effect,G04,nucleic_acid_phosphate,up,0.253,cohens_d,0.253,,,,MODERATE,,/Volumes/SSD_Rad/GAIRA_BUILD/gaira_base_4_passive_target_pilot_1_hcc_holdout_rerun_v2/tables/pilot1_v2_family_effect_sizes.csv,P1_HCC_holdout,serum,liver_cancer
E0000035,gaira_base_4_passive_target_pilot_1_hcc_holdout_rerun_v2,serum,serum,liver_cancer,comparison,,binary_effect,G09,sterol_neutral_lipid,stable,0.173,cohens_d,0.173,,,,WEAK,,/Volumes/SSD_Rad/GAIRA_BUILD/gaira_base_4_passive_target_pilot_1_hcc_holdout_rerun_v2/tables/pilot1_v2_family_effect_sizes.csv,P1_HCC_holdout,serum,liver_cancer
E0000036,gaira_base_4_passive_target_pilot_1_hcc_holdout_rerun_v2,serum,serum,liver_cancer,comparison,,binary_effect,G08,lipid_acyl_membrane,stable,0.101,cohens_d,0.101,,,,WEAK,,/Volumes/SSD_Rad/GAIRA_BUILD/gaira_base_4_passive_target_pilot_1_hcc_holdout_rerun_v2/tables/pilot1_v2_family_effect_sizes.csv,P1_HCC_holdout,serum,liver_cancer
E0000037,gaira_base_4_passive_target_pilot_1_hcc_holdout_rerun_v2,serum,serum,liver_cancer,comparison,,binary_effect,G03,pyrimidine_nucleotide,stable,0.067,cohens_d,0.067,,,,WEAK,,/Volumes/SSD_Rad/GAIRA_BUILD/gaira_base_4_passive_target_pilot_1_hcc_holdout_rerun_v2/tables/pilot1_v2_family_effect_sizes.csv,P1_HCC_holdout,serum,liver_cancer
E0000038,gaira_base_4_passive_target_pilot_1_hcc_holdout_rerun_v2,serum,serum,liver_cancer,comparison,,binary_effect,G11,metabolic_small_molecule,stable,0.033,cohens_d,0.033,,,,WEAK,,/Volumes/SSD_Rad/GAIRA_BUILD/gaira_base_4_passive_target_pilot_1_hcc_holdout_rerun_v2/tables/pilot1_v2_family_effect_sizes.csv,P1_HCC_holdout,serum,liver_cancer
E0000039,gaira_base_4_passive_target_pilot_1_hcc_holdout_rerun_v2,serum,serum,liver_cancer,comparison,,binary_effect,G10,sulfur_thiol_redox,stable,0.013,cohens_d,0.013,,,,WEAK,,/Volumes/SSD_Rad/GAIRA_BUILD/gaira_base_4_passive_target_pilot_1_hcc_holdout_rerun_v2/tables/pilot1_v2_family_effect_sizes.csv,P1_HCC_holdout,serum,liver_cancer
E0000040,gaira_base_4_passive_target_pilot_1_hcc_holdout_rerun_v2,serum,serum,liver_cancer,comparison,,binary_effect,G01,purine_nucleotide,stable,0.01,cohens_d,0.01,,,,WEAK,,/Volumes/SSD_Rad/GAIRA_BUILD/gaira_base_4_passive_target_pilot_1_hcc_holdout_rerun_v2/tables/pilot1_v2_family_effect_sizes.csv,P1_HCC_holdout,serum,liver_cancer
E0000041,gaira_base_4_passive_target_pilot_1_hcc_holdout_rerun_v2,serum,serum,liver_cancer,comparison,,binary_effect,G02,purine_metabolite,stable,0.006,cohens_d,0.006,,,,WEAK,,/Volumes/SSD_Rad/GAIRA_BUILD/gaira_base_4_passive_target_pilot_1_hcc_holdout_rerun_v2/tables/pilot1_v2_family_effect_sizes.csv,P1_HCC_holdout,serum,liver_cancer
E0000042,gaira_base_4_passive_target_pilot_1_hcc_holdout_rerun_v2,serum,serum,liver_cancer,comparison,,binary_effect,G07,aromatic_residue,stable,0.006,cohens_d,0.006,,,,WEAK,,/Volumes/SSD_Rad/GAIRA_BUILD/gaira_base_4_passive_target_pilot_1_hcc_holdout_rerun_v2/tables/pilot1_v2_family_effect_sizes.csv,P1_HCC_holdout,serum,liver_cancer
E0000043,gaira_base_4_passive_target_pilot_1_hcc_holdout_rerun_v2,serum,serum,liver_cancer,comparison,,binary_effect,G06,protein_peptide_backbone,stable,0.002,cohens_d,0.002,,,,WEAK,,/Volumes/SSD_Rad/GAIRA_BUILD/gaira_base_4_passive_target_pilot_1_hcc_holdout_rerun_v2/tables/pilot1_v2_family_effect_sizes.csv,P1_HCC_holdout,serum,liver_cancer
E0000044,gaira_base_4_passive_target_pilot_2_cca_hcc_lm,serum,serum,liver_cancer,HCC_vs_NC,,serum_family_effect,G01,purine_nucleotide,stable,0.042,cohens_d,0.042,,,,WEAK,,/Volumes/SSD_Rad/GAIRA_BUILD/gaira_base_4_passive_target_pilot_2_cca_hcc_lm/tables/pilot2_family_effect_sizes_vs_control.csv,HCC,serum,liver_cancer
E0000045,gaira_base_4_passive_target_pilot_2_cca_hcc_lm,serum,serum,liver_cancer,HCC_vs_NC,,serum_family_effect,G02,purine_metabolite,stable,-0.061,cohens_d,-0.061,,,,WEAK,,/Volumes/SSD_Rad/GAIRA_BUILD/gaira_base_4_passive_target_pilot_2_cca_hcc_lm/tables/pilot2_family_effect_sizes_vs_control.csv,HCC,serum,liver_cancer
E0000046,gaira_base_4_passive_target_pilot_2_cca_hcc_lm,serum,serum,liver_cancer,HCC_vs_NC,,serum_family_effect,G03,pyrimidine_nucleotide,stable,0.031,cohens_d,0.031,,,,WEAK,,/Volumes/SSD_Rad/GAIRA_BUILD/gaira_base_4_passive_target_pilot_2_cca_hcc_lm/tables/pilot2_family_effect_sizes_vs_control.csv,HCC,serum,liver_cancer
E0000047,gaira_base_4_passive_target_pilot_2_cca_hcc_lm,serum,serum,liver_cancer,HCC_vs_NC,,serum_family_effect,G04,nucleic_acid_phosphate,stable,0.028,cohens_d,0.028,,,,WEAK,,/Volumes/SSD_Rad/GAIRA_BUILD/gaira_base_4_passive_target_pilot_2_cca_hcc_lm/tables/pilot2_family_effect_sizes_vs_control.csv,HCC,serum,liver_cancer
E0000048,gaira_base_4_passive_target_pilot_2_cca_hcc_lm,serum,serum,liver_cancer,HCC_vs_NC,,serum_family_effect,G05,glycan_carbohydrate,stable,0.078,cohens_d,0.078,,,,WEAK,,/Volumes/SSD_Rad/GAIRA_BUILD/gaira_base_4_passive_target_pilot_2_cca_hcc_lm/tables/pilot2_family_effect_sizes_vs_control.csv,HCC,serum,liver_cancer
E0000049,gaira_base_4_passive_target_pilot_2_cca_hcc_lm,serum,serum,liver_cancer,HCC_vs_NC,,serum_family_effect,G06,protein_peptide_backbone,stable,-0.008,cohens_d,-0.008,,,,WEAK,,/Volumes/SSD_Rad/GAIRA_BUILD/gaira_base_4_passive_target_pilot_2_cca_hcc_lm/tables/pilot2_family_effect_sizes_vs_control.csv,HCC,serum,liver_cancer
E0000050,gaira_base_4_passive_target_pilot_2_cca_hcc_lm,serum,serum,liver_cancer,HCC_vs_NC,,serum_family_effect,G07,aromatic_residue,stable,0.073,cohens_d,0.073,,,,WEAK,,/Volumes/SSD_Rad/GAIRA_BUILD/gaira_base_4_passive_target_pilot_2_cca_hcc_lm/tables/pilot2_family_effect_sizes_vs_control.csv,HCC,serum,liver_cancer
E0000051,gaira_base_4_passive_target_pilot_2_cca_hcc_lm,serum,serum,liver_cancer,HCC_vs_NC,,serum_family_effect,G08,lipid_acyl_membrane,stable,-0.025,cohens_d,-0.025,,,,WEAK,,/Volumes/SSD_Rad/GAIRA_BUILD/gaira_base_4_passive_target_pilot_2_cca_hcc_lm/tables/pilot2_family_effect_sizes_vs_control.csv,HCC,serum,liver_cancer
E0000052,gaira_base_4_passive_target_pilot_2_cca_hcc_lm,serum,serum,liver_cancer,HCC_vs_NC,,serum_family_effect,G09,sterol_neutral_lipid,stable,-0.0,cohens_d,-0.0,,,,WEAK,,/Volumes/SSD_Rad/GAIRA_BUILD/gaira_base_4_passive_target_pilot_2_cca_hcc_lm/tables/pilot2_family_effect_sizes_vs_control.csv,HCC,serum,liver_cancer
E0000053,gaira_base_4_passive_target_pilot_2_cca_hcc_lm,serum,serum,liver_cancer,HCC_vs_NC,,serum_family_effect,G10,sulfur_thiol_redox,stable,0.116,cohens_d,0.116,,,,WEAK,,/Volumes/SSD_Rad/GAIRA_BUILD/gaira_base_4_passive_target_pilot_2_cca_hcc_lm/tables/pilot2_family_effect_sizes_vs_control.csv,HCC,serum,liver_cancer
E0000054,gaira_base_4_passive_target_pilot_2_cca_hcc_lm,serum,serum,liver_cancer,HCC_vs_NC,,serum_family_effect,G11,metabolic_small_molecule,stable,0.042,cohens_d,0.042,,,,WEAK,,/Volumes/SSD_Rad/GAIRA_BUILD/gaira_base_4_passive_target_pilot_2_cca_hcc_lm/tables/pilot2_family_effect_sizes_vs_control.csv,HCC,serum,liver_cancer
E0000055,gaira_base_4_passive_target_pilot_2_cca_hcc_lm,serum,serum,liver_cancer,CCA_vs_NC,,serum_family_effect,G01,purine_nucleotide,up,1.195,cohens_d,1.195,,,,STRONG,,/Volumes/SSD_Rad/GAIRA_BUILD/gaira_base_4_passive_target_pilot_2_cca_hcc_lm/tables/pilot2_family_effect_sizes_vs_control.csv,CCA,serum,liver_cancer
E0000056,gaira_base_4_passive_target_pilot_2_cca_hcc_lm,serum,serum,liver_cancer,CCA_vs_NC,,serum_family_effect,G02,purine_metabolite,up,1.024,cohens_d,1.024,,,,STRONG,,/Volumes/SSD_Rad/GAIRA_BUILD/gaira_base_4_passive_target_pilot_2_cca_hcc_lm/tables/pilot2_family_effect_sizes_vs_control.csv,CCA,serum,liver_cancer
E0000057,gaira_base_4_passive_target_pilot_2_cca_hcc_lm,serum,serum,liver_cancer,CCA_vs_NC,,serum_family_effect,G03,pyrimidine_nucleotide,up,1.283,cohens_d,1.283,,,,STRONG,,/Volumes/SSD_Rad/GAIRA_BUILD/gaira_base_4_passive_target_pilot_2_cca_hcc_lm/tables/pilot2_family_effect_sizes_vs_control.csv,CCA,serum,liver_cancer
E0000058,gaira_base_4_passive_target_pilot_2_cca_hcc_lm,serum,serum,liver_cancer,CCA_vs_NC,,serum_family_effect,G04,nucleic_acid_phosphate,up,1.196,cohens_d,1.196,,,,STRONG,,/Volumes/SSD_Rad/GAIRA_BUILD/gaira_base_4_passive_target_pilot_2_cca_hcc_lm/tables/pilot2_family_effect_sizes_vs_control.csv,CCA,serum,liver_cancer
E0000059,gaira_base_4_passive_target_pilot_2_cca_hcc_lm,serum,serum,liver_cancer,CCA_vs_NC,,serum_family_effect,G05,glycan_carbohydrate,up,1.154,cohens_d,1.154,,,,STRONG,,/Volumes/SSD_Rad/GAIRA_BUILD/gaira_base_4_passive_target_pilot_2_cca_hcc_lm/tables/pilot2_family_effect_sizes_vs_control.csv,CCA,serum,liver_cancer
E0000060,gaira_base_4_passive_target_pilot_2_cca_hcc_lm,serum,serum,liver_cancer,CCA_vs_NC,,serum_family_effect,G06,protein_peptide_backbone,up,1.15,cohens_d,1.15,,,,STRONG,,/Volumes/SSD_Rad/GAIRA_BUILD/gaira_base_4_passive_target_pilot_2_cca_hcc_lm/tables/pilot2_family_effect_sizes_vs_control.csv,CCA,serum,liver_cancer
E0000061,gaira_base_4_passive_target_pilot_2_cca_hcc_lm,serum,serum,liver_cancer,CCA_vs_NC,,serum_family_effect,G07,aromatic_residue,up,1.145,cohens_d,1.145,,,,STRONG,,/Volumes/SSD_Rad/GAIRA_BUILD/gaira_base_4_passive_target_pilot_2_cca_hcc_lm/tables/pilot2_family_effect_sizes_vs_control.csv,CCA,serum,liver_cancer
E0000062,gaira_base_4_passive_target_pilot_2_cca_hcc_lm,serum,serum,liver_cancer,CCA_vs_NC,,serum_family_effect,G08,lipid_acyl_membrane,up,1.137,cohens_d,1.137,,,,STRONG,,/Volumes/SSD_Rad/GAIRA_BUILD/gaira_base_4_passive_target_pilot_2_cca_hcc_lm/tables/pilot2_family_effect_sizes_vs_control.csv,CCA,serum,liver_cancer
E0000063,gaira_base_4_passive_target_pilot_2_cca_hcc_lm,serum,serum,liver_cancer,CCA_vs_NC,,serum_family_effect,G09,sterol_neutral_lipid,up,0.496,cohens_d,0.496,,,,STRONG,,/Volumes/SSD_Rad/GAIRA_BUILD/gaira_base_4_passive_target_pilot_2_cca_hcc_lm/tables/pilot2_family_effect_sizes_vs_control.csv,CCA,serum,liver_cancer
E0000064,gaira_base_4_passive_target_pilot_2_cca_hcc_lm,serum,serum,liver_cancer,CCA_vs_NC,,serum_family_effect,G10,sulfur_thiol_redox,up,1.565,cohens_d,1.565,,,,STRONG,,/Volumes/SSD_Rad/GAIRA_BUILD/gaira_base_4_passive_target_pilot_2_cca_hcc_lm/tables/pilot2_family_effect_sizes_vs_control.csv,CCA,serum,liver_cancer
E0000065,gaira_base_4_passive_target_pilot_2_cca_hcc_lm,serum,serum,liver_cancer,CCA_vs_NC,,serum_family_effect,G11,metabolic_small_molecule,up,1.13,cohens_d,1.13,,,,STRONG,,/Volumes/SSD_Rad/GAIRA_BUILD/gaira_base_4_passive_target_pilot_2_cca_hcc_lm/tables/pilot2_family_effect_sizes_vs_control.csv,CCA,serum,liver_cancer
E0000066,gaira_base_4_passive_target_pilot_2_cca_hcc_lm,serum,serum,liver_cancer,LM_vs_NC,,serum_family_effect,G01,purine_nucleotide,up,0.952,cohens_d,0.952,,,,STRONG,,/Volumes/SSD_Rad/GAIRA_BUILD/gaira_base_4_passive_target_pilot_2_cca_hcc_lm/tables/pilot2_family_effect_sizes_vs_control.csv,LM,serum,liver_cancer
E0000067,gaira_base_4_passive_target_pilot_2_cca_hcc_lm,serum,serum,liver_cancer,LM_vs_NC,,serum_family_effect,G02,purine_metabolite,up,0.89,cohens_d,0.89,,,,STRONG,,/Volumes/SSD_Rad/GAIRA_BUILD/gaira_base_4_passive_target_pilot_2_cca_hcc_lm/tables/pilot2_family_effect_sizes_vs_control.csv,LM,serum,liver_cancer
E0000068,gaira_base_4_passive_target_pilot_2_cca_hcc_lm,serum,serum,liver_cancer,LM_vs_NC,,serum_family_effect,G03,pyrimidine_nucleotide,up,1.003,cohens_d,1.003,,,,STRONG,,/Volumes/SSD_Rad/GAIRA_BUILD/gaira_base_4_passive_target_pilot_2_cca_hcc_lm/tables/pilot2_family_effect_sizes_vs_control.csv,LM,serum,liver_cancer
E0000069,gaira_base_4_passive_target_pilot_2_cca_hcc_lm,serum,serum,liver_cancer,LM_vs_NC,,serum_family_effect,G04,nucleic_acid_phosphate,up,1.165,cohens_d,1.165,,,,STRONG,,/Volumes/SSD_Rad/GAIRA_BUILD/gaira_base_4_passive_target_pilot_2_cca_hcc_lm/tables/pilot2_family_effect_sizes_vs_control.csv,LM,serum,liver_cancer
E0000070,gaira_base_4_passive_target_pilot_2_cca_hcc_lm,serum,serum,liver_cancer,LM_vs_NC,,serum_family_effect,G05,glycan_carbohydrate,up,1.045,cohens_d,1.045,,,,STRONG,,/Volumes/SSD_Rad/GAIRA_BUILD/gaira_base_4_passive_target_pilot_2_cca_hcc_lm/tables/pilot2_family_effect_sizes_vs_control.csv,LM,serum,liver_cancer
E0000071,gaira_base_4_passive_target_pilot_2_cca_hcc_lm,serum,serum,liver_cancer,LM_vs_NC,,serum_family_effect,G06,protein_peptide_backbone,up,1.001,cohens_d,1.001,,,,STRONG,,/Volumes/SSD_Rad/GAIRA_BUILD/gaira_base_4_passive_target_pilot_2_cca_hcc_lm/tables/pilot2_family_effect_sizes_vs_control.csv,LM,serum,liver_cancer
E0000072,gaira_base_4_passive_target_pilot_2_cca_hcc_lm,serum,serum,liver_cancer,LM_vs_NC,,serum_family_effect,G07,aromatic_residue,up,1.003,cohens_d,1.003,,,,STRONG,,/Volumes/SSD_Rad/GAIRA_BUILD/gaira_base_4_passive_target_pilot_2_cca_hcc_lm/tables/pilot2_family_effect_sizes_vs_control.csv,LM,serum,liver_cancer
E0000073,gaira_base_4_passive_target_pilot_2_cca_hcc_lm,serum,serum,liver_cancer,LM_vs_NC,,serum_family_effect,G08,lipid_acyl_membrane,up,1.09,cohens_d,1.09,,,,STRONG,,/Volumes/SSD_Rad/GAIRA_BUILD/gaira_base_4_passive_target_pilot_2_cca_hcc_lm/tables/pilot2_family_effect_sizes_vs_control.csv,LM,serum,liver_cancer
E0000074,gaira_base_4_passive_target_pilot_2_cca_hcc_lm,serum,serum,liver_cancer,LM_vs_NC,,serum_family_effect,G09,sterol_neutral_lipid,up,0.49,cohens_d,0.49,,,,STRONG,,/Volumes/SSD_Rad/GAIRA_BUILD/gaira_base_4_passive_target_pilot_2_cca_hcc_lm/tables/pilot2_family_effect_sizes_vs_control.csv,LM,serum,liver_cancer
E0000075,gaira_base_4_passive_target_pilot_2_cca_hcc_lm,serum,serum,liver_cancer,LM_vs_NC,,serum_family_effect,G10,sulfur_thiol_redox,up,1.289,cohens_d,1.289,,,,STRONG,,/Volumes/SSD_Rad/GAIRA_BUILD/gaira_base_4_passive_target_pilot_2_cca_hcc_lm/tables/pilot2_family_effect_sizes_vs_control.csv,LM,serum,liver_cancer
E0000076,gaira_base_4_passive_target_pilot_2_cca_hcc_lm,serum,serum,liver_cancer,LM_vs_NC,,serum_family_effect,G11,metabolic_small_molecule,up,0.903,cohens_d,0.903,,,,STRONG,,/Volumes/SSD_Rad/GAIRA_BUILD/gaira_base_4_passive_target_pilot_2_cca_hcc_lm/tables/pilot2_family_effect_sizes_vs_control.csv,LM,serum,liver_cancer
E0000077,gaira_base_4_passive_target_pilot_2_cca_hcc_lm,serum,serum,liver_cancer,HCC_vs_NC,,serum_family_effect,G01,purine_nucleotide,stable,0.042,cohens_d,0.042,,,,WEAK,,/Volumes/SSD_Rad/GAIRA_BUILD/gaira_base_4_passive_target_pilot_2_cca_hcc_lm/tables/pilot2_pairwise_family_effect_sizes.csv,HCC,serum,liver_cancer
E0000078,gaira_base_4_passive_target_pilot_2_cca_hcc_lm,serum,serum,liver_cancer,HCC_vs_NC,,serum_family_effect,G02,purine_metabolite,stable,-0.061,cohens_d,-0.061,,,,WEAK,,/Volumes/SSD_Rad/GAIRA_BUILD/gaira_base_4_passive_target_pilot_2_cca_hcc_lm/tables/pilot2_pairwise_family_effect_sizes.csv,HCC,serum,liver_cancer
E0000079,gaira_base_4_passive_target_pilot_2_cca_hcc_lm,serum,serum,liver_cancer,HCC_vs_NC,,serum_family_effect,G03,pyrimidine_nucleotide,stable,0.031,cohens_d,0.031,,,,WEAK,,/Volumes/SSD_Rad/GAIRA_BUILD/gaira_base_4_passive_target_pilot_2_cca_hcc_lm/tables/pilot2_pairwise_family_effect_sizes.csv,HCC,serum,liver_cancer
E0000080,gaira_base_4_passive_target_pilot_2_cca_hcc_lm,serum,serum,liver_cancer,HCC_vs_NC,,serum_family_effect,G04,nucleic_acid_phosphate,stable,0.028,cohens_d,0.028,,,,WEAK,,/Volumes/SSD_Rad/GAIRA_BUILD/gaira_base_4_passive_target_pilot_2_cca_hcc_lm/tables/pilot2_pairwise_family_effect_sizes.csv,HCC,serum,liver_cancer
E0000081,gaira_base_4_passive_target_pilot_2_cca_hcc_lm,serum,serum,liver_cancer,HCC_vs_NC,,serum_family_effect,G05,glycan_carbohydrate,stable,0.078,cohens_d,0.078,,,,WEAK,,/Volumes/SSD_Rad/GAIRA_BUILD/gaira_base_4_passive_target_pilot_2_cca_hcc_lm/tables/pilot2_pairwise_family_effect_sizes.csv,HCC,serum,liver_cancer
E0000082,gaira_base_4_passive_target_pilot_2_cca_hcc_lm,serum,serum,liver_cancer,HCC_vs_NC,,serum_family_effect,G06,protein_peptide_backbone,stable,-0.008,cohens_d,-0.008,,,,WEAK,,/Volumes/SSD_Rad/GAIRA_BUILD/gaira_base_4_passive_target_pilot_2_cca_hcc_lm/tables/pilot2_pairwise_family_effect_sizes.csv,HCC,serum,liver_cancer
E0000083,gaira_base_4_passive_target_pilot_2_cca_hcc_lm,serum,serum,liver_cancer,HCC_vs_NC,,serum_family_effect,G07,aromatic_residue,stable,0.073,cohens_d,0.073,,,,WEAK,,/Volumes/SSD_Rad/GAIRA_BUILD/gaira_base_4_passive_target_pilot_2_cca_hcc_lm/tables/pilot2_pairwise_family_effect_sizes.csv,HCC,serum,liver_cancer
E0000084,gaira_base_4_passive_target_pilot_2_cca_hcc_lm,serum,serum,liver_cancer,HCC_vs_NC,,serum_family_effect,G08,lipid_acyl_membrane,stable,-0.025,cohens_d,-0.025,,,,WEAK,,/Volumes/SSD_Rad/GAIRA_BUILD/gaira_base_4_passive_target_pilot_2_cca_hcc_lm/tables/pilot2_pairwise_family_effect_sizes.csv,HCC,serum,liver_cancer
E0000085,gaira_base_4_passive_target_pilot_2_cca_hcc_lm,serum,serum,liver_cancer,HCC_vs_NC,,serum_family_effect,G09,sterol_neutral_lipid,stable,-0.0,cohens_d,-0.0,,,,WEAK,,/Volumes/SSD_Rad/GAIRA_BUILD/gaira_base_4_passive_target_pilot_2_cca_hcc_lm/tables/pilot2_pairwise_family_effect_sizes.csv,HCC,serum,liver_cancer
E0000086,gaira_base_4_passive_target_pilot_2_cca_hcc_lm,serum,serum,liver_cancer,HCC_vs_NC,,serum_family_effect,G10,sulfur_thiol_redox,stable,0.116,cohens_d,0.116,,,,WEAK,,/Volumes/SSD_Rad/GAIRA_BUILD/gaira_base_4_passive_target_pilot_2_cca_hcc_lm/tables/pilot2_pairwise_family_effect_sizes.csv,HCC,serum,liver_cancer
E0000087,gaira_base_4_passive_target_pilot_2_cca_hcc_lm,serum,serum,liver_cancer,HCC_vs_NC,,serum_family_effect,G11,metabolic_small_molecule,stable,0.042,cohens_d,0.042,,,,WEAK,,/Volumes/SSD_Rad/GAIRA_BUILD/gaira_base_4_passive_target_pilot_2_cca_hcc_lm/tables/pilot2_pairwise_family_effect_sizes.csv,HCC,serum,liver_cancer
E0000088,gaira_base_4_passive_target_pilot_2_cca_hcc_lm,serum,serum,liver_cancer,CCA_vs_NC,,serum_family_effect,G01,purine_nucleotide,up,1.195,cohens_d,1.195,,,,STRONG,,/Volumes/SSD_Rad/GAIRA_BUILD/gaira_base_4_passive_target_pilot_2_cca_hcc_lm/tables/pilot2_pairwise_family_effect_sizes.csv,CCA,serum,liver_cancer
E0000089,gaira_base_4_passive_target_pilot_2_cca_hcc_lm,serum,serum,liver_cancer,CCA_vs_NC,,serum_family_effect,G02,purine_metabolite,up,1.024,cohens_d,1.024,,,,STRONG,,/Volumes/SSD_Rad/GAIRA_BUILD/gaira_base_4_passive_target_pilot_2_cca_hcc_lm/tables/pilot2_pairwise_family_effect_sizes.csv,CCA,serum,liver_cancer
E0000090,gaira_base_4_passive_target_pilot_2_cca_hcc_lm,serum,serum,liver_cancer,CCA_vs_NC,,serum_family_effect,G03,pyrimidine_nucleotide,up,1.283,cohens_d,1.283,,,,STRONG,,/Volumes/SSD_Rad/GAIRA_BUILD/gaira_base_4_passive_target_pilot_2_cca_hcc_lm/tables/pilot2_pairwise_family_effect_sizes.csv,CCA,serum,liver_cancer
E0000091,gaira_base_4_passive_target_pilot_2_cca_hcc_lm,serum,serum,liver_cancer,CCA_vs_NC,,serum_family_effect,G04,nucleic_acid_phosphate,up,1.196,cohens_d,1.196,,,,STRONG,,/Volumes/SSD_Rad/GAIRA_BUILD/gaira_base_4_passive_target_pilot_2_cca_hcc_lm/tables/pilot2_pairwise_family_effect_sizes.csv,CCA,serum,liver_cancer
E0000092,gaira_base_4_passive_target_pilot_2_cca_hcc_lm,serum,serum,liver_cancer,CCA_vs_NC,,serum_family_effect,G05,glycan_carbohydrate,up,1.154,cohens_d,1.154,,,,STRONG,,/Volumes/SSD_Rad/GAIRA_BUILD/gaira_base_4_passive_target_pilot_2_cca_hcc_lm/tables/pilot2_pairwise_family_effect_sizes.csv,CCA,serum,liver_cancer
E0000093,gaira_base_4_passive_target_pilot_2_cca_hcc_lm,serum,serum,liver_cancer,CCA_vs_NC,,serum_family_effect,G06,protein_peptide_backbone,up,1.15,cohens_d,1.15,,,,STRONG,,/Volumes/SSD_Rad/GAIRA_BUILD/gaira_base_4_passive_target_pilot_2_cca_hcc_lm/tables/pilot2_pairwise_family_effect_sizes.csv,CCA,serum,liver_cancer
E0000094,gaira_base_4_passive_target_pilot_2_cca_hcc_lm,serum,serum,liver_cancer,CCA_vs_NC,,serum_family_effect,G07,aromatic_residue,up,1.145,cohens_d,1.145,,,,STRONG,,/Volumes/SSD_Rad/GAIRA_BUILD/gaira_base_4_passive_target_pilot_2_cca_hcc_lm/tables/pilot2_pairwise_family_effect_sizes.csv,CCA,serum,liver_cancer
E0000095,gaira_base_4_passive_target_pilot_2_cca_hcc_lm,serum,serum,liver_cancer,CCA_vs_NC,,serum_family_effect,G08,lipid_acyl_membrane,up,1.137,cohens_d,1.137,,,,STRONG,,/Volumes/SSD_Rad/GAIRA_BUILD/gaira_base_4_passive_target_pilot_2_cca_hcc_lm/tables/pilot2_pairwise_family_effect_sizes.csv,CCA,serum,liver_cancer
E0000096,gaira_base_4_passive_target_pilot_2_cca_hcc_lm,serum,serum,liver_cancer,CCA_vs_NC,,serum_family_effect,G09,sterol_neutral_lipid,up,0.496,cohens_d,0.496,,,,MODERATE,,/Volumes/SSD_Rad/GAIRA_BUILD/gaira_base_4_passive_target_pilot_2_cca_hcc_lm/tables/pilot2_pairwise_family_effect_sizes.csv,CCA,serum,liver_cancer
E0000097,gaira_base_4_passive_target_pilot_2_cca_hcc_lm,serum,serum,liver_cancer,CCA_vs_NC,,serum_family_effect,G10,sulfur_thiol_redox,up,1.565,cohens_d,1.565,,,,STRONG,,/Volumes/SSD_Rad/GAIRA_BUILD/gaira_base_4_passive_target_pilot_2_cca_hcc_lm/tables/pilot2_pairwise_family_effect_sizes.csv,CCA,serum,liver_cancer
E0000098,gaira_base_4_passive_target_pilot_2_cca_hcc_lm,serum,serum,liver_cancer,CCA_vs_NC,,serum_family_effect,G11,metabolic_small_molecule,up,1.13,cohens_d,1.13,,,,STRONG,,/Volumes/SSD_Rad/GAIRA_BUILD/gaira_base_4_passive_target_pilot_2_cca_hcc_lm/tables/pilot2_pairwise_family_effect_sizes.csv,CCA,serum,liver_cancer
E0000099,gaira_base_4_passive_target_pilot_2_cca_hcc_lm,serum,serum,liver_cancer,LM_vs_NC,,serum_family_effect,G01,purine_nucleotide,up,0.952,cohens_d,0.952,,,,STRONG,,/Volumes/SSD_Rad/GAIRA_BUILD/gaira_base_4_passive_target_pilot_2_cca_hcc_lm/tables/pilot2_pairwise_family_effect_sizes.csv,LM,serum,liver_cancer
E0000100,gaira_base_4_passive_target_pilot_2_cca_hcc_lm,serum,serum,liver_cancer,LM_vs_NC,,serum_family_effect,G02,purine_metabolite,up,0.89,cohens_d,0.89,,,,STRONG,,/Volumes/SSD_Rad/GAIRA_BUILD/gaira_base_4_passive_target_pilot_2_cca_hcc_lm/tables/pilot2_pairwise_family_effect_sizes.csv,LM,serum,liver_cancer
E0000101,gaira_base_4_passive_target_pilot_2_cca_hcc_lm,serum,serum,liver_cancer,LM_vs_NC,,serum_family_effect,G03,pyrimidine_nucleotide,up,1.003,cohens_d,1.003,,,,STRONG,,/Volumes/SSD_Rad/GAIRA_BUILD/gaira_base_4_passive_target_pilot_2_cca_hcc_lm/tables/pilot2_pairwise_family_effect_sizes.csv,LM,serum,liver_cancer
E0000102,gaira_base_4_passive_target_pilot_2_cca_hcc_lm,serum,serum,liver_cancer,LM_vs_NC,,serum_family_effect,G04,nucleic_acid_phosphate,up,1.165,cohens_d,1.165,,,,STRONG,,/Volumes/SSD_Rad/GAIRA_BUILD/gaira_base_4_passive_target_pilot_2_cca_hcc_lm/tables/pilot2_pairwise_family_effect_sizes.csv,LM,serum,liver_cancer
E0000103,gaira_base_4_passive_target_pilot_2_cca_hcc_lm,serum,serum,liver_cancer,LM_vs_NC,,serum_family_effect,G05,glycan_carbohydrate,up,1.045,cohens_d,1.045,,,,STRONG,,/Volumes/SSD_Rad/GAIRA_BUILD/gaira_base_4_passive_target_pilot_2_cca_hcc_lm/tables/pilot2_pairwise_family_effect_sizes.csv,LM,serum,liver_cancer
E0000104,gaira_base_4_passive_target_pilot_2_cca_hcc_lm,serum,serum,liver_cancer,LM_vs_NC,,serum_family_effect,G06,protein_peptide_backbone,up,1.001,cohens_d,1.001,,,,STRONG,,/Volumes/SSD_Rad/GAIRA_BUILD/gaira_base_4_passive_target_pilot_2_cca_hcc_lm/tables/pilot2_pairwise_family_effect_sizes.csv,LM,serum,liver_cancer
E0000105,gaira_base_4_passive_target_pilot_2_cca_hcc_lm,serum,serum,liver_cancer,LM_vs_NC,,serum_family_effect,G07,aromatic_residue,up,1.003,cohens_d,1.003,,,,STRONG,,/Volumes/SSD_Rad/GAIRA_BUILD/gaira_base_4_passive_target_pilot_2_cca_hcc_lm/tables/pilot2_pairwise_family_effect_sizes.csv,LM,serum,liver_cancer
E0000106,gaira_base_4_passive_target_pilot_2_cca_hcc_lm,serum,serum,liver_cancer,LM_vs_NC,,serum_family_effect,G08,lipid_acyl_membrane,up,1.09,cohens_d,1.09,,,,STRONG,,/Volumes/SSD_Rad/GAIRA_BUILD/gaira_base_4_passive_target_pilot_2_cca_hcc_lm/tables/pilot2_pairwise_family_effect_sizes.csv,LM,serum,liver_cancer
E0000107,gaira_base_4_passive_target_pilot_2_cca_hcc_lm,serum,serum,liver_cancer,LM_vs_NC,,serum_family_effect,G09,sterol_neutral_lipid,up,0.49,cohens_d,0.49,,,,MODERATE,,/Volumes/SSD_Rad/GAIRA_BUILD/gaira_base_4_passive_target_pilot_2_cca_hcc_lm/tables/pilot2_pairwise_family_effect_sizes.csv,LM,serum,liver_cancer
E0000108,gaira_base_4_passive_target_pilot_2_cca_hcc_lm,serum,serum,liver_cancer,LM_vs_NC,,serum_family_effect,G10,sulfur_thiol_redox,up,1.289,cohens_d,1.289,,,,STRONG,,/Volumes/SSD_Rad/GAIRA_BUILD/gaira_base_4_passive_target_pilot_2_cca_hcc_lm/tables/pilot2_pairwise_family_effect_sizes.csv,LM,serum,liver_cancer
E0000109,gaira_base_4_passive_target_pilot_2_cca_hcc_lm,serum,serum,liver_cancer,LM_vs_NC,,serum_family_effect,G11,metabolic_small_molecule,up,0.903,cohens_d,0.903,,,,STRONG,,/Volumes/SSD_Rad/GAIRA_BUILD/gaira_base_4_passive_target_pilot_2_cca_hcc_lm/tables/pilot2_pairwise_family_effect_sizes.csv,LM,serum,liver_cancer
E0000110,gaira_base_4_passive_target_pilot_2_cca_hcc_lm,serum,serum,liver_cancer,CCA_vs_HCC,,serum_family_effect,G01,purine_nucleotide,up,1.013,cohens_d,1.013,,,,STRONG,,/Volumes/SSD_Rad/GAIRA_BUILD/gaira_base_4_passive_target_pilot_2_cca_hcc_lm/tables/pilot2_pairwise_family_effect_sizes.csv,HCC,serum,liver_cancer
E0000111,gaira_base_4_passive_target_pilot_2_cca_hcc_lm,serum,serum,liver_cancer,CCA_vs_HCC,,serum_family_effect,G02,purine_metabolite,up,1.107,cohens_d,1.107,,,,STRONG,,/Volumes/SSD_Rad/GAIRA_BUILD/gaira_base_4_passive_target_pilot_2_cca_hcc_lm/tables/pilot2_pairwise_family_effect_sizes.csv,HCC,serum,liver_cancer
E0000112,gaira_base_4_passive_target_pilot_2_cca_hcc_lm,serum,serum,liver_cancer,CCA_vs_HCC,,serum_family_effect,G03,pyrimidine_nucleotide,up,1.268,cohens_d,1.268,,,,STRONG,,/Volumes/SSD_Rad/GAIRA_BUILD/gaira_base_4_passive_target_pilot_2_cca_hcc_lm/tables/pilot2_pairwise_family_effect_sizes.csv,HCC,serum,liver_cancer
E0000113,gaira_base_4_passive_target_pilot_2_cca_hcc_lm,serum,serum,liver_cancer,CCA_vs_HCC,,serum_family_effect,G04,nucleic_acid_phosphate,up,1.222,cohens_d,1.222,,,,STRONG,,/Volumes/SSD_Rad/GAIRA_BUILD/gaira_base_4_passive_target_pilot_2_cca_hcc_lm/tables/pilot2_pairwise_family_effect_sizes.csv,HCC,serum,liver_cancer
E0000114,gaira_base_4_passive_target_pilot_2_cca_hcc_lm,serum,serum,liver_cancer,CCA_vs_HCC,,serum_family_effect,G05,glycan_carbohydrate,up,1.021,cohens_d,1.021,,,,STRONG,,/Volumes/SSD_Rad/GAIRA_BUILD/gaira_base_4_passive_target_pilot_2_cca_hcc_lm/tables/pilot2_pairwise_family_effect_sizes.csv,HCC,serum,liver_cancer
E0000115,gaira_base_4_passive_target_pilot_2_cca_hcc_lm,serum,serum,liver_cancer,CCA_vs_HCC,,serum_family_effect,G06,protein_peptide_backbone,up,1.059,cohens_d,1.059,,,,STRONG,,/Volumes/SSD_Rad/GAIRA_BUILD/gaira_base_4_passive_target_pilot_2_cca_hcc_lm/tables/pilot2_pairwise_family_effect_sizes.csv,HCC,serum,liver_cancer
E0000116,gaira_base_4_passive_target_pilot_2_cca_hcc_lm,serum,serum,liver_cancer,CCA_vs_HCC,,serum_family_effect,G07,aromatic_residue,up,1.071,cohens_d,1.071,,,,STRONG,,/Volumes/SSD_Rad/GAIRA_BUILD/gaira_base_4_passive_target_pilot_2_cca_hcc_lm/tables/pilot2_pairwise_family_effect_sizes.csv,HCC,serum,liver_cancer
E0000117,gaira_base_4_passive_target_pilot_2_cca_hcc_lm,serum,serum,liver_cancer,CCA_vs_HCC,,serum_family_effect,G08,lipid_acyl_membrane,up,1.058,cohens_d,1.058,,,,STRONG,,/Volumes/SSD_Rad/GAIRA_BUILD/gaira_base_4_passive_target_pilot_2_cca_hcc_lm/tables/pilot2_pairwise_family_effect_sizes.csv,HCC,serum,liver_cancer
E0000118,gaira_base_4_passive_target_pilot_2_cca_hcc_lm,serum,serum,liver_cancer,CCA_vs_HCC,,serum_family_effect,G09,sterol_neutral_lipid,up,0.565,cohens_d,0.565,,,,STRONG,,/Volumes/SSD_Rad/GAIRA_BUILD/gaira_base_4_passive_target_pilot_2_cca_hcc_lm/tables/pilot2_pairwise_family_effect_sizes.csv,HCC,serum,liver_cancer
E0000119,gaira_base_4_passive_target_pilot_2_cca_hcc_lm,serum,serum,liver_cancer,CCA_vs_HCC,,serum_family_effect,G10,sulfur_thiol_redox,up,1.327,cohens_d,1.327,,,,STRONG,,/Volumes/SSD_Rad/GAIRA_BUILD/gaira_base_4_passive_target_pilot_2_cca_hcc_lm/tables/pilot2_pairwise_family_effect_sizes.csv,HCC,serum,liver_cancer
E0000120,gaira_base_4_passive_target_pilot_2_cca_hcc_lm,serum,serum,liver_cancer,CCA_vs_HCC,,serum_family_effect,G11,metabolic_small_molecule,up,1.161,cohens_d,1.161,,,,STRONG,,/Volumes/SSD_Rad/GAIRA_BUILD/gaira_base_4_passive_target_pilot_2_cca_hcc_lm/tables/pilot2_pairwise_family_effect_sizes.csv,HCC,serum,liver_cancer
E0000121,gaira_base_4_passive_target_pilot_2_cca_hcc_lm,serum,serum,liver_cancer,LM_vs_HCC,,serum_family_effect,G01,purine_nucleotide,up,0.772,cohens_d,0.772,,,,STRONG,,/Volumes/SSD_Rad/GAIRA_BUILD/gaira_base_4_passive_target_pilot_2_cca_hcc_lm/tables/pilot2_pairwise_family_effect_sizes.csv,HCC,serum,liver_cancer
E0000122,gaira_base_4_passive_target_pilot_2_cca_hcc_lm,serum,serum,liver_cancer,LM_vs_HCC,,serum_family_effect,G02,purine_metabolite,up,0.976,cohens_d,0.976,,,,STRONG,,/Volumes/SSD_Rad/GAIRA_BUILD/gaira_base_4_passive_target_pilot_2_cca_hcc_lm/tables/pilot2_pairwise_family_effect_sizes.csv,HCC,serum,liver_cancer
E0000123,gaira_base_4_passive_target_pilot_2_cca_hcc_lm,serum,serum,liver_cancer,LM_vs_HCC,,serum_family_effect,G03,pyrimidine_nucleotide,up,0.985,cohens_d,0.985,,,,STRONG,,/Volumes/SSD_Rad/GAIRA_BUILD/gaira_base_4_passive_target_pilot_2_cca_hcc_lm/tables/pilot2_pairwise_family_effect_sizes.csv,HCC,serum,liver_cancer
E0000124,gaira_base_4_passive_target_pilot_2_cca_hcc_lm,serum,serum,liver_cancer,LM_vs_HCC,,serum_family_effect,G04,nucleic_acid_phosphate,up,1.201,cohens_d,1.201,,,,STRONG,,/Volumes/SSD_Rad/GAIRA_BUILD/gaira_base_4_passive_target_pilot_2_cca_hcc_lm/tables/pilot2_pairwise_family_effect_sizes.csv,HCC,serum,liver_cancer
E0000125,gaira_base_4_passive_target_pilot_2_cca_hcc_lm,serum,serum,liver_cancer,LM_vs_HCC,,serum_family_effect,G05,glycan_carbohydrate,up,0.89,cohens_d,0.89,,,,STRONG,,/Volumes/SSD_Rad/GAIRA_BUILD/gaira_base_4_passive_target_pilot_2_cca_hcc_lm/tables/pilot2_pairwise_family_effect_sizes.csv,HCC,serum,liver_cancer
E0000126,gaira_base_4_passive_target_pilot_2_cca_hcc_lm,serum,serum,liver_cancer,LM_vs_HCC,,serum_family_effect,G06,protein_peptide_backbone,up,0.901,cohens_d,0.901,,,,STRONG,,/Volumes/SSD_Rad/GAIRA_BUILD/gaira_base_4_passive_target_pilot_2_cca_hcc_lm/tables/pilot2_pairwise_family_effect_sizes.csv,HCC,serum,liver_cancer
E0000127,gaira_base_4_passive_target_pilot_2_cca_hcc_lm,serum,serum,liver_cancer,LM_vs_HCC,,serum_family_effect,G07,aromatic_residue,up,0.925,cohens_d,0.925,,,,STRONG,,/Volumes/SSD_Rad/GAIRA_BUILD/gaira_base_4_passive_target_pilot_2_cca_hcc_lm/tables/pilot2_pairwise_family_effect_sizes.csv,HCC,serum,liver_cancer
E0000128,gaira_base_4_passive_target_pilot_2_cca_hcc_lm,serum,serum,liver_cancer,LM_vs_HCC,,serum_family_effect,G08,lipid_acyl_membrane,up,0.98,cohens_d,0.98,,,,STRONG,,/Volumes/SSD_Rad/GAIRA_BUILD/gaira_base_4_passive_target_pilot_2_cca_hcc_lm/tables/pilot2_pairwise_family_effect_sizes.csv,HCC,serum,liver_cancer
E0000129,gaira_base_4_passive_target_pilot_2_cca_hcc_lm,serum,serum,liver_cancer,LM_vs_HCC,,serum_family_effect,G09,sterol_neutral_lipid,up,0.585,cohens_d,0.585,,,,STRONG,,/Volumes/SSD_Rad/GAIRA_BUILD/gaira_base_4_passive_target_pilot_2_cca_hcc_lm/tables/pilot2_pairwise_family_effect_sizes.csv,HCC,serum,liver_cancer
E0000130,gaira_base_4_passive_target_pilot_2_cca_hcc_lm,serum,serum,liver_cancer,LM_vs_HCC,,serum_family_effect,G10,sulfur_thiol_redox,up,1.084,cohens_d,1.084,,,,STRONG,,/Volumes/SSD_Rad/GAIRA_BUILD/gaira_base_4_passive_target_pilot_2_cca_hcc_lm/tables/pilot2_pairwise_family_effect_sizes.csv,HCC,serum,liver_cancer
E0000131,gaira_base_4_passive_target_pilot_2_cca_hcc_lm,serum,serum,liver_cancer,LM_vs_HCC,,serum_family_effect,G11,metabolic_small_molecule,up,0.923,cohens_d,0.923,,,,STRONG,,/Volumes/SSD_Rad/GAIRA_BUILD/gaira_base_4_passive_target_pilot_2_cca_hcc_lm/tables/pilot2_pairwise_family_effect_sizes.csv,HCC,serum,liver_cancer
E0000132,gaira_base_4_passive_target_pilot_2_cca_hcc_lm,serum,serum,liver_cancer,CCA_vs_LM,,serum_family_effect,G01,purine_nucleotide,up,0.294,cohens_d,0.294,,,,MODERATE,,/Volumes/SSD_Rad/GAIRA_BUILD/gaira_base_4_passive_target_pilot_2_cca_hcc_lm/tables/pilot2_pairwise_family_effect_sizes.csv,CCA,serum,liver_cancer
E0000133,gaira_base_4_passive_target_pilot_2_cca_hcc_lm,serum,serum,liver_cancer,CCA_vs_LM,,serum_family_effect,G02,purine_metabolite,stable,0.191,cohens_d,0.191,,,,WEAK,,/Volumes/SSD_Rad/GAIRA_BUILD/gaira_base_4_passive_target_pilot_2_cca_hcc_lm/tables/pilot2_pairwise_family_effect_sizes.csv,CCA,serum,liver_cancer
E0000134,gaira_base_4_passive_target_pilot_2_cca_hcc_lm,serum,serum,liver_cancer,CCA_vs_LM,,serum_family_effect,G03,pyrimidine_nucleotide,up,0.333,cohens_d,0.333,,,,MODERATE,,/Volumes/SSD_Rad/GAIRA_BUILD/gaira_base_4_passive_target_pilot_2_cca_hcc_lm/tables/pilot2_pairwise_family_effect_sizes.csv,CCA,serum,liver_cancer
E0000135,gaira_base_4_passive_target_pilot_2_cca_hcc_lm,serum,serum,liver_cancer,CCA_vs_LM,,serum_family_effect,G04,nucleic_acid_phosphate,stable,0.113,cohens_d,0.113,,,,WEAK,,/Volumes/SSD_Rad/GAIRA_BUILD/gaira_base_4_passive_target_pilot_2_cca_hcc_lm/tables/pilot2_pairwise_family_effect_sizes.csv,CCA,serum,liver_cancer
E0000136,gaira_base_4_passive_target_pilot_2_cca_hcc_lm,serum,serum,liver_cancer,CCA_vs_LM,,serum_family_effect,G05,glycan_carbohydrate,up,0.218,cohens_d,0.218,,,,MODERATE,,/Volumes/SSD_Rad/GAIRA_BUILD/gaira_base_4_passive_target_pilot_2_cca_hcc_lm/tables/pilot2_pairwise_family_effect_sizes.csv,CCA,serum,liver_cancer
E0000137,gaira_base_4_passive_target_pilot_2_cca_hcc_lm,serum,serum,liver_cancer,CCA_vs_LM,,serum_family_effect,G06,protein_peptide_backbone,up,0.205,cohens_d,0.205,,,,MODERATE,,/Volumes/SSD_Rad/GAIRA_BUILD/gaira_base_4_passive_target_pilot_2_cca_hcc_lm/tables/pilot2_pairwise_family_effect_sizes.csv,CCA,serum,liver_cancer
E0000138,gaira_base_4_passive_target_pilot_2_cca_hcc_lm,serum,serum,liver_cancer,CCA_vs_LM,,serum_family_effect,G07,aromatic_residue,stable,0.192,cohens_d,0.192,,,,WEAK,,/Volumes/SSD_Rad/GAIRA_BUILD/gaira_base_4_passive_target_pilot_2_cca_hcc_lm/tables/pilot2_pairwise_family_effect_sizes.csv,CCA,serum,liver_cancer
E0000139,gaira_base_4_passive_target_pilot_2_cca_hcc_lm,serum,serum,liver_cancer,CCA_vs_LM,,serum_family_effect,G08,lipid_acyl_membrane,stable,0.149,cohens_d,0.149,,,,WEAK,,/Volumes/SSD_Rad/GAIRA_BUILD/gaira_base_4_passive_target_pilot_2_cca_hcc_lm/tables/pilot2_pairwise_family_effect_sizes.csv,CCA,serum,liver_cancer
E0000140,gaira_base_4_passive_target_pilot_2_cca_hcc_lm,serum,serum,liver_cancer,CCA_vs_LM,,serum_family_effect,G09,sterol_neutral_lipid,stable,0.053,cohens_d,0.053,,,,WEAK,,/Volumes/SSD_Rad/GAIRA_BUILD/gaira_base_4_passive_target_pilot_2_cca_hcc_lm/tables/pilot2_pairwise_family_effect_sizes.csv,CCA,serum,liver_cancer
E0000141,gaira_base_4_passive_target_pilot_2_cca_hcc_lm,serum,serum,liver_cancer,CCA_vs_LM,,serum_family_effect,G10,sulfur_thiol_redox,stable,0.167,cohens_d,0.167,,,,WEAK,,/Volumes/SSD_Rad/GAIRA_BUILD/gaira_base_4_passive_target_pilot_2_cca_hcc_lm/tables/pilot2_pairwise_family_effect_sizes.csv,CCA,serum,liver_cancer
E0000142,gaira_base_4_passive_target_pilot_2_cca_hcc_lm,serum,serum,liver_cancer,CCA_vs_LM,,serum_family_effect,G11,metabolic_small_molecule,stable,0.101,cohens_d,0.101,,,,WEAK,,/Volumes/SSD_Rad/GAIRA_BUILD/gaira_base_4_passive_target_pilot_2_cca_hcc_lm/tables/pilot2_pairwise_family_effect_sizes.csv,CCA,serum,liver_cancer
E0000143,gaira_base_4_passive_target_pilot_2_1_normalization_sensitivity,serum,serum,liver_cancer,HCC_vs_NC|rep=abs,,binary_effect,G01,purine_nucleotide,stable,0.042,cohens_d,0.042,,,,WEAK,,/Volumes/SSD_Rad/GAIRA_BUILD/gaira_base_4_passive_target_pilot_2_1_normalization_sensitivity/tables/pilot2_1_effect_size_survival.csv,HCC,serum,liver_cancer
E0000144,gaira_base_4_passive_target_pilot_2_1_normalization_sensitivity,serum,serum,liver_cancer,HCC_vs_NC|rep=abs,,binary_effect,G02,purine_metabolite,stable,-0.061,cohens_d,-0.061,,,,WEAK,,/Volumes/SSD_Rad/GAIRA_BUILD/gaira_base_4_passive_target_pilot_2_1_normalization_sensitivity/tables/pilot2_1_effect_size_survival.csv,HCC,serum,liver_cancer
E0000145,gaira_base_4_passive_target_pilot_2_1_normalization_sensitivity,serum,serum,liver_cancer,HCC_vs_NC|rep=abs,,binary_effect,G03,pyrimidine_nucleotide,stable,0.031,cohens_d,0.031,,,,WEAK,,/Volumes/SSD_Rad/GAIRA_BUILD/gaira_base_4_passive_target_pilot_2_1_normalization_sensitivity/tables/pilot2_1_effect_size_survival.csv,HCC,serum,liver_cancer
E0000146,gaira_base_4_passive_target_pilot_2_1_normalization_sensitivity,serum,serum,liver_cancer,HCC_vs_NC|rep=abs,,binary_effect,G04,nucleic_acid_phosphate,stable,0.028,cohens_d,0.028,,,,WEAK,,/Volumes/SSD_Rad/GAIRA_BUILD/gaira_base_4_passive_target_pilot_2_1_normalization_sensitivity/tables/pilot2_1_effect_size_survival.csv,HCC,serum,liver_cancer
E0000147,gaira_base_4_passive_target_pilot_2_1_normalization_sensitivity,serum,serum,liver_cancer,HCC_vs_NC|rep=abs,,binary_effect,G05,glycan_carbohydrate,stable,0.078,cohens_d,0.078,,,,WEAK,,/Volumes/SSD_Rad/GAIRA_BUILD/gaira_base_4_passive_target_pilot_2_1_normalization_sensitivity/tables/pilot2_1_effect_size_survival.csv,HCC,serum,liver_cancer
E0000148,gaira_base_4_passive_target_pilot_2_1_normalization_sensitivity,serum,serum,liver_cancer,HCC_vs_NC|rep=abs,,binary_effect,G06,protein_peptide_backbone,stable,-0.008,cohens_d,-0.008,,,,WEAK,,/Volumes/SSD_Rad/GAIRA_BUILD/gaira_base_4_passive_target_pilot_2_1_normalization_sensitivity/tables/pilot2_1_effect_size_survival.csv,HCC,serum,liver_cancer
E0000149,gaira_base_4_passive_target_pilot_2_1_normalization_sensitivity,serum,serum,liver_cancer,HCC_vs_NC|rep=abs,,binary_effect,G07,aromatic_residue,stable,0.073,cohens_d,0.073,,,,WEAK,,/Volumes/SSD_Rad/GAIRA_BUILD/gaira_base_4_passive_target_pilot_2_1_normalization_sensitivity/tables/pilot2_1_effect_size_survival.csv,HCC,serum,liver_cancer
E0000150,gaira_base_4_passive_target_pilot_2_1_normalization_sensitivity,serum,serum,liver_cancer,HCC_vs_NC|rep=abs,,binary_effect,G08,lipid_acyl_membrane,stable,-0.025,cohens_d,-0.025,,,,WEAK,,/Volumes/SSD_Rad/GAIRA_BUILD/gaira_base_4_passive_target_pilot_2_1_normalization_sensitivity/tables/pilot2_1_effect_size_survival.csv,HCC,serum,liver_cancer
E0000151,gaira_base_4_passive_target_pilot_2_1_normalization_sensitivity,serum,serum,liver_cancer,HCC_vs_NC|rep=abs,,binary_effect,G09,sterol_neutral_lipid,stable,-0.0,cohens_d,-0.0,,,,WEAK,,/Volumes/SSD_Rad/GAIRA_BUILD/gaira_base_4_passive_target_pilot_2_1_normalization_sensitivity/tables/pilot2_1_effect_size_survival.csv,HCC,serum,liver_cancer
E0000152,gaira_base_4_passive_target_pilot_2_1_normalization_sensitivity,serum,serum,liver_cancer,HCC_vs_NC|rep=abs,,binary_effect,G10,sulfur_thiol_redox,stable,0.116,cohens_d,0.116,,,,WEAK,,/Volumes/SSD_Rad/GAIRA_BUILD/gaira_base_4_passive_target_pilot_2_1_normalization_sensitivity/tables/pilot2_1_effect_size_survival.csv,HCC,serum,liver_cancer
E0000153,gaira_base_4_passive_target_pilot_2_1_normalization_sensitivity,serum,serum,liver_cancer,HCC_vs_NC|rep=abs,,binary_effect,G11,metabolic_small_molecule,stable,0.042,cohens_d,0.042,,,,WEAK,,/Volumes/SSD_Rad/GAIRA_BUILD/gaira_base_4_passive_target_pilot_2_1_normalization_sensitivity/tables/pilot2_1_effect_size_survival.csv,HCC,serum,liver_cancer
E0000154,gaira_base_4_passive_target_pilot_2_1_normalization_sensitivity,serum,serum,liver_cancer,CCA_vs_NC|rep=abs,,binary_effect,G01,purine_nucleotide,up,1.195,cohens_d,1.195,,,,STRONG,,/Volumes/SSD_Rad/GAIRA_BUILD/gaira_base_4_passive_target_pilot_2_1_normalization_sensitivity/tables/pilot2_1_effect_size_survival.csv,CCA,serum,liver_cancer
E0000155,gaira_base_4_passive_target_pilot_2_1_normalization_sensitivity,serum,serum,liver_cancer,CCA_vs_NC|rep=abs,,binary_effect,G02,purine_metabolite,up,1.024,cohens_d,1.024,,,,STRONG,,/Volumes/SSD_Rad/GAIRA_BUILD/gaira_base_4_passive_target_pilot_2_1_normalization_sensitivity/tables/pilot2_1_effect_size_survival.csv,CCA,serum,liver_cancer
E0000156,gaira_base_4_passive_target_pilot_2_1_normalization_sensitivity,serum,serum,liver_cancer,CCA_vs_NC|rep=abs,,binary_effect,G03,pyrimidine_nucleotide,up,1.283,cohens_d,1.283,,,,STRONG,,/Volumes/SSD_Rad/GAIRA_BUILD/gaira_base_4_passive_target_pilot_2_1_normalization_sensitivity/tables/pilot2_1_effect_size_survival.csv,CCA,serum,liver_cancer
E0000157,gaira_base_4_passive_target_pilot_2_1_normalization_sensitivity,serum,serum,liver_cancer,CCA_vs_NC|rep=abs,,binary_effect,G04,nucleic_acid_phosphate,up,1.196,cohens_d,1.196,,,,STRONG,,/Volumes/SSD_Rad/GAIRA_BUILD/gaira_base_4_passive_target_pilot_2_1_normalization_sensitivity/tables/pilot2_1_effect_size_survival.csv,CCA,serum,liver_cancer
E0000158,gaira_base_4_passive_target_pilot_2_1_normalization_sensitivity,serum,serum,liver_cancer,CCA_vs_NC|rep=abs,,binary_effect,G05,glycan_carbohydrate,up,1.154,cohens_d,1.154,,,,STRONG,,/Volumes/SSD_Rad/GAIRA_BUILD/gaira_base_4_passive_target_pilot_2_1_normalization_sensitivity/tables/pilot2_1_effect_size_survival.csv,CCA,serum,liver_cancer
E0000159,gaira_base_4_passive_target_pilot_2_1_normalization_sensitivity,serum,serum,liver_cancer,CCA_vs_NC|rep=abs,,binary_effect,G06,protein_peptide_backbone,up,1.15,cohens_d,1.15,,,,STRONG,,/Volumes/SSD_Rad/GAIRA_BUILD/gaira_base_4_passive_target_pilot_2_1_normalization_sensitivity/tables/pilot2_1_effect_size_survival.csv,CCA,serum,liver_cancer
E0000160,gaira_base_4_passive_target_pilot_2_1_normalization_sensitivity,serum,serum,liver_cancer,CCA_vs_NC|rep=abs,,binary_effect,G07,aromatic_residue,up,1.145,cohens_d,1.145,,,,STRONG,,/Volumes/SSD_Rad/GAIRA_BUILD/gaira_base_4_passive_target_pilot_2_1_normalization_sensitivity/tables/pilot2_1_effect_size_survival.csv,CCA,serum,liver_cancer
E0000161,gaira_base_4_passive_target_pilot_2_1_normalization_sensitivity,serum,serum,liver_cancer,CCA_vs_NC|rep=abs,,binary_effect,G08,lipid_acyl_membrane,up,1.137,cohens_d,1.137,,,,STRONG,,/Volumes/SSD_Rad/GAIRA_BUILD/gaira_base_4_passive_target_pilot_2_1_normalization_sensitivity/tables/pilot2_1_effect_size_survival.csv,CCA,serum,liver_cancer
E0000162,gaira_base_4_passive_target_pilot_2_1_normalization_sensitivity,serum,serum,liver_cancer,CCA_vs_NC|rep=abs,,binary_effect,G09,sterol_neutral_lipid,up,0.496,cohens_d,0.496,,,,STRONG,,/Volumes/SSD_Rad/GAIRA_BUILD/gaira_base_4_passive_target_pilot_2_1_normalization_sensitivity/tables/pilot2_1_effect_size_survival.csv,CCA,serum,liver_cancer
E0000163,gaira_base_4_passive_target_pilot_2_1_normalization_sensitivity,serum,serum,liver_cancer,CCA_vs_NC|rep=abs,,binary_effect,G10,sulfur_thiol_redox,up,1.565,cohens_d,1.565,,,,STRONG,,/Volumes/SSD_Rad/GAIRA_BUILD/gaira_base_4_passive_target_pilot_2_1_normalization_sensitivity/tables/pilot2_1_effect_size_survival.csv,CCA,serum,liver_cancer
E0000164,gaira_base_4_passive_target_pilot_2_1_normalization_sensitivity,serum,serum,liver_cancer,CCA_vs_NC|rep=abs,,binary_effect,G11,metabolic_small_molecule,up,1.13,cohens_d,1.13,,,,STRONG,,/Volumes/SSD_Rad/GAIRA_BUILD/gaira_base_4_passive_target_pilot_2_1_normalization_sensitivity/tables/pilot2_1_effect_size_survival.csv,CCA,serum,liver_cancer
E0000165,gaira_base_4_passive_target_pilot_2_1_normalization_sensitivity,serum,serum,liver_cancer,LM_vs_NC|rep=abs,,binary_effect,G01,purine_nucleotide,up,0.952,cohens_d,0.952,,,,STRONG,,/Volumes/SSD_Rad/GAIRA_BUILD/gaira_base_4_passive_target_pilot_2_1_normalization_sensitivity/tables/pilot2_1_effect_size_survival.csv,LM,serum,liver_cancer
E0000166,gaira_base_4_passive_target_pilot_2_1_normalization_sensitivity,serum,serum,liver_cancer,LM_vs_NC|rep=abs,,binary_effect,G02,purine_metabolite,up,0.89,cohens_d,0.89,,,,STRONG,,/Volumes/SSD_Rad/GAIRA_BUILD/gaira_base_4_passive_target_pilot_2_1_normalization_sensitivity/tables/pilot2_1_effect_size_survival.csv,LM,serum,liver_cancer
E0000167,gaira_base_4_passive_target_pilot_2_1_normalization_sensitivity,serum,serum,liver_cancer,LM_vs_NC|rep=abs,,binary_effect,G03,pyrimidine_nucleotide,up,1.003,cohens_d,1.003,,,,STRONG,,/Volumes/SSD_Rad/GAIRA_BUILD/gaira_base_4_passive_target_pilot_2_1_normalization_sensitivity/tables/pilot2_1_effect_size_survival.csv,LM,serum,liver_cancer
E0000168,gaira_base_4_passive_target_pilot_2_1_normalization_sensitivity,serum,serum,liver_cancer,LM_vs_NC|rep=abs,,binary_effect,G04,nucleic_acid_phosphate,up,1.165,cohens_d,1.165,,,,STRONG,,/Volumes/SSD_Rad/GAIRA_BUILD/gaira_base_4_passive_target_pilot_2_1_normalization_sensitivity/tables/pilot2_1_effect_size_survival.csv,LM,serum,liver_cancer
E0000169,gaira_base_4_passive_target_pilot_2_1_normalization_sensitivity,serum,serum,liver_cancer,LM_vs_NC|rep=abs,,binary_effect,G05,glycan_carbohydrate,up,1.045,cohens_d,1.045,,,,STRONG,,/Volumes/SSD_Rad/GAIRA_BUILD/gaira_base_4_passive_target_pilot_2_1_normalization_sensitivity/tables/pilot2_1_effect_size_survival.csv,LM,serum,liver_cancer
E0000170,gaira_base_4_passive_target_pilot_2_1_normalization_sensitivity,serum,serum,liver_cancer,LM_vs_NC|rep=abs,,binary_effect,G06,protein_peptide_backbone,up,1.001,cohens_d,1.001,,,,STRONG,,/Volumes/SSD_Rad/GAIRA_BUILD/gaira_base_4_passive_target_pilot_2_1_normalization_sensitivity/tables/pilot2_1_effect_size_survival.csv,LM,serum,liver_cancer
E0000171,gaira_base_4_passive_target_pilot_2_1_normalization_sensitivity,serum,serum,liver_cancer,LM_vs_NC|rep=abs,,binary_effect,G07,aromatic_residue,up,1.003,cohens_d,1.003,,,,STRONG,,/Volumes/SSD_Rad/GAIRA_BUILD/gaira_base_4_passive_target_pilot_2_1_normalization_sensitivity/tables/pilot2_1_effect_size_survival.csv,LM,serum,liver_cancer
E0000172,gaira_base_4_passive_target_pilot_2_1_normalization_sensitivity,serum,serum,liver_cancer,LM_vs_NC|rep=abs,,binary_effect,G08,lipid_acyl_membrane,up,1.09,cohens_d,1.09,,,,STRONG,,/Volumes/SSD_Rad/GAIRA_BUILD/gaira_base_4_passive_target_pilot_2_1_normalization_sensitivity/tables/pilot2_1_effect_size_survival.csv,LM,serum,liver_cancer
E0000173,gaira_base_4_passive_target_pilot_2_1_normalization_sensitivity,serum,serum,liver_cancer,LM_vs_NC|rep=abs,,binary_effect,G09,sterol_neutral_lipid,up,0.49,cohens_d,0.49,,,,STRONG,,/Volumes/SSD_Rad/GAIRA_BUILD/gaira_base_4_passive_target_pilot_2_1_normalization_sensitivity/tables/pilot2_1_effect_size_survival.csv,LM,serum,liver_cancer
E0000174,gaira_base_4_passive_target_pilot_2_1_normalization_sensitivity,serum,serum,liver_cancer,LM_vs_NC|rep=abs,,binary_effect,G10,sulfur_thiol_redox,up,1.289,cohens_d,1.289,,,,STRONG,,/Volumes/SSD_Rad/GAIRA_BUILD/gaira_base_4_passive_target_pilot_2_1_normalization_sensitivity/tables/pilot2_1_effect_size_survival.csv,LM,serum,liver_cancer
E0000175,gaira_base_4_passive_target_pilot_2_1_normalization_sensitivity,serum,serum,liver_cancer,LM_vs_NC|rep=abs,,binary_effect,G11,metabolic_small_molecule,up,0.903,cohens_d,0.903,,,,STRONG,,/Volumes/SSD_Rad/GAIRA_BUILD/gaira_base_4_passive_target_pilot_2_1_normalization_sensitivity/tables/pilot2_1_effect_size_survival.csv,LM,serum,liver_cancer
E0000176,gaira_base_4_passive_target_pilot_2_1_normalization_sensitivity,serum,serum,liver_cancer,HCC_vs_NC|rep=sumnorm,,binary_effect,G01,purine_nucleotide,stable,0.048,cohens_d,0.048,,,,WEAK,,/Volumes/SSD_Rad/GAIRA_BUILD/gaira_base_4_passive_target_pilot_2_1_normalization_sensitivity/tables/pilot2_1_effect_size_survival.csv,HCC,serum,liver_cancer
E0000177,gaira_base_4_passive_target_pilot_2_1_normalization_sensitivity,serum,serum,liver_cancer,HCC_vs_NC|rep=sumnorm,,binary_effect,G02,purine_metabolite,down,-0.388,cohens_d,-0.388,,,,STRONG,,/Volumes/SSD_Rad/GAIRA_BUILD/gaira_base_4_passive_target_pilot_2_1_normalization_sensitivity/tables/pilot2_1_effect_size_survival.csv,HCC,serum,liver_cancer
E0000178,gaira_base_4_passive_target_pilot_2_1_normalization_sensitivity,serum,serum,liver_cancer,HCC_vs_NC|rep=sumnorm,,binary_effect,G03,pyrimidine_nucleotide,stable,0.048,cohens_d,0.048,,,,WEAK,,/Volumes/SSD_Rad/GAIRA_BUILD/gaira_base_4_passive_target_pilot_2_1_normalization_sensitivity/tables/pilot2_1_effect_size_survival.csv,HCC,serum,liver_cancer
E0000179,gaira_base_4_passive_target_pilot_2_1_normalization_sensitivity,serum,serum,liver_cancer,HCC_vs_NC|rep=sumnorm,,binary_effect,G04,nucleic_acid_phosphate,stable,0.028,cohens_d,0.028,,,,WEAK,,/Volumes/SSD_Rad/GAIRA_BUILD/gaira_base_4_passive_target_pilot_2_1_normalization_sensitivity/tables/pilot2_1_effect_size_survival.csv,HCC,serum,liver_cancer
E0000180,gaira_base_4_passive_target_pilot_2_1_normalization_sensitivity,serum,serum,liver_cancer,HCC_vs_NC|rep=sumnorm,,binary_effect,G05,glycan_carbohydrate,stable,0.008,cohens_d,0.008,,,,WEAK,,/Volumes/SSD_Rad/GAIRA_BUILD/gaira_base_4_passive_target_pilot_2_1_normalization_sensitivity/tables/pilot2_1_effect_size_survival.csv,HCC,serum,liver_cancer
E0000181,gaira_base_4_passive_target_pilot_2_1_normalization_sensitivity,serum,serum,liver_cancer,HCC_vs_NC|rep=sumnorm,,binary_effect,G06,protein_peptide_backbone,stable,-0.045,cohens_d,-0.045,,,,WEAK,,/Volumes/SSD_Rad/GAIRA_BUILD/gaira_base_4_passive_target_pilot_2_1_normalization_sensitivity/tables/pilot2_1_effect_size_survival.csv,HCC,serum,liver_cancer
E0000182,gaira_base_4_passive_target_pilot_2_1_normalization_sensitivity,serum,serum,liver_cancer,HCC_vs_NC|rep=sumnorm,,binary_effect,G07,aromatic_residue,stable,0.129,cohens_d,0.129,,,,WEAK,,/Volumes/SSD_Rad/GAIRA_BUILD/gaira_base_4_passive_target_pilot_2_1_normalization_sensitivity/tables/pilot2_1_effect_size_survival.csv,HCC,serum,liver_cancer
E0000183,gaira_base_4_passive_target_pilot_2_1_normalization_sensitivity,serum,serum,liver_cancer,HCC_vs_NC|rep=sumnorm,,binary_effect,G08,lipid_acyl_membrane,stable,-0.076,cohens_d,-0.076,,,,WEAK,,/Volumes/SSD_Rad/GAIRA_BUILD/gaira_base_4_passive_target_pilot_2_1_normalization_sensitivity/tables/pilot2_1_effect_size_survival.csv,HCC,serum,liver_cancer
E0000184,gaira_base_4_passive_target_pilot_2_1_normalization_sensitivity,serum,serum,liver_cancer,HCC_vs_NC|rep=sumnorm,,binary_effect,G09,sterol_neutral_lipid,stable,-0.033,cohens_d,-0.033,,,,WEAK,,/Volumes/SSD_Rad/GAIRA_BUILD/gaira_base_4_passive_target_pilot_2_1_normalization_sensitivity/tables/pilot2_1_effect_size_survival.csv,HCC,serum,liver_cancer
E0000185,gaira_base_4_passive_target_pilot_2_1_normalization_sensitivity,serum,serum,liver_cancer,HCC_vs_NC|rep=sumnorm,,binary_effect,G10,sulfur_thiol_redox,stable,0.141,cohens_d,0.141,,,,WEAK,,/Volumes/SSD_Rad/GAIRA_BUILD/gaira_base_4_passive_target_pilot_2_1_normalization_sensitivity/tables/pilot2_1_effect_size_survival.csv,HCC,serum,liver_cancer
E0000186,gaira_base_4_passive_target_pilot_2_1_normalization_sensitivity,serum,serum,liver_cancer,HCC_vs_NC|rep=sumnorm,,binary_effect,G11,metabolic_small_molecule,stable,0.002,cohens_d,0.002,,,,WEAK,,/Volumes/SSD_Rad/GAIRA_BUILD/gaira_base_4_passive_target_pilot_2_1_normalization_sensitivity/tables/pilot2_1_effect_size_survival.csv,HCC,serum,liver_cancer
E0000187,gaira_base_4_passive_target_pilot_2_1_normalization_sensitivity,serum,serum,liver_cancer,CCA_vs_NC|rep=sumnorm,,binary_effect,G01,purine_nucleotide,up,1.115,cohens_d,1.115,,,,STRONG,,/Volumes/SSD_Rad/GAIRA_BUILD/gaira_base_4_passive_target_pilot_2_1_normalization_sensitivity/tables/pilot2_1_effect_size_survival.csv,CCA,serum,liver_cancer
E0000188,gaira_base_4_passive_target_pilot_2_1_normalization_sensitivity,serum,serum,liver_cancer,CCA_vs_NC|rep=sumnorm,,binary_effect,G02,purine_metabolite,up,0.265,cohens_d,0.265,,,,MODERATE,,/Volumes/SSD_Rad/GAIRA_BUILD/gaira_base_4_passive_target_pilot_2_1_normalization_sensitivity/tables/pilot2_1_effect_size_survival.csv,CCA,serum,liver_cancer
E0000189,gaira_base_4_passive_target_pilot_2_1_normalization_sensitivity,serum,serum,liver_cancer,CCA_vs_NC|rep=sumnorm,,binary_effect,G03,pyrimidine_nucleotide,up,1.383,cohens_d,1.383,,,,STRONG,,/Volumes/SSD_Rad/GAIRA_BUILD/gaira_base_4_passive_target_pilot_2_1_normalization_sensitivity/tables/pilot2_1_effect_size_survival.csv,CCA,serum,liver_cancer
E0000190,gaira_base_4_passive_target_pilot_2_1_normalization_sensitivity,serum,serum,liver_cancer,CCA_vs_NC|rep=sumnorm,,binary_effect,G04,nucleic_acid_phosphate,up,0.761,cohens_d,0.761,,,,STRONG,,/Volumes/SSD_Rad/GAIRA_BUILD/gaira_base_4_passive_target_pilot_2_1_normalization_sensitivity/tables/pilot2_1_effect_size_survival.csv,CCA,serum,liver_cancer
E0000191,gaira_base_4_passive_target_pilot_2_1_normalization_sensitivity,serum,serum,liver_cancer,CCA_vs_NC|rep=sumnorm,,binary_effect,G05,glycan_carbohydrate,down,-1.283,cohens_d,-1.283,,,,STRONG,,/Volumes/SSD_Rad/GAIRA_BUILD/gaira_base_4_passive_target_pilot_2_1_normalization_sensitivity/tables/pilot2_1_effect_size_survival.csv,CCA,serum,liver_cancer
E0000192,gaira_base_4_passive_target_pilot_2_1_normalization_sensitivity,serum,serum,liver_cancer,CCA_vs_NC|rep=sumnorm,,binary_effect,G06,protein_peptide_backbone,up,1.147,cohens_d,1.147,,,,STRONG,,/Volumes/SSD_Rad/GAIRA_BUILD/gaira_base_4_passive_target_pilot_2_1_normalization_sensitivity/tables/pilot2_1_effect_size_survival.csv,CCA,serum,liver_cancer
E0000193,gaira_base_4_passive_target_pilot_2_1_normalization_sensitivity,serum,serum,liver_cancer,CCA_vs_NC|rep=sumnorm,,binary_effect,G07,aromatic_residue,up,1.146,cohens_d,1.146,,,,STRONG,,/Volumes/SSD_Rad/GAIRA_BUILD/gaira_base_4_passive_target_pilot_2_1_normalization_sensitivity/tables/pilot2_1_effect_size_survival.csv,CCA,serum,liver_cancer
E0000194,gaira_base_4_passive_target_pilot_2_1_normalization_sensitivity,serum,serum,liver_cancer,CCA_vs_NC|rep=sumnorm,,binary_effect,G08,lipid_acyl_membrane,down,-1.285,cohens_d,-1.285,,,,STRONG,,/Volumes/SSD_Rad/GAIRA_BUILD/gaira_base_4_passive_target_pilot_2_1_normalization_sensitivity/tables/pilot2_1_effect_size_survival.csv,CCA,serum,liver_cancer
E0000195,gaira_base_4_passive_target_pilot_2_1_normalization_sensitivity,serum,serum,liver_cancer,CCA_vs_NC|rep=sumnorm,,binary_effect,G09,sterol_neutral_lipid,down,-1.386,cohens_d,-1.386,,,,STRONG,,/Volumes/SSD_Rad/GAIRA_BUILD/gaira_base_4_passive_target_pilot_2_1_normalization_sensitivity/tables/pilot2_1_effect_size_survival.csv,CCA,serum,liver_cancer
E0000196,gaira_base_4_passive_target_pilot_2_1_normalization_sensitivity,serum,serum,liver_cancer,CCA_vs_NC|rep=sumnorm,,binary_effect,G10,sulfur_thiol_redox,stable,-0.168,cohens_d,-0.168,,,,WEAK,,/Volumes/SSD_Rad/GAIRA_BUILD/gaira_base_4_passive_target_pilot_2_1_normalization_sensitivity/tables/pilot2_1_effect_size_survival.csv,CCA,serum,liver_cancer
E0000197,gaira_base_4_passive_target_pilot_2_1_normalization_sensitivity,serum,serum,liver_cancer,CCA_vs_NC|rep=sumnorm,,binary_effect,G11,metabolic_small_molecule,down,-0.996,cohens_d,-0.996,,,,STRONG,,/Volumes/SSD_Rad/GAIRA_BUILD/gaira_base_4_passive_target_pilot_2_1_normalization_sensitivity/tables/pilot2_1_effect_size_survival.csv,CCA,serum,liver_cancer
E0000198,gaira_base_4_passive_target_pilot_2_1_normalization_sensitivity,serum,serum,liver_cancer,LM_vs_NC|rep=sumnorm,,binary_effect,G01,purine_nucleotide,up,0.78,cohens_d,0.78,,,,STRONG,,/Volumes/SSD_Rad/GAIRA_BUILD/gaira_base_4_passive_target_pilot_2_1_normalization_sensitivity/tables/pilot2_1_effect_size_survival.csv,LM,serum,liver_cancer
E0000199,gaira_base_4_passive_target_pilot_2_1_normalization_sensitivity,serum,serum,liver_cancer,LM_vs_NC|rep=sumnorm,,binary_effect,G02,purine_metabolite,stable,0.2,cohens_d,0.2,,,,MODERATE,,/Volumes/SSD_Rad/GAIRA_BUILD/gaira_base_4_passive_target_pilot_2_1_normalization_sensitivity/tables/pilot2_1_effect_size_survival.csv,LM,serum,liver_cancer
E0000200,gaira_base_4_passive_target_pilot_2_1_normalization_sensitivity,serum,serum,liver_cancer,LM_vs_NC|rep=sumnorm,,binary_effect,G03,pyrimidine_nucleotide,up,0.863,cohens_d,0.863,,,,STRONG,,/Volumes/SSD_Rad/GAIRA_BUILD/gaira_base_4_passive_target_pilot_2_1_normalization_sensitivity/tables/pilot2_1_effect_size_survival.csv,LM,serum,liver_cancer
E0000201,gaira_base_4_passive_target_pilot_2_1_normalization_sensitivity,serum,serum,liver_cancer,LM_vs_NC|rep=sumnorm,,binary_effect,G04,nucleic_acid_phosphate,up,1.027,cohens_d,1.027,,,,STRONG,,/Volumes/SSD_Rad/GAIRA_BUILD/gaira_base_4_passive_target_pilot_2_1_normalization_sensitivity/tables/pilot2_1_effect_size_survival.csv,LM,serum,liver_cancer
E0000202,gaira_base_4_passive_target_pilot_2_1_normalization_sensitivity,serum,serum,liver_cancer,LM_vs_NC|rep=sumnorm,,binary_effect,G05,glycan_carbohydrate,down,-1.07,cohens_d,-1.07,,,,STRONG,,/Volumes/SSD_Rad/GAIRA_BUILD/gaira_base_4_passive_target_pilot_2_1_normalization_sensitivity/tables/pilot2_1_effect_size_survival.csv,LM,serum,liver_cancer
E0000203,gaira_base_4_passive_target_pilot_2_1_normalization_sensitivity,serum,serum,liver_cancer,LM_vs_NC|rep=sumnorm,,binary_effect,G06,protein_peptide_backbone,up,1.012,cohens_d,1.012,,,,STRONG,,/Volumes/SSD_Rad/GAIRA_BUILD/gaira_base_4_passive_target_pilot_2_1_normalization_sensitivity/tables/pilot2_1_effect_size_survival.csv,LM,serum,liver_cancer
E0000204,gaira_base_4_passive_target_pilot_2_1_normalization_sensitivity,serum,serum,liver_cancer,LM_vs_NC|rep=sumnorm,,binary_effect,G07,aromatic_residue,up,1.03,cohens_d,1.03,,,,STRONG,,/Volumes/SSD_Rad/GAIRA_BUILD/gaira_base_4_passive_target_pilot_2_1_normalization_sensitivity/tables/pilot2_1_effect_size_survival.csv,LM,serum,liver_cancer
E0000205,gaira_base_4_passive_target_pilot_2_1_normalization_sensitivity,serum,serum,liver_cancer,LM_vs_NC|rep=sumnorm,,binary_effect,G08,lipid_acyl_membrane,down,-1.02,cohens_d,-1.02,,,,STRONG,,/Volumes/SSD_Rad/GAIRA_BUILD/gaira_base_4_passive_target_pilot_2_1_normalization_sensitivity/tables/pilot2_1_effect_size_survival.csv,LM,serum,liver_cancer
E0000206,gaira_base_4_passive_target_pilot_2_1_normalization_sensitivity,serum,serum,liver_cancer,LM_vs_NC|rep=sumnorm,,binary_effect,G09,sterol_neutral_lipid,down,-1.194,cohens_d,-1.194,,,,STRONG,,/Volumes/SSD_Rad/GAIRA_BUILD/gaira_base_4_passive_target_pilot_2_1_normalization_sensitivity/tables/pilot2_1_effect_size_survival.csv,LM,serum,liver_cancer
E0000207,gaira_base_4_passive_target_pilot_2_1_normalization_sensitivity,serum,serum,liver_cancer,LM_vs_NC|rep=sumnorm,,binary_effect,G10,sulfur_thiol_redox,stable,-0.028,cohens_d,-0.028,,,,WEAK,,/Volumes/SSD_Rad/GAIRA_BUILD/gaira_base_4_passive_target_pilot_2_1_normalization_sensitivity/tables/pilot2_1_effect_size_survival.csv,LM,serum,liver_cancer
E0000208,gaira_base_4_passive_target_pilot_2_1_normalization_sensitivity,serum,serum,liver_cancer,LM_vs_NC|rep=sumnorm,,binary_effect,G11,metabolic_small_molecule,down,-0.85,cohens_d,-0.85,,,,STRONG,,/Volumes/SSD_Rad/GAIRA_BUILD/gaira_base_4_passive_target_pilot_2_1_normalization_sensitivity/tables/pilot2_1_effect_size_survival.csv,LM,serum,liver_cancer
E0000209,gaira_base_4_passive_target_pilot_2_1_normalization_sensitivity,serum,serum,liver_cancer,HCC_vs_NC|rep=clr,,binary_effect,G01,purine_nucleotide,stable,0.046,cohens_d,0.046,,,,WEAK,,/Volumes/SSD_Rad/GAIRA_BUILD/gaira_base_4_passive_target_pilot_2_1_normalization_sensitivity/tables/pilot2_1_effect_size_survival.csv,HCC,serum,liver_cancer
E0000210,gaira_base_4_passive_target_pilot_2_1_normalization_sensitivity,serum,serum,liver_cancer,HCC_vs_NC|rep=clr,,binary_effect,G02,purine_metabolite,down,-0.462,cohens_d,-0.462,,,,STRONG,,/Volumes/SSD_Rad/GAIRA_BUILD/gaira_base_4_passive_target_pilot_2_1_normalization_sensitivity/tables/pilot2_1_effect_size_survival.csv,HCC,serum,liver_cancer
E0000211,gaira_base_4_passive_target_pilot_2_1_normalization_sensitivity,serum,serum,liver_cancer,HCC_vs_NC|rep=clr,,binary_effect,G03,pyrimidine_nucleotide,stable,0.063,cohens_d,0.063,,,,WEAK,,/Volumes/SSD_Rad/GAIRA_BUILD/gaira_base_4_passive_target_pilot_2_1_normalization_sensitivity/tables/pilot2_1_effect_size_survival.csv,HCC,serum,liver_cancer
E0000212,gaira_base_4_passive_target_pilot_2_1_normalization_sensitivity,serum,serum,liver_cancer,HCC_vs_NC|rep=clr,,binary_effect,G04,nucleic_acid_phosphate,stable,0.03,cohens_d,0.03,,,,WEAK,,/Volumes/SSD_Rad/GAIRA_BUILD/gaira_base_4_passive_target_pilot_2_1_normalization_sensitivity/tables/pilot2_1_effect_size_survival.csv,HCC,serum,liver_cancer
E0000213,gaira_base_4_passive_target_pilot_2_1_normalization_sensitivity,serum,serum,liver_cancer,HCC_vs_NC|rep=clr,,binary_effect,G05,glycan_carbohydrate,stable,0.007,cohens_d,0.007,,,,WEAK,,/Volumes/SSD_Rad/GAIRA_BUILD/gaira_base_4_passive_target_pilot_2_1_normalization_sensitivity/tables/pilot2_1_effect_size_survival.csv,HCC,serum,liver_cancer
E0000214,gaira_base_4_passive_target_pilot_2_1_normalization_sensitivity,serum,serum,liver_cancer,HCC_vs_NC|rep=clr,,binary_effect,G06,protein_peptide_backbone,stable,-0.063,cohens_d,-0.063,,,,WEAK,,/Volumes/SSD_Rad/GAIRA_BUILD/gaira_base_4_passive_target_pilot_2_1_normalization_sensitivity/tables/pilot2_1_effect_size_survival.csv,HCC,serum,liver_cancer
E0000215,gaira_base_4_passive_target_pilot_2_1_normalization_sensitivity,serum,serum,liver_cancer,HCC_vs_NC|rep=clr,,binary_effect,G07,aromatic_residue,stable,0.152,cohens_d,0.152,,,,WEAK,,/Volumes/SSD_Rad/GAIRA_BUILD/gaira_base_4_passive_target_pilot_2_1_normalization_sensitivity/tables/pilot2_1_effect_size_survival.csv,HCC,serum,liver_cancer
E0000216,gaira_base_4_passive_target_pilot_2_1_normalization_sensitivity,serum,serum,liver_cancer,HCC_vs_NC|rep=clr,,binary_effect,G08,lipid_acyl_membrane,stable,-0.064,cohens_d,-0.064,,,,WEAK,,/Volumes/SSD_Rad/GAIRA_BUILD/gaira_base_4_passive_target_pilot_2_1_normalization_sensitivity/tables/pilot2_1_effect_size_survival.csv,HCC,serum,liver_cancer
E0000217,gaira_base_4_passive_target_pilot_2_1_normalization_sensitivity,serum,serum,liver_cancer,HCC_vs_NC|rep=clr,,binary_effect,G09,sterol_neutral_lipid,stable,-0.032,cohens_d,-0.032,,,,WEAK,,/Volumes/SSD_Rad/GAIRA_BUILD/gaira_base_4_passive_target_pilot_2_1_normalization_sensitivity/tables/pilot2_1_effect_size_survival.csv,HCC,serum,liver_cancer
E0000218,gaira_base_4_passive_target_pilot_2_1_normalization_sensitivity,serum,serum,liver_cancer,HCC_vs_NC|rep=clr,,binary_effect,G10,sulfur_thiol_redox,stable,0.122,cohens_d,0.122,,,,WEAK,,/Volumes/SSD_Rad/GAIRA_BUILD/gaira_base_4_passive_target_pilot_2_1_normalization_sensitivity/tables/pilot2_1_effect_size_survival.csv,HCC,serum,liver_cancer
E0000219,gaira_base_4_passive_target_pilot_2_1_normalization_sensitivity,serum,serum,liver_cancer,HCC_vs_NC|rep=clr,,binary_effect,G11,metabolic_small_molecule,stable,-0.003,cohens_d,-0.003,,,,WEAK,,/Volumes/SSD_Rad/GAIRA_BUILD/gaira_base_4_passive_target_pilot_2_1_normalization_sensitivity/tables/pilot2_1_effect_size_survival.csv,HCC,serum,liver_cancer
E0000220,gaira_base_4_passive_target_pilot_2_1_normalization_sensitivity,serum,serum,liver_cancer,CCA_vs_NC|rep=clr,,binary_effect,G01,purine_nucleotide,up,1.082,cohens_d,1.082,,,,STRONG,,/Volumes/SSD_Rad/GAIRA_BUILD/gaira_base_4_passive_target_pilot_2_1_normalization_sensitivity/tables/pilot2_1_effect_size_survival.csv,CCA,serum,liver_cancer
E0000221,gaira_base_4_passive_target_pilot_2_1_normalization_sensitivity,serum,serum,liver_cancer,CCA_vs_NC|rep=clr,,binary_effect,G02,purine_metabolite,stable,-0.178,cohens_d,-0.178,,,,WEAK,,/Volumes/SSD_Rad/GAIRA_BUILD/gaira_base_4_passive_target_pilot_2_1_normalization_sensitivity/tables/pilot2_1_effect_size_survival.csv,CCA,serum,liver_cancer
E0000222,gaira_base_4_passive_target_pilot_2_1_normalization_sensitivity,serum,serum,liver_cancer,CCA_vs_NC|rep=clr,,binary_effect,G03,pyrimidine_nucleotide,up,1.227,cohens_d,1.227,,,,STRONG,,/Volumes/SSD_Rad/GAIRA_BUILD/gaira_base_4_passive_target_pilot_2_1_normalization_sensitivity/tables/pilot2_1_effect_size_survival.csv,CCA,serum,liver_cancer
E0000223,gaira_base_4_passive_target_pilot_2_1_normalization_sensitivity,serum,serum,liver_cancer,CCA_vs_NC|rep=clr,,binary_effect,G04,nucleic_acid_phosphate,up,0.347,cohens_d,0.347,,,,MODERATE,,/Volumes/SSD_Rad/GAIRA_BUILD/gaira_base_4_passive_target_pilot_2_1_normalization_sensitivity/tables/pilot2_1_effect_size_survival.csv,CCA,serum,liver_cancer
E0000224,gaira_base_4_passive_target_pilot_2_1_normalization_sensitivity,serum,serum,liver_cancer,CCA_vs_NC|rep=clr,,binary_effect,G05,glycan_carbohydrate,down,-1.292,cohens_d,-1.292,,,,STRONG,,/Volumes/SSD_Rad/GAIRA_BUILD/gaira_base_4_passive_target_pilot_2_1_normalization_sensitivity/tables/pilot2_1_effect_size_survival.csv,CCA,serum,liver_cancer
E0000225,gaira_base_4_passive_target_pilot_2_1_normalization_sensitivity,serum,serum,liver_cancer,CCA_vs_NC|rep=clr,,binary_effect,G06,protein_peptide_backbone,up,1.159,cohens_d,1.159,,,,STRONG,,/Volumes/SSD_Rad/GAIRA_BUILD/gaira_base_4_passive_target_pilot_2_1_normalization_sensitivity/tables/pilot2_1_effect_size_survival.csv,CCA,serum,liver_cancer
E0000226,gaira_base_4_passive_target_pilot_2_1_normalization_sensitivity,serum,serum,liver_cancer,CCA_vs_NC|rep=clr,,binary_effect,G07,aromatic_residue,up,1.157,cohens_d,1.157,,,,STRONG,,/Volumes/SSD_Rad/GAIRA_BUILD/gaira_base_4_passive_target_pilot_2_1_normalization_sensitivity/tables/pilot2_1_effect_size_survival.csv,CCA,serum,liver_cancer
E0000227,gaira_base_4_passive_target_pilot_2_1_normalization_sensitivity,serum,serum,liver_cancer,CCA_vs_NC|rep=clr,,binary_effect,G08,lipid_acyl_membrane,down,-1.297,cohens_d,-1.297,,,,STRONG,,/Volumes/SSD_Rad/GAIRA_BUILD/gaira_base_4_passive_target_pilot_2_1_normalization_sensitivity/tables/pilot2_1_effect_size_survival.csv,CCA,serum,liver_cancer
E0000228,gaira_base_4_passive_target_pilot_2_1_normalization_sensitivity,serum,serum,liver_cancer,CCA_vs_NC|rep=clr,,binary_effect,G09,sterol_neutral_lipid,down,-1.376,cohens_d,-1.376,,,,STRONG,,/Volumes/SSD_Rad/GAIRA_BUILD/gaira_base_4_passive_target_pilot_2_1_normalization_sensitivity/tables/pilot2_1_effect_size_survival.csv,CCA,serum,liver_cancer
E0000229,gaira_base_4_passive_target_pilot_2_1_normalization_sensitivity,serum,serum,liver_cancer,CCA_vs_NC|rep=clr,,binary_effect,G10,sulfur_thiol_redox,down,-0.398,cohens_d,-0.398,,,,MODERATE,,/Volumes/SSD_Rad/GAIRA_BUILD/gaira_base_4_passive_target_pilot_2_1_normalization_sensitivity/tables/pilot2_1_effect_size_survival.csv,CCA,serum,liver_cancer
E0000230,gaira_base_4_passive_target_pilot_2_1_normalization_sensitivity,serum,serum,liver_cancer,CCA_vs_NC|rep=clr,,binary_effect,G11,metabolic_small_molecule,down,-1.053,cohens_d,-1.053,,,,STRONG,,/Volumes/SSD_Rad/GAIRA_BUILD/gaira_base_4_passive_target_pilot_2_1_normalization_sensitivity/tables/pilot2_1_effect_size_survival.csv,CCA,serum,liver_cancer
E0000231,gaira_base_4_passive_target_pilot_2_1_normalization_sensitivity,serum,serum,liver_cancer,LM_vs_NC|rep=clr,,binary_effect,G01,purine_nucleotide,up,0.721,cohens_d,0.721,,,,STRONG,,/Volumes/SSD_Rad/GAIRA_BUILD/gaira_base_4_passive_target_pilot_2_1_normalization_sensitivity/tables/pilot2_1_effect_size_survival.csv,LM,serum,liver_cancer
E0000232,gaira_base_4_passive_target_pilot_2_1_normalization_sensitivity,serum,serum,liver_cancer,LM_vs_NC|rep=clr,,binary_effect,G02,purine_metabolite,stable,-0.17,cohens_d,-0.17,,,,WEAK,,/Volumes/SSD_Rad/GAIRA_BUILD/gaira_base_4_passive_target_pilot_2_1_normalization_sensitivity/tables/pilot2_1_effect_size_survival.csv,LM,serum,liver_cancer
E0000233,gaira_base_4_passive_target_pilot_2_1_normalization_sensitivity,serum,serum,liver_cancer,LM_vs_NC|rep=clr,,binary_effect,G03,pyrimidine_nucleotide,up,0.697,cohens_d,0.697,,,,STRONG,,/Volumes/SSD_Rad/GAIRA_BUILD/gaira_base_4_passive_target_pilot_2_1_normalization_sensitivity/tables/pilot2_1_effect_size_survival.csv,LM,serum,liver_cancer
E0000234,gaira_base_4_passive_target_pilot_2_1_normalization_sensitivity,serum,serum,liver_cancer,LM_vs_NC|rep=clr,,binary_effect,G04,nucleic_acid_phosphate,up,0.698,cohens_d,0.698,,,,STRONG,,/Volumes/SSD_Rad/GAIRA_BUILD/gaira_base_4_passive_target_pilot_2_1_normalization_sensitivity/tables/pilot2_1_effect_size_survival.csv,LM,serum,liver_cancer
E0000235,gaira_base_4_passive_target_pilot_2_1_normalization_sensitivity,serum,serum,liver_cancer,LM_vs_NC|rep=clr,,binary_effect,G05,glycan_carbohydrate,down,-1.086,cohens_d,-1.086,,,,STRONG,,/Volumes/SSD_Rad/GAIRA_BUILD/gaira_base_4_passive_target_pilot_2_1_normalization_sensitivity/tables/pilot2_1_effect_size_survival.csv,LM,serum,liver_cancer
E0000236,gaira_base_4_passive_target_pilot_2_1_normalization_sensitivity,serum,serum,liver_cancer,LM_vs_NC|rep=clr,,binary_effect,G06,protein_peptide_backbone,up,1.034,cohens_d,1.034,,,,STRONG,,/Volumes/SSD_Rad/GAIRA_BUILD/gaira_base_4_passive_target_pilot_2_1_normalization_sensitivity/tables/pilot2_1_effect_size_survival.csv,LM,serum,liver_cancer
E0000237,gaira_base_4_passive_target_pilot_2_1_normalization_sensitivity,serum,serum,liver_cancer,LM_vs_NC|rep=clr,,binary_effect,G07,aromatic_residue,up,1.053,cohens_d,1.053,,,,STRONG,,/Volumes/SSD_Rad/GAIRA_BUILD/gaira_base_4_passive_target_pilot_2_1_normalization_sensitivity/tables/pilot2_1_effect_size_survival.csv,LM,serum,liver_cancer
E0000238,gaira_base_4_passive_target_pilot_2_1_normalization_sensitivity,serum,serum,liver_cancer,LM_vs_NC|rep=clr,,binary_effect,G08,lipid_acyl_membrane,down,-1.046,cohens_d,-1.046,,,,STRONG,,/Volumes/SSD_Rad/GAIRA_BUILD/gaira_base_4_passive_target_pilot_2_1_normalization_sensitivity/tables/pilot2_1_effect_size_survival.csv,LM,serum,liver_cancer
E0000239,gaira_base_4_passive_target_pilot_2_1_normalization_sensitivity,serum,serum,liver_cancer,LM_vs_NC|rep=clr,,binary_effect,G09,sterol_neutral_lipid,down,-1.182,cohens_d,-1.182,,,,STRONG,,/Volumes/SSD_Rad/GAIRA_BUILD/gaira_base_4_passive_target_pilot_2_1_normalization_sensitivity/tables/pilot2_1_effect_size_survival.csv,LM,serum,liver_cancer
E0000240,gaira_base_4_passive_target_pilot_2_1_normalization_sensitivity,serum,serum,liver_cancer,LM_vs_NC|rep=clr,,binary_effect,G10,sulfur_thiol_redox,down,-0.238,cohens_d,-0.238,,,,MODERATE,,/Volumes/SSD_Rad/GAIRA_BUILD/gaira_base_4_passive_target_pilot_2_1_normalization_sensitivity/tables/pilot2_1_effect_size_survival.csv,LM,serum,liver_cancer
E0000241,gaira_base_4_passive_target_pilot_2_1_normalization_sensitivity,serum,serum,liver_cancer,LM_vs_NC|rep=clr,,binary_effect,G11,metabolic_small_molecule,down,-0.911,cohens_d,-0.911,,,,STRONG,,/Volumes/SSD_Rad/GAIRA_BUILD/gaira_base_4_passive_target_pilot_2_1_normalization_sensitivity/tables/pilot2_1_effect_size_survival.csv,LM,serum,liver_cancer
E0000242,gaira_base_4_passive_target_pilot_2_1_normalization_sensitivity,serum,serum,liver_cancer,HCC_vs_NC|rep=zspec,,binary_effect,G01,purine_nucleotide,stable,0.158,cohens_d,0.158,,,,WEAK,,/Volumes/SSD_Rad/GAIRA_BUILD/gaira_base_4_passive_target_pilot_2_1_normalization_sensitivity/tables/pilot2_1_effect_size_survival.csv,HCC,serum,liver_cancer
E0000243,gaira_base_4_passive_target_pilot_2_1_normalization_sensitivity,serum,serum,liver_cancer,HCC_vs_NC|rep=zspec,,binary_effect,G02,purine_metabolite,down,-0.226,cohens_d,-0.226,,,,MODERATE,,/Volumes/SSD_Rad/GAIRA_BUILD/gaira_base_4_passive_target_pilot_2_1_normalization_sensitivity/tables/pilot2_1_effect_size_survival.csv,HCC,serum,liver_cancer
E0000244,gaira_base_4_passive_target_pilot_2_1_normalization_sensitivity,serum,serum,liver_cancer,HCC_vs_NC|rep=zspec,,binary_effect,G03,pyrimidine_nucleotide,stable,0.025,cohens_d,0.025,,,,WEAK,,/Volumes/SSD_Rad/GAIRA_BUILD/gaira_base_4_passive_target_pilot_2_1_normalization_sensitivity/tables/pilot2_1_effect_size_survival.csv,HCC,serum,liver_cancer
E0000245,gaira_base_4_passive_target_pilot_2_1_normalization_sensitivity,serum,serum,liver_cancer,HCC_vs_NC|rep=zspec,,binary_effect,G04,nucleic_acid_phosphate,stable,-0.029,cohens_d,-0.029,,,,WEAK,,/Volumes/SSD_Rad/GAIRA_BUILD/gaira_base_4_passive_target_pilot_2_1_normalization_sensitivity/tables/pilot2_1_effect_size_survival.csv,HCC,serum,liver_cancer
E0000246,gaira_base_4_passive_target_pilot_2_1_normalization_sensitivity,serum,serum,liver_cancer,HCC_vs_NC|rep=zspec,,binary_effect,G05,glycan_carbohydrate,stable,0.044,cohens_d,0.044,,,,WEAK,,/Volumes/SSD_Rad/GAIRA_BUILD/gaira_base_4_passive_target_pilot_2_1_normalization_sensitivity/tables/pilot2_1_effect_size_survival.csv,HCC,serum,liver_cancer
E0000247,gaira_base_4_passive_target_pilot_2_1_normalization_sensitivity,serum,serum,liver_cancer,HCC_vs_NC|rep=zspec,,binary_effect,G06,protein_peptide_backbone,down,-0.408,cohens_d,-0.408,,,,MODERATE,,/Volumes/SSD_Rad/GAIRA_BUILD/gaira_base_4_passive_target_pilot_2_1_normalization_sensitivity/tables/pilot2_1_effect_size_survival.csv,HCC,serum,liver_cancer
E0000248,gaira_base_4_passive_target_pilot_2_1_normalization_sensitivity,serum,serum,liver_cancer,HCC_vs_NC|rep=zspec,,binary_effect,G07,aromatic_residue,stable,0.143,cohens_d,0.143,,,,WEAK,,/Volumes/SSD_Rad/GAIRA_BUILD/gaira_base_4_passive_target_pilot_2_1_normalization_sensitivity/tables/pilot2_1_effect_size_survival.csv,HCC,serum,liver_cancer
E0000249,gaira_base_4_passive_target_pilot_2_1_normalization_sensitivity,serum,serum,liver_cancer,HCC_vs_NC|rep=zspec,,binary_effect,G08,lipid_acyl_membrane,stable,-0.071,cohens_d,-0.071,,,,WEAK,,/Volumes/SSD_Rad/GAIRA_BUILD/gaira_base_4_passive_target_pilot_2_1_normalization_sensitivity/tables/pilot2_1_effect_size_survival.csv,HCC,serum,liver_cancer
E0000250,gaira_base_4_passive_target_pilot_2_1_normalization_sensitivity,serum,serum,liver_cancer,HCC_vs_NC|rep=zspec,,binary_effect,G09,sterol_neutral_lipid,stable,0.062,cohens_d,0.062,,,,WEAK,,/Volumes/SSD_Rad/GAIRA_BUILD/gaira_base_4_passive_target_pilot_2_1_normalization_sensitivity/tables/pilot2_1_effect_size_survival.csv,HCC,serum,liver_cancer
E0000251,gaira_base_4_passive_target_pilot_2_1_normalization_sensitivity,serum,serum,liver_cancer,HCC_vs_NC|rep=zspec,,binary_effect,G10,sulfur_thiol_redox,stable,0.127,cohens_d,0.127,,,,WEAK,,/Volumes/SSD_Rad/GAIRA_BUILD/gaira_base_4_passive_target_pilot_2_1_normalization_sensitivity/tables/pilot2_1_effect_size_survival.csv,HCC,serum,liver_cancer
E0000252,gaira_base_4_passive_target_pilot_2_1_normalization_sensitivity,serum,serum,liver_cancer,HCC_vs_NC|rep=zspec,,binary_effect,G11,metabolic_small_molecule,stable,-0.034,cohens_d,-0.034,,,,WEAK,,/Volumes/SSD_Rad/GAIRA_BUILD/gaira_base_4_passive_target_pilot_2_1_normalization_sensitivity/tables/pilot2_1_effect_size_survival.csv,HCC,serum,liver_cancer
E0000253,gaira_base_4_passive_target_pilot_2_1_normalization_sensitivity,serum,serum,liver_cancer,CCA_vs_NC|rep=zspec,,binary_effect,G01,purine_nucleotide,down,-0.41,cohens_d,-0.41,,,,STRONG,,/Volumes/SSD_Rad/GAIRA_BUILD/gaira_base_4_passive_target_pilot_2_1_normalization_sensitivity/tables/pilot2_1_effect_size_survival.csv,CCA,serum,liver_cancer
E0000254,gaira_base_4_passive_target_pilot_2_1_normalization_sensitivity,serum,serum,liver_cancer,CCA_vs_NC|rep=zspec,,binary_effect,G02,purine_metabolite,up,0.214,cohens_d,0.214,,,,MODERATE,,/Volumes/SSD_Rad/GAIRA_BUILD/gaira_base_4_passive_target_pilot_2_1_normalization_sensitivity/tables/pilot2_1_effect_size_survival.csv,CCA,serum,liver_cancer
E0000255,gaira_base_4_passive_target_pilot_2_1_normalization_sensitivity,serum,serum,liver_cancer,CCA_vs_NC|rep=zspec,,binary_effect,G03,pyrimidine_nucleotide,up,0.707,cohens_d,0.707,,,,STRONG,,/Volumes/SSD_Rad/GAIRA_BUILD/gaira_base_4_passive_target_pilot_2_1_normalization_sensitivity/tables/pilot2_1_effect_size_survival.csv,CCA,serum,liver_cancer
E0000256,gaira_base_4_passive_target_pilot_2_1_normalization_sensitivity,serum,serum,liver_cancer,CCA_vs_NC|rep=zspec,,binary_effect,G04,nucleic_acid_phosphate,up,0.843,cohens_d,0.843,,,,STRONG,,/Volumes/SSD_Rad/GAIRA_BUILD/gaira_base_4_passive_target_pilot_2_1_normalization_sensitivity/tables/pilot2_1_effect_size_survival.csv,CCA,serum,liver_cancer
E0000257,gaira_base_4_passive_target_pilot_2_1_normalization_sensitivity,serum,serum,liver_cancer,CCA_vs_NC|rep=zspec,,binary_effect,G05,glycan_carbohydrate,down,-0.746,cohens_d,-0.746,,,,STRONG,,/Volumes/SSD_Rad/GAIRA_BUILD/gaira_base_4_passive_target_pilot_2_1_normalization_sensitivity/tables/pilot2_1_effect_size_survival.csv,CCA,serum,liver_cancer
E0000258,gaira_base_4_passive_target_pilot_2_1_normalization_sensitivity,serum,serum,liver_cancer,CCA_vs_NC|rep=zspec,,binary_effect,G06,protein_peptide_backbone,down,-1.136,cohens_d,-1.136,,,,STRONG,,/Volumes/SSD_Rad/GAIRA_BUILD/gaira_base_4_passive_target_pilot_2_1_normalization_sensitivity/tables/pilot2_1_effect_size_survival.csv,CCA,serum,liver_cancer
E0000259,gaira_base_4_passive_target_pilot_2_1_normalization_sensitivity,serum,serum,liver_cancer,CCA_vs_NC|rep=zspec,,binary_effect,G07,aromatic_residue,up,0.226,cohens_d,0.226,,,,MODERATE,,/Volumes/SSD_Rad/GAIRA_BUILD/gaira_base_4_passive_target_pilot_2_1_normalization_sensitivity/tables/pilot2_1_effect_size_survival.csv,CCA,serum,liver_cancer
E0000260,gaira_base_4_passive_target_pilot_2_1_normalization_sensitivity,serum,serum,liver_cancer,CCA_vs_NC|rep=zspec,,binary_effect,G08,lipid_acyl_membrane,down,-0.806,cohens_d,-0.806,,,,STRONG,,/Volumes/SSD_Rad/GAIRA_BUILD/gaira_base_4_passive_target_pilot_2_1_normalization_sensitivity/tables/pilot2_1_effect_size_survival.csv,CCA,serum,liver_cancer
E0000261,gaira_base_4_passive_target_pilot_2_1_normalization_sensitivity,serum,serum,liver_cancer,CCA_vs_NC|rep=zspec,,binary_effect,G09,sterol_neutral_lipid,stable,-0.064,cohens_d,-0.064,,,,WEAK,,/Volumes/SSD_Rad/GAIRA_BUILD/gaira_base_4_passive_target_pilot_2_1_normalization_sensitivity/tables/pilot2_1_effect_size_survival.csv,CCA,serum,liver_cancer
E0000262,gaira_base_4_passive_target_pilot_2_1_normalization_sensitivity,serum,serum,liver_cancer,CCA_vs_NC|rep=zspec,,binary_effect,G10,sulfur_thiol_redox,up,0.48,cohens_d,0.48,,,,STRONG,,/Volumes/SSD_Rad/GAIRA_BUILD/gaira_base_4_passive_target_pilot_2_1_normalization_sensitivity/tables/pilot2_1_effect_size_survival.csv,CCA,serum,liver_cancer
E0000263,gaira_base_4_passive_target_pilot_2_1_normalization_sensitivity,serum,serum,liver_cancer,CCA_vs_NC|rep=zspec,,binary_effect,G11,metabolic_small_molecule,stable,-0.076,cohens_d,-0.076,,,,WEAK,,/Volumes/SSD_Rad/GAIRA_BUILD/gaira_base_4_passive_target_pilot_2_1_normalization_sensitivity/tables/pilot2_1_effect_size_survival.csv,CCA,serum,liver_cancer
E0000264,gaira_base_4_passive_target_pilot_2_1_normalization_sensitivity,serum,serum,liver_cancer,LM_vs_NC|rep=zspec,,binary_effect,G01,purine_nucleotide,down,-0.747,cohens_d,-0.747,,,,STRONG,,/Volumes/SSD_Rad/GAIRA_BUILD/gaira_base_4_passive_target_pilot_2_1_normalization_sensitivity/tables/pilot2_1_effect_size_survival.csv,LM,serum,liver_cancer
E0000265,gaira_base_4_passive_target_pilot_2_1_normalization_sensitivity,serum,serum,liver_cancer,LM_vs_NC|rep=zspec,,binary_effect,G02,purine_metabolite,stable,0.13,cohens_d,0.13,,,,WEAK,,/Volumes/SSD_Rad/GAIRA_BUILD/gaira_base_4_passive_target_pilot_2_1_normalization_sensitivity/tables/pilot2_1_effect_size_survival.csv,LM,serum,liver_cancer
E0000266,gaira_base_4_passive_target_pilot_2_1_normalization_sensitivity,serum,serum,liver_cancer,LM_vs_NC|rep=zspec,,binary_effect,G03,pyrimidine_nucleotide,up,0.321,cohens_d,0.321,,,,MODERATE,,/Volumes/SSD_Rad/GAIRA_BUILD/gaira_base_4_passive_target_pilot_2_1_normalization_sensitivity/tables/pilot2_1_effect_size_survival.csv,LM,serum,liver_cancer
E0000267,gaira_base_4_passive_target_pilot_2_1_normalization_sensitivity,serum,serum,liver_cancer,LM_vs_NC|rep=zspec,,binary_effect,G04,nucleic_acid_phosphate,up,0.971,cohens_d,0.971,,,,STRONG,,/Volumes/SSD_Rad/GAIRA_BUILD/gaira_base_4_passive_target_pilot_2_1_normalization_sensitivity/tables/pilot2_1_effect_size_survival.csv,LM,serum,liver_cancer
E0000268,gaira_base_4_passive_target_pilot_2_1_normalization_sensitivity,serum,serum,liver_cancer,LM_vs_NC|rep=zspec,,binary_effect,G05,glycan_carbohydrate,down,-0.624,cohens_d,-0.624,,,,STRONG,,/Volumes/SSD_Rad/GAIRA_BUILD/gaira_base_4_passive_target_pilot_2_1_normalization_sensitivity/tables/pilot2_1_effect_size_survival.csv,LM,serum,liver_cancer
E0000269,gaira_base_4_passive_target_pilot_2_1_normalization_sensitivity,serum,serum,liver_cancer,LM_vs_NC|rep=zspec,,binary_effect,G06,protein_peptide_backbone,down,-0.763,cohens_d,-0.763,,,,STRONG,,/Volumes/SSD_Rad/GAIRA_BUILD/gaira_base_4_passive_target_pilot_2_1_normalization_sensitivity/tables/pilot2_1_effect_size_survival.csv,LM,serum,liver_cancer
E0000270,gaira_base_4_passive_target_pilot_2_1_normalization_sensitivity,serum,serum,liver_cancer,LM_vs_NC|rep=zspec,,binary_effect,G07,aromatic_residue,up,0.291,cohens_d,0.291,,,,MODERATE,,/Volumes/SSD_Rad/GAIRA_BUILD/gaira_base_4_passive_target_pilot_2_1_normalization_sensitivity/tables/pilot2_1_effect_size_survival.csv,LM,serum,liver_cancer
E0000271,gaira_base_4_passive_target_pilot_2_1_normalization_sensitivity,serum,serum,liver_cancer,LM_vs_NC|rep=zspec,,binary_effect,G08,lipid_acyl_membrane,down,-0.6,cohens_d,-0.6,,,,STRONG,,/Volumes/SSD_Rad/GAIRA_BUILD/gaira_base_4_passive_target_pilot_2_1_normalization_sensitivity/tables/pilot2_1_effect_size_survival.csv,LM,serum,liver_cancer
E0000272,gaira_base_4_passive_target_pilot_2_1_normalization_sensitivity,serum,serum,liver_cancer,LM_vs_NC|rep=zspec,,binary_effect,G09,sterol_neutral_lipid,stable,-0.196,cohens_d,-0.196,,,,WEAK,,/Volumes/SSD_Rad/GAIRA_BUILD/gaira_base_4_passive_target_pilot_2_1_normalization_sensitivity/tables/pilot2_1_effect_size_survival.csv,LM,serum,liver_cancer
E0000273,gaira_base_4_passive_target_pilot_2_1_normalization_sensitivity,serum,serum,liver_cancer,LM_vs_NC|rep=zspec,,binary_effect,G10,sulfur_thiol_redox,up,0.487,cohens_d,0.487,,,,STRONG,,/Volumes/SSD_Rad/GAIRA_BUILD/gaira_base_4_passive_target_pilot_2_1_normalization_sensitivity/tables/pilot2_1_effect_size_survival.csv,LM,serum,liver_cancer
E0000274,gaira_base_4_passive_target_pilot_2_1_normalization_sensitivity,serum,serum,liver_cancer,LM_vs_NC|rep=zspec,,binary_effect,G11,metabolic_small_molecule,stable,0.07,cohens_d,0.07,,,,WEAK,,/Volumes/SSD_Rad/GAIRA_BUILD/gaira_base_4_passive_target_pilot_2_1_normalization_sensitivity/tables/pilot2_1_effect_size_survival.csv,LM,serum,liver_cancer
E0000275,gaira_base_4_passive_target_pilot_2_1_normalization_sensitivity,serum,serum,liver_cancer,HCC_vs_NC|rep=delta_nc,,binary_effect,G01,purine_nucleotide,stable,0.042,cohens_d,0.042,,,,WEAK,,/Volumes/SSD_Rad/GAIRA_BUILD/gaira_base_4_passive_target_pilot_2_1_normalization_sensitivity/tables/pilot2_1_effect_size_survival.csv,HCC,serum,liver_cancer
E0000276,gaira_base_4_passive_target_pilot_2_1_normalization_sensitivity,serum,serum,liver_cancer,HCC_vs_NC|rep=delta_nc,,binary_effect,G02,purine_metabolite,stable,-0.061,cohens_d,-0.061,,,,WEAK,,/Volumes/SSD_Rad/GAIRA_BUILD/gaira_base_4_passive_target_pilot_2_1_normalization_sensitivity/tables/pilot2_1_effect_size_survival.csv,HCC,serum,liver_cancer
E0000277,gaira_base_4_passive_target_pilot_2_1_normalization_sensitivity,serum,serum,liver_cancer,HCC_vs_NC|rep=delta_nc,,binary_effect,G03,pyrimidine_nucleotide,stable,0.031,cohens_d,0.031,,,,WEAK,,/Volumes/SSD_Rad/GAIRA_BUILD/gaira_base_4_passive_target_pilot_2_1_normalization_sensitivity/tables/pilot2_1_effect_size_survival.csv,HCC,serum,liver_cancer
E0000278,gaira_base_4_passive_target_pilot_2_1_normalization_sensitivity,serum,serum,liver_cancer,HCC_vs_NC|rep=delta_nc,,binary_effect,G04,nucleic_acid_phosphate,stable,0.028,cohens_d,0.028,,,,WEAK,,/Volumes/SSD_Rad/GAIRA_BUILD/gaira_base_4_passive_target_pilot_2_1_normalization_sensitivity/tables/pilot2_1_effect_size_survival.csv,HCC,serum,liver_cancer
E0000279,gaira_base_4_passive_target_pilot_2_1_normalization_sensitivity,serum,serum,liver_cancer,HCC_vs_NC|rep=delta_nc,,binary_effect,G05,glycan_carbohydrate,stable,0.078,cohens_d,0.078,,,,WEAK,,/Volumes/SSD_Rad/GAIRA_BUILD/gaira_base_4_passive_target_pilot_2_1_normalization_sensitivity/tables/pilot2_1_effect_size_survival.csv,HCC,serum,liver_cancer
E0000280,gaira_base_4_passive_target_pilot_2_1_normalization_sensitivity,serum,serum,liver_cancer,HCC_vs_NC|rep=delta_nc,,binary_effect,G06,protein_peptide_backbone,stable,-0.008,cohens_d,-0.008,,,,WEAK,,/Volumes/SSD_Rad/GAIRA_BUILD/gaira_base_4_passive_target_pilot_2_1_normalization_sensitivity/tables/pilot2_1_effect_size_survival.csv,HCC,serum,liver_cancer
E0000281,gaira_base_4_passive_target_pilot_2_1_normalization_sensitivity,serum,serum,liver_cancer,HCC_vs_NC|rep=delta_nc,,binary_effect,G07,aromatic_residue,stable,0.073,cohens_d,0.073,,,,WEAK,,/Volumes/SSD_Rad/GAIRA_BUILD/gaira_base_4_passive_target_pilot_2_1_normalization_sensitivity/tables/pilot2_1_effect_size_survival.csv,HCC,serum,liver_cancer
E0000282,gaira_base_4_passive_target_pilot_2_1_normalization_sensitivity,serum,serum,liver_cancer,HCC_vs_NC|rep=delta_nc,,binary_effect,G08,lipid_acyl_membrane,stable,-0.025,cohens_d,-0.025,,,,WEAK,,/Volumes/SSD_Rad/GAIRA_BUILD/gaira_base_4_passive_target_pilot_2_1_normalization_sensitivity/tables/pilot2_1_effect_size_survival.csv,HCC,serum,liver_cancer
E0000283,gaira_base_4_passive_target_pilot_2_1_normalization_sensitivity,serum,serum,liver_cancer,HCC_vs_NC|rep=delta_nc,,binary_effect,G09,sterol_neutral_lipid,stable,-0.0,cohens_d,-0.0,,,,WEAK,,/Volumes/SSD_Rad/GAIRA_BUILD/gaira_base_4_passive_target_pilot_2_1_normalization_sensitivity/tables/pilot2_1_effect_size_survival.csv,HCC,serum,liver_cancer
E0000284,gaira_base_4_passive_target_pilot_2_1_normalization_sensitivity,serum,serum,liver_cancer,HCC_vs_NC|rep=delta_nc,,binary_effect,G10,sulfur_thiol_redox,stable,0.116,cohens_d,0.116,,,,WEAK,,/Volumes/SSD_Rad/GAIRA_BUILD/gaira_base_4_passive_target_pilot_2_1_normalization_sensitivity/tables/pilot2_1_effect_size_survival.csv,HCC,serum,liver_cancer
E0000285,gaira_base_4_passive_target_pilot_2_1_normalization_sensitivity,serum,serum,liver_cancer,HCC_vs_NC|rep=delta_nc,,binary_effect,G11,metabolic_small_molecule,stable,0.042,cohens_d,0.042,,,,WEAK,,/Volumes/SSD_Rad/GAIRA_BUILD/gaira_base_4_passive_target_pilot_2_1_normalization_sensitivity/tables/pilot2_1_effect_size_survival.csv,HCC,serum,liver_cancer
E0000286,gaira_base_4_passive_target_pilot_2_1_normalization_sensitivity,serum,serum,liver_cancer,CCA_vs_NC|rep=delta_nc,,binary_effect,G01,purine_nucleotide,up,1.195,cohens_d,1.195,,,,STRONG,,/Volumes/SSD_Rad/GAIRA_BUILD/gaira_base_4_passive_target_pilot_2_1_normalization_sensitivity/tables/pilot2_1_effect_size_survival.csv,CCA,serum,liver_cancer
E0000287,gaira_base_4_passive_target_pilot_2_1_normalization_sensitivity,serum,serum,liver_cancer,CCA_vs_NC|rep=delta_nc,,binary_effect,G02,purine_metabolite,up,1.024,cohens_d,1.024,,,,STRONG,,/Volumes/SSD_Rad/GAIRA_BUILD/gaira_base_4_passive_target_pilot_2_1_normalization_sensitivity/tables/pilot2_1_effect_size_survival.csv,CCA,serum,liver_cancer
E0000288,gaira_base_4_passive_target_pilot_2_1_normalization_sensitivity,serum,serum,liver_cancer,CCA_vs_NC|rep=delta_nc,,binary_effect,G03,pyrimidine_nucleotide,up,1.283,cohens_d,1.283,,,,STRONG,,/Volumes/SSD_Rad/GAIRA_BUILD/gaira_base_4_passive_target_pilot_2_1_normalization_sensitivity/tables/pilot2_1_effect_size_survival.csv,CCA,serum,liver_cancer
E0000289,gaira_base_4_passive_target_pilot_2_1_normalization_sensitivity,serum,serum,liver_cancer,CCA_vs_NC|rep=delta_nc,,binary_effect,G04,nucleic_acid_phosphate,up,1.196,cohens_d,1.196,,,,STRONG,,/Volumes/SSD_Rad/GAIRA_BUILD/gaira_base_4_passive_target_pilot_2_1_normalization_sensitivity/tables/pilot2_1_effect_size_survival.csv,CCA,serum,liver_cancer
E0000290,gaira_base_4_passive_target_pilot_2_1_normalization_sensitivity,serum,serum,liver_cancer,CCA_vs_NC|rep=delta_nc,,binary_effect,G05,glycan_carbohydrate,up,1.154,cohens_d,1.154,,,,STRONG,,/Volumes/SSD_Rad/GAIRA_BUILD/gaira_base_4_passive_target_pilot_2_1_normalization_sensitivity/tables/pilot2_1_effect_size_survival.csv,CCA,serum,liver_cancer
E0000291,gaira_base_4_passive_target_pilot_2_1_normalization_sensitivity,serum,serum,liver_cancer,CCA_vs_NC|rep=delta_nc,,binary_effect,G06,protein_peptide_backbone,up,1.15,cohens_d,1.15,,,,STRONG,,/Volumes/SSD_Rad/GAIRA_BUILD/gaira_base_4_passive_target_pilot_2_1_normalization_sensitivity/tables/pilot2_1_effect_size_survival.csv,CCA,serum,liver_cancer
E0000292,gaira_base_4_passive_target_pilot_2_1_normalization_sensitivity,serum,serum,liver_cancer,CCA_vs_NC|rep=delta_nc,,binary_effect,G07,aromatic_residue,up,1.145,cohens_d,1.145,,,,STRONG,,/Volumes/SSD_Rad/GAIRA_BUILD/gaira_base_4_passive_target_pilot_2_1_normalization_sensitivity/tables/pilot2_1_effect_size_survival.csv,CCA,serum,liver_cancer
E0000293,gaira_base_4_passive_target_pilot_2_1_normalization_sensitivity,serum,serum,liver_cancer,CCA_vs_NC|rep=delta_nc,,binary_effect,G08,lipid_acyl_membrane,up,1.137,cohens_d,1.137,,,,STRONG,,/Volumes/SSD_Rad/GAIRA_BUILD/gaira_base_4_passive_target_pilot_2_1_normalization_sensitivity/tables/pilot2_1_effect_size_survival.csv,CCA,serum,liver_cancer
E0000294,gaira_base_4_passive_target_pilot_2_1_normalization_sensitivity,serum,serum,liver_cancer,CCA_vs_NC|rep=delta_nc,,binary_effect,G09,sterol_neutral_lipid,up,0.496,cohens_d,0.496,,,,STRONG,,/Volumes/SSD_Rad/GAIRA_BUILD/gaira_base_4_passive_target_pilot_2_1_normalization_sensitivity/tables/pilot2_1_effect_size_survival.csv,CCA,serum,liver_cancer
E0000295,gaira_base_4_passive_target_pilot_2_1_normalization_sensitivity,serum,serum,liver_cancer,CCA_vs_NC|rep=delta_nc,,binary_effect,G10,sulfur_thiol_redox,up,1.565,cohens_d,1.565,,,,STRONG,,/Volumes/SSD_Rad/GAIRA_BUILD/gaira_base_4_passive_target_pilot_2_1_normalization_sensitivity/tables/pilot2_1_effect_size_survival.csv,CCA,serum,liver_cancer
E0000296,gaira_base_4_passive_target_pilot_2_1_normalization_sensitivity,serum,serum,liver_cancer,CCA_vs_NC|rep=delta_nc,,binary_effect,G11,metabolic_small_molecule,up,1.13,cohens_d,1.13,,,,STRONG,,/Volumes/SSD_Rad/GAIRA_BUILD/gaira_base_4_passive_target_pilot_2_1_normalization_sensitivity/tables/pilot2_1_effect_size_survival.csv,CCA,serum,liver_cancer
E0000297,gaira_base_4_passive_target_pilot_2_1_normalization_sensitivity,serum,serum,liver_cancer,LM_vs_NC|rep=delta_nc,,binary_effect,G01,purine_nucleotide,up,0.952,cohens_d,0.952,,,,STRONG,,/Volumes/SSD_Rad/GAIRA_BUILD/gaira_base_4_passive_target_pilot_2_1_normalization_sensitivity/tables/pilot2_1_effect_size_survival.csv,LM,serum,liver_cancer
E0000298,gaira_base_4_passive_target_pilot_2_1_normalization_sensitivity,serum,serum,liver_cancer,LM_vs_NC|rep=delta_nc,,binary_effect,G02,purine_metabolite,up,0.89,cohens_d,0.89,,,,STRONG,,/Volumes/SSD_Rad/GAIRA_BUILD/gaira_base_4_passive_target_pilot_2_1_normalization_sensitivity/tables/pilot2_1_effect_size_survival.csv,LM,serum,liver_cancer
E0000299,gaira_base_4_passive_target_pilot_2_1_normalization_sensitivity,serum,serum,liver_cancer,LM_vs_NC|rep=delta_nc,,binary_effect,G03,pyrimidine_nucleotide,up,1.003,cohens_d,1.003,,,,STRONG,,/Volumes/SSD_Rad/GAIRA_BUILD/gaira_base_4_passive_target_pilot_2_1_normalization_sensitivity/tables/pilot2_1_effect_size_survival.csv,LM,serum,liver_cancer
E0000300,gaira_base_4_passive_target_pilot_2_1_normalization_sensitivity,serum,serum,liver_cancer,LM_vs_NC|rep=delta_nc,,binary_effect,G04,nucleic_acid_phosphate,up,1.165,cohens_d,1.165,,,,STRONG,,/Volumes/SSD_Rad/GAIRA_BUILD/gaira_base_4_passive_target_pilot_2_1_normalization_sensitivity/tables/pilot2_1_effect_size_survival.csv,LM,serum,liver_cancer
E0000301,gaira_base_4_passive_target_pilot_2_1_normalization_sensitivity,serum,serum,liver_cancer,LM_vs_NC|rep=delta_nc,,binary_effect,G05,glycan_carbohydrate,up,1.045,cohens_d,1.045,,,,STRONG,,/Volumes/SSD_Rad/GAIRA_BUILD/gaira_base_4_passive_target_pilot_2_1_normalization_sensitivity/tables/pilot2_1_effect_size_survival.csv,LM,serum,liver_cancer
E0000302,gaira_base_4_passive_target_pilot_2_1_normalization_sensitivity,serum,serum,liver_cancer,LM_vs_NC|rep=delta_nc,,binary_effect,G06,protein_peptide_backbone,up,1.001,cohens_d,1.001,,,,STRONG,,/Volumes/SSD_Rad/GAIRA_BUILD/gaira_base_4_passive_target_pilot_2_1_normalization_sensitivity/tables/pilot2_1_effect_size_survival.csv,LM,serum,liver_cancer
E0000303,gaira_base_4_passive_target_pilot_2_1_normalization_sensitivity,serum,serum,liver_cancer,LM_vs_NC|rep=delta_nc,,binary_effect,G07,aromatic_residue,up,1.003,cohens_d,1.003,,,,STRONG,,/Volumes/SSD_Rad/GAIRA_BUILD/gaira_base_4_passive_target_pilot_2_1_normalization_sensitivity/tables/pilot2_1_effect_size_survival.csv,LM,serum,liver_cancer
E0000304,gaira_base_4_passive_target_pilot_2_1_normalization_sensitivity,serum,serum,liver_cancer,LM_vs_NC|rep=delta_nc,,binary_effect,G08,lipid_acyl_membrane,up,1.09,cohens_d,1.09,,,,STRONG,,/Volumes/SSD_Rad/GAIRA_BUILD/gaira_base_4_passive_target_pilot_2_1_normalization_sensitivity/tables/pilot2_1_effect_size_survival.csv,LM,serum,liver_cancer
E0000305,gaira_base_4_passive_target_pilot_2_1_normalization_sensitivity,serum,serum,liver_cancer,LM_vs_NC|rep=delta_nc,,binary_effect,G09,sterol_neutral_lipid,up,0.49,cohens_d,0.49,,,,STRONG,,/Volumes/SSD_Rad/GAIRA_BUILD/gaira_base_4_passive_target_pilot_2_1_normalization_sensitivity/tables/pilot2_1_effect_size_survival.csv,LM,serum,liver_cancer
E0000306,gaira_base_4_passive_target_pilot_2_1_normalization_sensitivity,serum,serum,liver_cancer,LM_vs_NC|rep=delta_nc,,binary_effect,G10,sulfur_thiol_redox,up,1.289,cohens_d,1.289,,,,STRONG,,/Volumes/SSD_Rad/GAIRA_BUILD/gaira_base_4_passive_target_pilot_2_1_normalization_sensitivity/tables/pilot2_1_effect_size_survival.csv,LM,serum,liver_cancer
E0000307,gaira_base_4_passive_target_pilot_2_1_normalization_sensitivity,serum,serum,liver_cancer,LM_vs_NC|rep=delta_nc,,binary_effect,G11,metabolic_small_molecule,up,0.903,cohens_d,0.903,,,,STRONG,,/Volumes/SSD_Rad/GAIRA_BUILD/gaira_base_4_passive_target_pilot_2_1_normalization_sensitivity/tables/pilot2_1_effect_size_survival.csv,LM,serum,liver_cancer
E0000308,gaira_base_4_passive_target_pilot_2_1_normalization_sensitivity,serum,serum,liver_cancer,HCC_vs_NC|rep=delta_sumnorm,,binary_effect,G01,purine_nucleotide,stable,0.048,cohens_d,0.048,,,,WEAK,,/Volumes/SSD_Rad/GAIRA_BUILD/gaira_base_4_passive_target_pilot_2_1_normalization_sensitivity/tables/pilot2_1_effect_size_survival.csv,HCC,serum,liver_cancer
E0000309,gaira_base_4_passive_target_pilot_2_1_normalization_sensitivity,serum,serum,liver_cancer,HCC_vs_NC|rep=delta_sumnorm,,binary_effect,G02,purine_metabolite,down,-0.388,cohens_d,-0.388,,,,MODERATE,,/Volumes/SSD_Rad/GAIRA_BUILD/gaira_base_4_passive_target_pilot_2_1_normalization_sensitivity/tables/pilot2_1_effect_size_survival.csv,HCC,serum,liver_cancer
E0000310,gaira_base_4_passive_target_pilot_2_1_normalization_sensitivity,serum,serum,liver_cancer,HCC_vs_NC|rep=delta_sumnorm,,binary_effect,G03,pyrimidine_nucleotide,stable,0.048,cohens_d,0.048,,,,WEAK,,/Volumes/SSD_Rad/GAIRA_BUILD/gaira_base_4_passive_target_pilot_2_1_normalization_sensitivity/tables/pilot2_1_effect_size_survival.csv,HCC,serum,liver_cancer
E0000311,gaira_base_4_passive_target_pilot_2_1_normalization_sensitivity,serum,serum,liver_cancer,HCC_vs_NC|rep=delta_sumnorm,,binary_effect,G04,nucleic_acid_phosphate,stable,0.028,cohens_d,0.028,,,,WEAK,,/Volumes/SSD_Rad/GAIRA_BUILD/gaira_base_4_passive_target_pilot_2_1_normalization_sensitivity/tables/pilot2_1_effect_size_survival.csv,HCC,serum,liver_cancer
E0000312,gaira_base_4_passive_target_pilot_2_1_normalization_sensitivity,serum,serum,liver_cancer,HCC_vs_NC|rep=delta_sumnorm,,binary_effect,G05,glycan_carbohydrate,stable,0.008,cohens_d,0.008,,,,WEAK,,/Volumes/SSD_Rad/GAIRA_BUILD/gaira_base_4_passive_target_pilot_2_1_normalization_sensitivity/tables/pilot2_1_effect_size_survival.csv,HCC,serum,liver_cancer
E0000313,gaira_base_4_passive_target_pilot_2_1_normalization_sensitivity,serum,serum,liver_cancer,HCC_vs_NC|rep=delta_sumnorm,,binary_effect,G06,protein_peptide_backbone,stable,-0.045,cohens_d,-0.045,,,,WEAK,,/Volumes/SSD_Rad/GAIRA_BUILD/gaira_base_4_passive_target_pilot_2_1_normalization_sensitivity/tables/pilot2_1_effect_size_survival.csv,HCC,serum,liver_cancer
E0000314,gaira_base_4_passive_target_pilot_2_1_normalization_sensitivity,serum,serum,liver_cancer,HCC_vs_NC|rep=delta_sumnorm,,binary_effect,G07,aromatic_residue,stable,0.129,cohens_d,0.129,,,,WEAK,,/Volumes/SSD_Rad/GAIRA_BUILD/gaira_base_4_passive_target_pilot_2_1_normalization_sensitivity/tables/pilot2_1_effect_size_survival.csv,HCC,serum,liver_cancer
E0000315,gaira_base_4_passive_target_pilot_2_1_normalization_sensitivity,serum,serum,liver_cancer,HCC_vs_NC|rep=delta_sumnorm,,binary_effect,G08,lipid_acyl_membrane,stable,-0.076,cohens_d,-0.076,,,,WEAK,,/Volumes/SSD_Rad/GAIRA_BUILD/gaira_base_4_passive_target_pilot_2_1_normalization_sensitivity/tables/pilot2_1_effect_size_survival.csv,HCC,serum,liver_cancer
E0000316,gaira_base_4_passive_target_pilot_2_1_normalization_sensitivity,serum,serum,liver_cancer,HCC_vs_NC|rep=delta_sumnorm,,binary_effect,G09,sterol_neutral_lipid,stable,-0.033,cohens_d,-0.033,,,,WEAK,,/Volumes/SSD_Rad/GAIRA_BUILD/gaira_base_4_passive_target_pilot_2_1_normalization_sensitivity/tables/pilot2_1_effect_size_survival.csv,HCC,serum,liver_cancer
E0000317,gaira_base_4_passive_target_pilot_2_1_normalization_sensitivity,serum,serum,liver_cancer,HCC_vs_NC|rep=delta_sumnorm,,binary_effect,G10,sulfur_thiol_redox,stable,0.141,cohens_d,0.141,,,,WEAK,,/Volumes/SSD_Rad/GAIRA_BUILD/gaira_base_4_passive_target_pilot_2_1_normalization_sensitivity/tables/pilot2_1_effect_size_survival.csv,HCC,serum,liver_cancer
E0000318,gaira_base_4_passive_target_pilot_2_1_normalization_sensitivity,serum,serum,liver_cancer,HCC_vs_NC|rep=delta_sumnorm,,binary_effect,G11,metabolic_small_molecule,stable,0.002,cohens_d,0.002,,,,WEAK,,/Volumes/SSD_Rad/GAIRA_BUILD/gaira_base_4_passive_target_pilot_2_1_normalization_sensitivity/tables/pilot2_1_effect_size_survival.csv,HCC,serum,liver_cancer
E0000319,gaira_base_4_passive_target_pilot_2_1_normalization_sensitivity,serum,serum,liver_cancer,CCA_vs_NC|rep=delta_sumnorm,,binary_effect,G01,purine_nucleotide,up,1.115,cohens_d,1.115,,,,STRONG,,/Volumes/SSD_Rad/GAIRA_BUILD/gaira_base_4_passive_target_pilot_2_1_normalization_sensitivity/tables/pilot2_1_effect_size_survival.csv,CCA,serum,liver_cancer
E0000320,gaira_base_4_passive_target_pilot_2_1_normalization_sensitivity,serum,serum,liver_cancer,CCA_vs_NC|rep=delta_sumnorm,,binary_effect,G02,purine_metabolite,up,0.265,cohens_d,0.265,,,,MODERATE,,/Volumes/SSD_Rad/GAIRA_BUILD/gaira_base_4_passive_target_pilot_2_1_normalization_sensitivity/tables/pilot2_1_effect_size_survival.csv,CCA,serum,liver_cancer
E0000321,gaira_base_4_passive_target_pilot_2_1_normalization_sensitivity,serum,serum,liver_cancer,CCA_vs_NC|rep=delta_sumnorm,,binary_effect,G03,pyrimidine_nucleotide,up,1.383,cohens_d,1.383,,,,STRONG,,/Volumes/SSD_Rad/GAIRA_BUILD/gaira_base_4_passive_target_pilot_2_1_normalization_sensitivity/tables/pilot2_1_effect_size_survival.csv,CCA,serum,liver_cancer
E0000322,gaira_base_4_passive_target_pilot_2_1_normalization_sensitivity,serum,serum,liver_cancer,CCA_vs_NC|rep=delta_sumnorm,,binary_effect,G04,nucleic_acid_phosphate,up,0.761,cohens_d,0.761,,,,STRONG,,/Volumes/SSD_Rad/GAIRA_BUILD/gaira_base_4_passive_target_pilot_2_1_normalization_sensitivity/tables/pilot2_1_effect_size_survival.csv,CCA,serum,liver_cancer
E0000323,gaira_base_4_passive_target_pilot_2_1_normalization_sensitivity,serum,serum,liver_cancer,CCA_vs_NC|rep=delta_sumnorm,,binary_effect,G05,glycan_carbohydrate,down,-1.283,cohens_d,-1.283,,,,STRONG,,/Volumes/SSD_Rad/GAIRA_BUILD/gaira_base_4_passive_target_pilot_2_1_normalization_sensitivity/tables/pilot2_1_effect_size_survival.csv,CCA,serum,liver_cancer
E0000324,gaira_base_4_passive_target_pilot_2_1_normalization_sensitivity,serum,serum,liver_cancer,CCA_vs_NC|rep=delta_sumnorm,,binary_effect,G06,protein_peptide_backbone,up,1.147,cohens_d,1.147,,,,STRONG,,/Volumes/SSD_Rad/GAIRA_BUILD/gaira_base_4_passive_target_pilot_2_1_normalization_sensitivity/tables/pilot2_1_effect_size_survival.csv,CCA,serum,liver_cancer
E0000325,gaira_base_4_passive_target_pilot_2_1_normalization_sensitivity,serum,serum,liver_cancer,CCA_vs_NC|rep=delta_sumnorm,,binary_effect,G07,aromatic_residue,up,1.146,cohens_d,1.146,,,,STRONG,,/Volumes/SSD_Rad/GAIRA_BUILD/gaira_base_4_passive_target_pilot_2_1_normalization_sensitivity/tables/pilot2_1_effect_size_survival.csv,CCA,serum,liver_cancer
E0000326,gaira_base_4_passive_target_pilot_2_1_normalization_sensitivity,serum,serum,liver_cancer,CCA_vs_NC|rep=delta_sumnorm,,binary_effect,G08,lipid_acyl_membrane,down,-1.285,cohens_d,-1.285,,,,STRONG,,/Volumes/SSD_Rad/GAIRA_BUILD/gaira_base_4_passive_target_pilot_2_1_normalization_sensitivity/tables/pilot2_1_effect_size_survival.csv,CCA,serum,liver_cancer
E0000327,gaira_base_4_passive_target_pilot_2_1_normalization_sensitivity,serum,serum,liver_cancer,CCA_vs_NC|rep=delta_sumnorm,,binary_effect,G09,sterol_neutral_lipid,down,-1.386,cohens_d,-1.386,,,,STRONG,,/Volumes/SSD_Rad/GAIRA_BUILD/gaira_base_4_passive_target_pilot_2_1_normalization_sensitivity/tables/pilot2_1_effect_size_survival.csv,CCA,serum,liver_cancer
E0000328,gaira_base_4_passive_target_pilot_2_1_normalization_sensitivity,serum,serum,liver_cancer,CCA_vs_NC|rep=delta_sumnorm,,binary_effect,G10,sulfur_thiol_redox,stable,-0.168,cohens_d,-0.168,,,,WEAK,,/Volumes/SSD_Rad/GAIRA_BUILD/gaira_base_4_passive_target_pilot_2_1_normalization_sensitivity/tables/pilot2_1_effect_size_survival.csv,CCA,serum,liver_cancer
E0000329,gaira_base_4_passive_target_pilot_2_1_normalization_sensitivity,serum,serum,liver_cancer,CCA_vs_NC|rep=delta_sumnorm,,binary_effect,G11,metabolic_small_molecule,down,-0.996,cohens_d,-0.996,,,,STRONG,,/Volumes/SSD_Rad/GAIRA_BUILD/gaira_base_4_passive_target_pilot_2_1_normalization_sensitivity/tables/pilot2_1_effect_size_survival.csv,CCA,serum,liver_cancer
E0000330,gaira_base_4_passive_target_pilot_2_1_normalization_sensitivity,serum,serum,liver_cancer,LM_vs_NC|rep=delta_sumnorm,,binary_effect,G01,purine_nucleotide,up,0.78,cohens_d,0.78,,,,STRONG,,/Volumes/SSD_Rad/GAIRA_BUILD/gaira_base_4_passive_target_pilot_2_1_normalization_sensitivity/tables/pilot2_1_effect_size_survival.csv,LM,serum,liver_cancer
E0000331,gaira_base_4_passive_target_pilot_2_1_normalization_sensitivity,serum,serum,liver_cancer,LM_vs_NC|rep=delta_sumnorm,,binary_effect,G02,purine_metabolite,stable,0.2,cohens_d,0.2,,,,MODERATE,,/Volumes/SSD_Rad/GAIRA_BUILD/gaira_base_4_passive_target_pilot_2_1_normalization_sensitivity/tables/pilot2_1_effect_size_survival.csv,LM,serum,liver_cancer
E0000332,gaira_base_4_passive_target_pilot_2_1_normalization_sensitivity,serum,serum,liver_cancer,LM_vs_NC|rep=delta_sumnorm,,binary_effect,G03,pyrimidine_nucleotide,up,0.863,cohens_d,0.863,,,,STRONG,,/Volumes/SSD_Rad/GAIRA_BUILD/gaira_base_4_passive_target_pilot_2_1_normalization_sensitivity/tables/pilot2_1_effect_size_survival.csv,LM,serum,liver_cancer
E0000333,gaira_base_4_passive_target_pilot_2_1_normalization_sensitivity,serum,serum,liver_cancer,LM_vs_NC|rep=delta_sumnorm,,binary_effect,G04,nucleic_acid_phosphate,up,1.027,cohens_d,1.027,,,,STRONG,,/Volumes/SSD_Rad/GAIRA_BUILD/gaira_base_4_passive_target_pilot_2_1_normalization_sensitivity/tables/pilot2_1_effect_size_survival.csv,LM,serum,liver_cancer
E0000334,gaira_base_4_passive_target_pilot_2_1_normalization_sensitivity,serum,serum,liver_cancer,LM_vs_NC|rep=delta_sumnorm,,binary_effect,G05,glycan_carbohydrate,down,-1.07,cohens_d,-1.07,,,,STRONG,,/Volumes/SSD_Rad/GAIRA_BUILD/gaira_base_4_passive_target_pilot_2_1_normalization_sensitivity/tables/pilot2_1_effect_size_survival.csv,LM,serum,liver_cancer
E0000335,gaira_base_4_passive_target_pilot_2_1_normalization_sensitivity,serum,serum,liver_cancer,LM_vs_NC|rep=delta_sumnorm,,binary_effect,G06,protein_peptide_backbone,up,1.012,cohens_d,1.012,,,,STRONG,,/Volumes/SSD_Rad/GAIRA_BUILD/gaira_base_4_passive_target_pilot_2_1_normalization_sensitivity/tables/pilot2_1_effect_size_survival.csv,LM,serum,liver_cancer
E0000336,gaira_base_4_passive_target_pilot_2_1_normalization_sensitivity,serum,serum,liver_cancer,LM_vs_NC|rep=delta_sumnorm,,binary_effect,G07,aromatic_residue,up,1.03,cohens_d,1.03,,,,STRONG,,/Volumes/SSD_Rad/GAIRA_BUILD/gaira_base_4_passive_target_pilot_2_1_normalization_sensitivity/tables/pilot2_1_effect_size_survival.csv,LM,serum,liver_cancer
E0000337,gaira_base_4_passive_target_pilot_2_1_normalization_sensitivity,serum,serum,liver_cancer,LM_vs_NC|rep=delta_sumnorm,,binary_effect,G08,lipid_acyl_membrane,down,-1.02,cohens_d,-1.02,,,,STRONG,,/Volumes/SSD_Rad/GAIRA_BUILD/gaira_base_4_passive_target_pilot_2_1_normalization_sensitivity/tables/pilot2_1_effect_size_survival.csv,LM,serum,liver_cancer
E0000338,gaira_base_4_passive_target_pilot_2_1_normalization_sensitivity,serum,serum,liver_cancer,LM_vs_NC|rep=delta_sumnorm,,binary_effect,G09,sterol_neutral_lipid,down,-1.194,cohens_d,-1.194,,,,STRONG,,/Volumes/SSD_Rad/GAIRA_BUILD/gaira_base_4_passive_target_pilot_2_1_normalization_sensitivity/tables/pilot2_1_effect_size_survival.csv,LM,serum,liver_cancer
E0000339,gaira_base_4_passive_target_pilot_2_1_normalization_sensitivity,serum,serum,liver_cancer,LM_vs_NC|rep=delta_sumnorm,,binary_effect,G10,sulfur_thiol_redox,stable,-0.028,cohens_d,-0.028,,,,WEAK,,/Volumes/SSD_Rad/GAIRA_BUILD/gaira_base_4_passive_target_pilot_2_1_normalization_sensitivity/tables/pilot2_1_effect_size_survival.csv,LM,serum,liver_cancer
E0000340,gaira_base_4_passive_target_pilot_2_1_normalization_sensitivity,serum,serum,liver_cancer,LM_vs_NC|rep=delta_sumnorm,,binary_effect,G11,metabolic_small_molecule,down,-0.85,cohens_d,-0.85,,,,STRONG,,/Volumes/SSD_Rad/GAIRA_BUILD/gaira_base_4_passive_target_pilot_2_1_normalization_sensitivity/tables/pilot2_1_effect_size_survival.csv,LM,serum,liver_cancer
E0000341,gaira_base_4_passive_target_pilot_1_1_normalization_sensitivity,serum,serum,liver_cancer,comparison|rep=abs,,binary_effect,G01,purine_nucleotide,stable,0.01,cohens_d,0.01,,,,WEAK,,/Volumes/SSD_Rad/GAIRA_BUILD/gaira_base_4_passive_target_pilot_1_1_normalization_sensitivity/tables/pilot1_1_effect_size_survival.csv,P1_HCC_holdout,serum,liver_cancer
E0000342,gaira_base_4_passive_target_pilot_1_1_normalization_sensitivity,serum,serum,liver_cancer,comparison|rep=abs,,binary_effect,G02,purine_metabolite,stable,-0.006,cohens_d,-0.006,,,,WEAK,,/Volumes/SSD_Rad/GAIRA_BUILD/gaira_base_4_passive_target_pilot_1_1_normalization_sensitivity/tables/pilot1_1_effect_size_survival.csv,P1_HCC_holdout,serum,liver_cancer
E0000343,gaira_base_4_passive_target_pilot_1_1_normalization_sensitivity,serum,serum,liver_cancer,comparison|rep=abs,,binary_effect,G03,pyrimidine_nucleotide,stable,-0.067,cohens_d,-0.067,,,,WEAK,,/Volumes/SSD_Rad/GAIRA_BUILD/gaira_base_4_passive_target_pilot_1_1_normalization_sensitivity/tables/pilot1_1_effect_size_survival.csv,P1_HCC_holdout,serum,liver_cancer
E0000344,gaira_base_4_passive_target_pilot_1_1_normalization_sensitivity,serum,serum,liver_cancer,comparison|rep=abs,,binary_effect,G04,nucleic_acid_phosphate,up,0.253,cohens_d,0.253,,,,MODERATE,,/Volumes/SSD_Rad/GAIRA_BUILD/gaira_base_4_passive_target_pilot_1_1_normalization_sensitivity/tables/pilot1_1_effect_size_survival.csv,P1_HCC_holdout,serum,liver_cancer
E0000345,gaira_base_4_passive_target_pilot_1_1_normalization_sensitivity,serum,serum,liver_cancer,comparison|rep=abs,,binary_effect,G05,glycan_carbohydrate,up,0.26,cohens_d,0.26,,,,MODERATE,,/Volumes/SSD_Rad/GAIRA_BUILD/gaira_base_4_passive_target_pilot_1_1_normalization_sensitivity/tables/pilot1_1_effect_size_survival.csv,P1_HCC_holdout,serum,liver_cancer
E0000346,gaira_base_4_passive_target_pilot_1_1_normalization_sensitivity,serum,serum,liver_cancer,comparison|rep=abs,,binary_effect,G06,protein_peptide_backbone,stable,-0.002,cohens_d,-0.002,,,,WEAK,,/Volumes/SSD_Rad/GAIRA_BUILD/gaira_base_4_passive_target_pilot_1_1_normalization_sensitivity/tables/pilot1_1_effect_size_survival.csv,P1_HCC_holdout,serum,liver_cancer
E0000347,gaira_base_4_passive_target_pilot_1_1_normalization_sensitivity,serum,serum,liver_cancer,comparison|rep=abs,,binary_effect,G07,aromatic_residue,stable,-0.006,cohens_d,-0.006,,,,WEAK,,/Volumes/SSD_Rad/GAIRA_BUILD/gaira_base_4_passive_target_pilot_1_1_normalization_sensitivity/tables/pilot1_1_effect_size_survival.csv,P1_HCC_holdout,serum,liver_cancer
E0000348,gaira_base_4_passive_target_pilot_1_1_normalization_sensitivity,serum,serum,liver_cancer,comparison|rep=abs,,binary_effect,G08,lipid_acyl_membrane,stable,0.101,cohens_d,0.101,,,,WEAK,,/Volumes/SSD_Rad/GAIRA_BUILD/gaira_base_4_passive_target_pilot_1_1_normalization_sensitivity/tables/pilot1_1_effect_size_survival.csv,P1_HCC_holdout,serum,liver_cancer
E0000349,gaira_base_4_passive_target_pilot_1_1_normalization_sensitivity,serum,serum,liver_cancer,comparison|rep=abs,,binary_effect,G09,sterol_neutral_lipid,stable,-0.173,cohens_d,-0.173,,,,WEAK,,/Volumes/SSD_Rad/GAIRA_BUILD/gaira_base_4_passive_target_pilot_1_1_normalization_sensitivity/tables/pilot1_1_effect_size_survival.csv,P1_HCC_holdout,serum,liver_cancer
E0000350,gaira_base_4_passive_target_pilot_1_1_normalization_sensitivity,serum,serum,liver_cancer,comparison|rep=abs,,binary_effect,G10,sulfur_thiol_redox,stable,-0.013,cohens_d,-0.013,,,,WEAK,,/Volumes/SSD_Rad/GAIRA_BUILD/gaira_base_4_passive_target_pilot_1_1_normalization_sensitivity/tables/pilot1_1_effect_size_survival.csv,P1_HCC_holdout,serum,liver_cancer
E0000351,gaira_base_4_passive_target_pilot_1_1_normalization_sensitivity,serum,serum,liver_cancer,comparison|rep=abs,,binary_effect,G11,metabolic_small_molecule,stable,0.033,cohens_d,0.033,,,,WEAK,,/Volumes/SSD_Rad/GAIRA_BUILD/gaira_base_4_passive_target_pilot_1_1_normalization_sensitivity/tables/pilot1_1_effect_size_survival.csv,P1_HCC_holdout,serum,liver_cancer
E0000352,gaira_base_4_passive_target_pilot_1_1_normalization_sensitivity,serum,serum,liver_cancer,comparison|rep=sumnorm,,binary_effect,G01,purine_nucleotide,stable,-0.095,cohens_d,-0.095,,,,WEAK,,/Volumes/SSD_Rad/GAIRA_BUILD/gaira_base_4_passive_target_pilot_1_1_normalization_sensitivity/tables/pilot1_1_effect_size_survival.csv,P1_HCC_holdout,serum,liver_cancer
E0000353,gaira_base_4_passive_target_pilot_1_1_normalization_sensitivity,serum,serum,liver_cancer,comparison|rep=sumnorm,,binary_effect,G02,purine_metabolite,down,-0.28,cohens_d,-0.28,,,,MODERATE,,/Volumes/SSD_Rad/GAIRA_BUILD/gaira_base_4_passive_target_pilot_1_1_normalization_sensitivity/tables/pilot1_1_effect_size_survival.csv,P1_HCC_holdout,serum,liver_cancer
E0000354,gaira_base_4_passive_target_pilot_1_1_normalization_sensitivity,serum,serum,liver_cancer,comparison|rep=sumnorm,,binary_effect,G03,pyrimidine_nucleotide,down,-0.43,cohens_d,-0.43,,,,STRONG,,/Volumes/SSD_Rad/GAIRA_BUILD/gaira_base_4_passive_target_pilot_1_1_normalization_sensitivity/tables/pilot1_1_effect_size_survival.csv,P1_HCC_holdout,serum,liver_cancer
E0000355,gaira_base_4_passive_target_pilot_1_1_normalization_sensitivity,serum,serum,liver_cancer,comparison|rep=sumnorm,,binary_effect,G04,nucleic_acid_phosphate,up,0.533,cohens_d,0.533,,,,STRONG,,/Volumes/SSD_Rad/GAIRA_BUILD/gaira_base_4_passive_target_pilot_1_1_normalization_sensitivity/tables/pilot1_1_effect_size_survival.csv,P1_HCC_holdout,serum,liver_cancer
E0000356,gaira_base_4_passive_target_pilot_1_1_normalization_sensitivity,serum,serum,liver_cancer,comparison|rep=sumnorm,,binary_effect,G05,glycan_carbohydrate,up,0.573,cohens_d,0.573,,,,STRONG,,/Volumes/SSD_Rad/GAIRA_BUILD/gaira_base_4_passive_target_pilot_1_1_normalization_sensitivity/tables/pilot1_1_effect_size_survival.csv,P1_HCC_holdout,serum,liver_cancer
E0000357,gaira_base_4_passive_target_pilot_1_1_normalization_sensitivity,serum,serum,liver_cancer,comparison|rep=sumnorm,,binary_effect,G06,protein_peptide_backbone,stable,-0.07,cohens_d,-0.07,,,,WEAK,,/Volumes/SSD_Rad/GAIRA_BUILD/gaira_base_4_passive_target_pilot_1_1_normalization_sensitivity/tables/pilot1_1_effect_size_survival.csv,P1_HCC_holdout,serum,liver_cancer
E0000358,gaira_base_4_passive_target_pilot_1_1_normalization_sensitivity,serum,serum,liver_cancer,comparison|rep=sumnorm,,binary_effect,G07,aromatic_residue,stable,-0.141,cohens_d,-0.141,,,,WEAK,,/Volumes/SSD_Rad/GAIRA_BUILD/gaira_base_4_passive_target_pilot_1_1_normalization_sensitivity/tables/pilot1_1_effect_size_survival.csv,P1_HCC_holdout,serum,liver_cancer
E0000359,gaira_base_4_passive_target_pilot_1_1_normalization_sensitivity,serum,serum,liver_cancer,comparison|rep=sumnorm,,binary_effect,G08,lipid_acyl_membrane,stable,0.19,cohens_d,0.19,,,,WEAK,,/Volumes/SSD_Rad/GAIRA_BUILD/gaira_base_4_passive_target_pilot_1_1_normalization_sensitivity/tables/pilot1_1_effect_size_survival.csv,P1_HCC_holdout,serum,liver_cancer
E0000360,gaira_base_4_passive_target_pilot_1_1_normalization_sensitivity,serum,serum,liver_cancer,comparison|rep=sumnorm,,binary_effect,G09,sterol_neutral_lipid,down,-0.458,cohens_d,-0.458,,,,STRONG,,/Volumes/SSD_Rad/GAIRA_BUILD/gaira_base_4_passive_target_pilot_1_1_normalization_sensitivity/tables/pilot1_1_effect_size_survival.csv,P1_HCC_holdout,serum,liver_cancer
E0000361,gaira_base_4_passive_target_pilot_1_1_normalization_sensitivity,serum,serum,liver_cancer,comparison|rep=sumnorm,,binary_effect,G10,sulfur_thiol_redox,stable,-0.048,cohens_d,-0.048,,,,WEAK,,/Volumes/SSD_Rad/GAIRA_BUILD/gaira_base_4_passive_target_pilot_1_1_normalization_sensitivity/tables/pilot1_1_effect_size_survival.csv,P1_HCC_holdout,serum,liver_cancer
E0000362,gaira_base_4_passive_target_pilot_1_1_normalization_sensitivity,serum,serum,liver_cancer,comparison|rep=sumnorm,,binary_effect,G11,metabolic_small_molecule,stable,-0.04,cohens_d,-0.04,,,,WEAK,,/Volumes/SSD_Rad/GAIRA_BUILD/gaira_base_4_passive_target_pilot_1_1_normalization_sensitivity/tables/pilot1_1_effect_size_survival.csv,P1_HCC_holdout,serum,liver_cancer
E0000363,gaira_base_4_passive_target_pilot_1_1_normalization_sensitivity,serum,serum,liver_cancer,comparison|rep=clr,,binary_effect,G01,purine_nucleotide,stable,-0.106,cohens_d,-0.106,,,,WEAK,,/Volumes/SSD_Rad/GAIRA_BUILD/gaira_base_4_passive_target_pilot_1_1_normalization_sensitivity/tables/pilot1_1_effect_size_survival.csv,P1_HCC_holdout,serum,liver_cancer
E0000364,gaira_base_4_passive_target_pilot_1_1_normalization_sensitivity,serum,serum,liver_cancer,comparison|rep=clr,,binary_effect,G02,purine_metabolite,down,-0.307,cohens_d,-0.307,,,,MODERATE,,/Volumes/SSD_Rad/GAIRA_BUILD/gaira_base_4_passive_target_pilot_1_1_normalization_sensitivity/tables/pilot1_1_effect_size_survival.csv,P1_HCC_holdout,serum,liver_cancer
E0000365,gaira_base_4_passive_target_pilot_1_1_normalization_sensitivity,serum,serum,liver_cancer,comparison|rep=clr,,binary_effect,G03,pyrimidine_nucleotide,down,-0.434,cohens_d,-0.434,,,,STRONG,,/Volumes/SSD_Rad/GAIRA_BUILD/gaira_base_4_passive_target_pilot_1_1_normalization_sensitivity/tables/pilot1_1_effect_size_survival.csv,P1_HCC_holdout,serum,liver_cancer
E0000366,gaira_base_4_passive_target_pilot_1_1_normalization_sensitivity,serum,serum,liver_cancer,comparison|rep=clr,,binary_effect,G04,nucleic_acid_phosphate,up,0.547,cohens_d,0.547,,,,STRONG,,/Volumes/SSD_Rad/GAIRA_BUILD/gaira_base_4_passive_target_pilot_1_1_normalization_sensitivity/tables/pilot1_1_effect_size_survival.csv,P1_HCC_holdout,serum,liver_cancer
E0000367,gaira_base_4_passive_target_pilot_1_1_normalization_sensitivity,serum,serum,liver_cancer,comparison|rep=clr,,binary_effect,G05,glycan_carbohydrate,up,0.551,cohens_d,0.551,,,,STRONG,,/Volumes/SSD_Rad/GAIRA_BUILD/gaira_base_4_passive_target_pilot_1_1_normalization_sensitivity/tables/pilot1_1_effect_size_survival.csv,P1_HCC_holdout,serum,liver_cancer
E0000368,gaira_base_4_passive_target_pilot_1_1_normalization_sensitivity,serum,serum,liver_cancer,comparison|rep=clr,,binary_effect,G06,protein_peptide_backbone,stable,-0.08,cohens_d,-0.08,,,,WEAK,,/Volumes/SSD_Rad/GAIRA_BUILD/gaira_base_4_passive_target_pilot_1_1_normalization_sensitivity/tables/pilot1_1_effect_size_survival.csv,P1_HCC_holdout,serum,liver_cancer
E0000369,gaira_base_4_passive_target_pilot_1_1_normalization_sensitivity,serum,serum,liver_cancer,comparison|rep=clr,,binary_effect,G07,aromatic_residue,stable,-0.16,cohens_d,-0.16,,,,WEAK,,/Volumes/SSD_Rad/GAIRA_BUILD/gaira_base_4_passive_target_pilot_1_1_normalization_sensitivity/tables/pilot1_1_effect_size_survival.csv,P1_HCC_holdout,serum,liver_cancer
E0000370,gaira_base_4_passive_target_pilot_1_1_normalization_sensitivity,serum,serum,liver_cancer,comparison|rep=clr,,binary_effect,G08,lipid_acyl_membrane,stable,0.19,cohens_d,0.19,,,,WEAK,,/Volumes/SSD_Rad/GAIRA_BUILD/gaira_base_4_passive_target_pilot_1_1_normalization_sensitivity/tables/pilot1_1_effect_size_survival.csv,P1_HCC_holdout,serum,liver_cancer
E0000371,gaira_base_4_passive_target_pilot_1_1_normalization_sensitivity,serum,serum,liver_cancer,comparison|rep=clr,,binary_effect,G09,sterol_neutral_lipid,down,-0.471,cohens_d,-0.471,,,,STRONG,,/Volumes/SSD_Rad/GAIRA_BUILD/gaira_base_4_passive_target_pilot_1_1_normalization_sensitivity/tables/pilot1_1_effect_size_survival.csv,P1_HCC_holdout,serum,liver_cancer
E0000372,gaira_base_4_passive_target_pilot_1_1_normalization_sensitivity,serum,serum,liver_cancer,comparison|rep=clr,,binary_effect,G10,sulfur_thiol_redox,stable,-0.055,cohens_d,-0.055,,,,WEAK,,/Volumes/SSD_Rad/GAIRA_BUILD/gaira_base_4_passive_target_pilot_1_1_normalization_sensitivity/tables/pilot1_1_effect_size_survival.csv,P1_HCC_holdout,serum,liver_cancer
E0000373,gaira_base_4_passive_target_pilot_1_1_normalization_sensitivity,serum,serum,liver_cancer,comparison|rep=clr,,binary_effect,G11,metabolic_small_molecule,stable,-0.046,cohens_d,-0.046,,,,WEAK,,/Volumes/SSD_Rad/GAIRA_BUILD/gaira_base_4_passive_target_pilot_1_1_normalization_sensitivity/tables/pilot1_1_effect_size_survival.csv,P1_HCC_holdout,serum,liver_cancer
E0000374,gaira_base_4_passive_target_pilot_1_1_normalization_sensitivity,serum,serum,liver_cancer,comparison|rep=delta_ctr,,binary_effect,G01,purine_nucleotide,stable,0.01,cohens_d,0.01,,,,WEAK,,/Volumes/SSD_Rad/GAIRA_BUILD/gaira_base_4_passive_target_pilot_1_1_normalization_sensitivity/tables/pilot1_1_effect_size_survival.csv,P1_HCC_holdout,serum,liver_cancer
E0000375,gaira_base_4_passive_target_pilot_1_1_normalization_sensitivity,serum,serum,liver_cancer,comparison|rep=delta_ctr,,binary_effect,G02,purine_metabolite,stable,-0.006,cohens_d,-0.006,,,,WEAK,,/Volumes/SSD_Rad/GAIRA_BUILD/gaira_base_4_passive_target_pilot_1_1_normalization_sensitivity/tables/pilot1_1_effect_size_survival.csv,P1_HCC_holdout,serum,liver_cancer
E0000376,gaira_base_4_passive_target_pilot_1_1_normalization_sensitivity,serum,serum,liver_cancer,comparison|rep=delta_ctr,,binary_effect,G03,pyrimidine_nucleotide,stable,-0.067,cohens_d,-0.067,,,,WEAK,,/Volumes/SSD_Rad/GAIRA_BUILD/gaira_base_4_passive_target_pilot_1_1_normalization_sensitivity/tables/pilot1_1_effect_size_survival.csv,P1_HCC_holdout,serum,liver_cancer
E0000377,gaira_base_4_passive_target_pilot_1_1_normalization_sensitivity,serum,serum,liver_cancer,comparison|rep=delta_ctr,,binary_effect,G04,nucleic_acid_phosphate,up,0.253,cohens_d,0.253,,,,MODERATE,,/Volumes/SSD_Rad/GAIRA_BUILD/gaira_base_4_passive_target_pilot_1_1_normalization_sensitivity/tables/pilot1_1_effect_size_survival.csv,P1_HCC_holdout,serum,liver_cancer
E0000378,gaira_base_4_passive_target_pilot_1_1_normalization_sensitivity,serum,serum,liver_cancer,comparison|rep=delta_ctr,,binary_effect,G05,glycan_carbohydrate,up,0.26,cohens_d,0.26,,,,MODERATE,,/Volumes/SSD_Rad/GAIRA_BUILD/gaira_base_4_passive_target_pilot_1_1_normalization_sensitivity/tables/pilot1_1_effect_size_survival.csv,P1_HCC_holdout,serum,liver_cancer
E0000379,gaira_base_4_passive_target_pilot_1_1_normalization_sensitivity,serum,serum,liver_cancer,comparison|rep=delta_ctr,,binary_effect,G06,protein_peptide_backbone,stable,-0.002,cohens_d,-0.002,,,,WEAK,,/Volumes/SSD_Rad/GAIRA_BUILD/gaira_base_4_passive_target_pilot_1_1_normalization_sensitivity/tables/pilot1_1_effect_size_survival.csv,P1_HCC_holdout,serum,liver_cancer
E0000380,gaira_base_4_passive_target_pilot_1_1_normalization_sensitivity,serum,serum,liver_cancer,comparison|rep=delta_ctr,,binary_effect,G07,aromatic_residue,stable,-0.006,cohens_d,-0.006,,,,WEAK,,/Volumes/SSD_Rad/GAIRA_BUILD/gaira_base_4_passive_target_pilot_1_1_normalization_sensitivity/tables/pilot1_1_effect_size_survival.csv,P1_HCC_holdout,serum,liver_cancer
E0000381,gaira_base_4_passive_target_pilot_1_1_normalization_sensitivity,serum,serum,liver_cancer,comparison|rep=delta_ctr,,binary_effect,G08,lipid_acyl_membrane,stable,0.101,cohens_d,0.101,,,,WEAK,,/Volumes/SSD_Rad/GAIRA_BUILD/gaira_base_4_passive_target_pilot_1_1_normalization_sensitivity/tables/pilot1_1_effect_size_survival.csv,P1_HCC_holdout,serum,liver_cancer
E0000382,gaira_base_4_passive_target_pilot_1_1_normalization_sensitivity,serum,serum,liver_cancer,comparison|rep=delta_ctr,,binary_effect,G09,sterol_neutral_lipid,stable,-0.173,cohens_d,-0.173,,,,WEAK,,/Volumes/SSD_Rad/GAIRA_BUILD/gaira_base_4_passive_target_pilot_1_1_normalization_sensitivity/tables/pilot1_1_effect_size_survival.csv,P1_HCC_holdout,serum,liver_cancer
E0000383,gaira_base_4_passive_target_pilot_1_1_normalization_sensitivity,serum,serum,liver_cancer,comparison|rep=delta_ctr,,binary_effect,G10,sulfur_thiol_redox,stable,-0.013,cohens_d,-0.013,,,,WEAK,,/Volumes/SSD_Rad/GAIRA_BUILD/gaira_base_4_passive_target_pilot_1_1_normalization_sensitivity/tables/pilot1_1_effect_size_survival.csv,P1_HCC_holdout,serum,liver_cancer
E0000384,gaira_base_4_passive_target_pilot_1_1_normalization_sensitivity,serum,serum,liver_cancer,comparison|rep=delta_ctr,,binary_effect,G11,metabolic_small_molecule,stable,0.033,cohens_d,0.033,,,,WEAK,,/Volumes/SSD_Rad/GAIRA_BUILD/gaira_base_4_passive_target_pilot_1_1_normalization_sensitivity/tables/pilot1_1_effect_size_survival.csv,P1_HCC_holdout,serum,liver_cancer
E0000385,gaira_base_4_passive_target_pilot_1_1_normalization_sensitivity,serum,serum,liver_cancer,comparison|rep=delta_sumnorm,,binary_effect,G01,purine_nucleotide,stable,-0.095,cohens_d,-0.095,,,,WEAK,,/Volumes/SSD_Rad/GAIRA_BUILD/gaira_base_4_passive_target_pilot_1_1_normalization_sensitivity/tables/pilot1_1_effect_size_survival.csv,P1_HCC_holdout,serum,liver_cancer
E0000386,gaira_base_4_passive_target_pilot_1_1_normalization_sensitivity,serum,serum,liver_cancer,comparison|rep=delta_sumnorm,,binary_effect,G02,purine_metabolite,down,-0.28,cohens_d,-0.28,,,,MODERATE,,/Volumes/SSD_Rad/GAIRA_BUILD/gaira_base_4_passive_target_pilot_1_1_normalization_sensitivity/tables/pilot1_1_effect_size_survival.csv,P1_HCC_holdout,serum,liver_cancer
E0000387,gaira_base_4_passive_target_pilot_1_1_normalization_sensitivity,serum,serum,liver_cancer,comparison|rep=delta_sumnorm,,binary_effect,G03,pyrimidine_nucleotide,down,-0.43,cohens_d,-0.43,,,,STRONG,,/Volumes/SSD_Rad/GAIRA_BUILD/gaira_base_4_passive_target_pilot_1_1_normalization_sensitivity/tables/pilot1_1_effect_size_survival.csv,P1_HCC_holdout,serum,liver_cancer
E0000388,gaira_base_4_passive_target_pilot_1_1_normalization_sensitivity,serum,serum,liver_cancer,comparison|rep=delta_sumnorm,,binary_effect,G04,nucleic_acid_phosphate,up,0.533,cohens_d,0.533,,,,STRONG,,/Volumes/SSD_Rad/GAIRA_BUILD/gaira_base_4_passive_target_pilot_1_1_normalization_sensitivity/tables/pilot1_1_effect_size_survival.csv,P1_HCC_holdout,serum,liver_cancer
E0000389,gaira_base_4_passive_target_pilot_1_1_normalization_sensitivity,serum,serum,liver_cancer,comparison|rep=delta_sumnorm,,binary_effect,G05,glycan_carbohydrate,up,0.573,cohens_d,0.573,,,,STRONG,,/Volumes/SSD_Rad/GAIRA_BUILD/gaira_base_4_passive_target_pilot_1_1_normalization_sensitivity/tables/pilot1_1_effect_size_survival.csv,P1_HCC_holdout,serum,liver_cancer
E0000390,gaira_base_4_passive_target_pilot_1_1_normalization_sensitivity,serum,serum,liver_cancer,comparison|rep=delta_sumnorm,,binary_effect,G06,protein_peptide_backbone,stable,-0.07,cohens_d,-0.07,,,,WEAK,,/Volumes/SSD_Rad/GAIRA_BUILD/gaira_base_4_passive_target_pilot_1_1_normalization_sensitivity/tables/pilot1_1_effect_size_survival.csv,P1_HCC_holdout,serum,liver_cancer
E0000391,gaira_base_4_passive_target_pilot_1_1_normalization_sensitivity,serum,serum,liver_cancer,comparison|rep=delta_sumnorm,,binary_effect,G07,aromatic_residue,stable,-0.141,cohens_d,-0.141,,,,WEAK,,/Volumes/SSD_Rad/GAIRA_BUILD/gaira_base_4_passive_target_pilot_1_1_normalization_sensitivity/tables/pilot1_1_effect_size_survival.csv,P1_HCC_holdout,serum,liver_cancer
E0000392,gaira_base_4_passive_target_pilot_1_1_normalization_sensitivity,serum,serum,liver_cancer,comparison|rep=delta_sumnorm,,binary_effect,G08,lipid_acyl_membrane,stable,0.19,cohens_d,0.19,,,,WEAK,,/Volumes/SSD_Rad/GAIRA_BUILD/gaira_base_4_passive_target_pilot_1_1_normalization_sensitivity/tables/pilot1_1_effect_size_survival.csv,P1_HCC_holdout,serum,liver_cancer
E0000393,gaira_base_4_passive_target_pilot_1_1_normalization_sensitivity,serum,serum,liver_cancer,comparison|rep=delta_sumnorm,,binary_effect,G09,sterol_neutral_lipid,down,-0.458,cohens_d,-0.458,,,,STRONG,,/Volumes/SSD_Rad/GAIRA_BUILD/gaira_base_4_passive_target_pilot_1_1_normalization_sensitivity/tables/pilot1_1_effect_size_survival.csv,P1_HCC_holdout,serum,liver_cancer
E0000394,gaira_base_4_passive_target_pilot_1_1_normalization_sensitivity,serum,serum,liver_cancer,comparison|rep=delta_sumnorm,,binary_effect,G10,sulfur_thiol_redox,stable,-0.048,cohens_d,-0.048,,,,WEAK,,/Volumes/SSD_Rad/GAIRA_BUILD/gaira_base_4_passive_target_pilot_1_1_normalization_sensitivity/tables/pilot1_1_effect_size_survival.csv,P1_HCC_holdout,serum,liver_cancer
E0000395,gaira_base_4_passive_target_pilot_1_1_normalization_sensitivity,serum,serum,liver_cancer,comparison|rep=delta_sumnorm,,binary_effect,G11,metabolic_small_molecule,stable,-0.04,cohens_d,-0.04,,,,WEAK,,/Volumes/SSD_Rad/GAIRA_BUILD/gaira_base_4_passive_target_pilot_1_1_normalization_sensitivity/tables/pilot1_1_effect_size_survival.csv,P1_HCC_holdout,serum,liver_cancer
E0000396,gaira_base_4_cross_pilot_synthesis_v1,synthesis,mixed,cross_pilot,P1_HCC_vs_CTR|rep=abs|substrate=Ag_colloid_untyped (Gurian Ag)|pilot=P1_Gurian_HCC,,cross_pilot_harmonized,G01,purine_nucleotide,stable,0.01,cohens_d,0.01,,,,WEAK,,/Volumes/SSD_Rad/GAIRA_BUILD/gaira_base_4_cross_pilot_synthesis_v1/tables/cross_pilot_harmonized_effect_sizes_v1.csv,P1_HCC_vs_CTR,serum,liver_cancer
E0000397,gaira_base_4_cross_pilot_synthesis_v1,synthesis,mixed,cross_pilot,P1_HCC_vs_CTR|rep=abs|substrate=Ag_colloid_untyped (Gurian Ag)|pilot=P1_Gurian_HCC,,cross_pilot_harmonized,G02,purine_metabolite,stable,-0.006,cohens_d,-0.006,,,,WEAK,,/Volumes/SSD_Rad/GAIRA_BUILD/gaira_base_4_cross_pilot_synthesis_v1/tables/cross_pilot_harmonized_effect_sizes_v1.csv,P1_HCC_vs_CTR,serum,liver_cancer
E0000398,gaira_base_4_cross_pilot_synthesis_v1,synthesis,mixed,cross_pilot,P1_HCC_vs_CTR|rep=abs|substrate=Ag_colloid_untyped (Gurian Ag)|pilot=P1_Gurian_HCC,,cross_pilot_harmonized,G03,pyrimidine_nucleotide,stable,-0.067,cohens_d,-0.067,,,,WEAK,,/Volumes/SSD_Rad/GAIRA_BUILD/gaira_base_4_cross_pilot_synthesis_v1/tables/cross_pilot_harmonized_effect_sizes_v1.csv,P1_HCC_vs_CTR,serum,liver_cancer
E0000399,gaira_base_4_cross_pilot_synthesis_v1,synthesis,mixed,cross_pilot,P1_HCC_vs_CTR|rep=abs|substrate=Ag_colloid_untyped (Gurian Ag)|pilot=P1_Gurian_HCC,,cross_pilot_harmonized,G04,nucleic_acid_phosphate,up,0.253,cohens_d,0.253,,,,MODERATE,,/Volumes/SSD_Rad/GAIRA_BUILD/gaira_base_4_cross_pilot_synthesis_v1/tables/cross_pilot_harmonized_effect_sizes_v1.csv,P1_HCC_vs_CTR,serum,liver_cancer
E0000400,gaira_base_4_cross_pilot_synthesis_v1,synthesis,mixed,cross_pilot,P1_HCC_vs_CTR|rep=abs|substrate=Ag_colloid_untyped (Gurian Ag)|pilot=P1_Gurian_HCC,,cross_pilot_harmonized,G05,glycan_carbohydrate,up,0.26,cohens_d,0.26,,,,MODERATE,,/Volumes/SSD_Rad/GAIRA_BUILD/gaira_base_4_cross_pilot_synthesis_v1/tables/cross_pilot_harmonized_effect_sizes_v1.csv,P1_HCC_vs_CTR,serum,liver_cancer
E0000401,gaira_base_4_cross_pilot_synthesis_v1,synthesis,mixed,cross_pilot,P1_HCC_vs_CTR|rep=abs|substrate=Ag_colloid_untyped (Gurian Ag)|pilot=P1_Gurian_HCC,,cross_pilot_harmonized,G06,protein_peptide_backbone,stable,-0.002,cohens_d,-0.002,,,,WEAK,,/Volumes/SSD_Rad/GAIRA_BUILD/gaira_base_4_cross_pilot_synthesis_v1/tables/cross_pilot_harmonized_effect_sizes_v1.csv,P1_HCC_vs_CTR,serum,liver_cancer
E0000402,gaira_base_4_cross_pilot_synthesis_v1,synthesis,mixed,cross_pilot,P1_HCC_vs_CTR|rep=abs|substrate=Ag_colloid_untyped (Gurian Ag)|pilot=P1_Gurian_HCC,,cross_pilot_harmonized,G07,aromatic_residue,stable,-0.006,cohens_d,-0.006,,,,WEAK,,/Volumes/SSD_Rad/GAIRA_BUILD/gaira_base_4_cross_pilot_synthesis_v1/tables/cross_pilot_harmonized_effect_sizes_v1.csv,P1_HCC_vs_CTR,serum,liver_cancer
E0000403,gaira_base_4_cross_pilot_synthesis_v1,synthesis,mixed,cross_pilot,P1_HCC_vs_CTR|rep=abs|substrate=Ag_colloid_untyped (Gurian Ag)|pilot=P1_Gurian_HCC,,cross_pilot_harmonized,G08,lipid_acyl_membrane,stable,0.101,cohens_d,0.101,,,,WEAK,,/Volumes/SSD_Rad/GAIRA_BUILD/gaira_base_4_cross_pilot_synthesis_v1/tables/cross_pilot_harmonized_effect_sizes_v1.csv,P1_HCC_vs_CTR,serum,liver_cancer
E0000404,gaira_base_4_cross_pilot_synthesis_v1,synthesis,mixed,cross_pilot,P1_HCC_vs_CTR|rep=abs|substrate=Ag_colloid_untyped (Gurian Ag)|pilot=P1_Gurian_HCC,,cross_pilot_harmonized,G09,sterol_neutral_lipid,stable,-0.173,cohens_d,-0.173,,,,WEAK,,/Volumes/SSD_Rad/GAIRA_BUILD/gaira_base_4_cross_pilot_synthesis_v1/tables/cross_pilot_harmonized_effect_sizes_v1.csv,P1_HCC_vs_CTR,serum,liver_cancer
E0000405,gaira_base_4_cross_pilot_synthesis_v1,synthesis,mixed,cross_pilot,P1_HCC_vs_CTR|rep=abs|substrate=Ag_colloid_untyped (Gurian Ag)|pilot=P1_Gurian_HCC,,cross_pilot_harmonized,G10,sulfur_thiol_redox,stable,-0.013,cohens_d,-0.013,,,,WEAK,,/Volumes/SSD_Rad/GAIRA_BUILD/gaira_base_4_cross_pilot_synthesis_v1/tables/cross_pilot_harmonized_effect_sizes_v1.csv,P1_HCC_vs_CTR,serum,liver_cancer
E0000406,gaira_base_4_cross_pilot_synthesis_v1,synthesis,mixed,cross_pilot,P1_HCC_vs_CTR|rep=abs|substrate=Ag_colloid_untyped (Gurian Ag)|pilot=P1_Gurian_HCC,,cross_pilot_harmonized,G11,metabolic_small_molecule,stable,0.033,cohens_d,0.033,,,,WEAK,,/Volumes/SSD_Rad/GAIRA_BUILD/gaira_base_4_cross_pilot_synthesis_v1/tables/cross_pilot_harmonized_effect_sizes_v1.csv,P1_HCC_vs_CTR,serum,liver_cancer
E0000407,gaira_base_4_cross_pilot_synthesis_v1,synthesis,mixed,cross_pilot,P1_HCC_vs_CTR|rep=sumnorm|substrate=Ag_colloid_untyped (Gurian Ag)|pilot=P1_Gurian_HCC,,cross_pilot_harmonized,G01,purine_nucleotide,stable,-0.095,cohens_d,-0.095,,,,WEAK,,/Volumes/SSD_Rad/GAIRA_BUILD/gaira_base_4_cross_pilot_synthesis_v1/tables/cross_pilot_harmonized_effect_sizes_v1.csv,P1_HCC_vs_CTR,serum,liver_cancer
E0000408,gaira_base_4_cross_pilot_synthesis_v1,synthesis,mixed,cross_pilot,P1_HCC_vs_CTR|rep=sumnorm|substrate=Ag_colloid_untyped (Gurian Ag)|pilot=P1_Gurian_HCC,,cross_pilot_harmonized,G02,purine_metabolite,down,-0.28,cohens_d,-0.28,,,,MODERATE,,/Volumes/SSD_Rad/GAIRA_BUILD/gaira_base_4_cross_pilot_synthesis_v1/tables/cross_pilot_harmonized_effect_sizes_v1.csv,P1_HCC_vs_CTR,serum,liver_cancer
E0000409,gaira_base_4_cross_pilot_synthesis_v1,synthesis,mixed,cross_pilot,P1_HCC_vs_CTR|rep=sumnorm|substrate=Ag_colloid_untyped (Gurian Ag)|pilot=P1_Gurian_HCC,,cross_pilot_harmonized,G03,pyrimidine_nucleotide,down,-0.43,cohens_d,-0.43,,,,STRONG,,/Volumes/SSD_Rad/GAIRA_BUILD/gaira_base_4_cross_pilot_synthesis_v1/tables/cross_pilot_harmonized_effect_sizes_v1.csv,P1_HCC_vs_CTR,serum,liver_cancer
E0000410,gaira_base_4_cross_pilot_synthesis_v1,synthesis,mixed,cross_pilot,P1_HCC_vs_CTR|rep=sumnorm|substrate=Ag_colloid_untyped (Gurian Ag)|pilot=P1_Gurian_HCC,,cross_pilot_harmonized,G04,nucleic_acid_phosphate,up,0.533,cohens_d,0.533,,,,STRONG,,/Volumes/SSD_Rad/GAIRA_BUILD/gaira_base_4_cross_pilot_synthesis_v1/tables/cross_pilot_harmonized_effect_sizes_v1.csv,P1_HCC_vs_CTR,serum,liver_cancer
E0000411,gaira_base_4_cross_pilot_synthesis_v1,synthesis,mixed,cross_pilot,P1_HCC_vs_CTR|rep=sumnorm|substrate=Ag_colloid_untyped (Gurian Ag)|pilot=P1_Gurian_HCC,,cross_pilot_harmonized,G05,glycan_carbohydrate,up,0.573,cohens_d,0.573,,,,STRONG,,/Volumes/SSD_Rad/GAIRA_BUILD/gaira_base_4_cross_pilot_synthesis_v1/tables/cross_pilot_harmonized_effect_sizes_v1.csv,P1_HCC_vs_CTR,serum,liver_cancer
E0000412,gaira_base_4_cross_pilot_synthesis_v1,synthesis,mixed,cross_pilot,P1_HCC_vs_CTR|rep=sumnorm|substrate=Ag_colloid_untyped (Gurian Ag)|pilot=P1_Gurian_HCC,,cross_pilot_harmonized,G06,protein_peptide_backbone,stable,-0.07,cohens_d,-0.07,,,,WEAK,,/Volumes/SSD_Rad/GAIRA_BUILD/gaira_base_4_cross_pilot_synthesis_v1/tables/cross_pilot_harmonized_effect_sizes_v1.csv,P1_HCC_vs_CTR,serum,liver_cancer
E0000413,gaira_base_4_cross_pilot_synthesis_v1,synthesis,mixed,cross_pilot,P1_HCC_vs_CTR|rep=sumnorm|substrate=Ag_colloid_untyped (Gurian Ag)|pilot=P1_Gurian_HCC,,cross_pilot_harmonized,G07,aromatic_residue,stable,-0.141,cohens_d,-0.141,,,,WEAK,,/Volumes/SSD_Rad/GAIRA_BUILD/gaira_base_4_cross_pilot_synthesis_v1/tables/cross_pilot_harmonized_effect_sizes_v1.csv,P1_HCC_vs_CTR,serum,liver_cancer
E0000414,gaira_base_4_cross_pilot_synthesis_v1,synthesis,mixed,cross_pilot,P1_HCC_vs_CTR|rep=sumnorm|substrate=Ag_colloid_untyped (Gurian Ag)|pilot=P1_Gurian_HCC,,cross_pilot_harmonized,G08,lipid_acyl_membrane,stable,0.19,cohens_d,0.19,,,,WEAK,,/Volumes/SSD_Rad/GAIRA_BUILD/gaira_base_4_cross_pilot_synthesis_v1/tables/cross_pilot_harmonized_effect_sizes_v1.csv,P1_HCC_vs_CTR,serum,liver_cancer
E0000415,gaira_base_4_cross_pilot_synthesis_v1,synthesis,mixed,cross_pilot,P1_HCC_vs_CTR|rep=sumnorm|substrate=Ag_colloid_untyped (Gurian Ag)|pilot=P1_Gurian_HCC,,cross_pilot_harmonized,G09,sterol_neutral_lipid,down,-0.458,cohens_d,-0.458,,,,STRONG,,/Volumes/SSD_Rad/GAIRA_BUILD/gaira_base_4_cross_pilot_synthesis_v1/tables/cross_pilot_harmonized_effect_sizes_v1.csv,P1_HCC_vs_CTR,serum,liver_cancer
E0000416,gaira_base_4_cross_pilot_synthesis_v1,synthesis,mixed,cross_pilot,P1_HCC_vs_CTR|rep=sumnorm|substrate=Ag_colloid_untyped (Gurian Ag)|pilot=P1_Gurian_HCC,,cross_pilot_harmonized,G10,sulfur_thiol_redox,stable,-0.048,cohens_d,-0.048,,,,WEAK,,/Volumes/SSD_Rad/GAIRA_BUILD/gaira_base_4_cross_pilot_synthesis_v1/tables/cross_pilot_harmonized_effect_sizes_v1.csv,P1_HCC_vs_CTR,serum,liver_cancer
E0000417,gaira_base_4_cross_pilot_synthesis_v1,synthesis,mixed,cross_pilot,P1_HCC_vs_CTR|rep=sumnorm|substrate=Ag_colloid_untyped (Gurian Ag)|pilot=P1_Gurian_HCC,,cross_pilot_harmonized,G11,metabolic_small_molecule,stable,-0.04,cohens_d,-0.04,,,,WEAK,,/Volumes/SSD_Rad/GAIRA_BUILD/gaira_base_4_cross_pilot_synthesis_v1/tables/cross_pilot_harmonized_effect_sizes_v1.csv,P1_HCC_vs_CTR,serum,liver_cancer
E0000418,gaira_base_4_cross_pilot_synthesis_v1,synthesis,mixed,cross_pilot,P1_HCC_vs_CTR|rep=clr|substrate=Ag_colloid_untyped (Gurian Ag)|pilot=P1_Gurian_HCC,,cross_pilot_harmonized,G01,purine_nucleotide,stable,-0.106,cohens_d,-0.106,,,,WEAK,,/Volumes/SSD_Rad/GAIRA_BUILD/gaira_base_4_cross_pilot_synthesis_v1/tables/cross_pilot_harmonized_effect_sizes_v1.csv,P1_HCC_vs_CTR,serum,liver_cancer
E0000419,gaira_base_4_cross_pilot_synthesis_v1,synthesis,mixed,cross_pilot,P1_HCC_vs_CTR|rep=clr|substrate=Ag_colloid_untyped (Gurian Ag)|pilot=P1_Gurian_HCC,,cross_pilot_harmonized,G02,purine_metabolite,down,-0.307,cohens_d,-0.307,,,,MODERATE,,/Volumes/SSD_Rad/GAIRA_BUILD/gaira_base_4_cross_pilot_synthesis_v1/tables/cross_pilot_harmonized_effect_sizes_v1.csv,P1_HCC_vs_CTR,serum,liver_cancer
E0000420,gaira_base_4_cross_pilot_synthesis_v1,synthesis,mixed,cross_pilot,P1_HCC_vs_CTR|rep=clr|substrate=Ag_colloid_untyped (Gurian Ag)|pilot=P1_Gurian_HCC,,cross_pilot_harmonized,G03,pyrimidine_nucleotide,down,-0.434,cohens_d,-0.434,,,,STRONG,,/Volumes/SSD_Rad/GAIRA_BUILD/gaira_base_4_cross_pilot_synthesis_v1/tables/cross_pilot_harmonized_effect_sizes_v1.csv,P1_HCC_vs_CTR,serum,liver_cancer
E0000421,gaira_base_4_cross_pilot_synthesis_v1,synthesis,mixed,cross_pilot,P1_HCC_vs_CTR|rep=clr|substrate=Ag_colloid_untyped (Gurian Ag)|pilot=P1_Gurian_HCC,,cross_pilot_harmonized,G04,nucleic_acid_phosphate,up,0.547,cohens_d,0.547,,,,STRONG,,/Volumes/SSD_Rad/GAIRA_BUILD/gaira_base_4_cross_pilot_synthesis_v1/tables/cross_pilot_harmonized_effect_sizes_v1.csv,P1_HCC_vs_CTR,serum,liver_cancer
E0000422,gaira_base_4_cross_pilot_synthesis_v1,synthesis,mixed,cross_pilot,P1_HCC_vs_CTR|rep=clr|substrate=Ag_colloid_untyped (Gurian Ag)|pilot=P1_Gurian_HCC,,cross_pilot_harmonized,G05,glycan_carbohydrate,up,0.551,cohens_d,0.551,,,,STRONG,,/Volumes/SSD_Rad/GAIRA_BUILD/gaira_base_4_cross_pilot_synthesis_v1/tables/cross_pilot_harmonized_effect_sizes_v1.csv,P1_HCC_vs_CTR,serum,liver_cancer
E0000423,gaira_base_4_cross_pilot_synthesis_v1,synthesis,mixed,cross_pilot,P1_HCC_vs_CTR|rep=clr|substrate=Ag_colloid_untyped (Gurian Ag)|pilot=P1_Gurian_HCC,,cross_pilot_harmonized,G06,protein_peptide_backbone,stable,-0.08,cohens_d,-0.08,,,,WEAK,,/Volumes/SSD_Rad/GAIRA_BUILD/gaira_base_4_cross_pilot_synthesis_v1/tables/cross_pilot_harmonized_effect_sizes_v1.csv,P1_HCC_vs_CTR,serum,liver_cancer
E0000424,gaira_base_4_cross_pilot_synthesis_v1,synthesis,mixed,cross_pilot,P1_HCC_vs_CTR|rep=clr|substrate=Ag_colloid_untyped (Gurian Ag)|pilot=P1_Gurian_HCC,,cross_pilot_harmonized,G07,aromatic_residue,stable,-0.16,cohens_d,-0.16,,,,WEAK,,/Volumes/SSD_Rad/GAIRA_BUILD/gaira_base_4_cross_pilot_synthesis_v1/tables/cross_pilot_harmonized_effect_sizes_v1.csv,P1_HCC_vs_CTR,serum,liver_cancer
E0000425,gaira_base_4_cross_pilot_synthesis_v1,synthesis,mixed,cross_pilot,P1_HCC_vs_CTR|rep=clr|substrate=Ag_colloid_untyped (Gurian Ag)|pilot=P1_Gurian_HCC,,cross_pilot_harmonized,G08,lipid_acyl_membrane,stable,0.19,cohens_d,0.19,,,,WEAK,,/Volumes/SSD_Rad/GAIRA_BUILD/gaira_base_4_cross_pilot_synthesis_v1/tables/cross_pilot_harmonized_effect_sizes_v1.csv,P1_HCC_vs_CTR,serum,liver_cancer
E0000426,gaira_base_4_cross_pilot_synthesis_v1,synthesis,mixed,cross_pilot,P1_HCC_vs_CTR|rep=clr|substrate=Ag_colloid_untyped (Gurian Ag)|pilot=P1_Gurian_HCC,,cross_pilot_harmonized,G09,sterol_neutral_lipid,down,-0.471,cohens_d,-0.471,,,,STRONG,,/Volumes/SSD_Rad/GAIRA_BUILD/gaira_base_4_cross_pilot_synthesis_v1/tables/cross_pilot_harmonized_effect_sizes_v1.csv,P1_HCC_vs_CTR,serum,liver_cancer
E0000427,gaira_base_4_cross_pilot_synthesis_v1,synthesis,mixed,cross_pilot,P1_HCC_vs_CTR|rep=clr|substrate=Ag_colloid_untyped (Gurian Ag)|pilot=P1_Gurian_HCC,,cross_pilot_harmonized,G10,sulfur_thiol_redox,stable,-0.055,cohens_d,-0.055,,,,WEAK,,/Volumes/SSD_Rad/GAIRA_BUILD/gaira_base_4_cross_pilot_synthesis_v1/tables/cross_pilot_harmonized_effect_sizes_v1.csv,P1_HCC_vs_CTR,serum,liver_cancer
E0000428,gaira_base_4_cross_pilot_synthesis_v1,synthesis,mixed,cross_pilot,P1_HCC_vs_CTR|rep=clr|substrate=Ag_colloid_untyped (Gurian Ag)|pilot=P1_Gurian_HCC,,cross_pilot_harmonized,G11,metabolic_small_molecule,stable,-0.046,cohens_d,-0.046,,,,WEAK,,/Volumes/SSD_Rad/GAIRA_BUILD/gaira_base_4_cross_pilot_synthesis_v1/tables/cross_pilot_harmonized_effect_sizes_v1.csv,P1_HCC_vs_CTR,serum,liver_cancer
E0000429,gaira_base_4_cross_pilot_synthesis_v1,synthesis,mixed,cross_pilot,P1_HCC_vs_CTR|rep=delta_ctr|substrate=Ag_colloid_untyped (Gurian Ag)|pilot=P1_Gurian_HCC,,cross_pilot_harmonized,G01,purine_nucleotide,stable,0.01,cohens_d,0.01,,,,WEAK,,/Volumes/SSD_Rad/GAIRA_BUILD/gaira_base_4_cross_pilot_synthesis_v1/tables/cross_pilot_harmonized_effect_sizes_v1.csv,P1_HCC_vs_CTR,serum,liver_cancer
E0000430,gaira_base_4_cross_pilot_synthesis_v1,synthesis,mixed,cross_pilot,P1_HCC_vs_CTR|rep=delta_ctr|substrate=Ag_colloid_untyped (Gurian Ag)|pilot=P1_Gurian_HCC,,cross_pilot_harmonized,G02,purine_metabolite,stable,-0.006,cohens_d,-0.006,,,,WEAK,,/Volumes/SSD_Rad/GAIRA_BUILD/gaira_base_4_cross_pilot_synthesis_v1/tables/cross_pilot_harmonized_effect_sizes_v1.csv,P1_HCC_vs_CTR,serum,liver_cancer
E0000431,gaira_base_4_cross_pilot_synthesis_v1,synthesis,mixed,cross_pilot,P1_HCC_vs_CTR|rep=delta_ctr|substrate=Ag_colloid_untyped (Gurian Ag)|pilot=P1_Gurian_HCC,,cross_pilot_harmonized,G03,pyrimidine_nucleotide,stable,-0.067,cohens_d,-0.067,,,,WEAK,,/Volumes/SSD_Rad/GAIRA_BUILD/gaira_base_4_cross_pilot_synthesis_v1/tables/cross_pilot_harmonized_effect_sizes_v1.csv,P1_HCC_vs_CTR,serum,liver_cancer
E0000432,gaira_base_4_cross_pilot_synthesis_v1,synthesis,mixed,cross_pilot,P1_HCC_vs_CTR|rep=delta_ctr|substrate=Ag_colloid_untyped (Gurian Ag)|pilot=P1_Gurian_HCC,,cross_pilot_harmonized,G04,nucleic_acid_phosphate,up,0.253,cohens_d,0.253,,,,MODERATE,,/Volumes/SSD_Rad/GAIRA_BUILD/gaira_base_4_cross_pilot_synthesis_v1/tables/cross_pilot_harmonized_effect_sizes_v1.csv,P1_HCC_vs_CTR,serum,liver_cancer
E0000433,gaira_base_4_cross_pilot_synthesis_v1,synthesis,mixed,cross_pilot,P1_HCC_vs_CTR|rep=delta_ctr|substrate=Ag_colloid_untyped (Gurian Ag)|pilot=P1_Gurian_HCC,,cross_pilot_harmonized,G05,glycan_carbohydrate,up,0.26,cohens_d,0.26,,,,MODERATE,,/Volumes/SSD_Rad/GAIRA_BUILD/gaira_base_4_cross_pilot_synthesis_v1/tables/cross_pilot_harmonized_effect_sizes_v1.csv,P1_HCC_vs_CTR,serum,liver_cancer
E0000434,gaira_base_4_cross_pilot_synthesis_v1,synthesis,mixed,cross_pilot,P1_HCC_vs_CTR|rep=delta_ctr|substrate=Ag_colloid_untyped (Gurian Ag)|pilot=P1_Gurian_HCC,,cross_pilot_harmonized,G06,protein_peptide_backbone,stable,-0.002,cohens_d,-0.002,,,,WEAK,,/Volumes/SSD_Rad/GAIRA_BUILD/gaira_base_4_cross_pilot_synthesis_v1/tables/cross_pilot_harmonized_effect_sizes_v1.csv,P1_HCC_vs_CTR,serum,liver_cancer
E0000435,gaira_base_4_cross_pilot_synthesis_v1,synthesis,mixed,cross_pilot,P1_HCC_vs_CTR|rep=delta_ctr|substrate=Ag_colloid_untyped (Gurian Ag)|pilot=P1_Gurian_HCC,,cross_pilot_harmonized,G07,aromatic_residue,stable,-0.006,cohens_d,-0.006,,,,WEAK,,/Volumes/SSD_Rad/GAIRA_BUILD/gaira_base_4_cross_pilot_synthesis_v1/tables/cross_pilot_harmonized_effect_sizes_v1.csv,P1_HCC_vs_CTR,serum,liver_cancer
E0000436,gaira_base_4_cross_pilot_synthesis_v1,synthesis,mixed,cross_pilot,P1_HCC_vs_CTR|rep=delta_ctr|substrate=Ag_colloid_untyped (Gurian Ag)|pilot=P1_Gurian_HCC,,cross_pilot_harmonized,G08,lipid_acyl_membrane,stable,0.101,cohens_d,0.101,,,,WEAK,,/Volumes/SSD_Rad/GAIRA_BUILD/gaira_base_4_cross_pilot_synthesis_v1/tables/cross_pilot_harmonized_effect_sizes_v1.csv,P1_HCC_vs_CTR,serum,liver_cancer
E0000437,gaira_base_4_cross_pilot_synthesis_v1,synthesis,mixed,cross_pilot,P1_HCC_vs_CTR|rep=delta_ctr|substrate=Ag_colloid_untyped (Gurian Ag)|pilot=P1_Gurian_HCC,,cross_pilot_harmonized,G09,sterol_neutral_lipid,stable,-0.173,cohens_d,-0.173,,,,WEAK,,/Volumes/SSD_Rad/GAIRA_BUILD/gaira_base_4_cross_pilot_synthesis_v1/tables/cross_pilot_harmonized_effect_sizes_v1.csv,P1_HCC_vs_CTR,serum,liver_cancer
E0000438,gaira_base_4_cross_pilot_synthesis_v1,synthesis,mixed,cross_pilot,P1_HCC_vs_CTR|rep=delta_ctr|substrate=Ag_colloid_untyped (Gurian Ag)|pilot=P1_Gurian_HCC,,cross_pilot_harmonized,G10,sulfur_thiol_redox,stable,-0.013,cohens_d,-0.013,,,,WEAK,,/Volumes/SSD_Rad/GAIRA_BUILD/gaira_base_4_cross_pilot_synthesis_v1/tables/cross_pilot_harmonized_effect_sizes_v1.csv,P1_HCC_vs_CTR,serum,liver_cancer
E0000439,gaira_base_4_cross_pilot_synthesis_v1,synthesis,mixed,cross_pilot,P1_HCC_vs_CTR|rep=delta_ctr|substrate=Ag_colloid_untyped (Gurian Ag)|pilot=P1_Gurian_HCC,,cross_pilot_harmonized,G11,metabolic_small_molecule,stable,0.033,cohens_d,0.033,,,,WEAK,,/Volumes/SSD_Rad/GAIRA_BUILD/gaira_base_4_cross_pilot_synthesis_v1/tables/cross_pilot_harmonized_effect_sizes_v1.csv,P1_HCC_vs_CTR,serum,liver_cancer
E0000440,gaira_base_4_cross_pilot_synthesis_v1,synthesis,mixed,cross_pilot,P1_HCC_vs_CTR|rep=delta_sumnorm|substrate=Ag_colloid_untyped (Gurian Ag)|pilot=P1_Gurian_HCC,,cross_pilot_harmonized,G01,purine_nucleotide,stable,-0.095,cohens_d,-0.095,,,,WEAK,,/Volumes/SSD_Rad/GAIRA_BUILD/gaira_base_4_cross_pilot_synthesis_v1/tables/cross_pilot_harmonized_effect_sizes_v1.csv,P1_HCC_vs_CTR,serum,liver_cancer
E0000441,gaira_base_4_cross_pilot_synthesis_v1,synthesis,mixed,cross_pilot,P1_HCC_vs_CTR|rep=delta_sumnorm|substrate=Ag_colloid_untyped (Gurian Ag)|pilot=P1_Gurian_HCC,,cross_pilot_harmonized,G02,purine_metabolite,down,-0.28,cohens_d,-0.28,,,,MODERATE,,/Volumes/SSD_Rad/GAIRA_BUILD/gaira_base_4_cross_pilot_synthesis_v1/tables/cross_pilot_harmonized_effect_sizes_v1.csv,P1_HCC_vs_CTR,serum,liver_cancer
E0000442,gaira_base_4_cross_pilot_synthesis_v1,synthesis,mixed,cross_pilot,P1_HCC_vs_CTR|rep=delta_sumnorm|substrate=Ag_colloid_untyped (Gurian Ag)|pilot=P1_Gurian_HCC,,cross_pilot_harmonized,G03,pyrimidine_nucleotide,down,-0.43,cohens_d,-0.43,,,,STRONG,,/Volumes/SSD_Rad/GAIRA_BUILD/gaira_base_4_cross_pilot_synthesis_v1/tables/cross_pilot_harmonized_effect_sizes_v1.csv,P1_HCC_vs_CTR,serum,liver_cancer
E0000443,gaira_base_4_cross_pilot_synthesis_v1,synthesis,mixed,cross_pilot,P1_HCC_vs_CTR|rep=delta_sumnorm|substrate=Ag_colloid_untyped (Gurian Ag)|pilot=P1_Gurian_HCC,,cross_pilot_harmonized,G04,nucleic_acid_phosphate,up,0.533,cohens_d,0.533,,,,STRONG,,/Volumes/SSD_Rad/GAIRA_BUILD/gaira_base_4_cross_pilot_synthesis_v1/tables/cross_pilot_harmonized_effect_sizes_v1.csv,P1_HCC_vs_CTR,serum,liver_cancer
E0000444,gaira_base_4_cross_pilot_synthesis_v1,synthesis,mixed,cross_pilot,P1_HCC_vs_CTR|rep=delta_sumnorm|substrate=Ag_colloid_untyped (Gurian Ag)|pilot=P1_Gurian_HCC,,cross_pilot_harmonized,G05,glycan_carbohydrate,up,0.573,cohens_d,0.573,,,,STRONG,,/Volumes/SSD_Rad/GAIRA_BUILD/gaira_base_4_cross_pilot_synthesis_v1/tables/cross_pilot_harmonized_effect_sizes_v1.csv,P1_HCC_vs_CTR,serum,liver_cancer
E0000445,gaira_base_4_cross_pilot_synthesis_v1,synthesis,mixed,cross_pilot,P1_HCC_vs_CTR|rep=delta_sumnorm|substrate=Ag_colloid_untyped (Gurian Ag)|pilot=P1_Gurian_HCC,,cross_pilot_harmonized,G06,protein_peptide_backbone,stable,-0.07,cohens_d,-0.07,,,,WEAK,,/Volumes/SSD_Rad/GAIRA_BUILD/gaira_base_4_cross_pilot_synthesis_v1/tables/cross_pilot_harmonized_effect_sizes_v1.csv,P1_HCC_vs_CTR,serum,liver_cancer
E0000446,gaira_base_4_cross_pilot_synthesis_v1,synthesis,mixed,cross_pilot,P1_HCC_vs_CTR|rep=delta_sumnorm|substrate=Ag_colloid_untyped (Gurian Ag)|pilot=P1_Gurian_HCC,,cross_pilot_harmonized,G07,aromatic_residue,stable,-0.141,cohens_d,-0.141,,,,WEAK,,/Volumes/SSD_Rad/GAIRA_BUILD/gaira_base_4_cross_pilot_synthesis_v1/tables/cross_pilot_harmonized_effect_sizes_v1.csv,P1_HCC_vs_CTR,serum,liver_cancer
E0000447,gaira_base_4_cross_pilot_synthesis_v1,synthesis,mixed,cross_pilot,P1_HCC_vs_CTR|rep=delta_sumnorm|substrate=Ag_colloid_untyped (Gurian Ag)|pilot=P1_Gurian_HCC,,cross_pilot_harmonized,G08,lipid_acyl_membrane,stable,0.19,cohens_d,0.19,,,,WEAK,,/Volumes/SSD_Rad/GAIRA_BUILD/gaira_base_4_cross_pilot_synthesis_v1/tables/cross_pilot_harmonized_effect_sizes_v1.csv,P1_HCC_vs_CTR,serum,liver_cancer
E0000448,gaira_base_4_cross_pilot_synthesis_v1,synthesis,mixed,cross_pilot,P1_HCC_vs_CTR|rep=delta_sumnorm|substrate=Ag_colloid_untyped (Gurian Ag)|pilot=P1_Gurian_HCC,,cross_pilot_harmonized,G09,sterol_neutral_lipid,down,-0.458,cohens_d,-0.458,,,,STRONG,,/Volumes/SSD_Rad/GAIRA_BUILD/gaira_base_4_cross_pilot_synthesis_v1/tables/cross_pilot_harmonized_effect_sizes_v1.csv,P1_HCC_vs_CTR,serum,liver_cancer
E0000449,gaira_base_4_cross_pilot_synthesis_v1,synthesis,mixed,cross_pilot,P1_HCC_vs_CTR|rep=delta_sumnorm|substrate=Ag_colloid_untyped (Gurian Ag)|pilot=P1_Gurian_HCC,,cross_pilot_harmonized,G10,sulfur_thiol_redox,stable,-0.048,cohens_d,-0.048,,,,WEAK,,/Volumes/SSD_Rad/GAIRA_BUILD/gaira_base_4_cross_pilot_synthesis_v1/tables/cross_pilot_harmonized_effect_sizes_v1.csv,P1_HCC_vs_CTR,serum,liver_cancer
E0000450,gaira_base_4_cross_pilot_synthesis_v1,synthesis,mixed,cross_pilot,P1_HCC_vs_CTR|rep=delta_sumnorm|substrate=Ag_colloid_untyped (Gurian Ag)|pilot=P1_Gurian_HCC,,cross_pilot_harmonized,G11,metabolic_small_molecule,stable,-0.04,cohens_d,-0.04,,,,WEAK,,/Volumes/SSD_Rad/GAIRA_BUILD/gaira_base_4_cross_pilot_synthesis_v1/tables/cross_pilot_harmonized_effect_sizes_v1.csv,P1_HCC_vs_CTR,serum,liver_cancer
E0000451,gaira_base_4_cross_pilot_synthesis_v1,synthesis,mixed,cross_pilot,P2_HCC_vs_NC|rep=abs|substrate=unknown_SERS|pilot=P2_label_free_SERS_nanosensor,,cross_pilot_harmonized,G01,purine_nucleotide,stable,0.042,cohens_d,0.042,,,,WEAK,,/Volumes/SSD_Rad/GAIRA_BUILD/gaira_base_4_cross_pilot_synthesis_v1/tables/cross_pilot_harmonized_effect_sizes_v1.csv,P2_HCC_vs_NC,serum,liver_cancer
E0000452,gaira_base_4_cross_pilot_synthesis_v1,synthesis,mixed,cross_pilot,P2_HCC_vs_NC|rep=abs|substrate=unknown_SERS|pilot=P2_label_free_SERS_nanosensor,,cross_pilot_harmonized,G02,purine_metabolite,stable,-0.061,cohens_d,-0.061,,,,WEAK,,/Volumes/SSD_Rad/GAIRA_BUILD/gaira_base_4_cross_pilot_synthesis_v1/tables/cross_pilot_harmonized_effect_sizes_v1.csv,P2_HCC_vs_NC,serum,liver_cancer
E0000453,gaira_base_4_cross_pilot_synthesis_v1,synthesis,mixed,cross_pilot,P2_HCC_vs_NC|rep=abs|substrate=unknown_SERS|pilot=P2_label_free_SERS_nanosensor,,cross_pilot_harmonized,G03,pyrimidine_nucleotide,stable,0.031,cohens_d,0.031,,,,WEAK,,/Volumes/SSD_Rad/GAIRA_BUILD/gaira_base_4_cross_pilot_synthesis_v1/tables/cross_pilot_harmonized_effect_sizes_v1.csv,P2_HCC_vs_NC,serum,liver_cancer
E0000454,gaira_base_4_cross_pilot_synthesis_v1,synthesis,mixed,cross_pilot,P2_HCC_vs_NC|rep=abs|substrate=unknown_SERS|pilot=P2_label_free_SERS_nanosensor,,cross_pilot_harmonized,G04,nucleic_acid_phosphate,stable,0.028,cohens_d,0.028,,,,WEAK,,/Volumes/SSD_Rad/GAIRA_BUILD/gaira_base_4_cross_pilot_synthesis_v1/tables/cross_pilot_harmonized_effect_sizes_v1.csv,P2_HCC_vs_NC,serum,liver_cancer
E0000455,gaira_base_4_cross_pilot_synthesis_v1,synthesis,mixed,cross_pilot,P2_HCC_vs_NC|rep=abs|substrate=unknown_SERS|pilot=P2_label_free_SERS_nanosensor,,cross_pilot_harmonized,G05,glycan_carbohydrate,stable,0.078,cohens_d,0.078,,,,WEAK,,/Volumes/SSD_Rad/GAIRA_BUILD/gaira_base_4_cross_pilot_synthesis_v1/tables/cross_pilot_harmonized_effect_sizes_v1.csv,P2_HCC_vs_NC,serum,liver_cancer
E0000456,gaira_base_4_cross_pilot_synthesis_v1,synthesis,mixed,cross_pilot,P2_HCC_vs_NC|rep=abs|substrate=unknown_SERS|pilot=P2_label_free_SERS_nanosensor,,cross_pilot_harmonized,G06,protein_peptide_backbone,stable,-0.008,cohens_d,-0.008,,,,WEAK,,/Volumes/SSD_Rad/GAIRA_BUILD/gaira_base_4_cross_pilot_synthesis_v1/tables/cross_pilot_harmonized_effect_sizes_v1.csv,P2_HCC_vs_NC,serum,liver_cancer
E0000457,gaira_base_4_cross_pilot_synthesis_v1,synthesis,mixed,cross_pilot,P2_HCC_vs_NC|rep=abs|substrate=unknown_SERS|pilot=P2_label_free_SERS_nanosensor,,cross_pilot_harmonized,G07,aromatic_residue,stable,0.073,cohens_d,0.073,,,,WEAK,,/Volumes/SSD_Rad/GAIRA_BUILD/gaira_base_4_cross_pilot_synthesis_v1/tables/cross_pilot_harmonized_effect_sizes_v1.csv,P2_HCC_vs_NC,serum,liver_cancer
E0000458,gaira_base_4_cross_pilot_synthesis_v1,synthesis,mixed,cross_pilot,P2_HCC_vs_NC|rep=abs|substrate=unknown_SERS|pilot=P2_label_free_SERS_nanosensor,,cross_pilot_harmonized,G08,lipid_acyl_membrane,stable,-0.025,cohens_d,-0.025,,,,WEAK,,/Volumes/SSD_Rad/GAIRA_BUILD/gaira_base_4_cross_pilot_synthesis_v1/tables/cross_pilot_harmonized_effect_sizes_v1.csv,P2_HCC_vs_NC,serum,liver_cancer
E0000459,gaira_base_4_cross_pilot_synthesis_v1,synthesis,mixed,cross_pilot,P2_HCC_vs_NC|rep=abs|substrate=unknown_SERS|pilot=P2_label_free_SERS_nanosensor,,cross_pilot_harmonized,G09,sterol_neutral_lipid,stable,-0.0,cohens_d,-0.0,,,,WEAK,,/Volumes/SSD_Rad/GAIRA_BUILD/gaira_base_4_cross_pilot_synthesis_v1/tables/cross_pilot_harmonized_effect_sizes_v1.csv,P2_HCC_vs_NC,serum,liver_cancer
E0000460,gaira_base_4_cross_pilot_synthesis_v1,synthesis,mixed,cross_pilot,P2_HCC_vs_NC|rep=abs|substrate=unknown_SERS|pilot=P2_label_free_SERS_nanosensor,,cross_pilot_harmonized,G10,sulfur_thiol_redox,stable,0.116,cohens_d,0.116,,,,WEAK,,/Volumes/SSD_Rad/GAIRA_BUILD/gaira_base_4_cross_pilot_synthesis_v1/tables/cross_pilot_harmonized_effect_sizes_v1.csv,P2_HCC_vs_NC,serum,liver_cancer
E0000461,gaira_base_4_cross_pilot_synthesis_v1,synthesis,mixed,cross_pilot,P2_HCC_vs_NC|rep=abs|substrate=unknown_SERS|pilot=P2_label_free_SERS_nanosensor,,cross_pilot_harmonized,G11,metabolic_small_molecule,stable,0.042,cohens_d,0.042,,,,WEAK,,/Volumes/SSD_Rad/GAIRA_BUILD/gaira_base_4_cross_pilot_synthesis_v1/tables/cross_pilot_harmonized_effect_sizes_v1.csv,P2_HCC_vs_NC,serum,liver_cancer
E0000462,gaira_base_4_cross_pilot_synthesis_v1,synthesis,mixed,cross_pilot,P2_CCA_vs_NC|rep=abs|substrate=unknown_SERS|pilot=P2_label_free_SERS_nanosensor,,cross_pilot_harmonized,G01,purine_nucleotide,up,1.195,cohens_d,1.195,,,,STRONG,,/Volumes/SSD_Rad/GAIRA_BUILD/gaira_base_4_cross_pilot_synthesis_v1/tables/cross_pilot_harmonized_effect_sizes_v1.csv,P2_CCA_vs_NC,serum,liver_cancer
E0000463,gaira_base_4_cross_pilot_synthesis_v1,synthesis,mixed,cross_pilot,P2_CCA_vs_NC|rep=abs|substrate=unknown_SERS|pilot=P2_label_free_SERS_nanosensor,,cross_pilot_harmonized,G02,purine_metabolite,up,1.024,cohens_d,1.024,,,,STRONG,,/Volumes/SSD_Rad/GAIRA_BUILD/gaira_base_4_cross_pilot_synthesis_v1/tables/cross_pilot_harmonized_effect_sizes_v1.csv,P2_CCA_vs_NC,serum,liver_cancer
E0000464,gaira_base_4_cross_pilot_synthesis_v1,synthesis,mixed,cross_pilot,P2_CCA_vs_NC|rep=abs|substrate=unknown_SERS|pilot=P2_label_free_SERS_nanosensor,,cross_pilot_harmonized,G03,pyrimidine_nucleotide,up,1.283,cohens_d,1.283,,,,STRONG,,/Volumes/SSD_Rad/GAIRA_BUILD/gaira_base_4_cross_pilot_synthesis_v1/tables/cross_pilot_harmonized_effect_sizes_v1.csv,P2_CCA_vs_NC,serum,liver_cancer
E0000465,gaira_base_4_cross_pilot_synthesis_v1,synthesis,mixed,cross_pilot,P2_CCA_vs_NC|rep=abs|substrate=unknown_SERS|pilot=P2_label_free_SERS_nanosensor,,cross_pilot_harmonized,G04,nucleic_acid_phosphate,up,1.196,cohens_d,1.196,,,,STRONG,,/Volumes/SSD_Rad/GAIRA_BUILD/gaira_base_4_cross_pilot_synthesis_v1/tables/cross_pilot_harmonized_effect_sizes_v1.csv,P2_CCA_vs_NC,serum,liver_cancer
E0000466,gaira_base_4_cross_pilot_synthesis_v1,synthesis,mixed,cross_pilot,P2_CCA_vs_NC|rep=abs|substrate=unknown_SERS|pilot=P2_label_free_SERS_nanosensor,,cross_pilot_harmonized,G05,glycan_carbohydrate,up,1.154,cohens_d,1.154,,,,STRONG,,/Volumes/SSD_Rad/GAIRA_BUILD/gaira_base_4_cross_pilot_synthesis_v1/tables/cross_pilot_harmonized_effect_sizes_v1.csv,P2_CCA_vs_NC,serum,liver_cancer
E0000467,gaira_base_4_cross_pilot_synthesis_v1,synthesis,mixed,cross_pilot,P2_CCA_vs_NC|rep=abs|substrate=unknown_SERS|pilot=P2_label_free_SERS_nanosensor,,cross_pilot_harmonized,G06,protein_peptide_backbone,up,1.15,cohens_d,1.15,,,,STRONG,,/Volumes/SSD_Rad/GAIRA_BUILD/gaira_base_4_cross_pilot_synthesis_v1/tables/cross_pilot_harmonized_effect_sizes_v1.csv,P2_CCA_vs_NC,serum,liver_cancer
E0000468,gaira_base_4_cross_pilot_synthesis_v1,synthesis,mixed,cross_pilot,P2_CCA_vs_NC|rep=abs|substrate=unknown_SERS|pilot=P2_label_free_SERS_nanosensor,,cross_pilot_harmonized,G07,aromatic_residue,up,1.145,cohens_d,1.145,,,,STRONG,,/Volumes/SSD_Rad/GAIRA_BUILD/gaira_base_4_cross_pilot_synthesis_v1/tables/cross_pilot_harmonized_effect_sizes_v1.csv,P2_CCA_vs_NC,serum,liver_cancer
E0000469,gaira_base_4_cross_pilot_synthesis_v1,synthesis,mixed,cross_pilot,P2_CCA_vs_NC|rep=abs|substrate=unknown_SERS|pilot=P2_label_free_SERS_nanosensor,,cross_pilot_harmonized,G08,lipid_acyl_membrane,up,1.137,cohens_d,1.137,,,,STRONG,,/Volumes/SSD_Rad/GAIRA_BUILD/gaira_base_4_cross_pilot_synthesis_v1/tables/cross_pilot_harmonized_effect_sizes_v1.csv,P2_CCA_vs_NC,serum,liver_cancer
E0000470,gaira_base_4_cross_pilot_synthesis_v1,synthesis,mixed,cross_pilot,P2_CCA_vs_NC|rep=abs|substrate=unknown_SERS|pilot=P2_label_free_SERS_nanosensor,,cross_pilot_harmonized,G09,sterol_neutral_lipid,up,0.496,cohens_d,0.496,,,,STRONG,,/Volumes/SSD_Rad/GAIRA_BUILD/gaira_base_4_cross_pilot_synthesis_v1/tables/cross_pilot_harmonized_effect_sizes_v1.csv,P2_CCA_vs_NC,serum,liver_cancer
E0000471,gaira_base_4_cross_pilot_synthesis_v1,synthesis,mixed,cross_pilot,P2_CCA_vs_NC|rep=abs|substrate=unknown_SERS|pilot=P2_label_free_SERS_nanosensor,,cross_pilot_harmonized,G10,sulfur_thiol_redox,up,1.565,cohens_d,1.565,,,,STRONG,,/Volumes/SSD_Rad/GAIRA_BUILD/gaira_base_4_cross_pilot_synthesis_v1/tables/cross_pilot_harmonized_effect_sizes_v1.csv,P2_CCA_vs_NC,serum,liver_cancer
E0000472,gaira_base_4_cross_pilot_synthesis_v1,synthesis,mixed,cross_pilot,P2_CCA_vs_NC|rep=abs|substrate=unknown_SERS|pilot=P2_label_free_SERS_nanosensor,,cross_pilot_harmonized,G11,metabolic_small_molecule,up,1.13,cohens_d,1.13,,,,STRONG,,/Volumes/SSD_Rad/GAIRA_BUILD/gaira_base_4_cross_pilot_synthesis_v1/tables/cross_pilot_harmonized_effect_sizes_v1.csv,P2_CCA_vs_NC,serum,liver_cancer
E0000473,gaira_base_4_cross_pilot_synthesis_v1,synthesis,mixed,cross_pilot,P2_LM_vs_NC|rep=abs|substrate=unknown_SERS|pilot=P2_label_free_SERS_nanosensor,,cross_pilot_harmonized,G01,purine_nucleotide,up,0.952,cohens_d,0.952,,,,STRONG,,/Volumes/SSD_Rad/GAIRA_BUILD/gaira_base_4_cross_pilot_synthesis_v1/tables/cross_pilot_harmonized_effect_sizes_v1.csv,P2_LM_vs_NC,serum,liver_cancer
E0000474,gaira_base_4_cross_pilot_synthesis_v1,synthesis,mixed,cross_pilot,P2_LM_vs_NC|rep=abs|substrate=unknown_SERS|pilot=P2_label_free_SERS_nanosensor,,cross_pilot_harmonized,G02,purine_metabolite,up,0.89,cohens_d,0.89,,,,STRONG,,/Volumes/SSD_Rad/GAIRA_BUILD/gaira_base_4_cross_pilot_synthesis_v1/tables/cross_pilot_harmonized_effect_sizes_v1.csv,P2_LM_vs_NC,serum,liver_cancer
E0000475,gaira_base_4_cross_pilot_synthesis_v1,synthesis,mixed,cross_pilot,P2_LM_vs_NC|rep=abs|substrate=unknown_SERS|pilot=P2_label_free_SERS_nanosensor,,cross_pilot_harmonized,G03,pyrimidine_nucleotide,up,1.003,cohens_d,1.003,,,,STRONG,,/Volumes/SSD_Rad/GAIRA_BUILD/gaira_base_4_cross_pilot_synthesis_v1/tables/cross_pilot_harmonized_effect_sizes_v1.csv,P2_LM_vs_NC,serum,liver_cancer
E0000476,gaira_base_4_cross_pilot_synthesis_v1,synthesis,mixed,cross_pilot,P2_LM_vs_NC|rep=abs|substrate=unknown_SERS|pilot=P2_label_free_SERS_nanosensor,,cross_pilot_harmonized,G04,nucleic_acid_phosphate,up,1.165,cohens_d,1.165,,,,STRONG,,/Volumes/SSD_Rad/GAIRA_BUILD/gaira_base_4_cross_pilot_synthesis_v1/tables/cross_pilot_harmonized_effect_sizes_v1.csv,P2_LM_vs_NC,serum,liver_cancer
E0000477,gaira_base_4_cross_pilot_synthesis_v1,synthesis,mixed,cross_pilot,P2_LM_vs_NC|rep=abs|substrate=unknown_SERS|pilot=P2_label_free_SERS_nanosensor,,cross_pilot_harmonized,G05,glycan_carbohydrate,up,1.045,cohens_d,1.045,,,,STRONG,,/Volumes/SSD_Rad/GAIRA_BUILD/gaira_base_4_cross_pilot_synthesis_v1/tables/cross_pilot_harmonized_effect_sizes_v1.csv,P2_LM_vs_NC,serum,liver_cancer
E0000478,gaira_base_4_cross_pilot_synthesis_v1,synthesis,mixed,cross_pilot,P2_LM_vs_NC|rep=abs|substrate=unknown_SERS|pilot=P2_label_free_SERS_nanosensor,,cross_pilot_harmonized,G06,protein_peptide_backbone,up,1.001,cohens_d,1.001,,,,STRONG,,/Volumes/SSD_Rad/GAIRA_BUILD/gaira_base_4_cross_pilot_synthesis_v1/tables/cross_pilot_harmonized_effect_sizes_v1.csv,P2_LM_vs_NC,serum,liver_cancer
E0000479,gaira_base_4_cross_pilot_synthesis_v1,synthesis,mixed,cross_pilot,P2_LM_vs_NC|rep=abs|substrate=unknown_SERS|pilot=P2_label_free_SERS_nanosensor,,cross_pilot_harmonized,G07,aromatic_residue,up,1.003,cohens_d,1.003,,,,STRONG,,/Volumes/SSD_Rad/GAIRA_BUILD/gaira_base_4_cross_pilot_synthesis_v1/tables/cross_pilot_harmonized_effect_sizes_v1.csv,P2_LM_vs_NC,serum,liver_cancer
E0000480,gaira_base_4_cross_pilot_synthesis_v1,synthesis,mixed,cross_pilot,P2_LM_vs_NC|rep=abs|substrate=unknown_SERS|pilot=P2_label_free_SERS_nanosensor,,cross_pilot_harmonized,G08,lipid_acyl_membrane,up,1.09,cohens_d,1.09,,,,STRONG,,/Volumes/SSD_Rad/GAIRA_BUILD/gaira_base_4_cross_pilot_synthesis_v1/tables/cross_pilot_harmonized_effect_sizes_v1.csv,P2_LM_vs_NC,serum,liver_cancer
E0000481,gaira_base_4_cross_pilot_synthesis_v1,synthesis,mixed,cross_pilot,P2_LM_vs_NC|rep=abs|substrate=unknown_SERS|pilot=P2_label_free_SERS_nanosensor,,cross_pilot_harmonized,G09,sterol_neutral_lipid,up,0.49,cohens_d,0.49,,,,STRONG,,/Volumes/SSD_Rad/GAIRA_BUILD/gaira_base_4_cross_pilot_synthesis_v1/tables/cross_pilot_harmonized_effect_sizes_v1.csv,P2_LM_vs_NC,serum,liver_cancer
E0000482,gaira_base_4_cross_pilot_synthesis_v1,synthesis,mixed,cross_pilot,P2_LM_vs_NC|rep=abs|substrate=unknown_SERS|pilot=P2_label_free_SERS_nanosensor,,cross_pilot_harmonized,G10,sulfur_thiol_redox,up,1.289,cohens_d,1.289,,,,STRONG,,/Volumes/SSD_Rad/GAIRA_BUILD/gaira_base_4_cross_pilot_synthesis_v1/tables/cross_pilot_harmonized_effect_sizes_v1.csv,P2_LM_vs_NC,serum,liver_cancer
E0000483,gaira_base_4_cross_pilot_synthesis_v1,synthesis,mixed,cross_pilot,P2_LM_vs_NC|rep=abs|substrate=unknown_SERS|pilot=P2_label_free_SERS_nanosensor,,cross_pilot_harmonized,G11,metabolic_small_molecule,up,0.903,cohens_d,0.903,,,,STRONG,,/Volumes/SSD_Rad/GAIRA_BUILD/gaira_base_4_cross_pilot_synthesis_v1/tables/cross_pilot_harmonized_effect_sizes_v1.csv,P2_LM_vs_NC,serum,liver_cancer
E0000484,gaira_base_4_cross_pilot_synthesis_v1,synthesis,mixed,cross_pilot,P2_HCC_vs_NC|rep=sumnorm|substrate=unknown_SERS|pilot=P2_label_free_SERS_nanosensor,,cross_pilot_harmonized,G01,purine_nucleotide,stable,0.048,cohens_d,0.048,,,,WEAK,,/Volumes/SSD_Rad/GAIRA_BUILD/gaira_base_4_cross_pilot_synthesis_v1/tables/cross_pilot_harmonized_effect_sizes_v1.csv,P2_HCC_vs_NC,serum,liver_cancer
E0000485,gaira_base_4_cross_pilot_synthesis_v1,synthesis,mixed,cross_pilot,P2_HCC_vs_NC|rep=sumnorm|substrate=unknown_SERS|pilot=P2_label_free_SERS_nanosensor,,cross_pilot_harmonized,G02,purine_metabolite,down,-0.388,cohens_d,-0.388,,,,STRONG,,/Volumes/SSD_Rad/GAIRA_BUILD/gaira_base_4_cross_pilot_synthesis_v1/tables/cross_pilot_harmonized_effect_sizes_v1.csv,P2_HCC_vs_NC,serum,liver_cancer
E0000486,gaira_base_4_cross_pilot_synthesis_v1,synthesis,mixed,cross_pilot,P2_HCC_vs_NC|rep=sumnorm|substrate=unknown_SERS|pilot=P2_label_free_SERS_nanosensor,,cross_pilot_harmonized,G03,pyrimidine_nucleotide,stable,0.048,cohens_d,0.048,,,,WEAK,,/Volumes/SSD_Rad/GAIRA_BUILD/gaira_base_4_cross_pilot_synthesis_v1/tables/cross_pilot_harmonized_effect_sizes_v1.csv,P2_HCC_vs_NC,serum,liver_cancer
E0000487,gaira_base_4_cross_pilot_synthesis_v1,synthesis,mixed,cross_pilot,P2_HCC_vs_NC|rep=sumnorm|substrate=unknown_SERS|pilot=P2_label_free_SERS_nanosensor,,cross_pilot_harmonized,G04,nucleic_acid_phosphate,stable,0.028,cohens_d,0.028,,,,WEAK,,/Volumes/SSD_Rad/GAIRA_BUILD/gaira_base_4_cross_pilot_synthesis_v1/tables/cross_pilot_harmonized_effect_sizes_v1.csv,P2_HCC_vs_NC,serum,liver_cancer
E0000488,gaira_base_4_cross_pilot_synthesis_v1,synthesis,mixed,cross_pilot,P2_HCC_vs_NC|rep=sumnorm|substrate=unknown_SERS|pilot=P2_label_free_SERS_nanosensor,,cross_pilot_harmonized,G05,glycan_carbohydrate,stable,0.008,cohens_d,0.008,,,,WEAK,,/Volumes/SSD_Rad/GAIRA_BUILD/gaira_base_4_cross_pilot_synthesis_v1/tables/cross_pilot_harmonized_effect_sizes_v1.csv,P2_HCC_vs_NC,serum,liver_cancer
E0000489,gaira_base_4_cross_pilot_synthesis_v1,synthesis,mixed,cross_pilot,P2_HCC_vs_NC|rep=sumnorm|substrate=unknown_SERS|pilot=P2_label_free_SERS_nanosensor,,cross_pilot_harmonized,G06,protein_peptide_backbone,stable,-0.045,cohens_d,-0.045,,,,WEAK,,/Volumes/SSD_Rad/GAIRA_BUILD/gaira_base_4_cross_pilot_synthesis_v1/tables/cross_pilot_harmonized_effect_sizes_v1.csv,P2_HCC_vs_NC,serum,liver_cancer
E0000490,gaira_base_4_cross_pilot_synthesis_v1,synthesis,mixed,cross_pilot,P2_HCC_vs_NC|rep=sumnorm|substrate=unknown_SERS|pilot=P2_label_free_SERS_nanosensor,,cross_pilot_harmonized,G07,aromatic_residue,stable,0.129,cohens_d,0.129,,,,WEAK,,/Volumes/SSD_Rad/GAIRA_BUILD/gaira_base_4_cross_pilot_synthesis_v1/tables/cross_pilot_harmonized_effect_sizes_v1.csv,P2_HCC_vs_NC,serum,liver_cancer
E0000491,gaira_base_4_cross_pilot_synthesis_v1,synthesis,mixed,cross_pilot,P2_HCC_vs_NC|rep=sumnorm|substrate=unknown_SERS|pilot=P2_label_free_SERS_nanosensor,,cross_pilot_harmonized,G08,lipid_acyl_membrane,stable,-0.076,cohens_d,-0.076,,,,WEAK,,/Volumes/SSD_Rad/GAIRA_BUILD/gaira_base_4_cross_pilot_synthesis_v1/tables/cross_pilot_harmonized_effect_sizes_v1.csv,P2_HCC_vs_NC,serum,liver_cancer
E0000492,gaira_base_4_cross_pilot_synthesis_v1,synthesis,mixed,cross_pilot,P2_HCC_vs_NC|rep=sumnorm|substrate=unknown_SERS|pilot=P2_label_free_SERS_nanosensor,,cross_pilot_harmonized,G09,sterol_neutral_lipid,stable,-0.033,cohens_d,-0.033,,,,WEAK,,/Volumes/SSD_Rad/GAIRA_BUILD/gaira_base_4_cross_pilot_synthesis_v1/tables/cross_pilot_harmonized_effect_sizes_v1.csv,P2_HCC_vs_NC,serum,liver_cancer
E0000493,gaira_base_4_cross_pilot_synthesis_v1,synthesis,mixed,cross_pilot,P2_HCC_vs_NC|rep=sumnorm|substrate=unknown_SERS|pilot=P2_label_free_SERS_nanosensor,,cross_pilot_harmonized,G10,sulfur_thiol_redox,stable,0.141,cohens_d,0.141,,,,WEAK,,/Volumes/SSD_Rad/GAIRA_BUILD/gaira_base_4_cross_pilot_synthesis_v1/tables/cross_pilot_harmonized_effect_sizes_v1.csv,P2_HCC_vs_NC,serum,liver_cancer
E0000494,gaira_base_4_cross_pilot_synthesis_v1,synthesis,mixed,cross_pilot,P2_HCC_vs_NC|rep=sumnorm|substrate=unknown_SERS|pilot=P2_label_free_SERS_nanosensor,,cross_pilot_harmonized,G11,metabolic_small_molecule,stable,0.002,cohens_d,0.002,,,,WEAK,,/Volumes/SSD_Rad/GAIRA_BUILD/gaira_base_4_cross_pilot_synthesis_v1/tables/cross_pilot_harmonized_effect_sizes_v1.csv,P2_HCC_vs_NC,serum,liver_cancer
E0000495,gaira_base_4_cross_pilot_synthesis_v1,synthesis,mixed,cross_pilot,P2_CCA_vs_NC|rep=sumnorm|substrate=unknown_SERS|pilot=P2_label_free_SERS_nanosensor,,cross_pilot_harmonized,G01,purine_nucleotide,up,1.115,cohens_d,1.115,,,,STRONG,,/Volumes/SSD_Rad/GAIRA_BUILD/gaira_base_4_cross_pilot_synthesis_v1/tables/cross_pilot_harmonized_effect_sizes_v1.csv,P2_CCA_vs_NC,serum,liver_cancer
E0000496,gaira_base_4_cross_pilot_synthesis_v1,synthesis,mixed,cross_pilot,P2_CCA_vs_NC|rep=sumnorm|substrate=unknown_SERS|pilot=P2_label_free_SERS_nanosensor,,cross_pilot_harmonized,G02,purine_metabolite,up,0.265,cohens_d,0.265,,,,MODERATE,,/Volumes/SSD_Rad/GAIRA_BUILD/gaira_base_4_cross_pilot_synthesis_v1/tables/cross_pilot_harmonized_effect_sizes_v1.csv,P2_CCA_vs_NC,serum,liver_cancer
E0000497,gaira_base_4_cross_pilot_synthesis_v1,synthesis,mixed,cross_pilot,P2_CCA_vs_NC|rep=sumnorm|substrate=unknown_SERS|pilot=P2_label_free_SERS_nanosensor,,cross_pilot_harmonized,G03,pyrimidine_nucleotide,up,1.383,cohens_d,1.383,,,,STRONG,,/Volumes/SSD_Rad/GAIRA_BUILD/gaira_base_4_cross_pilot_synthesis_v1/tables/cross_pilot_harmonized_effect_sizes_v1.csv,P2_CCA_vs_NC,serum,liver_cancer
E0000498,gaira_base_4_cross_pilot_synthesis_v1,synthesis,mixed,cross_pilot,P2_CCA_vs_NC|rep=sumnorm|substrate=unknown_SERS|pilot=P2_label_free_SERS_nanosensor,,cross_pilot_harmonized,G04,nucleic_acid_phosphate,up,0.761,cohens_d,0.761,,,,STRONG,,/Volumes/SSD_Rad/GAIRA_BUILD/gaira_base_4_cross_pilot_synthesis_v1/tables/cross_pilot_harmonized_effect_sizes_v1.csv,P2_CCA_vs_NC,serum,liver_cancer
E0000499,gaira_base_4_cross_pilot_synthesis_v1,synthesis,mixed,cross_pilot,P2_CCA_vs_NC|rep=sumnorm|substrate=unknown_SERS|pilot=P2_label_free_SERS_nanosensor,,cross_pilot_harmonized,G05,glycan_carbohydrate,down,-1.283,cohens_d,-1.283,,,,STRONG,,/Volumes/SSD_Rad/GAIRA_BUILD/gaira_base_4_cross_pilot_synthesis_v1/tables/cross_pilot_harmonized_effect_sizes_v1.csv,P2_CCA_vs_NC,serum,liver_cancer
E0000500,gaira_base_4_cross_pilot_synthesis_v1,synthesis,mixed,cross_pilot,P2_CCA_vs_NC|rep=sumnorm|substrate=unknown_SERS|pilot=P2_label_free_SERS_nanosensor,,cross_pilot_harmonized,G06,protein_peptide_backbone,up,1.147,cohens_d,1.147,,,,STRONG,,/Volumes/SSD_Rad/GAIRA_BUILD/gaira_base_4_cross_pilot_synthesis_v1/tables/cross_pilot_harmonized_effect_sizes_v1.csv,P2_CCA_vs_NC,serum,liver_cancer
E0000501,gaira_base_4_cross_pilot_synthesis_v1,synthesis,mixed,cross_pilot,P2_CCA_vs_NC|rep=sumnorm|substrate=unknown_SERS|pilot=P2_label_free_SERS_nanosensor,,cross_pilot_harmonized,G07,aromatic_residue,up,1.146,cohens_d,1.146,,,,STRONG,,/Volumes/SSD_Rad/GAIRA_BUILD/gaira_base_4_cross_pilot_synthesis_v1/tables/cross_pilot_harmonized_effect_sizes_v1.csv,P2_CCA_vs_NC,serum,liver_cancer
E0000502,gaira_base_4_cross_pilot_synthesis_v1,synthesis,mixed,cross_pilot,P2_CCA_vs_NC|rep=sumnorm|substrate=unknown_SERS|pilot=P2_label_free_SERS_nanosensor,,cross_pilot_harmonized,G08,lipid_acyl_membrane,down,-1.285,cohens_d,-1.285,,,,STRONG,,/Volumes/SSD_Rad/GAIRA_BUILD/gaira_base_4_cross_pilot_synthesis_v1/tables/cross_pilot_harmonized_effect_sizes_v1.csv,P2_CCA_vs_NC,serum,liver_cancer
E0000503,gaira_base_4_cross_pilot_synthesis_v1,synthesis,mixed,cross_pilot,P2_CCA_vs_NC|rep=sumnorm|substrate=unknown_SERS|pilot=P2_label_free_SERS_nanosensor,,cross_pilot_harmonized,G09,sterol_neutral_lipid,down,-1.386,cohens_d,-1.386,,,,STRONG,,/Volumes/SSD_Rad/GAIRA_BUILD/gaira_base_4_cross_pilot_synthesis_v1/tables/cross_pilot_harmonized_effect_sizes_v1.csv,P2_CCA_vs_NC,serum,liver_cancer
E0000504,gaira_base_4_cross_pilot_synthesis_v1,synthesis,mixed,cross_pilot,P2_CCA_vs_NC|rep=sumnorm|substrate=unknown_SERS|pilot=P2_label_free_SERS_nanosensor,,cross_pilot_harmonized,G10,sulfur_thiol_redox,stable,-0.168,cohens_d,-0.168,,,,WEAK,,/Volumes/SSD_Rad/GAIRA_BUILD/gaira_base_4_cross_pilot_synthesis_v1/tables/cross_pilot_harmonized_effect_sizes_v1.csv,P2_CCA_vs_NC,serum,liver_cancer
E0000505,gaira_base_4_cross_pilot_synthesis_v1,synthesis,mixed,cross_pilot,P2_CCA_vs_NC|rep=sumnorm|substrate=unknown_SERS|pilot=P2_label_free_SERS_nanosensor,,cross_pilot_harmonized,G11,metabolic_small_molecule,down,-0.996,cohens_d,-0.996,,,,STRONG,,/Volumes/SSD_Rad/GAIRA_BUILD/gaira_base_4_cross_pilot_synthesis_v1/tables/cross_pilot_harmonized_effect_sizes_v1.csv,P2_CCA_vs_NC,serum,liver_cancer
E0000506,gaira_base_4_cross_pilot_synthesis_v1,synthesis,mixed,cross_pilot,P2_LM_vs_NC|rep=sumnorm|substrate=unknown_SERS|pilot=P2_label_free_SERS_nanosensor,,cross_pilot_harmonized,G01,purine_nucleotide,up,0.78,cohens_d,0.78,,,,STRONG,,/Volumes/SSD_Rad/GAIRA_BUILD/gaira_base_4_cross_pilot_synthesis_v1/tables/cross_pilot_harmonized_effect_sizes_v1.csv,P2_LM_vs_NC,serum,liver_cancer
E0000507,gaira_base_4_cross_pilot_synthesis_v1,synthesis,mixed,cross_pilot,P2_LM_vs_NC|rep=sumnorm|substrate=unknown_SERS|pilot=P2_label_free_SERS_nanosensor,,cross_pilot_harmonized,G02,purine_metabolite,stable,0.2,cohens_d,0.2,,,,MODERATE,,/Volumes/SSD_Rad/GAIRA_BUILD/gaira_base_4_cross_pilot_synthesis_v1/tables/cross_pilot_harmonized_effect_sizes_v1.csv,P2_LM_vs_NC,serum,liver_cancer
E0000508,gaira_base_4_cross_pilot_synthesis_v1,synthesis,mixed,cross_pilot,P2_LM_vs_NC|rep=sumnorm|substrate=unknown_SERS|pilot=P2_label_free_SERS_nanosensor,,cross_pilot_harmonized,G03,pyrimidine_nucleotide,up,0.863,cohens_d,0.863,,,,STRONG,,/Volumes/SSD_Rad/GAIRA_BUILD/gaira_base_4_cross_pilot_synthesis_v1/tables/cross_pilot_harmonized_effect_sizes_v1.csv,P2_LM_vs_NC,serum,liver_cancer
E0000509,gaira_base_4_cross_pilot_synthesis_v1,synthesis,mixed,cross_pilot,P2_LM_vs_NC|rep=sumnorm|substrate=unknown_SERS|pilot=P2_label_free_SERS_nanosensor,,cross_pilot_harmonized,G04,nucleic_acid_phosphate,up,1.027,cohens_d,1.027,,,,STRONG,,/Volumes/SSD_Rad/GAIRA_BUILD/gaira_base_4_cross_pilot_synthesis_v1/tables/cross_pilot_harmonized_effect_sizes_v1.csv,P2_LM_vs_NC,serum,liver_cancer
E0000510,gaira_base_4_cross_pilot_synthesis_v1,synthesis,mixed,cross_pilot,P2_LM_vs_NC|rep=sumnorm|substrate=unknown_SERS|pilot=P2_label_free_SERS_nanosensor,,cross_pilot_harmonized,G05,glycan_carbohydrate,down,-1.07,cohens_d,-1.07,,,,STRONG,,/Volumes/SSD_Rad/GAIRA_BUILD/gaira_base_4_cross_pilot_synthesis_v1/tables/cross_pilot_harmonized_effect_sizes_v1.csv,P2_LM_vs_NC,serum,liver_cancer
E0000511,gaira_base_4_cross_pilot_synthesis_v1,synthesis,mixed,cross_pilot,P2_LM_vs_NC|rep=sumnorm|substrate=unknown_SERS|pilot=P2_label_free_SERS_nanosensor,,cross_pilot_harmonized,G06,protein_peptide_backbone,up,1.012,cohens_d,1.012,,,,STRONG,,/Volumes/SSD_Rad/GAIRA_BUILD/gaira_base_4_cross_pilot_synthesis_v1/tables/cross_pilot_harmonized_effect_sizes_v1.csv,P2_LM_vs_NC,serum,liver_cancer
E0000512,gaira_base_4_cross_pilot_synthesis_v1,synthesis,mixed,cross_pilot,P2_LM_vs_NC|rep=sumnorm|substrate=unknown_SERS|pilot=P2_label_free_SERS_nanosensor,,cross_pilot_harmonized,G07,aromatic_residue,up,1.03,cohens_d,1.03,,,,STRONG,,/Volumes/SSD_Rad/GAIRA_BUILD/gaira_base_4_cross_pilot_synthesis_v1/tables/cross_pilot_harmonized_effect_sizes_v1.csv,P2_LM_vs_NC,serum,liver_cancer
E0000513,gaira_base_4_cross_pilot_synthesis_v1,synthesis,mixed,cross_pilot,P2_LM_vs_NC|rep=sumnorm|substrate=unknown_SERS|pilot=P2_label_free_SERS_nanosensor,,cross_pilot_harmonized,G08,lipid_acyl_membrane,down,-1.02,cohens_d,-1.02,,,,STRONG,,/Volumes/SSD_Rad/GAIRA_BUILD/gaira_base_4_cross_pilot_synthesis_v1/tables/cross_pilot_harmonized_effect_sizes_v1.csv,P2_LM_vs_NC,serum,liver_cancer
E0000514,gaira_base_4_cross_pilot_synthesis_v1,synthesis,mixed,cross_pilot,P2_LM_vs_NC|rep=sumnorm|substrate=unknown_SERS|pilot=P2_label_free_SERS_nanosensor,,cross_pilot_harmonized,G09,sterol_neutral_lipid,down,-1.194,cohens_d,-1.194,,,,STRONG,,/Volumes/SSD_Rad/GAIRA_BUILD/gaira_base_4_cross_pilot_synthesis_v1/tables/cross_pilot_harmonized_effect_sizes_v1.csv,P2_LM_vs_NC,serum,liver_cancer
E0000515,gaira_base_4_cross_pilot_synthesis_v1,synthesis,mixed,cross_pilot,P2_LM_vs_NC|rep=sumnorm|substrate=unknown_SERS|pilot=P2_label_free_SERS_nanosensor,,cross_pilot_harmonized,G10,sulfur_thiol_redox,stable,-0.028,cohens_d,-0.028,,,,WEAK,,/Volumes/SSD_Rad/GAIRA_BUILD/gaira_base_4_cross_pilot_synthesis_v1/tables/cross_pilot_harmonized_effect_sizes_v1.csv,P2_LM_vs_NC,serum,liver_cancer
E0000516,gaira_base_4_cross_pilot_synthesis_v1,synthesis,mixed,cross_pilot,P2_LM_vs_NC|rep=sumnorm|substrate=unknown_SERS|pilot=P2_label_free_SERS_nanosensor,,cross_pilot_harmonized,G11,metabolic_small_molecule,down,-0.85,cohens_d,-0.85,,,,STRONG,,/Volumes/SSD_Rad/GAIRA_BUILD/gaira_base_4_cross_pilot_synthesis_v1/tables/cross_pilot_harmonized_effect_sizes_v1.csv,P2_LM_vs_NC,serum,liver_cancer
E0000517,gaira_base_4_cross_pilot_synthesis_v1,synthesis,mixed,cross_pilot,P2_HCC_vs_NC|rep=clr|substrate=unknown_SERS|pilot=P2_label_free_SERS_nanosensor,,cross_pilot_harmonized,G01,purine_nucleotide,stable,0.046,cohens_d,0.046,,,,WEAK,,/Volumes/SSD_Rad/GAIRA_BUILD/gaira_base_4_cross_pilot_synthesis_v1/tables/cross_pilot_harmonized_effect_sizes_v1.csv,P2_HCC_vs_NC,serum,liver_cancer
E0000518,gaira_base_4_cross_pilot_synthesis_v1,synthesis,mixed,cross_pilot,P2_HCC_vs_NC|rep=clr|substrate=unknown_SERS|pilot=P2_label_free_SERS_nanosensor,,cross_pilot_harmonized,G02,purine_metabolite,down,-0.462,cohens_d,-0.462,,,,STRONG,,/Volumes/SSD_Rad/GAIRA_BUILD/gaira_base_4_cross_pilot_synthesis_v1/tables/cross_pilot_harmonized_effect_sizes_v1.csv,P2_HCC_vs_NC,serum,liver_cancer
E0000519,gaira_base_4_cross_pilot_synthesis_v1,synthesis,mixed,cross_pilot,P2_HCC_vs_NC|rep=clr|substrate=unknown_SERS|pilot=P2_label_free_SERS_nanosensor,,cross_pilot_harmonized,G03,pyrimidine_nucleotide,stable,0.063,cohens_d,0.063,,,,WEAK,,/Volumes/SSD_Rad/GAIRA_BUILD/gaira_base_4_cross_pilot_synthesis_v1/tables/cross_pilot_harmonized_effect_sizes_v1.csv,P2_HCC_vs_NC,serum,liver_cancer
E0000520,gaira_base_4_cross_pilot_synthesis_v1,synthesis,mixed,cross_pilot,P2_HCC_vs_NC|rep=clr|substrate=unknown_SERS|pilot=P2_label_free_SERS_nanosensor,,cross_pilot_harmonized,G04,nucleic_acid_phosphate,stable,0.03,cohens_d,0.03,,,,WEAK,,/Volumes/SSD_Rad/GAIRA_BUILD/gaira_base_4_cross_pilot_synthesis_v1/tables/cross_pilot_harmonized_effect_sizes_v1.csv,P2_HCC_vs_NC,serum,liver_cancer
E0000521,gaira_base_4_cross_pilot_synthesis_v1,synthesis,mixed,cross_pilot,P2_HCC_vs_NC|rep=clr|substrate=unknown_SERS|pilot=P2_label_free_SERS_nanosensor,,cross_pilot_harmonized,G05,glycan_carbohydrate,stable,0.007,cohens_d,0.007,,,,WEAK,,/Volumes/SSD_Rad/GAIRA_BUILD/gaira_base_4_cross_pilot_synthesis_v1/tables/cross_pilot_harmonized_effect_sizes_v1.csv,P2_HCC_vs_NC,serum,liver_cancer
E0000522,gaira_base_4_cross_pilot_synthesis_v1,synthesis,mixed,cross_pilot,P2_HCC_vs_NC|rep=clr|substrate=unknown_SERS|pilot=P2_label_free_SERS_nanosensor,,cross_pilot_harmonized,G06,protein_peptide_backbone,stable,-0.063,cohens_d,-0.063,,,,WEAK,,/Volumes/SSD_Rad/GAIRA_BUILD/gaira_base_4_cross_pilot_synthesis_v1/tables/cross_pilot_harmonized_effect_sizes_v1.csv,P2_HCC_vs_NC,serum,liver_cancer
E0000523,gaira_base_4_cross_pilot_synthesis_v1,synthesis,mixed,cross_pilot,P2_HCC_vs_NC|rep=clr|substrate=unknown_SERS|pilot=P2_label_free_SERS_nanosensor,,cross_pilot_harmonized,G07,aromatic_residue,stable,0.152,cohens_d,0.152,,,,WEAK,,/Volumes/SSD_Rad/GAIRA_BUILD/gaira_base_4_cross_pilot_synthesis_v1/tables/cross_pilot_harmonized_effect_sizes_v1.csv,P2_HCC_vs_NC,serum,liver_cancer
E0000524,gaira_base_4_cross_pilot_synthesis_v1,synthesis,mixed,cross_pilot,P2_HCC_vs_NC|rep=clr|substrate=unknown_SERS|pilot=P2_label_free_SERS_nanosensor,,cross_pilot_harmonized,G08,lipid_acyl_membrane,stable,-0.064,cohens_d,-0.064,,,,WEAK,,/Volumes/SSD_Rad/GAIRA_BUILD/gaira_base_4_cross_pilot_synthesis_v1/tables/cross_pilot_harmonized_effect_sizes_v1.csv,P2_HCC_vs_NC,serum,liver_cancer
E0000525,gaira_base_4_cross_pilot_synthesis_v1,synthesis,mixed,cross_pilot,P2_HCC_vs_NC|rep=clr|substrate=unknown_SERS|pilot=P2_label_free_SERS_nanosensor,,cross_pilot_harmonized,G09,sterol_neutral_lipid,stable,-0.032,cohens_d,-0.032,,,,WEAK,,/Volumes/SSD_Rad/GAIRA_BUILD/gaira_base_4_cross_pilot_synthesis_v1/tables/cross_pilot_harmonized_effect_sizes_v1.csv,P2_HCC_vs_NC,serum,liver_cancer
E0000526,gaira_base_4_cross_pilot_synthesis_v1,synthesis,mixed,cross_pilot,P2_HCC_vs_NC|rep=clr|substrate=unknown_SERS|pilot=P2_label_free_SERS_nanosensor,,cross_pilot_harmonized,G10,sulfur_thiol_redox,stable,0.122,cohens_d,0.122,,,,WEAK,,/Volumes/SSD_Rad/GAIRA_BUILD/gaira_base_4_cross_pilot_synthesis_v1/tables/cross_pilot_harmonized_effect_sizes_v1.csv,P2_HCC_vs_NC,serum,liver_cancer
E0000527,gaira_base_4_cross_pilot_synthesis_v1,synthesis,mixed,cross_pilot,P2_HCC_vs_NC|rep=clr|substrate=unknown_SERS|pilot=P2_label_free_SERS_nanosensor,,cross_pilot_harmonized,G11,metabolic_small_molecule,stable,-0.003,cohens_d,-0.003,,,,WEAK,,/Volumes/SSD_Rad/GAIRA_BUILD/gaira_base_4_cross_pilot_synthesis_v1/tables/cross_pilot_harmonized_effect_sizes_v1.csv,P2_HCC_vs_NC,serum,liver_cancer
E0000528,gaira_base_4_cross_pilot_synthesis_v1,synthesis,mixed,cross_pilot,P2_CCA_vs_NC|rep=clr|substrate=unknown_SERS|pilot=P2_label_free_SERS_nanosensor,,cross_pilot_harmonized,G01,purine_nucleotide,up,1.082,cohens_d,1.082,,,,STRONG,,/Volumes/SSD_Rad/GAIRA_BUILD/gaira_base_4_cross_pilot_synthesis_v1/tables/cross_pilot_harmonized_effect_sizes_v1.csv,P2_CCA_vs_NC,serum,liver_cancer
E0000529,gaira_base_4_cross_pilot_synthesis_v1,synthesis,mixed,cross_pilot,P2_CCA_vs_NC|rep=clr|substrate=unknown_SERS|pilot=P2_label_free_SERS_nanosensor,,cross_pilot_harmonized,G02,purine_metabolite,stable,-0.178,cohens_d,-0.178,,,,WEAK,,/Volumes/SSD_Rad/GAIRA_BUILD/gaira_base_4_cross_pilot_synthesis_v1/tables/cross_pilot_harmonized_effect_sizes_v1.csv,P2_CCA_vs_NC,serum,liver_cancer
E0000530,gaira_base_4_cross_pilot_synthesis_v1,synthesis,mixed,cross_pilot,P2_CCA_vs_NC|rep=clr|substrate=unknown_SERS|pilot=P2_label_free_SERS_nanosensor,,cross_pilot_harmonized,G03,pyrimidine_nucleotide,up,1.227,cohens_d,1.227,,,,STRONG,,/Volumes/SSD_Rad/GAIRA_BUILD/gaira_base_4_cross_pilot_synthesis_v1/tables/cross_pilot_harmonized_effect_sizes_v1.csv,P2_CCA_vs_NC,serum,liver_cancer
E0000531,gaira_base_4_cross_pilot_synthesis_v1,synthesis,mixed,cross_pilot,P2_CCA_vs_NC|rep=clr|substrate=unknown_SERS|pilot=P2_label_free_SERS_nanosensor,,cross_pilot_harmonized,G04,nucleic_acid_phosphate,up,0.347,cohens_d,0.347,,,,MODERATE,,/Volumes/SSD_Rad/GAIRA_BUILD/gaira_base_4_cross_pilot_synthesis_v1/tables/cross_pilot_harmonized_effect_sizes_v1.csv,P2_CCA_vs_NC,serum,liver_cancer
E0000532,gaira_base_4_cross_pilot_synthesis_v1,synthesis,mixed,cross_pilot,P2_CCA_vs_NC|rep=clr|substrate=unknown_SERS|pilot=P2_label_free_SERS_nanosensor,,cross_pilot_harmonized,G05,glycan_carbohydrate,down,-1.292,cohens_d,-1.292,,,,STRONG,,/Volumes/SSD_Rad/GAIRA_BUILD/gaira_base_4_cross_pilot_synthesis_v1/tables/cross_pilot_harmonized_effect_sizes_v1.csv,P2_CCA_vs_NC,serum,liver_cancer
E0000533,gaira_base_4_cross_pilot_synthesis_v1,synthesis,mixed,cross_pilot,P2_CCA_vs_NC|rep=clr|substrate=unknown_SERS|pilot=P2_label_free_SERS_nanosensor,,cross_pilot_harmonized,G06,protein_peptide_backbone,up,1.159,cohens_d,1.159,,,,STRONG,,/Volumes/SSD_Rad/GAIRA_BUILD/gaira_base_4_cross_pilot_synthesis_v1/tables/cross_pilot_harmonized_effect_sizes_v1.csv,P2_CCA_vs_NC,serum,liver_cancer
E0000534,gaira_base_4_cross_pilot_synthesis_v1,synthesis,mixed,cross_pilot,P2_CCA_vs_NC|rep=clr|substrate=unknown_SERS|pilot=P2_label_free_SERS_nanosensor,,cross_pilot_harmonized,G07,aromatic_residue,up,1.157,cohens_d,1.157,,,,STRONG,,/Volumes/SSD_Rad/GAIRA_BUILD/gaira_base_4_cross_pilot_synthesis_v1/tables/cross_pilot_harmonized_effect_sizes_v1.csv,P2_CCA_vs_NC,serum,liver_cancer
E0000535,gaira_base_4_cross_pilot_synthesis_v1,synthesis,mixed,cross_pilot,P2_CCA_vs_NC|rep=clr|substrate=unknown_SERS|pilot=P2_label_free_SERS_nanosensor,,cross_pilot_harmonized,G08,lipid_acyl_membrane,down,-1.297,cohens_d,-1.297,,,,STRONG,,/Volumes/SSD_Rad/GAIRA_BUILD/gaira_base_4_cross_pilot_synthesis_v1/tables/cross_pilot_harmonized_effect_sizes_v1.csv,P2_CCA_vs_NC,serum,liver_cancer
E0000536,gaira_base_4_cross_pilot_synthesis_v1,synthesis,mixed,cross_pilot,P2_CCA_vs_NC|rep=clr|substrate=unknown_SERS|pilot=P2_label_free_SERS_nanosensor,,cross_pilot_harmonized,G09,sterol_neutral_lipid,down,-1.376,cohens_d,-1.376,,,,STRONG,,/Volumes/SSD_Rad/GAIRA_BUILD/gaira_base_4_cross_pilot_synthesis_v1/tables/cross_pilot_harmonized_effect_sizes_v1.csv,P2_CCA_vs_NC,serum,liver_cancer
E0000537,gaira_base_4_cross_pilot_synthesis_v1,synthesis,mixed,cross_pilot,P2_CCA_vs_NC|rep=clr|substrate=unknown_SERS|pilot=P2_label_free_SERS_nanosensor,,cross_pilot_harmonized,G10,sulfur_thiol_redox,down,-0.398,cohens_d,-0.398,,,,MODERATE,,/Volumes/SSD_Rad/GAIRA_BUILD/gaira_base_4_cross_pilot_synthesis_v1/tables/cross_pilot_harmonized_effect_sizes_v1.csv,P2_CCA_vs_NC,serum,liver_cancer
E0000538,gaira_base_4_cross_pilot_synthesis_v1,synthesis,mixed,cross_pilot,P2_CCA_vs_NC|rep=clr|substrate=unknown_SERS|pilot=P2_label_free_SERS_nanosensor,,cross_pilot_harmonized,G11,metabolic_small_molecule,down,-1.053,cohens_d,-1.053,,,,STRONG,,/Volumes/SSD_Rad/GAIRA_BUILD/gaira_base_4_cross_pilot_synthesis_v1/tables/cross_pilot_harmonized_effect_sizes_v1.csv,P2_CCA_vs_NC,serum,liver_cancer
E0000539,gaira_base_4_cross_pilot_synthesis_v1,synthesis,mixed,cross_pilot,P2_LM_vs_NC|rep=clr|substrate=unknown_SERS|pilot=P2_label_free_SERS_nanosensor,,cross_pilot_harmonized,G01,purine_nucleotide,up,0.721,cohens_d,0.721,,,,STRONG,,/Volumes/SSD_Rad/GAIRA_BUILD/gaira_base_4_cross_pilot_synthesis_v1/tables/cross_pilot_harmonized_effect_sizes_v1.csv,P2_LM_vs_NC,serum,liver_cancer
E0000540,gaira_base_4_cross_pilot_synthesis_v1,synthesis,mixed,cross_pilot,P2_LM_vs_NC|rep=clr|substrate=unknown_SERS|pilot=P2_label_free_SERS_nanosensor,,cross_pilot_harmonized,G02,purine_metabolite,stable,-0.17,cohens_d,-0.17,,,,WEAK,,/Volumes/SSD_Rad/GAIRA_BUILD/gaira_base_4_cross_pilot_synthesis_v1/tables/cross_pilot_harmonized_effect_sizes_v1.csv,P2_LM_vs_NC,serum,liver_cancer
E0000541,gaira_base_4_cross_pilot_synthesis_v1,synthesis,mixed,cross_pilot,P2_LM_vs_NC|rep=clr|substrate=unknown_SERS|pilot=P2_label_free_SERS_nanosensor,,cross_pilot_harmonized,G03,pyrimidine_nucleotide,up,0.697,cohens_d,0.697,,,,STRONG,,/Volumes/SSD_Rad/GAIRA_BUILD/gaira_base_4_cross_pilot_synthesis_v1/tables/cross_pilot_harmonized_effect_sizes_v1.csv,P2_LM_vs_NC,serum,liver_cancer
E0000542,gaira_base_4_cross_pilot_synthesis_v1,synthesis,mixed,cross_pilot,P2_LM_vs_NC|rep=clr|substrate=unknown_SERS|pilot=P2_label_free_SERS_nanosensor,,cross_pilot_harmonized,G04,nucleic_acid_phosphate,up,0.698,cohens_d,0.698,,,,STRONG,,/Volumes/SSD_Rad/GAIRA_BUILD/gaira_base_4_cross_pilot_synthesis_v1/tables/cross_pilot_harmonized_effect_sizes_v1.csv,P2_LM_vs_NC,serum,liver_cancer
E0000543,gaira_base_4_cross_pilot_synthesis_v1,synthesis,mixed,cross_pilot,P2_LM_vs_NC|rep=clr|substrate=unknown_SERS|pilot=P2_label_free_SERS_nanosensor,,cross_pilot_harmonized,G05,glycan_carbohydrate,down,-1.086,cohens_d,-1.086,,,,STRONG,,/Volumes/SSD_Rad/GAIRA_BUILD/gaira_base_4_cross_pilot_synthesis_v1/tables/cross_pilot_harmonized_effect_sizes_v1.csv,P2_LM_vs_NC,serum,liver_cancer
E0000544,gaira_base_4_cross_pilot_synthesis_v1,synthesis,mixed,cross_pilot,P2_LM_vs_NC|rep=clr|substrate=unknown_SERS|pilot=P2_label_free_SERS_nanosensor,,cross_pilot_harmonized,G06,protein_peptide_backbone,up,1.034,cohens_d,1.034,,,,STRONG,,/Volumes/SSD_Rad/GAIRA_BUILD/gaira_base_4_cross_pilot_synthesis_v1/tables/cross_pilot_harmonized_effect_sizes_v1.csv,P2_LM_vs_NC,serum,liver_cancer
E0000545,gaira_base_4_cross_pilot_synthesis_v1,synthesis,mixed,cross_pilot,P2_LM_vs_NC|rep=clr|substrate=unknown_SERS|pilot=P2_label_free_SERS_nanosensor,,cross_pilot_harmonized,G07,aromatic_residue,up,1.053,cohens_d,1.053,,,,STRONG,,/Volumes/SSD_Rad/GAIRA_BUILD/gaira_base_4_cross_pilot_synthesis_v1/tables/cross_pilot_harmonized_effect_sizes_v1.csv,P2_LM_vs_NC,serum,liver_cancer
E0000546,gaira_base_4_cross_pilot_synthesis_v1,synthesis,mixed,cross_pilot,P2_LM_vs_NC|rep=clr|substrate=unknown_SERS|pilot=P2_label_free_SERS_nanosensor,,cross_pilot_harmonized,G08,lipid_acyl_membrane,down,-1.046,cohens_d,-1.046,,,,STRONG,,/Volumes/SSD_Rad/GAIRA_BUILD/gaira_base_4_cross_pilot_synthesis_v1/tables/cross_pilot_harmonized_effect_sizes_v1.csv,P2_LM_vs_NC,serum,liver_cancer
E0000547,gaira_base_4_cross_pilot_synthesis_v1,synthesis,mixed,cross_pilot,P2_LM_vs_NC|rep=clr|substrate=unknown_SERS|pilot=P2_label_free_SERS_nanosensor,,cross_pilot_harmonized,G09,sterol_neutral_lipid,down,-1.182,cohens_d,-1.182,,,,STRONG,,/Volumes/SSD_Rad/GAIRA_BUILD/gaira_base_4_cross_pilot_synthesis_v1/tables/cross_pilot_harmonized_effect_sizes_v1.csv,P2_LM_vs_NC,serum,liver_cancer
E0000548,gaira_base_4_cross_pilot_synthesis_v1,synthesis,mixed,cross_pilot,P2_LM_vs_NC|rep=clr|substrate=unknown_SERS|pilot=P2_label_free_SERS_nanosensor,,cross_pilot_harmonized,G10,sulfur_thiol_redox,down,-0.238,cohens_d,-0.238,,,,MODERATE,,/Volumes/SSD_Rad/GAIRA_BUILD/gaira_base_4_cross_pilot_synthesis_v1/tables/cross_pilot_harmonized_effect_sizes_v1.csv,P2_LM_vs_NC,serum,liver_cancer
E0000549,gaira_base_4_cross_pilot_synthesis_v1,synthesis,mixed,cross_pilot,P2_LM_vs_NC|rep=clr|substrate=unknown_SERS|pilot=P2_label_free_SERS_nanosensor,,cross_pilot_harmonized,G11,metabolic_small_molecule,down,-0.911,cohens_d,-0.911,,,,STRONG,,/Volumes/SSD_Rad/GAIRA_BUILD/gaira_base_4_cross_pilot_synthesis_v1/tables/cross_pilot_harmonized_effect_sizes_v1.csv,P2_LM_vs_NC,serum,liver_cancer
E0000550,gaira_base_4_cross_pilot_synthesis_v1,synthesis,mixed,cross_pilot,P2_HCC_vs_NC|rep=zspec|substrate=unknown_SERS|pilot=P2_label_free_SERS_nanosensor,,cross_pilot_harmonized,G01,purine_nucleotide,stable,0.158,cohens_d,0.158,,,,WEAK,,/Volumes/SSD_Rad/GAIRA_BUILD/gaira_base_4_cross_pilot_synthesis_v1/tables/cross_pilot_harmonized_effect_sizes_v1.csv,P2_HCC_vs_NC,serum,liver_cancer
E0000551,gaira_base_4_cross_pilot_synthesis_v1,synthesis,mixed,cross_pilot,P2_HCC_vs_NC|rep=zspec|substrate=unknown_SERS|pilot=P2_label_free_SERS_nanosensor,,cross_pilot_harmonized,G02,purine_metabolite,down,-0.226,cohens_d,-0.226,,,,MODERATE,,/Volumes/SSD_Rad/GAIRA_BUILD/gaira_base_4_cross_pilot_synthesis_v1/tables/cross_pilot_harmonized_effect_sizes_v1.csv,P2_HCC_vs_NC,serum,liver_cancer
E0000552,gaira_base_4_cross_pilot_synthesis_v1,synthesis,mixed,cross_pilot,P2_HCC_vs_NC|rep=zspec|substrate=unknown_SERS|pilot=P2_label_free_SERS_nanosensor,,cross_pilot_harmonized,G03,pyrimidine_nucleotide,stable,0.025,cohens_d,0.025,,,,WEAK,,/Volumes/SSD_Rad/GAIRA_BUILD/gaira_base_4_cross_pilot_synthesis_v1/tables/cross_pilot_harmonized_effect_sizes_v1.csv,P2_HCC_vs_NC,serum,liver_cancer
E0000553,gaira_base_4_cross_pilot_synthesis_v1,synthesis,mixed,cross_pilot,P2_HCC_vs_NC|rep=zspec|substrate=unknown_SERS|pilot=P2_label_free_SERS_nanosensor,,cross_pilot_harmonized,G04,nucleic_acid_phosphate,stable,-0.029,cohens_d,-0.029,,,,WEAK,,/Volumes/SSD_Rad/GAIRA_BUILD/gaira_base_4_cross_pilot_synthesis_v1/tables/cross_pilot_harmonized_effect_sizes_v1.csv,P2_HCC_vs_NC,serum,liver_cancer
E0000554,gaira_base_4_cross_pilot_synthesis_v1,synthesis,mixed,cross_pilot,P2_HCC_vs_NC|rep=zspec|substrate=unknown_SERS|pilot=P2_label_free_SERS_nanosensor,,cross_pilot_harmonized,G05,glycan_carbohydrate,stable,0.044,cohens_d,0.044,,,,WEAK,,/Volumes/SSD_Rad/GAIRA_BUILD/gaira_base_4_cross_pilot_synthesis_v1/tables/cross_pilot_harmonized_effect_sizes_v1.csv,P2_HCC_vs_NC,serum,liver_cancer
E0000555,gaira_base_4_cross_pilot_synthesis_v1,synthesis,mixed,cross_pilot,P2_HCC_vs_NC|rep=zspec|substrate=unknown_SERS|pilot=P2_label_free_SERS_nanosensor,,cross_pilot_harmonized,G06,protein_peptide_backbone,down,-0.408,cohens_d,-0.408,,,,MODERATE,,/Volumes/SSD_Rad/GAIRA_BUILD/gaira_base_4_cross_pilot_synthesis_v1/tables/cross_pilot_harmonized_effect_sizes_v1.csv,P2_HCC_vs_NC,serum,liver_cancer
E0000556,gaira_base_4_cross_pilot_synthesis_v1,synthesis,mixed,cross_pilot,P2_HCC_vs_NC|rep=zspec|substrate=unknown_SERS|pilot=P2_label_free_SERS_nanosensor,,cross_pilot_harmonized,G07,aromatic_residue,stable,0.143,cohens_d,0.143,,,,WEAK,,/Volumes/SSD_Rad/GAIRA_BUILD/gaira_base_4_cross_pilot_synthesis_v1/tables/cross_pilot_harmonized_effect_sizes_v1.csv,P2_HCC_vs_NC,serum,liver_cancer
E0000557,gaira_base_4_cross_pilot_synthesis_v1,synthesis,mixed,cross_pilot,P2_HCC_vs_NC|rep=zspec|substrate=unknown_SERS|pilot=P2_label_free_SERS_nanosensor,,cross_pilot_harmonized,G08,lipid_acyl_membrane,stable,-0.071,cohens_d,-0.071,,,,WEAK,,/Volumes/SSD_Rad/GAIRA_BUILD/gaira_base_4_cross_pilot_synthesis_v1/tables/cross_pilot_harmonized_effect_sizes_v1.csv,P2_HCC_vs_NC,serum,liver_cancer
E0000558,gaira_base_4_cross_pilot_synthesis_v1,synthesis,mixed,cross_pilot,P2_HCC_vs_NC|rep=zspec|substrate=unknown_SERS|pilot=P2_label_free_SERS_nanosensor,,cross_pilot_harmonized,G09,sterol_neutral_lipid,stable,0.062,cohens_d,0.062,,,,WEAK,,/Volumes/SSD_Rad/GAIRA_BUILD/gaira_base_4_cross_pilot_synthesis_v1/tables/cross_pilot_harmonized_effect_sizes_v1.csv,P2_HCC_vs_NC,serum,liver_cancer
E0000559,gaira_base_4_cross_pilot_synthesis_v1,synthesis,mixed,cross_pilot,P2_HCC_vs_NC|rep=zspec|substrate=unknown_SERS|pilot=P2_label_free_SERS_nanosensor,,cross_pilot_harmonized,G10,sulfur_thiol_redox,stable,0.127,cohens_d,0.127,,,,WEAK,,/Volumes/SSD_Rad/GAIRA_BUILD/gaira_base_4_cross_pilot_synthesis_v1/tables/cross_pilot_harmonized_effect_sizes_v1.csv,P2_HCC_vs_NC,serum,liver_cancer
E0000560,gaira_base_4_cross_pilot_synthesis_v1,synthesis,mixed,cross_pilot,P2_HCC_vs_NC|rep=zspec|substrate=unknown_SERS|pilot=P2_label_free_SERS_nanosensor,,cross_pilot_harmonized,G11,metabolic_small_molecule,stable,-0.034,cohens_d,-0.034,,,,WEAK,,/Volumes/SSD_Rad/GAIRA_BUILD/gaira_base_4_cross_pilot_synthesis_v1/tables/cross_pilot_harmonized_effect_sizes_v1.csv,P2_HCC_vs_NC,serum,liver_cancer
E0000561,gaira_base_4_cross_pilot_synthesis_v1,synthesis,mixed,cross_pilot,P2_CCA_vs_NC|rep=zspec|substrate=unknown_SERS|pilot=P2_label_free_SERS_nanosensor,,cross_pilot_harmonized,G01,purine_nucleotide,down,-0.41,cohens_d,-0.41,,,,STRONG,,/Volumes/SSD_Rad/GAIRA_BUILD/gaira_base_4_cross_pilot_synthesis_v1/tables/cross_pilot_harmonized_effect_sizes_v1.csv,P2_CCA_vs_NC,serum,liver_cancer
E0000562,gaira_base_4_cross_pilot_synthesis_v1,synthesis,mixed,cross_pilot,P2_CCA_vs_NC|rep=zspec|substrate=unknown_SERS|pilot=P2_label_free_SERS_nanosensor,,cross_pilot_harmonized,G02,purine_metabolite,up,0.214,cohens_d,0.214,,,,MODERATE,,/Volumes/SSD_Rad/GAIRA_BUILD/gaira_base_4_cross_pilot_synthesis_v1/tables/cross_pilot_harmonized_effect_sizes_v1.csv,P2_CCA_vs_NC,serum,liver_cancer
E0000563,gaira_base_4_cross_pilot_synthesis_v1,synthesis,mixed,cross_pilot,P2_CCA_vs_NC|rep=zspec|substrate=unknown_SERS|pilot=P2_label_free_SERS_nanosensor,,cross_pilot_harmonized,G03,pyrimidine_nucleotide,up,0.707,cohens_d,0.707,,,,STRONG,,/Volumes/SSD_Rad/GAIRA_BUILD/gaira_base_4_cross_pilot_synthesis_v1/tables/cross_pilot_harmonized_effect_sizes_v1.csv,P2_CCA_vs_NC,serum,liver_cancer
E0000564,gaira_base_4_cross_pilot_synthesis_v1,synthesis,mixed,cross_pilot,P2_CCA_vs_NC|rep=zspec|substrate=unknown_SERS|pilot=P2_label_free_SERS_nanosensor,,cross_pilot_harmonized,G04,nucleic_acid_phosphate,up,0.843,cohens_d,0.843,,,,STRONG,,/Volumes/SSD_Rad/GAIRA_BUILD/gaira_base_4_cross_pilot_synthesis_v1/tables/cross_pilot_harmonized_effect_sizes_v1.csv,P2_CCA_vs_NC,serum,liver_cancer
E0000565,gaira_base_4_cross_pilot_synthesis_v1,synthesis,mixed,cross_pilot,P2_CCA_vs_NC|rep=zspec|substrate=unknown_SERS|pilot=P2_label_free_SERS_nanosensor,,cross_pilot_harmonized,G05,glycan_carbohydrate,down,-0.746,cohens_d,-0.746,,,,STRONG,,/Volumes/SSD_Rad/GAIRA_BUILD/gaira_base_4_cross_pilot_synthesis_v1/tables/cross_pilot_harmonized_effect_sizes_v1.csv,P2_CCA_vs_NC,serum,liver_cancer
E0000566,gaira_base_4_cross_pilot_synthesis_v1,synthesis,mixed,cross_pilot,P2_CCA_vs_NC|rep=zspec|substrate=unknown_SERS|pilot=P2_label_free_SERS_nanosensor,,cross_pilot_harmonized,G06,protein_peptide_backbone,down,-1.136,cohens_d,-1.136,,,,STRONG,,/Volumes/SSD_Rad/GAIRA_BUILD/gaira_base_4_cross_pilot_synthesis_v1/tables/cross_pilot_harmonized_effect_sizes_v1.csv,P2_CCA_vs_NC,serum,liver_cancer
E0000567,gaira_base_4_cross_pilot_synthesis_v1,synthesis,mixed,cross_pilot,P2_CCA_vs_NC|rep=zspec|substrate=unknown_SERS|pilot=P2_label_free_SERS_nanosensor,,cross_pilot_harmonized,G07,aromatic_residue,up,0.226,cohens_d,0.226,,,,MODERATE,,/Volumes/SSD_Rad/GAIRA_BUILD/gaira_base_4_cross_pilot_synthesis_v1/tables/cross_pilot_harmonized_effect_sizes_v1.csv,P2_CCA_vs_NC,serum,liver_cancer
E0000568,gaira_base_4_cross_pilot_synthesis_v1,synthesis,mixed,cross_pilot,P2_CCA_vs_NC|rep=zspec|substrate=unknown_SERS|pilot=P2_label_free_SERS_nanosensor,,cross_pilot_harmonized,G08,lipid_acyl_membrane,down,-0.806,cohens_d,-0.806,,,,STRONG,,/Volumes/SSD_Rad/GAIRA_BUILD/gaira_base_4_cross_pilot_synthesis_v1/tables/cross_pilot_harmonized_effect_sizes_v1.csv,P2_CCA_vs_NC,serum,liver_cancer
E0000569,gaira_base_4_cross_pilot_synthesis_v1,synthesis,mixed,cross_pilot,P2_CCA_vs_NC|rep=zspec|substrate=unknown_SERS|pilot=P2_label_free_SERS_nanosensor,,cross_pilot_harmonized,G09,sterol_neutral_lipid,stable,-0.064,cohens_d,-0.064,,,,WEAK,,/Volumes/SSD_Rad/GAIRA_BUILD/gaira_base_4_cross_pilot_synthesis_v1/tables/cross_pilot_harmonized_effect_sizes_v1.csv,P2_CCA_vs_NC,serum,liver_cancer
E0000570,gaira_base_4_cross_pilot_synthesis_v1,synthesis,mixed,cross_pilot,P2_CCA_vs_NC|rep=zspec|substrate=unknown_SERS|pilot=P2_label_free_SERS_nanosensor,,cross_pilot_harmonized,G10,sulfur_thiol_redox,up,0.48,cohens_d,0.48,,,,STRONG,,/Volumes/SSD_Rad/GAIRA_BUILD/gaira_base_4_cross_pilot_synthesis_v1/tables/cross_pilot_harmonized_effect_sizes_v1.csv,P2_CCA_vs_NC,serum,liver_cancer
E0000571,gaira_base_4_cross_pilot_synthesis_v1,synthesis,mixed,cross_pilot,P2_CCA_vs_NC|rep=zspec|substrate=unknown_SERS|pilot=P2_label_free_SERS_nanosensor,,cross_pilot_harmonized,G11,metabolic_small_molecule,stable,-0.076,cohens_d,-0.076,,,,WEAK,,/Volumes/SSD_Rad/GAIRA_BUILD/gaira_base_4_cross_pilot_synthesis_v1/tables/cross_pilot_harmonized_effect_sizes_v1.csv,P2_CCA_vs_NC,serum,liver_cancer
E0000572,gaira_base_4_cross_pilot_synthesis_v1,synthesis,mixed,cross_pilot,P2_LM_vs_NC|rep=zspec|substrate=unknown_SERS|pilot=P2_label_free_SERS_nanosensor,,cross_pilot_harmonized,G01,purine_nucleotide,down,-0.747,cohens_d,-0.747,,,,STRONG,,/Volumes/SSD_Rad/GAIRA_BUILD/gaira_base_4_cross_pilot_synthesis_v1/tables/cross_pilot_harmonized_effect_sizes_v1.csv,P2_LM_vs_NC,serum,liver_cancer
E0000573,gaira_base_4_cross_pilot_synthesis_v1,synthesis,mixed,cross_pilot,P2_LM_vs_NC|rep=zspec|substrate=unknown_SERS|pilot=P2_label_free_SERS_nanosensor,,cross_pilot_harmonized,G02,purine_metabolite,stable,0.13,cohens_d,0.13,,,,WEAK,,/Volumes/SSD_Rad/GAIRA_BUILD/gaira_base_4_cross_pilot_synthesis_v1/tables/cross_pilot_harmonized_effect_sizes_v1.csv,P2_LM_vs_NC,serum,liver_cancer
E0000574,gaira_base_4_cross_pilot_synthesis_v1,synthesis,mixed,cross_pilot,P2_LM_vs_NC|rep=zspec|substrate=unknown_SERS|pilot=P2_label_free_SERS_nanosensor,,cross_pilot_harmonized,G03,pyrimidine_nucleotide,up,0.321,cohens_d,0.321,,,,MODERATE,,/Volumes/SSD_Rad/GAIRA_BUILD/gaira_base_4_cross_pilot_synthesis_v1/tables/cross_pilot_harmonized_effect_sizes_v1.csv,P2_LM_vs_NC,serum,liver_cancer
E0000575,gaira_base_4_cross_pilot_synthesis_v1,synthesis,mixed,cross_pilot,P2_LM_vs_NC|rep=zspec|substrate=unknown_SERS|pilot=P2_label_free_SERS_nanosensor,,cross_pilot_harmonized,G04,nucleic_acid_phosphate,up,0.971,cohens_d,0.971,,,,STRONG,,/Volumes/SSD_Rad/GAIRA_BUILD/gaira_base_4_cross_pilot_synthesis_v1/tables/cross_pilot_harmonized_effect_sizes_v1.csv,P2_LM_vs_NC,serum,liver_cancer
E0000576,gaira_base_4_cross_pilot_synthesis_v1,synthesis,mixed,cross_pilot,P2_LM_vs_NC|rep=zspec|substrate=unknown_SERS|pilot=P2_label_free_SERS_nanosensor,,cross_pilot_harmonized,G05,glycan_carbohydrate,down,-0.624,cohens_d,-0.624,,,,STRONG,,/Volumes/SSD_Rad/GAIRA_BUILD/gaira_base_4_cross_pilot_synthesis_v1/tables/cross_pilot_harmonized_effect_sizes_v1.csv,P2_LM_vs_NC,serum,liver_cancer
E0000577,gaira_base_4_cross_pilot_synthesis_v1,synthesis,mixed,cross_pilot,P2_LM_vs_NC|rep=zspec|substrate=unknown_SERS|pilot=P2_label_free_SERS_nanosensor,,cross_pilot_harmonized,G06,protein_peptide_backbone,down,-0.763,cohens_d,-0.763,,,,STRONG,,/Volumes/SSD_Rad/GAIRA_BUILD/gaira_base_4_cross_pilot_synthesis_v1/tables/cross_pilot_harmonized_effect_sizes_v1.csv,P2_LM_vs_NC,serum,liver_cancer
E0000578,gaira_base_4_cross_pilot_synthesis_v1,synthesis,mixed,cross_pilot,P2_LM_vs_NC|rep=zspec|substrate=unknown_SERS|pilot=P2_label_free_SERS_nanosensor,,cross_pilot_harmonized,G07,aromatic_residue,up,0.291,cohens_d,0.291,,,,MODERATE,,/Volumes/SSD_Rad/GAIRA_BUILD/gaira_base_4_cross_pilot_synthesis_v1/tables/cross_pilot_harmonized_effect_sizes_v1.csv,P2_LM_vs_NC,serum,liver_cancer
E0000579,gaira_base_4_cross_pilot_synthesis_v1,synthesis,mixed,cross_pilot,P2_LM_vs_NC|rep=zspec|substrate=unknown_SERS|pilot=P2_label_free_SERS_nanosensor,,cross_pilot_harmonized,G08,lipid_acyl_membrane,down,-0.6,cohens_d,-0.6,,,,STRONG,,/Volumes/SSD_Rad/GAIRA_BUILD/gaira_base_4_cross_pilot_synthesis_v1/tables/cross_pilot_harmonized_effect_sizes_v1.csv,P2_LM_vs_NC,serum,liver_cancer
E0000580,gaira_base_4_cross_pilot_synthesis_v1,synthesis,mixed,cross_pilot,P2_LM_vs_NC|rep=zspec|substrate=unknown_SERS|pilot=P2_label_free_SERS_nanosensor,,cross_pilot_harmonized,G09,sterol_neutral_lipid,stable,-0.196,cohens_d,-0.196,,,,WEAK,,/Volumes/SSD_Rad/GAIRA_BUILD/gaira_base_4_cross_pilot_synthesis_v1/tables/cross_pilot_harmonized_effect_sizes_v1.csv,P2_LM_vs_NC,serum,liver_cancer
E0000581,gaira_base_4_cross_pilot_synthesis_v1,synthesis,mixed,cross_pilot,P2_LM_vs_NC|rep=zspec|substrate=unknown_SERS|pilot=P2_label_free_SERS_nanosensor,,cross_pilot_harmonized,G10,sulfur_thiol_redox,up,0.487,cohens_d,0.487,,,,STRONG,,/Volumes/SSD_Rad/GAIRA_BUILD/gaira_base_4_cross_pilot_synthesis_v1/tables/cross_pilot_harmonized_effect_sizes_v1.csv,P2_LM_vs_NC,serum,liver_cancer
E0000582,gaira_base_4_cross_pilot_synthesis_v1,synthesis,mixed,cross_pilot,P2_LM_vs_NC|rep=zspec|substrate=unknown_SERS|pilot=P2_label_free_SERS_nanosensor,,cross_pilot_harmonized,G11,metabolic_small_molecule,stable,0.07,cohens_d,0.07,,,,WEAK,,/Volumes/SSD_Rad/GAIRA_BUILD/gaira_base_4_cross_pilot_synthesis_v1/tables/cross_pilot_harmonized_effect_sizes_v1.csv,P2_LM_vs_NC,serum,liver_cancer
E0000583,gaira_base_4_cross_pilot_synthesis_v1,synthesis,mixed,cross_pilot,P2_HCC_vs_NC|rep=delta_nc|substrate=unknown_SERS|pilot=P2_label_free_SERS_nanosensor,,cross_pilot_harmonized,G01,purine_nucleotide,stable,0.042,cohens_d,0.042,,,,WEAK,,/Volumes/SSD_Rad/GAIRA_BUILD/gaira_base_4_cross_pilot_synthesis_v1/tables/cross_pilot_harmonized_effect_sizes_v1.csv,P2_HCC_vs_NC,serum,liver_cancer
E0000584,gaira_base_4_cross_pilot_synthesis_v1,synthesis,mixed,cross_pilot,P2_HCC_vs_NC|rep=delta_nc|substrate=unknown_SERS|pilot=P2_label_free_SERS_nanosensor,,cross_pilot_harmonized,G02,purine_metabolite,stable,-0.061,cohens_d,-0.061,,,,WEAK,,/Volumes/SSD_Rad/GAIRA_BUILD/gaira_base_4_cross_pilot_synthesis_v1/tables/cross_pilot_harmonized_effect_sizes_v1.csv,P2_HCC_vs_NC,serum,liver_cancer
E0000585,gaira_base_4_cross_pilot_synthesis_v1,synthesis,mixed,cross_pilot,P2_HCC_vs_NC|rep=delta_nc|substrate=unknown_SERS|pilot=P2_label_free_SERS_nanosensor,,cross_pilot_harmonized,G03,pyrimidine_nucleotide,stable,0.031,cohens_d,0.031,,,,WEAK,,/Volumes/SSD_Rad/GAIRA_BUILD/gaira_base_4_cross_pilot_synthesis_v1/tables/cross_pilot_harmonized_effect_sizes_v1.csv,P2_HCC_vs_NC,serum,liver_cancer
E0000586,gaira_base_4_cross_pilot_synthesis_v1,synthesis,mixed,cross_pilot,P2_HCC_vs_NC|rep=delta_nc|substrate=unknown_SERS|pilot=P2_label_free_SERS_nanosensor,,cross_pilot_harmonized,G04,nucleic_acid_phosphate,stable,0.028,cohens_d,0.028,,,,WEAK,,/Volumes/SSD_Rad/GAIRA_BUILD/gaira_base_4_cross_pilot_synthesis_v1/tables/cross_pilot_harmonized_effect_sizes_v1.csv,P2_HCC_vs_NC,serum,liver_cancer
E0000587,gaira_base_4_cross_pilot_synthesis_v1,synthesis,mixed,cross_pilot,P2_HCC_vs_NC|rep=delta_nc|substrate=unknown_SERS|pilot=P2_label_free_SERS_nanosensor,,cross_pilot_harmonized,G05,glycan_carbohydrate,stable,0.078,cohens_d,0.078,,,,WEAK,,/Volumes/SSD_Rad/GAIRA_BUILD/gaira_base_4_cross_pilot_synthesis_v1/tables/cross_pilot_harmonized_effect_sizes_v1.csv,P2_HCC_vs_NC,serum,liver_cancer
E0000588,gaira_base_4_cross_pilot_synthesis_v1,synthesis,mixed,cross_pilot,P2_HCC_vs_NC|rep=delta_nc|substrate=unknown_SERS|pilot=P2_label_free_SERS_nanosensor,,cross_pilot_harmonized,G06,protein_peptide_backbone,stable,-0.008,cohens_d,-0.008,,,,WEAK,,/Volumes/SSD_Rad/GAIRA_BUILD/gaira_base_4_cross_pilot_synthesis_v1/tables/cross_pilot_harmonized_effect_sizes_v1.csv,P2_HCC_vs_NC,serum,liver_cancer
E0000589,gaira_base_4_cross_pilot_synthesis_v1,synthesis,mixed,cross_pilot,P2_HCC_vs_NC|rep=delta_nc|substrate=unknown_SERS|pilot=P2_label_free_SERS_nanosensor,,cross_pilot_harmonized,G07,aromatic_residue,stable,0.073,cohens_d,0.073,,,,WEAK,,/Volumes/SSD_Rad/GAIRA_BUILD/gaira_base_4_cross_pilot_synthesis_v1/tables/cross_pilot_harmonized_effect_sizes_v1.csv,P2_HCC_vs_NC,serum,liver_cancer
E0000590,gaira_base_4_cross_pilot_synthesis_v1,synthesis,mixed,cross_pilot,P2_HCC_vs_NC|rep=delta_nc|substrate=unknown_SERS|pilot=P2_label_free_SERS_nanosensor,,cross_pilot_harmonized,G08,lipid_acyl_membrane,stable,-0.025,cohens_d,-0.025,,,,WEAK,,/Volumes/SSD_Rad/GAIRA_BUILD/gaira_base_4_cross_pilot_synthesis_v1/tables/cross_pilot_harmonized_effect_sizes_v1.csv,P2_HCC_vs_NC,serum,liver_cancer
E0000591,gaira_base_4_cross_pilot_synthesis_v1,synthesis,mixed,cross_pilot,P2_HCC_vs_NC|rep=delta_nc|substrate=unknown_SERS|pilot=P2_label_free_SERS_nanosensor,,cross_pilot_harmonized,G09,sterol_neutral_lipid,stable,-0.0,cohens_d,-0.0,,,,WEAK,,/Volumes/SSD_Rad/GAIRA_BUILD/gaira_base_4_cross_pilot_synthesis_v1/tables/cross_pilot_harmonized_effect_sizes_v1.csv,P2_HCC_vs_NC,serum,liver_cancer
E0000592,gaira_base_4_cross_pilot_synthesis_v1,synthesis,mixed,cross_pilot,P2_HCC_vs_NC|rep=delta_nc|substrate=unknown_SERS|pilot=P2_label_free_SERS_nanosensor,,cross_pilot_harmonized,G10,sulfur_thiol_redox,stable,0.116,cohens_d,0.116,,,,WEAK,,/Volumes/SSD_Rad/GAIRA_BUILD/gaira_base_4_cross_pilot_synthesis_v1/tables/cross_pilot_harmonized_effect_sizes_v1.csv,P2_HCC_vs_NC,serum,liver_cancer
E0000593,gaira_base_4_cross_pilot_synthesis_v1,synthesis,mixed,cross_pilot,P2_HCC_vs_NC|rep=delta_nc|substrate=unknown_SERS|pilot=P2_label_free_SERS_nanosensor,,cross_pilot_harmonized,G11,metabolic_small_molecule,stable,0.042,cohens_d,0.042,,,,WEAK,,/Volumes/SSD_Rad/GAIRA_BUILD/gaira_base_4_cross_pilot_synthesis_v1/tables/cross_pilot_harmonized_effect_sizes_v1.csv,P2_HCC_vs_NC,serum,liver_cancer
E0000594,gaira_base_4_cross_pilot_synthesis_v1,synthesis,mixed,cross_pilot,P2_CCA_vs_NC|rep=delta_nc|substrate=unknown_SERS|pilot=P2_label_free_SERS_nanosensor,,cross_pilot_harmonized,G01,purine_nucleotide,up,1.195,cohens_d,1.195,,,,STRONG,,/Volumes/SSD_Rad/GAIRA_BUILD/gaira_base_4_cross_pilot_synthesis_v1/tables/cross_pilot_harmonized_effect_sizes_v1.csv,P2_CCA_vs_NC,serum,liver_cancer
E0000595,gaira_base_4_cross_pilot_synthesis_v1,synthesis,mixed,cross_pilot,P2_CCA_vs_NC|rep=delta_nc|substrate=unknown_SERS|pilot=P2_label_free_SERS_nanosensor,,cross_pilot_harmonized,G02,purine_metabolite,up,1.024,cohens_d,1.024,,,,STRONG,,/Volumes/SSD_Rad/GAIRA_BUILD/gaira_base_4_cross_pilot_synthesis_v1/tables/cross_pilot_harmonized_effect_sizes_v1.csv,P2_CCA_vs_NC,serum,liver_cancer
E0000596,gaira_base_4_cross_pilot_synthesis_v1,synthesis,mixed,cross_pilot,P2_CCA_vs_NC|rep=delta_nc|substrate=unknown_SERS|pilot=P2_label_free_SERS_nanosensor,,cross_pilot_harmonized,G03,pyrimidine_nucleotide,up,1.283,cohens_d,1.283,,,,STRONG,,/Volumes/SSD_Rad/GAIRA_BUILD/gaira_base_4_cross_pilot_synthesis_v1/tables/cross_pilot_harmonized_effect_sizes_v1.csv,P2_CCA_vs_NC,serum,liver_cancer
E0000597,gaira_base_4_cross_pilot_synthesis_v1,synthesis,mixed,cross_pilot,P2_CCA_vs_NC|rep=delta_nc|substrate=unknown_SERS|pilot=P2_label_free_SERS_nanosensor,,cross_pilot_harmonized,G04,nucleic_acid_phosphate,up,1.196,cohens_d,1.196,,,,STRONG,,/Volumes/SSD_Rad/GAIRA_BUILD/gaira_base_4_cross_pilot_synthesis_v1/tables/cross_pilot_harmonized_effect_sizes_v1.csv,P2_CCA_vs_NC,serum,liver_cancer
E0000598,gaira_base_4_cross_pilot_synthesis_v1,synthesis,mixed,cross_pilot,P2_CCA_vs_NC|rep=delta_nc|substrate=unknown_SERS|pilot=P2_label_free_SERS_nanosensor,,cross_pilot_harmonized,G05,glycan_carbohydrate,up,1.154,cohens_d,1.154,,,,STRONG,,/Volumes/SSD_Rad/GAIRA_BUILD/gaira_base_4_cross_pilot_synthesis_v1/tables/cross_pilot_harmonized_effect_sizes_v1.csv,P2_CCA_vs_NC,serum,liver_cancer
E0000599,gaira_base_4_cross_pilot_synthesis_v1,synthesis,mixed,cross_pilot,P2_CCA_vs_NC|rep=delta_nc|substrate=unknown_SERS|pilot=P2_label_free_SERS_nanosensor,,cross_pilot_harmonized,G06,protein_peptide_backbone,up,1.15,cohens_d,1.15,,,,STRONG,,/Volumes/SSD_Rad/GAIRA_BUILD/gaira_base_4_cross_pilot_synthesis_v1/tables/cross_pilot_harmonized_effect_sizes_v1.csv,P2_CCA_vs_NC,serum,liver_cancer
E0000600,gaira_base_4_cross_pilot_synthesis_v1,synthesis,mixed,cross_pilot,P2_CCA_vs_NC|rep=delta_nc|substrate=unknown_SERS|pilot=P2_label_free_SERS_nanosensor,,cross_pilot_harmonized,G07,aromatic_residue,up,1.145,cohens_d,1.145,,,,STRONG,,/Volumes/SSD_Rad/GAIRA_BUILD/gaira_base_4_cross_pilot_synthesis_v1/tables/cross_pilot_harmonized_effect_sizes_v1.csv,P2_CCA_vs_NC,serum,liver_cancer
E0000601,gaira_base_4_cross_pilot_synthesis_v1,synthesis,mixed,cross_pilot,P2_CCA_vs_NC|rep=delta_nc|substrate=unknown_SERS|pilot=P2_label_free_SERS_nanosensor,,cross_pilot_harmonized,G08,lipid_acyl_membrane,up,1.137,cohens_d,1.137,,,,STRONG,,/Volumes/SSD_Rad/GAIRA_BUILD/gaira_base_4_cross_pilot_synthesis_v1/tables/cross_pilot_harmonized_effect_sizes_v1.csv,P2_CCA_vs_NC,serum,liver_cancer
E0000602,gaira_base_4_cross_pilot_synthesis_v1,synthesis,mixed,cross_pilot,P2_CCA_vs_NC|rep=delta_nc|substrate=unknown_SERS|pilot=P2_label_free_SERS_nanosensor,,cross_pilot_harmonized,G09,sterol_neutral_lipid,up,0.496,cohens_d,0.496,,,,STRONG,,/Volumes/SSD_Rad/GAIRA_BUILD/gaira_base_4_cross_pilot_synthesis_v1/tables/cross_pilot_harmonized_effect_sizes_v1.csv,P2_CCA_vs_NC,serum,liver_cancer
E0000603,gaira_base_4_cross_pilot_synthesis_v1,synthesis,mixed,cross_pilot,P2_CCA_vs_NC|rep=delta_nc|substrate=unknown_SERS|pilot=P2_label_free_SERS_nanosensor,,cross_pilot_harmonized,G10,sulfur_thiol_redox,up,1.565,cohens_d,1.565,,,,STRONG,,/Volumes/SSD_Rad/GAIRA_BUILD/gaira_base_4_cross_pilot_synthesis_v1/tables/cross_pilot_harmonized_effect_sizes_v1.csv,P2_CCA_vs_NC,serum,liver_cancer
E0000604,gaira_base_4_cross_pilot_synthesis_v1,synthesis,mixed,cross_pilot,P2_CCA_vs_NC|rep=delta_nc|substrate=unknown_SERS|pilot=P2_label_free_SERS_nanosensor,,cross_pilot_harmonized,G11,metabolic_small_molecule,up,1.13,cohens_d,1.13,,,,STRONG,,/Volumes/SSD_Rad/GAIRA_BUILD/gaira_base_4_cross_pilot_synthesis_v1/tables/cross_pilot_harmonized_effect_sizes_v1.csv,P2_CCA_vs_NC,serum,liver_cancer
E0000605,gaira_base_4_cross_pilot_synthesis_v1,synthesis,mixed,cross_pilot,P2_LM_vs_NC|rep=delta_nc|substrate=unknown_SERS|pilot=P2_label_free_SERS_nanosensor,,cross_pilot_harmonized,G01,purine_nucleotide,up,0.952,cohens_d,0.952,,,,STRONG,,/Volumes/SSD_Rad/GAIRA_BUILD/gaira_base_4_cross_pilot_synthesis_v1/tables/cross_pilot_harmonized_effect_sizes_v1.csv,P2_LM_vs_NC,serum,liver_cancer
E0000606,gaira_base_4_cross_pilot_synthesis_v1,synthesis,mixed,cross_pilot,P2_LM_vs_NC|rep=delta_nc|substrate=unknown_SERS|pilot=P2_label_free_SERS_nanosensor,,cross_pilot_harmonized,G02,purine_metabolite,up,0.89,cohens_d,0.89,,,,STRONG,,/Volumes/SSD_Rad/GAIRA_BUILD/gaira_base_4_cross_pilot_synthesis_v1/tables/cross_pilot_harmonized_effect_sizes_v1.csv,P2_LM_vs_NC,serum,liver_cancer
E0000607,gaira_base_4_cross_pilot_synthesis_v1,synthesis,mixed,cross_pilot,P2_LM_vs_NC|rep=delta_nc|substrate=unknown_SERS|pilot=P2_label_free_SERS_nanosensor,,cross_pilot_harmonized,G03,pyrimidine_nucleotide,up,1.003,cohens_d,1.003,,,,STRONG,,/Volumes/SSD_Rad/GAIRA_BUILD/gaira_base_4_cross_pilot_synthesis_v1/tables/cross_pilot_harmonized_effect_sizes_v1.csv,P2_LM_vs_NC,serum,liver_cancer
E0000608,gaira_base_4_cross_pilot_synthesis_v1,synthesis,mixed,cross_pilot,P2_LM_vs_NC|rep=delta_nc|substrate=unknown_SERS|pilot=P2_label_free_SERS_nanosensor,,cross_pilot_harmonized,G04,nucleic_acid_phosphate,up,1.165,cohens_d,1.165,,,,STRONG,,/Volumes/SSD_Rad/GAIRA_BUILD/gaira_base_4_cross_pilot_synthesis_v1/tables/cross_pilot_harmonized_effect_sizes_v1.csv,P2_LM_vs_NC,serum,liver_cancer
E0000609,gaira_base_4_cross_pilot_synthesis_v1,synthesis,mixed,cross_pilot,P2_LM_vs_NC|rep=delta_nc|substrate=unknown_SERS|pilot=P2_label_free_SERS_nanosensor,,cross_pilot_harmonized,G05,glycan_carbohydrate,up,1.045,cohens_d,1.045,,,,STRONG,,/Volumes/SSD_Rad/GAIRA_BUILD/gaira_base_4_cross_pilot_synthesis_v1/tables/cross_pilot_harmonized_effect_sizes_v1.csv,P2_LM_vs_NC,serum,liver_cancer
E0000610,gaira_base_4_cross_pilot_synthesis_v1,synthesis,mixed,cross_pilot,P2_LM_vs_NC|rep=delta_nc|substrate=unknown_SERS|pilot=P2_label_free_SERS_nanosensor,,cross_pilot_harmonized,G06,protein_peptide_backbone,up,1.001,cohens_d,1.001,,,,STRONG,,/Volumes/SSD_Rad/GAIRA_BUILD/gaira_base_4_cross_pilot_synthesis_v1/tables/cross_pilot_harmonized_effect_sizes_v1.csv,P2_LM_vs_NC,serum,liver_cancer
E0000611,gaira_base_4_cross_pilot_synthesis_v1,synthesis,mixed,cross_pilot,P2_LM_vs_NC|rep=delta_nc|substrate=unknown_SERS|pilot=P2_label_free_SERS_nanosensor,,cross_pilot_harmonized,G07,aromatic_residue,up,1.003,cohens_d,1.003,,,,STRONG,,/Volumes/SSD_Rad/GAIRA_BUILD/gaira_base_4_cross_pilot_synthesis_v1/tables/cross_pilot_harmonized_effect_sizes_v1.csv,P2_LM_vs_NC,serum,liver_cancer
E0000612,gaira_base_4_cross_pilot_synthesis_v1,synthesis,mixed,cross_pilot,P2_LM_vs_NC|rep=delta_nc|substrate=unknown_SERS|pilot=P2_label_free_SERS_nanosensor,,cross_pilot_harmonized,G08,lipid_acyl_membrane,up,1.09,cohens_d,1.09,,,,STRONG,,/Volumes/SSD_Rad/GAIRA_BUILD/gaira_base_4_cross_pilot_synthesis_v1/tables/cross_pilot_harmonized_effect_sizes_v1.csv,P2_LM_vs_NC,serum,liver_cancer
E0000613,gaira_base_4_cross_pilot_synthesis_v1,synthesis,mixed,cross_pilot,P2_LM_vs_NC|rep=delta_nc|substrate=unknown_SERS|pilot=P2_label_free_SERS_nanosensor,,cross_pilot_harmonized,G09,sterol_neutral_lipid,up,0.49,cohens_d,0.49,,,,STRONG,,/Volumes/SSD_Rad/GAIRA_BUILD/gaira_base_4_cross_pilot_synthesis_v1/tables/cross_pilot_harmonized_effect_sizes_v1.csv,P2_LM_vs_NC,serum,liver_cancer
E0000614,gaira_base_4_cross_pilot_synthesis_v1,synthesis,mixed,cross_pilot,P2_LM_vs_NC|rep=delta_nc|substrate=unknown_SERS|pilot=P2_label_free_SERS_nanosensor,,cross_pilot_harmonized,G10,sulfur_thiol_redox,up,1.289,cohens_d,1.289,,,,STRONG,,/Volumes/SSD_Rad/GAIRA_BUILD/gaira_base_4_cross_pilot_synthesis_v1/tables/cross_pilot_harmonized_effect_sizes_v1.csv,P2_LM_vs_NC,serum,liver_cancer
E0000615,gaira_base_4_cross_pilot_synthesis_v1,synthesis,mixed,cross_pilot,P2_LM_vs_NC|rep=delta_nc|substrate=unknown_SERS|pilot=P2_label_free_SERS_nanosensor,,cross_pilot_harmonized,G11,metabolic_small_molecule,up,0.903,cohens_d,0.903,,,,STRONG,,/Volumes/SSD_Rad/GAIRA_BUILD/gaira_base_4_cross_pilot_synthesis_v1/tables/cross_pilot_harmonized_effect_sizes_v1.csv,P2_LM_vs_NC,serum,liver_cancer
E0000616,gaira_base_4_cross_pilot_synthesis_v1,synthesis,mixed,cross_pilot,P2_HCC_vs_NC|rep=delta_sumnorm|substrate=unknown_SERS|pilot=P2_label_free_SERS_nanosensor,,cross_pilot_harmonized,G01,purine_nucleotide,stable,0.048,cohens_d,0.048,,,,WEAK,,/Volumes/SSD_Rad/GAIRA_BUILD/gaira_base_4_cross_pilot_synthesis_v1/tables/cross_pilot_harmonized_effect_sizes_v1.csv,P2_HCC_vs_NC,serum,liver_cancer
E0000617,gaira_base_4_cross_pilot_synthesis_v1,synthesis,mixed,cross_pilot,P2_HCC_vs_NC|rep=delta_sumnorm|substrate=unknown_SERS|pilot=P2_label_free_SERS_nanosensor,,cross_pilot_harmonized,G02,purine_metabolite,down,-0.388,cohens_d,-0.388,,,,MODERATE,,/Volumes/SSD_Rad/GAIRA_BUILD/gaira_base_4_cross_pilot_synthesis_v1/tables/cross_pilot_harmonized_effect_sizes_v1.csv,P2_HCC_vs_NC,serum,liver_cancer
E0000618,gaira_base_4_cross_pilot_synthesis_v1,synthesis,mixed,cross_pilot,P2_HCC_vs_NC|rep=delta_sumnorm|substrate=unknown_SERS|pilot=P2_label_free_SERS_nanosensor,,cross_pilot_harmonized,G03,pyrimidine_nucleotide,stable,0.048,cohens_d,0.048,,,,WEAK,,/Volumes/SSD_Rad/GAIRA_BUILD/gaira_base_4_cross_pilot_synthesis_v1/tables/cross_pilot_harmonized_effect_sizes_v1.csv,P2_HCC_vs_NC,serum,liver_cancer
E0000619,gaira_base_4_cross_pilot_synthesis_v1,synthesis,mixed,cross_pilot,P2_HCC_vs_NC|rep=delta_sumnorm|substrate=unknown_SERS|pilot=P2_label_free_SERS_nanosensor,,cross_pilot_harmonized,G04,nucleic_acid_phosphate,stable,0.028,cohens_d,0.028,,,,WEAK,,/Volumes/SSD_Rad/GAIRA_BUILD/gaira_base_4_cross_pilot_synthesis_v1/tables/cross_pilot_harmonized_effect_sizes_v1.csv,P2_HCC_vs_NC,serum,liver_cancer
E0000620,gaira_base_4_cross_pilot_synthesis_v1,synthesis,mixed,cross_pilot,P2_HCC_vs_NC|rep=delta_sumnorm|substrate=unknown_SERS|pilot=P2_label_free_SERS_nanosensor,,cross_pilot_harmonized,G05,glycan_carbohydrate,stable,0.008,cohens_d,0.008,,,,WEAK,,/Volumes/SSD_Rad/GAIRA_BUILD/gaira_base_4_cross_pilot_synthesis_v1/tables/cross_pilot_harmonized_effect_sizes_v1.csv,P2_HCC_vs_NC,serum,liver_cancer
E0000621,gaira_base_4_cross_pilot_synthesis_v1,synthesis,mixed,cross_pilot,P2_HCC_vs_NC|rep=delta_sumnorm|substrate=unknown_SERS|pilot=P2_label_free_SERS_nanosensor,,cross_pilot_harmonized,G06,protein_peptide_backbone,stable,-0.045,cohens_d,-0.045,,,,WEAK,,/Volumes/SSD_Rad/GAIRA_BUILD/gaira_base_4_cross_pilot_synthesis_v1/tables/cross_pilot_harmonized_effect_sizes_v1.csv,P2_HCC_vs_NC,serum,liver_cancer
E0000622,gaira_base_4_cross_pilot_synthesis_v1,synthesis,mixed,cross_pilot,P2_HCC_vs_NC|rep=delta_sumnorm|substrate=unknown_SERS|pilot=P2_label_free_SERS_nanosensor,,cross_pilot_harmonized,G07,aromatic_residue,stable,0.129,cohens_d,0.129,,,,WEAK,,/Volumes/SSD_Rad/GAIRA_BUILD/gaira_base_4_cross_pilot_synthesis_v1/tables/cross_pilot_harmonized_effect_sizes_v1.csv,P2_HCC_vs_NC,serum,liver_cancer
E0000623,gaira_base_4_cross_pilot_synthesis_v1,synthesis,mixed,cross_pilot,P2_HCC_vs_NC|rep=delta_sumnorm|substrate=unknown_SERS|pilot=P2_label_free_SERS_nanosensor,,cross_pilot_harmonized,G08,lipid_acyl_membrane,stable,-0.076,cohens_d,-0.076,,,,WEAK,,/Volumes/SSD_Rad/GAIRA_BUILD/gaira_base_4_cross_pilot_synthesis_v1/tables/cross_pilot_harmonized_effect_sizes_v1.csv,P2_HCC_vs_NC,serum,liver_cancer
E0000624,gaira_base_4_cross_pilot_synthesis_v1,synthesis,mixed,cross_pilot,P2_HCC_vs_NC|rep=delta_sumnorm|substrate=unknown_SERS|pilot=P2_label_free_SERS_nanosensor,,cross_pilot_harmonized,G09,sterol_neutral_lipid,stable,-0.033,cohens_d,-0.033,,,,WEAK,,/Volumes/SSD_Rad/GAIRA_BUILD/gaira_base_4_cross_pilot_synthesis_v1/tables/cross_pilot_harmonized_effect_sizes_v1.csv,P2_HCC_vs_NC,serum,liver_cancer
E0000625,gaira_base_4_cross_pilot_synthesis_v1,synthesis,mixed,cross_pilot,P2_HCC_vs_NC|rep=delta_sumnorm|substrate=unknown_SERS|pilot=P2_label_free_SERS_nanosensor,,cross_pilot_harmonized,G10,sulfur_thiol_redox,stable,0.141,cohens_d,0.141,,,,WEAK,,/Volumes/SSD_Rad/GAIRA_BUILD/gaira_base_4_cross_pilot_synthesis_v1/tables/cross_pilot_harmonized_effect_sizes_v1.csv,P2_HCC_vs_NC,serum,liver_cancer
E0000626,gaira_base_4_cross_pilot_synthesis_v1,synthesis,mixed,cross_pilot,P2_HCC_vs_NC|rep=delta_sumnorm|substrate=unknown_SERS|pilot=P2_label_free_SERS_nanosensor,,cross_pilot_harmonized,G11,metabolic_small_molecule,stable,0.002,cohens_d,0.002,,,,WEAK,,/Volumes/SSD_Rad/GAIRA_BUILD/gaira_base_4_cross_pilot_synthesis_v1/tables/cross_pilot_harmonized_effect_sizes_v1.csv,P2_HCC_vs_NC,serum,liver_cancer
E0000627,gaira_base_4_cross_pilot_synthesis_v1,synthesis,mixed,cross_pilot,P2_CCA_vs_NC|rep=delta_sumnorm|substrate=unknown_SERS|pilot=P2_label_free_SERS_nanosensor,,cross_pilot_harmonized,G01,purine_nucleotide,up,1.115,cohens_d,1.115,,,,STRONG,,/Volumes/SSD_Rad/GAIRA_BUILD/gaira_base_4_cross_pilot_synthesis_v1/tables/cross_pilot_harmonized_effect_sizes_v1.csv,P2_CCA_vs_NC,serum,liver_cancer
E0000628,gaira_base_4_cross_pilot_synthesis_v1,synthesis,mixed,cross_pilot,P2_CCA_vs_NC|rep=delta_sumnorm|substrate=unknown_SERS|pilot=P2_label_free_SERS_nanosensor,,cross_pilot_harmonized,G02,purine_metabolite,up,0.265,cohens_d,0.265,,,,MODERATE,,/Volumes/SSD_Rad/GAIRA_BUILD/gaira_base_4_cross_pilot_synthesis_v1/tables/cross_pilot_harmonized_effect_sizes_v1.csv,P2_CCA_vs_NC,serum,liver_cancer
E0000629,gaira_base_4_cross_pilot_synthesis_v1,synthesis,mixed,cross_pilot,P2_CCA_vs_NC|rep=delta_sumnorm|substrate=unknown_SERS|pilot=P2_label_free_SERS_nanosensor,,cross_pilot_harmonized,G03,pyrimidine_nucleotide,up,1.383,cohens_d,1.383,,,,STRONG,,/Volumes/SSD_Rad/GAIRA_BUILD/gaira_base_4_cross_pilot_synthesis_v1/tables/cross_pilot_harmonized_effect_sizes_v1.csv,P2_CCA_vs_NC,serum,liver_cancer
E0000630,gaira_base_4_cross_pilot_synthesis_v1,synthesis,mixed,cross_pilot,P2_CCA_vs_NC|rep=delta_sumnorm|substrate=unknown_SERS|pilot=P2_label_free_SERS_nanosensor,,cross_pilot_harmonized,G04,nucleic_acid_phosphate,up,0.761,cohens_d,0.761,,,,STRONG,,/Volumes/SSD_Rad/GAIRA_BUILD/gaira_base_4_cross_pilot_synthesis_v1/tables/cross_pilot_harmonized_effect_sizes_v1.csv,P2_CCA_vs_NC,serum,liver_cancer
E0000631,gaira_base_4_cross_pilot_synthesis_v1,synthesis,mixed,cross_pilot,P2_CCA_vs_NC|rep=delta_sumnorm|substrate=unknown_SERS|pilot=P2_label_free_SERS_nanosensor,,cross_pilot_harmonized,G05,glycan_carbohydrate,down,-1.283,cohens_d,-1.283,,,,STRONG,,/Volumes/SSD_Rad/GAIRA_BUILD/gaira_base_4_cross_pilot_synthesis_v1/tables/cross_pilot_harmonized_effect_sizes_v1.csv,P2_CCA_vs_NC,serum,liver_cancer
E0000632,gaira_base_4_cross_pilot_synthesis_v1,synthesis,mixed,cross_pilot,P2_CCA_vs_NC|rep=delta_sumnorm|substrate=unknown_SERS|pilot=P2_label_free_SERS_nanosensor,,cross_pilot_harmonized,G06,protein_peptide_backbone,up,1.147,cohens_d,1.147,,,,STRONG,,/Volumes/SSD_Rad/GAIRA_BUILD/gaira_base_4_cross_pilot_synthesis_v1/tables/cross_pilot_harmonized_effect_sizes_v1.csv,P2_CCA_vs_NC,serum,liver_cancer
E0000633,gaira_base_4_cross_pilot_synthesis_v1,synthesis,mixed,cross_pilot,P2_CCA_vs_NC|rep=delta_sumnorm|substrate=unknown_SERS|pilot=P2_label_free_SERS_nanosensor,,cross_pilot_harmonized,G07,aromatic_residue,up,1.146,cohens_d,1.146,,,,STRONG,,/Volumes/SSD_Rad/GAIRA_BUILD/gaira_base_4_cross_pilot_synthesis_v1/tables/cross_pilot_harmonized_effect_sizes_v1.csv,P2_CCA_vs_NC,serum,liver_cancer
E0000634,gaira_base_4_cross_pilot_synthesis_v1,synthesis,mixed,cross_pilot,P2_CCA_vs_NC|rep=delta_sumnorm|substrate=unknown_SERS|pilot=P2_label_free_SERS_nanosensor,,cross_pilot_harmonized,G08,lipid_acyl_membrane,down,-1.285,cohens_d,-1.285,,,,STRONG,,/Volumes/SSD_Rad/GAIRA_BUILD/gaira_base_4_cross_pilot_synthesis_v1/tables/cross_pilot_harmonized_effect_sizes_v1.csv,P2_CCA_vs_NC,serum,liver_cancer
E0000635,gaira_base_4_cross_pilot_synthesis_v1,synthesis,mixed,cross_pilot,P2_CCA_vs_NC|rep=delta_sumnorm|substrate=unknown_SERS|pilot=P2_label_free_SERS_nanosensor,,cross_pilot_harmonized,G09,sterol_neutral_lipid,down,-1.386,cohens_d,-1.386,,,,STRONG,,/Volumes/SSD_Rad/GAIRA_BUILD/gaira_base_4_cross_pilot_synthesis_v1/tables/cross_pilot_harmonized_effect_sizes_v1.csv,P2_CCA_vs_NC,serum,liver_cancer
E0000636,gaira_base_4_cross_pilot_synthesis_v1,synthesis,mixed,cross_pilot,P2_CCA_vs_NC|rep=delta_sumnorm|substrate=unknown_SERS|pilot=P2_label_free_SERS_nanosensor,,cross_pilot_harmonized,G10,sulfur_thiol_redox,stable,-0.168,cohens_d,-0.168,,,,WEAK,,/Volumes/SSD_Rad/GAIRA_BUILD/gaira_base_4_cross_pilot_synthesis_v1/tables/cross_pilot_harmonized_effect_sizes_v1.csv,P2_CCA_vs_NC,serum,liver_cancer
E0000637,gaira_base_4_cross_pilot_synthesis_v1,synthesis,mixed,cross_pilot,P2_CCA_vs_NC|rep=delta_sumnorm|substrate=unknown_SERS|pilot=P2_label_free_SERS_nanosensor,,cross_pilot_harmonized,G11,metabolic_small_molecule,down,-0.996,cohens_d,-0.996,,,,STRONG,,/Volumes/SSD_Rad/GAIRA_BUILD/gaira_base_4_cross_pilot_synthesis_v1/tables/cross_pilot_harmonized_effect_sizes_v1.csv,P2_CCA_vs_NC,serum,liver_cancer
E0000638,gaira_base_4_cross_pilot_synthesis_v1,synthesis,mixed,cross_pilot,P2_LM_vs_NC|rep=delta_sumnorm|substrate=unknown_SERS|pilot=P2_label_free_SERS_nanosensor,,cross_pilot_harmonized,G01,purine_nucleotide,up,0.78,cohens_d,0.78,,,,STRONG,,/Volumes/SSD_Rad/GAIRA_BUILD/gaira_base_4_cross_pilot_synthesis_v1/tables/cross_pilot_harmonized_effect_sizes_v1.csv,P2_LM_vs_NC,serum,liver_cancer
E0000639,gaira_base_4_cross_pilot_synthesis_v1,synthesis,mixed,cross_pilot,P2_LM_vs_NC|rep=delta_sumnorm|substrate=unknown_SERS|pilot=P2_label_free_SERS_nanosensor,,cross_pilot_harmonized,G02,purine_metabolite,stable,0.2,cohens_d,0.2,,,,MODERATE,,/Volumes/SSD_Rad/GAIRA_BUILD/gaira_base_4_cross_pilot_synthesis_v1/tables/cross_pilot_harmonized_effect_sizes_v1.csv,P2_LM_vs_NC,serum,liver_cancer
E0000640,gaira_base_4_cross_pilot_synthesis_v1,synthesis,mixed,cross_pilot,P2_LM_vs_NC|rep=delta_sumnorm|substrate=unknown_SERS|pilot=P2_label_free_SERS_nanosensor,,cross_pilot_harmonized,G03,pyrimidine_nucleotide,up,0.863,cohens_d,0.863,,,,STRONG,,/Volumes/SSD_Rad/GAIRA_BUILD/gaira_base_4_cross_pilot_synthesis_v1/tables/cross_pilot_harmonized_effect_sizes_v1.csv,P2_LM_vs_NC,serum,liver_cancer
E0000641,gaira_base_4_cross_pilot_synthesis_v1,synthesis,mixed,cross_pilot,P2_LM_vs_NC|rep=delta_sumnorm|substrate=unknown_SERS|pilot=P2_label_free_SERS_nanosensor,,cross_pilot_harmonized,G04,nucleic_acid_phosphate,up,1.027,cohens_d,1.027,,,,STRONG,,/Volumes/SSD_Rad/GAIRA_BUILD/gaira_base_4_cross_pilot_synthesis_v1/tables/cross_pilot_harmonized_effect_sizes_v1.csv,P2_LM_vs_NC,serum,liver_cancer
E0000642,gaira_base_4_cross_pilot_synthesis_v1,synthesis,mixed,cross_pilot,P2_LM_vs_NC|rep=delta_sumnorm|substrate=unknown_SERS|pilot=P2_label_free_SERS_nanosensor,,cross_pilot_harmonized,G05,glycan_carbohydrate,down,-1.07,cohens_d,-1.07,,,,STRONG,,/Volumes/SSD_Rad/GAIRA_BUILD/gaira_base_4_cross_pilot_synthesis_v1/tables/cross_pilot_harmonized_effect_sizes_v1.csv,P2_LM_vs_NC,serum,liver_cancer
E0000643,gaira_base_4_cross_pilot_synthesis_v1,synthesis,mixed,cross_pilot,P2_LM_vs_NC|rep=delta_sumnorm|substrate=unknown_SERS|pilot=P2_label_free_SERS_nanosensor,,cross_pilot_harmonized,G06,protein_peptide_backbone,up,1.012,cohens_d,1.012,,,,STRONG,,/Volumes/SSD_Rad/GAIRA_BUILD/gaira_base_4_cross_pilot_synthesis_v1/tables/cross_pilot_harmonized_effect_sizes_v1.csv,P2_LM_vs_NC,serum,liver_cancer
E0000644,gaira_base_4_cross_pilot_synthesis_v1,synthesis,mixed,cross_pilot,P2_LM_vs_NC|rep=delta_sumnorm|substrate=unknown_SERS|pilot=P2_label_free_SERS_nanosensor,,cross_pilot_harmonized,G07,aromatic_residue,up,1.03,cohens_d,1.03,,,,STRONG,,/Volumes/SSD_Rad/GAIRA_BUILD/gaira_base_4_cross_pilot_synthesis_v1/tables/cross_pilot_harmonized_effect_sizes_v1.csv,P2_LM_vs_NC,serum,liver_cancer
E0000645,gaira_base_4_cross_pilot_synthesis_v1,synthesis,mixed,cross_pilot,P2_LM_vs_NC|rep=delta_sumnorm|substrate=unknown_SERS|pilot=P2_label_free_SERS_nanosensor,,cross_pilot_harmonized,G08,lipid_acyl_membrane,down,-1.02,cohens_d,-1.02,,,,STRONG,,/Volumes/SSD_Rad/GAIRA_BUILD/gaira_base_4_cross_pilot_synthesis_v1/tables/cross_pilot_harmonized_effect_sizes_v1.csv,P2_LM_vs_NC,serum,liver_cancer
E0000646,gaira_base_4_cross_pilot_synthesis_v1,synthesis,mixed,cross_pilot,P2_LM_vs_NC|rep=delta_sumnorm|substrate=unknown_SERS|pilot=P2_label_free_SERS_nanosensor,,cross_pilot_harmonized,G09,sterol_neutral_lipid,down,-1.194,cohens_d,-1.194,,,,STRONG,,/Volumes/SSD_Rad/GAIRA_BUILD/gaira_base_4_cross_pilot_synthesis_v1/tables/cross_pilot_harmonized_effect_sizes_v1.csv,P2_LM_vs_NC,serum,liver_cancer
E0000647,gaira_base_4_cross_pilot_synthesis_v1,synthesis,mixed,cross_pilot,P2_LM_vs_NC|rep=delta_sumnorm|substrate=unknown_SERS|pilot=P2_label_free_SERS_nanosensor,,cross_pilot_harmonized,G10,sulfur_thiol_redox,stable,-0.028,cohens_d,-0.028,,,,WEAK,,/Volumes/SSD_Rad/GAIRA_BUILD/gaira_base_4_cross_pilot_synthesis_v1/tables/cross_pilot_harmonized_effect_sizes_v1.csv,P2_LM_vs_NC,serum,liver_cancer
E0000648,gaira_base_4_cross_pilot_synthesis_v1,synthesis,mixed,cross_pilot,P2_LM_vs_NC|rep=delta_sumnorm|substrate=unknown_SERS|pilot=P2_label_free_SERS_nanosensor,,cross_pilot_harmonized,G11,metabolic_small_molecule,down,-0.85,cohens_d,-0.85,,,,STRONG,,/Volumes/SSD_Rad/GAIRA_BUILD/gaira_base_4_cross_pilot_synthesis_v1/tables/cross_pilot_harmonized_effect_sizes_v1.csv,P2_LM_vs_NC,serum,liver_cancer
E0000649,gaira_base_4_cross_pilot_synthesis_v1,synthesis,mixed,cross_pilot,P2_CCA_vs_HCC|rep=abs|substrate=unknown_SERS|pilot=P2_label_free_SERS_nanosensor,,cross_pilot_harmonized,G01,purine_nucleotide,up,1.013,cohens_d,1.013,,,,STRONG,,/Volumes/SSD_Rad/GAIRA_BUILD/gaira_base_4_cross_pilot_synthesis_v1/tables/cross_pilot_harmonized_effect_sizes_v1.csv,P2_CCA_vs_HCC,serum,liver_cancer
E0000650,gaira_base_4_cross_pilot_synthesis_v1,synthesis,mixed,cross_pilot,P2_CCA_vs_HCC|rep=abs|substrate=unknown_SERS|pilot=P2_label_free_SERS_nanosensor,,cross_pilot_harmonized,G02,purine_metabolite,up,1.107,cohens_d,1.107,,,,STRONG,,/Volumes/SSD_Rad/GAIRA_BUILD/gaira_base_4_cross_pilot_synthesis_v1/tables/cross_pilot_harmonized_effect_sizes_v1.csv,P2_CCA_vs_HCC,serum,liver_cancer
E0000651,gaira_base_4_cross_pilot_synthesis_v1,synthesis,mixed,cross_pilot,P2_CCA_vs_HCC|rep=abs|substrate=unknown_SERS|pilot=P2_label_free_SERS_nanosensor,,cross_pilot_harmonized,G03,pyrimidine_nucleotide,up,1.268,cohens_d,1.268,,,,STRONG,,/Volumes/SSD_Rad/GAIRA_BUILD/gaira_base_4_cross_pilot_synthesis_v1/tables/cross_pilot_harmonized_effect_sizes_v1.csv,P2_CCA_vs_HCC,serum,liver_cancer
E0000652,gaira_base_4_cross_pilot_synthesis_v1,synthesis,mixed,cross_pilot,P2_CCA_vs_HCC|rep=abs|substrate=unknown_SERS|pilot=P2_label_free_SERS_nanosensor,,cross_pilot_harmonized,G04,nucleic_acid_phosphate,up,1.222,cohens_d,1.222,,,,STRONG,,/Volumes/SSD_Rad/GAIRA_BUILD/gaira_base_4_cross_pilot_synthesis_v1/tables/cross_pilot_harmonized_effect_sizes_v1.csv,P2_CCA_vs_HCC,serum,liver_cancer
E0000653,gaira_base_4_cross_pilot_synthesis_v1,synthesis,mixed,cross_pilot,P2_CCA_vs_HCC|rep=abs|substrate=unknown_SERS|pilot=P2_label_free_SERS_nanosensor,,cross_pilot_harmonized,G05,glycan_carbohydrate,up,1.021,cohens_d,1.021,,,,STRONG,,/Volumes/SSD_Rad/GAIRA_BUILD/gaira_base_4_cross_pilot_synthesis_v1/tables/cross_pilot_harmonized_effect_sizes_v1.csv,P2_CCA_vs_HCC,serum,liver_cancer
E0000654,gaira_base_4_cross_pilot_synthesis_v1,synthesis,mixed,cross_pilot,P2_CCA_vs_HCC|rep=abs|substrate=unknown_SERS|pilot=P2_label_free_SERS_nanosensor,,cross_pilot_harmonized,G06,protein_peptide_backbone,up,1.059,cohens_d,1.059,,,,STRONG,,/Volumes/SSD_Rad/GAIRA_BUILD/gaira_base_4_cross_pilot_synthesis_v1/tables/cross_pilot_harmonized_effect_sizes_v1.csv,P2_CCA_vs_HCC,serum,liver_cancer
E0000655,gaira_base_4_cross_pilot_synthesis_v1,synthesis,mixed,cross_pilot,P2_CCA_vs_HCC|rep=abs|substrate=unknown_SERS|pilot=P2_label_free_SERS_nanosensor,,cross_pilot_harmonized,G07,aromatic_residue,up,1.071,cohens_d,1.071,,,,STRONG,,/Volumes/SSD_Rad/GAIRA_BUILD/gaira_base_4_cross_pilot_synthesis_v1/tables/cross_pilot_harmonized_effect_sizes_v1.csv,P2_CCA_vs_HCC,serum,liver_cancer
E0000656,gaira_base_4_cross_pilot_synthesis_v1,synthesis,mixed,cross_pilot,P2_CCA_vs_HCC|rep=abs|substrate=unknown_SERS|pilot=P2_label_free_SERS_nanosensor,,cross_pilot_harmonized,G08,lipid_acyl_membrane,up,1.058,cohens_d,1.058,,,,STRONG,,/Volumes/SSD_Rad/GAIRA_BUILD/gaira_base_4_cross_pilot_synthesis_v1/tables/cross_pilot_harmonized_effect_sizes_v1.csv,P2_CCA_vs_HCC,serum,liver_cancer
E0000657,gaira_base_4_cross_pilot_synthesis_v1,synthesis,mixed,cross_pilot,P2_CCA_vs_HCC|rep=abs|substrate=unknown_SERS|pilot=P2_label_free_SERS_nanosensor,,cross_pilot_harmonized,G09,sterol_neutral_lipid,up,0.565,cohens_d,0.565,,,,STRONG,,/Volumes/SSD_Rad/GAIRA_BUILD/gaira_base_4_cross_pilot_synthesis_v1/tables/cross_pilot_harmonized_effect_sizes_v1.csv,P2_CCA_vs_HCC,serum,liver_cancer
E0000658,gaira_base_4_cross_pilot_synthesis_v1,synthesis,mixed,cross_pilot,P2_CCA_vs_HCC|rep=abs|substrate=unknown_SERS|pilot=P2_label_free_SERS_nanosensor,,cross_pilot_harmonized,G10,sulfur_thiol_redox,up,1.327,cohens_d,1.327,,,,STRONG,,/Volumes/SSD_Rad/GAIRA_BUILD/gaira_base_4_cross_pilot_synthesis_v1/tables/cross_pilot_harmonized_effect_sizes_v1.csv,P2_CCA_vs_HCC,serum,liver_cancer
E0000659,gaira_base_4_cross_pilot_synthesis_v1,synthesis,mixed,cross_pilot,P2_CCA_vs_HCC|rep=abs|substrate=unknown_SERS|pilot=P2_label_free_SERS_nanosensor,,cross_pilot_harmonized,G11,metabolic_small_molecule,up,1.161,cohens_d,1.161,,,,STRONG,,/Volumes/SSD_Rad/GAIRA_BUILD/gaira_base_4_cross_pilot_synthesis_v1/tables/cross_pilot_harmonized_effect_sizes_v1.csv,P2_CCA_vs_HCC,serum,liver_cancer
E0000660,gaira_base_4_cross_pilot_synthesis_v1,synthesis,mixed,cross_pilot,P2_LM_vs_HCC|rep=abs|substrate=unknown_SERS|pilot=P2_label_free_SERS_nanosensor,,cross_pilot_harmonized,G01,purine_nucleotide,up,0.772,cohens_d,0.772,,,,STRONG,,/Volumes/SSD_Rad/GAIRA_BUILD/gaira_base_4_cross_pilot_synthesis_v1/tables/cross_pilot_harmonized_effect_sizes_v1.csv,P2_LM_vs_HCC,serum,liver_cancer
E0000661,gaira_base_4_cross_pilot_synthesis_v1,synthesis,mixed,cross_pilot,P2_LM_vs_HCC|rep=abs|substrate=unknown_SERS|pilot=P2_label_free_SERS_nanosensor,,cross_pilot_harmonized,G02,purine_metabolite,up,0.976,cohens_d,0.976,,,,STRONG,,/Volumes/SSD_Rad/GAIRA_BUILD/gaira_base_4_cross_pilot_synthesis_v1/tables/cross_pilot_harmonized_effect_sizes_v1.csv,P2_LM_vs_HCC,serum,liver_cancer
E0000662,gaira_base_4_cross_pilot_synthesis_v1,synthesis,mixed,cross_pilot,P2_LM_vs_HCC|rep=abs|substrate=unknown_SERS|pilot=P2_label_free_SERS_nanosensor,,cross_pilot_harmonized,G03,pyrimidine_nucleotide,up,0.985,cohens_d,0.985,,,,STRONG,,/Volumes/SSD_Rad/GAIRA_BUILD/gaira_base_4_cross_pilot_synthesis_v1/tables/cross_pilot_harmonized_effect_sizes_v1.csv,P2_LM_vs_HCC,serum,liver_cancer
E0000663,gaira_base_4_cross_pilot_synthesis_v1,synthesis,mixed,cross_pilot,P2_LM_vs_HCC|rep=abs|substrate=unknown_SERS|pilot=P2_label_free_SERS_nanosensor,,cross_pilot_harmonized,G04,nucleic_acid_phosphate,up,1.201,cohens_d,1.201,,,,STRONG,,/Volumes/SSD_Rad/GAIRA_BUILD/gaira_base_4_cross_pilot_synthesis_v1/tables/cross_pilot_harmonized_effect_sizes_v1.csv,P2_LM_vs_HCC,serum,liver_cancer
E0000664,gaira_base_4_cross_pilot_synthesis_v1,synthesis,mixed,cross_pilot,P2_LM_vs_HCC|rep=abs|substrate=unknown_SERS|pilot=P2_label_free_SERS_nanosensor,,cross_pilot_harmonized,G05,glycan_carbohydrate,up,0.89,cohens_d,0.89,,,,STRONG,,/Volumes/SSD_Rad/GAIRA_BUILD/gaira_base_4_cross_pilot_synthesis_v1/tables/cross_pilot_harmonized_effect_sizes_v1.csv,P2_LM_vs_HCC,serum,liver_cancer
E0000665,gaira_base_4_cross_pilot_synthesis_v1,synthesis,mixed,cross_pilot,P2_LM_vs_HCC|rep=abs|substrate=unknown_SERS|pilot=P2_label_free_SERS_nanosensor,,cross_pilot_harmonized,G06,protein_peptide_backbone,up,0.901,cohens_d,0.901,,,,STRONG,,/Volumes/SSD_Rad/GAIRA_BUILD/gaira_base_4_cross_pilot_synthesis_v1/tables/cross_pilot_harmonized_effect_sizes_v1.csv,P2_LM_vs_HCC,serum,liver_cancer
E0000666,gaira_base_4_cross_pilot_synthesis_v1,synthesis,mixed,cross_pilot,P2_LM_vs_HCC|rep=abs|substrate=unknown_SERS|pilot=P2_label_free_SERS_nanosensor,,cross_pilot_harmonized,G07,aromatic_residue,up,0.925,cohens_d,0.925,,,,STRONG,,/Volumes/SSD_Rad/GAIRA_BUILD/gaira_base_4_cross_pilot_synthesis_v1/tables/cross_pilot_harmonized_effect_sizes_v1.csv,P2_LM_vs_HCC,serum,liver_cancer
E0000667,gaira_base_4_cross_pilot_synthesis_v1,synthesis,mixed,cross_pilot,P2_LM_vs_HCC|rep=abs|substrate=unknown_SERS|pilot=P2_label_free_SERS_nanosensor,,cross_pilot_harmonized,G08,lipid_acyl_membrane,up,0.98,cohens_d,0.98,,,,STRONG,,/Volumes/SSD_Rad/GAIRA_BUILD/gaira_base_4_cross_pilot_synthesis_v1/tables/cross_pilot_harmonized_effect_sizes_v1.csv,P2_LM_vs_HCC,serum,liver_cancer
E0000668,gaira_base_4_cross_pilot_synthesis_v1,synthesis,mixed,cross_pilot,P2_LM_vs_HCC|rep=abs|substrate=unknown_SERS|pilot=P2_label_free_SERS_nanosensor,,cross_pilot_harmonized,G09,sterol_neutral_lipid,up,0.585,cohens_d,0.585,,,,STRONG,,/Volumes/SSD_Rad/GAIRA_BUILD/gaira_base_4_cross_pilot_synthesis_v1/tables/cross_pilot_harmonized_effect_sizes_v1.csv,P2_LM_vs_HCC,serum,liver_cancer
E0000669,gaira_base_4_cross_pilot_synthesis_v1,synthesis,mixed,cross_pilot,P2_LM_vs_HCC|rep=abs|substrate=unknown_SERS|pilot=P2_label_free_SERS_nanosensor,,cross_pilot_harmonized,G10,sulfur_thiol_redox,up,1.084,cohens_d,1.084,,,,STRONG,,/Volumes/SSD_Rad/GAIRA_BUILD/gaira_base_4_cross_pilot_synthesis_v1/tables/cross_pilot_harmonized_effect_sizes_v1.csv,P2_LM_vs_HCC,serum,liver_cancer
E0000670,gaira_base_4_cross_pilot_synthesis_v1,synthesis,mixed,cross_pilot,P2_LM_vs_HCC|rep=abs|substrate=unknown_SERS|pilot=P2_label_free_SERS_nanosensor,,cross_pilot_harmonized,G11,metabolic_small_molecule,up,0.923,cohens_d,0.923,,,,STRONG,,/Volumes/SSD_Rad/GAIRA_BUILD/gaira_base_4_cross_pilot_synthesis_v1/tables/cross_pilot_harmonized_effect_sizes_v1.csv,P2_LM_vs_HCC,serum,liver_cancer
E0000671,gaira_base_4_cross_pilot_synthesis_v1,synthesis,mixed,cross_pilot,P2_CCA_vs_LM|rep=abs|substrate=unknown_SERS|pilot=P2_label_free_SERS_nanosensor,,cross_pilot_harmonized,G01,purine_nucleotide,up,0.294,cohens_d,0.294,,,,MODERATE,,/Volumes/SSD_Rad/GAIRA_BUILD/gaira_base_4_cross_pilot_synthesis_v1/tables/cross_pilot_harmonized_effect_sizes_v1.csv,P2_CCA_vs_LM,serum,liver_cancer
E0000672,gaira_base_4_cross_pilot_synthesis_v1,synthesis,mixed,cross_pilot,P2_CCA_vs_LM|rep=abs|substrate=unknown_SERS|pilot=P2_label_free_SERS_nanosensor,,cross_pilot_harmonized,G02,purine_metabolite,stable,0.191,cohens_d,0.191,,,,WEAK,,/Volumes/SSD_Rad/GAIRA_BUILD/gaira_base_4_cross_pilot_synthesis_v1/tables/cross_pilot_harmonized_effect_sizes_v1.csv,P2_CCA_vs_LM,serum,liver_cancer
E0000673,gaira_base_4_cross_pilot_synthesis_v1,synthesis,mixed,cross_pilot,P2_CCA_vs_LM|rep=abs|substrate=unknown_SERS|pilot=P2_label_free_SERS_nanosensor,,cross_pilot_harmonized,G03,pyrimidine_nucleotide,up,0.333,cohens_d,0.333,,,,MODERATE,,/Volumes/SSD_Rad/GAIRA_BUILD/gaira_base_4_cross_pilot_synthesis_v1/tables/cross_pilot_harmonized_effect_sizes_v1.csv,P2_CCA_vs_LM,serum,liver_cancer
E0000674,gaira_base_4_cross_pilot_synthesis_v1,synthesis,mixed,cross_pilot,P2_CCA_vs_LM|rep=abs|substrate=unknown_SERS|pilot=P2_label_free_SERS_nanosensor,,cross_pilot_harmonized,G04,nucleic_acid_phosphate,stable,0.113,cohens_d,0.113,,,,WEAK,,/Volumes/SSD_Rad/GAIRA_BUILD/gaira_base_4_cross_pilot_synthesis_v1/tables/cross_pilot_harmonized_effect_sizes_v1.csv,P2_CCA_vs_LM,serum,liver_cancer
E0000675,gaira_base_4_cross_pilot_synthesis_v1,synthesis,mixed,cross_pilot,P2_CCA_vs_LM|rep=abs|substrate=unknown_SERS|pilot=P2_label_free_SERS_nanosensor,,cross_pilot_harmonized,G05,glycan_carbohydrate,up,0.218,cohens_d,0.218,,,,MODERATE,,/Volumes/SSD_Rad/GAIRA_BUILD/gaira_base_4_cross_pilot_synthesis_v1/tables/cross_pilot_harmonized_effect_sizes_v1.csv,P2_CCA_vs_LM,serum,liver_cancer
E0000676,gaira_base_4_cross_pilot_synthesis_v1,synthesis,mixed,cross_pilot,P2_CCA_vs_LM|rep=abs|substrate=unknown_SERS|pilot=P2_label_free_SERS_nanosensor,,cross_pilot_harmonized,G06,protein_peptide_backbone,up,0.205,cohens_d,0.205,,,,MODERATE,,/Volumes/SSD_Rad/GAIRA_BUILD/gaira_base_4_cross_pilot_synthesis_v1/tables/cross_pilot_harmonized_effect_sizes_v1.csv,P2_CCA_vs_LM,serum,liver_cancer
E0000677,gaira_base_4_cross_pilot_synthesis_v1,synthesis,mixed,cross_pilot,P2_CCA_vs_LM|rep=abs|substrate=unknown_SERS|pilot=P2_label_free_SERS_nanosensor,,cross_pilot_harmonized,G07,aromatic_residue,stable,0.192,cohens_d,0.192,,,,WEAK,,/Volumes/SSD_Rad/GAIRA_BUILD/gaira_base_4_cross_pilot_synthesis_v1/tables/cross_pilot_harmonized_effect_sizes_v1.csv,P2_CCA_vs_LM,serum,liver_cancer
E0000678,gaira_base_4_cross_pilot_synthesis_v1,synthesis,mixed,cross_pilot,P2_CCA_vs_LM|rep=abs|substrate=unknown_SERS|pilot=P2_label_free_SERS_nanosensor,,cross_pilot_harmonized,G08,lipid_acyl_membrane,stable,0.149,cohens_d,0.149,,,,WEAK,,/Volumes/SSD_Rad/GAIRA_BUILD/gaira_base_4_cross_pilot_synthesis_v1/tables/cross_pilot_harmonized_effect_sizes_v1.csv,P2_CCA_vs_LM,serum,liver_cancer
E0000679,gaira_base_4_cross_pilot_synthesis_v1,synthesis,mixed,cross_pilot,P2_CCA_vs_LM|rep=abs|substrate=unknown_SERS|pilot=P2_label_free_SERS_nanosensor,,cross_pilot_harmonized,G09,sterol_neutral_lipid,stable,0.053,cohens_d,0.053,,,,WEAK,,/Volumes/SSD_Rad/GAIRA_BUILD/gaira_base_4_cross_pilot_synthesis_v1/tables/cross_pilot_harmonized_effect_sizes_v1.csv,P2_CCA_vs_LM,serum,liver_cancer
E0000680,gaira_base_4_cross_pilot_synthesis_v1,synthesis,mixed,cross_pilot,P2_CCA_vs_LM|rep=abs|substrate=unknown_SERS|pilot=P2_label_free_SERS_nanosensor,,cross_pilot_harmonized,G10,sulfur_thiol_redox,stable,0.167,cohens_d,0.167,,,,WEAK,,/Volumes/SSD_Rad/GAIRA_BUILD/gaira_base_4_cross_pilot_synthesis_v1/tables/cross_pilot_harmonized_effect_sizes_v1.csv,P2_CCA_vs_LM,serum,liver_cancer
E0000681,gaira_base_4_cross_pilot_synthesis_v1,synthesis,mixed,cross_pilot,P2_CCA_vs_LM|rep=abs|substrate=unknown_SERS|pilot=P2_label_free_SERS_nanosensor,,cross_pilot_harmonized,G11,metabolic_small_molecule,stable,0.101,cohens_d,0.101,,,,WEAK,,/Volumes/SSD_Rad/GAIRA_BUILD/gaira_base_4_cross_pilot_synthesis_v1/tables/cross_pilot_harmonized_effect_sizes_v1.csv,P2_CCA_vs_LM,serum,liver_cancer
E0000682,gaira_base_4_cross_pilot_synthesis_v1,synthesis,mixed,cross_pilot,P2_CCA_vs_HCC|rep=sumnorm|substrate=unknown_SERS|pilot=P2_label_free_SERS_nanosensor,,cross_pilot_harmonized,G01,purine_nucleotide,up,0.898,cohens_d,0.898,,,,STRONG,,/Volumes/SSD_Rad/GAIRA_BUILD/gaira_base_4_cross_pilot_synthesis_v1/tables/cross_pilot_harmonized_effect_sizes_v1.csv,P2_CCA_vs_HCC,serum,liver_cancer
E0000683,gaira_base_4_cross_pilot_synthesis_v1,synthesis,mixed,cross_pilot,P2_CCA_vs_HCC|rep=sumnorm|substrate=unknown_SERS|pilot=P2_label_free_SERS_nanosensor,,cross_pilot_harmonized,G02,purine_metabolite,up,0.775,cohens_d,0.775,,,,STRONG,,/Volumes/SSD_Rad/GAIRA_BUILD/gaira_base_4_cross_pilot_synthesis_v1/tables/cross_pilot_harmonized_effect_sizes_v1.csv,P2_CCA_vs_HCC,serum,liver_cancer
E0000684,gaira_base_4_cross_pilot_synthesis_v1,synthesis,mixed,cross_pilot,P2_CCA_vs_HCC|rep=sumnorm|substrate=unknown_SERS|pilot=P2_label_free_SERS_nanosensor,,cross_pilot_harmonized,G03,pyrimidine_nucleotide,up,1.503,cohens_d,1.503,,,,STRONG,,/Volumes/SSD_Rad/GAIRA_BUILD/gaira_base_4_cross_pilot_synthesis_v1/tables/cross_pilot_harmonized_effect_sizes_v1.csv,P2_CCA_vs_HCC,serum,liver_cancer
E0000685,gaira_base_4_cross_pilot_synthesis_v1,synthesis,mixed,cross_pilot,P2_CCA_vs_HCC|rep=sumnorm|substrate=unknown_SERS|pilot=P2_label_free_SERS_nanosensor,,cross_pilot_harmonized,G04,nucleic_acid_phosphate,up,0.813,cohens_d,0.813,,,,STRONG,,/Volumes/SSD_Rad/GAIRA_BUILD/gaira_base_4_cross_pilot_synthesis_v1/tables/cross_pilot_harmonized_effect_sizes_v1.csv,P2_CCA_vs_HCC,serum,liver_cancer
E0000686,gaira_base_4_cross_pilot_synthesis_v1,synthesis,mixed,cross_pilot,P2_CCA_vs_HCC|rep=sumnorm|substrate=unknown_SERS|pilot=P2_label_free_SERS_nanosensor,,cross_pilot_harmonized,G05,glycan_carbohydrate,down,-1.285,cohens_d,-1.285,,,,STRONG,,/Volumes/SSD_Rad/GAIRA_BUILD/gaira_base_4_cross_pilot_synthesis_v1/tables/cross_pilot_harmonized_effect_sizes_v1.csv,P2_CCA_vs_HCC,serum,liver_cancer
E0000687,gaira_base_4_cross_pilot_synthesis_v1,synthesis,mixed,cross_pilot,P2_CCA_vs_HCC|rep=sumnorm|substrate=unknown_SERS|pilot=P2_label_free_SERS_nanosensor,,cross_pilot_harmonized,G06,protein_peptide_backbone,up,1.08,cohens_d,1.08,,,,STRONG,,/Volumes/SSD_Rad/GAIRA_BUILD/gaira_base_4_cross_pilot_synthesis_v1/tables/cross_pilot_harmonized_effect_sizes_v1.csv,P2_CCA_vs_HCC,serum,liver_cancer
E0000688,gaira_base_4_cross_pilot_synthesis_v1,synthesis,mixed,cross_pilot,P2_CCA_vs_HCC|rep=sumnorm|substrate=unknown_SERS|pilot=P2_label_free_SERS_nanosensor,,cross_pilot_harmonized,G07,aromatic_residue,up,1.052,cohens_d,1.052,,,,STRONG,,/Volumes/SSD_Rad/GAIRA_BUILD/gaira_base_4_cross_pilot_synthesis_v1/tables/cross_pilot_harmonized_effect_sizes_v1.csv,P2_CCA_vs_HCC,serum,liver_cancer
E0000689,gaira_base_4_cross_pilot_synthesis_v1,synthesis,mixed,cross_pilot,P2_CCA_vs_HCC|rep=sumnorm|substrate=unknown_SERS|pilot=P2_label_free_SERS_nanosensor,,cross_pilot_harmonized,G08,lipid_acyl_membrane,down,-1.245,cohens_d,-1.245,,,,STRONG,,/Volumes/SSD_Rad/GAIRA_BUILD/gaira_base_4_cross_pilot_synthesis_v1/tables/cross_pilot_harmonized_effect_sizes_v1.csv,P2_CCA_vs_HCC,serum,liver_cancer
E0000690,gaira_base_4_cross_pilot_synthesis_v1,synthesis,mixed,cross_pilot,P2_CCA_vs_HCC|rep=sumnorm|substrate=unknown_SERS|pilot=P2_label_free_SERS_nanosensor,,cross_pilot_harmonized,G09,sterol_neutral_lipid,down,-1.246,cohens_d,-1.246,,,,STRONG,,/Volumes/SSD_Rad/GAIRA_BUILD/gaira_base_4_cross_pilot_synthesis_v1/tables/cross_pilot_harmonized_effect_sizes_v1.csv,P2_CCA_vs_HCC,serum,liver_cancer
E0000691,gaira_base_4_cross_pilot_synthesis_v1,synthesis,mixed,cross_pilot,P2_CCA_vs_HCC|rep=sumnorm|substrate=unknown_SERS|pilot=P2_label_free_SERS_nanosensor,,cross_pilot_harmonized,G10,sulfur_thiol_redox,down,-0.336,cohens_d,-0.336,,,,MODERATE,,/Volumes/SSD_Rad/GAIRA_BUILD/gaira_base_4_cross_pilot_synthesis_v1/tables/cross_pilot_harmonized_effect_sizes_v1.csv,P2_CCA_vs_HCC,serum,liver_cancer
E0000692,gaira_base_4_cross_pilot_synthesis_v1,synthesis,mixed,cross_pilot,P2_CCA_vs_HCC|rep=sumnorm|substrate=unknown_SERS|pilot=P2_label_free_SERS_nanosensor,,cross_pilot_harmonized,G11,metabolic_small_molecule,down,-0.907,cohens_d,-0.907,,,,STRONG,,/Volumes/SSD_Rad/GAIRA_BUILD/gaira_base_4_cross_pilot_synthesis_v1/tables/cross_pilot_harmonized_effect_sizes_v1.csv,P2_CCA_vs_HCC,serum,liver_cancer
E0000693,gaira_base_4_cross_pilot_synthesis_v1,synthesis,mixed,cross_pilot,P2_LM_vs_HCC|rep=sumnorm|substrate=unknown_SERS|pilot=P2_label_free_SERS_nanosensor,,cross_pilot_harmonized,G01,purine_nucleotide,up,0.587,cohens_d,0.587,,,,STRONG,,/Volumes/SSD_Rad/GAIRA_BUILD/gaira_base_4_cross_pilot_synthesis_v1/tables/cross_pilot_harmonized_effect_sizes_v1.csv,P2_LM_vs_HCC,serum,liver_cancer
E0000694,gaira_base_4_cross_pilot_synthesis_v1,synthesis,mixed,cross_pilot,P2_LM_vs_HCC|rep=sumnorm|substrate=unknown_SERS|pilot=P2_label_free_SERS_nanosensor,,cross_pilot_harmonized,G02,purine_metabolite,up,0.746,cohens_d,0.746,,,,STRONG,,/Volumes/SSD_Rad/GAIRA_BUILD/gaira_base_4_cross_pilot_synthesis_v1/tables/cross_pilot_harmonized_effect_sizes_v1.csv,P2_LM_vs_HCC,serum,liver_cancer
E0000695,gaira_base_4_cross_pilot_synthesis_v1,synthesis,mixed,cross_pilot,P2_LM_vs_HCC|rep=sumnorm|substrate=unknown_SERS|pilot=P2_label_free_SERS_nanosensor,,cross_pilot_harmonized,G03,pyrimidine_nucleotide,up,0.932,cohens_d,0.932,,,,STRONG,,/Volumes/SSD_Rad/GAIRA_BUILD/gaira_base_4_cross_pilot_synthesis_v1/tables/cross_pilot_harmonized_effect_sizes_v1.csv,P2_LM_vs_HCC,serum,liver_cancer
E0000696,gaira_base_4_cross_pilot_synthesis_v1,synthesis,mixed,cross_pilot,P2_LM_vs_HCC|rep=sumnorm|substrate=unknown_SERS|pilot=P2_label_free_SERS_nanosensor,,cross_pilot_harmonized,G04,nucleic_acid_phosphate,up,1.125,cohens_d,1.125,,,,STRONG,,/Volumes/SSD_Rad/GAIRA_BUILD/gaira_base_4_cross_pilot_synthesis_v1/tables/cross_pilot_harmonized_effect_sizes_v1.csv,P2_LM_vs_HCC,serum,liver_cancer
E0000697,gaira_base_4_cross_pilot_synthesis_v1,synthesis,mixed,cross_pilot,P2_LM_vs_HCC|rep=sumnorm|substrate=unknown_SERS|pilot=P2_label_free_SERS_nanosensor,,cross_pilot_harmonized,G05,glycan_carbohydrate,down,-1.074,cohens_d,-1.074,,,,STRONG,,/Volumes/SSD_Rad/GAIRA_BUILD/gaira_base_4_cross_pilot_synthesis_v1/tables/cross_pilot_harmonized_effect_sizes_v1.csv,P2_LM_vs_HCC,serum,liver_cancer
E0000698,gaira_base_4_cross_pilot_synthesis_v1,synthesis,mixed,cross_pilot,P2_LM_vs_HCC|rep=sumnorm|substrate=unknown_SERS|pilot=P2_label_free_SERS_nanosensor,,cross_pilot_harmonized,G06,protein_peptide_backbone,up,0.931,cohens_d,0.931,,,,STRONG,,/Volumes/SSD_Rad/GAIRA_BUILD/gaira_base_4_cross_pilot_synthesis_v1/tables/cross_pilot_harmonized_effect_sizes_v1.csv,P2_LM_vs_HCC,serum,liver_cancer
E0000699,gaira_base_4_cross_pilot_synthesis_v1,synthesis,mixed,cross_pilot,P2_LM_vs_HCC|rep=sumnorm|substrate=unknown_SERS|pilot=P2_label_free_SERS_nanosensor,,cross_pilot_harmonized,G07,aromatic_residue,up,0.932,cohens_d,0.932,,,,STRONG,,/Volumes/SSD_Rad/GAIRA_BUILD/gaira_base_4_cross_pilot_synthesis_v1/tables/cross_pilot_harmonized_effect_sizes_v1.csv,P2_LM_vs_HCC,serum,liver_cancer
E0000700,gaira_base_4_cross_pilot_synthesis_v1,synthesis,mixed,cross_pilot,P2_LM_vs_HCC|rep=sumnorm|substrate=unknown_SERS|pilot=P2_label_free_SERS_nanosensor,,cross_pilot_harmonized,G08,lipid_acyl_membrane,down,-0.979,cohens_d,-0.979,,,,STRONG,,/Volumes/SSD_Rad/GAIRA_BUILD/gaira_base_4_cross_pilot_synthesis_v1/tables/cross_pilot_harmonized_effect_sizes_v1.csv,P2_LM_vs_HCC,serum,liver_cancer
E0000701,gaira_base_4_cross_pilot_synthesis_v1,synthesis,mixed,cross_pilot,P2_LM_vs_HCC|rep=sumnorm|substrate=unknown_SERS|pilot=P2_label_free_SERS_nanosensor,,cross_pilot_harmonized,G09,sterol_neutral_lipid,down,-1.046,cohens_d,-1.046,,,,STRONG,,/Volumes/SSD_Rad/GAIRA_BUILD/gaira_base_4_cross_pilot_synthesis_v1/tables/cross_pilot_harmonized_effect_sizes_v1.csv,P2_LM_vs_HCC,serum,liver_cancer
E0000702,gaira_base_4_cross_pilot_synthesis_v1,synthesis,mixed,cross_pilot,P2_LM_vs_HCC|rep=sumnorm|substrate=unknown_SERS|pilot=P2_label_free_SERS_nanosensor,,cross_pilot_harmonized,G10,sulfur_thiol_redox,stable,-0.183,cohens_d,-0.183,,,,WEAK,,/Volumes/SSD_Rad/GAIRA_BUILD/gaira_base_4_cross_pilot_synthesis_v1/tables/cross_pilot_harmonized_effect_sizes_v1.csv,P2_LM_vs_HCC,serum,liver_cancer
E0000703,gaira_base_4_cross_pilot_synthesis_v1,synthesis,mixed,cross_pilot,P2_LM_vs_HCC|rep=sumnorm|substrate=unknown_SERS|pilot=P2_label_free_SERS_nanosensor,,cross_pilot_harmonized,G11,metabolic_small_molecule,down,-0.744,cohens_d,-0.744,,,,STRONG,,/Volumes/SSD_Rad/GAIRA_BUILD/gaira_base_4_cross_pilot_synthesis_v1/tables/cross_pilot_harmonized_effect_sizes_v1.csv,P2_LM_vs_HCC,serum,liver_cancer
E0000704,gaira_base_4_cross_pilot_synthesis_v1,synthesis,mixed,cross_pilot,P2_CCA_vs_LM|rep=sumnorm|substrate=unknown_SERS|pilot=P2_label_free_SERS_nanosensor,,cross_pilot_harmonized,G01,purine_nucleotide,up,0.358,cohens_d,0.358,,,,MODERATE,,/Volumes/SSD_Rad/GAIRA_BUILD/gaira_base_4_cross_pilot_synthesis_v1/tables/cross_pilot_harmonized_effect_sizes_v1.csv,P2_CCA_vs_LM,serum,liver_cancer
E0000705,gaira_base_4_cross_pilot_synthesis_v1,synthesis,mixed,cross_pilot,P2_CCA_vs_LM|rep=sumnorm|substrate=unknown_SERS|pilot=P2_label_free_SERS_nanosensor,,cross_pilot_harmonized,G02,purine_metabolite,stable,0.08,cohens_d,0.08,,,,WEAK,,/Volumes/SSD_Rad/GAIRA_BUILD/gaira_base_4_cross_pilot_synthesis_v1/tables/cross_pilot_harmonized_effect_sizes_v1.csv,P2_CCA_vs_LM,serum,liver_cancer
E0000706,gaira_base_4_cross_pilot_synthesis_v1,synthesis,mixed,cross_pilot,P2_CCA_vs_LM|rep=sumnorm|substrate=unknown_SERS|pilot=P2_label_free_SERS_nanosensor,,cross_pilot_harmonized,G03,pyrimidine_nucleotide,up,0.618,cohens_d,0.618,,,,STRONG,,/Volumes/SSD_Rad/GAIRA_BUILD/gaira_base_4_cross_pilot_synthesis_v1/tables/cross_pilot_harmonized_effect_sizes_v1.csv,P2_CCA_vs_LM,serum,liver_cancer
E0000707,gaira_base_4_cross_pilot_synthesis_v1,synthesis,mixed,cross_pilot,P2_CCA_vs_LM|rep=sumnorm|substrate=unknown_SERS|pilot=P2_label_free_SERS_nanosensor,,cross_pilot_harmonized,G04,nucleic_acid_phosphate,down,-0.227,cohens_d,-0.227,,,,MODERATE,,/Volumes/SSD_Rad/GAIRA_BUILD/gaira_base_4_cross_pilot_synthesis_v1/tables/cross_pilot_harmonized_effect_sizes_v1.csv,P2_CCA_vs_LM,serum,liver_cancer
E0000708,gaira_base_4_cross_pilot_synthesis_v1,synthesis,mixed,cross_pilot,P2_CCA_vs_LM|rep=sumnorm|substrate=unknown_SERS|pilot=P2_label_free_SERS_nanosensor,,cross_pilot_harmonized,G05,glycan_carbohydrate,stable,-0.19,cohens_d,-0.19,,,,WEAK,,/Volumes/SSD_Rad/GAIRA_BUILD/gaira_base_4_cross_pilot_synthesis_v1/tables/cross_pilot_harmonized_effect_sizes_v1.csv,P2_CCA_vs_LM,serum,liver_cancer
E0000709,gaira_base_4_cross_pilot_synthesis_v1,synthesis,mixed,cross_pilot,P2_CCA_vs_LM|rep=sumnorm|substrate=unknown_SERS|pilot=P2_label_free_SERS_nanosensor,,cross_pilot_harmonized,G06,protein_peptide_backbone,stable,0.194,cohens_d,0.194,,,,WEAK,,/Volumes/SSD_Rad/GAIRA_BUILD/gaira_base_4_cross_pilot_synthesis_v1/tables/cross_pilot_harmonized_effect_sizes_v1.csv,P2_CCA_vs_LM,serum,liver_cancer
E0000710,gaira_base_4_cross_pilot_synthesis_v1,synthesis,mixed,cross_pilot,P2_CCA_vs_LM|rep=sumnorm|substrate=unknown_SERS|pilot=P2_label_free_SERS_nanosensor,,cross_pilot_harmonized,G07,aromatic_residue,stable,0.166,cohens_d,0.166,,,,WEAK,,/Volumes/SSD_Rad/GAIRA_BUILD/gaira_base_4_cross_pilot_synthesis_v1/tables/cross_pilot_harmonized_effect_sizes_v1.csv,P2_CCA_vs_LM,serum,liver_cancer
E0000711,gaira_base_4_cross_pilot_synthesis_v1,synthesis,mixed,cross_pilot,P2_CCA_vs_LM|rep=sumnorm|substrate=unknown_SERS|pilot=P2_label_free_SERS_nanosensor,,cross_pilot_harmonized,G08,lipid_acyl_membrane,down,-0.241,cohens_d,-0.241,,,,MODERATE,,/Volumes/SSD_Rad/GAIRA_BUILD/gaira_base_4_cross_pilot_synthesis_v1/tables/cross_pilot_harmonized_effect_sizes_v1.csv,P2_CCA_vs_LM,serum,liver_cancer
E0000712,gaira_base_4_cross_pilot_synthesis_v1,synthesis,mixed,cross_pilot,P2_CCA_vs_LM|rep=sumnorm|substrate=unknown_SERS|pilot=P2_label_free_SERS_nanosensor,,cross_pilot_harmonized,G09,sterol_neutral_lipid,down,-0.239,cohens_d,-0.239,,,,MODERATE,,/Volumes/SSD_Rad/GAIRA_BUILD/gaira_base_4_cross_pilot_synthesis_v1/tables/cross_pilot_harmonized_effect_sizes_v1.csv,P2_CCA_vs_LM,serum,liver_cancer
E0000713,gaira_base_4_cross_pilot_synthesis_v1,synthesis,mixed,cross_pilot,P2_CCA_vs_LM|rep=sumnorm|substrate=unknown_SERS|pilot=P2_label_free_SERS_nanosensor,,cross_pilot_harmonized,G10,sulfur_thiol_redox,stable,-0.151,cohens_d,-0.151,,,,WEAK,,/Volumes/SSD_Rad/GAIRA_BUILD/gaira_base_4_cross_pilot_synthesis_v1/tables/cross_pilot_harmonized_effect_sizes_v1.csv,P2_CCA_vs_LM,serum,liver_cancer
E0000714,gaira_base_4_cross_pilot_synthesis_v1,synthesis,mixed,cross_pilot,P2_CCA_vs_LM|rep=sumnorm|substrate=unknown_SERS|pilot=P2_label_free_SERS_nanosensor,,cross_pilot_harmonized,G11,metabolic_small_molecule,down,-0.211,cohens_d,-0.211,,,,MODERATE,,/Volumes/SSD_Rad/GAIRA_BUILD/gaira_base_4_cross_pilot_synthesis_v1/tables/cross_pilot_harmonized_effect_sizes_v1.csv,P2_CCA_vs_LM,serum,liver_cancer
E0000715,gaira_base_4_cross_pilot_synthesis_v1,synthesis,mixed,cross_pilot,P2_CCA_vs_HCC|rep=clr|substrate=unknown_SERS|pilot=P2_label_free_SERS_nanosensor,,cross_pilot_harmonized,G01,purine_nucleotide,up,0.887,cohens_d,0.887,,,,STRONG,,/Volumes/SSD_Rad/GAIRA_BUILD/gaira_base_4_cross_pilot_synthesis_v1/tables/cross_pilot_harmonized_effect_sizes_v1.csv,P2_CCA_vs_HCC,serum,liver_cancer
E0000716,gaira_base_4_cross_pilot_synthesis_v1,synthesis,mixed,cross_pilot,P2_CCA_vs_HCC|rep=clr|substrate=unknown_SERS|pilot=P2_label_free_SERS_nanosensor,,cross_pilot_harmonized,G02,purine_metabolite,up,0.337,cohens_d,0.337,,,,MODERATE,,/Volumes/SSD_Rad/GAIRA_BUILD/gaira_base_4_cross_pilot_synthesis_v1/tables/cross_pilot_harmonized_effect_sizes_v1.csv,P2_CCA_vs_HCC,serum,liver_cancer
E0000717,gaira_base_4_cross_pilot_synthesis_v1,synthesis,mixed,cross_pilot,P2_CCA_vs_HCC|rep=clr|substrate=unknown_SERS|pilot=P2_label_free_SERS_nanosensor,,cross_pilot_harmonized,G03,pyrimidine_nucleotide,up,1.34,cohens_d,1.34,,,,STRONG,,/Volumes/SSD_Rad/GAIRA_BUILD/gaira_base_4_cross_pilot_synthesis_v1/tables/cross_pilot_harmonized_effect_sizes_v1.csv,P2_CCA_vs_HCC,serum,liver_cancer
E0000718,gaira_base_4_cross_pilot_synthesis_v1,synthesis,mixed,cross_pilot,P2_CCA_vs_HCC|rep=clr|substrate=unknown_SERS|pilot=P2_label_free_SERS_nanosensor,,cross_pilot_harmonized,G04,nucleic_acid_phosphate,up,0.338,cohens_d,0.338,,,,MODERATE,,/Volumes/SSD_Rad/GAIRA_BUILD/gaira_base_4_cross_pilot_synthesis_v1/tables/cross_pilot_harmonized_effect_sizes_v1.csv,P2_CCA_vs_HCC,serum,liver_cancer
E0000719,gaira_base_4_cross_pilot_synthesis_v1,synthesis,mixed,cross_pilot,P2_CCA_vs_HCC|rep=clr|substrate=unknown_SERS|pilot=P2_label_free_SERS_nanosensor,,cross_pilot_harmonized,G05,glycan_carbohydrate,down,-1.285,cohens_d,-1.285,,,,STRONG,,/Volumes/SSD_Rad/GAIRA_BUILD/gaira_base_4_cross_pilot_synthesis_v1/tables/cross_pilot_harmonized_effect_sizes_v1.csv,P2_CCA_vs_HCC,serum,liver_cancer
E0000720,gaira_base_4_cross_pilot_synthesis_v1,synthesis,mixed,cross_pilot,P2_CCA_vs_HCC|rep=clr|substrate=unknown_SERS|pilot=P2_label_free_SERS_nanosensor,,cross_pilot_harmonized,G06,protein_peptide_backbone,up,1.13,cohens_d,1.13,,,,STRONG,,/Volumes/SSD_Rad/GAIRA_BUILD/gaira_base_4_cross_pilot_synthesis_v1/tables/cross_pilot_harmonized_effect_sizes_v1.csv,P2_CCA_vs_HCC,serum,liver_cancer
E0000721,gaira_base_4_cross_pilot_synthesis_v1,synthesis,mixed,cross_pilot,P2_CCA_vs_HCC|rep=clr|substrate=unknown_SERS|pilot=P2_label_free_SERS_nanosensor,,cross_pilot_harmonized,G07,aromatic_residue,up,1.047,cohens_d,1.047,,,,STRONG,,/Volumes/SSD_Rad/GAIRA_BUILD/gaira_base_4_cross_pilot_synthesis_v1/tables/cross_pilot_harmonized_effect_sizes_v1.csv,P2_CCA_vs_HCC,serum,liver_cancer
E0000722,gaira_base_4_cross_pilot_synthesis_v1,synthesis,mixed,cross_pilot,P2_CCA_vs_HCC|rep=clr|substrate=unknown_SERS|pilot=P2_label_free_SERS_nanosensor,,cross_pilot_harmonized,G08,lipid_acyl_membrane,down,-1.26,cohens_d,-1.26,,,,STRONG,,/Volumes/SSD_Rad/GAIRA_BUILD/gaira_base_4_cross_pilot_synthesis_v1/tables/cross_pilot_harmonized_effect_sizes_v1.csv,P2_CCA_vs_HCC,serum,liver_cancer
E0000723,gaira_base_4_cross_pilot_synthesis_v1,synthesis,mixed,cross_pilot,P2_CCA_vs_HCC|rep=clr|substrate=unknown_SERS|pilot=P2_label_free_SERS_nanosensor,,cross_pilot_harmonized,G09,sterol_neutral_lipid,down,-1.233,cohens_d,-1.233,,,,STRONG,,/Volumes/SSD_Rad/GAIRA_BUILD/gaira_base_4_cross_pilot_synthesis_v1/tables/cross_pilot_harmonized_effect_sizes_v1.csv,P2_CCA_vs_HCC,serum,liver_cancer
E0000724,gaira_base_4_cross_pilot_synthesis_v1,synthesis,mixed,cross_pilot,P2_CCA_vs_HCC|rep=clr|substrate=unknown_SERS|pilot=P2_label_free_SERS_nanosensor,,cross_pilot_harmonized,G10,sulfur_thiol_redox,down,-0.557,cohens_d,-0.557,,,,STRONG,,/Volumes/SSD_Rad/GAIRA_BUILD/gaira_base_4_cross_pilot_synthesis_v1/tables/cross_pilot_harmonized_effect_sizes_v1.csv,P2_CCA_vs_HCC,serum,liver_cancer
E0000725,gaira_base_4_cross_pilot_synthesis_v1,synthesis,mixed,cross_pilot,P2_CCA_vs_HCC|rep=clr|substrate=unknown_SERS|pilot=P2_label_free_SERS_nanosensor,,cross_pilot_harmonized,G11,metabolic_small_molecule,down,-0.953,cohens_d,-0.953,,,,STRONG,,/Volumes/SSD_Rad/GAIRA_BUILD/gaira_base_4_cross_pilot_synthesis_v1/tables/cross_pilot_harmonized_effect_sizes_v1.csv,P2_CCA_vs_HCC,serum,liver_cancer
E0000726,gaira_base_4_cross_pilot_synthesis_v1,synthesis,mixed,cross_pilot,P2_LM_vs_HCC|rep=clr|substrate=unknown_SERS|pilot=P2_label_free_SERS_nanosensor,,cross_pilot_harmonized,G01,purine_nucleotide,up,0.554,cohens_d,0.554,,,,STRONG,,/Volumes/SSD_Rad/GAIRA_BUILD/gaira_base_4_cross_pilot_synthesis_v1/tables/cross_pilot_harmonized_effect_sizes_v1.csv,P2_LM_vs_HCC,serum,liver_cancer
E0000727,gaira_base_4_cross_pilot_synthesis_v1,synthesis,mixed,cross_pilot,P2_LM_vs_HCC|rep=clr|substrate=unknown_SERS|pilot=P2_label_free_SERS_nanosensor,,cross_pilot_harmonized,G02,purine_metabolite,up,0.362,cohens_d,0.362,,,,MODERATE,,/Volumes/SSD_Rad/GAIRA_BUILD/gaira_base_4_cross_pilot_synthesis_v1/tables/cross_pilot_harmonized_effect_sizes_v1.csv,P2_LM_vs_HCC,serum,liver_cancer
E0000728,gaira_base_4_cross_pilot_synthesis_v1,synthesis,mixed,cross_pilot,P2_LM_vs_HCC|rep=clr|substrate=unknown_SERS|pilot=P2_label_free_SERS_nanosensor,,cross_pilot_harmonized,G03,pyrimidine_nucleotide,up,0.746,cohens_d,0.746,,,,STRONG,,/Volumes/SSD_Rad/GAIRA_BUILD/gaira_base_4_cross_pilot_synthesis_v1/tables/cross_pilot_harmonized_effect_sizes_v1.csv,P2_LM_vs_HCC,serum,liver_cancer
E0000729,gaira_base_4_cross_pilot_synthesis_v1,synthesis,mixed,cross_pilot,P2_LM_vs_HCC|rep=clr|substrate=unknown_SERS|pilot=P2_label_free_SERS_nanosensor,,cross_pilot_harmonized,G04,nucleic_acid_phosphate,up,0.71,cohens_d,0.71,,,,STRONG,,/Volumes/SSD_Rad/GAIRA_BUILD/gaira_base_4_cross_pilot_synthesis_v1/tables/cross_pilot_harmonized_effect_sizes_v1.csv,P2_LM_vs_HCC,serum,liver_cancer
E0000730,gaira_base_4_cross_pilot_synthesis_v1,synthesis,mixed,cross_pilot,P2_LM_vs_HCC|rep=clr|substrate=unknown_SERS|pilot=P2_label_free_SERS_nanosensor,,cross_pilot_harmonized,G05,glycan_carbohydrate,down,-1.08,cohens_d,-1.08,,,,STRONG,,/Volumes/SSD_Rad/GAIRA_BUILD/gaira_base_4_cross_pilot_synthesis_v1/tables/cross_pilot_harmonized_effect_sizes_v1.csv,P2_LM_vs_HCC,serum,liver_cancer
E0000731,gaira_base_4_cross_pilot_synthesis_v1,synthesis,mixed,cross_pilot,P2_LM_vs_HCC|rep=clr|substrate=unknown_SERS|pilot=P2_label_free_SERS_nanosensor,,cross_pilot_harmonized,G06,protein_peptide_backbone,up,0.991,cohens_d,0.991,,,,STRONG,,/Volumes/SSD_Rad/GAIRA_BUILD/gaira_base_4_cross_pilot_synthesis_v1/tables/cross_pilot_harmonized_effect_sizes_v1.csv,P2_LM_vs_HCC,serum,liver_cancer
E0000732,gaira_base_4_cross_pilot_synthesis_v1,synthesis,mixed,cross_pilot,P2_LM_vs_HCC|rep=clr|substrate=unknown_SERS|pilot=P2_label_free_SERS_nanosensor,,cross_pilot_harmonized,G07,aromatic_residue,up,0.94,cohens_d,0.94,,,,STRONG,,/Volumes/SSD_Rad/GAIRA_BUILD/gaira_base_4_cross_pilot_synthesis_v1/tables/cross_pilot_harmonized_effect_sizes_v1.csv,P2_LM_vs_HCC,serum,liver_cancer
E0000733,gaira_base_4_cross_pilot_synthesis_v1,synthesis,mixed,cross_pilot,P2_LM_vs_HCC|rep=clr|substrate=unknown_SERS|pilot=P2_label_free_SERS_nanosensor,,cross_pilot_harmonized,G08,lipid_acyl_membrane,down,-1.008,cohens_d,-1.008,,,,STRONG,,/Volumes/SSD_Rad/GAIRA_BUILD/gaira_base_4_cross_pilot_synthesis_v1/tables/cross_pilot_harmonized_effect_sizes_v1.csv,P2_LM_vs_HCC,serum,liver_cancer
E0000734,gaira_base_4_cross_pilot_synthesis_v1,synthesis,mixed,cross_pilot,P2_LM_vs_HCC|rep=clr|substrate=unknown_SERS|pilot=P2_label_free_SERS_nanosensor,,cross_pilot_harmonized,G09,sterol_neutral_lipid,down,-1.031,cohens_d,-1.031,,,,STRONG,,/Volumes/SSD_Rad/GAIRA_BUILD/gaira_base_4_cross_pilot_synthesis_v1/tables/cross_pilot_harmonized_effect_sizes_v1.csv,P2_LM_vs_HCC,serum,liver_cancer
E0000735,gaira_base_4_cross_pilot_synthesis_v1,synthesis,mixed,cross_pilot,P2_LM_vs_HCC|rep=clr|substrate=unknown_SERS|pilot=P2_label_free_SERS_nanosensor,,cross_pilot_harmonized,G10,sulfur_thiol_redox,down,-0.392,cohens_d,-0.392,,,,MODERATE,,/Volumes/SSD_Rad/GAIRA_BUILD/gaira_base_4_cross_pilot_synthesis_v1/tables/cross_pilot_harmonized_effect_sizes_v1.csv,P2_LM_vs_HCC,serum,liver_cancer
E0000736,gaira_base_4_cross_pilot_synthesis_v1,synthesis,mixed,cross_pilot,P2_LM_vs_HCC|rep=clr|substrate=unknown_SERS|pilot=P2_label_free_SERS_nanosensor,,cross_pilot_harmonized,G11,metabolic_small_molecule,down,-0.79,cohens_d,-0.79,,,,STRONG,,/Volumes/SSD_Rad/GAIRA_BUILD/gaira_base_4_cross_pilot_synthesis_v1/tables/cross_pilot_harmonized_effect_sizes_v1.csv,P2_LM_vs_HCC,serum,liver_cancer
E0000737,gaira_base_4_cross_pilot_synthesis_v1,synthesis,mixed,cross_pilot,P2_CCA_vs_LM|rep=clr|substrate=unknown_SERS|pilot=P2_label_free_SERS_nanosensor,,cross_pilot_harmonized,G01,purine_nucleotide,up,0.373,cohens_d,0.373,,,,MODERATE,,/Volumes/SSD_Rad/GAIRA_BUILD/gaira_base_4_cross_pilot_synthesis_v1/tables/cross_pilot_harmonized_effect_sizes_v1.csv,P2_CCA_vs_LM,serum,liver_cancer
E0000738,gaira_base_4_cross_pilot_synthesis_v1,synthesis,mixed,cross_pilot,P2_CCA_vs_LM|rep=clr|substrate=unknown_SERS|pilot=P2_label_free_SERS_nanosensor,,cross_pilot_harmonized,G02,purine_metabolite,stable,-0.007,cohens_d,-0.007,,,,WEAK,,/Volumes/SSD_Rad/GAIRA_BUILD/gaira_base_4_cross_pilot_synthesis_v1/tables/cross_pilot_harmonized_effect_sizes_v1.csv,P2_CCA_vs_LM,serum,liver_cancer
E0000739,gaira_base_4_cross_pilot_synthesis_v1,synthesis,mixed,cross_pilot,P2_CCA_vs_LM|rep=clr|substrate=unknown_SERS|pilot=P2_label_free_SERS_nanosensor,,cross_pilot_harmonized,G03,pyrimidine_nucleotide,up,0.63,cohens_d,0.63,,,,STRONG,,/Volumes/SSD_Rad/GAIRA_BUILD/gaira_base_4_cross_pilot_synthesis_v1/tables/cross_pilot_harmonized_effect_sizes_v1.csv,P2_CCA_vs_LM,serum,liver_cancer
E0000740,gaira_base_4_cross_pilot_synthesis_v1,synthesis,mixed,cross_pilot,P2_CCA_vs_LM|rep=clr|substrate=unknown_SERS|pilot=P2_label_free_SERS_nanosensor,,cross_pilot_harmonized,G04,nucleic_acid_phosphate,down,-0.334,cohens_d,-0.334,,,,MODERATE,,/Volumes/SSD_Rad/GAIRA_BUILD/gaira_base_4_cross_pilot_synthesis_v1/tables/cross_pilot_harmonized_effect_sizes_v1.csv,P2_CCA_vs_LM,serum,liver_cancer
E0000741,gaira_base_4_cross_pilot_synthesis_v1,synthesis,mixed,cross_pilot,P2_CCA_vs_LM|rep=clr|substrate=unknown_SERS|pilot=P2_label_free_SERS_nanosensor,,cross_pilot_harmonized,G05,glycan_carbohydrate,stable,-0.199,cohens_d,-0.199,,,,WEAK,,/Volumes/SSD_Rad/GAIRA_BUILD/gaira_base_4_cross_pilot_synthesis_v1/tables/cross_pilot_harmonized_effect_sizes_v1.csv,P2_CCA_vs_LM,serum,liver_cancer
E0000742,gaira_base_4_cross_pilot_synthesis_v1,synthesis,mixed,cross_pilot,P2_CCA_vs_LM|rep=clr|substrate=unknown_SERS|pilot=P2_label_free_SERS_nanosensor,,cross_pilot_harmonized,G06,protein_peptide_backbone,stable,0.188,cohens_d,0.188,,,,WEAK,,/Volumes/SSD_Rad/GAIRA_BUILD/gaira_base_4_cross_pilot_synthesis_v1/tables/cross_pilot_harmonized_effect_sizes_v1.csv,P2_CCA_vs_LM,serum,liver_cancer
E0000743,gaira_base_4_cross_pilot_synthesis_v1,synthesis,mixed,cross_pilot,P2_CCA_vs_LM|rep=clr|substrate=unknown_SERS|pilot=P2_label_free_SERS_nanosensor,,cross_pilot_harmonized,G07,aromatic_residue,stable,0.154,cohens_d,0.154,,,,WEAK,,/Volumes/SSD_Rad/GAIRA_BUILD/gaira_base_4_cross_pilot_synthesis_v1/tables/cross_pilot_harmonized_effect_sizes_v1.csv,P2_CCA_vs_LM,serum,liver_cancer
E0000744,gaira_base_4_cross_pilot_synthesis_v1,synthesis,mixed,cross_pilot,P2_CCA_vs_LM|rep=clr|substrate=unknown_SERS|pilot=P2_label_free_SERS_nanosensor,,cross_pilot_harmonized,G08,lipid_acyl_membrane,down,-0.244,cohens_d,-0.244,,,,MODERATE,,/Volumes/SSD_Rad/GAIRA_BUILD/gaira_base_4_cross_pilot_synthesis_v1/tables/cross_pilot_harmonized_effect_sizes_v1.csv,P2_CCA_vs_LM,serum,liver_cancer
E0000745,gaira_base_4_cross_pilot_synthesis_v1,synthesis,mixed,cross_pilot,P2_CCA_vs_LM|rep=clr|substrate=unknown_SERS|pilot=P2_label_free_SERS_nanosensor,,cross_pilot_harmonized,G09,sterol_neutral_lipid,down,-0.24,cohens_d,-0.24,,,,MODERATE,,/Volumes/SSD_Rad/GAIRA_BUILD/gaira_base_4_cross_pilot_synthesis_v1/tables/cross_pilot_harmonized_effect_sizes_v1.csv,P2_CCA_vs_LM,serum,liver_cancer
E0000746,gaira_base_4_cross_pilot_synthesis_v1,synthesis,mixed,cross_pilot,P2_CCA_vs_LM|rep=clr|substrate=unknown_SERS|pilot=P2_label_free_SERS_nanosensor,,cross_pilot_harmonized,G10,sulfur_thiol_redox,stable,-0.177,cohens_d,-0.177,,,,WEAK,,/Volumes/SSD_Rad/GAIRA_BUILD/gaira_base_4_cross_pilot_synthesis_v1/tables/cross_pilot_harmonized_effect_sizes_v1.csv,P2_CCA_vs_LM,serum,liver_cancer
E0000747,gaira_base_4_cross_pilot_synthesis_v1,synthesis,mixed,cross_pilot,P2_CCA_vs_LM|rep=clr|substrate=unknown_SERS|pilot=P2_label_free_SERS_nanosensor,,cross_pilot_harmonized,G11,metabolic_small_molecule,down,-0.217,cohens_d,-0.217,,,,MODERATE,,/Volumes/SSD_Rad/GAIRA_BUILD/gaira_base_4_cross_pilot_synthesis_v1/tables/cross_pilot_harmonized_effect_sizes_v1.csv,P2_CCA_vs_LM,serum,liver_cancer
E0000748,gaira_base_4_cross_pilot_synthesis_v1,synthesis,mixed,cross_pilot,P2_CCA_vs_HCC|rep=delta_nc|substrate=unknown_SERS|pilot=P2_label_free_SERS_nanosensor,,cross_pilot_harmonized,G01,purine_nucleotide,up,1.013,cohens_d,1.013,,,,STRONG,,/Volumes/SSD_Rad/GAIRA_BUILD/gaira_base_4_cross_pilot_synthesis_v1/tables/cross_pilot_harmonized_effect_sizes_v1.csv,P2_CCA_vs_HCC,serum,liver_cancer
E0000749,gaira_base_4_cross_pilot_synthesis_v1,synthesis,mixed,cross_pilot,P2_CCA_vs_HCC|rep=delta_nc|substrate=unknown_SERS|pilot=P2_label_free_SERS_nanosensor,,cross_pilot_harmonized,G02,purine_metabolite,up,1.107,cohens_d,1.107,,,,STRONG,,/Volumes/SSD_Rad/GAIRA_BUILD/gaira_base_4_cross_pilot_synthesis_v1/tables/cross_pilot_harmonized_effect_sizes_v1.csv,P2_CCA_vs_HCC,serum,liver_cancer
E0000750,gaira_base_4_cross_pilot_synthesis_v1,synthesis,mixed,cross_pilot,P2_CCA_vs_HCC|rep=delta_nc|substrate=unknown_SERS|pilot=P2_label_free_SERS_nanosensor,,cross_pilot_harmonized,G03,pyrimidine_nucleotide,up,1.268,cohens_d,1.268,,,,STRONG,,/Volumes/SSD_Rad/GAIRA_BUILD/gaira_base_4_cross_pilot_synthesis_v1/tables/cross_pilot_harmonized_effect_sizes_v1.csv,P2_CCA_vs_HCC,serum,liver_cancer
E0000751,gaira_base_4_cross_pilot_synthesis_v1,synthesis,mixed,cross_pilot,P2_CCA_vs_HCC|rep=delta_nc|substrate=unknown_SERS|pilot=P2_label_free_SERS_nanosensor,,cross_pilot_harmonized,G04,nucleic_acid_phosphate,up,1.222,cohens_d,1.222,,,,STRONG,,/Volumes/SSD_Rad/GAIRA_BUILD/gaira_base_4_cross_pilot_synthesis_v1/tables/cross_pilot_harmonized_effect_sizes_v1.csv,P2_CCA_vs_HCC,serum,liver_cancer
E0000752,gaira_base_4_cross_pilot_synthesis_v1,synthesis,mixed,cross_pilot,P2_CCA_vs_HCC|rep=delta_nc|substrate=unknown_SERS|pilot=P2_label_free_SERS_nanosensor,,cross_pilot_harmonized,G05,glycan_carbohydrate,up,1.021,cohens_d,1.021,,,,STRONG,,/Volumes/SSD_Rad/GAIRA_BUILD/gaira_base_4_cross_pilot_synthesis_v1/tables/cross_pilot_harmonized_effect_sizes_v1.csv,P2_CCA_vs_HCC,serum,liver_cancer
E0000753,gaira_base_4_cross_pilot_synthesis_v1,synthesis,mixed,cross_pilot,P2_CCA_vs_HCC|rep=delta_nc|substrate=unknown_SERS|pilot=P2_label_free_SERS_nanosensor,,cross_pilot_harmonized,G06,protein_peptide_backbone,up,1.059,cohens_d,1.059,,,,STRONG,,/Volumes/SSD_Rad/GAIRA_BUILD/gaira_base_4_cross_pilot_synthesis_v1/tables/cross_pilot_harmonized_effect_sizes_v1.csv,P2_CCA_vs_HCC,serum,liver_cancer
E0000754,gaira_base_4_cross_pilot_synthesis_v1,synthesis,mixed,cross_pilot,P2_CCA_vs_HCC|rep=delta_nc|substrate=unknown_SERS|pilot=P2_label_free_SERS_nanosensor,,cross_pilot_harmonized,G07,aromatic_residue,up,1.071,cohens_d,1.071,,,,STRONG,,/Volumes/SSD_Rad/GAIRA_BUILD/gaira_base_4_cross_pilot_synthesis_v1/tables/cross_pilot_harmonized_effect_sizes_v1.csv,P2_CCA_vs_HCC,serum,liver_cancer
E0000755,gaira_base_4_cross_pilot_synthesis_v1,synthesis,mixed,cross_pilot,P2_CCA_vs_HCC|rep=delta_nc|substrate=unknown_SERS|pilot=P2_label_free_SERS_nanosensor,,cross_pilot_harmonized,G08,lipid_acyl_membrane,up,1.058,cohens_d,1.058,,,,STRONG,,/Volumes/SSD_Rad/GAIRA_BUILD/gaira_base_4_cross_pilot_synthesis_v1/tables/cross_pilot_harmonized_effect_sizes_v1.csv,P2_CCA_vs_HCC,serum,liver_cancer
E0000756,gaira_base_4_cross_pilot_synthesis_v1,synthesis,mixed,cross_pilot,P2_CCA_vs_HCC|rep=delta_nc|substrate=unknown_SERS|pilot=P2_label_free_SERS_nanosensor,,cross_pilot_harmonized,G09,sterol_neutral_lipid,up,0.565,cohens_d,0.565,,,,STRONG,,/Volumes/SSD_Rad/GAIRA_BUILD/gaira_base_4_cross_pilot_synthesis_v1/tables/cross_pilot_harmonized_effect_sizes_v1.csv,P2_CCA_vs_HCC,serum,liver_cancer
E0000757,gaira_base_4_cross_pilot_synthesis_v1,synthesis,mixed,cross_pilot,P2_CCA_vs_HCC|rep=delta_nc|substrate=unknown_SERS|pilot=P2_label_free_SERS_nanosensor,,cross_pilot_harmonized,G10,sulfur_thiol_redox,up,1.327,cohens_d,1.327,,,,STRONG,,/Volumes/SSD_Rad/GAIRA_BUILD/gaira_base_4_cross_pilot_synthesis_v1/tables/cross_pilot_harmonized_effect_sizes_v1.csv,P2_CCA_vs_HCC,serum,liver_cancer
E0000758,gaira_base_4_cross_pilot_synthesis_v1,synthesis,mixed,cross_pilot,P2_CCA_vs_HCC|rep=delta_nc|substrate=unknown_SERS|pilot=P2_label_free_SERS_nanosensor,,cross_pilot_harmonized,G11,metabolic_small_molecule,up,1.161,cohens_d,1.161,,,,STRONG,,/Volumes/SSD_Rad/GAIRA_BUILD/gaira_base_4_cross_pilot_synthesis_v1/tables/cross_pilot_harmonized_effect_sizes_v1.csv,P2_CCA_vs_HCC,serum,liver_cancer
E0000759,gaira_base_4_cross_pilot_synthesis_v1,synthesis,mixed,cross_pilot,P2_LM_vs_HCC|rep=delta_nc|substrate=unknown_SERS|pilot=P2_label_free_SERS_nanosensor,,cross_pilot_harmonized,G01,purine_nucleotide,up,0.772,cohens_d,0.772,,,,STRONG,,/Volumes/SSD_Rad/GAIRA_BUILD/gaira_base_4_cross_pilot_synthesis_v1/tables/cross_pilot_harmonized_effect_sizes_v1.csv,P2_LM_vs_HCC,serum,liver_cancer
E0000760,gaira_base_4_cross_pilot_synthesis_v1,synthesis,mixed,cross_pilot,P2_LM_vs_HCC|rep=delta_nc|substrate=unknown_SERS|pilot=P2_label_free_SERS_nanosensor,,cross_pilot_harmonized,G02,purine_metabolite,up,0.976,cohens_d,0.976,,,,STRONG,,/Volumes/SSD_Rad/GAIRA_BUILD/gaira_base_4_cross_pilot_synthesis_v1/tables/cross_pilot_harmonized_effect_sizes_v1.csv,P2_LM_vs_HCC,serum,liver_cancer
E0000761,gaira_base_4_cross_pilot_synthesis_v1,synthesis,mixed,cross_pilot,P2_LM_vs_HCC|rep=delta_nc|substrate=unknown_SERS|pilot=P2_label_free_SERS_nanosensor,,cross_pilot_harmonized,G03,pyrimidine_nucleotide,up,0.985,cohens_d,0.985,,,,STRONG,,/Volumes/SSD_Rad/GAIRA_BUILD/gaira_base_4_cross_pilot_synthesis_v1/tables/cross_pilot_harmonized_effect_sizes_v1.csv,P2_LM_vs_HCC,serum,liver_cancer
E0000762,gaira_base_4_cross_pilot_synthesis_v1,synthesis,mixed,cross_pilot,P2_LM_vs_HCC|rep=delta_nc|substrate=unknown_SERS|pilot=P2_label_free_SERS_nanosensor,,cross_pilot_harmonized,G04,nucleic_acid_phosphate,up,1.201,cohens_d,1.201,,,,STRONG,,/Volumes/SSD_Rad/GAIRA_BUILD/gaira_base_4_cross_pilot_synthesis_v1/tables/cross_pilot_harmonized_effect_sizes_v1.csv,P2_LM_vs_HCC,serum,liver_cancer
E0000763,gaira_base_4_cross_pilot_synthesis_v1,synthesis,mixed,cross_pilot,P2_LM_vs_HCC|rep=delta_nc|substrate=unknown_SERS|pilot=P2_label_free_SERS_nanosensor,,cross_pilot_harmonized,G05,glycan_carbohydrate,up,0.89,cohens_d,0.89,,,,STRONG,,/Volumes/SSD_Rad/GAIRA_BUILD/gaira_base_4_cross_pilot_synthesis_v1/tables/cross_pilot_harmonized_effect_sizes_v1.csv,P2_LM_vs_HCC,serum,liver_cancer
E0000764,gaira_base_4_cross_pilot_synthesis_v1,synthesis,mixed,cross_pilot,P2_LM_vs_HCC|rep=delta_nc|substrate=unknown_SERS|pilot=P2_label_free_SERS_nanosensor,,cross_pilot_harmonized,G06,protein_peptide_backbone,up,0.901,cohens_d,0.901,,,,STRONG,,/Volumes/SSD_Rad/GAIRA_BUILD/gaira_base_4_cross_pilot_synthesis_v1/tables/cross_pilot_harmonized_effect_sizes_v1.csv,P2_LM_vs_HCC,serum,liver_cancer
E0000765,gaira_base_4_cross_pilot_synthesis_v1,synthesis,mixed,cross_pilot,P2_LM_vs_HCC|rep=delta_nc|substrate=unknown_SERS|pilot=P2_label_free_SERS_nanosensor,,cross_pilot_harmonized,G07,aromatic_residue,up,0.925,cohens_d,0.925,,,,STRONG,,/Volumes/SSD_Rad/GAIRA_BUILD/gaira_base_4_cross_pilot_synthesis_v1/tables/cross_pilot_harmonized_effect_sizes_v1.csv,P2_LM_vs_HCC,serum,liver_cancer
E0000766,gaira_base_4_cross_pilot_synthesis_v1,synthesis,mixed,cross_pilot,P2_LM_vs_HCC|rep=delta_nc|substrate=unknown_SERS|pilot=P2_label_free_SERS_nanosensor,,cross_pilot_harmonized,G08,lipid_acyl_membrane,up,0.98,cohens_d,0.98,,,,STRONG,,/Volumes/SSD_Rad/GAIRA_BUILD/gaira_base_4_cross_pilot_synthesis_v1/tables/cross_pilot_harmonized_effect_sizes_v1.csv,P2_LM_vs_HCC,serum,liver_cancer
E0000767,gaira_base_4_cross_pilot_synthesis_v1,synthesis,mixed,cross_pilot,P2_LM_vs_HCC|rep=delta_nc|substrate=unknown_SERS|pilot=P2_label_free_SERS_nanosensor,,cross_pilot_harmonized,G09,sterol_neutral_lipid,up,0.585,cohens_d,0.585,,,,STRONG,,/Volumes/SSD_Rad/GAIRA_BUILD/gaira_base_4_cross_pilot_synthesis_v1/tables/cross_pilot_harmonized_effect_sizes_v1.csv,P2_LM_vs_HCC,serum,liver_cancer
E0000768,gaira_base_4_cross_pilot_synthesis_v1,synthesis,mixed,cross_pilot,P2_LM_vs_HCC|rep=delta_nc|substrate=unknown_SERS|pilot=P2_label_free_SERS_nanosensor,,cross_pilot_harmonized,G10,sulfur_thiol_redox,up,1.084,cohens_d,1.084,,,,STRONG,,/Volumes/SSD_Rad/GAIRA_BUILD/gaira_base_4_cross_pilot_synthesis_v1/tables/cross_pilot_harmonized_effect_sizes_v1.csv,P2_LM_vs_HCC,serum,liver_cancer
E0000769,gaira_base_4_cross_pilot_synthesis_v1,synthesis,mixed,cross_pilot,P2_LM_vs_HCC|rep=delta_nc|substrate=unknown_SERS|pilot=P2_label_free_SERS_nanosensor,,cross_pilot_harmonized,G11,metabolic_small_molecule,up,0.923,cohens_d,0.923,,,,STRONG,,/Volumes/SSD_Rad/GAIRA_BUILD/gaira_base_4_cross_pilot_synthesis_v1/tables/cross_pilot_harmonized_effect_sizes_v1.csv,P2_LM_vs_HCC,serum,liver_cancer
E0000770,gaira_base_4_cross_pilot_synthesis_v1,synthesis,mixed,cross_pilot,P2_CCA_vs_LM|rep=delta_nc|substrate=unknown_SERS|pilot=P2_label_free_SERS_nanosensor,,cross_pilot_harmonized,G01,purine_nucleotide,up,0.294,cohens_d,0.294,,,,MODERATE,,/Volumes/SSD_Rad/GAIRA_BUILD/gaira_base_4_cross_pilot_synthesis_v1/tables/cross_pilot_harmonized_effect_sizes_v1.csv,P2_CCA_vs_LM,serum,liver_cancer
E0000771,gaira_base_4_cross_pilot_synthesis_v1,synthesis,mixed,cross_pilot,P2_CCA_vs_LM|rep=delta_nc|substrate=unknown_SERS|pilot=P2_label_free_SERS_nanosensor,,cross_pilot_harmonized,G02,purine_metabolite,stable,0.191,cohens_d,0.191,,,,WEAK,,/Volumes/SSD_Rad/GAIRA_BUILD/gaira_base_4_cross_pilot_synthesis_v1/tables/cross_pilot_harmonized_effect_sizes_v1.csv,P2_CCA_vs_LM,serum,liver_cancer
E0000772,gaira_base_4_cross_pilot_synthesis_v1,synthesis,mixed,cross_pilot,P2_CCA_vs_LM|rep=delta_nc|substrate=unknown_SERS|pilot=P2_label_free_SERS_nanosensor,,cross_pilot_harmonized,G03,pyrimidine_nucleotide,up,0.333,cohens_d,0.333,,,,MODERATE,,/Volumes/SSD_Rad/GAIRA_BUILD/gaira_base_4_cross_pilot_synthesis_v1/tables/cross_pilot_harmonized_effect_sizes_v1.csv,P2_CCA_vs_LM,serum,liver_cancer
E0000773,gaira_base_4_cross_pilot_synthesis_v1,synthesis,mixed,cross_pilot,P2_CCA_vs_LM|rep=delta_nc|substrate=unknown_SERS|pilot=P2_label_free_SERS_nanosensor,,cross_pilot_harmonized,G04,nucleic_acid_phosphate,stable,0.113,cohens_d,0.113,,,,WEAK,,/Volumes/SSD_Rad/GAIRA_BUILD/gaira_base_4_cross_pilot_synthesis_v1/tables/cross_pilot_harmonized_effect_sizes_v1.csv,P2_CCA_vs_LM,serum,liver_cancer
E0000774,gaira_base_4_cross_pilot_synthesis_v1,synthesis,mixed,cross_pilot,P2_CCA_vs_LM|rep=delta_nc|substrate=unknown_SERS|pilot=P2_label_free_SERS_nanosensor,,cross_pilot_harmonized,G05,glycan_carbohydrate,up,0.218,cohens_d,0.218,,,,MODERATE,,/Volumes/SSD_Rad/GAIRA_BUILD/gaira_base_4_cross_pilot_synthesis_v1/tables/cross_pilot_harmonized_effect_sizes_v1.csv,P2_CCA_vs_LM,serum,liver_cancer
E0000775,gaira_base_4_cross_pilot_synthesis_v1,synthesis,mixed,cross_pilot,P2_CCA_vs_LM|rep=delta_nc|substrate=unknown_SERS|pilot=P2_label_free_SERS_nanosensor,,cross_pilot_harmonized,G06,protein_peptide_backbone,up,0.205,cohens_d,0.205,,,,MODERATE,,/Volumes/SSD_Rad/GAIRA_BUILD/gaira_base_4_cross_pilot_synthesis_v1/tables/cross_pilot_harmonized_effect_sizes_v1.csv,P2_CCA_vs_LM,serum,liver_cancer
E0000776,gaira_base_4_cross_pilot_synthesis_v1,synthesis,mixed,cross_pilot,P2_CCA_vs_LM|rep=delta_nc|substrate=unknown_SERS|pilot=P2_label_free_SERS_nanosensor,,cross_pilot_harmonized,G07,aromatic_residue,stable,0.192,cohens_d,0.192,,,,WEAK,,/Volumes/SSD_Rad/GAIRA_BUILD/gaira_base_4_cross_pilot_synthesis_v1/tables/cross_pilot_harmonized_effect_sizes_v1.csv,P2_CCA_vs_LM,serum,liver_cancer
E0000777,gaira_base_4_cross_pilot_synthesis_v1,synthesis,mixed,cross_pilot,P2_CCA_vs_LM|rep=delta_nc|substrate=unknown_SERS|pilot=P2_label_free_SERS_nanosensor,,cross_pilot_harmonized,G08,lipid_acyl_membrane,stable,0.149,cohens_d,0.149,,,,WEAK,,/Volumes/SSD_Rad/GAIRA_BUILD/gaira_base_4_cross_pilot_synthesis_v1/tables/cross_pilot_harmonized_effect_sizes_v1.csv,P2_CCA_vs_LM,serum,liver_cancer
E0000778,gaira_base_4_cross_pilot_synthesis_v1,synthesis,mixed,cross_pilot,P2_CCA_vs_LM|rep=delta_nc|substrate=unknown_SERS|pilot=P2_label_free_SERS_nanosensor,,cross_pilot_harmonized,G09,sterol_neutral_lipid,stable,0.053,cohens_d,0.053,,,,WEAK,,/Volumes/SSD_Rad/GAIRA_BUILD/gaira_base_4_cross_pilot_synthesis_v1/tables/cross_pilot_harmonized_effect_sizes_v1.csv,P2_CCA_vs_LM,serum,liver_cancer
E0000779,gaira_base_4_cross_pilot_synthesis_v1,synthesis,mixed,cross_pilot,P2_CCA_vs_LM|rep=delta_nc|substrate=unknown_SERS|pilot=P2_label_free_SERS_nanosensor,,cross_pilot_harmonized,G10,sulfur_thiol_redox,stable,0.167,cohens_d,0.167,,,,WEAK,,/Volumes/SSD_Rad/GAIRA_BUILD/gaira_base_4_cross_pilot_synthesis_v1/tables/cross_pilot_harmonized_effect_sizes_v1.csv,P2_CCA_vs_LM,serum,liver_cancer
E0000780,gaira_base_4_cross_pilot_synthesis_v1,synthesis,mixed,cross_pilot,P2_CCA_vs_LM|rep=delta_nc|substrate=unknown_SERS|pilot=P2_label_free_SERS_nanosensor,,cross_pilot_harmonized,G11,metabolic_small_molecule,stable,0.101,cohens_d,0.101,,,,WEAK,,/Volumes/SSD_Rad/GAIRA_BUILD/gaira_base_4_cross_pilot_synthesis_v1/tables/cross_pilot_harmonized_effect_sizes_v1.csv,P2_CCA_vs_LM,serum,liver_cancer
E0000781,gaira_base_4_cross_pilot_synthesis_v1,synthesis,mixed,cross_pilot,P2_CCA_vs_HCC|rep=delta_sumnorm|substrate=unknown_SERS|pilot=P2_label_free_SERS_nanosensor,,cross_pilot_harmonized,G01,purine_nucleotide,up,0.898,cohens_d,0.898,,,,STRONG,,/Volumes/SSD_Rad/GAIRA_BUILD/gaira_base_4_cross_pilot_synthesis_v1/tables/cross_pilot_harmonized_effect_sizes_v1.csv,P2_CCA_vs_HCC,serum,liver_cancer
E0000782,gaira_base_4_cross_pilot_synthesis_v1,synthesis,mixed,cross_pilot,P2_CCA_vs_HCC|rep=delta_sumnorm|substrate=unknown_SERS|pilot=P2_label_free_SERS_nanosensor,,cross_pilot_harmonized,G02,purine_metabolite,up,0.775,cohens_d,0.775,,,,STRONG,,/Volumes/SSD_Rad/GAIRA_BUILD/gaira_base_4_cross_pilot_synthesis_v1/tables/cross_pilot_harmonized_effect_sizes_v1.csv,P2_CCA_vs_HCC,serum,liver_cancer
E0000783,gaira_base_4_cross_pilot_synthesis_v1,synthesis,mixed,cross_pilot,P2_CCA_vs_HCC|rep=delta_sumnorm|substrate=unknown_SERS|pilot=P2_label_free_SERS_nanosensor,,cross_pilot_harmonized,G03,pyrimidine_nucleotide,up,1.503,cohens_d,1.503,,,,STRONG,,/Volumes/SSD_Rad/GAIRA_BUILD/gaira_base_4_cross_pilot_synthesis_v1/tables/cross_pilot_harmonized_effect_sizes_v1.csv,P2_CCA_vs_HCC,serum,liver_cancer
E0000784,gaira_base_4_cross_pilot_synthesis_v1,synthesis,mixed,cross_pilot,P2_CCA_vs_HCC|rep=delta_sumnorm|substrate=unknown_SERS|pilot=P2_label_free_SERS_nanosensor,,cross_pilot_harmonized,G04,nucleic_acid_phosphate,up,0.813,cohens_d,0.813,,,,STRONG,,/Volumes/SSD_Rad/GAIRA_BUILD/gaira_base_4_cross_pilot_synthesis_v1/tables/cross_pilot_harmonized_effect_sizes_v1.csv,P2_CCA_vs_HCC,serum,liver_cancer
E0000785,gaira_base_4_cross_pilot_synthesis_v1,synthesis,mixed,cross_pilot,P2_CCA_vs_HCC|rep=delta_sumnorm|substrate=unknown_SERS|pilot=P2_label_free_SERS_nanosensor,,cross_pilot_harmonized,G05,glycan_carbohydrate,down,-1.285,cohens_d,-1.285,,,,STRONG,,/Volumes/SSD_Rad/GAIRA_BUILD/gaira_base_4_cross_pilot_synthesis_v1/tables/cross_pilot_harmonized_effect_sizes_v1.csv,P2_CCA_vs_HCC,serum,liver_cancer
E0000786,gaira_base_4_cross_pilot_synthesis_v1,synthesis,mixed,cross_pilot,P2_CCA_vs_HCC|rep=delta_sumnorm|substrate=unknown_SERS|pilot=P2_label_free_SERS_nanosensor,,cross_pilot_harmonized,G06,protein_peptide_backbone,up,1.08,cohens_d,1.08,,,,STRONG,,/Volumes/SSD_Rad/GAIRA_BUILD/gaira_base_4_cross_pilot_synthesis_v1/tables/cross_pilot_harmonized_effect_sizes_v1.csv,P2_CCA_vs_HCC,serum,liver_cancer
E0000787,gaira_base_4_cross_pilot_synthesis_v1,synthesis,mixed,cross_pilot,P2_CCA_vs_HCC|rep=delta_sumnorm|substrate=unknown_SERS|pilot=P2_label_free_SERS_nanosensor,,cross_pilot_harmonized,G07,aromatic_residue,up,1.052,cohens_d,1.052,,,,STRONG,,/Volumes/SSD_Rad/GAIRA_BUILD/gaira_base_4_cross_pilot_synthesis_v1/tables/cross_pilot_harmonized_effect_sizes_v1.csv,P2_CCA_vs_HCC,serum,liver_cancer
E0000788,gaira_base_4_cross_pilot_synthesis_v1,synthesis,mixed,cross_pilot,P2_CCA_vs_HCC|rep=delta_sumnorm|substrate=unknown_SERS|pilot=P2_label_free_SERS_nanosensor,,cross_pilot_harmonized,G08,lipid_acyl_membrane,down,-1.245,cohens_d,-1.245,,,,STRONG,,/Volumes/SSD_Rad/GAIRA_BUILD/gaira_base_4_cross_pilot_synthesis_v1/tables/cross_pilot_harmonized_effect_sizes_v1.csv,P2_CCA_vs_HCC,serum,liver_cancer
E0000789,gaira_base_4_cross_pilot_synthesis_v1,synthesis,mixed,cross_pilot,P2_CCA_vs_HCC|rep=delta_sumnorm|substrate=unknown_SERS|pilot=P2_label_free_SERS_nanosensor,,cross_pilot_harmonized,G09,sterol_neutral_lipid,down,-1.246,cohens_d,-1.246,,,,STRONG,,/Volumes/SSD_Rad/GAIRA_BUILD/gaira_base_4_cross_pilot_synthesis_v1/tables/cross_pilot_harmonized_effect_sizes_v1.csv,P2_CCA_vs_HCC,serum,liver_cancer
E0000790,gaira_base_4_cross_pilot_synthesis_v1,synthesis,mixed,cross_pilot,P2_CCA_vs_HCC|rep=delta_sumnorm|substrate=unknown_SERS|pilot=P2_label_free_SERS_nanosensor,,cross_pilot_harmonized,G10,sulfur_thiol_redox,down,-0.336,cohens_d,-0.336,,,,MODERATE,,/Volumes/SSD_Rad/GAIRA_BUILD/gaira_base_4_cross_pilot_synthesis_v1/tables/cross_pilot_harmonized_effect_sizes_v1.csv,P2_CCA_vs_HCC,serum,liver_cancer
E0000791,gaira_base_4_cross_pilot_synthesis_v1,synthesis,mixed,cross_pilot,P2_CCA_vs_HCC|rep=delta_sumnorm|substrate=unknown_SERS|pilot=P2_label_free_SERS_nanosensor,,cross_pilot_harmonized,G11,metabolic_small_molecule,down,-0.907,cohens_d,-0.907,,,,STRONG,,/Volumes/SSD_Rad/GAIRA_BUILD/gaira_base_4_cross_pilot_synthesis_v1/tables/cross_pilot_harmonized_effect_sizes_v1.csv,P2_CCA_vs_HCC,serum,liver_cancer
E0000792,gaira_base_4_cross_pilot_synthesis_v1,synthesis,mixed,cross_pilot,P2_LM_vs_HCC|rep=delta_sumnorm|substrate=unknown_SERS|pilot=P2_label_free_SERS_nanosensor,,cross_pilot_harmonized,G01,purine_nucleotide,up,0.587,cohens_d,0.587,,,,STRONG,,/Volumes/SSD_Rad/GAIRA_BUILD/gaira_base_4_cross_pilot_synthesis_v1/tables/cross_pilot_harmonized_effect_sizes_v1.csv,P2_LM_vs_HCC,serum,liver_cancer
E0000793,gaira_base_4_cross_pilot_synthesis_v1,synthesis,mixed,cross_pilot,P2_LM_vs_HCC|rep=delta_sumnorm|substrate=unknown_SERS|pilot=P2_label_free_SERS_nanosensor,,cross_pilot_harmonized,G02,purine_metabolite,up,0.746,cohens_d,0.746,,,,STRONG,,/Volumes/SSD_Rad/GAIRA_BUILD/gaira_base_4_cross_pilot_synthesis_v1/tables/cross_pilot_harmonized_effect_sizes_v1.csv,P2_LM_vs_HCC,serum,liver_cancer
E0000794,gaira_base_4_cross_pilot_synthesis_v1,synthesis,mixed,cross_pilot,P2_LM_vs_HCC|rep=delta_sumnorm|substrate=unknown_SERS|pilot=P2_label_free_SERS_nanosensor,,cross_pilot_harmonized,G03,pyrimidine_nucleotide,up,0.932,cohens_d,0.932,,,,STRONG,,/Volumes/SSD_Rad/GAIRA_BUILD/gaira_base_4_cross_pilot_synthesis_v1/tables/cross_pilot_harmonized_effect_sizes_v1.csv,P2_LM_vs_HCC,serum,liver_cancer
E0000795,gaira_base_4_cross_pilot_synthesis_v1,synthesis,mixed,cross_pilot,P2_LM_vs_HCC|rep=delta_sumnorm|substrate=unknown_SERS|pilot=P2_label_free_SERS_nanosensor,,cross_pilot_harmonized,G04,nucleic_acid_phosphate,up,1.125,cohens_d,1.125,,,,STRONG,,/Volumes/SSD_Rad/GAIRA_BUILD/gaira_base_4_cross_pilot_synthesis_v1/tables/cross_pilot_harmonized_effect_sizes_v1.csv,P2_LM_vs_HCC,serum,liver_cancer
E0000796,gaira_base_4_cross_pilot_synthesis_v1,synthesis,mixed,cross_pilot,P2_LM_vs_HCC|rep=delta_sumnorm|substrate=unknown_SERS|pilot=P2_label_free_SERS_nanosensor,,cross_pilot_harmonized,G05,glycan_carbohydrate,down,-1.074,cohens_d,-1.074,,,,STRONG,,/Volumes/SSD_Rad/GAIRA_BUILD/gaira_base_4_cross_pilot_synthesis_v1/tables/cross_pilot_harmonized_effect_sizes_v1.csv,P2_LM_vs_HCC,serum,liver_cancer
E0000797,gaira_base_4_cross_pilot_synthesis_v1,synthesis,mixed,cross_pilot,P2_LM_vs_HCC|rep=delta_sumnorm|substrate=unknown_SERS|pilot=P2_label_free_SERS_nanosensor,,cross_pilot_harmonized,G06,protein_peptide_backbone,up,0.931,cohens_d,0.931,,,,STRONG,,/Volumes/SSD_Rad/GAIRA_BUILD/gaira_base_4_cross_pilot_synthesis_v1/tables/cross_pilot_harmonized_effect_sizes_v1.csv,P2_LM_vs_HCC,serum,liver_cancer
E0000798,gaira_base_4_cross_pilot_synthesis_v1,synthesis,mixed,cross_pilot,P2_LM_vs_HCC|rep=delta_sumnorm|substrate=unknown_SERS|pilot=P2_label_free_SERS_nanosensor,,cross_pilot_harmonized,G07,aromatic_residue,up,0.932,cohens_d,0.932,,,,STRONG,,/Volumes/SSD_Rad/GAIRA_BUILD/gaira_base_4_cross_pilot_synthesis_v1/tables/cross_pilot_harmonized_effect_sizes_v1.csv,P2_LM_vs_HCC,serum,liver_cancer
E0000799,gaira_base_4_cross_pilot_synthesis_v1,synthesis,mixed,cross_pilot,P2_LM_vs_HCC|rep=delta_sumnorm|substrate=unknown_SERS|pilot=P2_label_free_SERS_nanosensor,,cross_pilot_harmonized,G08,lipid_acyl_membrane,down,-0.979,cohens_d,-0.979,,,,STRONG,,/Volumes/SSD_Rad/GAIRA_BUILD/gaira_base_4_cross_pilot_synthesis_v1/tables/cross_pilot_harmonized_effect_sizes_v1.csv,P2_LM_vs_HCC,serum,liver_cancer
E0000800,gaira_base_4_cross_pilot_synthesis_v1,synthesis,mixed,cross_pilot,P2_LM_vs_HCC|rep=delta_sumnorm|substrate=unknown_SERS|pilot=P2_label_free_SERS_nanosensor,,cross_pilot_harmonized,G09,sterol_neutral_lipid,down,-1.046,cohens_d,-1.046,,,,STRONG,,/Volumes/SSD_Rad/GAIRA_BUILD/gaira_base_4_cross_pilot_synthesis_v1/tables/cross_pilot_harmonized_effect_sizes_v1.csv,P2_LM_vs_HCC,serum,liver_cancer
E0000801,gaira_base_4_cross_pilot_synthesis_v1,synthesis,mixed,cross_pilot,P2_LM_vs_HCC|rep=delta_sumnorm|substrate=unknown_SERS|pilot=P2_label_free_SERS_nanosensor,,cross_pilot_harmonized,G10,sulfur_thiol_redox,stable,-0.183,cohens_d,-0.183,,,,WEAK,,/Volumes/SSD_Rad/GAIRA_BUILD/gaira_base_4_cross_pilot_synthesis_v1/tables/cross_pilot_harmonized_effect_sizes_v1.csv,P2_LM_vs_HCC,serum,liver_cancer
E0000802,gaira_base_4_cross_pilot_synthesis_v1,synthesis,mixed,cross_pilot,P2_LM_vs_HCC|rep=delta_sumnorm|substrate=unknown_SERS|pilot=P2_label_free_SERS_nanosensor,,cross_pilot_harmonized,G11,metabolic_small_molecule,down,-0.744,cohens_d,-0.744,,,,STRONG,,/Volumes/SSD_Rad/GAIRA_BUILD/gaira_base_4_cross_pilot_synthesis_v1/tables/cross_pilot_harmonized_effect_sizes_v1.csv,P2_LM_vs_HCC,serum,liver_cancer
E0000803,gaira_base_4_cross_pilot_synthesis_v1,synthesis,mixed,cross_pilot,P2_CCA_vs_LM|rep=delta_sumnorm|substrate=unknown_SERS|pilot=P2_label_free_SERS_nanosensor,,cross_pilot_harmonized,G01,purine_nucleotide,up,0.358,cohens_d,0.358,,,,MODERATE,,/Volumes/SSD_Rad/GAIRA_BUILD/gaira_base_4_cross_pilot_synthesis_v1/tables/cross_pilot_harmonized_effect_sizes_v1.csv,P2_CCA_vs_LM,serum,liver_cancer
E0000804,gaira_base_4_cross_pilot_synthesis_v1,synthesis,mixed,cross_pilot,P2_CCA_vs_LM|rep=delta_sumnorm|substrate=unknown_SERS|pilot=P2_label_free_SERS_nanosensor,,cross_pilot_harmonized,G02,purine_metabolite,stable,0.08,cohens_d,0.08,,,,WEAK,,/Volumes/SSD_Rad/GAIRA_BUILD/gaira_base_4_cross_pilot_synthesis_v1/tables/cross_pilot_harmonized_effect_sizes_v1.csv,P2_CCA_vs_LM,serum,liver_cancer
E0000805,gaira_base_4_cross_pilot_synthesis_v1,synthesis,mixed,cross_pilot,P2_CCA_vs_LM|rep=delta_sumnorm|substrate=unknown_SERS|pilot=P2_label_free_SERS_nanosensor,,cross_pilot_harmonized,G03,pyrimidine_nucleotide,up,0.618,cohens_d,0.618,,,,STRONG,,/Volumes/SSD_Rad/GAIRA_BUILD/gaira_base_4_cross_pilot_synthesis_v1/tables/cross_pilot_harmonized_effect_sizes_v1.csv,P2_CCA_vs_LM,serum,liver_cancer
E0000806,gaira_base_4_cross_pilot_synthesis_v1,synthesis,mixed,cross_pilot,P2_CCA_vs_LM|rep=delta_sumnorm|substrate=unknown_SERS|pilot=P2_label_free_SERS_nanosensor,,cross_pilot_harmonized,G04,nucleic_acid_phosphate,down,-0.227,cohens_d,-0.227,,,,MODERATE,,/Volumes/SSD_Rad/GAIRA_BUILD/gaira_base_4_cross_pilot_synthesis_v1/tables/cross_pilot_harmonized_effect_sizes_v1.csv,P2_CCA_vs_LM,serum,liver_cancer
E0000807,gaira_base_4_cross_pilot_synthesis_v1,synthesis,mixed,cross_pilot,P2_CCA_vs_LM|rep=delta_sumnorm|substrate=unknown_SERS|pilot=P2_label_free_SERS_nanosensor,,cross_pilot_harmonized,G05,glycan_carbohydrate,stable,-0.19,cohens_d,-0.19,,,,WEAK,,/Volumes/SSD_Rad/GAIRA_BUILD/gaira_base_4_cross_pilot_synthesis_v1/tables/cross_pilot_harmonized_effect_sizes_v1.csv,P2_CCA_vs_LM,serum,liver_cancer
E0000808,gaira_base_4_cross_pilot_synthesis_v1,synthesis,mixed,cross_pilot,P2_CCA_vs_LM|rep=delta_sumnorm|substrate=unknown_SERS|pilot=P2_label_free_SERS_nanosensor,,cross_pilot_harmonized,G06,protein_peptide_backbone,stable,0.194,cohens_d,0.194,,,,WEAK,,/Volumes/SSD_Rad/GAIRA_BUILD/gaira_base_4_cross_pilot_synthesis_v1/tables/cross_pilot_harmonized_effect_sizes_v1.csv,P2_CCA_vs_LM,serum,liver_cancer
E0000809,gaira_base_4_cross_pilot_synthesis_v1,synthesis,mixed,cross_pilot,P2_CCA_vs_LM|rep=delta_sumnorm|substrate=unknown_SERS|pilot=P2_label_free_SERS_nanosensor,,cross_pilot_harmonized,G07,aromatic_residue,stable,0.166,cohens_d,0.166,,,,WEAK,,/Volumes/SSD_Rad/GAIRA_BUILD/gaira_base_4_cross_pilot_synthesis_v1/tables/cross_pilot_harmonized_effect_sizes_v1.csv,P2_CCA_vs_LM,serum,liver_cancer
E0000810,gaira_base_4_cross_pilot_synthesis_v1,synthesis,mixed,cross_pilot,P2_CCA_vs_LM|rep=delta_sumnorm|substrate=unknown_SERS|pilot=P2_label_free_SERS_nanosensor,,cross_pilot_harmonized,G08,lipid_acyl_membrane,down,-0.241,cohens_d,-0.241,,,,MODERATE,,/Volumes/SSD_Rad/GAIRA_BUILD/gaira_base_4_cross_pilot_synthesis_v1/tables/cross_pilot_harmonized_effect_sizes_v1.csv,P2_CCA_vs_LM,serum,liver_cancer
E0000811,gaira_base_4_cross_pilot_synthesis_v1,synthesis,mixed,cross_pilot,P2_CCA_vs_LM|rep=delta_sumnorm|substrate=unknown_SERS|pilot=P2_label_free_SERS_nanosensor,,cross_pilot_harmonized,G09,sterol_neutral_lipid,down,-0.239,cohens_d,-0.239,,,,MODERATE,,/Volumes/SSD_Rad/GAIRA_BUILD/gaira_base_4_cross_pilot_synthesis_v1/tables/cross_pilot_harmonized_effect_sizes_v1.csv,P2_CCA_vs_LM,serum,liver_cancer
E0000812,gaira_base_4_cross_pilot_synthesis_v1,synthesis,mixed,cross_pilot,P2_CCA_vs_LM|rep=delta_sumnorm|substrate=unknown_SERS|pilot=P2_label_free_SERS_nanosensor,,cross_pilot_harmonized,G10,sulfur_thiol_redox,stable,-0.151,cohens_d,-0.151,,,,WEAK,,/Volumes/SSD_Rad/GAIRA_BUILD/gaira_base_4_cross_pilot_synthesis_v1/tables/cross_pilot_harmonized_effect_sizes_v1.csv,P2_CCA_vs_LM,serum,liver_cancer
E0000813,gaira_base_4_cross_pilot_synthesis_v1,synthesis,mixed,cross_pilot,P2_CCA_vs_LM|rep=delta_sumnorm|substrate=unknown_SERS|pilot=P2_label_free_SERS_nanosensor,,cross_pilot_harmonized,G11,metabolic_small_molecule,down,-0.211,cohens_d,-0.211,,,,MODERATE,,/Volumes/SSD_Rad/GAIRA_BUILD/gaira_base_4_cross_pilot_synthesis_v1/tables/cross_pilot_harmonized_effect_sizes_v1.csv,P2_CCA_vs_LM,serum,liver_cancer
E0000814,gaira_base_4_cross_pilot_synthesis_v1,synthesis,mixed,cross_pilot,P1_HCC_vs_CTR_d_sn,,cross_pilot_axis_wide,G01,purine_nucleotide,stable,-0.095,cohens_d_wide,-0.095,,,,WEAK,,/Volumes/SSD_Rad/GAIRA_BUILD/gaira_base_4_cross_pilot_synthesis_v1/tables/cross_pilot_family_consensus_v1.csv,P1_HCC_vs_CTR,serum,liver_cancer
E0000815,gaira_base_4_cross_pilot_synthesis_v1,synthesis,mixed,cross_pilot,P2_HCC_vs_NC_d_sn,,cross_pilot_axis_wide,G01,purine_nucleotide,stable,0.048,cohens_d_wide,0.048,,,,WEAK,,/Volumes/SSD_Rad/GAIRA_BUILD/gaira_base_4_cross_pilot_synthesis_v1/tables/cross_pilot_family_consensus_v1.csv,P2_HCC_vs_NC,serum,liver_cancer
E0000816,gaira_base_4_cross_pilot_synthesis_v1,synthesis,mixed,cross_pilot,P2_CCA_vs_NC_d_sn,,cross_pilot_axis_wide,G01,purine_nucleotide,up,1.115,cohens_d_wide,1.115,,,,STRONG,,/Volumes/SSD_Rad/GAIRA_BUILD/gaira_base_4_cross_pilot_synthesis_v1/tables/cross_pilot_family_consensus_v1.csv,P2_CCA_vs_NC,serum,liver_cancer
E0000817,gaira_base_4_cross_pilot_synthesis_v1,synthesis,mixed,cross_pilot,P2_LM_vs_NC_d_sn,,cross_pilot_axis_wide,G01,purine_nucleotide,up,0.78,cohens_d_wide,0.78,,,,STRONG,,/Volumes/SSD_Rad/GAIRA_BUILD/gaira_base_4_cross_pilot_synthesis_v1/tables/cross_pilot_family_consensus_v1.csv,P2_LM_vs_NC,serum,liver_cancer
E0000818,gaira_base_4_cross_pilot_synthesis_v1,synthesis,mixed,cross_pilot,max_abs_d_disease_vs_control,,cross_pilot_axis_wide,G01,purine_nucleotide,up,1.115,cohens_d_wide,1.115,,,,STRONG,,/Volumes/SSD_Rad/GAIRA_BUILD/gaira_base_4_cross_pilot_synthesis_v1/tables/cross_pilot_family_consensus_v1.csv,cross_pilot_consensus,mixed,cross_pilot
E0000819,gaira_base_4_cross_pilot_synthesis_v1,synthesis,mixed,cross_pilot,n_disease_vs_control_with_CI,,cross_pilot_axis_wide,G01,purine_nucleotide,up,2.0,cohens_d_wide,2.0,,,,STRONG,,/Volumes/SSD_Rad/GAIRA_BUILD/gaira_base_4_cross_pilot_synthesis_v1/tables/cross_pilot_family_consensus_v1.csv,cross_pilot_consensus,mixed,cross_pilot
E0000820,gaira_base_4_cross_pilot_synthesis_v1,synthesis,mixed,cross_pilot,P1_HCC_vs_CTR_d_sn,,cross_pilot_axis_wide,G02,purine_metabolite,down,-0.28,cohens_d_wide,-0.28,,,,MODERATE,,/Volumes/SSD_Rad/GAIRA_BUILD/gaira_base_4_cross_pilot_synthesis_v1/tables/cross_pilot_family_consensus_v1.csv,P1_HCC_vs_CTR,serum,liver_cancer
E0000821,gaira_base_4_cross_pilot_synthesis_v1,synthesis,mixed,cross_pilot,P2_HCC_vs_NC_d_sn,,cross_pilot_axis_wide,G02,purine_metabolite,down,-0.388,cohens_d_wide,-0.388,,,,MODERATE,,/Volumes/SSD_Rad/GAIRA_BUILD/gaira_base_4_cross_pilot_synthesis_v1/tables/cross_pilot_family_consensus_v1.csv,P2_HCC_vs_NC,serum,liver_cancer
E0000822,gaira_base_4_cross_pilot_synthesis_v1,synthesis,mixed,cross_pilot,P2_CCA_vs_NC_d_sn,,cross_pilot_axis_wide,G02,purine_metabolite,up,0.265,cohens_d_wide,0.265,,,,MODERATE,,/Volumes/SSD_Rad/GAIRA_BUILD/gaira_base_4_cross_pilot_synthesis_v1/tables/cross_pilot_family_consensus_v1.csv,P2_CCA_vs_NC,serum,liver_cancer
E0000823,gaira_base_4_cross_pilot_synthesis_v1,synthesis,mixed,cross_pilot,P2_LM_vs_NC_d_sn,,cross_pilot_axis_wide,G02,purine_metabolite,stable,0.2,cohens_d_wide,0.2,,,,MODERATE,,/Volumes/SSD_Rad/GAIRA_BUILD/gaira_base_4_cross_pilot_synthesis_v1/tables/cross_pilot_family_consensus_v1.csv,P2_LM_vs_NC,serum,liver_cancer
E0000824,gaira_base_4_cross_pilot_synthesis_v1,synthesis,mixed,cross_pilot,max_abs_d_disease_vs_control,,cross_pilot_axis_wide,G02,purine_metabolite,up,0.388,cohens_d_wide,0.388,,,,MODERATE,,/Volumes/SSD_Rad/GAIRA_BUILD/gaira_base_4_cross_pilot_synthesis_v1/tables/cross_pilot_family_consensus_v1.csv,cross_pilot_consensus,mixed,cross_pilot
E0000825,gaira_base_4_cross_pilot_synthesis_v1,synthesis,mixed,cross_pilot,n_disease_vs_control_with_CI,,cross_pilot_axis_wide,G02,purine_metabolite,up,1.0,cohens_d_wide,1.0,,,,STRONG,,/Volumes/SSD_Rad/GAIRA_BUILD/gaira_base_4_cross_pilot_synthesis_v1/tables/cross_pilot_family_consensus_v1.csv,cross_pilot_consensus,mixed,cross_pilot
E0000826,gaira_base_4_cross_pilot_synthesis_v1,synthesis,mixed,cross_pilot,P1_HCC_vs_CTR_d_sn,,cross_pilot_axis_wide,G03,pyrimidine_nucleotide,down,-0.43,cohens_d_wide,-0.43,,,,MODERATE,,/Volumes/SSD_Rad/GAIRA_BUILD/gaira_base_4_cross_pilot_synthesis_v1/tables/cross_pilot_family_consensus_v1.csv,P1_HCC_vs_CTR,serum,liver_cancer
E0000827,gaira_base_4_cross_pilot_synthesis_v1,synthesis,mixed,cross_pilot,P2_HCC_vs_NC_d_sn,,cross_pilot_axis_wide,G03,pyrimidine_nucleotide,stable,0.048,cohens_d_wide,0.048,,,,WEAK,,/Volumes/SSD_Rad/GAIRA_BUILD/gaira_base_4_cross_pilot_synthesis_v1/tables/cross_pilot_family_consensus_v1.csv,P2_HCC_vs_NC,serum,liver_cancer
E0000828,gaira_base_4_cross_pilot_synthesis_v1,synthesis,mixed,cross_pilot,P2_CCA_vs_NC_d_sn,,cross_pilot_axis_wide,G03,pyrimidine_nucleotide,up,1.383,cohens_d_wide,1.383,,,,STRONG,,/Volumes/SSD_Rad/GAIRA_BUILD/gaira_base_4_cross_pilot_synthesis_v1/tables/cross_pilot_family_consensus_v1.csv,P2_CCA_vs_NC,serum,liver_cancer
E0000829,gaira_base_4_cross_pilot_synthesis_v1,synthesis,mixed,cross_pilot,P2_LM_vs_NC_d_sn,,cross_pilot_axis_wide,G03,pyrimidine_nucleotide,up,0.863,cohens_d_wide,0.863,,,,STRONG,,/Volumes/SSD_Rad/GAIRA_BUILD/gaira_base_4_cross_pilot_synthesis_v1/tables/cross_pilot_family_consensus_v1.csv,P2_LM_vs_NC,serum,liver_cancer
E0000830,gaira_base_4_cross_pilot_synthesis_v1,synthesis,mixed,cross_pilot,max_abs_d_disease_vs_control,,cross_pilot_axis_wide,G03,pyrimidine_nucleotide,up,1.383,cohens_d_wide,1.383,,,,STRONG,,/Volumes/SSD_Rad/GAIRA_BUILD/gaira_base_4_cross_pilot_synthesis_v1/tables/cross_pilot_family_consensus_v1.csv,cross_pilot_consensus,mixed,cross_pilot
E0000831,gaira_base_4_cross_pilot_synthesis_v1,synthesis,mixed,cross_pilot,n_disease_vs_control_with_CI,,cross_pilot_axis_wide,G03,pyrimidine_nucleotide,up,3.0,cohens_d_wide,3.0,,,,STRONG,,/Volumes/SSD_Rad/GAIRA_BUILD/gaira_base_4_cross_pilot_synthesis_v1/tables/cross_pilot_family_consensus_v1.csv,cross_pilot_consensus,mixed,cross_pilot
E0000832,gaira_base_4_cross_pilot_synthesis_v1,synthesis,mixed,cross_pilot,P1_HCC_vs_CTR_d_sn,,cross_pilot_axis_wide,G04,nucleic_acid_phosphate,up,0.533,cohens_d_wide,0.533,,,,STRONG,,/Volumes/SSD_Rad/GAIRA_BUILD/gaira_base_4_cross_pilot_synthesis_v1/tables/cross_pilot_family_consensus_v1.csv,P1_HCC_vs_CTR,serum,liver_cancer
E0000833,gaira_base_4_cross_pilot_synthesis_v1,synthesis,mixed,cross_pilot,P2_HCC_vs_NC_d_sn,,cross_pilot_axis_wide,G04,nucleic_acid_phosphate,stable,0.028,cohens_d_wide,0.028,,,,WEAK,,/Volumes/SSD_Rad/GAIRA_BUILD/gaira_base_4_cross_pilot_synthesis_v1/tables/cross_pilot_family_consensus_v1.csv,P2_HCC_vs_NC,serum,liver_cancer
E0000834,gaira_base_4_cross_pilot_synthesis_v1,synthesis,mixed,cross_pilot,P2_CCA_vs_NC_d_sn,,cross_pilot_axis_wide,G04,nucleic_acid_phosphate,up,0.761,cohens_d_wide,0.761,,,,STRONG,,/Volumes/SSD_Rad/GAIRA_BUILD/gaira_base_4_cross_pilot_synthesis_v1/tables/cross_pilot_family_consensus_v1.csv,P2_CCA_vs_NC,serum,liver_cancer
E0000835,gaira_base_4_cross_pilot_synthesis_v1,synthesis,mixed,cross_pilot,P2_LM_vs_NC_d_sn,,cross_pilot_axis_wide,G04,nucleic_acid_phosphate,up,1.027,cohens_d_wide,1.027,,,,STRONG,,/Volumes/SSD_Rad/GAIRA_BUILD/gaira_base_4_cross_pilot_synthesis_v1/tables/cross_pilot_family_consensus_v1.csv,P2_LM_vs_NC,serum,liver_cancer
E0000836,gaira_base_4_cross_pilot_synthesis_v1,synthesis,mixed,cross_pilot,max_abs_d_disease_vs_control,,cross_pilot_axis_wide,G04,nucleic_acid_phosphate,up,1.027,cohens_d_wide,1.027,,,,STRONG,,/Volumes/SSD_Rad/GAIRA_BUILD/gaira_base_4_cross_pilot_synthesis_v1/tables/cross_pilot_family_consensus_v1.csv,cross_pilot_consensus,mixed,cross_pilot
E0000837,gaira_base_4_cross_pilot_synthesis_v1,synthesis,mixed,cross_pilot,n_disease_vs_control_with_CI,,cross_pilot_axis_wide,G04,nucleic_acid_phosphate,up,3.0,cohens_d_wide,3.0,,,,STRONG,,/Volumes/SSD_Rad/GAIRA_BUILD/gaira_base_4_cross_pilot_synthesis_v1/tables/cross_pilot_family_consensus_v1.csv,cross_pilot_consensus,mixed,cross_pilot
E0000838,gaira_base_4_cross_pilot_synthesis_v1,synthesis,mixed,cross_pilot,P1_HCC_vs_CTR_d_sn,,cross_pilot_axis_wide,G05,glycan_carbohydrate,up,0.573,cohens_d_wide,0.573,,,,STRONG,,/Volumes/SSD_Rad/GAIRA_BUILD/gaira_base_4_cross_pilot_synthesis_v1/tables/cross_pilot_family_consensus_v1.csv,P1_HCC_vs_CTR,serum,liver_cancer
E0000839,gaira_base_4_cross_pilot_synthesis_v1,synthesis,mixed,cross_pilot,P2_HCC_vs_NC_d_sn,,cross_pilot_axis_wide,G05,glycan_carbohydrate,stable,0.008,cohens_d_wide,0.008,,,,WEAK,,/Volumes/SSD_Rad/GAIRA_BUILD/gaira_base_4_cross_pilot_synthesis_v1/tables/cross_pilot_family_consensus_v1.csv,P2_HCC_vs_NC,serum,liver_cancer
E0000840,gaira_base_4_cross_pilot_synthesis_v1,synthesis,mixed,cross_pilot,P2_CCA_vs_NC_d_sn,,cross_pilot_axis_wide,G05,glycan_carbohydrate,down,-1.283,cohens_d_wide,-1.283,,,,STRONG,,/Volumes/SSD_Rad/GAIRA_BUILD/gaira_base_4_cross_pilot_synthesis_v1/tables/cross_pilot_family_consensus_v1.csv,P2_CCA_vs_NC,serum,liver_cancer
E0000841,gaira_base_4_cross_pilot_synthesis_v1,synthesis,mixed,cross_pilot,P2_LM_vs_NC_d_sn,,cross_pilot_axis_wide,G05,glycan_carbohydrate,down,-1.07,cohens_d_wide,-1.07,,,,STRONG,,/Volumes/SSD_Rad/GAIRA_BUILD/gaira_base_4_cross_pilot_synthesis_v1/tables/cross_pilot_family_consensus_v1.csv,P2_LM_vs_NC,serum,liver_cancer
E0000842,gaira_base_4_cross_pilot_synthesis_v1,synthesis,mixed,cross_pilot,max_abs_d_disease_vs_control,,cross_pilot_axis_wide,G05,glycan_carbohydrate,up,1.283,cohens_d_wide,1.283,,,,STRONG,,/Volumes/SSD_Rad/GAIRA_BUILD/gaira_base_4_cross_pilot_synthesis_v1/tables/cross_pilot_family_consensus_v1.csv,cross_pilot_consensus,mixed,cross_pilot
E0000843,gaira_base_4_cross_pilot_synthesis_v1,synthesis,mixed,cross_pilot,n_disease_vs_control_with_CI,,cross_pilot_axis_wide,G05,glycan_carbohydrate,up,3.0,cohens_d_wide,3.0,,,,STRONG,,/Volumes/SSD_Rad/GAIRA_BUILD/gaira_base_4_cross_pilot_synthesis_v1/tables/cross_pilot_family_consensus_v1.csv,cross_pilot_consensus,mixed,cross_pilot
E0000844,gaira_base_4_cross_pilot_synthesis_v1,synthesis,mixed,cross_pilot,P1_HCC_vs_CTR_d_sn,,cross_pilot_axis_wide,G06,protein_peptide_backbone,stable,-0.07,cohens_d_wide,-0.07,,,,WEAK,,/Volumes/SSD_Rad/GAIRA_BUILD/gaira_base_4_cross_pilot_synthesis_v1/tables/cross_pilot_family_consensus_v1.csv,P1_HCC_vs_CTR,serum,liver_cancer
E0000845,gaira_base_4_cross_pilot_synthesis_v1,synthesis,mixed,cross_pilot,P2_HCC_vs_NC_d_sn,,cross_pilot_axis_wide,G06,protein_peptide_backbone,stable,-0.045,cohens_d_wide,-0.045,,,,WEAK,,/Volumes/SSD_Rad/GAIRA_BUILD/gaira_base_4_cross_pilot_synthesis_v1/tables/cross_pilot_family_consensus_v1.csv,P2_HCC_vs_NC,serum,liver_cancer
E0000846,gaira_base_4_cross_pilot_synthesis_v1,synthesis,mixed,cross_pilot,P2_CCA_vs_NC_d_sn,,cross_pilot_axis_wide,G06,protein_peptide_backbone,up,1.147,cohens_d_wide,1.147,,,,STRONG,,/Volumes/SSD_Rad/GAIRA_BUILD/gaira_base_4_cross_pilot_synthesis_v1/tables/cross_pilot_family_consensus_v1.csv,P2_CCA_vs_NC,serum,liver_cancer
E0000847,gaira_base_4_cross_pilot_synthesis_v1,synthesis,mixed,cross_pilot,P2_LM_vs_NC_d_sn,,cross_pilot_axis_wide,G06,protein_peptide_backbone,up,1.012,cohens_d_wide,1.012,,,,STRONG,,/Volumes/SSD_Rad/GAIRA_BUILD/gaira_base_4_cross_pilot_synthesis_v1/tables/cross_pilot_family_consensus_v1.csv,P2_LM_vs_NC,serum,liver_cancer
E0000848,gaira_base_4_cross_pilot_synthesis_v1,synthesis,mixed,cross_pilot,max_abs_d_disease_vs_control,,cross_pilot_axis_wide,G06,protein_peptide_backbone,up,1.147,cohens_d_wide,1.147,,,,STRONG,,/Volumes/SSD_Rad/GAIRA_BUILD/gaira_base_4_cross_pilot_synthesis_v1/tables/cross_pilot_family_consensus_v1.csv,cross_pilot_consensus,mixed,cross_pilot
E0000849,gaira_base_4_cross_pilot_synthesis_v1,synthesis,mixed,cross_pilot,n_disease_vs_control_with_CI,,cross_pilot_axis_wide,G06,protein_peptide_backbone,up,2.0,cohens_d_wide,2.0,,,,STRONG,,/Volumes/SSD_Rad/GAIRA_BUILD/gaira_base_4_cross_pilot_synthesis_v1/tables/cross_pilot_family_consensus_v1.csv,cross_pilot_consensus,mixed,cross_pilot
E0000850,gaira_base_4_cross_pilot_synthesis_v1,synthesis,mixed,cross_pilot,P1_HCC_vs_CTR_d_sn,,cross_pilot_axis_wide,G07,aromatic_residue,stable,-0.141,cohens_d_wide,-0.141,,,,WEAK,,/Volumes/SSD_Rad/GAIRA_BUILD/gaira_base_4_cross_pilot_synthesis_v1/tables/cross_pilot_family_consensus_v1.csv,P1_HCC_vs_CTR,serum,liver_cancer
E0000851,gaira_base_4_cross_pilot_synthesis_v1,synthesis,mixed,cross_pilot,P2_HCC_vs_NC_d_sn,,cross_pilot_axis_wide,G07,aromatic_residue,stable,0.129,cohens_d_wide,0.129,,,,WEAK,,/Volumes/SSD_Rad/GAIRA_BUILD/gaira_base_4_cross_pilot_synthesis_v1/tables/cross_pilot_family_consensus_v1.csv,P2_HCC_vs_NC,serum,liver_cancer
E0000852,gaira_base_4_cross_pilot_synthesis_v1,synthesis,mixed,cross_pilot,P2_CCA_vs_NC_d_sn,,cross_pilot_axis_wide,G07,aromatic_residue,up,1.146,cohens_d_wide,1.146,,,,STRONG,,/Volumes/SSD_Rad/GAIRA_BUILD/gaira_base_4_cross_pilot_synthesis_v1/tables/cross_pilot_family_consensus_v1.csv,P2_CCA_vs_NC,serum,liver_cancer
E0000853,gaira_base_4_cross_pilot_synthesis_v1,synthesis,mixed,cross_pilot,P2_LM_vs_NC_d_sn,,cross_pilot_axis_wide,G07,aromatic_residue,up,1.03,cohens_d_wide,1.03,,,,STRONG,,/Volumes/SSD_Rad/GAIRA_BUILD/gaira_base_4_cross_pilot_synthesis_v1/tables/cross_pilot_family_consensus_v1.csv,P2_LM_vs_NC,serum,liver_cancer
E0000854,gaira_base_4_cross_pilot_synthesis_v1,synthesis,mixed,cross_pilot,max_abs_d_disease_vs_control,,cross_pilot_axis_wide,G07,aromatic_residue,up,1.146,cohens_d_wide,1.146,,,,STRONG,,/Volumes/SSD_Rad/GAIRA_BUILD/gaira_base_4_cross_pilot_synthesis_v1/tables/cross_pilot_family_consensus_v1.csv,cross_pilot_consensus,mixed,cross_pilot
E0000855,gaira_base_4_cross_pilot_synthesis_v1,synthesis,mixed,cross_pilot,n_disease_vs_control_with_CI,,cross_pilot_axis_wide,G07,aromatic_residue,up,2.0,cohens_d_wide,2.0,,,,STRONG,,/Volumes/SSD_Rad/GAIRA_BUILD/gaira_base_4_cross_pilot_synthesis_v1/tables/cross_pilot_family_consensus_v1.csv,cross_pilot_consensus,mixed,cross_pilot
E0000856,gaira_base_4_cross_pilot_synthesis_v1,synthesis,mixed,cross_pilot,P1_HCC_vs_CTR_d_sn,,cross_pilot_axis_wide,G08,lipid_acyl_membrane,stable,0.19,cohens_d_wide,0.19,,,,WEAK,,/Volumes/SSD_Rad/GAIRA_BUILD/gaira_base_4_cross_pilot_synthesis_v1/tables/cross_pilot_family_consensus_v1.csv,P1_HCC_vs_CTR,serum,liver_cancer
E0000857,gaira_base_4_cross_pilot_synthesis_v1,synthesis,mixed,cross_pilot,P2_HCC_vs_NC_d_sn,,cross_pilot_axis_wide,G08,lipid_acyl_membrane,stable,-0.076,cohens_d_wide,-0.076,,,,WEAK,,/Volumes/SSD_Rad/GAIRA_BUILD/gaira_base_4_cross_pilot_synthesis_v1/tables/cross_pilot_family_consensus_v1.csv,P2_HCC_vs_NC,serum,liver_cancer
E0000858,gaira_base_4_cross_pilot_synthesis_v1,synthesis,mixed,cross_pilot,P2_CCA_vs_NC_d_sn,,cross_pilot_axis_wide,G08,lipid_acyl_membrane,down,-1.285,cohens_d_wide,-1.285,,,,STRONG,,/Volumes/SSD_Rad/GAIRA_BUILD/gaira_base_4_cross_pilot_synthesis_v1/tables/cross_pilot_family_consensus_v1.csv,P2_CCA_vs_NC,serum,liver_cancer
E0000859,gaira_base_4_cross_pilot_synthesis_v1,synthesis,mixed,cross_pilot,P2_LM_vs_NC_d_sn,,cross_pilot_axis_wide,G08,lipid_acyl_membrane,down,-1.02,cohens_d_wide,-1.02,,,,STRONG,,/Volumes/SSD_Rad/GAIRA_BUILD/gaira_base_4_cross_pilot_synthesis_v1/tables/cross_pilot_family_consensus_v1.csv,P2_LM_vs_NC,serum,liver_cancer
E0000860,gaira_base_4_cross_pilot_synthesis_v1,synthesis,mixed,cross_pilot,max_abs_d_disease_vs_control,,cross_pilot_axis_wide,G08,lipid_acyl_membrane,up,1.285,cohens_d_wide,1.285,,,,STRONG,,/Volumes/SSD_Rad/GAIRA_BUILD/gaira_base_4_cross_pilot_synthesis_v1/tables/cross_pilot_family_consensus_v1.csv,cross_pilot_consensus,mixed,cross_pilot
E0000861,gaira_base_4_cross_pilot_synthesis_v1,synthesis,mixed,cross_pilot,n_disease_vs_control_with_CI,,cross_pilot_axis_wide,G08,lipid_acyl_membrane,up,2.0,cohens_d_wide,2.0,,,,STRONG,,/Volumes/SSD_Rad/GAIRA_BUILD/gaira_base_4_cross_pilot_synthesis_v1/tables/cross_pilot_family_consensus_v1.csv,cross_pilot_consensus,mixed,cross_pilot
E0000862,gaira_base_4_cross_pilot_synthesis_v1,synthesis,mixed,cross_pilot,P1_HCC_vs_CTR_d_sn,,cross_pilot_axis_wide,G09,sterol_neutral_lipid,down,-0.458,cohens_d_wide,-0.458,,,,MODERATE,,/Volumes/SSD_Rad/GAIRA_BUILD/gaira_base_4_cross_pilot_synthesis_v1/tables/cross_pilot_family_consensus_v1.csv,P1_HCC_vs_CTR,serum,liver_cancer
E0000863,gaira_base_4_cross_pilot_synthesis_v1,synthesis,mixed,cross_pilot,P2_HCC_vs_NC_d_sn,,cross_pilot_axis_wide,G09,sterol_neutral_lipid,stable,-0.033,cohens_d_wide,-0.033,,,,WEAK,,/Volumes/SSD_Rad/GAIRA_BUILD/gaira_base_4_cross_pilot_synthesis_v1/tables/cross_pilot_family_consensus_v1.csv,P2_HCC_vs_NC,serum,liver_cancer
E0000864,gaira_base_4_cross_pilot_synthesis_v1,synthesis,mixed,cross_pilot,P2_CCA_vs_NC_d_sn,,cross_pilot_axis_wide,G09,sterol_neutral_lipid,down,-1.386,cohens_d_wide,-1.386,,,,STRONG,,/Volumes/SSD_Rad/GAIRA_BUILD/gaira_base_4_cross_pilot_synthesis_v1/tables/cross_pilot_family_consensus_v1.csv,P2_CCA_vs_NC,serum,liver_cancer
E0000865,gaira_base_4_cross_pilot_synthesis_v1,synthesis,mixed,cross_pilot,P2_LM_vs_NC_d_sn,,cross_pilot_axis_wide,G09,sterol_neutral_lipid,down,-1.194,cohens_d_wide,-1.194,,,,STRONG,,/Volumes/SSD_Rad/GAIRA_BUILD/gaira_base_4_cross_pilot_synthesis_v1/tables/cross_pilot_family_consensus_v1.csv,P2_LM_vs_NC,serum,liver_cancer
E0000866,gaira_base_4_cross_pilot_synthesis_v1,synthesis,mixed,cross_pilot,max_abs_d_disease_vs_control,,cross_pilot_axis_wide,G09,sterol_neutral_lipid,up,1.386,cohens_d_wide,1.386,,,,STRONG,,/Volumes/SSD_Rad/GAIRA_BUILD/gaira_base_4_cross_pilot_synthesis_v1/tables/cross_pilot_family_consensus_v1.csv,cross_pilot_consensus,mixed,cross_pilot
E0000867,gaira_base_4_cross_pilot_synthesis_v1,synthesis,mixed,cross_pilot,n_disease_vs_control_with_CI,,cross_pilot_axis_wide,G09,sterol_neutral_lipid,up,3.0,cohens_d_wide,3.0,,,,STRONG,,/Volumes/SSD_Rad/GAIRA_BUILD/gaira_base_4_cross_pilot_synthesis_v1/tables/cross_pilot_family_consensus_v1.csv,cross_pilot_consensus,mixed,cross_pilot
E0000868,gaira_base_4_cross_pilot_synthesis_v1,synthesis,mixed,cross_pilot,P1_HCC_vs_CTR_d_sn,,cross_pilot_axis_wide,G10,sulfur_thiol_redox,stable,-0.048,cohens_d_wide,-0.048,,,,WEAK,,/Volumes/SSD_Rad/GAIRA_BUILD/gaira_base_4_cross_pilot_synthesis_v1/tables/cross_pilot_family_consensus_v1.csv,P1_HCC_vs_CTR,serum,liver_cancer
E0000869,gaira_base_4_cross_pilot_synthesis_v1,synthesis,mixed,cross_pilot,P2_HCC_vs_NC_d_sn,,cross_pilot_axis_wide,G10,sulfur_thiol_redox,stable,0.141,cohens_d_wide,0.141,,,,WEAK,,/Volumes/SSD_Rad/GAIRA_BUILD/gaira_base_4_cross_pilot_synthesis_v1/tables/cross_pilot_family_consensus_v1.csv,P2_HCC_vs_NC,serum,liver_cancer
E0000870,gaira_base_4_cross_pilot_synthesis_v1,synthesis,mixed,cross_pilot,P2_CCA_vs_NC_d_sn,,cross_pilot_axis_wide,G10,sulfur_thiol_redox,stable,-0.168,cohens_d_wide,-0.168,,,,WEAK,,/Volumes/SSD_Rad/GAIRA_BUILD/gaira_base_4_cross_pilot_synthesis_v1/tables/cross_pilot_family_consensus_v1.csv,P2_CCA_vs_NC,serum,liver_cancer
E0000871,gaira_base_4_cross_pilot_synthesis_v1,synthesis,mixed,cross_pilot,P2_LM_vs_NC_d_sn,,cross_pilot_axis_wide,G10,sulfur_thiol_redox,stable,-0.028,cohens_d_wide,-0.028,,,,WEAK,,/Volumes/SSD_Rad/GAIRA_BUILD/gaira_base_4_cross_pilot_synthesis_v1/tables/cross_pilot_family_consensus_v1.csv,P2_LM_vs_NC,serum,liver_cancer
E0000872,gaira_base_4_cross_pilot_synthesis_v1,synthesis,mixed,cross_pilot,max_abs_d_disease_vs_control,,cross_pilot_axis_wide,G10,sulfur_thiol_redox,stable,0.168,cohens_d_wide,0.168,,,,WEAK,,/Volumes/SSD_Rad/GAIRA_BUILD/gaira_base_4_cross_pilot_synthesis_v1/tables/cross_pilot_family_consensus_v1.csv,cross_pilot_consensus,mixed,cross_pilot
E0000873,gaira_base_4_cross_pilot_synthesis_v1,synthesis,mixed,cross_pilot,n_disease_vs_control_with_CI,,cross_pilot_axis_wide,G10,sulfur_thiol_redox,stable,0.0,cohens_d_wide,0.0,,,,WEAK,,/Volumes/SSD_Rad/GAIRA_BUILD/gaira_base_4_cross_pilot_synthesis_v1/tables/cross_pilot_family_consensus_v1.csv,cross_pilot_consensus,mixed,cross_pilot
E0000874,gaira_base_4_cross_pilot_synthesis_v1,synthesis,mixed,cross_pilot,P1_HCC_vs_CTR_d_sn,,cross_pilot_axis_wide,G11,metabolic_small_molecule,stable,-0.04,cohens_d_wide,-0.04,,,,WEAK,,/Volumes/SSD_Rad/GAIRA_BUILD/gaira_base_4_cross_pilot_synthesis_v1/tables/cross_pilot_family_consensus_v1.csv,P1_HCC_vs_CTR,serum,liver_cancer
E0000875,gaira_base_4_cross_pilot_synthesis_v1,synthesis,mixed,cross_pilot,P2_HCC_vs_NC_d_sn,,cross_pilot_axis_wide,G11,metabolic_small_molecule,stable,0.002,cohens_d_wide,0.002,,,,WEAK,,/Volumes/SSD_Rad/GAIRA_BUILD/gaira_base_4_cross_pilot_synthesis_v1/tables/cross_pilot_family_consensus_v1.csv,P2_HCC_vs_NC,serum,liver_cancer
E0000876,gaira_base_4_cross_pilot_synthesis_v1,synthesis,mixed,cross_pilot,P2_CCA_vs_NC_d_sn,,cross_pilot_axis_wide,G11,metabolic_small_molecule,down,-0.996,cohens_d_wide,-0.996,,,,STRONG,,/Volumes/SSD_Rad/GAIRA_BUILD/gaira_base_4_cross_pilot_synthesis_v1/tables/cross_pilot_family_consensus_v1.csv,P2_CCA_vs_NC,serum,liver_cancer
E0000877,gaira_base_4_cross_pilot_synthesis_v1,synthesis,mixed,cross_pilot,P2_LM_vs_NC_d_sn,,cross_pilot_axis_wide,G11,metabolic_small_molecule,down,-0.85,cohens_d_wide,-0.85,,,,STRONG,,/Volumes/SSD_Rad/GAIRA_BUILD/gaira_base_4_cross_pilot_synthesis_v1/tables/cross_pilot_family_consensus_v1.csv,P2_LM_vs_NC,serum,liver_cancer
E0000878,gaira_base_4_cross_pilot_synthesis_v1,synthesis,mixed,cross_pilot,max_abs_d_disease_vs_control,,cross_pilot_axis_wide,G11,metabolic_small_molecule,up,0.996,cohens_d_wide,0.996,,,,STRONG,,/Volumes/SSD_Rad/GAIRA_BUILD/gaira_base_4_cross_pilot_synthesis_v1/tables/cross_pilot_family_consensus_v1.csv,cross_pilot_consensus,mixed,cross_pilot
E0000879,gaira_base_4_cross_pilot_synthesis_v1,synthesis,mixed,cross_pilot,n_disease_vs_control_with_CI,,cross_pilot_axis_wide,G11,metabolic_small_molecule,up,2.0,cohens_d_wide,2.0,,,,STRONG,,/Volumes/SSD_Rad/GAIRA_BUILD/gaira_base_4_cross_pilot_synthesis_v1/tables/cross_pilot_family_consensus_v1.csv,cross_pilot_consensus,mixed,cross_pilot
E0000880,gaira_base_4_cross_pilot_synthesis_v1,synthesis,mixed,cross_pilot,HCC_Pilot1|substrate=Gurian Ag colloid (untyped),state_map,cohort_state_map,G05,glycan_carbohydrate,up,1.0,state_map_token,,,,,MODERATE,,/Volumes/SSD_Rad/GAIRA_BUILD/gaira_base_4_cross_pilot_synthesis_v1/tables/cross_pilot_cohort_state_map_v1.csv,HCC,serum,liver_cancer
E0000881,gaira_base_4_cross_pilot_synthesis_v1,synthesis,mixed,cross_pilot,HCC_Pilot1|substrate=Gurian Ag colloid (untyped),state_map,cohort_state_map,G04,nucleic_acid_phosphate,up,1.0,state_map_token,,,,,MODERATE,,/Volumes/SSD_Rad/GAIRA_BUILD/gaira_base_4_cross_pilot_synthesis_v1/tables/cross_pilot_cohort_state_map_v1.csv,HCC,serum,liver_cancer
E0000882,gaira_base_4_cross_pilot_synthesis_v1,synthesis,mixed,cross_pilot,HCC_Pilot1|substrate=Gurian Ag colloid (untyped),state_map,cohort_state_map,G03,pyrimidine_nucleotide,down,-1.0,state_map_token,,,,,MODERATE,,/Volumes/SSD_Rad/GAIRA_BUILD/gaira_base_4_cross_pilot_synthesis_v1/tables/cross_pilot_cohort_state_map_v1.csv,HCC,serum,liver_cancer
E0000883,gaira_base_4_cross_pilot_synthesis_v1,synthesis,mixed,cross_pilot,HCC_Pilot1|substrate=Gurian Ag colloid (untyped),state_map,cohort_state_map,G09,sterol_neutral_lipid,down,-1.0,state_map_token,,,,,MODERATE,,/Volumes/SSD_Rad/GAIRA_BUILD/gaira_base_4_cross_pilot_synthesis_v1/tables/cross_pilot_cohort_state_map_v1.csv,HCC,serum,liver_cancer
E0000884,gaira_base_4_cross_pilot_synthesis_v1,synthesis,mixed,cross_pilot,HCC_Pilot2|substrate=label-free SERS nanosensor,state_map,cohort_state_map,G02,purine_metabolite,down,-1.0,state_map_token,,,,,MODERATE,,/Volumes/SSD_Rad/GAIRA_BUILD/gaira_base_4_cross_pilot_synthesis_v1/tables/cross_pilot_cohort_state_map_v1.csv,HCC,serum,liver_cancer
E0000885,gaira_base_4_cross_pilot_synthesis_v1,synthesis,mixed,cross_pilot,CCA_Pilot2|substrate=label-free SERS nanosensor,state_map,cohort_state_map,G03,pyrimidine_nucleotide,up,1.0,state_map_token,,,,,MODERATE,,/Volumes/SSD_Rad/GAIRA_BUILD/gaira_base_4_cross_pilot_synthesis_v1/tables/cross_pilot_cohort_state_map_v1.csv,CCA,serum,liver_cancer
E0000886,gaira_base_4_cross_pilot_synthesis_v1,synthesis,mixed,cross_pilot,CCA_Pilot2|substrate=label-free SERS nanosensor,state_map,cohort_state_map,G06,protein_peptide_backbone,up,1.0,state_map_token,,,,,MODERATE,,/Volumes/SSD_Rad/GAIRA_BUILD/gaira_base_4_cross_pilot_synthesis_v1/tables/cross_pilot_cohort_state_map_v1.csv,CCA,serum,liver_cancer
E0000887,gaira_base_4_cross_pilot_synthesis_v1,synthesis,mixed,cross_pilot,CCA_Pilot2|substrate=label-free SERS nanosensor,state_map,cohort_state_map,G07,aromatic_residue,up,1.0,state_map_token,,,,,MODERATE,,/Volumes/SSD_Rad/GAIRA_BUILD/gaira_base_4_cross_pilot_synthesis_v1/tables/cross_pilot_cohort_state_map_v1.csv,CCA,serum,liver_cancer
E0000888,gaira_base_4_cross_pilot_synthesis_v1,synthesis,mixed,cross_pilot,CCA_Pilot2|substrate=label-free SERS nanosensor,state_map,cohort_state_map,G01,purine_nucleotide,up,1.0,state_map_token,,,,,MODERATE,,/Volumes/SSD_Rad/GAIRA_BUILD/gaira_base_4_cross_pilot_synthesis_v1/tables/cross_pilot_cohort_state_map_v1.csv,CCA,serum,liver_cancer
E0000889,gaira_base_4_cross_pilot_synthesis_v1,synthesis,mixed,cross_pilot,CCA_Pilot2|substrate=label-free SERS nanosensor,state_map,cohort_state_map,G04,nucleic_acid_phosphate,up,1.0,state_map_token,,,,,MODERATE,,/Volumes/SSD_Rad/GAIRA_BUILD/gaira_base_4_cross_pilot_synthesis_v1/tables/cross_pilot_cohort_state_map_v1.csv,CCA,serum,liver_cancer
E0000890,gaira_base_4_cross_pilot_synthesis_v1,synthesis,mixed,cross_pilot,CCA_Pilot2|substrate=label-free SERS nanosensor,state_map,cohort_state_map,G11,metabolic_small_molecule,down,-1.0,state_map_token,,,,,MODERATE,,/Volumes/SSD_Rad/GAIRA_BUILD/gaira_base_4_cross_pilot_synthesis_v1/tables/cross_pilot_cohort_state_map_v1.csv,CCA,serum,liver_cancer
E0000891,gaira_base_4_cross_pilot_synthesis_v1,synthesis,mixed,cross_pilot,CCA_Pilot2|substrate=label-free SERS nanosensor,state_map,cohort_state_map,G05,glycan_carbohydrate,down,-1.0,state_map_token,,,,,MODERATE,,/Volumes/SSD_Rad/GAIRA_BUILD/gaira_base_4_cross_pilot_synthesis_v1/tables/cross_pilot_cohort_state_map_v1.csv,CCA,serum,liver_cancer
E0000892,gaira_base_4_cross_pilot_synthesis_v1,synthesis,mixed,cross_pilot,CCA_Pilot2|substrate=label-free SERS nanosensor,state_map,cohort_state_map,G08,lipid_acyl_membrane,down,-1.0,state_map_token,,,,,MODERATE,,/Volumes/SSD_Rad/GAIRA_BUILD/gaira_base_4_cross_pilot_synthesis_v1/tables/cross_pilot_cohort_state_map_v1.csv,CCA,serum,liver_cancer
E0000893,gaira_base_4_cross_pilot_synthesis_v1,synthesis,mixed,cross_pilot,CCA_Pilot2|substrate=label-free SERS nanosensor,state_map,cohort_state_map,G09,sterol_neutral_lipid,down,-1.0,state_map_token,,,,,MODERATE,,/Volumes/SSD_Rad/GAIRA_BUILD/gaira_base_4_cross_pilot_synthesis_v1/tables/cross_pilot_cohort_state_map_v1.csv,CCA,serum,liver_cancer
E0000894,gaira_base_4_cross_pilot_synthesis_v1,synthesis,mixed,cross_pilot,LM_Pilot2|substrate=label-free SERS nanosensor,state_map,cohort_state_map,G07,aromatic_residue,up,1.0,state_map_token,,,,,MODERATE,,/Volumes/SSD_Rad/GAIRA_BUILD/gaira_base_4_cross_pilot_synthesis_v1/tables/cross_pilot_cohort_state_map_v1.csv,cross_pilot_consensus,mixed,cross_pilot
E0000895,gaira_base_4_cross_pilot_synthesis_v1,synthesis,mixed,cross_pilot,LM_Pilot2|substrate=label-free SERS nanosensor,state_map,cohort_state_map,G04,nucleic_acid_phosphate,up,1.0,state_map_token,,,,,MODERATE,,/Volumes/SSD_Rad/GAIRA_BUILD/gaira_base_4_cross_pilot_synthesis_v1/tables/cross_pilot_cohort_state_map_v1.csv,cross_pilot_consensus,mixed,cross_pilot
E0000896,gaira_base_4_cross_pilot_synthesis_v1,synthesis,mixed,cross_pilot,LM_Pilot2|substrate=label-free SERS nanosensor,state_map,cohort_state_map,G06,protein_peptide_backbone,up,1.0,state_map_token,,,,,MODERATE,,/Volumes/SSD_Rad/GAIRA_BUILD/gaira_base_4_cross_pilot_synthesis_v1/tables/cross_pilot_cohort_state_map_v1.csv,cross_pilot_consensus,mixed,cross_pilot
E0000897,gaira_base_4_cross_pilot_synthesis_v1,synthesis,mixed,cross_pilot,LM_Pilot2|substrate=label-free SERS nanosensor,state_map,cohort_state_map,G03,pyrimidine_nucleotide,up,1.0,state_map_token,,,,,MODERATE,,/Volumes/SSD_Rad/GAIRA_BUILD/gaira_base_4_cross_pilot_synthesis_v1/tables/cross_pilot_cohort_state_map_v1.csv,cross_pilot_consensus,mixed,cross_pilot
E0000898,gaira_base_4_cross_pilot_synthesis_v1,synthesis,mixed,cross_pilot,LM_Pilot2|substrate=label-free SERS nanosensor,state_map,cohort_state_map,G01,purine_nucleotide,up,1.0,state_map_token,,,,,MODERATE,,/Volumes/SSD_Rad/GAIRA_BUILD/gaira_base_4_cross_pilot_synthesis_v1/tables/cross_pilot_cohort_state_map_v1.csv,cross_pilot_consensus,mixed,cross_pilot
E0000899,gaira_base_4_cross_pilot_synthesis_v1,synthesis,mixed,cross_pilot,LM_Pilot2|substrate=label-free SERS nanosensor,state_map,cohort_state_map,G11,metabolic_small_molecule,down,-1.0,state_map_token,,,,,MODERATE,,/Volumes/SSD_Rad/GAIRA_BUILD/gaira_base_4_cross_pilot_synthesis_v1/tables/cross_pilot_cohort_state_map_v1.csv,cross_pilot_consensus,mixed,cross_pilot
E0000900,gaira_base_4_cross_pilot_synthesis_v1,synthesis,mixed,cross_pilot,LM_Pilot2|substrate=label-free SERS nanosensor,state_map,cohort_state_map,G08,lipid_acyl_membrane,down,-1.0,state_map_token,,,,,MODERATE,,/Volumes/SSD_Rad/GAIRA_BUILD/gaira_base_4_cross_pilot_synthesis_v1/tables/cross_pilot_cohort_state_map_v1.csv,cross_pilot_consensus,mixed,cross_pilot
E0000901,gaira_base_4_cross_pilot_synthesis_v1,synthesis,mixed,cross_pilot,LM_Pilot2|substrate=label-free SERS nanosensor,state_map,cohort_state_map,G05,glycan_carbohydrate,down,-1.0,state_map_token,,,,,MODERATE,,/Volumes/SSD_Rad/GAIRA_BUILD/gaira_base_4_cross_pilot_synthesis_v1/tables/cross_pilot_cohort_state_map_v1.csv,cross_pilot_consensus,mixed,cross_pilot
E0000902,gaira_base_4_cross_pilot_synthesis_v1,synthesis,mixed,cross_pilot,LM_Pilot2|substrate=label-free SERS nanosensor,state_map,cohort_state_map,G09,sterol_neutral_lipid,down,-1.0,state_map_token,,,,,MODERATE,,/Volumes/SSD_Rad/GAIRA_BUILD/gaira_base_4_cross_pilot_synthesis_v1/tables/cross_pilot_cohort_state_map_v1.csv,cross_pilot_consensus,mixed,cross_pilot
E0000903,gaira_base_4_passive_target_pilot_3b_covid_raman,serum,serum,infection_covid,COVID_vs_Healthy|rep=abs,,binary_effect,G01,purine_nucleotide,stable,0.168,cohens_d,0.168,,,,WEAK,,/Volumes/SSD_Rad/GAIRA_BUILD/gaira_base_4_passive_target_pilot_3b_covid_raman/tables/pilot3b_effect_sizes_all.csv,COVID_vs_Healthy,serum,infection_covid
E0000904,gaira_base_4_passive_target_pilot_3b_covid_raman,serum,serum,infection_covid,COVID_vs_Healthy|rep=abs,,binary_effect,G02,purine_metabolite,up,0.464,cohens_d,0.464,,,,STRONG,,/Volumes/SSD_Rad/GAIRA_BUILD/gaira_base_4_passive_target_pilot_3b_covid_raman/tables/pilot3b_effect_sizes_all.csv,COVID_vs_Healthy,serum,infection_covid
E0000905,gaira_base_4_passive_target_pilot_3b_covid_raman,serum,serum,infection_covid,COVID_vs_Healthy|rep=abs,,binary_effect,G03,pyrimidine_nucleotide,up,0.85,cohens_d,0.85,,,,STRONG,,/Volumes/SSD_Rad/GAIRA_BUILD/gaira_base_4_passive_target_pilot_3b_covid_raman/tables/pilot3b_effect_sizes_all.csv,COVID_vs_Healthy,serum,infection_covid
E0000906,gaira_base_4_passive_target_pilot_3b_covid_raman,serum,serum,infection_covid,COVID_vs_Healthy|rep=abs,,binary_effect,G04,nucleic_acid_phosphate,up,0.317,cohens_d,0.317,,,,STRONG,,/Volumes/SSD_Rad/GAIRA_BUILD/gaira_base_4_passive_target_pilot_3b_covid_raman/tables/pilot3b_effect_sizes_all.csv,COVID_vs_Healthy,serum,infection_covid
E0000907,gaira_base_4_passive_target_pilot_3b_covid_raman,serum,serum,infection_covid,COVID_vs_Healthy|rep=abs,,binary_effect,G05,glycan_carbohydrate,up,0.274,cohens_d,0.274,,,,STRONG,,/Volumes/SSD_Rad/GAIRA_BUILD/gaira_base_4_passive_target_pilot_3b_covid_raman/tables/pilot3b_effect_sizes_all.csv,COVID_vs_Healthy,serum,infection_covid
E0000908,gaira_base_4_passive_target_pilot_3b_covid_raman,serum,serum,infection_covid,COVID_vs_Healthy|rep=abs,,binary_effect,G06,protein_peptide_backbone,down,-1.671,cohens_d,-1.671,,,,STRONG,,/Volumes/SSD_Rad/GAIRA_BUILD/gaira_base_4_passive_target_pilot_3b_covid_raman/tables/pilot3b_effect_sizes_all.csv,COVID_vs_Healthy,serum,infection_covid
E0000909,gaira_base_4_passive_target_pilot_3b_covid_raman,serum,serum,infection_covid,COVID_vs_Healthy|rep=abs,,binary_effect,G07,aromatic_residue,down,-0.555,cohens_d,-0.555,,,,STRONG,,/Volumes/SSD_Rad/GAIRA_BUILD/gaira_base_4_passive_target_pilot_3b_covid_raman/tables/pilot3b_effect_sizes_all.csv,COVID_vs_Healthy,serum,infection_covid
E0000910,gaira_base_4_passive_target_pilot_3b_covid_raman,serum,serum,infection_covid,COVID_vs_Healthy|rep=abs,,binary_effect,G08,lipid_acyl_membrane,down,-0.279,cohens_d,-0.279,,,,STRONG,,/Volumes/SSD_Rad/GAIRA_BUILD/gaira_base_4_passive_target_pilot_3b_covid_raman/tables/pilot3b_effect_sizes_all.csv,COVID_vs_Healthy,serum,infection_covid
E0000911,gaira_base_4_passive_target_pilot_3b_covid_raman,serum,serum,infection_covid,COVID_vs_Healthy|rep=abs,,binary_effect,G09,sterol_neutral_lipid,stable,-0.11,cohens_d,-0.11,,,,WEAK,,/Volumes/SSD_Rad/GAIRA_BUILD/gaira_base_4_passive_target_pilot_3b_covid_raman/tables/pilot3b_effect_sizes_all.csv,COVID_vs_Healthy,serum,infection_covid
E0000912,gaira_base_4_passive_target_pilot_3b_covid_raman,serum,serum,infection_covid,COVID_vs_Healthy|rep=abs,,binary_effect,G10,sulfur_thiol_redox,up,0.506,cohens_d,0.506,,,,STRONG,,/Volumes/SSD_Rad/GAIRA_BUILD/gaira_base_4_passive_target_pilot_3b_covid_raman/tables/pilot3b_effect_sizes_all.csv,COVID_vs_Healthy,serum,infection_covid
E0000913,gaira_base_4_passive_target_pilot_3b_covid_raman,serum,serum,infection_covid,COVID_vs_Healthy|rep=abs,,binary_effect,G11,metabolic_small_molecule,stable,0.04,cohens_d,0.04,,,,WEAK,,/Volumes/SSD_Rad/GAIRA_BUILD/gaira_base_4_passive_target_pilot_3b_covid_raman/tables/pilot3b_effect_sizes_all.csv,COVID_vs_Healthy,serum,infection_covid
E0000914,gaira_base_4_passive_target_pilot_3b_covid_raman,serum,serum,infection_covid,Suspected_vs_Healthy|rep=abs,,binary_effect,G01,purine_nucleotide,up,0.387,cohens_d,0.387,,,,STRONG,,/Volumes/SSD_Rad/GAIRA_BUILD/gaira_base_4_passive_target_pilot_3b_covid_raman/tables/pilot3b_effect_sizes_all.csv,Suspected_vs_Healthy,serum,infection_covid
E0000915,gaira_base_4_passive_target_pilot_3b_covid_raman,serum,serum,infection_covid,Suspected_vs_Healthy|rep=abs,,binary_effect,G02,purine_metabolite,up,0.31,cohens_d,0.31,,,,STRONG,,/Volumes/SSD_Rad/GAIRA_BUILD/gaira_base_4_passive_target_pilot_3b_covid_raman/tables/pilot3b_effect_sizes_all.csv,Suspected_vs_Healthy,serum,infection_covid
E0000916,gaira_base_4_passive_target_pilot_3b_covid_raman,serum,serum,infection_covid,Suspected_vs_Healthy|rep=abs,,binary_effect,G03,pyrimidine_nucleotide,up,0.322,cohens_d,0.322,,,,STRONG,,/Volumes/SSD_Rad/GAIRA_BUILD/gaira_base_4_passive_target_pilot_3b_covid_raman/tables/pilot3b_effect_sizes_all.csv,Suspected_vs_Healthy,serum,infection_covid
E0000917,gaira_base_4_passive_target_pilot_3b_covid_raman,serum,serum,infection_covid,Suspected_vs_Healthy|rep=abs,,binary_effect,G04,nucleic_acid_phosphate,up,0.319,cohens_d,0.319,,,,STRONG,,/Volumes/SSD_Rad/GAIRA_BUILD/gaira_base_4_passive_target_pilot_3b_covid_raman/tables/pilot3b_effect_sizes_all.csv,Suspected_vs_Healthy,serum,infection_covid
E0000918,gaira_base_4_passive_target_pilot_3b_covid_raman,serum,serum,infection_covid,Suspected_vs_Healthy|rep=abs,,binary_effect,G05,glycan_carbohydrate,up,0.271,cohens_d,0.271,,,,STRONG,,/Volumes/SSD_Rad/GAIRA_BUILD/gaira_base_4_passive_target_pilot_3b_covid_raman/tables/pilot3b_effect_sizes_all.csv,Suspected_vs_Healthy,serum,infection_covid
E0000919,gaira_base_4_passive_target_pilot_3b_covid_raman,serum,serum,infection_covid,Suspected_vs_Healthy|rep=abs,,binary_effect,G06,protein_peptide_backbone,up,0.415,cohens_d,0.415,,,,STRONG,,/Volumes/SSD_Rad/GAIRA_BUILD/gaira_base_4_passive_target_pilot_3b_covid_raman/tables/pilot3b_effect_sizes_all.csv,Suspected_vs_Healthy,serum,infection_covid
E0000920,gaira_base_4_passive_target_pilot_3b_covid_raman,serum,serum,infection_covid,Suspected_vs_Healthy|rep=abs,,binary_effect,G07,aromatic_residue,up,0.464,cohens_d,0.464,,,,STRONG,,/Volumes/SSD_Rad/GAIRA_BUILD/gaira_base_4_passive_target_pilot_3b_covid_raman/tables/pilot3b_effect_sizes_all.csv,Suspected_vs_Healthy,serum,infection_covid
E0000921,gaira_base_4_passive_target_pilot_3b_covid_raman,serum,serum,infection_covid,Suspected_vs_Healthy|rep=abs,,binary_effect,G08,lipid_acyl_membrane,stable,0.055,cohens_d,0.055,,,,WEAK,,/Volumes/SSD_Rad/GAIRA_BUILD/gaira_base_4_passive_target_pilot_3b_covid_raman/tables/pilot3b_effect_sizes_all.csv,Suspected_vs_Healthy,serum,infection_covid
E0000922,gaira_base_4_passive_target_pilot_3b_covid_raman,serum,serum,infection_covid,Suspected_vs_Healthy|rep=abs,,binary_effect,G09,sterol_neutral_lipid,up,0.267,cohens_d,0.267,,,,STRONG,,/Volumes/SSD_Rad/GAIRA_BUILD/gaira_base_4_passive_target_pilot_3b_covid_raman/tables/pilot3b_effect_sizes_all.csv,Suspected_vs_Healthy,serum,infection_covid
E0000923,gaira_base_4_passive_target_pilot_3b_covid_raman,serum,serum,infection_covid,Suspected_vs_Healthy|rep=abs,,binary_effect,G10,sulfur_thiol_redox,stable,0.149,cohens_d,0.149,,,,WEAK,,/Volumes/SSD_Rad/GAIRA_BUILD/gaira_base_4_passive_target_pilot_3b_covid_raman/tables/pilot3b_effect_sizes_all.csv,Suspected_vs_Healthy,serum,infection_covid
E0000924,gaira_base_4_passive_target_pilot_3b_covid_raman,serum,serum,infection_covid,Suspected_vs_Healthy|rep=abs,,binary_effect,G11,metabolic_small_molecule,up,0.264,cohens_d,0.264,,,,STRONG,,/Volumes/SSD_Rad/GAIRA_BUILD/gaira_base_4_passive_target_pilot_3b_covid_raman/tables/pilot3b_effect_sizes_all.csv,Suspected_vs_Healthy,serum,infection_covid
E0000925,gaira_base_4_passive_target_pilot_3b_covid_raman,serum,serum,infection_covid,COVID_vs_Suspected|rep=abs,,binary_effect,G01,purine_nucleotide,down,-0.255,cohens_d,-0.255,,,,STRONG,,/Volumes/SSD_Rad/GAIRA_BUILD/gaira_base_4_passive_target_pilot_3b_covid_raman/tables/pilot3b_effect_sizes_all.csv,COVID_vs_Suspected,serum,infection_covid
E0000926,gaira_base_4_passive_target_pilot_3b_covid_raman,serum,serum,infection_covid,COVID_vs_Suspected|rep=abs,,binary_effect,G02,purine_metabolite,stable,0.024,cohens_d,0.024,,,,WEAK,,/Volumes/SSD_Rad/GAIRA_BUILD/gaira_base_4_passive_target_pilot_3b_covid_raman/tables/pilot3b_effect_sizes_all.csv,COVID_vs_Suspected,serum,infection_covid
E0000927,gaira_base_4_passive_target_pilot_3b_covid_raman,serum,serum,infection_covid,COVID_vs_Suspected|rep=abs,,binary_effect,G03,pyrimidine_nucleotide,stable,0.197,cohens_d,0.197,,,,WEAK,,/Volumes/SSD_Rad/GAIRA_BUILD/gaira_base_4_passive_target_pilot_3b_covid_raman/tables/pilot3b_effect_sizes_all.csv,COVID_vs_Suspected,serum,infection_covid
E0000928,gaira_base_4_passive_target_pilot_3b_covid_raman,serum,serum,infection_covid,COVID_vs_Suspected|rep=abs,,binary_effect,G04,nucleic_acid_phosphate,stable,-0.105,cohens_d,-0.105,,,,WEAK,,/Volumes/SSD_Rad/GAIRA_BUILD/gaira_base_4_passive_target_pilot_3b_covid_raman/tables/pilot3b_effect_sizes_all.csv,COVID_vs_Suspected,serum,infection_covid
E0000929,gaira_base_4_passive_target_pilot_3b_covid_raman,serum,serum,infection_covid,COVID_vs_Suspected|rep=abs,,binary_effect,G05,glycan_carbohydrate,stable,-0.096,cohens_d,-0.096,,,,WEAK,,/Volumes/SSD_Rad/GAIRA_BUILD/gaira_base_4_passive_target_pilot_3b_covid_raman/tables/pilot3b_effect_sizes_all.csv,COVID_vs_Suspected,serum,infection_covid
E0000930,gaira_base_4_passive_target_pilot_3b_covid_raman,serum,serum,infection_covid,COVID_vs_Suspected|rep=abs,,binary_effect,G06,protein_peptide_backbone,down,-1.881,cohens_d,-1.881,,,,STRONG,,/Volumes/SSD_Rad/GAIRA_BUILD/gaira_base_4_passive_target_pilot_3b_covid_raman/tables/pilot3b_effect_sizes_all.csv,COVID_vs_Suspected,serum,infection_covid
E0000931,gaira_base_4_passive_target_pilot_3b_covid_raman,serum,serum,infection_covid,COVID_vs_Suspected|rep=abs,,binary_effect,G07,aromatic_residue,down,-0.905,cohens_d,-0.905,,,,STRONG,,/Volumes/SSD_Rad/GAIRA_BUILD/gaira_base_4_passive_target_pilot_3b_covid_raman/tables/pilot3b_effect_sizes_all.csv,COVID_vs_Suspected,serum,infection_covid
E0000932,gaira_base_4_passive_target_pilot_3b_covid_raman,serum,serum,infection_covid,COVID_vs_Suspected|rep=abs,,binary_effect,G08,lipid_acyl_membrane,down,-0.29,cohens_d,-0.29,,,,STRONG,,/Volumes/SSD_Rad/GAIRA_BUILD/gaira_base_4_passive_target_pilot_3b_covid_raman/tables/pilot3b_effect_sizes_all.csv,COVID_vs_Suspected,serum,infection_covid
E0000933,gaira_base_4_passive_target_pilot_3b_covid_raman,serum,serum,infection_covid,COVID_vs_Suspected|rep=abs,,binary_effect,G09,sterol_neutral_lipid,down,-0.348,cohens_d,-0.348,,,,STRONG,,/Volumes/SSD_Rad/GAIRA_BUILD/gaira_base_4_passive_target_pilot_3b_covid_raman/tables/pilot3b_effect_sizes_all.csv,COVID_vs_Suspected,serum,infection_covid
E0000934,gaira_base_4_passive_target_pilot_3b_covid_raman,serum,serum,infection_covid,COVID_vs_Suspected|rep=abs,,binary_effect,G10,sulfur_thiol_redox,stable,0.17,cohens_d,0.17,,,,WEAK,,/Volumes/SSD_Rad/GAIRA_BUILD/gaira_base_4_passive_target_pilot_3b_covid_raman/tables/pilot3b_effect_sizes_all.csv,COVID_vs_Suspected,serum,infection_covid
E0000935,gaira_base_4_passive_target_pilot_3b_covid_raman,serum,serum,infection_covid,COVID_vs_Suspected|rep=abs,,binary_effect,G11,metabolic_small_molecule,stable,-0.193,cohens_d,-0.193,,,,WEAK,,/Volumes/SSD_Rad/GAIRA_BUILD/gaira_base_4_passive_target_pilot_3b_covid_raman/tables/pilot3b_effect_sizes_all.csv,COVID_vs_Suspected,serum,infection_covid
E0000936,gaira_base_4_passive_target_pilot_3b_covid_raman,serum,serum,infection_covid,Tube_vs_Healthy|rep=abs,,binary_effect,G01,purine_nucleotide,stable,-0.076,cohens_d,-0.076,,,,WEAK,,/Volumes/SSD_Rad/GAIRA_BUILD/gaira_base_4_passive_target_pilot_3b_covid_raman/tables/pilot3b_effect_sizes_all.csv,Tube_QC_caution,serum,infection_covid
E0000937,gaira_base_4_passive_target_pilot_3b_covid_raman,serum,serum,infection_covid,Tube_vs_Healthy|rep=abs,,binary_effect,G02,purine_metabolite,up,0.396,cohens_d,0.396,,,,MODERATE,,/Volumes/SSD_Rad/GAIRA_BUILD/gaira_base_4_passive_target_pilot_3b_covid_raman/tables/pilot3b_effect_sizes_all.csv,Tube_QC_caution,serum,infection_covid
E0000938,gaira_base_4_passive_target_pilot_3b_covid_raman,serum,serum,infection_covid,Tube_vs_Healthy|rep=abs,,binary_effect,G03,pyrimidine_nucleotide,up,0.749,cohens_d,0.749,,,,STRONG,,/Volumes/SSD_Rad/GAIRA_BUILD/gaira_base_4_passive_target_pilot_3b_covid_raman/tables/pilot3b_effect_sizes_all.csv,Tube_QC_caution,serum,infection_covid
E0000939,gaira_base_4_passive_target_pilot_3b_covid_raman,serum,serum,infection_covid,Tube_vs_Healthy|rep=abs,,binary_effect,G04,nucleic_acid_phosphate,up,4.228,cohens_d,4.228,,,,STRONG,,/Volumes/SSD_Rad/GAIRA_BUILD/gaira_base_4_passive_target_pilot_3b_covid_raman/tables/pilot3b_effect_sizes_all.csv,Tube_QC_caution,serum,infection_covid
E0000940,gaira_base_4_passive_target_pilot_3b_covid_raman,serum,serum,infection_covid,Tube_vs_Healthy|rep=abs,,binary_effect,G05,glycan_carbohydrate,up,2.432,cohens_d,2.432,,,,STRONG,,/Volumes/SSD_Rad/GAIRA_BUILD/gaira_base_4_passive_target_pilot_3b_covid_raman/tables/pilot3b_effect_sizes_all.csv,Tube_QC_caution,serum,infection_covid
E0000941,gaira_base_4_passive_target_pilot_3b_covid_raman,serum,serum,infection_covid,Tube_vs_Healthy|rep=abs,,binary_effect,G06,protein_peptide_backbone,down,-2.318,cohens_d,-2.318,,,,STRONG,,/Volumes/SSD_Rad/GAIRA_BUILD/gaira_base_4_passive_target_pilot_3b_covid_raman/tables/pilot3b_effect_sizes_all.csv,Tube_QC_caution,serum,infection_covid
E0000942,gaira_base_4_passive_target_pilot_3b_covid_raman,serum,serum,infection_covid,Tube_vs_Healthy|rep=abs,,binary_effect,G07,aromatic_residue,down,-0.68,cohens_d,-0.68,,,,STRONG,,/Volumes/SSD_Rad/GAIRA_BUILD/gaira_base_4_passive_target_pilot_3b_covid_raman/tables/pilot3b_effect_sizes_all.csv,Tube_QC_caution,serum,infection_covid
E0000943,gaira_base_4_passive_target_pilot_3b_covid_raman,serum,serum,infection_covid,Tube_vs_Healthy|rep=abs,,binary_effect,G08,lipid_acyl_membrane,down,-3.332,cohens_d,-3.332,,,,STRONG,,/Volumes/SSD_Rad/GAIRA_BUILD/gaira_base_4_passive_target_pilot_3b_covid_raman/tables/pilot3b_effect_sizes_all.csv,Tube_QC_caution,serum,infection_covid
E0000944,gaira_base_4_passive_target_pilot_3b_covid_raman,serum,serum,infection_covid,Tube_vs_Healthy|rep=abs,,binary_effect,G09,sterol_neutral_lipid,down,-2.552,cohens_d,-2.552,,,,STRONG,,/Volumes/SSD_Rad/GAIRA_BUILD/gaira_base_4_passive_target_pilot_3b_covid_raman/tables/pilot3b_effect_sizes_all.csv,Tube_QC_caution,serum,infection_covid
E0000945,gaira_base_4_passive_target_pilot_3b_covid_raman,serum,serum,infection_covid,Tube_vs_Healthy|rep=abs,,binary_effect,G10,sulfur_thiol_redox,up,5.005,cohens_d,5.005,,,,STRONG,,/Volumes/SSD_Rad/GAIRA_BUILD/gaira_base_4_passive_target_pilot_3b_covid_raman/tables/pilot3b_effect_sizes_all.csv,Tube_QC_caution,serum,infection_covid
E0000946,gaira_base_4_passive_target_pilot_3b_covid_raman,serum,serum,infection_covid,Tube_vs_Healthy|rep=abs,,binary_effect,G11,metabolic_small_molecule,up,5.788,cohens_d,5.788,,,,STRONG,,/Volumes/SSD_Rad/GAIRA_BUILD/gaira_base_4_passive_target_pilot_3b_covid_raman/tables/pilot3b_effect_sizes_all.csv,Tube_QC_caution,serum,infection_covid
E0000947,gaira_base_4_passive_target_pilot_3b_covid_raman,serum,serum,infection_covid,Tube_vs_COVID|rep=abs,,binary_effect,G01,purine_nucleotide,down,-0.222,cohens_d,-0.222,,,,MODERATE,,/Volumes/SSD_Rad/GAIRA_BUILD/gaira_base_4_passive_target_pilot_3b_covid_raman/tables/pilot3b_effect_sizes_all.csv,Tube_QC_caution,serum,infection_covid
E0000948,gaira_base_4_passive_target_pilot_3b_covid_raman,serum,serum,infection_covid,Tube_vs_COVID|rep=abs,,binary_effect,G02,purine_metabolite,stable,-0.116,cohens_d,-0.116,,,,WEAK,,/Volumes/SSD_Rad/GAIRA_BUILD/gaira_base_4_passive_target_pilot_3b_covid_raman/tables/pilot3b_effect_sizes_all.csv,Tube_QC_caution,serum,infection_covid
E0000949,gaira_base_4_passive_target_pilot_3b_covid_raman,serum,serum,infection_covid,Tube_vs_COVID|rep=abs,,binary_effect,G03,pyrimidine_nucleotide,down,-0.226,cohens_d,-0.226,,,,MODERATE,,/Volumes/SSD_Rad/GAIRA_BUILD/gaira_base_4_passive_target_pilot_3b_covid_raman/tables/pilot3b_effect_sizes_all.csv,Tube_QC_caution,serum,infection_covid
E0000950,gaira_base_4_passive_target_pilot_3b_covid_raman,serum,serum,infection_covid,Tube_vs_COVID|rep=abs,,binary_effect,G04,nucleic_acid_phosphate,up,3.614,cohens_d,3.614,,,,STRONG,,/Volumes/SSD_Rad/GAIRA_BUILD/gaira_base_4_passive_target_pilot_3b_covid_raman/tables/pilot3b_effect_sizes_all.csv,Tube_QC_caution,serum,infection_covid
E0000951,gaira_base_4_passive_target_pilot_3b_covid_raman,serum,serum,infection_covid,Tube_vs_COVID|rep=abs,,binary_effect,G05,glycan_carbohydrate,up,2.095,cohens_d,2.095,,,,STRONG,,/Volumes/SSD_Rad/GAIRA_BUILD/gaira_base_4_passive_target_pilot_3b_covid_raman/tables/pilot3b_effect_sizes_all.csv,Tube_QC_caution,serum,infection_covid
E0000952,gaira_base_4_passive_target_pilot_3b_covid_raman,serum,serum,infection_covid,Tube_vs_COVID|rep=abs,,binary_effect,G06,protein_peptide_backbone,stable,-0.178,cohens_d,-0.178,,,,WEAK,,/Volumes/SSD_Rad/GAIRA_BUILD/gaira_base_4_passive_target_pilot_3b_covid_raman/tables/pilot3b_effect_sizes_all.csv,Tube_QC_caution,serum,infection_covid
E0000953,gaira_base_4_passive_target_pilot_3b_covid_raman,serum,serum,infection_covid,Tube_vs_COVID|rep=abs,,binary_effect,G07,aromatic_residue,stable,-0.049,cohens_d,-0.049,,,,WEAK,,/Volumes/SSD_Rad/GAIRA_BUILD/gaira_base_4_passive_target_pilot_3b_covid_raman/tables/pilot3b_effect_sizes_all.csv,Tube_QC_caution,serum,infection_covid
E0000954,gaira_base_4_passive_target_pilot_3b_covid_raman,serum,serum,infection_covid,Tube_vs_COVID|rep=abs,,binary_effect,G08,lipid_acyl_membrane,down,-3.312,cohens_d,-3.312,,,,STRONG,,/Volumes/SSD_Rad/GAIRA_BUILD/gaira_base_4_passive_target_pilot_3b_covid_raman/tables/pilot3b_effect_sizes_all.csv,Tube_QC_caution,serum,infection_covid
E0000955,gaira_base_4_passive_target_pilot_3b_covid_raman,serum,serum,infection_covid,Tube_vs_COVID|rep=abs,,binary_effect,G09,sterol_neutral_lipid,down,-2.26,cohens_d,-2.26,,,,STRONG,,/Volumes/SSD_Rad/GAIRA_BUILD/gaira_base_4_passive_target_pilot_3b_covid_raman/tables/pilot3b_effect_sizes_all.csv,Tube_QC_caution,serum,infection_covid
E0000956,gaira_base_4_passive_target_pilot_3b_covid_raman,serum,serum,infection_covid,Tube_vs_COVID|rep=abs,,binary_effect,G10,sulfur_thiol_redox,up,4.649,cohens_d,4.649,,,,STRONG,,/Volumes/SSD_Rad/GAIRA_BUILD/gaira_base_4_passive_target_pilot_3b_covid_raman/tables/pilot3b_effect_sizes_all.csv,Tube_QC_caution,serum,infection_covid
E0000957,gaira_base_4_passive_target_pilot_3b_covid_raman,serum,serum,infection_covid,Tube_vs_COVID|rep=abs,,binary_effect,G11,metabolic_small_molecule,up,3.944,cohens_d,3.944,,,,STRONG,,/Volumes/SSD_Rad/GAIRA_BUILD/gaira_base_4_passive_target_pilot_3b_covid_raman/tables/pilot3b_effect_sizes_all.csv,Tube_QC_caution,serum,infection_covid
E0000958,gaira_base_4_passive_target_pilot_3b_covid_raman,serum,serum,infection_covid,COVID_vs_Healthy|rep=sumnorm,,binary_effect,G01,purine_nucleotide,stable,0.142,cohens_d,0.142,,,,WEAK,,/Volumes/SSD_Rad/GAIRA_BUILD/gaira_base_4_passive_target_pilot_3b_covid_raman/tables/pilot3b_effect_sizes_all.csv,COVID_vs_Healthy,serum,infection_covid
E0000959,gaira_base_4_passive_target_pilot_3b_covid_raman,serum,serum,infection_covid,COVID_vs_Healthy|rep=sumnorm,,binary_effect,G02,purine_metabolite,up,0.524,cohens_d,0.524,,,,STRONG,,/Volumes/SSD_Rad/GAIRA_BUILD/gaira_base_4_passive_target_pilot_3b_covid_raman/tables/pilot3b_effect_sizes_all.csv,COVID_vs_Healthy,serum,infection_covid
E0000960,gaira_base_4_passive_target_pilot_3b_covid_raman,serum,serum,infection_covid,COVID_vs_Healthy|rep=sumnorm,,binary_effect,G03,pyrimidine_nucleotide,up,0.955,cohens_d,0.955,,,,STRONG,,/Volumes/SSD_Rad/GAIRA_BUILD/gaira_base_4_passive_target_pilot_3b_covid_raman/tables/pilot3b_effect_sizes_all.csv,COVID_vs_Healthy,serum,infection_covid
E0000961,gaira_base_4_passive_target_pilot_3b_covid_raman,serum,serum,infection_covid,COVID_vs_Healthy|rep=sumnorm,,binary_effect,G04,nucleic_acid_phosphate,up,0.275,cohens_d,0.275,,,,STRONG,,/Volumes/SSD_Rad/GAIRA_BUILD/gaira_base_4_passive_target_pilot_3b_covid_raman/tables/pilot3b_effect_sizes_all.csv,COVID_vs_Healthy,serum,infection_covid
E0000962,gaira_base_4_passive_target_pilot_3b_covid_raman,serum,serum,infection_covid,COVID_vs_Healthy|rep=sumnorm,,binary_effect,G05,glycan_carbohydrate,up,0.295,cohens_d,0.295,,,,STRONG,,/Volumes/SSD_Rad/GAIRA_BUILD/gaira_base_4_passive_target_pilot_3b_covid_raman/tables/pilot3b_effect_sizes_all.csv,COVID_vs_Healthy,serum,infection_covid
E0000963,gaira_base_4_passive_target_pilot_3b_covid_raman,serum,serum,infection_covid,COVID_vs_Healthy|rep=sumnorm,,binary_effect,G06,protein_peptide_backbone,down,-0.967,cohens_d,-0.967,,,,STRONG,,/Volumes/SSD_Rad/GAIRA_BUILD/gaira_base_4_passive_target_pilot_3b_covid_raman/tables/pilot3b_effect_sizes_all.csv,COVID_vs_Healthy,serum,infection_covid
E0000964,gaira_base_4_passive_target_pilot_3b_covid_raman,serum,serum,infection_covid,COVID_vs_Healthy|rep=sumnorm,,binary_effect,G07,aromatic_residue,down,-0.67,cohens_d,-0.67,,,,STRONG,,/Volumes/SSD_Rad/GAIRA_BUILD/gaira_base_4_passive_target_pilot_3b_covid_raman/tables/pilot3b_effect_sizes_all.csv,COVID_vs_Healthy,serum,infection_covid
E0000965,gaira_base_4_passive_target_pilot_3b_covid_raman,serum,serum,infection_covid,COVID_vs_Healthy|rep=sumnorm,,binary_effect,G08,lipid_acyl_membrane,down,-0.373,cohens_d,-0.373,,,,STRONG,,/Volumes/SSD_Rad/GAIRA_BUILD/gaira_base_4_passive_target_pilot_3b_covid_raman/tables/pilot3b_effect_sizes_all.csv,COVID_vs_Healthy,serum,infection_covid
E0000966,gaira_base_4_passive_target_pilot_3b_covid_raman,serum,serum,infection_covid,COVID_vs_Healthy|rep=sumnorm,,binary_effect,G09,sterol_neutral_lipid,down,-0.41,cohens_d,-0.41,,,,STRONG,,/Volumes/SSD_Rad/GAIRA_BUILD/gaira_base_4_passive_target_pilot_3b_covid_raman/tables/pilot3b_effect_sizes_all.csv,COVID_vs_Healthy,serum,infection_covid
E0000967,gaira_base_4_passive_target_pilot_3b_covid_raman,serum,serum,infection_covid,COVID_vs_Healthy|rep=sumnorm,,binary_effect,G10,sulfur_thiol_redox,up,0.497,cohens_d,0.497,,,,STRONG,,/Volumes/SSD_Rad/GAIRA_BUILD/gaira_base_4_passive_target_pilot_3b_covid_raman/tables/pilot3b_effect_sizes_all.csv,COVID_vs_Healthy,serum,infection_covid
E0000968,gaira_base_4_passive_target_pilot_3b_covid_raman,serum,serum,infection_covid,COVID_vs_Healthy|rep=sumnorm,,binary_effect,G11,metabolic_small_molecule,down,-0.263,cohens_d,-0.263,,,,STRONG,,/Volumes/SSD_Rad/GAIRA_BUILD/gaira_base_4_passive_target_pilot_3b_covid_raman/tables/pilot3b_effect_sizes_all.csv,COVID_vs_Healthy,serum,infection_covid
E0000969,gaira_base_4_passive_target_pilot_3b_covid_raman,serum,serum,infection_covid,Suspected_vs_Healthy|rep=sumnorm,,binary_effect,G01,purine_nucleotide,up,0.405,cohens_d,0.405,,,,STRONG,,/Volumes/SSD_Rad/GAIRA_BUILD/gaira_base_4_passive_target_pilot_3b_covid_raman/tables/pilot3b_effect_sizes_all.csv,Suspected_vs_Healthy,serum,infection_covid
E0000970,gaira_base_4_passive_target_pilot_3b_covid_raman,serum,serum,infection_covid,Suspected_vs_Healthy|rep=sumnorm,,binary_effect,G02,purine_metabolite,up,0.287,cohens_d,0.287,,,,STRONG,,/Volumes/SSD_Rad/GAIRA_BUILD/gaira_base_4_passive_target_pilot_3b_covid_raman/tables/pilot3b_effect_sizes_all.csv,Suspected_vs_Healthy,serum,infection_covid
E0000971,gaira_base_4_passive_target_pilot_3b_covid_raman,serum,serum,infection_covid,Suspected_vs_Healthy|rep=sumnorm,,binary_effect,G03,pyrimidine_nucleotide,up,0.339,cohens_d,0.339,,,,STRONG,,/Volumes/SSD_Rad/GAIRA_BUILD/gaira_base_4_passive_target_pilot_3b_covid_raman/tables/pilot3b_effect_sizes_all.csv,Suspected_vs_Healthy,serum,infection_covid
E0000972,gaira_base_4_passive_target_pilot_3b_covid_raman,serum,serum,infection_covid,Suspected_vs_Healthy|rep=sumnorm,,binary_effect,G04,nucleic_acid_phosphate,stable,0.152,cohens_d,0.152,,,,WEAK,,/Volumes/SSD_Rad/GAIRA_BUILD/gaira_base_4_passive_target_pilot_3b_covid_raman/tables/pilot3b_effect_sizes_all.csv,Suspected_vs_Healthy,serum,infection_covid
E0000973,gaira_base_4_passive_target_pilot_3b_covid_raman,serum,serum,infection_covid,Suspected_vs_Healthy|rep=sumnorm,,binary_effect,G05,glycan_carbohydrate,stable,0.143,cohens_d,0.143,,,,WEAK,,/Volumes/SSD_Rad/GAIRA_BUILD/gaira_base_4_passive_target_pilot_3b_covid_raman/tables/pilot3b_effect_sizes_all.csv,Suspected_vs_Healthy,serum,infection_covid
E0000974,gaira_base_4_passive_target_pilot_3b_covid_raman,serum,serum,infection_covid,Suspected_vs_Healthy|rep=sumnorm,,binary_effect,G06,protein_peptide_backbone,stable,-0.2,cohens_d,-0.2,,,,MODERATE,,/Volumes/SSD_Rad/GAIRA_BUILD/gaira_base_4_passive_target_pilot_3b_covid_raman/tables/pilot3b_effect_sizes_all.csv,Suspected_vs_Healthy,serum,infection_covid
E0000975,gaira_base_4_passive_target_pilot_3b_covid_raman,serum,serum,infection_covid,Suspected_vs_Healthy|rep=sumnorm,,binary_effect,G07,aromatic_residue,stable,-0.179,cohens_d,-0.179,,,,WEAK,,/Volumes/SSD_Rad/GAIRA_BUILD/gaira_base_4_passive_target_pilot_3b_covid_raman/tables/pilot3b_effect_sizes_all.csv,Suspected_vs_Healthy,serum,infection_covid
E0000976,gaira_base_4_passive_target_pilot_3b_covid_raman,serum,serum,infection_covid,Suspected_vs_Healthy|rep=sumnorm,,binary_effect,G08,lipid_acyl_membrane,down,-0.407,cohens_d,-0.407,,,,STRONG,,/Volumes/SSD_Rad/GAIRA_BUILD/gaira_base_4_passive_target_pilot_3b_covid_raman/tables/pilot3b_effect_sizes_all.csv,Suspected_vs_Healthy,serum,infection_covid
E0000977,gaira_base_4_passive_target_pilot_3b_covid_raman,serum,serum,infection_covid,Suspected_vs_Healthy|rep=sumnorm,,binary_effect,G09,sterol_neutral_lipid,down,-0.246,cohens_d,-0.246,,,,STRONG,,/Volumes/SSD_Rad/GAIRA_BUILD/gaira_base_4_passive_target_pilot_3b_covid_raman/tables/pilot3b_effect_sizes_all.csv,Suspected_vs_Healthy,serum,infection_covid
E0000978,gaira_base_4_passive_target_pilot_3b_covid_raman,serum,serum,infection_covid,Suspected_vs_Healthy|rep=sumnorm,,binary_effect,G10,sulfur_thiol_redox,stable,-0.073,cohens_d,-0.073,,,,WEAK,,/Volumes/SSD_Rad/GAIRA_BUILD/gaira_base_4_passive_target_pilot_3b_covid_raman/tables/pilot3b_effect_sizes_all.csv,Suspected_vs_Healthy,serum,infection_covid
E0000979,gaira_base_4_passive_target_pilot_3b_covid_raman,serum,serum,infection_covid,Suspected_vs_Healthy|rep=sumnorm,,binary_effect,G11,metabolic_small_molecule,down,-0.243,cohens_d,-0.243,,,,STRONG,,/Volumes/SSD_Rad/GAIRA_BUILD/gaira_base_4_passive_target_pilot_3b_covid_raman/tables/pilot3b_effect_sizes_all.csv,Suspected_vs_Healthy,serum,infection_covid
E0000980,gaira_base_4_passive_target_pilot_3b_covid_raman,serum,serum,infection_covid,COVID_vs_Suspected|rep=sumnorm,,binary_effect,G01,purine_nucleotide,down,-0.262,cohens_d,-0.262,,,,STRONG,,/Volumes/SSD_Rad/GAIRA_BUILD/gaira_base_4_passive_target_pilot_3b_covid_raman/tables/pilot3b_effect_sizes_all.csv,COVID_vs_Suspected,serum,infection_covid
E0000981,gaira_base_4_passive_target_pilot_3b_covid_raman,serum,serum,infection_covid,COVID_vs_Suspected|rep=sumnorm,,binary_effect,G02,purine_metabolite,stable,0.194,cohens_d,0.194,,,,WEAK,,/Volumes/SSD_Rad/GAIRA_BUILD/gaira_base_4_passive_target_pilot_3b_covid_raman/tables/pilot3b_effect_sizes_all.csv,COVID_vs_Suspected,serum,infection_covid
E0000982,gaira_base_4_passive_target_pilot_3b_covid_raman,serum,serum,infection_covid,COVID_vs_Suspected|rep=sumnorm,,binary_effect,G03,pyrimidine_nucleotide,up,0.362,cohens_d,0.362,,,,STRONG,,/Volumes/SSD_Rad/GAIRA_BUILD/gaira_base_4_passive_target_pilot_3b_covid_raman/tables/pilot3b_effect_sizes_all.csv,COVID_vs_Suspected,serum,infection_covid
E0000983,gaira_base_4_passive_target_pilot_3b_covid_raman,serum,serum,infection_covid,COVID_vs_Suspected|rep=sumnorm,,binary_effect,G04,nucleic_acid_phosphate,stable,0.135,cohens_d,0.135,,,,WEAK,,/Volumes/SSD_Rad/GAIRA_BUILD/gaira_base_4_passive_target_pilot_3b_covid_raman/tables/pilot3b_effect_sizes_all.csv,COVID_vs_Suspected,serum,infection_covid
E0000984,gaira_base_4_passive_target_pilot_3b_covid_raman,serum,serum,infection_covid,COVID_vs_Suspected|rep=sumnorm,,binary_effect,G05,glycan_carbohydrate,stable,0.1,cohens_d,0.1,,,,WEAK,,/Volumes/SSD_Rad/GAIRA_BUILD/gaira_base_4_passive_target_pilot_3b_covid_raman/tables/pilot3b_effect_sizes_all.csv,COVID_vs_Suspected,serum,infection_covid
E0000985,gaira_base_4_passive_target_pilot_3b_covid_raman,serum,serum,infection_covid,COVID_vs_Suspected|rep=sumnorm,,binary_effect,G06,protein_peptide_backbone,down,-0.636,cohens_d,-0.636,,,,STRONG,,/Volumes/SSD_Rad/GAIRA_BUILD/gaira_base_4_passive_target_pilot_3b_covid_raman/tables/pilot3b_effect_sizes_all.csv,COVID_vs_Suspected,serum,infection_covid
E0000986,gaira_base_4_passive_target_pilot_3b_covid_raman,serum,serum,infection_covid,COVID_vs_Suspected|rep=sumnorm,,binary_effect,G07,aromatic_residue,down,-0.312,cohens_d,-0.312,,,,STRONG,,/Volumes/SSD_Rad/GAIRA_BUILD/gaira_base_4_passive_target_pilot_3b_covid_raman/tables/pilot3b_effect_sizes_all.csv,COVID_vs_Suspected,serum,infection_covid
E0000987,gaira_base_4_passive_target_pilot_3b_covid_raman,serum,serum,infection_covid,COVID_vs_Suspected|rep=sumnorm,,binary_effect,G08,lipid_acyl_membrane,stable,0.019,cohens_d,0.019,,,,WEAK,,/Volumes/SSD_Rad/GAIRA_BUILD/gaira_base_4_passive_target_pilot_3b_covid_raman/tables/pilot3b_effect_sizes_all.csv,COVID_vs_Suspected,serum,infection_covid
E0000988,gaira_base_4_passive_target_pilot_3b_covid_raman,serum,serum,infection_covid,COVID_vs_Suspected|rep=sumnorm,,binary_effect,G09,sterol_neutral_lipid,stable,-0.146,cohens_d,-0.146,,,,WEAK,,/Volumes/SSD_Rad/GAIRA_BUILD/gaira_base_4_passive_target_pilot_3b_covid_raman/tables/pilot3b_effect_sizes_all.csv,COVID_vs_Suspected,serum,infection_covid
E0000989,gaira_base_4_passive_target_pilot_3b_covid_raman,serum,serum,infection_covid,COVID_vs_Suspected|rep=sumnorm,,binary_effect,G10,sulfur_thiol_redox,up,0.579,cohens_d,0.579,,,,STRONG,,/Volumes/SSD_Rad/GAIRA_BUILD/gaira_base_4_passive_target_pilot_3b_covid_raman/tables/pilot3b_effect_sizes_all.csv,COVID_vs_Suspected,serum,infection_covid
E0000990,gaira_base_4_passive_target_pilot_3b_covid_raman,serum,serum,infection_covid,COVID_vs_Suspected|rep=sumnorm,,binary_effect,G11,metabolic_small_molecule,stable,0.039,cohens_d,0.039,,,,WEAK,,/Volumes/SSD_Rad/GAIRA_BUILD/gaira_base_4_passive_target_pilot_3b_covid_raman/tables/pilot3b_effect_sizes_all.csv,COVID_vs_Suspected,serum,infection_covid
E0000991,gaira_base_4_passive_target_pilot_3b_covid_raman,serum,serum,infection_covid,Tube_vs_Healthy|rep=sumnorm,,binary_effect,G01,purine_nucleotide,down,-0.266,cohens_d,-0.266,,,,MODERATE,,/Volumes/SSD_Rad/GAIRA_BUILD/gaira_base_4_passive_target_pilot_3b_covid_raman/tables/pilot3b_effect_sizes_all.csv,Tube_QC_caution,serum,infection_covid
E0000992,gaira_base_4_passive_target_pilot_3b_covid_raman,serum,serum,infection_covid,Tube_vs_Healthy|rep=sumnorm,,binary_effect,G02,purine_metabolite,stable,-0.076,cohens_d,-0.076,,,,WEAK,,/Volumes/SSD_Rad/GAIRA_BUILD/gaira_base_4_passive_target_pilot_3b_covid_raman/tables/pilot3b_effect_sizes_all.csv,Tube_QC_caution,serum,infection_covid
E0000993,gaira_base_4_passive_target_pilot_3b_covid_raman,serum,serum,infection_covid,Tube_vs_Healthy|rep=sumnorm,,binary_effect,G03,pyrimidine_nucleotide,up,0.789,cohens_d,0.789,,,,STRONG,,/Volumes/SSD_Rad/GAIRA_BUILD/gaira_base_4_passive_target_pilot_3b_covid_raman/tables/pilot3b_effect_sizes_all.csv,Tube_QC_caution,serum,infection_covid
E0000994,gaira_base_4_passive_target_pilot_3b_covid_raman,serum,serum,infection_covid,Tube_vs_Healthy|rep=sumnorm,,binary_effect,G04,nucleic_acid_phosphate,up,4.118,cohens_d,4.118,,,,STRONG,,/Volumes/SSD_Rad/GAIRA_BUILD/gaira_base_4_passive_target_pilot_3b_covid_raman/tables/pilot3b_effect_sizes_all.csv,Tube_QC_caution,serum,infection_covid
E0000995,gaira_base_4_passive_target_pilot_3b_covid_raman,serum,serum,infection_covid,Tube_vs_Healthy|rep=sumnorm,,binary_effect,G05,glycan_carbohydrate,up,2.585,cohens_d,2.585,,,,STRONG,,/Volumes/SSD_Rad/GAIRA_BUILD/gaira_base_4_passive_target_pilot_3b_covid_raman/tables/pilot3b_effect_sizes_all.csv,Tube_QC_caution,serum,infection_covid
E0000996,gaira_base_4_passive_target_pilot_3b_covid_raman,serum,serum,infection_covid,Tube_vs_Healthy|rep=sumnorm,,binary_effect,G06,protein_peptide_backbone,down,-2.831,cohens_d,-2.831,,,,STRONG,,/Volumes/SSD_Rad/GAIRA_BUILD/gaira_base_4_passive_target_pilot_3b_covid_raman/tables/pilot3b_effect_sizes_all.csv,Tube_QC_caution,serum,infection_covid
E0000997,gaira_base_4_passive_target_pilot_3b_covid_raman,serum,serum,infection_covid,Tube_vs_Healthy|rep=sumnorm,,binary_effect,G07,aromatic_residue,down,-2.779,cohens_d,-2.779,,,,STRONG,,/Volumes/SSD_Rad/GAIRA_BUILD/gaira_base_4_passive_target_pilot_3b_covid_raman/tables/pilot3b_effect_sizes_all.csv,Tube_QC_caution,serum,infection_covid
E0000998,gaira_base_4_passive_target_pilot_3b_covid_raman,serum,serum,infection_covid,Tube_vs_Healthy|rep=sumnorm,,binary_effect,G08,lipid_acyl_membrane,down,-4.272,cohens_d,-4.272,,,,STRONG,,/Volumes/SSD_Rad/GAIRA_BUILD/gaira_base_4_passive_target_pilot_3b_covid_raman/tables/pilot3b_effect_sizes_all.csv,Tube_QC_caution,serum,infection_covid
E0000999,gaira_base_4_passive_target_pilot_3b_covid_raman,serum,serum,infection_covid,Tube_vs_Healthy|rep=sumnorm,,binary_effect,G09,sterol_neutral_lipid,down,-4.598,cohens_d,-4.598,,,,STRONG,,/Volumes/SSD_Rad/GAIRA_BUILD/gaira_base_4_passive_target_pilot_3b_covid_raman/tables/pilot3b_effect_sizes_all.csv,Tube_QC_caution,serum,infection_covid
E0001000,gaira_base_4_passive_target_pilot_3b_covid_raman,serum,serum,infection_covid,Tube_vs_Healthy|rep=sumnorm,,binary_effect,G10,sulfur_thiol_redox,up,4.654,cohens_d,4.654,,,,STRONG,,/Volumes/SSD_Rad/GAIRA_BUILD/gaira_base_4_passive_target_pilot_3b_covid_raman/tables/pilot3b_effect_sizes_all.csv,Tube_QC_caution,serum,infection_covid
E0001001,gaira_base_4_passive_target_pilot_3b_covid_raman,serum,serum,infection_covid,Tube_vs_Healthy|rep=sumnorm,,binary_effect,G11,metabolic_small_molecule,up,2.643,cohens_d,2.643,,,,STRONG,,/Volumes/SSD_Rad/GAIRA_BUILD/gaira_base_4_passive_target_pilot_3b_covid_raman/tables/pilot3b_effect_sizes_all.csv,Tube_QC_caution,serum,infection_covid
E0001002,gaira_base_4_passive_target_pilot_3b_covid_raman,serum,serum,infection_covid,Tube_vs_COVID|rep=sumnorm,,binary_effect,G01,purine_nucleotide,down,-0.358,cohens_d,-0.358,,,,STRONG,,/Volumes/SSD_Rad/GAIRA_BUILD/gaira_base_4_passive_target_pilot_3b_covid_raman/tables/pilot3b_effect_sizes_all.csv,Tube_QC_caution,serum,infection_covid
E0001003,gaira_base_4_passive_target_pilot_3b_covid_raman,serum,serum,infection_covid,Tube_vs_COVID|rep=sumnorm,,binary_effect,G02,purine_metabolite,down,-0.53,cohens_d,-0.53,,,,STRONG,,/Volumes/SSD_Rad/GAIRA_BUILD/gaira_base_4_passive_target_pilot_3b_covid_raman/tables/pilot3b_effect_sizes_all.csv,Tube_QC_caution,serum,infection_covid
E0001004,gaira_base_4_passive_target_pilot_3b_covid_raman,serum,serum,infection_covid,Tube_vs_COVID|rep=sumnorm,,binary_effect,G03,pyrimidine_nucleotide,down,-0.283,cohens_d,-0.283,,,,MODERATE,,/Volumes/SSD_Rad/GAIRA_BUILD/gaira_base_4_passive_target_pilot_3b_covid_raman/tables/pilot3b_effect_sizes_all.csv,Tube_QC_caution,serum,infection_covid
E0001005,gaira_base_4_passive_target_pilot_3b_covid_raman,serum,serum,infection_covid,Tube_vs_COVID|rep=sumnorm,,binary_effect,G04,nucleic_acid_phosphate,up,5.183,cohens_d,5.183,,,,STRONG,,/Volumes/SSD_Rad/GAIRA_BUILD/gaira_base_4_passive_target_pilot_3b_covid_raman/tables/pilot3b_effect_sizes_all.csv,Tube_QC_caution,serum,infection_covid
E0001006,gaira_base_4_passive_target_pilot_3b_covid_raman,serum,serum,infection_covid,Tube_vs_COVID|rep=sumnorm,,binary_effect,G05,glycan_carbohydrate,up,2.809,cohens_d,2.809,,,,STRONG,,/Volumes/SSD_Rad/GAIRA_BUILD/gaira_base_4_passive_target_pilot_3b_covid_raman/tables/pilot3b_effect_sizes_all.csv,Tube_QC_caution,serum,infection_covid
E0001007,gaira_base_4_passive_target_pilot_3b_covid_raman,serum,serum,infection_covid,Tube_vs_COVID|rep=sumnorm,,binary_effect,G06,protein_peptide_backbone,down,-1.059,cohens_d,-1.059,,,,STRONG,,/Volumes/SSD_Rad/GAIRA_BUILD/gaira_base_4_passive_target_pilot_3b_covid_raman/tables/pilot3b_effect_sizes_all.csv,Tube_QC_caution,serum,infection_covid
E0001008,gaira_base_4_passive_target_pilot_3b_covid_raman,serum,serum,infection_covid,Tube_vs_COVID|rep=sumnorm,,binary_effect,G07,aromatic_residue,down,-1.622,cohens_d,-1.622,,,,STRONG,,/Volumes/SSD_Rad/GAIRA_BUILD/gaira_base_4_passive_target_pilot_3b_covid_raman/tables/pilot3b_effect_sizes_all.csv,Tube_QC_caution,serum,infection_covid
E0001009,gaira_base_4_passive_target_pilot_3b_covid_raman,serum,serum,infection_covid,Tube_vs_COVID|rep=sumnorm,,binary_effect,G08,lipid_acyl_membrane,down,-2.854,cohens_d,-2.854,,,,STRONG,,/Volumes/SSD_Rad/GAIRA_BUILD/gaira_base_4_passive_target_pilot_3b_covid_raman/tables/pilot3b_effect_sizes_all.csv,Tube_QC_caution,serum,infection_covid
E0001010,gaira_base_4_passive_target_pilot_3b_covid_raman,serum,serum,infection_covid,Tube_vs_COVID|rep=sumnorm,,binary_effect,G09,sterol_neutral_lipid,down,-4.167,cohens_d,-4.167,,,,STRONG,,/Volumes/SSD_Rad/GAIRA_BUILD/gaira_base_4_passive_target_pilot_3b_covid_raman/tables/pilot3b_effect_sizes_all.csv,Tube_QC_caution,serum,infection_covid
E0001011,gaira_base_4_passive_target_pilot_3b_covid_raman,serum,serum,infection_covid,Tube_vs_COVID|rep=sumnorm,,binary_effect,G10,sulfur_thiol_redox,up,4.9,cohens_d,4.9,,,,STRONG,,/Volumes/SSD_Rad/GAIRA_BUILD/gaira_base_4_passive_target_pilot_3b_covid_raman/tables/pilot3b_effect_sizes_all.csv,Tube_QC_caution,serum,infection_covid
E0001012,gaira_base_4_passive_target_pilot_3b_covid_raman,serum,serum,infection_covid,Tube_vs_COVID|rep=sumnorm,,binary_effect,G11,metabolic_small_molecule,up,3.097,cohens_d,3.097,,,,STRONG,,/Volumes/SSD_Rad/GAIRA_BUILD/gaira_base_4_passive_target_pilot_3b_covid_raman/tables/pilot3b_effect_sizes_all.csv,Tube_QC_caution,serum,infection_covid
E0001013,gaira_base_4_passive_target_pilot_3b_covid_raman,serum,serum,infection_covid,COVID_vs_Healthy|rep=clr,,binary_effect,G01,purine_nucleotide,down,-0.792,cohens_d,-0.792,,,,STRONG,,/Volumes/SSD_Rad/GAIRA_BUILD/gaira_base_4_passive_target_pilot_3b_covid_raman/tables/pilot3b_effect_sizes_all.csv,COVID_vs_Healthy,serum,infection_covid
E0001014,gaira_base_4_passive_target_pilot_3b_covid_raman,serum,serum,infection_covid,COVID_vs_Healthy|rep=clr,,binary_effect,G02,purine_metabolite,down,-1.397,cohens_d,-1.397,,,,STRONG,,/Volumes/SSD_Rad/GAIRA_BUILD/gaira_base_4_passive_target_pilot_3b_covid_raman/tables/pilot3b_effect_sizes_all.csv,COVID_vs_Healthy,serum,infection_covid
E0001015,gaira_base_4_passive_target_pilot_3b_covid_raman,serum,serum,infection_covid,COVID_vs_Healthy|rep=clr,,binary_effect,G03,pyrimidine_nucleotide,up,1.474,cohens_d,1.474,,,,STRONG,,/Volumes/SSD_Rad/GAIRA_BUILD/gaira_base_4_passive_target_pilot_3b_covid_raman/tables/pilot3b_effect_sizes_all.csv,COVID_vs_Healthy,serum,infection_covid
E0001016,gaira_base_4_passive_target_pilot_3b_covid_raman,serum,serum,infection_covid,COVID_vs_Healthy|rep=clr,,binary_effect,G04,nucleic_acid_phosphate,down,-1.245,cohens_d,-1.245,,,,STRONG,,/Volumes/SSD_Rad/GAIRA_BUILD/gaira_base_4_passive_target_pilot_3b_covid_raman/tables/pilot3b_effect_sizes_all.csv,COVID_vs_Healthy,serum,infection_covid
E0001017,gaira_base_4_passive_target_pilot_3b_covid_raman,serum,serum,infection_covid,COVID_vs_Healthy|rep=clr,,binary_effect,G05,glycan_carbohydrate,down,-1.276,cohens_d,-1.276,,,,STRONG,,/Volumes/SSD_Rad/GAIRA_BUILD/gaira_base_4_passive_target_pilot_3b_covid_raman/tables/pilot3b_effect_sizes_all.csv,COVID_vs_Healthy,serum,infection_covid
E0001018,gaira_base_4_passive_target_pilot_3b_covid_raman,serum,serum,infection_covid,COVID_vs_Healthy|rep=clr,,binary_effect,G06,protein_peptide_backbone,down,-1.26,cohens_d,-1.26,,,,STRONG,,/Volumes/SSD_Rad/GAIRA_BUILD/gaira_base_4_passive_target_pilot_3b_covid_raman/tables/pilot3b_effect_sizes_all.csv,COVID_vs_Healthy,serum,infection_covid
E0001019,gaira_base_4_passive_target_pilot_3b_covid_raman,serum,serum,infection_covid,COVID_vs_Healthy|rep=clr,,binary_effect,G07,aromatic_residue,down,-1.251,cohens_d,-1.251,,,,STRONG,,/Volumes/SSD_Rad/GAIRA_BUILD/gaira_base_4_passive_target_pilot_3b_covid_raman/tables/pilot3b_effect_sizes_all.csv,COVID_vs_Healthy,serum,infection_covid
E0001020,gaira_base_4_passive_target_pilot_3b_covid_raman,serum,serum,infection_covid,COVID_vs_Healthy|rep=clr,,binary_effect,G08,lipid_acyl_membrane,down,-1.229,cohens_d,-1.229,,,,STRONG,,/Volumes/SSD_Rad/GAIRA_BUILD/gaira_base_4_passive_target_pilot_3b_covid_raman/tables/pilot3b_effect_sizes_all.csv,COVID_vs_Healthy,serum,infection_covid
E0001021,gaira_base_4_passive_target_pilot_3b_covid_raman,serum,serum,infection_covid,COVID_vs_Healthy|rep=clr,,binary_effect,G09,sterol_neutral_lipid,down,-1.259,cohens_d,-1.259,,,,STRONG,,/Volumes/SSD_Rad/GAIRA_BUILD/gaira_base_4_passive_target_pilot_3b_covid_raman/tables/pilot3b_effect_sizes_all.csv,COVID_vs_Healthy,serum,infection_covid
E0001022,gaira_base_4_passive_target_pilot_3b_covid_raman,serum,serum,infection_covid,COVID_vs_Healthy|rep=clr,,binary_effect,G10,sulfur_thiol_redox,down,-1.194,cohens_d,-1.194,,,,STRONG,,/Volumes/SSD_Rad/GAIRA_BUILD/gaira_base_4_passive_target_pilot_3b_covid_raman/tables/pilot3b_effect_sizes_all.csv,COVID_vs_Healthy,serum,infection_covid
E0001023,gaira_base_4_passive_target_pilot_3b_covid_raman,serum,serum,infection_covid,COVID_vs_Healthy|rep=clr,,binary_effect,G11,metabolic_small_molecule,down,-1.249,cohens_d,-1.249,,,,STRONG,,/Volumes/SSD_Rad/GAIRA_BUILD/gaira_base_4_passive_target_pilot_3b_covid_raman/tables/pilot3b_effect_sizes_all.csv,COVID_vs_Healthy,serum,infection_covid
E0001024,gaira_base_4_passive_target_pilot_3b_covid_raman,serum,serum,infection_covid,Suspected_vs_Healthy|rep=clr,,binary_effect,G01,purine_nucleotide,stable,-0.051,cohens_d,-0.051,,,,WEAK,,/Volumes/SSD_Rad/GAIRA_BUILD/gaira_base_4_passive_target_pilot_3b_covid_raman/tables/pilot3b_effect_sizes_all.csv,Suspected_vs_Healthy,serum,infection_covid
E0001025,gaira_base_4_passive_target_pilot_3b_covid_raman,serum,serum,infection_covid,Suspected_vs_Healthy|rep=clr,,binary_effect,G02,purine_metabolite,down,-0.268,cohens_d,-0.268,,,,STRONG,,/Volumes/SSD_Rad/GAIRA_BUILD/gaira_base_4_passive_target_pilot_3b_covid_raman/tables/pilot3b_effect_sizes_all.csv,Suspected_vs_Healthy,serum,infection_covid
E0001026,gaira_base_4_passive_target_pilot_3b_covid_raman,serum,serum,infection_covid,Suspected_vs_Healthy|rep=clr,,binary_effect,G03,pyrimidine_nucleotide,up,0.276,cohens_d,0.276,,,,STRONG,,/Volumes/SSD_Rad/GAIRA_BUILD/gaira_base_4_passive_target_pilot_3b_covid_raman/tables/pilot3b_effect_sizes_all.csv,Suspected_vs_Healthy,serum,infection_covid
E0001027,gaira_base_4_passive_target_pilot_3b_covid_raman,serum,serum,infection_covid,Suspected_vs_Healthy|rep=clr,,binary_effect,G04,nucleic_acid_phosphate,down,-0.279,cohens_d,-0.279,,,,STRONG,,/Volumes/SSD_Rad/GAIRA_BUILD/gaira_base_4_passive_target_pilot_3b_covid_raman/tables/pilot3b_effect_sizes_all.csv,Suspected_vs_Healthy,serum,infection_covid
E0001028,gaira_base_4_passive_target_pilot_3b_covid_raman,serum,serum,infection_covid,Suspected_vs_Healthy|rep=clr,,binary_effect,G05,glycan_carbohydrate,down,-0.289,cohens_d,-0.289,,,,STRONG,,/Volumes/SSD_Rad/GAIRA_BUILD/gaira_base_4_passive_target_pilot_3b_covid_raman/tables/pilot3b_effect_sizes_all.csv,Suspected_vs_Healthy,serum,infection_covid
E0001029,gaira_base_4_passive_target_pilot_3b_covid_raman,serum,serum,infection_covid,Suspected_vs_Healthy|rep=clr,,binary_effect,G06,protein_peptide_backbone,down,-0.288,cohens_d,-0.288,,,,STRONG,,/Volumes/SSD_Rad/GAIRA_BUILD/gaira_base_4_passive_target_pilot_3b_covid_raman/tables/pilot3b_effect_sizes_all.csv,Suspected_vs_Healthy,serum,infection_covid
E0001030,gaira_base_4_passive_target_pilot_3b_covid_raman,serum,serum,infection_covid,Suspected_vs_Healthy|rep=clr,,binary_effect,G07,aromatic_residue,down,-0.287,cohens_d,-0.287,,,,STRONG,,/Volumes/SSD_Rad/GAIRA_BUILD/gaira_base_4_passive_target_pilot_3b_covid_raman/tables/pilot3b_effect_sizes_all.csv,Suspected_vs_Healthy,serum,infection_covid
E0001031,gaira_base_4_passive_target_pilot_3b_covid_raman,serum,serum,infection_covid,Suspected_vs_Healthy|rep=clr,,binary_effect,G08,lipid_acyl_membrane,down,-0.305,cohens_d,-0.305,,,,STRONG,,/Volumes/SSD_Rad/GAIRA_BUILD/gaira_base_4_passive_target_pilot_3b_covid_raman/tables/pilot3b_effect_sizes_all.csv,Suspected_vs_Healthy,serum,infection_covid
E0001032,gaira_base_4_passive_target_pilot_3b_covid_raman,serum,serum,infection_covid,Suspected_vs_Healthy|rep=clr,,binary_effect,G09,sterol_neutral_lipid,down,-0.294,cohens_d,-0.294,,,,STRONG,,/Volumes/SSD_Rad/GAIRA_BUILD/gaira_base_4_passive_target_pilot_3b_covid_raman/tables/pilot3b_effect_sizes_all.csv,Suspected_vs_Healthy,serum,infection_covid
E0001033,gaira_base_4_passive_target_pilot_3b_covid_raman,serum,serum,infection_covid,Suspected_vs_Healthy|rep=clr,,binary_effect,G10,sulfur_thiol_redox,down,-0.299,cohens_d,-0.299,,,,STRONG,,/Volumes/SSD_Rad/GAIRA_BUILD/gaira_base_4_passive_target_pilot_3b_covid_raman/tables/pilot3b_effect_sizes_all.csv,Suspected_vs_Healthy,serum,infection_covid
E0001034,gaira_base_4_passive_target_pilot_3b_covid_raman,serum,serum,infection_covid,Suspected_vs_Healthy|rep=clr,,binary_effect,G11,metabolic_small_molecule,down,-0.291,cohens_d,-0.291,,,,STRONG,,/Volumes/SSD_Rad/GAIRA_BUILD/gaira_base_4_passive_target_pilot_3b_covid_raman/tables/pilot3b_effect_sizes_all.csv,Suspected_vs_Healthy,serum,infection_covid
E0001035,gaira_base_4_passive_target_pilot_3b_covid_raman,serum,serum,infection_covid,COVID_vs_Suspected|rep=clr,,binary_effect,G01,purine_nucleotide,down,-0.776,cohens_d,-0.776,,,,STRONG,,/Volumes/SSD_Rad/GAIRA_BUILD/gaira_base_4_passive_target_pilot_3b_covid_raman/tables/pilot3b_effect_sizes_all.csv,COVID_vs_Suspected,serum,infection_covid
E0001036,gaira_base_4_passive_target_pilot_3b_covid_raman,serum,serum,infection_covid,COVID_vs_Suspected|rep=clr,,binary_effect,G02,purine_metabolite,down,-1.053,cohens_d,-1.053,,,,STRONG,,/Volumes/SSD_Rad/GAIRA_BUILD/gaira_base_4_passive_target_pilot_3b_covid_raman/tables/pilot3b_effect_sizes_all.csv,COVID_vs_Suspected,serum,infection_covid
E0001037,gaira_base_4_passive_target_pilot_3b_covid_raman,serum,serum,infection_covid,COVID_vs_Suspected|rep=clr,,binary_effect,G03,pyrimidine_nucleotide,up,1.076,cohens_d,1.076,,,,STRONG,,/Volumes/SSD_Rad/GAIRA_BUILD/gaira_base_4_passive_target_pilot_3b_covid_raman/tables/pilot3b_effect_sizes_all.csv,COVID_vs_Suspected,serum,infection_covid
E0001038,gaira_base_4_passive_target_pilot_3b_covid_raman,serum,serum,infection_covid,COVID_vs_Suspected|rep=clr,,binary_effect,G04,nucleic_acid_phosphate,down,-0.913,cohens_d,-0.913,,,,STRONG,,/Volumes/SSD_Rad/GAIRA_BUILD/gaira_base_4_passive_target_pilot_3b_covid_raman/tables/pilot3b_effect_sizes_all.csv,COVID_vs_Suspected,serum,infection_covid
E0001039,gaira_base_4_passive_target_pilot_3b_covid_raman,serum,serum,infection_covid,COVID_vs_Suspected|rep=clr,,binary_effect,G05,glycan_carbohydrate,down,-0.934,cohens_d,-0.934,,,,STRONG,,/Volumes/SSD_Rad/GAIRA_BUILD/gaira_base_4_passive_target_pilot_3b_covid_raman/tables/pilot3b_effect_sizes_all.csv,COVID_vs_Suspected,serum,infection_covid
E0001040,gaira_base_4_passive_target_pilot_3b_covid_raman,serum,serum,infection_covid,COVID_vs_Suspected|rep=clr,,binary_effect,G06,protein_peptide_backbone,down,-0.902,cohens_d,-0.902,,,,STRONG,,/Volumes/SSD_Rad/GAIRA_BUILD/gaira_base_4_passive_target_pilot_3b_covid_raman/tables/pilot3b_effect_sizes_all.csv,COVID_vs_Suspected,serum,infection_covid
E0001041,gaira_base_4_passive_target_pilot_3b_covid_raman,serum,serum,infection_covid,COVID_vs_Suspected|rep=clr,,binary_effect,G07,aromatic_residue,down,-0.884,cohens_d,-0.884,,,,STRONG,,/Volumes/SSD_Rad/GAIRA_BUILD/gaira_base_4_passive_target_pilot_3b_covid_raman/tables/pilot3b_effect_sizes_all.csv,COVID_vs_Suspected,serum,infection_covid
E0001042,gaira_base_4_passive_target_pilot_3b_covid_raman,serum,serum,infection_covid,COVID_vs_Suspected|rep=clr,,binary_effect,G08,lipid_acyl_membrane,down,-0.86,cohens_d,-0.86,,,,STRONG,,/Volumes/SSD_Rad/GAIRA_BUILD/gaira_base_4_passive_target_pilot_3b_covid_raman/tables/pilot3b_effect_sizes_all.csv,COVID_vs_Suspected,serum,infection_covid
E0001043,gaira_base_4_passive_target_pilot_3b_covid_raman,serum,serum,infection_covid,COVID_vs_Suspected|rep=clr,,binary_effect,G09,sterol_neutral_lipid,down,-0.892,cohens_d,-0.892,,,,STRONG,,/Volumes/SSD_Rad/GAIRA_BUILD/gaira_base_4_passive_target_pilot_3b_covid_raman/tables/pilot3b_effect_sizes_all.csv,COVID_vs_Suspected,serum,infection_covid
E0001044,gaira_base_4_passive_target_pilot_3b_covid_raman,serum,serum,infection_covid,COVID_vs_Suspected|rep=clr,,binary_effect,G10,sulfur_thiol_redox,down,-0.852,cohens_d,-0.852,,,,STRONG,,/Volumes/SSD_Rad/GAIRA_BUILD/gaira_base_4_passive_target_pilot_3b_covid_raman/tables/pilot3b_effect_sizes_all.csv,COVID_vs_Suspected,serum,infection_covid
E0001045,gaira_base_4_passive_target_pilot_3b_covid_raman,serum,serum,infection_covid,COVID_vs_Suspected|rep=clr,,binary_effect,G11,metabolic_small_molecule,down,-0.876,cohens_d,-0.876,,,,STRONG,,/Volumes/SSD_Rad/GAIRA_BUILD/gaira_base_4_passive_target_pilot_3b_covid_raman/tables/pilot3b_effect_sizes_all.csv,COVID_vs_Suspected,serum,infection_covid
E0001046,gaira_base_4_passive_target_pilot_3b_covid_raman,serum,serum,infection_covid,Tube_vs_Healthy|rep=clr,,binary_effect,G01,purine_nucleotide,down,-2.696,cohens_d,-2.696,,,,STRONG,,/Volumes/SSD_Rad/GAIRA_BUILD/gaira_base_4_passive_target_pilot_3b_covid_raman/tables/pilot3b_effect_sizes_all.csv,Tube_QC_caution,serum,infection_covid
E0001047,gaira_base_4_passive_target_pilot_3b_covid_raman,serum,serum,infection_covid,Tube_vs_Healthy|rep=clr,,binary_effect,G02,purine_metabolite,down,-2.362,cohens_d,-2.362,,,,STRONG,,/Volumes/SSD_Rad/GAIRA_BUILD/gaira_base_4_passive_target_pilot_3b_covid_raman/tables/pilot3b_effect_sizes_all.csv,Tube_QC_caution,serum,infection_covid
E0001048,gaira_base_4_passive_target_pilot_3b_covid_raman,serum,serum,infection_covid,Tube_vs_Healthy|rep=clr,,binary_effect,G03,pyrimidine_nucleotide,up,2.105,cohens_d,2.105,,,,STRONG,,/Volumes/SSD_Rad/GAIRA_BUILD/gaira_base_4_passive_target_pilot_3b_covid_raman/tables/pilot3b_effect_sizes_all.csv,Tube_QC_caution,serum,infection_covid
E0001049,gaira_base_4_passive_target_pilot_3b_covid_raman,serum,serum,infection_covid,Tube_vs_Healthy|rep=clr,,binary_effect,G04,nucleic_acid_phosphate,down,-1.702,cohens_d,-1.702,,,,STRONG,,/Volumes/SSD_Rad/GAIRA_BUILD/gaira_base_4_passive_target_pilot_3b_covid_raman/tables/pilot3b_effect_sizes_all.csv,Tube_QC_caution,serum,infection_covid
E0001050,gaira_base_4_passive_target_pilot_3b_covid_raman,serum,serum,infection_covid,Tube_vs_Healthy|rep=clr,,binary_effect,G05,glycan_carbohydrate,down,-1.89,cohens_d,-1.89,,,,STRONG,,/Volumes/SSD_Rad/GAIRA_BUILD/gaira_base_4_passive_target_pilot_3b_covid_raman/tables/pilot3b_effect_sizes_all.csv,Tube_QC_caution,serum,infection_covid
E0001051,gaira_base_4_passive_target_pilot_3b_covid_raman,serum,serum,infection_covid,Tube_vs_Healthy|rep=clr,,binary_effect,G06,protein_peptide_backbone,down,-2.144,cohens_d,-2.144,,,,STRONG,,/Volumes/SSD_Rad/GAIRA_BUILD/gaira_base_4_passive_target_pilot_3b_covid_raman/tables/pilot3b_effect_sizes_all.csv,Tube_QC_caution,serum,infection_covid
E0001052,gaira_base_4_passive_target_pilot_3b_covid_raman,serum,serum,infection_covid,Tube_vs_Healthy|rep=clr,,binary_effect,G07,aromatic_residue,down,-2.123,cohens_d,-2.123,,,,STRONG,,/Volumes/SSD_Rad/GAIRA_BUILD/gaira_base_4_passive_target_pilot_3b_covid_raman/tables/pilot3b_effect_sizes_all.csv,Tube_QC_caution,serum,infection_covid
E0001053,gaira_base_4_passive_target_pilot_3b_covid_raman,serum,serum,infection_covid,Tube_vs_Healthy|rep=clr,,binary_effect,G08,lipid_acyl_membrane,down,-2.308,cohens_d,-2.308,,,,STRONG,,/Volumes/SSD_Rad/GAIRA_BUILD/gaira_base_4_passive_target_pilot_3b_covid_raman/tables/pilot3b_effect_sizes_all.csv,Tube_QC_caution,serum,infection_covid
E0001054,gaira_base_4_passive_target_pilot_3b_covid_raman,serum,serum,infection_covid,Tube_vs_Healthy|rep=clr,,binary_effect,G09,sterol_neutral_lipid,down,-2.323,cohens_d,-2.323,,,,STRONG,,/Volumes/SSD_Rad/GAIRA_BUILD/gaira_base_4_passive_target_pilot_3b_covid_raman/tables/pilot3b_effect_sizes_all.csv,Tube_QC_caution,serum,infection_covid
E0001055,gaira_base_4_passive_target_pilot_3b_covid_raman,serum,serum,infection_covid,Tube_vs_Healthy|rep=clr,,binary_effect,G10,sulfur_thiol_redox,down,-1.374,cohens_d,-1.374,,,,STRONG,,/Volumes/SSD_Rad/GAIRA_BUILD/gaira_base_4_passive_target_pilot_3b_covid_raman/tables/pilot3b_effect_sizes_all.csv,Tube_QC_caution,serum,infection_covid
E0001056,gaira_base_4_passive_target_pilot_3b_covid_raman,serum,serum,infection_covid,Tube_vs_Healthy|rep=clr,,binary_effect,G11,metabolic_small_molecule,down,-1.788,cohens_d,-1.788,,,,STRONG,,/Volumes/SSD_Rad/GAIRA_BUILD/gaira_base_4_passive_target_pilot_3b_covid_raman/tables/pilot3b_effect_sizes_all.csv,Tube_QC_caution,serum,infection_covid
E0001057,gaira_base_4_passive_target_pilot_3b_covid_raman,serum,serum,infection_covid,Tube_vs_COVID|rep=clr,,binary_effect,G01,purine_nucleotide,stable,-0.033,cohens_d,-0.033,,,,WEAK,,/Volumes/SSD_Rad/GAIRA_BUILD/gaira_base_4_passive_target_pilot_3b_covid_raman/tables/pilot3b_effect_sizes_all.csv,Tube_QC_caution,serum,infection_covid
E0001058,gaira_base_4_passive_target_pilot_3b_covid_raman,serum,serum,infection_covid,Tube_vs_COVID|rep=clr,,binary_effect,G02,purine_metabolite,down,-0.617,cohens_d,-0.617,,,,STRONG,,/Volumes/SSD_Rad/GAIRA_BUILD/gaira_base_4_passive_target_pilot_3b_covid_raman/tables/pilot3b_effect_sizes_all.csv,Tube_QC_caution,serum,infection_covid
E0001059,gaira_base_4_passive_target_pilot_3b_covid_raman,serum,serum,infection_covid,Tube_vs_COVID|rep=clr,,binary_effect,G03,pyrimidine_nucleotide,up,0.415,cohens_d,0.415,,,,STRONG,,/Volumes/SSD_Rad/GAIRA_BUILD/gaira_base_4_passive_target_pilot_3b_covid_raman/tables/pilot3b_effect_sizes_all.csv,Tube_QC_caution,serum,infection_covid
E0001060,gaira_base_4_passive_target_pilot_3b_covid_raman,serum,serum,infection_covid,Tube_vs_COVID|rep=clr,,binary_effect,G04,nucleic_acid_phosphate,stable,-0.156,cohens_d,-0.156,,,,WEAK,,/Volumes/SSD_Rad/GAIRA_BUILD/gaira_base_4_passive_target_pilot_3b_covid_raman/tables/pilot3b_effect_sizes_all.csv,Tube_QC_caution,serum,infection_covid
E0001061,gaira_base_4_passive_target_pilot_3b_covid_raman,serum,serum,infection_covid,Tube_vs_COVID|rep=clr,,binary_effect,G05,glycan_carbohydrate,down,-0.253,cohens_d,-0.253,,,,STRONG,,/Volumes/SSD_Rad/GAIRA_BUILD/gaira_base_4_passive_target_pilot_3b_covid_raman/tables/pilot3b_effect_sizes_all.csv,Tube_QC_caution,serum,infection_covid
E0001062,gaira_base_4_passive_target_pilot_3b_covid_raman,serum,serum,infection_covid,Tube_vs_COVID|rep=clr,,binary_effect,G06,protein_peptide_backbone,down,-0.463,cohens_d,-0.463,,,,STRONG,,/Volumes/SSD_Rad/GAIRA_BUILD/gaira_base_4_passive_target_pilot_3b_covid_raman/tables/pilot3b_effect_sizes_all.csv,Tube_QC_caution,serum,infection_covid
E0001063,gaira_base_4_passive_target_pilot_3b_covid_raman,serum,serum,infection_covid,Tube_vs_COVID|rep=clr,,binary_effect,G07,aromatic_residue,down,-0.472,cohens_d,-0.472,,,,STRONG,,/Volumes/SSD_Rad/GAIRA_BUILD/gaira_base_4_passive_target_pilot_3b_covid_raman/tables/pilot3b_effect_sizes_all.csv,Tube_QC_caution,serum,infection_covid
E0001064,gaira_base_4_passive_target_pilot_3b_covid_raman,serum,serum,infection_covid,Tube_vs_COVID|rep=clr,,binary_effect,G08,lipid_acyl_membrane,down,-0.61,cohens_d,-0.61,,,,STRONG,,/Volumes/SSD_Rad/GAIRA_BUILD/gaira_base_4_passive_target_pilot_3b_covid_raman/tables/pilot3b_effect_sizes_all.csv,Tube_QC_caution,serum,infection_covid
E0001065,gaira_base_4_passive_target_pilot_3b_covid_raman,serum,serum,infection_covid,Tube_vs_COVID|rep=clr,,binary_effect,G09,sterol_neutral_lipid,down,-0.618,cohens_d,-0.618,,,,STRONG,,/Volumes/SSD_Rad/GAIRA_BUILD/gaira_base_4_passive_target_pilot_3b_covid_raman/tables/pilot3b_effect_sizes_all.csv,Tube_QC_caution,serum,infection_covid
E0001066,gaira_base_4_passive_target_pilot_3b_covid_raman,serum,serum,infection_covid,Tube_vs_COVID|rep=clr,,binary_effect,G10,sulfur_thiol_redox,stable,0.033,cohens_d,0.033,,,,WEAK,,/Volumes/SSD_Rad/GAIRA_BUILD/gaira_base_4_passive_target_pilot_3b_covid_raman/tables/pilot3b_effect_sizes_all.csv,Tube_QC_caution,serum,infection_covid
E0001067,gaira_base_4_passive_target_pilot_3b_covid_raman,serum,serum,infection_covid,Tube_vs_COVID|rep=clr,,binary_effect,G11,metabolic_small_molecule,down,-0.25,cohens_d,-0.25,,,,STRONG,,/Volumes/SSD_Rad/GAIRA_BUILD/gaira_base_4_passive_target_pilot_3b_covid_raman/tables/pilot3b_effect_sizes_all.csv,Tube_QC_caution,serum,infection_covid
E0001068,gaira_base_4_passive_target_pilot_3b_covid_raman,serum,serum,infection_covid,COVID_vs_Healthy|rep=delta_raw,,binary_effect,G01,purine_nucleotide,stable,0.168,cohens_d,0.168,,,,WEAK,,/Volumes/SSD_Rad/GAIRA_BUILD/gaira_base_4_passive_target_pilot_3b_covid_raman/tables/pilot3b_effect_sizes_all.csv,COVID_vs_Healthy,serum,infection_covid
E0001069,gaira_base_4_passive_target_pilot_3b_covid_raman,serum,serum,infection_covid,COVID_vs_Healthy|rep=delta_raw,,binary_effect,G02,purine_metabolite,up,0.464,cohens_d,0.464,,,,STRONG,,/Volumes/SSD_Rad/GAIRA_BUILD/gaira_base_4_passive_target_pilot_3b_covid_raman/tables/pilot3b_effect_sizes_all.csv,COVID_vs_Healthy,serum,infection_covid
E0001070,gaira_base_4_passive_target_pilot_3b_covid_raman,serum,serum,infection_covid,COVID_vs_Healthy|rep=delta_raw,,binary_effect,G03,pyrimidine_nucleotide,up,0.85,cohens_d,0.85,,,,STRONG,,/Volumes/SSD_Rad/GAIRA_BUILD/gaira_base_4_passive_target_pilot_3b_covid_raman/tables/pilot3b_effect_sizes_all.csv,COVID_vs_Healthy,serum,infection_covid
E0001071,gaira_base_4_passive_target_pilot_3b_covid_raman,serum,serum,infection_covid,COVID_vs_Healthy|rep=delta_raw,,binary_effect,G04,nucleic_acid_phosphate,up,0.317,cohens_d,0.317,,,,STRONG,,/Volumes/SSD_Rad/GAIRA_BUILD/gaira_base_4_passive_target_pilot_3b_covid_raman/tables/pilot3b_effect_sizes_all.csv,COVID_vs_Healthy,serum,infection_covid
E0001072,gaira_base_4_passive_target_pilot_3b_covid_raman,serum,serum,infection_covid,COVID_vs_Healthy|rep=delta_raw,,binary_effect,G05,glycan_carbohydrate,up,0.274,cohens_d,0.274,,,,STRONG,,/Volumes/SSD_Rad/GAIRA_BUILD/gaira_base_4_passive_target_pilot_3b_covid_raman/tables/pilot3b_effect_sizes_all.csv,COVID_vs_Healthy,serum,infection_covid
E0001073,gaira_base_4_passive_target_pilot_3b_covid_raman,serum,serum,infection_covid,COVID_vs_Healthy|rep=delta_raw,,binary_effect,G06,protein_peptide_backbone,down,-1.671,cohens_d,-1.671,,,,STRONG,,/Volumes/SSD_Rad/GAIRA_BUILD/gaira_base_4_passive_target_pilot_3b_covid_raman/tables/pilot3b_effect_sizes_all.csv,COVID_vs_Healthy,serum,infection_covid
E0001074,gaira_base_4_passive_target_pilot_3b_covid_raman,serum,serum,infection_covid,COVID_vs_Healthy|rep=delta_raw,,binary_effect,G07,aromatic_residue,down,-0.555,cohens_d,-0.555,,,,STRONG,,/Volumes/SSD_Rad/GAIRA_BUILD/gaira_base_4_passive_target_pilot_3b_covid_raman/tables/pilot3b_effect_sizes_all.csv,COVID_vs_Healthy,serum,infection_covid
E0001075,gaira_base_4_passive_target_pilot_3b_covid_raman,serum,serum,infection_covid,COVID_vs_Healthy|rep=delta_raw,,binary_effect,G08,lipid_acyl_membrane,down,-0.279,cohens_d,-0.279,,,,STRONG,,/Volumes/SSD_Rad/GAIRA_BUILD/gaira_base_4_passive_target_pilot_3b_covid_raman/tables/pilot3b_effect_sizes_all.csv,COVID_vs_Healthy,serum,infection_covid
E0001076,gaira_base_4_passive_target_pilot_3b_covid_raman,serum,serum,infection_covid,COVID_vs_Healthy|rep=delta_raw,,binary_effect,G09,sterol_neutral_lipid,stable,-0.11,cohens_d,-0.11,,,,WEAK,,/Volumes/SSD_Rad/GAIRA_BUILD/gaira_base_4_passive_target_pilot_3b_covid_raman/tables/pilot3b_effect_sizes_all.csv,COVID_vs_Healthy,serum,infection_covid
E0001077,gaira_base_4_passive_target_pilot_3b_covid_raman,serum,serum,infection_covid,COVID_vs_Healthy|rep=delta_raw,,binary_effect,G10,sulfur_thiol_redox,up,0.506,cohens_d,0.506,,,,STRONG,,/Volumes/SSD_Rad/GAIRA_BUILD/gaira_base_4_passive_target_pilot_3b_covid_raman/tables/pilot3b_effect_sizes_all.csv,COVID_vs_Healthy,serum,infection_covid
E0001078,gaira_base_4_passive_target_pilot_3b_covid_raman,serum,serum,infection_covid,COVID_vs_Healthy|rep=delta_raw,,binary_effect,G11,metabolic_small_molecule,stable,0.04,cohens_d,0.04,,,,WEAK,,/Volumes/SSD_Rad/GAIRA_BUILD/gaira_base_4_passive_target_pilot_3b_covid_raman/tables/pilot3b_effect_sizes_all.csv,COVID_vs_Healthy,serum,infection_covid
E0001079,gaira_base_4_passive_target_pilot_3b_covid_raman,serum,serum,infection_covid,Suspected_vs_Healthy|rep=delta_raw,,binary_effect,G01,purine_nucleotide,up,0.387,cohens_d,0.387,,,,STRONG,,/Volumes/SSD_Rad/GAIRA_BUILD/gaira_base_4_passive_target_pilot_3b_covid_raman/tables/pilot3b_effect_sizes_all.csv,Suspected_vs_Healthy,serum,infection_covid
E0001080,gaira_base_4_passive_target_pilot_3b_covid_raman,serum,serum,infection_covid,Suspected_vs_Healthy|rep=delta_raw,,binary_effect,G02,purine_metabolite,up,0.31,cohens_d,0.31,,,,STRONG,,/Volumes/SSD_Rad/GAIRA_BUILD/gaira_base_4_passive_target_pilot_3b_covid_raman/tables/pilot3b_effect_sizes_all.csv,Suspected_vs_Healthy,serum,infection_covid
E0001081,gaira_base_4_passive_target_pilot_3b_covid_raman,serum,serum,infection_covid,Suspected_vs_Healthy|rep=delta_raw,,binary_effect,G03,pyrimidine_nucleotide,up,0.322,cohens_d,0.322,,,,STRONG,,/Volumes/SSD_Rad/GAIRA_BUILD/gaira_base_4_passive_target_pilot_3b_covid_raman/tables/pilot3b_effect_sizes_all.csv,Suspected_vs_Healthy,serum,infection_covid
E0001082,gaira_base_4_passive_target_pilot_3b_covid_raman,serum,serum,infection_covid,Suspected_vs_Healthy|rep=delta_raw,,binary_effect,G04,nucleic_acid_phosphate,up,0.319,cohens_d,0.319,,,,STRONG,,/Volumes/SSD_Rad/GAIRA_BUILD/gaira_base_4_passive_target_pilot_3b_covid_raman/tables/pilot3b_effect_sizes_all.csv,Suspected_vs_Healthy,serum,infection_covid
E0001083,gaira_base_4_passive_target_pilot_3b_covid_raman,serum,serum,infection_covid,Suspected_vs_Healthy|rep=delta_raw,,binary_effect,G05,glycan_carbohydrate,up,0.271,cohens_d,0.271,,,,STRONG,,/Volumes/SSD_Rad/GAIRA_BUILD/gaira_base_4_passive_target_pilot_3b_covid_raman/tables/pilot3b_effect_sizes_all.csv,Suspected_vs_Healthy,serum,infection_covid
E0001084,gaira_base_4_passive_target_pilot_3b_covid_raman,serum,serum,infection_covid,Suspected_vs_Healthy|rep=delta_raw,,binary_effect,G06,protein_peptide_backbone,up,0.415,cohens_d,0.415,,,,STRONG,,/Volumes/SSD_Rad/GAIRA_BUILD/gaira_base_4_passive_target_pilot_3b_covid_raman/tables/pilot3b_effect_sizes_all.csv,Suspected_vs_Healthy,serum,infection_covid
E0001085,gaira_base_4_passive_target_pilot_3b_covid_raman,serum,serum,infection_covid,Suspected_vs_Healthy|rep=delta_raw,,binary_effect,G07,aromatic_residue,up,0.464,cohens_d,0.464,,,,STRONG,,/Volumes/SSD_Rad/GAIRA_BUILD/gaira_base_4_passive_target_pilot_3b_covid_raman/tables/pilot3b_effect_sizes_all.csv,Suspected_vs_Healthy,serum,infection_covid
E0001086,gaira_base_4_passive_target_pilot_3b_covid_raman,serum,serum,infection_covid,Suspected_vs_Healthy|rep=delta_raw,,binary_effect,G08,lipid_acyl_membrane,stable,0.055,cohens_d,0.055,,,,WEAK,,/Volumes/SSD_Rad/GAIRA_BUILD/gaira_base_4_passive_target_pilot_3b_covid_raman/tables/pilot3b_effect_sizes_all.csv,Suspected_vs_Healthy,serum,infection_covid
E0001087,gaira_base_4_passive_target_pilot_3b_covid_raman,serum,serum,infection_covid,Suspected_vs_Healthy|rep=delta_raw,,binary_effect,G09,sterol_neutral_lipid,up,0.267,cohens_d,0.267,,,,STRONG,,/Volumes/SSD_Rad/GAIRA_BUILD/gaira_base_4_passive_target_pilot_3b_covid_raman/tables/pilot3b_effect_sizes_all.csv,Suspected_vs_Healthy,serum,infection_covid
E0001088,gaira_base_4_passive_target_pilot_3b_covid_raman,serum,serum,infection_covid,Suspected_vs_Healthy|rep=delta_raw,,binary_effect,G10,sulfur_thiol_redox,stable,0.149,cohens_d,0.149,,,,WEAK,,/Volumes/SSD_Rad/GAIRA_BUILD/gaira_base_4_passive_target_pilot_3b_covid_raman/tables/pilot3b_effect_sizes_all.csv,Suspected_vs_Healthy,serum,infection_covid
E0001089,gaira_base_4_passive_target_pilot_3b_covid_raman,serum,serum,infection_covid,Suspected_vs_Healthy|rep=delta_raw,,binary_effect,G11,metabolic_small_molecule,up,0.264,cohens_d,0.264,,,,STRONG,,/Volumes/SSD_Rad/GAIRA_BUILD/gaira_base_4_passive_target_pilot_3b_covid_raman/tables/pilot3b_effect_sizes_all.csv,Suspected_vs_Healthy,serum,infection_covid
E0001090,gaira_base_4_passive_target_pilot_3b_covid_raman,serum,serum,infection_covid,COVID_vs_Suspected|rep=delta_raw,,binary_effect,G01,purine_nucleotide,down,-0.255,cohens_d,-0.255,,,,STRONG,,/Volumes/SSD_Rad/GAIRA_BUILD/gaira_base_4_passive_target_pilot_3b_covid_raman/tables/pilot3b_effect_sizes_all.csv,COVID_vs_Suspected,serum,infection_covid
E0001091,gaira_base_4_passive_target_pilot_3b_covid_raman,serum,serum,infection_covid,COVID_vs_Suspected|rep=delta_raw,,binary_effect,G02,purine_metabolite,stable,0.024,cohens_d,0.024,,,,WEAK,,/Volumes/SSD_Rad/GAIRA_BUILD/gaira_base_4_passive_target_pilot_3b_covid_raman/tables/pilot3b_effect_sizes_all.csv,COVID_vs_Suspected,serum,infection_covid
E0001092,gaira_base_4_passive_target_pilot_3b_covid_raman,serum,serum,infection_covid,COVID_vs_Suspected|rep=delta_raw,,binary_effect,G03,pyrimidine_nucleotide,stable,0.197,cohens_d,0.197,,,,WEAK,,/Volumes/SSD_Rad/GAIRA_BUILD/gaira_base_4_passive_target_pilot_3b_covid_raman/tables/pilot3b_effect_sizes_all.csv,COVID_vs_Suspected,serum,infection_covid
E0001093,gaira_base_4_passive_target_pilot_3b_covid_raman,serum,serum,infection_covid,COVID_vs_Suspected|rep=delta_raw,,binary_effect,G04,nucleic_acid_phosphate,stable,-0.105,cohens_d,-0.105,,,,WEAK,,/Volumes/SSD_Rad/GAIRA_BUILD/gaira_base_4_passive_target_pilot_3b_covid_raman/tables/pilot3b_effect_sizes_all.csv,COVID_vs_Suspected,serum,infection_covid
E0001094,gaira_base_4_passive_target_pilot_3b_covid_raman,serum,serum,infection_covid,COVID_vs_Suspected|rep=delta_raw,,binary_effect,G05,glycan_carbohydrate,stable,-0.096,cohens_d,-0.096,,,,WEAK,,/Volumes/SSD_Rad/GAIRA_BUILD/gaira_base_4_passive_target_pilot_3b_covid_raman/tables/pilot3b_effect_sizes_all.csv,COVID_vs_Suspected,serum,infection_covid
E0001095,gaira_base_4_passive_target_pilot_3b_covid_raman,serum,serum,infection_covid,COVID_vs_Suspected|rep=delta_raw,,binary_effect,G06,protein_peptide_backbone,down,-1.881,cohens_d,-1.881,,,,STRONG,,/Volumes/SSD_Rad/GAIRA_BUILD/gaira_base_4_passive_target_pilot_3b_covid_raman/tables/pilot3b_effect_sizes_all.csv,COVID_vs_Suspected,serum,infection_covid
E0001096,gaira_base_4_passive_target_pilot_3b_covid_raman,serum,serum,infection_covid,COVID_vs_Suspected|rep=delta_raw,,binary_effect,G07,aromatic_residue,down,-0.905,cohens_d,-0.905,,,,STRONG,,/Volumes/SSD_Rad/GAIRA_BUILD/gaira_base_4_passive_target_pilot_3b_covid_raman/tables/pilot3b_effect_sizes_all.csv,COVID_vs_Suspected,serum,infection_covid
E0001097,gaira_base_4_passive_target_pilot_3b_covid_raman,serum,serum,infection_covid,COVID_vs_Suspected|rep=delta_raw,,binary_effect,G08,lipid_acyl_membrane,down,-0.29,cohens_d,-0.29,,,,STRONG,,/Volumes/SSD_Rad/GAIRA_BUILD/gaira_base_4_passive_target_pilot_3b_covid_raman/tables/pilot3b_effect_sizes_all.csv,COVID_vs_Suspected,serum,infection_covid
E0001098,gaira_base_4_passive_target_pilot_3b_covid_raman,serum,serum,infection_covid,COVID_vs_Suspected|rep=delta_raw,,binary_effect,G09,sterol_neutral_lipid,down,-0.348,cohens_d,-0.348,,,,STRONG,,/Volumes/SSD_Rad/GAIRA_BUILD/gaira_base_4_passive_target_pilot_3b_covid_raman/tables/pilot3b_effect_sizes_all.csv,COVID_vs_Suspected,serum,infection_covid
E0001099,gaira_base_4_passive_target_pilot_3b_covid_raman,serum,serum,infection_covid,COVID_vs_Suspected|rep=delta_raw,,binary_effect,G10,sulfur_thiol_redox,stable,0.17,cohens_d,0.17,,,,WEAK,,/Volumes/SSD_Rad/GAIRA_BUILD/gaira_base_4_passive_target_pilot_3b_covid_raman/tables/pilot3b_effect_sizes_all.csv,COVID_vs_Suspected,serum,infection_covid
E0001100,gaira_base_4_passive_target_pilot_3b_covid_raman,serum,serum,infection_covid,COVID_vs_Suspected|rep=delta_raw,,binary_effect,G11,metabolic_small_molecule,stable,-0.193,cohens_d,-0.193,,,,WEAK,,/Volumes/SSD_Rad/GAIRA_BUILD/gaira_base_4_passive_target_pilot_3b_covid_raman/tables/pilot3b_effect_sizes_all.csv,COVID_vs_Suspected,serum,infection_covid
E0001101,gaira_base_4_passive_target_pilot_3b_covid_raman,serum,serum,infection_covid,Tube_vs_Healthy|rep=delta_raw,,binary_effect,G01,purine_nucleotide,stable,-0.076,cohens_d,-0.076,,,,WEAK,,/Volumes/SSD_Rad/GAIRA_BUILD/gaira_base_4_passive_target_pilot_3b_covid_raman/tables/pilot3b_effect_sizes_all.csv,Tube_QC_caution,serum,infection_covid
E0001102,gaira_base_4_passive_target_pilot_3b_covid_raman,serum,serum,infection_covid,Tube_vs_Healthy|rep=delta_raw,,binary_effect,G02,purine_metabolite,up,0.396,cohens_d,0.396,,,,MODERATE,,/Volumes/SSD_Rad/GAIRA_BUILD/gaira_base_4_passive_target_pilot_3b_covid_raman/tables/pilot3b_effect_sizes_all.csv,Tube_QC_caution,serum,infection_covid
E0001103,gaira_base_4_passive_target_pilot_3b_covid_raman,serum,serum,infection_covid,Tube_vs_Healthy|rep=delta_raw,,binary_effect,G03,pyrimidine_nucleotide,up,0.749,cohens_d,0.749,,,,STRONG,,/Volumes/SSD_Rad/GAIRA_BUILD/gaira_base_4_passive_target_pilot_3b_covid_raman/tables/pilot3b_effect_sizes_all.csv,Tube_QC_caution,serum,infection_covid
E0001104,gaira_base_4_passive_target_pilot_3b_covid_raman,serum,serum,infection_covid,Tube_vs_Healthy|rep=delta_raw,,binary_effect,G04,nucleic_acid_phosphate,up,4.228,cohens_d,4.228,,,,STRONG,,/Volumes/SSD_Rad/GAIRA_BUILD/gaira_base_4_passive_target_pilot_3b_covid_raman/tables/pilot3b_effect_sizes_all.csv,Tube_QC_caution,serum,infection_covid
E0001105,gaira_base_4_passive_target_pilot_3b_covid_raman,serum,serum,infection_covid,Tube_vs_Healthy|rep=delta_raw,,binary_effect,G05,glycan_carbohydrate,up,2.432,cohens_d,2.432,,,,STRONG,,/Volumes/SSD_Rad/GAIRA_BUILD/gaira_base_4_passive_target_pilot_3b_covid_raman/tables/pilot3b_effect_sizes_all.csv,Tube_QC_caution,serum,infection_covid
E0001106,gaira_base_4_passive_target_pilot_3b_covid_raman,serum,serum,infection_covid,Tube_vs_Healthy|rep=delta_raw,,binary_effect,G06,protein_peptide_backbone,down,-2.318,cohens_d,-2.318,,,,STRONG,,/Volumes/SSD_Rad/GAIRA_BUILD/gaira_base_4_passive_target_pilot_3b_covid_raman/tables/pilot3b_effect_sizes_all.csv,Tube_QC_caution,serum,infection_covid
E0001107,gaira_base_4_passive_target_pilot_3b_covid_raman,serum,serum,infection_covid,Tube_vs_Healthy|rep=delta_raw,,binary_effect,G07,aromatic_residue,down,-0.68,cohens_d,-0.68,,,,STRONG,,/Volumes/SSD_Rad/GAIRA_BUILD/gaira_base_4_passive_target_pilot_3b_covid_raman/tables/pilot3b_effect_sizes_all.csv,Tube_QC_caution,serum,infection_covid
E0001108,gaira_base_4_passive_target_pilot_3b_covid_raman,serum,serum,infection_covid,Tube_vs_Healthy|rep=delta_raw,,binary_effect,G08,lipid_acyl_membrane,down,-3.332,cohens_d,-3.332,,,,STRONG,,/Volumes/SSD_Rad/GAIRA_BUILD/gaira_base_4_passive_target_pilot_3b_covid_raman/tables/pilot3b_effect_sizes_all.csv,Tube_QC_caution,serum,infection_covid
E0001109,gaira_base_4_passive_target_pilot_3b_covid_raman,serum,serum,infection_covid,Tube_vs_Healthy|rep=delta_raw,,binary_effect,G09,sterol_neutral_lipid,down,-2.552,cohens_d,-2.552,,,,STRONG,,/Volumes/SSD_Rad/GAIRA_BUILD/gaira_base_4_passive_target_pilot_3b_covid_raman/tables/pilot3b_effect_sizes_all.csv,Tube_QC_caution,serum,infection_covid
E0001110,gaira_base_4_passive_target_pilot_3b_covid_raman,serum,serum,infection_covid,Tube_vs_Healthy|rep=delta_raw,,binary_effect,G10,sulfur_thiol_redox,up,5.005,cohens_d,5.005,,,,STRONG,,/Volumes/SSD_Rad/GAIRA_BUILD/gaira_base_4_passive_target_pilot_3b_covid_raman/tables/pilot3b_effect_sizes_all.csv,Tube_QC_caution,serum,infection_covid
E0001111,gaira_base_4_passive_target_pilot_3b_covid_raman,serum,serum,infection_covid,Tube_vs_Healthy|rep=delta_raw,,binary_effect,G11,metabolic_small_molecule,up,5.788,cohens_d,5.788,,,,STRONG,,/Volumes/SSD_Rad/GAIRA_BUILD/gaira_base_4_passive_target_pilot_3b_covid_raman/tables/pilot3b_effect_sizes_all.csv,Tube_QC_caution,serum,infection_covid
E0001112,gaira_base_4_passive_target_pilot_3b_covid_raman,serum,serum,infection_covid,Tube_vs_COVID|rep=delta_raw,,binary_effect,G01,purine_nucleotide,down,-0.222,cohens_d,-0.222,,,,MODERATE,,/Volumes/SSD_Rad/GAIRA_BUILD/gaira_base_4_passive_target_pilot_3b_covid_raman/tables/pilot3b_effect_sizes_all.csv,Tube_QC_caution,serum,infection_covid
E0001113,gaira_base_4_passive_target_pilot_3b_covid_raman,serum,serum,infection_covid,Tube_vs_COVID|rep=delta_raw,,binary_effect,G02,purine_metabolite,stable,-0.116,cohens_d,-0.116,,,,WEAK,,/Volumes/SSD_Rad/GAIRA_BUILD/gaira_base_4_passive_target_pilot_3b_covid_raman/tables/pilot3b_effect_sizes_all.csv,Tube_QC_caution,serum,infection_covid
E0001114,gaira_base_4_passive_target_pilot_3b_covid_raman,serum,serum,infection_covid,Tube_vs_COVID|rep=delta_raw,,binary_effect,G03,pyrimidine_nucleotide,down,-0.226,cohens_d,-0.226,,,,MODERATE,,/Volumes/SSD_Rad/GAIRA_BUILD/gaira_base_4_passive_target_pilot_3b_covid_raman/tables/pilot3b_effect_sizes_all.csv,Tube_QC_caution,serum,infection_covid
E0001115,gaira_base_4_passive_target_pilot_3b_covid_raman,serum,serum,infection_covid,Tube_vs_COVID|rep=delta_raw,,binary_effect,G04,nucleic_acid_phosphate,up,3.614,cohens_d,3.614,,,,STRONG,,/Volumes/SSD_Rad/GAIRA_BUILD/gaira_base_4_passive_target_pilot_3b_covid_raman/tables/pilot3b_effect_sizes_all.csv,Tube_QC_caution,serum,infection_covid
E0001116,gaira_base_4_passive_target_pilot_3b_covid_raman,serum,serum,infection_covid,Tube_vs_COVID|rep=delta_raw,,binary_effect,G05,glycan_carbohydrate,up,2.095,cohens_d,2.095,,,,STRONG,,/Volumes/SSD_Rad/GAIRA_BUILD/gaira_base_4_passive_target_pilot_3b_covid_raman/tables/pilot3b_effect_sizes_all.csv,Tube_QC_caution,serum,infection_covid
E0001117,gaira_base_4_passive_target_pilot_3b_covid_raman,serum,serum,infection_covid,Tube_vs_COVID|rep=delta_raw,,binary_effect,G06,protein_peptide_backbone,stable,-0.178,cohens_d,-0.178,,,,WEAK,,/Volumes/SSD_Rad/GAIRA_BUILD/gaira_base_4_passive_target_pilot_3b_covid_raman/tables/pilot3b_effect_sizes_all.csv,Tube_QC_caution,serum,infection_covid
E0001118,gaira_base_4_passive_target_pilot_3b_covid_raman,serum,serum,infection_covid,Tube_vs_COVID|rep=delta_raw,,binary_effect,G07,aromatic_residue,stable,-0.049,cohens_d,-0.049,,,,WEAK,,/Volumes/SSD_Rad/GAIRA_BUILD/gaira_base_4_passive_target_pilot_3b_covid_raman/tables/pilot3b_effect_sizes_all.csv,Tube_QC_caution,serum,infection_covid
E0001119,gaira_base_4_passive_target_pilot_3b_covid_raman,serum,serum,infection_covid,Tube_vs_COVID|rep=delta_raw,,binary_effect,G08,lipid_acyl_membrane,down,-3.312,cohens_d,-3.312,,,,STRONG,,/Volumes/SSD_Rad/GAIRA_BUILD/gaira_base_4_passive_target_pilot_3b_covid_raman/tables/pilot3b_effect_sizes_all.csv,Tube_QC_caution,serum,infection_covid
E0001120,gaira_base_4_passive_target_pilot_3b_covid_raman,serum,serum,infection_covid,Tube_vs_COVID|rep=delta_raw,,binary_effect,G09,sterol_neutral_lipid,down,-2.26,cohens_d,-2.26,,,,STRONG,,/Volumes/SSD_Rad/GAIRA_BUILD/gaira_base_4_passive_target_pilot_3b_covid_raman/tables/pilot3b_effect_sizes_all.csv,Tube_QC_caution,serum,infection_covid
E0001121,gaira_base_4_passive_target_pilot_3b_covid_raman,serum,serum,infection_covid,Tube_vs_COVID|rep=delta_raw,,binary_effect,G10,sulfur_thiol_redox,up,4.649,cohens_d,4.649,,,,STRONG,,/Volumes/SSD_Rad/GAIRA_BUILD/gaira_base_4_passive_target_pilot_3b_covid_raman/tables/pilot3b_effect_sizes_all.csv,Tube_QC_caution,serum,infection_covid
E0001122,gaira_base_4_passive_target_pilot_3b_covid_raman,serum,serum,infection_covid,Tube_vs_COVID|rep=delta_raw,,binary_effect,G11,metabolic_small_molecule,up,3.944,cohens_d,3.944,,,,STRONG,,/Volumes/SSD_Rad/GAIRA_BUILD/gaira_base_4_passive_target_pilot_3b_covid_raman/tables/pilot3b_effect_sizes_all.csv,Tube_QC_caution,serum,infection_covid
E0001123,gaira_base_4_passive_target_pilot_3b_covid_raman,serum,serum,infection_covid,COVID_vs_Healthy|rep=delta_sumnorm,,binary_effect,G01,purine_nucleotide,stable,0.142,cohens_d,0.142,,,,WEAK,,/Volumes/SSD_Rad/GAIRA_BUILD/gaira_base_4_passive_target_pilot_3b_covid_raman/tables/pilot3b_effect_sizes_all.csv,COVID_vs_Healthy,serum,infection_covid
E0001124,gaira_base_4_passive_target_pilot_3b_covid_raman,serum,serum,infection_covid,COVID_vs_Healthy|rep=delta_sumnorm,,binary_effect,G02,purine_metabolite,up,0.524,cohens_d,0.524,,,,STRONG,,/Volumes/SSD_Rad/GAIRA_BUILD/gaira_base_4_passive_target_pilot_3b_covid_raman/tables/pilot3b_effect_sizes_all.csv,COVID_vs_Healthy,serum,infection_covid
E0001125,gaira_base_4_passive_target_pilot_3b_covid_raman,serum,serum,infection_covid,COVID_vs_Healthy|rep=delta_sumnorm,,binary_effect,G03,pyrimidine_nucleotide,up,0.955,cohens_d,0.955,,,,STRONG,,/Volumes/SSD_Rad/GAIRA_BUILD/gaira_base_4_passive_target_pilot_3b_covid_raman/tables/pilot3b_effect_sizes_all.csv,COVID_vs_Healthy,serum,infection_covid
E0001126,gaira_base_4_passive_target_pilot_3b_covid_raman,serum,serum,infection_covid,COVID_vs_Healthy|rep=delta_sumnorm,,binary_effect,G04,nucleic_acid_phosphate,up,0.275,cohens_d,0.275,,,,STRONG,,/Volumes/SSD_Rad/GAIRA_BUILD/gaira_base_4_passive_target_pilot_3b_covid_raman/tables/pilot3b_effect_sizes_all.csv,COVID_vs_Healthy,serum,infection_covid
E0001127,gaira_base_4_passive_target_pilot_3b_covid_raman,serum,serum,infection_covid,COVID_vs_Healthy|rep=delta_sumnorm,,binary_effect,G05,glycan_carbohydrate,up,0.295,cohens_d,0.295,,,,STRONG,,/Volumes/SSD_Rad/GAIRA_BUILD/gaira_base_4_passive_target_pilot_3b_covid_raman/tables/pilot3b_effect_sizes_all.csv,COVID_vs_Healthy,serum,infection_covid
E0001128,gaira_base_4_passive_target_pilot_3b_covid_raman,serum,serum,infection_covid,COVID_vs_Healthy|rep=delta_sumnorm,,binary_effect,G06,protein_peptide_backbone,down,-0.967,cohens_d,-0.967,,,,STRONG,,/Volumes/SSD_Rad/GAIRA_BUILD/gaira_base_4_passive_target_pilot_3b_covid_raman/tables/pilot3b_effect_sizes_all.csv,COVID_vs_Healthy,serum,infection_covid
E0001129,gaira_base_4_passive_target_pilot_3b_covid_raman,serum,serum,infection_covid,COVID_vs_Healthy|rep=delta_sumnorm,,binary_effect,G07,aromatic_residue,down,-0.67,cohens_d,-0.67,,,,STRONG,,/Volumes/SSD_Rad/GAIRA_BUILD/gaira_base_4_passive_target_pilot_3b_covid_raman/tables/pilot3b_effect_sizes_all.csv,COVID_vs_Healthy,serum,infection_covid
E0001130,gaira_base_4_passive_target_pilot_3b_covid_raman,serum,serum,infection_covid,COVID_vs_Healthy|rep=delta_sumnorm,,binary_effect,G08,lipid_acyl_membrane,down,-0.373,cohens_d,-0.373,,,,STRONG,,/Volumes/SSD_Rad/GAIRA_BUILD/gaira_base_4_passive_target_pilot_3b_covid_raman/tables/pilot3b_effect_sizes_all.csv,COVID_vs_Healthy,serum,infection_covid
E0001131,gaira_base_4_passive_target_pilot_3b_covid_raman,serum,serum,infection_covid,COVID_vs_Healthy|rep=delta_sumnorm,,binary_effect,G09,sterol_neutral_lipid,down,-0.41,cohens_d,-0.41,,,,STRONG,,/Volumes/SSD_Rad/GAIRA_BUILD/gaira_base_4_passive_target_pilot_3b_covid_raman/tables/pilot3b_effect_sizes_all.csv,COVID_vs_Healthy,serum,infection_covid
E0001132,gaira_base_4_passive_target_pilot_3b_covid_raman,serum,serum,infection_covid,COVID_vs_Healthy|rep=delta_sumnorm,,binary_effect,G10,sulfur_thiol_redox,up,0.497,cohens_d,0.497,,,,STRONG,,/Volumes/SSD_Rad/GAIRA_BUILD/gaira_base_4_passive_target_pilot_3b_covid_raman/tables/pilot3b_effect_sizes_all.csv,COVID_vs_Healthy,serum,infection_covid
E0001133,gaira_base_4_passive_target_pilot_3b_covid_raman,serum,serum,infection_covid,COVID_vs_Healthy|rep=delta_sumnorm,,binary_effect,G11,metabolic_small_molecule,down,-0.263,cohens_d,-0.263,,,,STRONG,,/Volumes/SSD_Rad/GAIRA_BUILD/gaira_base_4_passive_target_pilot_3b_covid_raman/tables/pilot3b_effect_sizes_all.csv,COVID_vs_Healthy,serum,infection_covid
E0001134,gaira_base_4_passive_target_pilot_3b_covid_raman,serum,serum,infection_covid,Suspected_vs_Healthy|rep=delta_sumnorm,,binary_effect,G01,purine_nucleotide,up,0.405,cohens_d,0.405,,,,STRONG,,/Volumes/SSD_Rad/GAIRA_BUILD/gaira_base_4_passive_target_pilot_3b_covid_raman/tables/pilot3b_effect_sizes_all.csv,Suspected_vs_Healthy,serum,infection_covid
E0001135,gaira_base_4_passive_target_pilot_3b_covid_raman,serum,serum,infection_covid,Suspected_vs_Healthy|rep=delta_sumnorm,,binary_effect,G02,purine_metabolite,up,0.287,cohens_d,0.287,,,,STRONG,,/Volumes/SSD_Rad/GAIRA_BUILD/gaira_base_4_passive_target_pilot_3b_covid_raman/tables/pilot3b_effect_sizes_all.csv,Suspected_vs_Healthy,serum,infection_covid
E0001136,gaira_base_4_passive_target_pilot_3b_covid_raman,serum,serum,infection_covid,Suspected_vs_Healthy|rep=delta_sumnorm,,binary_effect,G03,pyrimidine_nucleotide,up,0.339,cohens_d,0.339,,,,STRONG,,/Volumes/SSD_Rad/GAIRA_BUILD/gaira_base_4_passive_target_pilot_3b_covid_raman/tables/pilot3b_effect_sizes_all.csv,Suspected_vs_Healthy,serum,infection_covid
E0001137,gaira_base_4_passive_target_pilot_3b_covid_raman,serum,serum,infection_covid,Suspected_vs_Healthy|rep=delta_sumnorm,,binary_effect,G04,nucleic_acid_phosphate,stable,0.152,cohens_d,0.152,,,,WEAK,,/Volumes/SSD_Rad/GAIRA_BUILD/gaira_base_4_passive_target_pilot_3b_covid_raman/tables/pilot3b_effect_sizes_all.csv,Suspected_vs_Healthy,serum,infection_covid
E0001138,gaira_base_4_passive_target_pilot_3b_covid_raman,serum,serum,infection_covid,Suspected_vs_Healthy|rep=delta_sumnorm,,binary_effect,G05,glycan_carbohydrate,stable,0.143,cohens_d,0.143,,,,WEAK,,/Volumes/SSD_Rad/GAIRA_BUILD/gaira_base_4_passive_target_pilot_3b_covid_raman/tables/pilot3b_effect_sizes_all.csv,Suspected_vs_Healthy,serum,infection_covid
E0001139,gaira_base_4_passive_target_pilot_3b_covid_raman,serum,serum,infection_covid,Suspected_vs_Healthy|rep=delta_sumnorm,,binary_effect,G06,protein_peptide_backbone,stable,-0.2,cohens_d,-0.2,,,,MODERATE,,/Volumes/SSD_Rad/GAIRA_BUILD/gaira_base_4_passive_target_pilot_3b_covid_raman/tables/pilot3b_effect_sizes_all.csv,Suspected_vs_Healthy,serum,infection_covid
E0001140,gaira_base_4_passive_target_pilot_3b_covid_raman,serum,serum,infection_covid,Suspected_vs_Healthy|rep=delta_sumnorm,,binary_effect,G07,aromatic_residue,stable,-0.179,cohens_d,-0.179,,,,WEAK,,/Volumes/SSD_Rad/GAIRA_BUILD/gaira_base_4_passive_target_pilot_3b_covid_raman/tables/pilot3b_effect_sizes_all.csv,Suspected_vs_Healthy,serum,infection_covid
E0001141,gaira_base_4_passive_target_pilot_3b_covid_raman,serum,serum,infection_covid,Suspected_vs_Healthy|rep=delta_sumnorm,,binary_effect,G08,lipid_acyl_membrane,down,-0.407,cohens_d,-0.407,,,,STRONG,,/Volumes/SSD_Rad/GAIRA_BUILD/gaira_base_4_passive_target_pilot_3b_covid_raman/tables/pilot3b_effect_sizes_all.csv,Suspected_vs_Healthy,serum,infection_covid
E0001142,gaira_base_4_passive_target_pilot_3b_covid_raman,serum,serum,infection_covid,Suspected_vs_Healthy|rep=delta_sumnorm,,binary_effect,G09,sterol_neutral_lipid,down,-0.246,cohens_d,-0.246,,,,STRONG,,/Volumes/SSD_Rad/GAIRA_BUILD/gaira_base_4_passive_target_pilot_3b_covid_raman/tables/pilot3b_effect_sizes_all.csv,Suspected_vs_Healthy,serum,infection_covid
E0001143,gaira_base_4_passive_target_pilot_3b_covid_raman,serum,serum,infection_covid,Suspected_vs_Healthy|rep=delta_sumnorm,,binary_effect,G10,sulfur_thiol_redox,stable,-0.073,cohens_d,-0.073,,,,WEAK,,/Volumes/SSD_Rad/GAIRA_BUILD/gaira_base_4_passive_target_pilot_3b_covid_raman/tables/pilot3b_effect_sizes_all.csv,Suspected_vs_Healthy,serum,infection_covid
E0001144,gaira_base_4_passive_target_pilot_3b_covid_raman,serum,serum,infection_covid,Suspected_vs_Healthy|rep=delta_sumnorm,,binary_effect,G11,metabolic_small_molecule,down,-0.243,cohens_d,-0.243,,,,STRONG,,/Volumes/SSD_Rad/GAIRA_BUILD/gaira_base_4_passive_target_pilot_3b_covid_raman/tables/pilot3b_effect_sizes_all.csv,Suspected_vs_Healthy,serum,infection_covid
E0001145,gaira_base_4_passive_target_pilot_3b_covid_raman,serum,serum,infection_covid,COVID_vs_Suspected|rep=delta_sumnorm,,binary_effect,G01,purine_nucleotide,down,-0.262,cohens_d,-0.262,,,,STRONG,,/Volumes/SSD_Rad/GAIRA_BUILD/gaira_base_4_passive_target_pilot_3b_covid_raman/tables/pilot3b_effect_sizes_all.csv,COVID_vs_Suspected,serum,infection_covid
E0001146,gaira_base_4_passive_target_pilot_3b_covid_raman,serum,serum,infection_covid,COVID_vs_Suspected|rep=delta_sumnorm,,binary_effect,G02,purine_metabolite,stable,0.194,cohens_d,0.194,,,,WEAK,,/Volumes/SSD_Rad/GAIRA_BUILD/gaira_base_4_passive_target_pilot_3b_covid_raman/tables/pilot3b_effect_sizes_all.csv,COVID_vs_Suspected,serum,infection_covid
E0001147,gaira_base_4_passive_target_pilot_3b_covid_raman,serum,serum,infection_covid,COVID_vs_Suspected|rep=delta_sumnorm,,binary_effect,G03,pyrimidine_nucleotide,up,0.362,cohens_d,0.362,,,,STRONG,,/Volumes/SSD_Rad/GAIRA_BUILD/gaira_base_4_passive_target_pilot_3b_covid_raman/tables/pilot3b_effect_sizes_all.csv,COVID_vs_Suspected,serum,infection_covid
E0001148,gaira_base_4_passive_target_pilot_3b_covid_raman,serum,serum,infection_covid,COVID_vs_Suspected|rep=delta_sumnorm,,binary_effect,G04,nucleic_acid_phosphate,stable,0.135,cohens_d,0.135,,,,WEAK,,/Volumes/SSD_Rad/GAIRA_BUILD/gaira_base_4_passive_target_pilot_3b_covid_raman/tables/pilot3b_effect_sizes_all.csv,COVID_vs_Suspected,serum,infection_covid
E0001149,gaira_base_4_passive_target_pilot_3b_covid_raman,serum,serum,infection_covid,COVID_vs_Suspected|rep=delta_sumnorm,,binary_effect,G05,glycan_carbohydrate,stable,0.1,cohens_d,0.1,,,,WEAK,,/Volumes/SSD_Rad/GAIRA_BUILD/gaira_base_4_passive_target_pilot_3b_covid_raman/tables/pilot3b_effect_sizes_all.csv,COVID_vs_Suspected,serum,infection_covid
E0001150,gaira_base_4_passive_target_pilot_3b_covid_raman,serum,serum,infection_covid,COVID_vs_Suspected|rep=delta_sumnorm,,binary_effect,G06,protein_peptide_backbone,down,-0.636,cohens_d,-0.636,,,,STRONG,,/Volumes/SSD_Rad/GAIRA_BUILD/gaira_base_4_passive_target_pilot_3b_covid_raman/tables/pilot3b_effect_sizes_all.csv,COVID_vs_Suspected,serum,infection_covid
E0001151,gaira_base_4_passive_target_pilot_3b_covid_raman,serum,serum,infection_covid,COVID_vs_Suspected|rep=delta_sumnorm,,binary_effect,G07,aromatic_residue,down,-0.312,cohens_d,-0.312,,,,STRONG,,/Volumes/SSD_Rad/GAIRA_BUILD/gaira_base_4_passive_target_pilot_3b_covid_raman/tables/pilot3b_effect_sizes_all.csv,COVID_vs_Suspected,serum,infection_covid
E0001152,gaira_base_4_passive_target_pilot_3b_covid_raman,serum,serum,infection_covid,COVID_vs_Suspected|rep=delta_sumnorm,,binary_effect,G08,lipid_acyl_membrane,stable,0.019,cohens_d,0.019,,,,WEAK,,/Volumes/SSD_Rad/GAIRA_BUILD/gaira_base_4_passive_target_pilot_3b_covid_raman/tables/pilot3b_effect_sizes_all.csv,COVID_vs_Suspected,serum,infection_covid
E0001153,gaira_base_4_passive_target_pilot_3b_covid_raman,serum,serum,infection_covid,COVID_vs_Suspected|rep=delta_sumnorm,,binary_effect,G09,sterol_neutral_lipid,stable,-0.146,cohens_d,-0.146,,,,WEAK,,/Volumes/SSD_Rad/GAIRA_BUILD/gaira_base_4_passive_target_pilot_3b_covid_raman/tables/pilot3b_effect_sizes_all.csv,COVID_vs_Suspected,serum,infection_covid
E0001154,gaira_base_4_passive_target_pilot_3b_covid_raman,serum,serum,infection_covid,COVID_vs_Suspected|rep=delta_sumnorm,,binary_effect,G10,sulfur_thiol_redox,up,0.579,cohens_d,0.579,,,,STRONG,,/Volumes/SSD_Rad/GAIRA_BUILD/gaira_base_4_passive_target_pilot_3b_covid_raman/tables/pilot3b_effect_sizes_all.csv,COVID_vs_Suspected,serum,infection_covid
E0001155,gaira_base_4_passive_target_pilot_3b_covid_raman,serum,serum,infection_covid,COVID_vs_Suspected|rep=delta_sumnorm,,binary_effect,G11,metabolic_small_molecule,stable,0.039,cohens_d,0.039,,,,WEAK,,/Volumes/SSD_Rad/GAIRA_BUILD/gaira_base_4_passive_target_pilot_3b_covid_raman/tables/pilot3b_effect_sizes_all.csv,COVID_vs_Suspected,serum,infection_covid
E0001156,gaira_base_4_passive_target_pilot_3b_covid_raman,serum,serum,infection_covid,Tube_vs_Healthy|rep=delta_sumnorm,,binary_effect,G01,purine_nucleotide,down,-0.266,cohens_d,-0.266,,,,MODERATE,,/Volumes/SSD_Rad/GAIRA_BUILD/gaira_base_4_passive_target_pilot_3b_covid_raman/tables/pilot3b_effect_sizes_all.csv,Tube_QC_caution,serum,infection_covid
E0001157,gaira_base_4_passive_target_pilot_3b_covid_raman,serum,serum,infection_covid,Tube_vs_Healthy|rep=delta_sumnorm,,binary_effect,G02,purine_metabolite,stable,-0.076,cohens_d,-0.076,,,,WEAK,,/Volumes/SSD_Rad/GAIRA_BUILD/gaira_base_4_passive_target_pilot_3b_covid_raman/tables/pilot3b_effect_sizes_all.csv,Tube_QC_caution,serum,infection_covid
E0001158,gaira_base_4_passive_target_pilot_3b_covid_raman,serum,serum,infection_covid,Tube_vs_Healthy|rep=delta_sumnorm,,binary_effect,G03,pyrimidine_nucleotide,up,0.789,cohens_d,0.789,,,,STRONG,,/Volumes/SSD_Rad/GAIRA_BUILD/gaira_base_4_passive_target_pilot_3b_covid_raman/tables/pilot3b_effect_sizes_all.csv,Tube_QC_caution,serum,infection_covid
E0001159,gaira_base_4_passive_target_pilot_3b_covid_raman,serum,serum,infection_covid,Tube_vs_Healthy|rep=delta_sumnorm,,binary_effect,G04,nucleic_acid_phosphate,up,4.118,cohens_d,4.118,,,,STRONG,,/Volumes/SSD_Rad/GAIRA_BUILD/gaira_base_4_passive_target_pilot_3b_covid_raman/tables/pilot3b_effect_sizes_all.csv,Tube_QC_caution,serum,infection_covid
E0001160,gaira_base_4_passive_target_pilot_3b_covid_raman,serum,serum,infection_covid,Tube_vs_Healthy|rep=delta_sumnorm,,binary_effect,G05,glycan_carbohydrate,up,2.585,cohens_d,2.585,,,,STRONG,,/Volumes/SSD_Rad/GAIRA_BUILD/gaira_base_4_passive_target_pilot_3b_covid_raman/tables/pilot3b_effect_sizes_all.csv,Tube_QC_caution,serum,infection_covid
E0001161,gaira_base_4_passive_target_pilot_3b_covid_raman,serum,serum,infection_covid,Tube_vs_Healthy|rep=delta_sumnorm,,binary_effect,G06,protein_peptide_backbone,down,-2.831,cohens_d,-2.831,,,,STRONG,,/Volumes/SSD_Rad/GAIRA_BUILD/gaira_base_4_passive_target_pilot_3b_covid_raman/tables/pilot3b_effect_sizes_all.csv,Tube_QC_caution,serum,infection_covid
E0001162,gaira_base_4_passive_target_pilot_3b_covid_raman,serum,serum,infection_covid,Tube_vs_Healthy|rep=delta_sumnorm,,binary_effect,G07,aromatic_residue,down,-2.779,cohens_d,-2.779,,,,STRONG,,/Volumes/SSD_Rad/GAIRA_BUILD/gaira_base_4_passive_target_pilot_3b_covid_raman/tables/pilot3b_effect_sizes_all.csv,Tube_QC_caution,serum,infection_covid
E0001163,gaira_base_4_passive_target_pilot_3b_covid_raman,serum,serum,infection_covid,Tube_vs_Healthy|rep=delta_sumnorm,,binary_effect,G08,lipid_acyl_membrane,down,-4.272,cohens_d,-4.272,,,,STRONG,,/Volumes/SSD_Rad/GAIRA_BUILD/gaira_base_4_passive_target_pilot_3b_covid_raman/tables/pilot3b_effect_sizes_all.csv,Tube_QC_caution,serum,infection_covid
E0001164,gaira_base_4_passive_target_pilot_3b_covid_raman,serum,serum,infection_covid,Tube_vs_Healthy|rep=delta_sumnorm,,binary_effect,G09,sterol_neutral_lipid,down,-4.598,cohens_d,-4.598,,,,STRONG,,/Volumes/SSD_Rad/GAIRA_BUILD/gaira_base_4_passive_target_pilot_3b_covid_raman/tables/pilot3b_effect_sizes_all.csv,Tube_QC_caution,serum,infection_covid
E0001165,gaira_base_4_passive_target_pilot_3b_covid_raman,serum,serum,infection_covid,Tube_vs_Healthy|rep=delta_sumnorm,,binary_effect,G10,sulfur_thiol_redox,up,4.654,cohens_d,4.654,,,,STRONG,,/Volumes/SSD_Rad/GAIRA_BUILD/gaira_base_4_passive_target_pilot_3b_covid_raman/tables/pilot3b_effect_sizes_all.csv,Tube_QC_caution,serum,infection_covid
E0001166,gaira_base_4_passive_target_pilot_3b_covid_raman,serum,serum,infection_covid,Tube_vs_Healthy|rep=delta_sumnorm,,binary_effect,G11,metabolic_small_molecule,up,2.643,cohens_d,2.643,,,,STRONG,,/Volumes/SSD_Rad/GAIRA_BUILD/gaira_base_4_passive_target_pilot_3b_covid_raman/tables/pilot3b_effect_sizes_all.csv,Tube_QC_caution,serum,infection_covid
E0001167,gaira_base_4_passive_target_pilot_3b_covid_raman,serum,serum,infection_covid,Tube_vs_COVID|rep=delta_sumnorm,,binary_effect,G01,purine_nucleotide,down,-0.358,cohens_d,-0.358,,,,STRONG,,/Volumes/SSD_Rad/GAIRA_BUILD/gaira_base_4_passive_target_pilot_3b_covid_raman/tables/pilot3b_effect_sizes_all.csv,Tube_QC_caution,serum,infection_covid
E0001168,gaira_base_4_passive_target_pilot_3b_covid_raman,serum,serum,infection_covid,Tube_vs_COVID|rep=delta_sumnorm,,binary_effect,G02,purine_metabolite,down,-0.53,cohens_d,-0.53,,,,STRONG,,/Volumes/SSD_Rad/GAIRA_BUILD/gaira_base_4_passive_target_pilot_3b_covid_raman/tables/pilot3b_effect_sizes_all.csv,Tube_QC_caution,serum,infection_covid
E0001169,gaira_base_4_passive_target_pilot_3b_covid_raman,serum,serum,infection_covid,Tube_vs_COVID|rep=delta_sumnorm,,binary_effect,G03,pyrimidine_nucleotide,down,-0.283,cohens_d,-0.283,,,,MODERATE,,/Volumes/SSD_Rad/GAIRA_BUILD/gaira_base_4_passive_target_pilot_3b_covid_raman/tables/pilot3b_effect_sizes_all.csv,Tube_QC_caution,serum,infection_covid
E0001170,gaira_base_4_passive_target_pilot_3b_covid_raman,serum,serum,infection_covid,Tube_vs_COVID|rep=delta_sumnorm,,binary_effect,G04,nucleic_acid_phosphate,up,5.183,cohens_d,5.183,,,,STRONG,,/Volumes/SSD_Rad/GAIRA_BUILD/gaira_base_4_passive_target_pilot_3b_covid_raman/tables/pilot3b_effect_sizes_all.csv,Tube_QC_caution,serum,infection_covid
E0001171,gaira_base_4_passive_target_pilot_3b_covid_raman,serum,serum,infection_covid,Tube_vs_COVID|rep=delta_sumnorm,,binary_effect,G05,glycan_carbohydrate,up,2.809,cohens_d,2.809,,,,STRONG,,/Volumes/SSD_Rad/GAIRA_BUILD/gaira_base_4_passive_target_pilot_3b_covid_raman/tables/pilot3b_effect_sizes_all.csv,Tube_QC_caution,serum,infection_covid
E0001172,gaira_base_4_passive_target_pilot_3b_covid_raman,serum,serum,infection_covid,Tube_vs_COVID|rep=delta_sumnorm,,binary_effect,G06,protein_peptide_backbone,down,-1.059,cohens_d,-1.059,,,,STRONG,,/Volumes/SSD_Rad/GAIRA_BUILD/gaira_base_4_passive_target_pilot_3b_covid_raman/tables/pilot3b_effect_sizes_all.csv,Tube_QC_caution,serum,infection_covid
E0001173,gaira_base_4_passive_target_pilot_3b_covid_raman,serum,serum,infection_covid,Tube_vs_COVID|rep=delta_sumnorm,,binary_effect,G07,aromatic_residue,down,-1.622,cohens_d,-1.622,,,,STRONG,,/Volumes/SSD_Rad/GAIRA_BUILD/gaira_base_4_passive_target_pilot_3b_covid_raman/tables/pilot3b_effect_sizes_all.csv,Tube_QC_caution,serum,infection_covid
E0001174,gaira_base_4_passive_target_pilot_3b_covid_raman,serum,serum,infection_covid,Tube_vs_COVID|rep=delta_sumnorm,,binary_effect,G08,lipid_acyl_membrane,down,-2.854,cohens_d,-2.854,,,,STRONG,,/Volumes/SSD_Rad/GAIRA_BUILD/gaira_base_4_passive_target_pilot_3b_covid_raman/tables/pilot3b_effect_sizes_all.csv,Tube_QC_caution,serum,infection_covid
E0001175,gaira_base_4_passive_target_pilot_3b_covid_raman,serum,serum,infection_covid,Tube_vs_COVID|rep=delta_sumnorm,,binary_effect,G09,sterol_neutral_lipid,down,-4.167,cohens_d,-4.167,,,,STRONG,,/Volumes/SSD_Rad/GAIRA_BUILD/gaira_base_4_passive_target_pilot_3b_covid_raman/tables/pilot3b_effect_sizes_all.csv,Tube_QC_caution,serum,infection_covid
E0001176,gaira_base_4_passive_target_pilot_3b_covid_raman,serum,serum,infection_covid,Tube_vs_COVID|rep=delta_sumnorm,,binary_effect,G10,sulfur_thiol_redox,up,4.9,cohens_d,4.9,,,,STRONG,,/Volumes/SSD_Rad/GAIRA_BUILD/gaira_base_4_passive_target_pilot_3b_covid_raman/tables/pilot3b_effect_sizes_all.csv,Tube_QC_caution,serum,infection_covid
E0001177,gaira_base_4_passive_target_pilot_3b_covid_raman,serum,serum,infection_covid,Tube_vs_COVID|rep=delta_sumnorm,,binary_effect,G11,metabolic_small_molecule,up,3.097,cohens_d,3.097,,,,STRONG,,/Volumes/SSD_Rad/GAIRA_BUILD/gaira_base_4_passive_target_pilot_3b_covid_raman/tables/pilot3b_effect_sizes_all.csv,Tube_QC_caution,serum,infection_covid
E0001178,gaira_base_4_pilot3c_classifier_and_cross_disease_v1,serum,serum,cross_disease,COVID_vs_Healthy|rep=sumnorm|substrate=none,,cross_disease_effect,G01,purine_nucleotide,stable,0.142,cohens_d,0.142,,,,WEAK,,/Volumes/SSD_Rad/GAIRA_BUILD/gaira_base_4_pilot3c_classifier_and_cross_disease_v1/tables/covid_liver_cross_disease_effects_v1.csv,COVID_vs_Healthy,serum,infection_covid
E0001179,gaira_base_4_pilot3c_classifier_and_cross_disease_v1,serum,serum,cross_disease,COVID_vs_Healthy|rep=sumnorm|substrate=none,,cross_disease_effect,G02,purine_metabolite,up,0.524,cohens_d,0.524,,,,STRONG,,/Volumes/SSD_Rad/GAIRA_BUILD/gaira_base_4_pilot3c_classifier_and_cross_disease_v1/tables/covid_liver_cross_disease_effects_v1.csv,COVID_vs_Healthy,serum,infection_covid
E0001180,gaira_base_4_pilot3c_classifier_and_cross_disease_v1,serum,serum,cross_disease,COVID_vs_Healthy|rep=sumnorm|substrate=none,,cross_disease_effect,G03,pyrimidine_nucleotide,up,0.955,cohens_d,0.955,,,,STRONG,,/Volumes/SSD_Rad/GAIRA_BUILD/gaira_base_4_pilot3c_classifier_and_cross_disease_v1/tables/covid_liver_cross_disease_effects_v1.csv,COVID_vs_Healthy,serum,infection_covid
E0001181,gaira_base_4_pilot3c_classifier_and_cross_disease_v1,serum,serum,cross_disease,COVID_vs_Healthy|rep=sumnorm|substrate=none,,cross_disease_effect,G04,nucleic_acid_phosphate,up,0.275,cohens_d,0.275,,,,STRONG,,/Volumes/SSD_Rad/GAIRA_BUILD/gaira_base_4_pilot3c_classifier_and_cross_disease_v1/tables/covid_liver_cross_disease_effects_v1.csv,COVID_vs_Healthy,serum,infection_covid
E0001182,gaira_base_4_pilot3c_classifier_and_cross_disease_v1,serum,serum,cross_disease,COVID_vs_Healthy|rep=sumnorm|substrate=none,,cross_disease_effect,G05,glycan_carbohydrate,up,0.295,cohens_d,0.295,,,,STRONG,,/Volumes/SSD_Rad/GAIRA_BUILD/gaira_base_4_pilot3c_classifier_and_cross_disease_v1/tables/covid_liver_cross_disease_effects_v1.csv,COVID_vs_Healthy,serum,infection_covid
E0001183,gaira_base_4_pilot3c_classifier_and_cross_disease_v1,serum,serum,cross_disease,COVID_vs_Healthy|rep=sumnorm|substrate=none,,cross_disease_effect,G06,protein_peptide_backbone,down,-0.967,cohens_d,-0.967,,,,STRONG,,/Volumes/SSD_Rad/GAIRA_BUILD/gaira_base_4_pilot3c_classifier_and_cross_disease_v1/tables/covid_liver_cross_disease_effects_v1.csv,COVID_vs_Healthy,serum,infection_covid
E0001184,gaira_base_4_pilot3c_classifier_and_cross_disease_v1,serum,serum,cross_disease,COVID_vs_Healthy|rep=sumnorm|substrate=none,,cross_disease_effect,G07,aromatic_residue,down,-0.67,cohens_d,-0.67,,,,STRONG,,/Volumes/SSD_Rad/GAIRA_BUILD/gaira_base_4_pilot3c_classifier_and_cross_disease_v1/tables/covid_liver_cross_disease_effects_v1.csv,COVID_vs_Healthy,serum,infection_covid
E0001185,gaira_base_4_pilot3c_classifier_and_cross_disease_v1,serum,serum,cross_disease,COVID_vs_Healthy|rep=sumnorm|substrate=none,,cross_disease_effect,G08,lipid_acyl_membrane,down,-0.373,cohens_d,-0.373,,,,STRONG,,/Volumes/SSD_Rad/GAIRA_BUILD/gaira_base_4_pilot3c_classifier_and_cross_disease_v1/tables/covid_liver_cross_disease_effects_v1.csv,COVID_vs_Healthy,serum,infection_covid
E0001186,gaira_base_4_pilot3c_classifier_and_cross_disease_v1,serum,serum,cross_disease,COVID_vs_Healthy|rep=sumnorm|substrate=none,,cross_disease_effect,G09,sterol_neutral_lipid,down,-0.41,cohens_d,-0.41,,,,STRONG,,/Volumes/SSD_Rad/GAIRA_BUILD/gaira_base_4_pilot3c_classifier_and_cross_disease_v1/tables/covid_liver_cross_disease_effects_v1.csv,COVID_vs_Healthy,serum,infection_covid
E0001187,gaira_base_4_pilot3c_classifier_and_cross_disease_v1,serum,serum,cross_disease,COVID_vs_Healthy|rep=sumnorm|substrate=none,,cross_disease_effect,G10,sulfur_thiol_redox,up,0.497,cohens_d,0.497,,,,STRONG,,/Volumes/SSD_Rad/GAIRA_BUILD/gaira_base_4_pilot3c_classifier_and_cross_disease_v1/tables/covid_liver_cross_disease_effects_v1.csv,COVID_vs_Healthy,serum,infection_covid
E0001188,gaira_base_4_pilot3c_classifier_and_cross_disease_v1,serum,serum,cross_disease,COVID_vs_Healthy|rep=sumnorm|substrate=none,,cross_disease_effect,G11,metabolic_small_molecule,down,-0.263,cohens_d,-0.263,,,,STRONG,,/Volumes/SSD_Rad/GAIRA_BUILD/gaira_base_4_pilot3c_classifier_and_cross_disease_v1/tables/covid_liver_cross_disease_effects_v1.csv,COVID_vs_Healthy,serum,infection_covid
E0001189,gaira_base_4_pilot3c_classifier_and_cross_disease_v1,serum,serum,cross_disease,Suspected_vs_Healthy|rep=sumnorm|substrate=none,,cross_disease_effect,G01,purine_nucleotide,up,0.405,cohens_d,0.405,,,,STRONG,,/Volumes/SSD_Rad/GAIRA_BUILD/gaira_base_4_pilot3c_classifier_and_cross_disease_v1/tables/covid_liver_cross_disease_effects_v1.csv,Suspected_vs_Healthy,serum,infection_covid
E0001190,gaira_base_4_pilot3c_classifier_and_cross_disease_v1,serum,serum,cross_disease,Suspected_vs_Healthy|rep=sumnorm|substrate=none,,cross_disease_effect,G02,purine_metabolite,up,0.287,cohens_d,0.287,,,,STRONG,,/Volumes/SSD_Rad/GAIRA_BUILD/gaira_base_4_pilot3c_classifier_and_cross_disease_v1/tables/covid_liver_cross_disease_effects_v1.csv,Suspected_vs_Healthy,serum,infection_covid
E0001191,gaira_base_4_pilot3c_classifier_and_cross_disease_v1,serum,serum,cross_disease,Suspected_vs_Healthy|rep=sumnorm|substrate=none,,cross_disease_effect,G03,pyrimidine_nucleotide,up,0.339,cohens_d,0.339,,,,STRONG,,/Volumes/SSD_Rad/GAIRA_BUILD/gaira_base_4_pilot3c_classifier_and_cross_disease_v1/tables/covid_liver_cross_disease_effects_v1.csv,Suspected_vs_Healthy,serum,infection_covid
E0001192,gaira_base_4_pilot3c_classifier_and_cross_disease_v1,serum,serum,cross_disease,Suspected_vs_Healthy|rep=sumnorm|substrate=none,,cross_disease_effect,G04,nucleic_acid_phosphate,stable,0.152,cohens_d,0.152,,,,WEAK,,/Volumes/SSD_Rad/GAIRA_BUILD/gaira_base_4_pilot3c_classifier_and_cross_disease_v1/tables/covid_liver_cross_disease_effects_v1.csv,Suspected_vs_Healthy,serum,infection_covid
E0001193,gaira_base_4_pilot3c_classifier_and_cross_disease_v1,serum,serum,cross_disease,Suspected_vs_Healthy|rep=sumnorm|substrate=none,,cross_disease_effect,G05,glycan_carbohydrate,stable,0.143,cohens_d,0.143,,,,WEAK,,/Volumes/SSD_Rad/GAIRA_BUILD/gaira_base_4_pilot3c_classifier_and_cross_disease_v1/tables/covid_liver_cross_disease_effects_v1.csv,Suspected_vs_Healthy,serum,infection_covid
E0001194,gaira_base_4_pilot3c_classifier_and_cross_disease_v1,serum,serum,cross_disease,Suspected_vs_Healthy|rep=sumnorm|substrate=none,,cross_disease_effect,G06,protein_peptide_backbone,stable,-0.2,cohens_d,-0.2,,,,MODERATE,,/Volumes/SSD_Rad/GAIRA_BUILD/gaira_base_4_pilot3c_classifier_and_cross_disease_v1/tables/covid_liver_cross_disease_effects_v1.csv,Suspected_vs_Healthy,serum,infection_covid
E0001195,gaira_base_4_pilot3c_classifier_and_cross_disease_v1,serum,serum,cross_disease,Suspected_vs_Healthy|rep=sumnorm|substrate=none,,cross_disease_effect,G07,aromatic_residue,stable,-0.179,cohens_d,-0.179,,,,WEAK,,/Volumes/SSD_Rad/GAIRA_BUILD/gaira_base_4_pilot3c_classifier_and_cross_disease_v1/tables/covid_liver_cross_disease_effects_v1.csv,Suspected_vs_Healthy,serum,infection_covid
E0001196,gaira_base_4_pilot3c_classifier_and_cross_disease_v1,serum,serum,cross_disease,Suspected_vs_Healthy|rep=sumnorm|substrate=none,,cross_disease_effect,G08,lipid_acyl_membrane,down,-0.407,cohens_d,-0.407,,,,STRONG,,/Volumes/SSD_Rad/GAIRA_BUILD/gaira_base_4_pilot3c_classifier_and_cross_disease_v1/tables/covid_liver_cross_disease_effects_v1.csv,Suspected_vs_Healthy,serum,infection_covid
E0001197,gaira_base_4_pilot3c_classifier_and_cross_disease_v1,serum,serum,cross_disease,Suspected_vs_Healthy|rep=sumnorm|substrate=none,,cross_disease_effect,G09,sterol_neutral_lipid,down,-0.246,cohens_d,-0.246,,,,STRONG,,/Volumes/SSD_Rad/GAIRA_BUILD/gaira_base_4_pilot3c_classifier_and_cross_disease_v1/tables/covid_liver_cross_disease_effects_v1.csv,Suspected_vs_Healthy,serum,infection_covid
E0001198,gaira_base_4_pilot3c_classifier_and_cross_disease_v1,serum,serum,cross_disease,Suspected_vs_Healthy|rep=sumnorm|substrate=none,,cross_disease_effect,G10,sulfur_thiol_redox,stable,-0.073,cohens_d,-0.073,,,,WEAK,,/Volumes/SSD_Rad/GAIRA_BUILD/gaira_base_4_pilot3c_classifier_and_cross_disease_v1/tables/covid_liver_cross_disease_effects_v1.csv,Suspected_vs_Healthy,serum,infection_covid
E0001199,gaira_base_4_pilot3c_classifier_and_cross_disease_v1,serum,serum,cross_disease,Suspected_vs_Healthy|rep=sumnorm|substrate=none,,cross_disease_effect,G11,metabolic_small_molecule,down,-0.243,cohens_d,-0.243,,,,STRONG,,/Volumes/SSD_Rad/GAIRA_BUILD/gaira_base_4_pilot3c_classifier_and_cross_disease_v1/tables/covid_liver_cross_disease_effects_v1.csv,Suspected_vs_Healthy,serum,infection_covid
E0001200,gaira_base_4_pilot3c_classifier_and_cross_disease_v1,serum,serum,cross_disease,COVID_vs_Healthy|rep=clr|substrate=none,,cross_disease_effect,G01,purine_nucleotide,down,-0.792,cohens_d,-0.792,,,,STRONG,,/Volumes/SSD_Rad/GAIRA_BUILD/gaira_base_4_pilot3c_classifier_and_cross_disease_v1/tables/covid_liver_cross_disease_effects_v1.csv,COVID_vs_Healthy,serum,infection_covid
E0001201,gaira_base_4_pilot3c_classifier_and_cross_disease_v1,serum,serum,cross_disease,COVID_vs_Healthy|rep=clr|substrate=none,,cross_disease_effect,G02,purine_metabolite,down,-1.397,cohens_d,-1.397,,,,STRONG,,/Volumes/SSD_Rad/GAIRA_BUILD/gaira_base_4_pilot3c_classifier_and_cross_disease_v1/tables/covid_liver_cross_disease_effects_v1.csv,COVID_vs_Healthy,serum,infection_covid
E0001202,gaira_base_4_pilot3c_classifier_and_cross_disease_v1,serum,serum,cross_disease,COVID_vs_Healthy|rep=clr|substrate=none,,cross_disease_effect,G03,pyrimidine_nucleotide,up,1.474,cohens_d,1.474,,,,STRONG,,/Volumes/SSD_Rad/GAIRA_BUILD/gaira_base_4_pilot3c_classifier_and_cross_disease_v1/tables/covid_liver_cross_disease_effects_v1.csv,COVID_vs_Healthy,serum,infection_covid
E0001203,gaira_base_4_pilot3c_classifier_and_cross_disease_v1,serum,serum,cross_disease,COVID_vs_Healthy|rep=clr|substrate=none,,cross_disease_effect,G04,nucleic_acid_phosphate,down,-1.245,cohens_d,-1.245,,,,STRONG,,/Volumes/SSD_Rad/GAIRA_BUILD/gaira_base_4_pilot3c_classifier_and_cross_disease_v1/tables/covid_liver_cross_disease_effects_v1.csv,COVID_vs_Healthy,serum,infection_covid
E0001204,gaira_base_4_pilot3c_classifier_and_cross_disease_v1,serum,serum,cross_disease,COVID_vs_Healthy|rep=clr|substrate=none,,cross_disease_effect,G05,glycan_carbohydrate,down,-1.276,cohens_d,-1.276,,,,STRONG,,/Volumes/SSD_Rad/GAIRA_BUILD/gaira_base_4_pilot3c_classifier_and_cross_disease_v1/tables/covid_liver_cross_disease_effects_v1.csv,COVID_vs_Healthy,serum,infection_covid
E0001205,gaira_base_4_pilot3c_classifier_and_cross_disease_v1,serum,serum,cross_disease,COVID_vs_Healthy|rep=clr|substrate=none,,cross_disease_effect,G06,protein_peptide_backbone,down,-1.26,cohens_d,-1.26,,,,STRONG,,/Volumes/SSD_Rad/GAIRA_BUILD/gaira_base_4_pilot3c_classifier_and_cross_disease_v1/tables/covid_liver_cross_disease_effects_v1.csv,COVID_vs_Healthy,serum,infection_covid
E0001206,gaira_base_4_pilot3c_classifier_and_cross_disease_v1,serum,serum,cross_disease,COVID_vs_Healthy|rep=clr|substrate=none,,cross_disease_effect,G07,aromatic_residue,down,-1.251,cohens_d,-1.251,,,,STRONG,,/Volumes/SSD_Rad/GAIRA_BUILD/gaira_base_4_pilot3c_classifier_and_cross_disease_v1/tables/covid_liver_cross_disease_effects_v1.csv,COVID_vs_Healthy,serum,infection_covid
E0001207,gaira_base_4_pilot3c_classifier_and_cross_disease_v1,serum,serum,cross_disease,COVID_vs_Healthy|rep=clr|substrate=none,,cross_disease_effect,G08,lipid_acyl_membrane,down,-1.229,cohens_d,-1.229,,,,STRONG,,/Volumes/SSD_Rad/GAIRA_BUILD/gaira_base_4_pilot3c_classifier_and_cross_disease_v1/tables/covid_liver_cross_disease_effects_v1.csv,COVID_vs_Healthy,serum,infection_covid
E0001208,gaira_base_4_pilot3c_classifier_and_cross_disease_v1,serum,serum,cross_disease,COVID_vs_Healthy|rep=clr|substrate=none,,cross_disease_effect,G09,sterol_neutral_lipid,down,-1.259,cohens_d,-1.259,,,,STRONG,,/Volumes/SSD_Rad/GAIRA_BUILD/gaira_base_4_pilot3c_classifier_and_cross_disease_v1/tables/covid_liver_cross_disease_effects_v1.csv,COVID_vs_Healthy,serum,infection_covid
E0001209,gaira_base_4_pilot3c_classifier_and_cross_disease_v1,serum,serum,cross_disease,COVID_vs_Healthy|rep=clr|substrate=none,,cross_disease_effect,G10,sulfur_thiol_redox,down,-1.194,cohens_d,-1.194,,,,STRONG,,/Volumes/SSD_Rad/GAIRA_BUILD/gaira_base_4_pilot3c_classifier_and_cross_disease_v1/tables/covid_liver_cross_disease_effects_v1.csv,COVID_vs_Healthy,serum,infection_covid
E0001210,gaira_base_4_pilot3c_classifier_and_cross_disease_v1,serum,serum,cross_disease,COVID_vs_Healthy|rep=clr|substrate=none,,cross_disease_effect,G11,metabolic_small_molecule,down,-1.249,cohens_d,-1.249,,,,STRONG,,/Volumes/SSD_Rad/GAIRA_BUILD/gaira_base_4_pilot3c_classifier_and_cross_disease_v1/tables/covid_liver_cross_disease_effects_v1.csv,COVID_vs_Healthy,serum,infection_covid
E0001211,gaira_base_4_pilot3c_classifier_and_cross_disease_v1,serum,serum,cross_disease,Suspected_vs_Healthy|rep=clr|substrate=none,,cross_disease_effect,G01,purine_nucleotide,stable,-0.051,cohens_d,-0.051,,,,WEAK,,/Volumes/SSD_Rad/GAIRA_BUILD/gaira_base_4_pilot3c_classifier_and_cross_disease_v1/tables/covid_liver_cross_disease_effects_v1.csv,Suspected_vs_Healthy,serum,infection_covid
E0001212,gaira_base_4_pilot3c_classifier_and_cross_disease_v1,serum,serum,cross_disease,Suspected_vs_Healthy|rep=clr|substrate=none,,cross_disease_effect,G02,purine_metabolite,down,-0.268,cohens_d,-0.268,,,,STRONG,,/Volumes/SSD_Rad/GAIRA_BUILD/gaira_base_4_pilot3c_classifier_and_cross_disease_v1/tables/covid_liver_cross_disease_effects_v1.csv,Suspected_vs_Healthy,serum,infection_covid
E0001213,gaira_base_4_pilot3c_classifier_and_cross_disease_v1,serum,serum,cross_disease,Suspected_vs_Healthy|rep=clr|substrate=none,,cross_disease_effect,G03,pyrimidine_nucleotide,up,0.276,cohens_d,0.276,,,,STRONG,,/Volumes/SSD_Rad/GAIRA_BUILD/gaira_base_4_pilot3c_classifier_and_cross_disease_v1/tables/covid_liver_cross_disease_effects_v1.csv,Suspected_vs_Healthy,serum,infection_covid
E0001214,gaira_base_4_pilot3c_classifier_and_cross_disease_v1,serum,serum,cross_disease,Suspected_vs_Healthy|rep=clr|substrate=none,,cross_disease_effect,G04,nucleic_acid_phosphate,down,-0.279,cohens_d,-0.279,,,,STRONG,,/Volumes/SSD_Rad/GAIRA_BUILD/gaira_base_4_pilot3c_classifier_and_cross_disease_v1/tables/covid_liver_cross_disease_effects_v1.csv,Suspected_vs_Healthy,serum,infection_covid
E0001215,gaira_base_4_pilot3c_classifier_and_cross_disease_v1,serum,serum,cross_disease,Suspected_vs_Healthy|rep=clr|substrate=none,,cross_disease_effect,G05,glycan_carbohydrate,down,-0.289,cohens_d,-0.289,,,,STRONG,,/Volumes/SSD_Rad/GAIRA_BUILD/gaira_base_4_pilot3c_classifier_and_cross_disease_v1/tables/covid_liver_cross_disease_effects_v1.csv,Suspected_vs_Healthy,serum,infection_covid
E0001216,gaira_base_4_pilot3c_classifier_and_cross_disease_v1,serum,serum,cross_disease,Suspected_vs_Healthy|rep=clr|substrate=none,,cross_disease_effect,G06,protein_peptide_backbone,down,-0.288,cohens_d,-0.288,,,,STRONG,,/Volumes/SSD_Rad/GAIRA_BUILD/gaira_base_4_pilot3c_classifier_and_cross_disease_v1/tables/covid_liver_cross_disease_effects_v1.csv,Suspected_vs_Healthy,serum,infection_covid
E0001217,gaira_base_4_pilot3c_classifier_and_cross_disease_v1,serum,serum,cross_disease,Suspected_vs_Healthy|rep=clr|substrate=none,,cross_disease_effect,G07,aromatic_residue,down,-0.287,cohens_d,-0.287,,,,STRONG,,/Volumes/SSD_Rad/GAIRA_BUILD/gaira_base_4_pilot3c_classifier_and_cross_disease_v1/tables/covid_liver_cross_disease_effects_v1.csv,Suspected_vs_Healthy,serum,infection_covid
E0001218,gaira_base_4_pilot3c_classifier_and_cross_disease_v1,serum,serum,cross_disease,Suspected_vs_Healthy|rep=clr|substrate=none,,cross_disease_effect,G08,lipid_acyl_membrane,down,-0.305,cohens_d,-0.305,,,,STRONG,,/Volumes/SSD_Rad/GAIRA_BUILD/gaira_base_4_pilot3c_classifier_and_cross_disease_v1/tables/covid_liver_cross_disease_effects_v1.csv,Suspected_vs_Healthy,serum,infection_covid
E0001219,gaira_base_4_pilot3c_classifier_and_cross_disease_v1,serum,serum,cross_disease,Suspected_vs_Healthy|rep=clr|substrate=none,,cross_disease_effect,G09,sterol_neutral_lipid,down,-0.294,cohens_d,-0.294,,,,STRONG,,/Volumes/SSD_Rad/GAIRA_BUILD/gaira_base_4_pilot3c_classifier_and_cross_disease_v1/tables/covid_liver_cross_disease_effects_v1.csv,Suspected_vs_Healthy,serum,infection_covid
E0001220,gaira_base_4_pilot3c_classifier_and_cross_disease_v1,serum,serum,cross_disease,Suspected_vs_Healthy|rep=clr|substrate=none,,cross_disease_effect,G10,sulfur_thiol_redox,down,-0.299,cohens_d,-0.299,,,,STRONG,,/Volumes/SSD_Rad/GAIRA_BUILD/gaira_base_4_pilot3c_classifier_and_cross_disease_v1/tables/covid_liver_cross_disease_effects_v1.csv,Suspected_vs_Healthy,serum,infection_covid
E0001221,gaira_base_4_pilot3c_classifier_and_cross_disease_v1,serum,serum,cross_disease,Suspected_vs_Healthy|rep=clr|substrate=none,,cross_disease_effect,G11,metabolic_small_molecule,down,-0.291,cohens_d,-0.291,,,,STRONG,,/Volumes/SSD_Rad/GAIRA_BUILD/gaira_base_4_pilot3c_classifier_and_cross_disease_v1/tables/covid_liver_cross_disease_effects_v1.csv,Suspected_vs_Healthy,serum,infection_covid
E0001222,gaira_base_4_pilot3c_classifier_and_cross_disease_v1,serum,serum,cross_disease,P1_HCC_vs_CTR|rep=sumnorm|substrate=Gurian Ag colloid (untyped),,cross_disease_effect,G01,purine_nucleotide,stable,-0.095,cohens_d,-0.095,,,,WEAK,,/Volumes/SSD_Rad/GAIRA_BUILD/gaira_base_4_pilot3c_classifier_and_cross_disease_v1/tables/covid_liver_cross_disease_effects_v1.csv,P1_HCC_vs_CTR,serum,liver_cancer
E0001223,gaira_base_4_pilot3c_classifier_and_cross_disease_v1,serum,serum,cross_disease,P1_HCC_vs_CTR|rep=sumnorm|substrate=Gurian Ag colloid (untyped),,cross_disease_effect,G02,purine_metabolite,down,-0.28,cohens_d,-0.28,,,,MODERATE,,/Volumes/SSD_Rad/GAIRA_BUILD/gaira_base_4_pilot3c_classifier_and_cross_disease_v1/tables/covid_liver_cross_disease_effects_v1.csv,P1_HCC_vs_CTR,serum,liver_cancer
E0001224,gaira_base_4_pilot3c_classifier_and_cross_disease_v1,serum,serum,cross_disease,P1_HCC_vs_CTR|rep=sumnorm|substrate=Gurian Ag colloid (untyped),,cross_disease_effect,G03,pyrimidine_nucleotide,down,-0.43,cohens_d,-0.43,,,,STRONG,,/Volumes/SSD_Rad/GAIRA_BUILD/gaira_base_4_pilot3c_classifier_and_cross_disease_v1/tables/covid_liver_cross_disease_effects_v1.csv,P1_HCC_vs_CTR,serum,liver_cancer
E0001225,gaira_base_4_pilot3c_classifier_and_cross_disease_v1,serum,serum,cross_disease,P1_HCC_vs_CTR|rep=sumnorm|substrate=Gurian Ag colloid (untyped),,cross_disease_effect,G04,nucleic_acid_phosphate,up,0.533,cohens_d,0.533,,,,STRONG,,/Volumes/SSD_Rad/GAIRA_BUILD/gaira_base_4_pilot3c_classifier_and_cross_disease_v1/tables/covid_liver_cross_disease_effects_v1.csv,P1_HCC_vs_CTR,serum,liver_cancer
E0001226,gaira_base_4_pilot3c_classifier_and_cross_disease_v1,serum,serum,cross_disease,P1_HCC_vs_CTR|rep=sumnorm|substrate=Gurian Ag colloid (untyped),,cross_disease_effect,G05,glycan_carbohydrate,up,0.573,cohens_d,0.573,,,,STRONG,,/Volumes/SSD_Rad/GAIRA_BUILD/gaira_base_4_pilot3c_classifier_and_cross_disease_v1/tables/covid_liver_cross_disease_effects_v1.csv,P1_HCC_vs_CTR,serum,liver_cancer
E0001227,gaira_base_4_pilot3c_classifier_and_cross_disease_v1,serum,serum,cross_disease,P1_HCC_vs_CTR|rep=sumnorm|substrate=Gurian Ag colloid (untyped),,cross_disease_effect,G06,protein_peptide_backbone,stable,-0.07,cohens_d,-0.07,,,,WEAK,,/Volumes/SSD_Rad/GAIRA_BUILD/gaira_base_4_pilot3c_classifier_and_cross_disease_v1/tables/covid_liver_cross_disease_effects_v1.csv,P1_HCC_vs_CTR,serum,liver_cancer
E0001228,gaira_base_4_pilot3c_classifier_and_cross_disease_v1,serum,serum,cross_disease,P1_HCC_vs_CTR|rep=sumnorm|substrate=Gurian Ag colloid (untyped),,cross_disease_effect,G07,aromatic_residue,stable,-0.141,cohens_d,-0.141,,,,WEAK,,/Volumes/SSD_Rad/GAIRA_BUILD/gaira_base_4_pilot3c_classifier_and_cross_disease_v1/tables/covid_liver_cross_disease_effects_v1.csv,P1_HCC_vs_CTR,serum,liver_cancer
E0001229,gaira_base_4_pilot3c_classifier_and_cross_disease_v1,serum,serum,cross_disease,P1_HCC_vs_CTR|rep=sumnorm|substrate=Gurian Ag colloid (untyped),,cross_disease_effect,G08,lipid_acyl_membrane,stable,0.19,cohens_d,0.19,,,,WEAK,,/Volumes/SSD_Rad/GAIRA_BUILD/gaira_base_4_pilot3c_classifier_and_cross_disease_v1/tables/covid_liver_cross_disease_effects_v1.csv,P1_HCC_vs_CTR,serum,liver_cancer
E0001230,gaira_base_4_pilot3c_classifier_and_cross_disease_v1,serum,serum,cross_disease,P1_HCC_vs_CTR|rep=sumnorm|substrate=Gurian Ag colloid (untyped),,cross_disease_effect,G09,sterol_neutral_lipid,down,-0.458,cohens_d,-0.458,,,,STRONG,,/Volumes/SSD_Rad/GAIRA_BUILD/gaira_base_4_pilot3c_classifier_and_cross_disease_v1/tables/covid_liver_cross_disease_effects_v1.csv,P1_HCC_vs_CTR,serum,liver_cancer
E0001231,gaira_base_4_pilot3c_classifier_and_cross_disease_v1,serum,serum,cross_disease,P1_HCC_vs_CTR|rep=sumnorm|substrate=Gurian Ag colloid (untyped),,cross_disease_effect,G10,sulfur_thiol_redox,stable,-0.048,cohens_d,-0.048,,,,WEAK,,/Volumes/SSD_Rad/GAIRA_BUILD/gaira_base_4_pilot3c_classifier_and_cross_disease_v1/tables/covid_liver_cross_disease_effects_v1.csv,P1_HCC_vs_CTR,serum,liver_cancer
E0001232,gaira_base_4_pilot3c_classifier_and_cross_disease_v1,serum,serum,cross_disease,P1_HCC_vs_CTR|rep=sumnorm|substrate=Gurian Ag colloid (untyped),,cross_disease_effect,G11,metabolic_small_molecule,stable,-0.04,cohens_d,-0.04,,,,WEAK,,/Volumes/SSD_Rad/GAIRA_BUILD/gaira_base_4_pilot3c_classifier_and_cross_disease_v1/tables/covid_liver_cross_disease_effects_v1.csv,P1_HCC_vs_CTR,serum,liver_cancer
E0001233,gaira_base_4_pilot3c_classifier_and_cross_disease_v1,serum,serum,cross_disease,P2_HCC_vs_NC|rep=sumnorm|substrate=label-free SERS nanosensor (unknown),,cross_disease_effect,G01,purine_nucleotide,stable,0.048,cohens_d,0.048,,,,WEAK,,/Volumes/SSD_Rad/GAIRA_BUILD/gaira_base_4_pilot3c_classifier_and_cross_disease_v1/tables/covid_liver_cross_disease_effects_v1.csv,P2_HCC_vs_NC,serum,liver_cancer
E0001234,gaira_base_4_pilot3c_classifier_and_cross_disease_v1,serum,serum,cross_disease,P2_HCC_vs_NC|rep=sumnorm|substrate=label-free SERS nanosensor (unknown),,cross_disease_effect,G02,purine_metabolite,down,-0.388,cohens_d,-0.388,,,,STRONG,,/Volumes/SSD_Rad/GAIRA_BUILD/gaira_base_4_pilot3c_classifier_and_cross_disease_v1/tables/covid_liver_cross_disease_effects_v1.csv,P2_HCC_vs_NC,serum,liver_cancer
E0001235,gaira_base_4_pilot3c_classifier_and_cross_disease_v1,serum,serum,cross_disease,P2_HCC_vs_NC|rep=sumnorm|substrate=label-free SERS nanosensor (unknown),,cross_disease_effect,G03,pyrimidine_nucleotide,stable,0.048,cohens_d,0.048,,,,WEAK,,/Volumes/SSD_Rad/GAIRA_BUILD/gaira_base_4_pilot3c_classifier_and_cross_disease_v1/tables/covid_liver_cross_disease_effects_v1.csv,P2_HCC_vs_NC,serum,liver_cancer
E0001236,gaira_base_4_pilot3c_classifier_and_cross_disease_v1,serum,serum,cross_disease,P2_HCC_vs_NC|rep=sumnorm|substrate=label-free SERS nanosensor (unknown),,cross_disease_effect,G04,nucleic_acid_phosphate,stable,0.028,cohens_d,0.028,,,,WEAK,,/Volumes/SSD_Rad/GAIRA_BUILD/gaira_base_4_pilot3c_classifier_and_cross_disease_v1/tables/covid_liver_cross_disease_effects_v1.csv,P2_HCC_vs_NC,serum,liver_cancer
E0001237,gaira_base_4_pilot3c_classifier_and_cross_disease_v1,serum,serum,cross_disease,P2_HCC_vs_NC|rep=sumnorm|substrate=label-free SERS nanosensor (unknown),,cross_disease_effect,G05,glycan_carbohydrate,stable,0.008,cohens_d,0.008,,,,WEAK,,/Volumes/SSD_Rad/GAIRA_BUILD/gaira_base_4_pilot3c_classifier_and_cross_disease_v1/tables/covid_liver_cross_disease_effects_v1.csv,P2_HCC_vs_NC,serum,liver_cancer
E0001238,gaira_base_4_pilot3c_classifier_and_cross_disease_v1,serum,serum,cross_disease,P2_HCC_vs_NC|rep=sumnorm|substrate=label-free SERS nanosensor (unknown),,cross_disease_effect,G06,protein_peptide_backbone,stable,-0.045,cohens_d,-0.045,,,,WEAK,,/Volumes/SSD_Rad/GAIRA_BUILD/gaira_base_4_pilot3c_classifier_and_cross_disease_v1/tables/covid_liver_cross_disease_effects_v1.csv,P2_HCC_vs_NC,serum,liver_cancer
E0001239,gaira_base_4_pilot3c_classifier_and_cross_disease_v1,serum,serum,cross_disease,P2_HCC_vs_NC|rep=sumnorm|substrate=label-free SERS nanosensor (unknown),,cross_disease_effect,G07,aromatic_residue,stable,0.129,cohens_d,0.129,,,,WEAK,,/Volumes/SSD_Rad/GAIRA_BUILD/gaira_base_4_pilot3c_classifier_and_cross_disease_v1/tables/covid_liver_cross_disease_effects_v1.csv,P2_HCC_vs_NC,serum,liver_cancer
E0001240,gaira_base_4_pilot3c_classifier_and_cross_disease_v1,serum,serum,cross_disease,P2_HCC_vs_NC|rep=sumnorm|substrate=label-free SERS nanosensor (unknown),,cross_disease_effect,G08,lipid_acyl_membrane,stable,-0.076,cohens_d,-0.076,,,,WEAK,,/Volumes/SSD_Rad/GAIRA_BUILD/gaira_base_4_pilot3c_classifier_and_cross_disease_v1/tables/covid_liver_cross_disease_effects_v1.csv,P2_HCC_vs_NC,serum,liver_cancer
E0001241,gaira_base_4_pilot3c_classifier_and_cross_disease_v1,serum,serum,cross_disease,P2_HCC_vs_NC|rep=sumnorm|substrate=label-free SERS nanosensor (unknown),,cross_disease_effect,G09,sterol_neutral_lipid,stable,-0.033,cohens_d,-0.033,,,,WEAK,,/Volumes/SSD_Rad/GAIRA_BUILD/gaira_base_4_pilot3c_classifier_and_cross_disease_v1/tables/covid_liver_cross_disease_effects_v1.csv,P2_HCC_vs_NC,serum,liver_cancer
E0001242,gaira_base_4_pilot3c_classifier_and_cross_disease_v1,serum,serum,cross_disease,P2_HCC_vs_NC|rep=sumnorm|substrate=label-free SERS nanosensor (unknown),,cross_disease_effect,G10,sulfur_thiol_redox,stable,0.141,cohens_d,0.141,,,,WEAK,,/Volumes/SSD_Rad/GAIRA_BUILD/gaira_base_4_pilot3c_classifier_and_cross_disease_v1/tables/covid_liver_cross_disease_effects_v1.csv,P2_HCC_vs_NC,serum,liver_cancer
E0001243,gaira_base_4_pilot3c_classifier_and_cross_disease_v1,serum,serum,cross_disease,P2_HCC_vs_NC|rep=sumnorm|substrate=label-free SERS nanosensor (unknown),,cross_disease_effect,G11,metabolic_small_molecule,stable,0.002,cohens_d,0.002,,,,WEAK,,/Volumes/SSD_Rad/GAIRA_BUILD/gaira_base_4_pilot3c_classifier_and_cross_disease_v1/tables/covid_liver_cross_disease_effects_v1.csv,P2_HCC_vs_NC,serum,liver_cancer
E0001244,gaira_base_4_pilot3c_classifier_and_cross_disease_v1,serum,serum,cross_disease,P2_CCA_vs_NC|rep=sumnorm|substrate=label-free SERS nanosensor (unknown),,cross_disease_effect,G01,purine_nucleotide,up,1.115,cohens_d,1.115,,,,STRONG,,/Volumes/SSD_Rad/GAIRA_BUILD/gaira_base_4_pilot3c_classifier_and_cross_disease_v1/tables/covid_liver_cross_disease_effects_v1.csv,P2_CCA_vs_NC,serum,liver_cancer
E0001245,gaira_base_4_pilot3c_classifier_and_cross_disease_v1,serum,serum,cross_disease,P2_CCA_vs_NC|rep=sumnorm|substrate=label-free SERS nanosensor (unknown),,cross_disease_effect,G02,purine_metabolite,up,0.265,cohens_d,0.265,,,,MODERATE,,/Volumes/SSD_Rad/GAIRA_BUILD/gaira_base_4_pilot3c_classifier_and_cross_disease_v1/tables/covid_liver_cross_disease_effects_v1.csv,P2_CCA_vs_NC,serum,liver_cancer
E0001246,gaira_base_4_pilot3c_classifier_and_cross_disease_v1,serum,serum,cross_disease,P2_CCA_vs_NC|rep=sumnorm|substrate=label-free SERS nanosensor (unknown),,cross_disease_effect,G03,pyrimidine_nucleotide,up,1.383,cohens_d,1.383,,,,STRONG,,/Volumes/SSD_Rad/GAIRA_BUILD/gaira_base_4_pilot3c_classifier_and_cross_disease_v1/tables/covid_liver_cross_disease_effects_v1.csv,P2_CCA_vs_NC,serum,liver_cancer
E0001247,gaira_base_4_pilot3c_classifier_and_cross_disease_v1,serum,serum,cross_disease,P2_CCA_vs_NC|rep=sumnorm|substrate=label-free SERS nanosensor (unknown),,cross_disease_effect,G04,nucleic_acid_phosphate,up,0.761,cohens_d,0.761,,,,STRONG,,/Volumes/SSD_Rad/GAIRA_BUILD/gaira_base_4_pilot3c_classifier_and_cross_disease_v1/tables/covid_liver_cross_disease_effects_v1.csv,P2_CCA_vs_NC,serum,liver_cancer
E0001248,gaira_base_4_pilot3c_classifier_and_cross_disease_v1,serum,serum,cross_disease,P2_CCA_vs_NC|rep=sumnorm|substrate=label-free SERS nanosensor (unknown),,cross_disease_effect,G05,glycan_carbohydrate,down,-1.283,cohens_d,-1.283,,,,STRONG,,/Volumes/SSD_Rad/GAIRA_BUILD/gaira_base_4_pilot3c_classifier_and_cross_disease_v1/tables/covid_liver_cross_disease_effects_v1.csv,P2_CCA_vs_NC,serum,liver_cancer
E0001249,gaira_base_4_pilot3c_classifier_and_cross_disease_v1,serum,serum,cross_disease,P2_CCA_vs_NC|rep=sumnorm|substrate=label-free SERS nanosensor (unknown),,cross_disease_effect,G06,protein_peptide_backbone,up,1.147,cohens_d,1.147,,,,STRONG,,/Volumes/SSD_Rad/GAIRA_BUILD/gaira_base_4_pilot3c_classifier_and_cross_disease_v1/tables/covid_liver_cross_disease_effects_v1.csv,P2_CCA_vs_NC,serum,liver_cancer
E0001250,gaira_base_4_pilot3c_classifier_and_cross_disease_v1,serum,serum,cross_disease,P2_CCA_vs_NC|rep=sumnorm|substrate=label-free SERS nanosensor (unknown),,cross_disease_effect,G07,aromatic_residue,up,1.146,cohens_d,1.146,,,,STRONG,,/Volumes/SSD_Rad/GAIRA_BUILD/gaira_base_4_pilot3c_classifier_and_cross_disease_v1/tables/covid_liver_cross_disease_effects_v1.csv,P2_CCA_vs_NC,serum,liver_cancer
E0001251,gaira_base_4_pilot3c_classifier_and_cross_disease_v1,serum,serum,cross_disease,P2_CCA_vs_NC|rep=sumnorm|substrate=label-free SERS nanosensor (unknown),,cross_disease_effect,G08,lipid_acyl_membrane,down,-1.285,cohens_d,-1.285,,,,STRONG,,/Volumes/SSD_Rad/GAIRA_BUILD/gaira_base_4_pilot3c_classifier_and_cross_disease_v1/tables/covid_liver_cross_disease_effects_v1.csv,P2_CCA_vs_NC,serum,liver_cancer
E0001252,gaira_base_4_pilot3c_classifier_and_cross_disease_v1,serum,serum,cross_disease,P2_CCA_vs_NC|rep=sumnorm|substrate=label-free SERS nanosensor (unknown),,cross_disease_effect,G09,sterol_neutral_lipid,down,-1.386,cohens_d,-1.386,,,,STRONG,,/Volumes/SSD_Rad/GAIRA_BUILD/gaira_base_4_pilot3c_classifier_and_cross_disease_v1/tables/covid_liver_cross_disease_effects_v1.csv,P2_CCA_vs_NC,serum,liver_cancer
E0001253,gaira_base_4_pilot3c_classifier_and_cross_disease_v1,serum,serum,cross_disease,P2_CCA_vs_NC|rep=sumnorm|substrate=label-free SERS nanosensor (unknown),,cross_disease_effect,G10,sulfur_thiol_redox,stable,-0.168,cohens_d,-0.168,,,,WEAK,,/Volumes/SSD_Rad/GAIRA_BUILD/gaira_base_4_pilot3c_classifier_and_cross_disease_v1/tables/covid_liver_cross_disease_effects_v1.csv,P2_CCA_vs_NC,serum,liver_cancer
E0001254,gaira_base_4_pilot3c_classifier_and_cross_disease_v1,serum,serum,cross_disease,P2_CCA_vs_NC|rep=sumnorm|substrate=label-free SERS nanosensor (unknown),,cross_disease_effect,G11,metabolic_small_molecule,down,-0.996,cohens_d,-0.996,,,,STRONG,,/Volumes/SSD_Rad/GAIRA_BUILD/gaira_base_4_pilot3c_classifier_and_cross_disease_v1/tables/covid_liver_cross_disease_effects_v1.csv,P2_CCA_vs_NC,serum,liver_cancer
E0001255,gaira_base_4_pilot3c_classifier_and_cross_disease_v1,serum,serum,cross_disease,P2_LM_vs_NC|rep=sumnorm|substrate=label-free SERS nanosensor (unknown),,cross_disease_effect,G01,purine_nucleotide,up,0.78,cohens_d,0.78,,,,STRONG,,/Volumes/SSD_Rad/GAIRA_BUILD/gaira_base_4_pilot3c_classifier_and_cross_disease_v1/tables/covid_liver_cross_disease_effects_v1.csv,P2_LM_vs_NC,serum,liver_cancer
E0001256,gaira_base_4_pilot3c_classifier_and_cross_disease_v1,serum,serum,cross_disease,P2_LM_vs_NC|rep=sumnorm|substrate=label-free SERS nanosensor (unknown),,cross_disease_effect,G02,purine_metabolite,stable,0.2,cohens_d,0.2,,,,MODERATE,,/Volumes/SSD_Rad/GAIRA_BUILD/gaira_base_4_pilot3c_classifier_and_cross_disease_v1/tables/covid_liver_cross_disease_effects_v1.csv,P2_LM_vs_NC,serum,liver_cancer
E0001257,gaira_base_4_pilot3c_classifier_and_cross_disease_v1,serum,serum,cross_disease,P2_LM_vs_NC|rep=sumnorm|substrate=label-free SERS nanosensor (unknown),,cross_disease_effect,G03,pyrimidine_nucleotide,up,0.863,cohens_d,0.863,,,,STRONG,,/Volumes/SSD_Rad/GAIRA_BUILD/gaira_base_4_pilot3c_classifier_and_cross_disease_v1/tables/covid_liver_cross_disease_effects_v1.csv,P2_LM_vs_NC,serum,liver_cancer
E0001258,gaira_base_4_pilot3c_classifier_and_cross_disease_v1,serum,serum,cross_disease,P2_LM_vs_NC|rep=sumnorm|substrate=label-free SERS nanosensor (unknown),,cross_disease_effect,G04,nucleic_acid_phosphate,up,1.027,cohens_d,1.027,,,,STRONG,,/Volumes/SSD_Rad/GAIRA_BUILD/gaira_base_4_pilot3c_classifier_and_cross_disease_v1/tables/covid_liver_cross_disease_effects_v1.csv,P2_LM_vs_NC,serum,liver_cancer
E0001259,gaira_base_4_pilot3c_classifier_and_cross_disease_v1,serum,serum,cross_disease,P2_LM_vs_NC|rep=sumnorm|substrate=label-free SERS nanosensor (unknown),,cross_disease_effect,G05,glycan_carbohydrate,down,-1.07,cohens_d,-1.07,,,,STRONG,,/Volumes/SSD_Rad/GAIRA_BUILD/gaira_base_4_pilot3c_classifier_and_cross_disease_v1/tables/covid_liver_cross_disease_effects_v1.csv,P2_LM_vs_NC,serum,liver_cancer
E0001260,gaira_base_4_pilot3c_classifier_and_cross_disease_v1,serum,serum,cross_disease,P2_LM_vs_NC|rep=sumnorm|substrate=label-free SERS nanosensor (unknown),,cross_disease_effect,G06,protein_peptide_backbone,up,1.012,cohens_d,1.012,,,,STRONG,,/Volumes/SSD_Rad/GAIRA_BUILD/gaira_base_4_pilot3c_classifier_and_cross_disease_v1/tables/covid_liver_cross_disease_effects_v1.csv,P2_LM_vs_NC,serum,liver_cancer
E0001261,gaira_base_4_pilot3c_classifier_and_cross_disease_v1,serum,serum,cross_disease,P2_LM_vs_NC|rep=sumnorm|substrate=label-free SERS nanosensor (unknown),,cross_disease_effect,G07,aromatic_residue,up,1.03,cohens_d,1.03,,,,STRONG,,/Volumes/SSD_Rad/GAIRA_BUILD/gaira_base_4_pilot3c_classifier_and_cross_disease_v1/tables/covid_liver_cross_disease_effects_v1.csv,P2_LM_vs_NC,serum,liver_cancer
E0001262,gaira_base_4_pilot3c_classifier_and_cross_disease_v1,serum,serum,cross_disease,P2_LM_vs_NC|rep=sumnorm|substrate=label-free SERS nanosensor (unknown),,cross_disease_effect,G08,lipid_acyl_membrane,down,-1.02,cohens_d,-1.02,,,,STRONG,,/Volumes/SSD_Rad/GAIRA_BUILD/gaira_base_4_pilot3c_classifier_and_cross_disease_v1/tables/covid_liver_cross_disease_effects_v1.csv,P2_LM_vs_NC,serum,liver_cancer
E0001263,gaira_base_4_pilot3c_classifier_and_cross_disease_v1,serum,serum,cross_disease,P2_LM_vs_NC|rep=sumnorm|substrate=label-free SERS nanosensor (unknown),,cross_disease_effect,G09,sterol_neutral_lipid,down,-1.194,cohens_d,-1.194,,,,STRONG,,/Volumes/SSD_Rad/GAIRA_BUILD/gaira_base_4_pilot3c_classifier_and_cross_disease_v1/tables/covid_liver_cross_disease_effects_v1.csv,P2_LM_vs_NC,serum,liver_cancer
E0001264,gaira_base_4_pilot3c_classifier_and_cross_disease_v1,serum,serum,cross_disease,P2_LM_vs_NC|rep=sumnorm|substrate=label-free SERS nanosensor (unknown),,cross_disease_effect,G10,sulfur_thiol_redox,stable,-0.028,cohens_d,-0.028,,,,WEAK,,/Volumes/SSD_Rad/GAIRA_BUILD/gaira_base_4_pilot3c_classifier_and_cross_disease_v1/tables/covid_liver_cross_disease_effects_v1.csv,P2_LM_vs_NC,serum,liver_cancer
E0001265,gaira_base_4_pilot3c_classifier_and_cross_disease_v1,serum,serum,cross_disease,P2_LM_vs_NC|rep=sumnorm|substrate=label-free SERS nanosensor (unknown),,cross_disease_effect,G11,metabolic_small_molecule,down,-0.85,cohens_d,-0.85,,,,STRONG,,/Volumes/SSD_Rad/GAIRA_BUILD/gaira_base_4_pilot3c_classifier_and_cross_disease_v1/tables/covid_liver_cross_disease_effects_v1.csv,P2_LM_vs_NC,serum,liver_cancer
E0001266,gaira_base_4_pilot3c_classifier_and_cross_disease_v1,serum,serum,cross_disease,P1_HCC_vs_CTR|rep=clr|substrate=Gurian Ag colloid (untyped),,cross_disease_effect,G01,purine_nucleotide,stable,-0.106,cohens_d,-0.106,,,,WEAK,,/Volumes/SSD_Rad/GAIRA_BUILD/gaira_base_4_pilot3c_classifier_and_cross_disease_v1/tables/covid_liver_cross_disease_effects_v1.csv,P1_HCC_vs_CTR,serum,liver_cancer
E0001267,gaira_base_4_pilot3c_classifier_and_cross_disease_v1,serum,serum,cross_disease,P1_HCC_vs_CTR|rep=clr|substrate=Gurian Ag colloid (untyped),,cross_disease_effect,G02,purine_metabolite,down,-0.307,cohens_d,-0.307,,,,MODERATE,,/Volumes/SSD_Rad/GAIRA_BUILD/gaira_base_4_pilot3c_classifier_and_cross_disease_v1/tables/covid_liver_cross_disease_effects_v1.csv,P1_HCC_vs_CTR,serum,liver_cancer
E0001268,gaira_base_4_pilot3c_classifier_and_cross_disease_v1,serum,serum,cross_disease,P1_HCC_vs_CTR|rep=clr|substrate=Gurian Ag colloid (untyped),,cross_disease_effect,G03,pyrimidine_nucleotide,down,-0.434,cohens_d,-0.434,,,,STRONG,,/Volumes/SSD_Rad/GAIRA_BUILD/gaira_base_4_pilot3c_classifier_and_cross_disease_v1/tables/covid_liver_cross_disease_effects_v1.csv,P1_HCC_vs_CTR,serum,liver_cancer
E0001269,gaira_base_4_pilot3c_classifier_and_cross_disease_v1,serum,serum,cross_disease,P1_HCC_vs_CTR|rep=clr|substrate=Gurian Ag colloid (untyped),,cross_disease_effect,G04,nucleic_acid_phosphate,up,0.547,cohens_d,0.547,,,,STRONG,,/Volumes/SSD_Rad/GAIRA_BUILD/gaira_base_4_pilot3c_classifier_and_cross_disease_v1/tables/covid_liver_cross_disease_effects_v1.csv,P1_HCC_vs_CTR,serum,liver_cancer
E0001270,gaira_base_4_pilot3c_classifier_and_cross_disease_v1,serum,serum,cross_disease,P1_HCC_vs_CTR|rep=clr|substrate=Gurian Ag colloid (untyped),,cross_disease_effect,G05,glycan_carbohydrate,up,0.551,cohens_d,0.551,,,,STRONG,,/Volumes/SSD_Rad/GAIRA_BUILD/gaira_base_4_pilot3c_classifier_and_cross_disease_v1/tables/covid_liver_cross_disease_effects_v1.csv,P1_HCC_vs_CTR,serum,liver_cancer
E0001271,gaira_base_4_pilot3c_classifier_and_cross_disease_v1,serum,serum,cross_disease,P1_HCC_vs_CTR|rep=clr|substrate=Gurian Ag colloid (untyped),,cross_disease_effect,G06,protein_peptide_backbone,stable,-0.08,cohens_d,-0.08,,,,WEAK,,/Volumes/SSD_Rad/GAIRA_BUILD/gaira_base_4_pilot3c_classifier_and_cross_disease_v1/tables/covid_liver_cross_disease_effects_v1.csv,P1_HCC_vs_CTR,serum,liver_cancer
E0001272,gaira_base_4_pilot3c_classifier_and_cross_disease_v1,serum,serum,cross_disease,P1_HCC_vs_CTR|rep=clr|substrate=Gurian Ag colloid (untyped),,cross_disease_effect,G07,aromatic_residue,stable,-0.16,cohens_d,-0.16,,,,WEAK,,/Volumes/SSD_Rad/GAIRA_BUILD/gaira_base_4_pilot3c_classifier_and_cross_disease_v1/tables/covid_liver_cross_disease_effects_v1.csv,P1_HCC_vs_CTR,serum,liver_cancer
E0001273,gaira_base_4_pilot3c_classifier_and_cross_disease_v1,serum,serum,cross_disease,P1_HCC_vs_CTR|rep=clr|substrate=Gurian Ag colloid (untyped),,cross_disease_effect,G08,lipid_acyl_membrane,stable,0.19,cohens_d,0.19,,,,WEAK,,/Volumes/SSD_Rad/GAIRA_BUILD/gaira_base_4_pilot3c_classifier_and_cross_disease_v1/tables/covid_liver_cross_disease_effects_v1.csv,P1_HCC_vs_CTR,serum,liver_cancer
E0001274,gaira_base_4_pilot3c_classifier_and_cross_disease_v1,serum,serum,cross_disease,P1_HCC_vs_CTR|rep=clr|substrate=Gurian Ag colloid (untyped),,cross_disease_effect,G09,sterol_neutral_lipid,down,-0.471,cohens_d,-0.471,,,,STRONG,,/Volumes/SSD_Rad/GAIRA_BUILD/gaira_base_4_pilot3c_classifier_and_cross_disease_v1/tables/covid_liver_cross_disease_effects_v1.csv,P1_HCC_vs_CTR,serum,liver_cancer
E0001275,gaira_base_4_pilot3c_classifier_and_cross_disease_v1,serum,serum,cross_disease,P1_HCC_vs_CTR|rep=clr|substrate=Gurian Ag colloid (untyped),,cross_disease_effect,G10,sulfur_thiol_redox,stable,-0.055,cohens_d,-0.055,,,,WEAK,,/Volumes/SSD_Rad/GAIRA_BUILD/gaira_base_4_pilot3c_classifier_and_cross_disease_v1/tables/covid_liver_cross_disease_effects_v1.csv,P1_HCC_vs_CTR,serum,liver_cancer
E0001276,gaira_base_4_pilot3c_classifier_and_cross_disease_v1,serum,serum,cross_disease,P1_HCC_vs_CTR|rep=clr|substrate=Gurian Ag colloid (untyped),,cross_disease_effect,G11,metabolic_small_molecule,stable,-0.046,cohens_d,-0.046,,,,WEAK,,/Volumes/SSD_Rad/GAIRA_BUILD/gaira_base_4_pilot3c_classifier_and_cross_disease_v1/tables/covid_liver_cross_disease_effects_v1.csv,P1_HCC_vs_CTR,serum,liver_cancer
E0001277,gaira_base_4_pilot3c_classifier_and_cross_disease_v1,serum,serum,cross_disease,P2_HCC_vs_NC|rep=clr|substrate=label-free SERS nanosensor (unknown),,cross_disease_effect,G01,purine_nucleotide,stable,0.046,cohens_d,0.046,,,,WEAK,,/Volumes/SSD_Rad/GAIRA_BUILD/gaira_base_4_pilot3c_classifier_and_cross_disease_v1/tables/covid_liver_cross_disease_effects_v1.csv,P2_HCC_vs_NC,serum,liver_cancer
E0001278,gaira_base_4_pilot3c_classifier_and_cross_disease_v1,serum,serum,cross_disease,P2_HCC_vs_NC|rep=clr|substrate=label-free SERS nanosensor (unknown),,cross_disease_effect,G02,purine_metabolite,down,-0.462,cohens_d,-0.462,,,,STRONG,,/Volumes/SSD_Rad/GAIRA_BUILD/gaira_base_4_pilot3c_classifier_and_cross_disease_v1/tables/covid_liver_cross_disease_effects_v1.csv,P2_HCC_vs_NC,serum,liver_cancer
E0001279,gaira_base_4_pilot3c_classifier_and_cross_disease_v1,serum,serum,cross_disease,P2_HCC_vs_NC|rep=clr|substrate=label-free SERS nanosensor (unknown),,cross_disease_effect,G03,pyrimidine_nucleotide,stable,0.063,cohens_d,0.063,,,,WEAK,,/Volumes/SSD_Rad/GAIRA_BUILD/gaira_base_4_pilot3c_classifier_and_cross_disease_v1/tables/covid_liver_cross_disease_effects_v1.csv,P2_HCC_vs_NC,serum,liver_cancer
E0001280,gaira_base_4_pilot3c_classifier_and_cross_disease_v1,serum,serum,cross_disease,P2_HCC_vs_NC|rep=clr|substrate=label-free SERS nanosensor (unknown),,cross_disease_effect,G04,nucleic_acid_phosphate,stable,0.03,cohens_d,0.03,,,,WEAK,,/Volumes/SSD_Rad/GAIRA_BUILD/gaira_base_4_pilot3c_classifier_and_cross_disease_v1/tables/covid_liver_cross_disease_effects_v1.csv,P2_HCC_vs_NC,serum,liver_cancer
E0001281,gaira_base_4_pilot3c_classifier_and_cross_disease_v1,serum,serum,cross_disease,P2_HCC_vs_NC|rep=clr|substrate=label-free SERS nanosensor (unknown),,cross_disease_effect,G05,glycan_carbohydrate,stable,0.007,cohens_d,0.007,,,,WEAK,,/Volumes/SSD_Rad/GAIRA_BUILD/gaira_base_4_pilot3c_classifier_and_cross_disease_v1/tables/covid_liver_cross_disease_effects_v1.csv,P2_HCC_vs_NC,serum,liver_cancer
E0001282,gaira_base_4_pilot3c_classifier_and_cross_disease_v1,serum,serum,cross_disease,P2_HCC_vs_NC|rep=clr|substrate=label-free SERS nanosensor (unknown),,cross_disease_effect,G06,protein_peptide_backbone,stable,-0.063,cohens_d,-0.063,,,,WEAK,,/Volumes/SSD_Rad/GAIRA_BUILD/gaira_base_4_pilot3c_classifier_and_cross_disease_v1/tables/covid_liver_cross_disease_effects_v1.csv,P2_HCC_vs_NC,serum,liver_cancer
E0001283,gaira_base_4_pilot3c_classifier_and_cross_disease_v1,serum,serum,cross_disease,P2_HCC_vs_NC|rep=clr|substrate=label-free SERS nanosensor (unknown),,cross_disease_effect,G07,aromatic_residue,stable,0.152,cohens_d,0.152,,,,WEAK,,/Volumes/SSD_Rad/GAIRA_BUILD/gaira_base_4_pilot3c_classifier_and_cross_disease_v1/tables/covid_liver_cross_disease_effects_v1.csv,P2_HCC_vs_NC,serum,liver_cancer
E0001284,gaira_base_4_pilot3c_classifier_and_cross_disease_v1,serum,serum,cross_disease,P2_HCC_vs_NC|rep=clr|substrate=label-free SERS nanosensor (unknown),,cross_disease_effect,G08,lipid_acyl_membrane,stable,-0.064,cohens_d,-0.064,,,,WEAK,,/Volumes/SSD_Rad/GAIRA_BUILD/gaira_base_4_pilot3c_classifier_and_cross_disease_v1/tables/covid_liver_cross_disease_effects_v1.csv,P2_HCC_vs_NC,serum,liver_cancer
E0001285,gaira_base_4_pilot3c_classifier_and_cross_disease_v1,serum,serum,cross_disease,P2_HCC_vs_NC|rep=clr|substrate=label-free SERS nanosensor (unknown),,cross_disease_effect,G09,sterol_neutral_lipid,stable,-0.032,cohens_d,-0.032,,,,WEAK,,/Volumes/SSD_Rad/GAIRA_BUILD/gaira_base_4_pilot3c_classifier_and_cross_disease_v1/tables/covid_liver_cross_disease_effects_v1.csv,P2_HCC_vs_NC,serum,liver_cancer
E0001286,gaira_base_4_pilot3c_classifier_and_cross_disease_v1,serum,serum,cross_disease,P2_HCC_vs_NC|rep=clr|substrate=label-free SERS nanosensor (unknown),,cross_disease_effect,G10,sulfur_thiol_redox,stable,0.122,cohens_d,0.122,,,,WEAK,,/Volumes/SSD_Rad/GAIRA_BUILD/gaira_base_4_pilot3c_classifier_and_cross_disease_v1/tables/covid_liver_cross_disease_effects_v1.csv,P2_HCC_vs_NC,serum,liver_cancer
E0001287,gaira_base_4_pilot3c_classifier_and_cross_disease_v1,serum,serum,cross_disease,P2_HCC_vs_NC|rep=clr|substrate=label-free SERS nanosensor (unknown),,cross_disease_effect,G11,metabolic_small_molecule,stable,-0.003,cohens_d,-0.003,,,,WEAK,,/Volumes/SSD_Rad/GAIRA_BUILD/gaira_base_4_pilot3c_classifier_and_cross_disease_v1/tables/covid_liver_cross_disease_effects_v1.csv,P2_HCC_vs_NC,serum,liver_cancer
E0001288,gaira_base_4_pilot3c_classifier_and_cross_disease_v1,serum,serum,cross_disease,P2_CCA_vs_NC|rep=clr|substrate=label-free SERS nanosensor (unknown),,cross_disease_effect,G01,purine_nucleotide,up,1.082,cohens_d,1.082,,,,STRONG,,/Volumes/SSD_Rad/GAIRA_BUILD/gaira_base_4_pilot3c_classifier_and_cross_disease_v1/tables/covid_liver_cross_disease_effects_v1.csv,P2_CCA_vs_NC,serum,liver_cancer
E0001289,gaira_base_4_pilot3c_classifier_and_cross_disease_v1,serum,serum,cross_disease,P2_CCA_vs_NC|rep=clr|substrate=label-free SERS nanosensor (unknown),,cross_disease_effect,G02,purine_metabolite,stable,-0.178,cohens_d,-0.178,,,,WEAK,,/Volumes/SSD_Rad/GAIRA_BUILD/gaira_base_4_pilot3c_classifier_and_cross_disease_v1/tables/covid_liver_cross_disease_effects_v1.csv,P2_CCA_vs_NC,serum,liver_cancer
E0001290,gaira_base_4_pilot3c_classifier_and_cross_disease_v1,serum,serum,cross_disease,P2_CCA_vs_NC|rep=clr|substrate=label-free SERS nanosensor (unknown),,cross_disease_effect,G03,pyrimidine_nucleotide,up,1.227,cohens_d,1.227,,,,STRONG,,/Volumes/SSD_Rad/GAIRA_BUILD/gaira_base_4_pilot3c_classifier_and_cross_disease_v1/tables/covid_liver_cross_disease_effects_v1.csv,P2_CCA_vs_NC,serum,liver_cancer
E0001291,gaira_base_4_pilot3c_classifier_and_cross_disease_v1,serum,serum,cross_disease,P2_CCA_vs_NC|rep=clr|substrate=label-free SERS nanosensor (unknown),,cross_disease_effect,G04,nucleic_acid_phosphate,up,0.347,cohens_d,0.347,,,,MODERATE,,/Volumes/SSD_Rad/GAIRA_BUILD/gaira_base_4_pilot3c_classifier_and_cross_disease_v1/tables/covid_liver_cross_disease_effects_v1.csv,P2_CCA_vs_NC,serum,liver_cancer
E0001292,gaira_base_4_pilot3c_classifier_and_cross_disease_v1,serum,serum,cross_disease,P2_CCA_vs_NC|rep=clr|substrate=label-free SERS nanosensor (unknown),,cross_disease_effect,G05,glycan_carbohydrate,down,-1.292,cohens_d,-1.292,,,,STRONG,,/Volumes/SSD_Rad/GAIRA_BUILD/gaira_base_4_pilot3c_classifier_and_cross_disease_v1/tables/covid_liver_cross_disease_effects_v1.csv,P2_CCA_vs_NC,serum,liver_cancer
E0001293,gaira_base_4_pilot3c_classifier_and_cross_disease_v1,serum,serum,cross_disease,P2_CCA_vs_NC|rep=clr|substrate=label-free SERS nanosensor (unknown),,cross_disease_effect,G06,protein_peptide_backbone,up,1.159,cohens_d,1.159,,,,STRONG,,/Volumes/SSD_Rad/GAIRA_BUILD/gaira_base_4_pilot3c_classifier_and_cross_disease_v1/tables/covid_liver_cross_disease_effects_v1.csv,P2_CCA_vs_NC,serum,liver_cancer
E0001294,gaira_base_4_pilot3c_classifier_and_cross_disease_v1,serum,serum,cross_disease,P2_CCA_vs_NC|rep=clr|substrate=label-free SERS nanosensor (unknown),,cross_disease_effect,G07,aromatic_residue,up,1.157,cohens_d,1.157,,,,STRONG,,/Volumes/SSD_Rad/GAIRA_BUILD/gaira_base_4_pilot3c_classifier_and_cross_disease_v1/tables/covid_liver_cross_disease_effects_v1.csv,P2_CCA_vs_NC,serum,liver_cancer
E0001295,gaira_base_4_pilot3c_classifier_and_cross_disease_v1,serum,serum,cross_disease,P2_CCA_vs_NC|rep=clr|substrate=label-free SERS nanosensor (unknown),,cross_disease_effect,G08,lipid_acyl_membrane,down,-1.297,cohens_d,-1.297,,,,STRONG,,/Volumes/SSD_Rad/GAIRA_BUILD/gaira_base_4_pilot3c_classifier_and_cross_disease_v1/tables/covid_liver_cross_disease_effects_v1.csv,P2_CCA_vs_NC,serum,liver_cancer
E0001296,gaira_base_4_pilot3c_classifier_and_cross_disease_v1,serum,serum,cross_disease,P2_CCA_vs_NC|rep=clr|substrate=label-free SERS nanosensor (unknown),,cross_disease_effect,G09,sterol_neutral_lipid,down,-1.376,cohens_d,-1.376,,,,STRONG,,/Volumes/SSD_Rad/GAIRA_BUILD/gaira_base_4_pilot3c_classifier_and_cross_disease_v1/tables/covid_liver_cross_disease_effects_v1.csv,P2_CCA_vs_NC,serum,liver_cancer
E0001297,gaira_base_4_pilot3c_classifier_and_cross_disease_v1,serum,serum,cross_disease,P2_CCA_vs_NC|rep=clr|substrate=label-free SERS nanosensor (unknown),,cross_disease_effect,G10,sulfur_thiol_redox,down,-0.398,cohens_d,-0.398,,,,MODERATE,,/Volumes/SSD_Rad/GAIRA_BUILD/gaira_base_4_pilot3c_classifier_and_cross_disease_v1/tables/covid_liver_cross_disease_effects_v1.csv,P2_CCA_vs_NC,serum,liver_cancer
E0001298,gaira_base_4_pilot3c_classifier_and_cross_disease_v1,serum,serum,cross_disease,P2_CCA_vs_NC|rep=clr|substrate=label-free SERS nanosensor (unknown),,cross_disease_effect,G11,metabolic_small_molecule,down,-1.053,cohens_d,-1.053,,,,STRONG,,/Volumes/SSD_Rad/GAIRA_BUILD/gaira_base_4_pilot3c_classifier_and_cross_disease_v1/tables/covid_liver_cross_disease_effects_v1.csv,P2_CCA_vs_NC,serum,liver_cancer
E0001299,gaira_base_4_pilot3c_classifier_and_cross_disease_v1,serum,serum,cross_disease,P2_LM_vs_NC|rep=clr|substrate=label-free SERS nanosensor (unknown),,cross_disease_effect,G01,purine_nucleotide,up,0.721,cohens_d,0.721,,,,STRONG,,/Volumes/SSD_Rad/GAIRA_BUILD/gaira_base_4_pilot3c_classifier_and_cross_disease_v1/tables/covid_liver_cross_disease_effects_v1.csv,P2_LM_vs_NC,serum,liver_cancer
E0001300,gaira_base_4_pilot3c_classifier_and_cross_disease_v1,serum,serum,cross_disease,P2_LM_vs_NC|rep=clr|substrate=label-free SERS nanosensor (unknown),,cross_disease_effect,G02,purine_metabolite,stable,-0.17,cohens_d,-0.17,,,,WEAK,,/Volumes/SSD_Rad/GAIRA_BUILD/gaira_base_4_pilot3c_classifier_and_cross_disease_v1/tables/covid_liver_cross_disease_effects_v1.csv,P2_LM_vs_NC,serum,liver_cancer
E0001301,gaira_base_4_pilot3c_classifier_and_cross_disease_v1,serum,serum,cross_disease,P2_LM_vs_NC|rep=clr|substrate=label-free SERS nanosensor (unknown),,cross_disease_effect,G03,pyrimidine_nucleotide,up,0.697,cohens_d,0.697,,,,STRONG,,/Volumes/SSD_Rad/GAIRA_BUILD/gaira_base_4_pilot3c_classifier_and_cross_disease_v1/tables/covid_liver_cross_disease_effects_v1.csv,P2_LM_vs_NC,serum,liver_cancer
E0001302,gaira_base_4_pilot3c_classifier_and_cross_disease_v1,serum,serum,cross_disease,P2_LM_vs_NC|rep=clr|substrate=label-free SERS nanosensor (unknown),,cross_disease_effect,G04,nucleic_acid_phosphate,up,0.698,cohens_d,0.698,,,,STRONG,,/Volumes/SSD_Rad/GAIRA_BUILD/gaira_base_4_pilot3c_classifier_and_cross_disease_v1/tables/covid_liver_cross_disease_effects_v1.csv,P2_LM_vs_NC,serum,liver_cancer
E0001303,gaira_base_4_pilot3c_classifier_and_cross_disease_v1,serum,serum,cross_disease,P2_LM_vs_NC|rep=clr|substrate=label-free SERS nanosensor (unknown),,cross_disease_effect,G05,glycan_carbohydrate,down,-1.086,cohens_d,-1.086,,,,STRONG,,/Volumes/SSD_Rad/GAIRA_BUILD/gaira_base_4_pilot3c_classifier_and_cross_disease_v1/tables/covid_liver_cross_disease_effects_v1.csv,P2_LM_vs_NC,serum,liver_cancer
E0001304,gaira_base_4_pilot3c_classifier_and_cross_disease_v1,serum,serum,cross_disease,P2_LM_vs_NC|rep=clr|substrate=label-free SERS nanosensor (unknown),,cross_disease_effect,G06,protein_peptide_backbone,up,1.034,cohens_d,1.034,,,,STRONG,,/Volumes/SSD_Rad/GAIRA_BUILD/gaira_base_4_pilot3c_classifier_and_cross_disease_v1/tables/covid_liver_cross_disease_effects_v1.csv,P2_LM_vs_NC,serum,liver_cancer
E0001305,gaira_base_4_pilot3c_classifier_and_cross_disease_v1,serum,serum,cross_disease,P2_LM_vs_NC|rep=clr|substrate=label-free SERS nanosensor (unknown),,cross_disease_effect,G07,aromatic_residue,up,1.053,cohens_d,1.053,,,,STRONG,,/Volumes/SSD_Rad/GAIRA_BUILD/gaira_base_4_pilot3c_classifier_and_cross_disease_v1/tables/covid_liver_cross_disease_effects_v1.csv,P2_LM_vs_NC,serum,liver_cancer
E0001306,gaira_base_4_pilot3c_classifier_and_cross_disease_v1,serum,serum,cross_disease,P2_LM_vs_NC|rep=clr|substrate=label-free SERS nanosensor (unknown),,cross_disease_effect,G08,lipid_acyl_membrane,down,-1.046,cohens_d,-1.046,,,,STRONG,,/Volumes/SSD_Rad/GAIRA_BUILD/gaira_base_4_pilot3c_classifier_and_cross_disease_v1/tables/covid_liver_cross_disease_effects_v1.csv,P2_LM_vs_NC,serum,liver_cancer
E0001307,gaira_base_4_pilot3c_classifier_and_cross_disease_v1,serum,serum,cross_disease,P2_LM_vs_NC|rep=clr|substrate=label-free SERS nanosensor (unknown),,cross_disease_effect,G09,sterol_neutral_lipid,down,-1.182,cohens_d,-1.182,,,,STRONG,,/Volumes/SSD_Rad/GAIRA_BUILD/gaira_base_4_pilot3c_classifier_and_cross_disease_v1/tables/covid_liver_cross_disease_effects_v1.csv,P2_LM_vs_NC,serum,liver_cancer
E0001308,gaira_base_4_pilot3c_classifier_and_cross_disease_v1,serum,serum,cross_disease,P2_LM_vs_NC|rep=clr|substrate=label-free SERS nanosensor (unknown),,cross_disease_effect,G10,sulfur_thiol_redox,down,-0.238,cohens_d,-0.238,,,,MODERATE,,/Volumes/SSD_Rad/GAIRA_BUILD/gaira_base_4_pilot3c_classifier_and_cross_disease_v1/tables/covid_liver_cross_disease_effects_v1.csv,P2_LM_vs_NC,serum,liver_cancer
E0001309,gaira_base_4_pilot3c_classifier_and_cross_disease_v1,serum,serum,cross_disease,P2_LM_vs_NC|rep=clr|substrate=label-free SERS nanosensor (unknown),,cross_disease_effect,G11,metabolic_small_molecule,down,-0.911,cohens_d,-0.911,,,,STRONG,,/Volumes/SSD_Rad/GAIRA_BUILD/gaira_base_4_pilot3c_classifier_and_cross_disease_v1/tables/covid_liver_cross_disease_effects_v1.csv,P2_LM_vs_NC,serum,liver_cancer
E0001310,gaira_base_4_small_ev_shared_structure_pass_v2,EV,EV,dual_probe_invariance,Probe1,top_axis,probe_axis_rank,G05,glycan_carbohydrate,up,0.491855689354353,rank_combined,3.0,,,,MODERATE,,/Volumes/SSD_Rad/GAIRA_BUILD/gaira_base_4_small_ev_shared_structure_pass_v2/tables/axis_rank_comparison_v2.csv,smallEV_Probe1,EV,dual_probe_invariance
E0001311,gaira_base_4_small_ev_shared_structure_pass_v2,EV,EV,dual_probe_invariance,Probe1,top_axis,probe_axis_rank,G08,lipid_acyl_membrane,up,0.5044737786048615,rank_combined,2.0,,,,MODERATE,,/Volumes/SSD_Rad/GAIRA_BUILD/gaira_base_4_small_ev_shared_structure_pass_v2/tables/axis_rank_comparison_v2.csv,smallEV_Probe1,EV,dual_probe_invariance
E0001312,gaira_base_4_small_ev_shared_structure_pass_v2,EV,EV,dual_probe_invariance,Probe1,top_axis,probe_axis_rank,G10,sulfur_thiol_redox,up,0.5724785805312725,rank_combined,1.0,,,,MODERATE,,/Volumes/SSD_Rad/GAIRA_BUILD/gaira_base_4_small_ev_shared_structure_pass_v2/tables/axis_rank_comparison_v2.csv,smallEV_Probe1,EV,dual_probe_invariance
E0001313,gaira_base_4_small_ev_shared_structure_pass_v2,EV,EV,dual_probe_invariance,Probe2,top_axis,probe_axis_rank,G07,aromatic_residue,up,0.5410440329215465,rank_combined,2.0,,,,MODERATE,,/Volumes/SSD_Rad/GAIRA_BUILD/gaira_base_4_small_ev_shared_structure_pass_v2/tables/axis_rank_comparison_v2.csv,smallEV_Probe2,EV,dual_probe_invariance
E0001314,gaira_base_4_small_ev_shared_structure_pass_v2,EV,EV,dual_probe_invariance,Probe2,top_axis,probe_axis_rank,G09,sterol_neutral_lipid,up,0.5370908563771092,rank_combined,3.0,,,,MODERATE,,/Volumes/SSD_Rad/GAIRA_BUILD/gaira_base_4_small_ev_shared_structure_pass_v2/tables/axis_rank_comparison_v2.csv,smallEV_Probe2,EV,dual_probe_invariance
E0001315,gaira_base_4_small_ev_shared_structure_pass_v2,EV,EV,dual_probe_invariance,Probe2,top_axis,probe_axis_rank,G11,metabolic_small_molecule,up,0.5847281188931532,rank_combined,1.0,,,,MODERATE,,/Volumes/SSD_Rad/GAIRA_BUILD/gaira_base_4_small_ev_shared_structure_pass_v2/tables/axis_rank_comparison_v2.csv,smallEV_Probe2,EV,dual_probe_invariance
E0001316,gaira_base_4_shine_ev_gaira_pilot_v1,EV,EV,toxicity_drug_response,comparison|pilot=Set10,,binary_effect,G01,purine_nucleotide,up,0.2111452345253437,cohens_d,0.2111452345253437,,,,MODERATE,,/Volumes/SSD_Rad/GAIRA_BUILD/gaira_base_4_shine_ev_gaira_pilot_v1/tables/shine_effect_sizes_v1.csv,hepatotoxicity_classifier,EV,toxicity_drug_response
E0001317,gaira_base_4_shine_ev_gaira_pilot_v1,EV,EV,toxicity_drug_response,comparison|pilot=Set10,,binary_effect,G02,purine_metabolite,stable,-0.0716229891884952,cohens_d,-0.0716229891884952,,,,WEAK,,/Volumes/SSD_Rad/GAIRA_BUILD/gaira_base_4_shine_ev_gaira_pilot_v1/tables/shine_effect_sizes_v1.csv,hepatotoxicity_classifier,EV,toxicity_drug_response
E0001318,gaira_base_4_shine_ev_gaira_pilot_v1,EV,EV,toxicity_drug_response,comparison|pilot=Set10,,binary_effect,G03,pyrimidine_nucleotide,up,0.3519721788998148,cohens_d,0.3519721788998148,,,,MODERATE,,/Volumes/SSD_Rad/GAIRA_BUILD/gaira_base_4_shine_ev_gaira_pilot_v1/tables/shine_effect_sizes_v1.csv,hepatotoxicity_classifier,EV,toxicity_drug_response
E0001319,gaira_base_4_shine_ev_gaira_pilot_v1,EV,EV,toxicity_drug_response,comparison|pilot=Set10,,binary_effect,G04,nucleic_acid_phosphate,up,0.3519721788998148,cohens_d,0.3519721788998148,,,,MODERATE,,/Volumes/SSD_Rad/GAIRA_BUILD/gaira_base_4_shine_ev_gaira_pilot_v1/tables/shine_effect_sizes_v1.csv,hepatotoxicity_classifier,EV,toxicity_drug_response
E0001320,gaira_base_4_shine_ev_gaira_pilot_v1,EV,EV,toxicity_drug_response,comparison|pilot=Set10,,binary_effect,G05,glycan_carbohydrate,stable,-0.0493452180983968,cohens_d,-0.0493452180983968,,,,WEAK,,/Volumes/SSD_Rad/GAIRA_BUILD/gaira_base_4_shine_ev_gaira_pilot_v1/tables/shine_effect_sizes_v1.csv,hepatotoxicity_classifier,EV,toxicity_drug_response
E0001321,gaira_base_4_shine_ev_gaira_pilot_v1,EV,EV,toxicity_drug_response,comparison|pilot=Set10,,binary_effect,G06,protein_peptide_backbone,up,0.3519721788998148,cohens_d,0.3519721788998148,,,,MODERATE,,/Volumes/SSD_Rad/GAIRA_BUILD/gaira_base_4_shine_ev_gaira_pilot_v1/tables/shine_effect_sizes_v1.csv,hepatotoxicity_classifier,EV,toxicity_drug_response
E0001322,gaira_base_4_shine_ev_gaira_pilot_v1,EV,EV,toxicity_drug_response,comparison|pilot=Set10,,binary_effect,G07,aromatic_residue,stable,-0.0898139131773066,cohens_d,-0.0898139131773066,,,,WEAK,,/Volumes/SSD_Rad/GAIRA_BUILD/gaira_base_4_shine_ev_gaira_pilot_v1/tables/shine_effect_sizes_v1.csv,hepatotoxicity_classifier,EV,toxicity_drug_response
E0001323,gaira_base_4_shine_ev_gaira_pilot_v1,EV,EV,toxicity_drug_response,comparison|pilot=Set10,,binary_effect,G08,lipid_acyl_membrane,down,-0.2234385799159691,cohens_d,-0.2234385799159691,,,,MODERATE,,/Volumes/SSD_Rad/GAIRA_BUILD/gaira_base_4_shine_ev_gaira_pilot_v1/tables/shine_effect_sizes_v1.csv,hepatotoxicity_classifier,EV,toxicity_drug_response
E0001324,gaira_base_4_shine_ev_gaira_pilot_v1,EV,EV,toxicity_drug_response,comparison|pilot=Set10,,binary_effect,G09,sterol_neutral_lipid,stable,-0.1442534349349017,cohens_d,-0.1442534349349017,,,,WEAK,,/Volumes/SSD_Rad/GAIRA_BUILD/gaira_base_4_shine_ev_gaira_pilot_v1/tables/shine_effect_sizes_v1.csv,hepatotoxicity_classifier,EV,toxicity_drug_response
E0001325,gaira_base_4_shine_ev_gaira_pilot_v1,EV,EV,toxicity_drug_response,comparison|pilot=Set10,,binary_effect,G10,sulfur_thiol_redox,stable,0.1272301607930716,cohens_d,0.1272301607930716,,,,WEAK,,/Volumes/SSD_Rad/GAIRA_BUILD/gaira_base_4_shine_ev_gaira_pilot_v1/tables/shine_effect_sizes_v1.csv,hepatotoxicity_classifier,EV,toxicity_drug_response
E0001326,gaira_base_4_shine_ev_gaira_pilot_v1,EV,EV,toxicity_drug_response,comparison|pilot=Set10,,binary_effect,G11,metabolic_small_molecule,stable,-0.102885738300411,cohens_d,-0.102885738300411,,,,WEAK,,/Volumes/SSD_Rad/GAIRA_BUILD/gaira_base_4_shine_ev_gaira_pilot_v1/tables/shine_effect_sizes_v1.csv,hepatotoxicity_classifier,EV,toxicity_drug_response
E0001327,gaira_base_4_shine_ev_gaira_pilot_v1,EV,EV,toxicity_drug_response,comparison|pilot=Set9,,binary_effect,G01,purine_nucleotide,stable,0.1488435333970002,cohens_d,0.1488435333970002,,,,WEAK,,/Volumes/SSD_Rad/GAIRA_BUILD/gaira_base_4_shine_ev_gaira_pilot_v1/tables/shine_effect_sizes_v1.csv,hepatotoxicity_classifier,EV,toxicity_drug_response
E0001328,gaira_base_4_shine_ev_gaira_pilot_v1,EV,EV,toxicity_drug_response,comparison|pilot=Set9,,binary_effect,G02,purine_metabolite,down,-0.2282385728245923,cohens_d,-0.2282385728245923,,,,MODERATE,,/Volumes/SSD_Rad/GAIRA_BUILD/gaira_base_4_shine_ev_gaira_pilot_v1/tables/shine_effect_sizes_v1.csv,hepatotoxicity_classifier,EV,toxicity_drug_response
E0001329,gaira_base_4_shine_ev_gaira_pilot_v1,EV,EV,toxicity_drug_response,comparison|pilot=Set9,,binary_effect,G03,pyrimidine_nucleotide,stable,0.1705959188505154,cohens_d,0.1705959188505154,,,,WEAK,,/Volumes/SSD_Rad/GAIRA_BUILD/gaira_base_4_shine_ev_gaira_pilot_v1/tables/shine_effect_sizes_v1.csv,hepatotoxicity_classifier,EV,toxicity_drug_response
E0001330,gaira_base_4_shine_ev_gaira_pilot_v1,EV,EV,toxicity_drug_response,comparison|pilot=Set9,,binary_effect,G04,nucleic_acid_phosphate,stable,0.1705959188505154,cohens_d,0.1705959188505154,,,,WEAK,,/Volumes/SSD_Rad/GAIRA_BUILD/gaira_base_4_shine_ev_gaira_pilot_v1/tables/shine_effect_sizes_v1.csv,hepatotoxicity_classifier,EV,toxicity_drug_response
E0001331,gaira_base_4_shine_ev_gaira_pilot_v1,EV,EV,toxicity_drug_response,comparison|pilot=Set9,,binary_effect,G05,glycan_carbohydrate,stable,0.0301870413515423,cohens_d,0.0301870413515423,,,,WEAK,,/Volumes/SSD_Rad/GAIRA_BUILD/gaira_base_4_shine_ev_gaira_pilot_v1/tables/shine_effect_sizes_v1.csv,hepatotoxicity_classifier,EV,toxicity_drug_response
E0001332,gaira_base_4_shine_ev_gaira_pilot_v1,EV,EV,toxicity_drug_response,comparison|pilot=Set9,,binary_effect,G06,protein_peptide_backbone,stable,0.1705959188505154,cohens_d,0.1705959188505154,,,,WEAK,,/Volumes/SSD_Rad/GAIRA_BUILD/gaira_base_4_shine_ev_gaira_pilot_v1/tables/shine_effect_sizes_v1.csv,hepatotoxicity_classifier,EV,toxicity_drug_response
E0001333,gaira_base_4_shine_ev_gaira_pilot_v1,EV,EV,toxicity_drug_response,comparison|pilot=Set9,,binary_effect,G07,aromatic_residue,stable,-0.0730174652178648,cohens_d,-0.0730174652178648,,,,WEAK,,/Volumes/SSD_Rad/GAIRA_BUILD/gaira_base_4_shine_ev_gaira_pilot_v1/tables/shine_effect_sizes_v1.csv,hepatotoxicity_classifier,EV,toxicity_drug_response
E0001334,gaira_base_4_shine_ev_gaira_pilot_v1,EV,EV,toxicity_drug_response,comparison|pilot=Set9,,binary_effect,G08,lipid_acyl_membrane,stable,-0.0777055541469962,cohens_d,-0.0777055541469962,,,,WEAK,,/Volumes/SSD_Rad/GAIRA_BUILD/gaira_base_4_shine_ev_gaira_pilot_v1/tables/shine_effect_sizes_v1.csv,hepatotoxicity_classifier,EV,toxicity_drug_response
E0001335,gaira_base_4_shine_ev_gaira_pilot_v1,EV,EV,toxicity_drug_response,comparison|pilot=Set9,,binary_effect,G09,sterol_neutral_lipid,stable,0.1225336609710231,cohens_d,0.1225336609710231,,,,WEAK,,/Volumes/SSD_Rad/GAIRA_BUILD/gaira_base_4_shine_ev_gaira_pilot_v1/tables/shine_effect_sizes_v1.csv,hepatotoxicity_classifier,EV,toxicity_drug_response
E0001336,gaira_base_4_shine_ev_gaira_pilot_v1,EV,EV,toxicity_drug_response,comparison|pilot=Set9,,binary_effect,G10,sulfur_thiol_redox,stable,-0.1154798435267717,cohens_d,-0.1154798435267717,,,,WEAK,,/Volumes/SSD_Rad/GAIRA_BUILD/gaira_base_4_shine_ev_gaira_pilot_v1/tables/shine_effect_sizes_v1.csv,hepatotoxicity_classifier,EV,toxicity_drug_response
E0001337,gaira_base_4_shine_ev_gaira_pilot_v1,EV,EV,toxicity_drug_response,comparison|pilot=Set9,,binary_effect,G11,metabolic_small_molecule,down,-0.2203093379204043,cohens_d,-0.2203093379204043,,,,MODERATE,,/Volumes/SSD_Rad/GAIRA_BUILD/gaira_base_4_shine_ev_gaira_pilot_v1/tables/shine_effect_sizes_v1.csv,hepatotoxicity_classifier,EV,toxicity_drug_response
E0001338,gaira_base_4_shine_ev_gaira_pilot_v1,EV,EV,toxicity_drug_response,comparison|pilot=Set9,,binary_effect,G01,purine_nucleotide,stable,-0.039781323111558,cohens_d,-0.039781323111558,,,,WEAK,,/Volumes/SSD_Rad/GAIRA_BUILD/gaira_base_4_shine_ev_gaira_pilot_v1/tables/shine_effect_sizes_v1.csv,hepatotoxicity_classifier,EV,toxicity_drug_response
E0001339,gaira_base_4_shine_ev_gaira_pilot_v1,EV,EV,toxicity_drug_response,comparison|pilot=Set9,,binary_effect,G02,purine_metabolite,stable,0.0563821025154121,cohens_d,0.0563821025154121,,,,WEAK,,/Volumes/SSD_Rad/GAIRA_BUILD/gaira_base_4_shine_ev_gaira_pilot_v1/tables/shine_effect_sizes_v1.csv,hepatotoxicity_classifier,EV,toxicity_drug_response
E0001340,gaira_base_4_shine_ev_gaira_pilot_v1,EV,EV,toxicity_drug_response,comparison|pilot=Set9,,binary_effect,G03,pyrimidine_nucleotide,stable,0.0460122183245636,cohens_d,0.0460122183245636,,,,WEAK,,/Volumes/SSD_Rad/GAIRA_BUILD/gaira_base_4_shine_ev_gaira_pilot_v1/tables/shine_effect_sizes_v1.csv,hepatotoxicity_classifier,EV,toxicity_drug_response
E0001341,gaira_base_4_shine_ev_gaira_pilot_v1,EV,EV,toxicity_drug_response,comparison|pilot=Set9,,binary_effect,G04,nucleic_acid_phosphate,stable,0.0460122183245636,cohens_d,0.0460122183245636,,,,WEAK,,/Volumes/SSD_Rad/GAIRA_BUILD/gaira_base_4_shine_ev_gaira_pilot_v1/tables/shine_effect_sizes_v1.csv,hepatotoxicity_classifier,EV,toxicity_drug_response
E0001342,gaira_base_4_shine_ev_gaira_pilot_v1,EV,EV,toxicity_drug_response,comparison|pilot=Set9,,binary_effect,G05,glycan_carbohydrate,stable,-0.0263421145076874,cohens_d,-0.0263421145076874,,,,WEAK,,/Volumes/SSD_Rad/GAIRA_BUILD/gaira_base_4_shine_ev_gaira_pilot_v1/tables/shine_effect_sizes_v1.csv,hepatotoxicity_classifier,EV,toxicity_drug_response
E0001343,gaira_base_4_shine_ev_gaira_pilot_v1,EV,EV,toxicity_drug_response,comparison|pilot=Set9,,binary_effect,G06,protein_peptide_backbone,stable,0.0460122183245636,cohens_d,0.0460122183245636,,,,WEAK,,/Volumes/SSD_Rad/GAIRA_BUILD/gaira_base_4_shine_ev_gaira_pilot_v1/tables/shine_effect_sizes_v1.csv,hepatotoxicity_classifier,EV,toxicity_drug_response
E0001344,gaira_base_4_shine_ev_gaira_pilot_v1,EV,EV,toxicity_drug_response,comparison|pilot=Set9,,binary_effect,G07,aromatic_residue,stable,0.0457654708143056,cohens_d,0.0457654708143056,,,,WEAK,,/Volumes/SSD_Rad/GAIRA_BUILD/gaira_base_4_shine_ev_gaira_pilot_v1/tables/shine_effect_sizes_v1.csv,hepatotoxicity_classifier,EV,toxicity_drug_response
E0001345,gaira_base_4_shine_ev_gaira_pilot_v1,EV,EV,toxicity_drug_response,comparison|pilot=Set9,,binary_effect,G08,lipid_acyl_membrane,stable,-0.1501124021336825,cohens_d,-0.1501124021336825,,,,WEAK,,/Volumes/SSD_Rad/GAIRA_BUILD/gaira_base_4_shine_ev_gaira_pilot_v1/tables/shine_effect_sizes_v1.csv,hepatotoxicity_classifier,EV,toxicity_drug_response
E0001346,gaira_base_4_shine_ev_gaira_pilot_v1,EV,EV,toxicity_drug_response,comparison|pilot=Set9,,binary_effect,G09,sterol_neutral_lipid,stable,-0.0344139816055368,cohens_d,-0.0344139816055368,,,,WEAK,,/Volumes/SSD_Rad/GAIRA_BUILD/gaira_base_4_shine_ev_gaira_pilot_v1/tables/shine_effect_sizes_v1.csv,hepatotoxicity_classifier,EV,toxicity_drug_response
E0001347,gaira_base_4_shine_ev_gaira_pilot_v1,EV,EV,toxicity_drug_response,comparison|pilot=Set9,,binary_effect,G10,sulfur_thiol_redox,stable,0.0839202361700035,cohens_d,0.0839202361700035,,,,WEAK,,/Volumes/SSD_Rad/GAIRA_BUILD/gaira_base_4_shine_ev_gaira_pilot_v1/tables/shine_effect_sizes_v1.csv,hepatotoxicity_classifier,EV,toxicity_drug_response
E0001348,gaira_base_4_shine_ev_gaira_pilot_v1,EV,EV,toxicity_drug_response,comparison|pilot=Set9,,binary_effect,G11,metabolic_small_molecule,stable,0.1304799881505672,cohens_d,0.1304799881505672,,,,WEAK,,/Volumes/SSD_Rad/GAIRA_BUILD/gaira_base_4_shine_ev_gaira_pilot_v1/tables/shine_effect_sizes_v1.csv,hepatotoxicity_classifier,EV,toxicity_drug_response
E0001349,gaira_base_4_shine_ev_gaira_pilot_v1,EV,EV,toxicity_drug_response,comparison|pilot=Set9,,binary_effect,G01,purine_nucleotide,down,-0.3964824605880487,cohens_d,-0.3964824605880487,,,,MODERATE,,/Volumes/SSD_Rad/GAIRA_BUILD/gaira_base_4_shine_ev_gaira_pilot_v1/tables/shine_effect_sizes_v1.csv,hepatotoxicity_classifier,EV,toxicity_drug_response
E0001350,gaira_base_4_shine_ev_gaira_pilot_v1,EV,EV,toxicity_drug_response,comparison|pilot=Set9,,binary_effect,G02,purine_metabolite,stable,-0.0491078977420543,cohens_d,-0.0491078977420543,,,,WEAK,,/Volumes/SSD_Rad/GAIRA_BUILD/gaira_base_4_shine_ev_gaira_pilot_v1/tables/shine_effect_sizes_v1.csv,hepatotoxicity_classifier,EV,toxicity_drug_response
E0001351,gaira_base_4_shine_ev_gaira_pilot_v1,EV,EV,toxicity_drug_response,comparison|pilot=Set9,,binary_effect,G03,pyrimidine_nucleotide,down,-0.2395684563532105,cohens_d,-0.2395684563532105,,,,MODERATE,,/Volumes/SSD_Rad/GAIRA_BUILD/gaira_base_4_shine_ev_gaira_pilot_v1/tables/shine_effect_sizes_v1.csv,hepatotoxicity_classifier,EV,toxicity_drug_response
E0001352,gaira_base_4_shine_ev_gaira_pilot_v1,EV,EV,toxicity_drug_response,comparison|pilot=Set9,,binary_effect,G04,nucleic_acid_phosphate,down,-0.2395684563532105,cohens_d,-0.2395684563532105,,,,MODERATE,,/Volumes/SSD_Rad/GAIRA_BUILD/gaira_base_4_shine_ev_gaira_pilot_v1/tables/shine_effect_sizes_v1.csv,hepatotoxicity_classifier,EV,toxicity_drug_response
E0001353,gaira_base_4_shine_ev_gaira_pilot_v1,EV,EV,toxicity_drug_response,comparison|pilot=Set9,,binary_effect,G05,glycan_carbohydrate,stable,0.0823107978862845,cohens_d,0.0823107978862845,,,,WEAK,,/Volumes/SSD_Rad/GAIRA_BUILD/gaira_base_4_shine_ev_gaira_pilot_v1/tables/shine_effect_sizes_v1.csv,hepatotoxicity_classifier,EV,toxicity_drug_response
E0001354,gaira_base_4_shine_ev_gaira_pilot_v1,EV,EV,toxicity_drug_response,comparison|pilot=Set9,,binary_effect,G06,protein_peptide_backbone,down,-0.2395684563532105,cohens_d,-0.2395684563532105,,,,MODERATE,,/Volumes/SSD_Rad/GAIRA_BUILD/gaira_base_4_shine_ev_gaira_pilot_v1/tables/shine_effect_sizes_v1.csv,hepatotoxicity_classifier,EV,toxicity_drug_response
E0001355,gaira_base_4_shine_ev_gaira_pilot_v1,EV,EV,toxicity_drug_response,comparison|pilot=Set9,,binary_effect,G07,aromatic_residue,stable,-0.066822806495727,cohens_d,-0.066822806495727,,,,WEAK,,/Volumes/SSD_Rad/GAIRA_BUILD/gaira_base_4_shine_ev_gaira_pilot_v1/tables/shine_effect_sizes_v1.csv,hepatotoxicity_classifier,EV,toxicity_drug_response
E0001356,gaira_base_4_shine_ev_gaira_pilot_v1,EV,EV,toxicity_drug_response,comparison|pilot=Set9,,binary_effect,G08,lipid_acyl_membrane,stable,0.0816024933574416,cohens_d,0.0816024933574416,,,,WEAK,,/Volumes/SSD_Rad/GAIRA_BUILD/gaira_base_4_shine_ev_gaira_pilot_v1/tables/shine_effect_sizes_v1.csv,hepatotoxicity_classifier,EV,toxicity_drug_response
E0001357,gaira_base_4_shine_ev_gaira_pilot_v1,EV,EV,toxicity_drug_response,comparison|pilot=Set9,,binary_effect,G09,sterol_neutral_lipid,stable,0.1562041665390571,cohens_d,0.1562041665390571,,,,WEAK,,/Volumes/SSD_Rad/GAIRA_BUILD/gaira_base_4_shine_ev_gaira_pilot_v1/tables/shine_effect_sizes_v1.csv,hepatotoxicity_classifier,EV,toxicity_drug_response
E0001358,gaira_base_4_shine_ev_gaira_pilot_v1,EV,EV,toxicity_drug_response,comparison|pilot=Set9,,binary_effect,G10,sulfur_thiol_redox,stable,0.1330683719905752,cohens_d,0.1330683719905752,,,,WEAK,,/Volumes/SSD_Rad/GAIRA_BUILD/gaira_base_4_shine_ev_gaira_pilot_v1/tables/shine_effect_sizes_v1.csv,hepatotoxicity_classifier,EV,toxicity_drug_response
E0001359,gaira_base_4_shine_ev_gaira_pilot_v1,EV,EV,toxicity_drug_response,comparison|pilot=Set9,,binary_effect,G11,metabolic_small_molecule,up,0.2982234126028583,cohens_d,0.2982234126028583,,,,MODERATE,,/Volumes/SSD_Rad/GAIRA_BUILD/gaira_base_4_shine_ev_gaira_pilot_v1/tables/shine_effect_sizes_v1.csv,hepatotoxicity_classifier,EV,toxicity_drug_response
E0001360,gaira_base_4_shine_ev_gaira_pilot_v1,EV,EV,toxicity_drug_response,Set10_D2,dose_axis,dose_response,G01,purine_nucleotide,up,1.0,spearman_rho_dose,1.0,,,,STRONG,,/Volumes/SSD_Rad/GAIRA_BUILD/gaira_base_4_shine_ev_gaira_pilot_v1/tables/shine_bsv_dose_response_metrics_v1.csv,hepatotoxicity_D2_C40_vs_C0,EV,toxicity_drug_response
E0001361,gaira_base_4_shine_ev_gaira_pilot_v1,EV,EV,toxicity_drug_response,Set10_D2,endpoint,endpoint_delta,G01,purine_nucleotide,up,1.1179147753961631,endpoint_clr_delta,1.1179147753961631,,,,STRONG,,/Volumes/SSD_Rad/GAIRA_BUILD/gaira_base_4_shine_ev_gaira_pilot_v1/tables/shine_bsv_dose_response_metrics_v1.csv,hepatotoxicity_D2_C40_vs_C0,EV,toxicity_drug_response
E0001362,gaira_base_4_shine_ev_gaira_pilot_v1,EV,EV,toxicity_drug_response,Set10_D2,dose_axis,dose_response,G02,purine_metabolite,down,-0.7999999999999999,spearman_rho_dose,-0.7999999999999999,,,,MODERATE,,/Volumes/SSD_Rad/GAIRA_BUILD/gaira_base_4_shine_ev_gaira_pilot_v1/tables/shine_bsv_dose_response_metrics_v1.csv,hepatotoxicity_D2_C40_vs_C0,EV,toxicity_drug_response
E0001363,gaira_base_4_shine_ev_gaira_pilot_v1,EV,EV,toxicity_drug_response,Set10_D2,endpoint,endpoint_delta,G02,purine_metabolite,down,-0.2418942066997189,endpoint_clr_delta,-0.2418942066997189,,,,WEAK,,/Volumes/SSD_Rad/GAIRA_BUILD/gaira_base_4_shine_ev_gaira_pilot_v1/tables/shine_bsv_dose_response_metrics_v1.csv,hepatotoxicity_D2_C40_vs_C0,EV,toxicity_drug_response
E0001364,gaira_base_4_shine_ev_gaira_pilot_v1,EV,EV,toxicity_drug_response,Set10_D2,dose_axis,dose_response,G03,pyrimidine_nucleotide,up,1.0,spearman_rho_dose,1.0,,,,STRONG,,/Volumes/SSD_Rad/GAIRA_BUILD/gaira_base_4_shine_ev_gaira_pilot_v1/tables/shine_bsv_dose_response_metrics_v1.csv,hepatotoxicity_D2_C40_vs_C0,EV,toxicity_drug_response
E0001365,gaira_base_4_shine_ev_gaira_pilot_v1,EV,EV,toxicity_drug_response,Set10_D2,endpoint,endpoint_delta,G03,pyrimidine_nucleotide,up,0.525896867365728,endpoint_clr_delta,0.525896867365728,,,,MODERATE,,/Volumes/SSD_Rad/GAIRA_BUILD/gaira_base_4_shine_ev_gaira_pilot_v1/tables/shine_bsv_dose_response_metrics_v1.csv,hepatotoxicity_D2_C40_vs_C0,EV,toxicity_drug_response
E0001366,gaira_base_4_shine_ev_gaira_pilot_v1,EV,EV,toxicity_drug_response,Set10_D2,dose_axis,dose_response,G04,nucleic_acid_phosphate,up,1.0,spearman_rho_dose,1.0,,,,STRONG,,/Volumes/SSD_Rad/GAIRA_BUILD/gaira_base_4_shine_ev_gaira_pilot_v1/tables/shine_bsv_dose_response_metrics_v1.csv,hepatotoxicity_D2_C40_vs_C0,EV,toxicity_drug_response
E0001367,gaira_base_4_shine_ev_gaira_pilot_v1,EV,EV,toxicity_drug_response,Set10_D2,endpoint,endpoint_delta,G04,nucleic_acid_phosphate,up,0.525896867365728,endpoint_clr_delta,0.525896867365728,,,,MODERATE,,/Volumes/SSD_Rad/GAIRA_BUILD/gaira_base_4_shine_ev_gaira_pilot_v1/tables/shine_bsv_dose_response_metrics_v1.csv,hepatotoxicity_D2_C40_vs_C0,EV,toxicity_drug_response
E0001368,gaira_base_4_shine_ev_gaira_pilot_v1,EV,EV,toxicity_drug_response,Set10_D2,dose_axis,dose_response,G05,glycan_carbohydrate,down,-0.7999999999999999,spearman_rho_dose,-0.7999999999999999,,,,MODERATE,,/Volumes/SSD_Rad/GAIRA_BUILD/gaira_base_4_shine_ev_gaira_pilot_v1/tables/shine_bsv_dose_response_metrics_v1.csv,hepatotoxicity_D2_C40_vs_C0,EV,toxicity_drug_response
E0001369,gaira_base_4_shine_ev_gaira_pilot_v1,EV,EV,toxicity_drug_response,Set10_D2,endpoint,endpoint_delta,G05,glycan_carbohydrate,down,-0.2702574653623933,endpoint_clr_delta,-0.2702574653623933,,,,WEAK,,/Volumes/SSD_Rad/GAIRA_BUILD/gaira_base_4_shine_ev_gaira_pilot_v1/tables/shine_bsv_dose_response_metrics_v1.csv,hepatotoxicity_D2_C40_vs_C0,EV,toxicity_drug_response
E0001370,gaira_base_4_shine_ev_gaira_pilot_v1,EV,EV,toxicity_drug_response,Set10_D2,dose_axis,dose_response,G06,protein_peptide_backbone,up,1.0,spearman_rho_dose,1.0,,,,STRONG,,/Volumes/SSD_Rad/GAIRA_BUILD/gaira_base_4_shine_ev_gaira_pilot_v1/tables/shine_bsv_dose_response_metrics_v1.csv,hepatotoxicity_D2_C40_vs_C0,EV,toxicity_drug_response
E0001371,gaira_base_4_shine_ev_gaira_pilot_v1,EV,EV,toxicity_drug_response,Set10_D2,endpoint,endpoint_delta,G06,protein_peptide_backbone,up,0.525896867365728,endpoint_clr_delta,0.525896867365728,,,,MODERATE,,/Volumes/SSD_Rad/GAIRA_BUILD/gaira_base_4_shine_ev_gaira_pilot_v1/tables/shine_bsv_dose_response_metrics_v1.csv,hepatotoxicity_D2_C40_vs_C0,EV,toxicity_drug_response
E0001372,gaira_base_4_shine_ev_gaira_pilot_v1,EV,EV,toxicity_drug_response,Set10_D2,dose_axis,dose_response,G07,aromatic_residue,down,-0.7999999999999999,spearman_rho_dose,-0.7999999999999999,,,,MODERATE,,/Volumes/SSD_Rad/GAIRA_BUILD/gaira_base_4_shine_ev_gaira_pilot_v1/tables/shine_bsv_dose_response_metrics_v1.csv,hepatotoxicity_D2_C40_vs_C0,EV,toxicity_drug_response
E0001373,gaira_base_4_shine_ev_gaira_pilot_v1,EV,EV,toxicity_drug_response,Set10_D2,endpoint,endpoint_delta,G07,aromatic_residue,down,-0.2235520897643521,endpoint_clr_delta,-0.2235520897643521,,,,WEAK,,/Volumes/SSD_Rad/GAIRA_BUILD/gaira_base_4_shine_ev_gaira_pilot_v1/tables/shine_bsv_dose_response_metrics_v1.csv,hepatotoxicity_D2_C40_vs_C0,EV,toxicity_drug_response
E0001374,gaira_base_4_shine_ev_gaira_pilot_v1,EV,EV,toxicity_drug_response,Set10_D2,dose_axis,dose_response,G08,lipid_acyl_membrane,down,-1.0,spearman_rho_dose,-1.0,,,,STRONG,,/Volumes/SSD_Rad/GAIRA_BUILD/gaira_base_4_shine_ev_gaira_pilot_v1/tables/shine_bsv_dose_response_metrics_v1.csv,hepatotoxicity_D2_C40_vs_C0,EV,toxicity_drug_response
E0001375,gaira_base_4_shine_ev_gaira_pilot_v1,EV,EV,toxicity_drug_response,Set10_D2,endpoint,endpoint_delta,G08,lipid_acyl_membrane,down,-0.9622053859759704,endpoint_clr_delta,-0.9622053859759704,,,,MODERATE,,/Volumes/SSD_Rad/GAIRA_BUILD/gaira_base_4_shine_ev_gaira_pilot_v1/tables/shine_bsv_dose_response_metrics_v1.csv,hepatotoxicity_D2_C40_vs_C0,EV,toxicity_drug_response
E0001376,gaira_base_4_shine_ev_gaira_pilot_v1,EV,EV,toxicity_drug_response,Set10_D2,dose_axis,dose_response,G09,sterol_neutral_lipid,down,-0.7999999999999999,spearman_rho_dose,-0.7999999999999999,,,,MODERATE,,/Volumes/SSD_Rad/GAIRA_BUILD/gaira_base_4_shine_ev_gaira_pilot_v1/tables/shine_bsv_dose_response_metrics_v1.csv,hepatotoxicity_D2_C40_vs_C0,EV,toxicity_drug_response
E0001377,gaira_base_4_shine_ev_gaira_pilot_v1,EV,EV,toxicity_drug_response,Set10_D2,endpoint,endpoint_delta,G09,sterol_neutral_lipid,down,-0.7230449135509847,endpoint_clr_delta,-0.7230449135509847,,,,MODERATE,,/Volumes/SSD_Rad/GAIRA_BUILD/gaira_base_4_shine_ev_gaira_pilot_v1/tables/shine_bsv_dose_response_metrics_v1.csv,hepatotoxicity_D2_C40_vs_C0,EV,toxicity_drug_response
E0001378,gaira_base_4_shine_ev_gaira_pilot_v1,EV,EV,toxicity_drug_response,Set10_D2,dose_axis,dose_response,G10,sulfur_thiol_redox,up,0.7999999999999999,spearman_rho_dose,0.7999999999999999,,,,MODERATE,,/Volumes/SSD_Rad/GAIRA_BUILD/gaira_base_4_shine_ev_gaira_pilot_v1/tables/shine_bsv_dose_response_metrics_v1.csv,hepatotoxicity_D2_C40_vs_C0,EV,toxicity_drug_response
E0001379,gaira_base_4_shine_ev_gaira_pilot_v1,EV,EV,toxicity_drug_response,Set10_D2,endpoint,endpoint_delta,G10,sulfur_thiol_redox,up,0.2326858500947777,endpoint_clr_delta,0.2326858500947777,,,,WEAK,,/Volumes/SSD_Rad/GAIRA_BUILD/gaira_base_4_shine_ev_gaira_pilot_v1/tables/shine_bsv_dose_response_metrics_v1.csv,hepatotoxicity_D2_C40_vs_C0,EV,toxicity_drug_response
E0001380,gaira_base_4_shine_ev_gaira_pilot_v1,EV,EV,toxicity_drug_response,Set10_D2,dose_axis,dose_response,G11,metabolic_small_molecule,down,-0.7999999999999999,spearman_rho_dose,-0.7999999999999999,,,,MODERATE,,/Volumes/SSD_Rad/GAIRA_BUILD/gaira_base_4_shine_ev_gaira_pilot_v1/tables/shine_bsv_dose_response_metrics_v1.csv,hepatotoxicity_D2_C40_vs_C0,EV,toxicity_drug_response
E0001381,gaira_base_4_shine_ev_gaira_pilot_v1,EV,EV,toxicity_drug_response,Set10_D2,endpoint,endpoint_delta,G11,metabolic_small_molecule,down,-0.5073371662347075,endpoint_clr_delta,-0.5073371662347075,,,,MODERATE,,/Volumes/SSD_Rad/GAIRA_BUILD/gaira_base_4_shine_ev_gaira_pilot_v1/tables/shine_bsv_dose_response_metrics_v1.csv,hepatotoxicity_D2_C40_vs_C0,EV,toxicity_drug_response
E0001382,gaira_base_4_shine_ev_gaira_pilot_v1,EV,EV,toxicity_drug_response,Set9_D0,dose_axis,dose_response,G01,purine_nucleotide,up,0.6000000000000001,spearman_rho_dose,0.6000000000000001,,,,MODERATE,,/Volumes/SSD_Rad/GAIRA_BUILD/gaira_base_4_shine_ev_gaira_pilot_v1/tables/shine_bsv_dose_response_metrics_v1.csv,hepatotoxicity_D0,EV,toxicity_drug_response
E0001383,gaira_base_4_shine_ev_gaira_pilot_v1,EV,EV,toxicity_drug_response,Set9_D0,endpoint,endpoint_delta,G01,purine_nucleotide,up,0.8244585190463537,endpoint_clr_delta,0.8244585190463537,,,,MODERATE,,/Volumes/SSD_Rad/GAIRA_BUILD/gaira_base_4_shine_ev_gaira_pilot_v1/tables/shine_bsv_dose_response_metrics_v1.csv,hepatotoxicity_D0,EV,toxicity_drug_response
E0001384,gaira_base_4_shine_ev_gaira_pilot_v1,EV,EV,toxicity_drug_response,Set9_D0,dose_axis,dose_response,G02,purine_metabolite,down,-0.7999999999999999,spearman_rho_dose,-0.7999999999999999,,,,MODERATE,,/Volumes/SSD_Rad/GAIRA_BUILD/gaira_base_4_shine_ev_gaira_pilot_v1/tables/shine_bsv_dose_response_metrics_v1.csv,hepatotoxicity_D0,EV,toxicity_drug_response
E0001385,gaira_base_4_shine_ev_gaira_pilot_v1,EV,EV,toxicity_drug_response,Set9_D0,endpoint,endpoint_delta,G02,purine_metabolite,down,-0.5869395304049956,endpoint_clr_delta,-0.5869395304049956,,,,MODERATE,,/Volumes/SSD_Rad/GAIRA_BUILD/gaira_base_4_shine_ev_gaira_pilot_v1/tables/shine_bsv_dose_response_metrics_v1.csv,hepatotoxicity_D0,EV,toxicity_drug_response
E0001386,gaira_base_4_shine_ev_gaira_pilot_v1,EV,EV,toxicity_drug_response,Set9_D0,dose_axis,dose_response,G03,pyrimidine_nucleotide,stable,0.1999999999999999,spearman_rho_dose,0.1999999999999999,,,,WEAK,,/Volumes/SSD_Rad/GAIRA_BUILD/gaira_base_4_shine_ev_gaira_pilot_v1/tables/shine_bsv_dose_response_metrics_v1.csv,hepatotoxicity_D0,EV,toxicity_drug_response
E0001387,gaira_base_4_shine_ev_gaira_pilot_v1,EV,EV,toxicity_drug_response,Set9_D0,endpoint,endpoint_delta,G03,pyrimidine_nucleotide,stable,0.1961383347612422,endpoint_clr_delta,0.1961383347612422,,,,WEAK,,/Volumes/SSD_Rad/GAIRA_BUILD/gaira_base_4_shine_ev_gaira_pilot_v1/tables/shine_bsv_dose_response_metrics_v1.csv,hepatotoxicity_D0,EV,toxicity_drug_response
E0001388,gaira_base_4_shine_ev_gaira_pilot_v1,EV,EV,toxicity_drug_response,Set9_D0,dose_axis,dose_response,G04,nucleic_acid_phosphate,stable,0.1999999999999999,spearman_rho_dose,0.1999999999999999,,,,WEAK,,/Volumes/SSD_Rad/GAIRA_BUILD/gaira_base_4_shine_ev_gaira_pilot_v1/tables/shine_bsv_dose_response_metrics_v1.csv,hepatotoxicity_D0,EV,toxicity_drug_response
E0001389,gaira_base_4_shine_ev_gaira_pilot_v1,EV,EV,toxicity_drug_response,Set9_D0,endpoint,endpoint_delta,G04,nucleic_acid_phosphate,stable,0.1961383347612422,endpoint_clr_delta,0.1961383347612422,,,,WEAK,,/Volumes/SSD_Rad/GAIRA_BUILD/gaira_base_4_shine_ev_gaira_pilot_v1/tables/shine_bsv_dose_response_metrics_v1.csv,hepatotoxicity_D0,EV,toxicity_drug_response
E0001390,gaira_base_4_shine_ev_gaira_pilot_v1,EV,EV,toxicity_drug_response,Set9_D0,dose_axis,dose_response,G05,glycan_carbohydrate,stable,0.0,spearman_rho_dose,0.0,,,,WEAK,,/Volumes/SSD_Rad/GAIRA_BUILD/gaira_base_4_shine_ev_gaira_pilot_v1/tables/shine_bsv_dose_response_metrics_v1.csv,hepatotoxicity_D0,EV,toxicity_drug_response
E0001391,gaira_base_4_shine_ev_gaira_pilot_v1,EV,EV,toxicity_drug_response,Set9_D0,endpoint,endpoint_delta,G05,glycan_carbohydrate,stable,0.1635148969335371,endpoint_clr_delta,0.1635148969335371,,,,WEAK,,/Volumes/SSD_Rad/GAIRA_BUILD/gaira_base_4_shine_ev_gaira_pilot_v1/tables/shine_bsv_dose_response_metrics_v1.csv,hepatotoxicity_D0,EV,toxicity_drug_response
E0001392,gaira_base_4_shine_ev_gaira_pilot_v1,EV,EV,toxicity_drug_response,Set9_D0,dose_axis,dose_response,G06,protein_peptide_backbone,stable,0.1999999999999999,spearman_rho_dose,0.1999999999999999,,,,WEAK,,/Volumes/SSD_Rad/GAIRA_BUILD/gaira_base_4_shine_ev_gaira_pilot_v1/tables/shine_bsv_dose_response_metrics_v1.csv,hepatotoxicity_D0,EV,toxicity_drug_response
E0001393,gaira_base_4_shine_ev_gaira_pilot_v1,EV,EV,toxicity_drug_response,Set9_D0,endpoint,endpoint_delta,G06,protein_peptide_backbone,stable,0.1961383347612422,endpoint_clr_delta,0.1961383347612422,,,,WEAK,,/Volumes/SSD_Rad/GAIRA_BUILD/gaira_base_4_shine_ev_gaira_pilot_v1/tables/shine_bsv_dose_response_metrics_v1.csv,hepatotoxicity_D0,EV,toxicity_drug_response
E0001394,gaira_base_4_shine_ev_gaira_pilot_v1,EV,EV,toxicity_drug_response,Set9_D0,dose_axis,dose_response,G07,aromatic_residue,down,-0.3999999999999999,spearman_rho_dose,-0.3999999999999999,,,,WEAK,,/Volumes/SSD_Rad/GAIRA_BUILD/gaira_base_4_shine_ev_gaira_pilot_v1/tables/shine_bsv_dose_response_metrics_v1.csv,hepatotoxicity_D0,EV,toxicity_drug_response
E0001395,gaira_base_4_shine_ev_gaira_pilot_v1,EV,EV,toxicity_drug_response,Set9_D0,endpoint,endpoint_delta,G07,aromatic_residue,stable,-0.1528577060017495,endpoint_clr_delta,-0.1528577060017495,,,,WEAK,,/Volumes/SSD_Rad/GAIRA_BUILD/gaira_base_4_shine_ev_gaira_pilot_v1/tables/shine_bsv_dose_response_metrics_v1.csv,hepatotoxicity_D0,EV,toxicity_drug_response
E0001396,gaira_base_4_shine_ev_gaira_pilot_v1,EV,EV,toxicity_drug_response,Set9_D0,dose_axis,dose_response,G08,lipid_acyl_membrane,down,-0.7999999999999999,spearman_rho_dose,-0.7999999999999999,,,,MODERATE,,/Volumes/SSD_Rad/GAIRA_BUILD/gaira_base_4_shine_ev_gaira_pilot_v1/tables/shine_bsv_dose_response_metrics_v1.csv,hepatotoxicity_D0,EV,toxicity_drug_response
E0001397,gaira_base_4_shine_ev_gaira_pilot_v1,EV,EV,toxicity_drug_response,Set9_D0,endpoint,endpoint_delta,G08,lipid_acyl_membrane,down,-0.3555385484040507,endpoint_clr_delta,-0.3555385484040507,,,,WEAK,,/Volumes/SSD_Rad/GAIRA_BUILD/gaira_base_4_shine_ev_gaira_pilot_v1/tables/shine_bsv_dose_response_metrics_v1.csv,hepatotoxicity_D0,EV,toxicity_drug_response
E0001398,gaira_base_4_shine_ev_gaira_pilot_v1,EV,EV,toxicity_drug_response,Set9_D0,dose_axis,dose_response,G09,sterol_neutral_lipid,up,0.3999999999999999,spearman_rho_dose,0.3999999999999999,,,,WEAK,,/Volumes/SSD_Rad/GAIRA_BUILD/gaira_base_4_shine_ev_gaira_pilot_v1/tables/shine_bsv_dose_response_metrics_v1.csv,hepatotoxicity_D0,EV,toxicity_drug_response
E0001399,gaira_base_4_shine_ev_gaira_pilot_v1,EV,EV,toxicity_drug_response,Set9_D0,endpoint,endpoint_delta,G09,sterol_neutral_lipid,up,0.6612476459167066,endpoint_clr_delta,0.6612476459167066,,,,MODERATE,,/Volumes/SSD_Rad/GAIRA_BUILD/gaira_base_4_shine_ev_gaira_pilot_v1/tables/shine_bsv_dose_response_metrics_v1.csv,hepatotoxicity_D0,EV,toxicity_drug_response
E0001400,gaira_base_4_shine_ev_gaira_pilot_v1,EV,EV,toxicity_drug_response,Set9_D0,dose_axis,dose_response,G10,sulfur_thiol_redox,down,-0.3999999999999999,spearman_rho_dose,-0.3999999999999999,,,,WEAK,,/Volumes/SSD_Rad/GAIRA_BUILD/gaira_base_4_shine_ev_gaira_pilot_v1/tables/shine_bsv_dose_response_metrics_v1.csv,hepatotoxicity_D0,EV,toxicity_drug_response
E0001401,gaira_base_4_shine_ev_gaira_pilot_v1,EV,EV,toxicity_drug_response,Set9_D0,endpoint,endpoint_delta,G10,sulfur_thiol_redox,stable,-0.1622119687755452,endpoint_clr_delta,-0.1622119687755452,,,,WEAK,,/Volumes/SSD_Rad/GAIRA_BUILD/gaira_base_4_shine_ev_gaira_pilot_v1/tables/shine_bsv_dose_response_metrics_v1.csv,hepatotoxicity_D0,EV,toxicity_drug_response
E0001402,gaira_base_4_shine_ev_gaira_pilot_v1,EV,EV,toxicity_drug_response,Set9_D0,dose_axis,dose_response,G11,metabolic_small_molecule,down,-1.0,spearman_rho_dose,-1.0,,,,STRONG,,/Volumes/SSD_Rad/GAIRA_BUILD/gaira_base_4_shine_ev_gaira_pilot_v1/tables/shine_bsv_dose_response_metrics_v1.csv,hepatotoxicity_D0,EV,toxicity_drug_response
E0001403,gaira_base_4_shine_ev_gaira_pilot_v1,EV,EV,toxicity_drug_response,Set9_D0,endpoint,endpoint_delta,G11,metabolic_small_molecule,down,-0.9800883125939786,endpoint_clr_delta,-0.9800883125939786,,,,MODERATE,,/Volumes/SSD_Rad/GAIRA_BUILD/gaira_base_4_shine_ev_gaira_pilot_v1/tables/shine_bsv_dose_response_metrics_v1.csv,hepatotoxicity_D0,EV,toxicity_drug_response
E0001404,gaira_base_4_shine_ev_gaira_pilot_v1,EV,EV,toxicity_drug_response,Set9_D1,dose_axis,dose_response,G01,purine_nucleotide,stable,0.0,spearman_rho_dose,0.0,,,,WEAK,,/Volumes/SSD_Rad/GAIRA_BUILD/gaira_base_4_shine_ev_gaira_pilot_v1/tables/shine_bsv_dose_response_metrics_v1.csv,hepatotoxicity_D1,EV,toxicity_drug_response
E0001405,gaira_base_4_shine_ev_gaira_pilot_v1,EV,EV,toxicity_drug_response,Set9_D1,endpoint,endpoint_delta,G01,purine_nucleotide,down,-0.2025362305105225,endpoint_clr_delta,-0.2025362305105225,,,,WEAK,,/Volumes/SSD_Rad/GAIRA_BUILD/gaira_base_4_shine_ev_gaira_pilot_v1/tables/shine_bsv_dose_response_metrics_v1.csv,hepatotoxicity_D1,EV,toxicity_drug_response
E0001406,gaira_base_4_shine_ev_gaira_pilot_v1,EV,EV,toxicity_drug_response,Set9_D1,dose_axis,dose_response,G02,purine_metabolite,up,0.3999999999999999,spearman_rho_dose,0.3999999999999999,,,,WEAK,,/Volumes/SSD_Rad/GAIRA_BUILD/gaira_base_4_shine_ev_gaira_pilot_v1/tables/shine_bsv_dose_response_metrics_v1.csv,hepatotoxicity_D1,EV,toxicity_drug_response
E0001407,gaira_base_4_shine_ev_gaira_pilot_v1,EV,EV,toxicity_drug_response,Set9_D1,endpoint,endpoint_delta,G02,purine_metabolite,stable,0.1915168228036057,endpoint_clr_delta,0.1915168228036057,,,,WEAK,,/Volumes/SSD_Rad/GAIRA_BUILD/gaira_base_4_shine_ev_gaira_pilot_v1/tables/shine_bsv_dose_response_metrics_v1.csv,hepatotoxicity_D1,EV,toxicity_drug_response
E0001408,gaira_base_4_shine_ev_gaira_pilot_v1,EV,EV,toxicity_drug_response,Set9_D1,dose_axis,dose_response,G03,pyrimidine_nucleotide,up,0.7999999999999999,spearman_rho_dose,0.7999999999999999,,,,MODERATE,,/Volumes/SSD_Rad/GAIRA_BUILD/gaira_base_4_shine_ev_gaira_pilot_v1/tables/shine_bsv_dose_response_metrics_v1.csv,hepatotoxicity_D1,EV,toxicity_drug_response
E0001409,gaira_base_4_shine_ev_gaira_pilot_v1,EV,EV,toxicity_drug_response,Set9_D1,endpoint,endpoint_delta,G03,pyrimidine_nucleotide,stable,0.0556074937453718,endpoint_clr_delta,0.0556074937453718,,,,WEAK,,/Volumes/SSD_Rad/GAIRA_BUILD/gaira_base_4_shine_ev_gaira_pilot_v1/tables/shine_bsv_dose_response_metrics_v1.csv,hepatotoxicity_D1,EV,toxicity_drug_response
E0001410,gaira_base_4_shine_ev_gaira_pilot_v1,EV,EV,toxicity_drug_response,Set9_D1,dose_axis,dose_response,G04,nucleic_acid_phosphate,up,0.7999999999999999,spearman_rho_dose,0.7999999999999999,,,,MODERATE,,/Volumes/SSD_Rad/GAIRA_BUILD/gaira_base_4_shine_ev_gaira_pilot_v1/tables/shine_bsv_dose_response_metrics_v1.csv,hepatotoxicity_D1,EV,toxicity_drug_response
E0001411,gaira_base_4_shine_ev_gaira_pilot_v1,EV,EV,toxicity_drug_response,Set9_D1,endpoint,endpoint_delta,G04,nucleic_acid_phosphate,stable,0.0556074937453718,endpoint_clr_delta,0.0556074937453718,,,,WEAK,,/Volumes/SSD_Rad/GAIRA_BUILD/gaira_base_4_shine_ev_gaira_pilot_v1/tables/shine_bsv_dose_response_metrics_v1.csv,hepatotoxicity_D1,EV,toxicity_drug_response
E0001412,gaira_base_4_shine_ev_gaira_pilot_v1,EV,EV,toxicity_drug_response,Set9_D1,dose_axis,dose_response,G05,glycan_carbohydrate,down,-0.7999999999999999,spearman_rho_dose,-0.7999999999999999,,,,MODERATE,,/Volumes/SSD_Rad/GAIRA_BUILD/gaira_base_4_shine_ev_gaira_pilot_v1/tables/shine_bsv_dose_response_metrics_v1.csv,hepatotoxicity_D1,EV,toxicity_drug_response
E0001413,gaira_base_4_shine_ev_gaira_pilot_v1,EV,EV,toxicity_drug_response,Set9_D1,endpoint,endpoint_delta,G05,glycan_carbohydrate,stable,-0.1472792437447245,endpoint_clr_delta,-0.1472792437447245,,,,WEAK,,/Volumes/SSD_Rad/GAIRA_BUILD/gaira_base_4_shine_ev_gaira_pilot_v1/tables/shine_bsv_dose_response_metrics_v1.csv,hepatotoxicity_D1,EV,toxicity_drug_response
E0001414,gaira_base_4_shine_ev_gaira_pilot_v1,EV,EV,toxicity_drug_response,Set9_D1,dose_axis,dose_response,G06,protein_peptide_backbone,up,0.7999999999999999,spearman_rho_dose,0.7999999999999999,,,,MODERATE,,/Volumes/SSD_Rad/GAIRA_BUILD/gaira_base_4_shine_ev_gaira_pilot_v1/tables/shine_bsv_dose_response_metrics_v1.csv,hepatotoxicity_D1,EV,toxicity_drug_response
E0001415,gaira_base_4_shine_ev_gaira_pilot_v1,EV,EV,toxicity_drug_response,Set9_D1,endpoint,endpoint_delta,G06,protein_peptide_backbone,stable,0.0556074937453718,endpoint_clr_delta,0.0556074937453718,,,,WEAK,,/Volumes/SSD_Rad/GAIRA_BUILD/gaira_base_4_shine_ev_gaira_pilot_v1/tables/shine_bsv_dose_response_metrics_v1.csv,hepatotoxicity_D1,EV,toxicity_drug_response
E0001416,gaira_base_4_shine_ev_gaira_pilot_v1,EV,EV,toxicity_drug_response,Set9_D1,dose_axis,dose_response,G07,aromatic_residue,stable,0.1999999999999999,spearman_rho_dose,0.1999999999999999,,,,WEAK,,/Volumes/SSD_Rad/GAIRA_BUILD/gaira_base_4_shine_ev_gaira_pilot_v1/tables/shine_bsv_dose_response_metrics_v1.csv,hepatotoxicity_D1,EV,toxicity_drug_response
E0001417,gaira_base_4_shine_ev_gaira_pilot_v1,EV,EV,toxicity_drug_response,Set9_D1,endpoint,endpoint_delta,G07,aromatic_residue,stable,0.0824140446712933,endpoint_clr_delta,0.0824140446712933,,,,WEAK,,/Volumes/SSD_Rad/GAIRA_BUILD/gaira_base_4_shine_ev_gaira_pilot_v1/tables/shine_bsv_dose_response_metrics_v1.csv,hepatotoxicity_D1,EV,toxicity_drug_response
E0001418,gaira_base_4_shine_ev_gaira_pilot_v1,EV,EV,toxicity_drug_response,Set9_D1,dose_axis,dose_response,G08,lipid_acyl_membrane,down,-0.3999999999999999,spearman_rho_dose,-0.3999999999999999,,,,WEAK,,/Volumes/SSD_Rad/GAIRA_BUILD/gaira_base_4_shine_ev_gaira_pilot_v1/tables/shine_bsv_dose_response_metrics_v1.csv,hepatotoxicity_D1,EV,toxicity_drug_response
E0001419,gaira_base_4_shine_ev_gaira_pilot_v1,EV,EV,toxicity_drug_response,Set9_D1,endpoint,endpoint_delta,G08,lipid_acyl_membrane,down,-0.7047632667001515,endpoint_clr_delta,-0.7047632667001515,,,,MODERATE,,/Volumes/SSD_Rad/GAIRA_BUILD/gaira_base_4_shine_ev_gaira_pilot_v1/tables/shine_bsv_dose_response_metrics_v1.csv,hepatotoxicity_D1,EV,toxicity_drug_response
E0001420,gaira_base_4_shine_ev_gaira_pilot_v1,EV,EV,toxicity_drug_response,Set9_D1,dose_axis,dose_response,G09,sterol_neutral_lipid,down,-0.7999999999999999,spearman_rho_dose,-0.7999999999999999,,,,MODERATE,,/Volumes/SSD_Rad/GAIRA_BUILD/gaira_base_4_shine_ev_gaira_pilot_v1/tables/shine_bsv_dose_response_metrics_v1.csv,hepatotoxicity_D1,EV,toxicity_drug_response
E0001421,gaira_base_4_shine_ev_gaira_pilot_v1,EV,EV,toxicity_drug_response,Set9_D1,endpoint,endpoint_delta,G09,sterol_neutral_lipid,stable,-0.1837889698151217,endpoint_clr_delta,-0.1837889698151217,,,,WEAK,,/Volumes/SSD_Rad/GAIRA_BUILD/gaira_base_4_shine_ev_gaira_pilot_v1/tables/shine_bsv_dose_response_metrics_v1.csv,hepatotoxicity_D1,EV,toxicity_drug_response
E0001422,gaira_base_4_shine_ev_gaira_pilot_v1,EV,EV,toxicity_drug_response,Set9_D1,dose_axis,dose_response,G10,sulfur_thiol_redox,up,1.0,spearman_rho_dose,1.0,,,,STRONG,,/Volumes/SSD_Rad/GAIRA_BUILD/gaira_base_4_shine_ev_gaira_pilot_v1/tables/shine_bsv_dose_response_metrics_v1.csv,hepatotoxicity_D1,EV,toxicity_drug_response
E0001423,gaira_base_4_shine_ev_gaira_pilot_v1,EV,EV,toxicity_drug_response,Set9_D1,endpoint,endpoint_delta,G10,sulfur_thiol_redox,stable,0.1208774147004136,endpoint_clr_delta,0.1208774147004136,,,,WEAK,,/Volumes/SSD_Rad/GAIRA_BUILD/gaira_base_4_shine_ev_gaira_pilot_v1/tables/shine_bsv_dose_response_metrics_v1.csv,hepatotoxicity_D1,EV,toxicity_drug_response
E0001424,gaira_base_4_shine_ev_gaira_pilot_v1,EV,EV,toxicity_drug_response,Set9_D1,dose_axis,dose_response,G11,metabolic_small_molecule,stable,0.0,spearman_rho_dose,0.0,,,,WEAK,,/Volumes/SSD_Rad/GAIRA_BUILD/gaira_base_4_shine_ev_gaira_pilot_v1/tables/shine_bsv_dose_response_metrics_v1.csv,hepatotoxicity_D1,EV,toxicity_drug_response
E0001425,gaira_base_4_shine_ev_gaira_pilot_v1,EV,EV,toxicity_drug_response,Set9_D1,endpoint,endpoint_delta,G11,metabolic_small_molecule,up,0.6767369473590898,endpoint_clr_delta,0.6767369473590898,,,,MODERATE,,/Volumes/SSD_Rad/GAIRA_BUILD/gaira_base_4_shine_ev_gaira_pilot_v1/tables/shine_bsv_dose_response_metrics_v1.csv,hepatotoxicity_D1,EV,toxicity_drug_response
E0001426,gaira_base_4_shine_ev_gaira_pilot_v1,EV,EV,toxicity_drug_response,Set9_D2,dose_axis,dose_response,G01,purine_nucleotide,down,-0.7999999999999999,spearman_rho_dose,-0.7999999999999999,,,,MODERATE,,/Volumes/SSD_Rad/GAIRA_BUILD/gaira_base_4_shine_ev_gaira_pilot_v1/tables/shine_bsv_dose_response_metrics_v1.csv,hepatotoxicity_D2_C40_vs_C0,EV,toxicity_drug_response
E0001427,gaira_base_4_shine_ev_gaira_pilot_v1,EV,EV,toxicity_drug_response,Set9_D2,endpoint,endpoint_delta,G01,purine_nucleotide,down,-2.1010957728123305,endpoint_clr_delta,-2.1010957728123305,,,,STRONG,,/Volumes/SSD_Rad/GAIRA_BUILD/gaira_base_4_shine_ev_gaira_pilot_v1/tables/shine_bsv_dose_response_metrics_v1.csv,hepatotoxicity_D2_C40_vs_C0,EV,toxicity_drug_response
E0001428,gaira_base_4_shine_ev_gaira_pilot_v1,EV,EV,toxicity_drug_response,Set9_D2,dose_axis,dose_response,G02,purine_metabolite,down,-0.3999999999999999,spearman_rho_dose,-0.3999999999999999,,,,WEAK,,/Volumes/SSD_Rad/GAIRA_BUILD/gaira_base_4_shine_ev_gaira_pilot_v1/tables/shine_bsv_dose_response_metrics_v1.csv,hepatotoxicity_D2_C40_vs_C0,EV,toxicity_drug_response
E0001429,gaira_base_4_shine_ev_gaira_pilot_v1,EV,EV,toxicity_drug_response,Set9_D2,endpoint,endpoint_delta,G02,purine_metabolite,stable,-0.1341232624047466,endpoint_clr_delta,-0.1341232624047466,,,,WEAK,,/Volumes/SSD_Rad/GAIRA_BUILD/gaira_base_4_shine_ev_gaira_pilot_v1/tables/shine_bsv_dose_response_metrics_v1.csv,hepatotoxicity_D2_C40_vs_C0,EV,toxicity_drug_response
E0001430,gaira_base_4_shine_ev_gaira_pilot_v1,EV,EV,toxicity_drug_response,Set9_D2,dose_axis,dose_response,G03,pyrimidine_nucleotide,down,-0.3999999999999999,spearman_rho_dose,-0.3999999999999999,,,,WEAK,,/Volumes/SSD_Rad/GAIRA_BUILD/gaira_base_4_shine_ev_gaira_pilot_v1/tables/shine_bsv_dose_response_metrics_v1.csv,hepatotoxicity_D2_C40_vs_C0,EV,toxicity_drug_response
E0001431,gaira_base_4_shine_ev_gaira_pilot_v1,EV,EV,toxicity_drug_response,Set9_D2,endpoint,endpoint_delta,G03,pyrimidine_nucleotide,down,-0.2924127765336193,endpoint_clr_delta,-0.2924127765336193,,,,WEAK,,/Volumes/SSD_Rad/GAIRA_BUILD/gaira_base_4_shine_ev_gaira_pilot_v1/tables/shine_bsv_dose_response_metrics_v1.csv,hepatotoxicity_D2_C40_vs_C0,EV,toxicity_drug_response
E0001432,gaira_base_4_shine_ev_gaira_pilot_v1,EV,EV,toxicity_drug_response,Set9_D2,dose_axis,dose_response,G04,nucleic_acid_phosphate,down,-0.3999999999999999,spearman_rho_dose,-0.3999999999999999,,,,WEAK,,/Volumes/SSD_Rad/GAIRA_BUILD/gaira_base_4_shine_ev_gaira_pilot_v1/tables/shine_bsv_dose_response_metrics_v1.csv,hepatotoxicity_D2_C40_vs_C0,EV,toxicity_drug_response
E0001433,gaira_base_4_shine_ev_gaira_pilot_v1,EV,EV,toxicity_drug_response,Set9_D2,endpoint,endpoint_delta,G04,nucleic_acid_phosphate,down,-0.2924127765336193,endpoint_clr_delta,-0.2924127765336193,,,,WEAK,,/Volumes/SSD_Rad/GAIRA_BUILD/gaira_base_4_shine_ev_gaira_pilot_v1/tables/shine_bsv_dose_response_metrics_v1.csv,hepatotoxicity_D2_C40_vs_C0,EV,toxicity_drug_response
E0001434,gaira_base_4_shine_ev_gaira_pilot_v1,EV,EV,toxicity_drug_response,Set9_D2,dose_axis,dose_response,G05,glycan_carbohydrate,up,0.7999999999999999,spearman_rho_dose,0.7999999999999999,,,,MODERATE,,/Volumes/SSD_Rad/GAIRA_BUILD/gaira_base_4_shine_ev_gaira_pilot_v1/tables/shine_bsv_dose_response_metrics_v1.csv,hepatotoxicity_D2_C40_vs_C0,EV,toxicity_drug_response
E0001435,gaira_base_4_shine_ev_gaira_pilot_v1,EV,EV,toxicity_drug_response,Set9_D2,endpoint,endpoint_delta,G05,glycan_carbohydrate,up,0.4384073195105026,endpoint_clr_delta,0.4384073195105026,,,,WEAK,,/Volumes/SSD_Rad/GAIRA_BUILD/gaira_base_4_shine_ev_gaira_pilot_v1/tables/shine_bsv_dose_response_metrics_v1.csv,hepatotoxicity_D2_C40_vs_C0,EV,toxicity_drug_response
E0001436,gaira_base_4_shine_ev_gaira_pilot_v1,EV,EV,toxicity_drug_response,Set9_D2,dose_axis,dose_response,G06,protein_peptide_backbone,down,-0.3999999999999999,spearman_rho_dose,-0.3999999999999999,,,,WEAK,,/Volumes/SSD_Rad/GAIRA_BUILD/gaira_base_4_shine_ev_gaira_pilot_v1/tables/shine_bsv_dose_response_metrics_v1.csv,hepatotoxicity_D2_C40_vs_C0,EV,toxicity_drug_response
E0001437,gaira_base_4_shine_ev_gaira_pilot_v1,EV,EV,toxicity_drug_response,Set9_D2,endpoint,endpoint_delta,G06,protein_peptide_backbone,down,-0.2924127765336193,endpoint_clr_delta,-0.2924127765336193,,,,WEAK,,/Volumes/SSD_Rad/GAIRA_BUILD/gaira_base_4_shine_ev_gaira_pilot_v1/tables/shine_bsv_dose_response_metrics_v1.csv,hepatotoxicity_D2_C40_vs_C0,EV,toxicity_drug_response
E0001438,gaira_base_4_shine_ev_gaira_pilot_v1,EV,EV,toxicity_drug_response,Set9_D2,dose_axis,dose_response,G07,aromatic_residue,down,-0.3999999999999999,spearman_rho_dose,-0.3999999999999999,,,,WEAK,,/Volumes/SSD_Rad/GAIRA_BUILD/gaira_base_4_shine_ev_gaira_pilot_v1/tables/shine_bsv_dose_response_metrics_v1.csv,hepatotoxicity_D2_C40_vs_C0,EV,toxicity_drug_response
E0001439,gaira_base_4_shine_ev_gaira_pilot_v1,EV,EV,toxicity_drug_response,Set9_D2,endpoint,endpoint_delta,G07,aromatic_residue,stable,-0.1216725524971789,endpoint_clr_delta,-0.1216725524971789,,,,WEAK,,/Volumes/SSD_Rad/GAIRA_BUILD/gaira_base_4_shine_ev_gaira_pilot_v1/tables/shine_bsv_dose_response_metrics_v1.csv,hepatotoxicity_D2_C40_vs_C0,EV,toxicity_drug_response
E0001440,gaira_base_4_shine_ev_gaira_pilot_v1,EV,EV,toxicity_drug_response,Set9_D2,dose_axis,dose_response,G08,lipid_acyl_membrane,up,0.7999999999999999,spearman_rho_dose,0.7999999999999999,,,,MODERATE,,/Volumes/SSD_Rad/GAIRA_BUILD/gaira_base_4_shine_ev_gaira_pilot_v1/tables/shine_bsv_dose_response_metrics_v1.csv,hepatotoxicity_D2_C40_vs_C0,EV,toxicity_drug_response
E0001441,gaira_base_4_shine_ev_gaira_pilot_v1,EV,EV,toxicity_drug_response,Set9_D2,endpoint,endpoint_delta,G08,lipid_acyl_membrane,up,0.3114342936696546,endpoint_clr_delta,0.3114342936696546,,,,WEAK,,/Volumes/SSD_Rad/GAIRA_BUILD/gaira_base_4_shine_ev_gaira_pilot_v1/tables/shine_bsv_dose_response_metrics_v1.csv,hepatotoxicity_D2_C40_vs_C0,EV,toxicity_drug_response
E0001442,gaira_base_4_shine_ev_gaira_pilot_v1,EV,EV,toxicity_drug_response,Set9_D2,dose_axis,dose_response,G09,sterol_neutral_lipid,up,0.7999999999999999,spearman_rho_dose,0.7999999999999999,,,,MODERATE,,/Volumes/SSD_Rad/GAIRA_BUILD/gaira_base_4_shine_ev_gaira_pilot_v1/tables/shine_bsv_dose_response_metrics_v1.csv,hepatotoxicity_D2_C40_vs_C0,EV,toxicity_drug_response
E0001443,gaira_base_4_shine_ev_gaira_pilot_v1,EV,EV,toxicity_drug_response,Set9_D2,endpoint,endpoint_delta,G09,sterol_neutral_lipid,up,0.8116930922453429,endpoint_clr_delta,0.8116930922453429,,,,MODERATE,,/Volumes/SSD_Rad/GAIRA_BUILD/gaira_base_4_shine_ev_gaira_pilot_v1/tables/shine_bsv_dose_response_metrics_v1.csv,hepatotoxicity_D2_C40_vs_C0,EV,toxicity_drug_response
E0001444,gaira_base_4_shine_ev_gaira_pilot_v1,EV,EV,toxicity_drug_response,Set9_D2,dose_axis,dose_response,G10,sulfur_thiol_redox,up,0.7999999999999999,spearman_rho_dose,0.7999999999999999,,,,MODERATE,,/Volumes/SSD_Rad/GAIRA_BUILD/gaira_base_4_shine_ev_gaira_pilot_v1/tables/shine_bsv_dose_response_metrics_v1.csv,hepatotoxicity_D2_C40_vs_C0,EV,toxicity_drug_response
E0001445,gaira_base_4_shine_ev_gaira_pilot_v1,EV,EV,toxicity_drug_response,Set9_D2,endpoint,endpoint_delta,G10,sulfur_thiol_redox,up,0.2674947086937687,endpoint_clr_delta,0.2674947086937687,,,,WEAK,,/Volumes/SSD_Rad/GAIRA_BUILD/gaira_base_4_shine_ev_gaira_pilot_v1/tables/shine_bsv_dose_response_metrics_v1.csv,hepatotoxicity_D2_C40_vs_C0,EV,toxicity_drug_response
E0001446,gaira_base_4_shine_ev_gaira_pilot_v1,EV,EV,toxicity_drug_response,Set9_D2,dose_axis,dose_response,G11,metabolic_small_molecule,up,0.7999999999999999,spearman_rho_dose,0.7999999999999999,,,,MODERATE,,/Volumes/SSD_Rad/GAIRA_BUILD/gaira_base_4_shine_ev_gaira_pilot_v1/tables/shine_bsv_dose_response_metrics_v1.csv,hepatotoxicity_D2_C40_vs_C0,EV,toxicity_drug_response
E0001447,gaira_base_4_shine_ev_gaira_pilot_v1,EV,EV,toxicity_drug_response,Set9_D2,endpoint,endpoint_delta,G11,metabolic_small_molecule,up,1.405100503195844,endpoint_clr_delta,1.405100503195844,,,,STRONG,,/Volumes/SSD_Rad/GAIRA_BUILD/gaira_base_4_shine_ev_gaira_pilot_v1/tables/shine_bsv_dose_response_metrics_v1.csv,hepatotoxicity_D2_C40_vs_C0,EV,toxicity_drug_response
E0001448,gaira_base_4_shine_ev_gaira_pilot_v1,EV,EV,toxicity_drug_response,,top_mss_hit,mss_topK_frequency,,,up,0.2325,top1_freq,0.2325,tyrosine,,,MODERATE,,/Volumes/SSD_Rad/GAIRA_BUILD/gaira_base_4_shine_ev_gaira_pilot_v1/tables/shine_mss_top_hits_by_condition_v1.csv,hepatotoxicity_mss_layer,EV,toxicity_drug_response
E0001449,gaira_base_4_shine_ev_gaira_pilot_v1,EV,EV,toxicity_drug_response,,top_mss_hit,mss_topK_frequency,,,up,0.1425,top1_freq,0.1425,uric_acid,,,WEAK,,/Volumes/SSD_Rad/GAIRA_BUILD/gaira_base_4_shine_ev_gaira_pilot_v1/tables/shine_mss_top_hits_by_condition_v1.csv,hepatotoxicity_mss_layer,EV,toxicity_drug_response
E0001450,gaira_base_4_shine_ev_gaira_pilot_v1,EV,EV,toxicity_drug_response,,top_mss_hit,mss_topK_frequency,,,up,0.0825,top1_freq,0.0825,lactate,,,WEAK,,/Volumes/SSD_Rad/GAIRA_BUILD/gaira_base_4_shine_ev_gaira_pilot_v1/tables/shine_mss_top_hits_by_condition_v1.csv,hepatotoxicity_mss_layer,EV,toxicity_drug_response
E0001451,gaira_base_4_shine_ev_gaira_pilot_v1,EV,EV,toxicity_drug_response,,top_mss_hit,mss_topK_frequency,,,up,0.0775,top1_freq,0.0775,ergothioneine,,,WEAK,,/Volumes/SSD_Rad/GAIRA_BUILD/gaira_base_4_shine_ev_gaira_pilot_v1/tables/shine_mss_top_hits_by_condition_v1.csv,hepatotoxicity_mss_layer,EV,toxicity_drug_response
E0001452,gaira_base_4_shine_ev_gaira_pilot_v1,EV,EV,toxicity_drug_response,,top_mss_hit,mss_topK_frequency,,,up,0.07,top1_freq,0.07,glutathione,,,WEAK,,/Volumes/SSD_Rad/GAIRA_BUILD/gaira_base_4_shine_ev_gaira_pilot_v1/tables/shine_mss_top_hits_by_condition_v1.csv,hepatotoxicity_mss_layer,EV,toxicity_drug_response
E0001453,gaira_base_4_shine_ev_gaira_pilot_v1,EV,EV,toxicity_drug_response,,top_mss_hit,mss_topK_frequency,,,up,0.06,top1_freq,0.06,cysteine,,,WEAK,,/Volumes/SSD_Rad/GAIRA_BUILD/gaira_base_4_shine_ev_gaira_pilot_v1/tables/shine_mss_top_hits_by_condition_v1.csv,hepatotoxicity_mss_layer,EV,toxicity_drug_response
E0001454,gaira_base_4_shine_ev_gaira_pilot_v1,EV,EV,toxicity_drug_response,,top_mss_hit,mss_topK_frequency,,,up,0.06,top1_freq,0.06,palmitic_acid,,,WEAK,,/Volumes/SSD_Rad/GAIRA_BUILD/gaira_base_4_shine_ev_gaira_pilot_v1/tables/shine_mss_top_hits_by_condition_v1.csv,hepatotoxicity_mss_layer,EV,toxicity_drug_response
E0001455,gaira_base_4_shine_ev_gaira_pilot_v1,EV,EV,toxicity_drug_response,,top_mss_hit,mss_topK_frequency,,,up,0.055,top1_freq,0.055,xanthine,,,WEAK,,/Volumes/SSD_Rad/GAIRA_BUILD/gaira_base_4_shine_ev_gaira_pilot_v1/tables/shine_mss_top_hits_by_condition_v1.csv,hepatotoxicity_mss_layer,EV,toxicity_drug_response
E0001456,gaira_base_4_shine_ev_gaira_pilot_v1,EV,EV,toxicity_drug_response,,top_mss_hit,mss_topK_frequency,,,up,0.4675,top1_freq,0.4675,tyrosine,,,STRONG,,/Volumes/SSD_Rad/GAIRA_BUILD/gaira_base_4_shine_ev_gaira_pilot_v1/tables/shine_mss_top_hits_by_condition_v1.csv,hepatotoxicity_mss_layer,EV,toxicity_drug_response
E0001457,gaira_base_4_shine_ev_gaira_pilot_v1,EV,EV,toxicity_drug_response,,top_mss_hit,mss_topK_frequency,,,up,0.3775,top1_freq,0.3775,uric_acid,,,STRONG,,/Volumes/SSD_Rad/GAIRA_BUILD/gaira_base_4_shine_ev_gaira_pilot_v1/tables/shine_mss_top_hits_by_condition_v1.csv,hepatotoxicity_mss_layer,EV,toxicity_drug_response
E0001458,gaira_base_4_shine_ev_gaira_pilot_v1,EV,EV,toxicity_drug_response,,top_mss_hit,mss_topK_frequency,,,up,0.26,top1_freq,0.26,xanthine,,,MODERATE,,/Volumes/SSD_Rad/GAIRA_BUILD/gaira_base_4_shine_ev_gaira_pilot_v1/tables/shine_mss_top_hits_by_condition_v1.csv,hepatotoxicity_mss_layer,EV,toxicity_drug_response
E0001459,gaira_base_4_shine_ev_gaira_pilot_v1,EV,EV,toxicity_drug_response,,top_mss_hit,mss_topK_frequency,,,up,0.2475,top1_freq,0.2475,ergothioneine,,,MODERATE,,/Volumes/SSD_Rad/GAIRA_BUILD/gaira_base_4_shine_ev_gaira_pilot_v1/tables/shine_mss_top_hits_by_condition_v1.csv,hepatotoxicity_mss_layer,EV,toxicity_drug_response
E0001460,gaira_base_4_shine_ev_gaira_pilot_v1,EV,EV,toxicity_drug_response,,top_mss_hit,mss_topK_frequency,,,up,0.195,top1_freq,0.195,glutathione,,,MODERATE,,/Volumes/SSD_Rad/GAIRA_BUILD/gaira_base_4_shine_ev_gaira_pilot_v1/tables/shine_mss_top_hits_by_condition_v1.csv,hepatotoxicity_mss_layer,EV,toxicity_drug_response
E0001461,gaira_base_4_shine_ev_gaira_pilot_v1,EV,EV,toxicity_drug_response,,top_mss_hit,mss_topK_frequency,,,up,0.195,top1_freq,0.195,palmitic_acid,,,MODERATE,,/Volumes/SSD_Rad/GAIRA_BUILD/gaira_base_4_shine_ev_gaira_pilot_v1/tables/shine_mss_top_hits_by_condition_v1.csv,hepatotoxicity_mss_layer,EV,toxicity_drug_response
E0001462,gaira_base_4_shine_ev_gaira_pilot_v1,EV,EV,toxicity_drug_response,,top_mss_hit,mss_topK_frequency,,,up,0.1775,top1_freq,0.1775,lactate,,,MODERATE,,/Volumes/SSD_Rad/GAIRA_BUILD/gaira_base_4_shine_ev_gaira_pilot_v1/tables/shine_mss_top_hits_by_condition_v1.csv,hepatotoxicity_mss_layer,EV,toxicity_drug_response
E0001463,gaira_base_4_shine_ev_gaira_pilot_v1,EV,EV,toxicity_drug_response,,top_mss_hit,mss_topK_frequency,,,up,0.165,top1_freq,0.165,cysteine,,,MODERATE,,/Volumes/SSD_Rad/GAIRA_BUILD/gaira_base_4_shine_ev_gaira_pilot_v1/tables/shine_mss_top_hits_by_condition_v1.csv,hepatotoxicity_mss_layer,EV,toxicity_drug_response
E0001464,gaira_base_4_shine_ev_gaira_pilot_v1,EV,EV,toxicity_drug_response,,top_mss_hit,mss_topK_frequency,,,up,0.615,top1_freq,0.615,tyrosine,,,STRONG,,/Volumes/SSD_Rad/GAIRA_BUILD/gaira_base_4_shine_ev_gaira_pilot_v1/tables/shine_mss_top_hits_by_condition_v1.csv,hepatotoxicity_mss_layer,EV,toxicity_drug_response
E0001465,gaira_base_4_shine_ev_gaira_pilot_v1,EV,EV,toxicity_drug_response,,top_mss_hit,mss_topK_frequency,,,up,0.4875,top1_freq,0.4875,uric_acid,,,STRONG,,/Volumes/SSD_Rad/GAIRA_BUILD/gaira_base_4_shine_ev_gaira_pilot_v1/tables/shine_mss_top_hits_by_condition_v1.csv,hepatotoxicity_mss_layer,EV,toxicity_drug_response
E0001466,gaira_base_4_shine_ev_gaira_pilot_v1,EV,EV,toxicity_drug_response,,top_mss_hit,mss_topK_frequency,,,up,0.375,top1_freq,0.375,xanthine,,,STRONG,,/Volumes/SSD_Rad/GAIRA_BUILD/gaira_base_4_shine_ev_gaira_pilot_v1/tables/shine_mss_top_hits_by_condition_v1.csv,hepatotoxicity_mss_layer,EV,toxicity_drug_response
E0001467,gaira_base_4_shine_ev_gaira_pilot_v1,EV,EV,toxicity_drug_response,,top_mss_hit,mss_topK_frequency,,,up,0.3575,top1_freq,0.3575,ergothioneine,,,STRONG,,/Volumes/SSD_Rad/GAIRA_BUILD/gaira_base_4_shine_ev_gaira_pilot_v1/tables/shine_mss_top_hits_by_condition_v1.csv,hepatotoxicity_mss_layer,EV,toxicity_drug_response
E0001468,gaira_base_4_shine_ev_gaira_pilot_v1,EV,EV,toxicity_drug_response,,top_mss_hit,mss_topK_frequency,,,up,0.355,top1_freq,0.355,lactate,,,STRONG,,/Volumes/SSD_Rad/GAIRA_BUILD/gaira_base_4_shine_ev_gaira_pilot_v1/tables/shine_mss_top_hits_by_condition_v1.csv,hepatotoxicity_mss_layer,EV,toxicity_drug_response
E0001469,gaira_base_4_shine_ev_gaira_pilot_v1,EV,EV,toxicity_drug_response,,top_mss_hit,mss_topK_frequency,,,up,0.35,top1_freq,0.35,palmitic_acid,,,STRONG,,/Volumes/SSD_Rad/GAIRA_BUILD/gaira_base_4_shine_ev_gaira_pilot_v1/tables/shine_mss_top_hits_by_condition_v1.csv,hepatotoxicity_mss_layer,EV,toxicity_drug_response
E0001470,gaira_base_4_shine_ev_gaira_pilot_v1,EV,EV,toxicity_drug_response,,top_mss_hit,mss_topK_frequency,,,up,0.3275,top1_freq,0.3275,cysteine,,,STRONG,,/Volumes/SSD_Rad/GAIRA_BUILD/gaira_base_4_shine_ev_gaira_pilot_v1/tables/shine_mss_top_hits_by_condition_v1.csv,hepatotoxicity_mss_layer,EV,toxicity_drug_response
E0001471,gaira_base_4_shine_ev_gaira_pilot_v1,EV,EV,toxicity_drug_response,,top_mss_hit,mss_topK_frequency,,,up,0.3275,top1_freq,0.3275,glutathione,,,STRONG,,/Volumes/SSD_Rad/GAIRA_BUILD/gaira_base_4_shine_ev_gaira_pilot_v1/tables/shine_mss_top_hits_by_condition_v1.csv,hepatotoxicity_mss_layer,EV,toxicity_drug_response
E0001472,gaira_base_4_shine_ev_gaira_pilot_v1,EV,EV,toxicity_drug_response,,top_mss_hit,mss_topK_frequency,,,up,0.2125,top1_freq,0.2125,tyrosine,,,MODERATE,,/Volumes/SSD_Rad/GAIRA_BUILD/gaira_base_4_shine_ev_gaira_pilot_v1/tables/shine_mss_top_hits_by_condition_v1.csv,hepatotoxicity_mss_layer,EV,toxicity_drug_response
E0001473,gaira_base_4_shine_ev_gaira_pilot_v1,EV,EV,toxicity_drug_response,,top_mss_hit,mss_topK_frequency,,,up,0.13,top1_freq,0.13,uric_acid,,,WEAK,,/Volumes/SSD_Rad/GAIRA_BUILD/gaira_base_4_shine_ev_gaira_pilot_v1/tables/shine_mss_top_hits_by_condition_v1.csv,hepatotoxicity_mss_layer,EV,toxicity_drug_response
E0001474,gaira_base_4_shine_ev_gaira_pilot_v1,EV,EV,toxicity_drug_response,,top_mss_hit,mss_topK_frequency,,,up,0.1025,top1_freq,0.1025,xanthine,,,WEAK,,/Volumes/SSD_Rad/GAIRA_BUILD/gaira_base_4_shine_ev_gaira_pilot_v1/tables/shine_mss_top_hits_by_condition_v1.csv,hepatotoxicity_mss_layer,EV,toxicity_drug_response
E0001475,gaira_base_4_shine_ev_gaira_pilot_v1,EV,EV,toxicity_drug_response,,top_mss_hit,mss_topK_frequency,,,up,0.08,top1_freq,0.08,glutathione,,,WEAK,,/Volumes/SSD_Rad/GAIRA_BUILD/gaira_base_4_shine_ev_gaira_pilot_v1/tables/shine_mss_top_hits_by_condition_v1.csv,hepatotoxicity_mss_layer,EV,toxicity_drug_response
E0001476,gaira_base_4_shine_ev_gaira_pilot_v1,EV,EV,toxicity_drug_response,,top_mss_hit,mss_topK_frequency,,,up,0.07,top1_freq,0.07,palmitic_acid,,,WEAK,,/Volumes/SSD_Rad/GAIRA_BUILD/gaira_base_4_shine_ev_gaira_pilot_v1/tables/shine_mss_top_hits_by_condition_v1.csv,hepatotoxicity_mss_layer,EV,toxicity_drug_response
E0001477,gaira_base_4_shine_ev_gaira_pilot_v1,EV,EV,toxicity_drug_response,,top_mss_hit,mss_topK_frequency,,,up,0.0625,top1_freq,0.0625,lactate,,,WEAK,,/Volumes/SSD_Rad/GAIRA_BUILD/gaira_base_4_shine_ev_gaira_pilot_v1/tables/shine_mss_top_hits_by_condition_v1.csv,hepatotoxicity_mss_layer,EV,toxicity_drug_response
E0001478,gaira_base_4_shine_ev_gaira_pilot_v1,EV,EV,toxicity_drug_response,,top_mss_hit,mss_topK_frequency,,,up,0.055,top1_freq,0.055,cysteine,,,WEAK,,/Volumes/SSD_Rad/GAIRA_BUILD/gaira_base_4_shine_ev_gaira_pilot_v1/tables/shine_mss_top_hits_by_condition_v1.csv,hepatotoxicity_mss_layer,EV,toxicity_drug_response
E0001479,gaira_base_4_shine_ev_gaira_pilot_v1,EV,EV,toxicity_drug_response,,top_mss_hit,mss_topK_frequency,,,up,0.4625,top1_freq,0.4625,tyrosine,,,STRONG,,/Volumes/SSD_Rad/GAIRA_BUILD/gaira_base_4_shine_ev_gaira_pilot_v1/tables/shine_mss_top_hits_by_condition_v1.csv,hepatotoxicity_mss_layer,EV,toxicity_drug_response
E0001480,gaira_base_4_shine_ev_gaira_pilot_v1,EV,EV,toxicity_drug_response,,top_mss_hit,mss_topK_frequency,,,up,0.39,top1_freq,0.39,uric_acid,,,STRONG,,/Volumes/SSD_Rad/GAIRA_BUILD/gaira_base_4_shine_ev_gaira_pilot_v1/tables/shine_mss_top_hits_by_condition_v1.csv,hepatotoxicity_mss_layer,EV,toxicity_drug_response
E0001481,gaira_base_4_shine_ev_gaira_pilot_v1,EV,EV,toxicity_drug_response,,top_mss_hit,mss_topK_frequency,,,up,0.2625,top1_freq,0.2625,xanthine,,,MODERATE,,/Volumes/SSD_Rad/GAIRA_BUILD/gaira_base_4_shine_ev_gaira_pilot_v1/tables/shine_mss_top_hits_by_condition_v1.csv,hepatotoxicity_mss_layer,EV,toxicity_drug_response
E0001482,gaira_base_4_shine_ev_gaira_pilot_v1,EV,EV,toxicity_drug_response,,top_mss_hit,mss_topK_frequency,,,up,0.2325,top1_freq,0.2325,glutathione,,,MODERATE,,/Volumes/SSD_Rad/GAIRA_BUILD/gaira_base_4_shine_ev_gaira_pilot_v1/tables/shine_mss_top_hits_by_condition_v1.csv,hepatotoxicity_mss_layer,EV,toxicity_drug_response
E0001483,gaira_base_4_shine_ev_gaira_pilot_v1,EV,EV,toxicity_drug_response,,top_mss_hit,mss_topK_frequency,,,up,0.2075,top1_freq,0.2075,ergothioneine,,,MODERATE,,/Volumes/SSD_Rad/GAIRA_BUILD/gaira_base_4_shine_ev_gaira_pilot_v1/tables/shine_mss_top_hits_by_condition_v1.csv,hepatotoxicity_mss_layer,EV,toxicity_drug_response
E0001484,gaira_base_4_shine_ev_gaira_pilot_v1,EV,EV,toxicity_drug_response,,top_mss_hit,mss_topK_frequency,,,up,0.185,top1_freq,0.185,palmitic_acid,,,MODERATE,,/Volumes/SSD_Rad/GAIRA_BUILD/gaira_base_4_shine_ev_gaira_pilot_v1/tables/shine_mss_top_hits_by_condition_v1.csv,hepatotoxicity_mss_layer,EV,toxicity_drug_response
E0001485,gaira_base_4_shine_ev_gaira_pilot_v1,EV,EV,toxicity_drug_response,,top_mss_hit,mss_topK_frequency,,,up,0.1675,top1_freq,0.1675,cysteine,,,MODERATE,,/Volumes/SSD_Rad/GAIRA_BUILD/gaira_base_4_shine_ev_gaira_pilot_v1/tables/shine_mss_top_hits_by_condition_v1.csv,hepatotoxicity_mss_layer,EV,toxicity_drug_response
E0001486,gaira_base_4_shine_ev_gaira_pilot_v1,EV,EV,toxicity_drug_response,,top_mss_hit,mss_topK_frequency,,,up,0.1575,top1_freq,0.1575,lactate,,,MODERATE,,/Volumes/SSD_Rad/GAIRA_BUILD/gaira_base_4_shine_ev_gaira_pilot_v1/tables/shine_mss_top_hits_by_condition_v1.csv,hepatotoxicity_mss_layer,EV,toxicity_drug_response
E0001487,gaira_base_4_shine_ev_gaira_pilot_v1,EV,EV,toxicity_drug_response,,top_mss_hit,mss_topK_frequency,,,up,0.595,top1_freq,0.595,tyrosine,,,STRONG,,/Volumes/SSD_Rad/GAIRA_BUILD/gaira_base_4_shine_ev_gaira_pilot_v1/tables/shine_mss_top_hits_by_condition_v1.csv,hepatotoxicity_mss_layer,EV,toxicity_drug_response
E0001488,gaira_base_4_shine_ev_gaira_pilot_v1,EV,EV,toxicity_drug_response,,top_mss_hit,mss_topK_frequency,,,up,0.505,top1_freq,0.505,uric_acid,,,STRONG,,/Volumes/SSD_Rad/GAIRA_BUILD/gaira_base_4_shine_ev_gaira_pilot_v1/tables/shine_mss_top_hits_by_condition_v1.csv,hepatotoxicity_mss_layer,EV,toxicity_drug_response
E0001489,gaira_base_4_shine_ev_gaira_pilot_v1,EV,EV,toxicity_drug_response,,top_mss_hit,mss_topK_frequency,,,up,0.3825,top1_freq,0.3825,xanthine,,,STRONG,,/Volumes/SSD_Rad/GAIRA_BUILD/gaira_base_4_shine_ev_gaira_pilot_v1/tables/shine_mss_top_hits_by_condition_v1.csv,hepatotoxicity_mss_layer,EV,toxicity_drug_response
E0001490,gaira_base_4_shine_ev_gaira_pilot_v1,EV,EV,toxicity_drug_response,,top_mss_hit,mss_topK_frequency,,,up,0.3675,top1_freq,0.3675,glutathione,,,STRONG,,/Volumes/SSD_Rad/GAIRA_BUILD/gaira_base_4_shine_ev_gaira_pilot_v1/tables/shine_mss_top_hits_by_condition_v1.csv,hepatotoxicity_mss_layer,EV,toxicity_drug_response
E0001491,gaira_base_4_shine_ev_gaira_pilot_v1,EV,EV,toxicity_drug_response,,top_mss_hit,mss_topK_frequency,,,up,0.3475,top1_freq,0.3475,ergothioneine,,,STRONG,,/Volumes/SSD_Rad/GAIRA_BUILD/gaira_base_4_shine_ev_gaira_pilot_v1/tables/shine_mss_top_hits_by_condition_v1.csv,hepatotoxicity_mss_layer,EV,toxicity_drug_response
E0001492,gaira_base_4_shine_ev_gaira_pilot_v1,EV,EV,toxicity_drug_response,,top_mss_hit,mss_topK_frequency,,,up,0.3275,top1_freq,0.3275,palmitic_acid,,,STRONG,,/Volumes/SSD_Rad/GAIRA_BUILD/gaira_base_4_shine_ev_gaira_pilot_v1/tables/shine_mss_top_hits_by_condition_v1.csv,hepatotoxicity_mss_layer,EV,toxicity_drug_response
E0001493,gaira_base_4_shine_ev_gaira_pilot_v1,EV,EV,toxicity_drug_response,,top_mss_hit,mss_topK_frequency,,,up,0.32,top1_freq,0.32,lactate,,,STRONG,,/Volumes/SSD_Rad/GAIRA_BUILD/gaira_base_4_shine_ev_gaira_pilot_v1/tables/shine_mss_top_hits_by_condition_v1.csv,hepatotoxicity_mss_layer,EV,toxicity_drug_response
E0001494,gaira_base_4_shine_ev_gaira_pilot_v1,EV,EV,toxicity_drug_response,,top_mss_hit,mss_topK_frequency,,,up,0.315,top1_freq,0.315,cysteine,,,STRONG,,/Volumes/SSD_Rad/GAIRA_BUILD/gaira_base_4_shine_ev_gaira_pilot_v1/tables/shine_mss_top_hits_by_condition_v1.csv,hepatotoxicity_mss_layer,EV,toxicity_drug_response
E0001495,gaira_base_4_shine_ev_gaira_pilot_v1,EV,EV,toxicity_drug_response,,top_mss_hit,mss_topK_frequency,,,up,0.1925,top1_freq,0.1925,tyrosine,,,MODERATE,,/Volumes/SSD_Rad/GAIRA_BUILD/gaira_base_4_shine_ev_gaira_pilot_v1/tables/shine_mss_top_hits_by_condition_v1.csv,hepatotoxicity_mss_layer,EV,toxicity_drug_response
E0001496,gaira_base_4_shine_ev_gaira_pilot_v1,EV,EV,toxicity_drug_response,,top_mss_hit,mss_topK_frequency,,,up,0.115,top1_freq,0.115,uric_acid,,,WEAK,,/Volumes/SSD_Rad/GAIRA_BUILD/gaira_base_4_shine_ev_gaira_pilot_v1/tables/shine_mss_top_hits_by_condition_v1.csv,hepatotoxicity_mss_layer,EV,toxicity_drug_response
E0001497,gaira_base_4_shine_ev_gaira_pilot_v1,EV,EV,toxicity_drug_response,,top_mss_hit,mss_topK_frequency,,,up,0.0975,top1_freq,0.0975,cysteine,,,WEAK,,/Volumes/SSD_Rad/GAIRA_BUILD/gaira_base_4_shine_ev_gaira_pilot_v1/tables/shine_mss_top_hits_by_condition_v1.csv,hepatotoxicity_mss_layer,EV,toxicity_drug_response
E0001498,gaira_base_4_shine_ev_gaira_pilot_v1,EV,EV,toxicity_drug_response,,top_mss_hit,mss_topK_frequency,,,up,0.08,top1_freq,0.08,palmitic_acid,,,WEAK,,/Volumes/SSD_Rad/GAIRA_BUILD/gaira_base_4_shine_ev_gaira_pilot_v1/tables/shine_mss_top_hits_by_condition_v1.csv,hepatotoxicity_mss_layer,EV,toxicity_drug_response
E0001499,gaira_base_4_shine_ev_gaira_pilot_v1,EV,EV,toxicity_drug_response,,top_mss_hit,mss_topK_frequency,,,up,0.0725,top1_freq,0.0725,xanthine,,,WEAK,,/Volumes/SSD_Rad/GAIRA_BUILD/gaira_base_4_shine_ev_gaira_pilot_v1/tables/shine_mss_top_hits_by_condition_v1.csv,hepatotoxicity_mss_layer,EV,toxicity_drug_response
E0001500,gaira_base_4_shine_ev_gaira_pilot_v1,EV,EV,toxicity_drug_response,,top_mss_hit,mss_topK_frequency,,,up,0.07,top1_freq,0.07,lactate,,,WEAK,,/Volumes/SSD_Rad/GAIRA_BUILD/gaira_base_4_shine_ev_gaira_pilot_v1/tables/shine_mss_top_hits_by_condition_v1.csv,hepatotoxicity_mss_layer,EV,toxicity_drug_response
E0001501,gaira_base_4_shine_ev_gaira_pilot_v1,EV,EV,toxicity_drug_response,,top_mss_hit,mss_topK_frequency,,,up,0.0625,top1_freq,0.0625,ergothioneine,,,WEAK,,/Volumes/SSD_Rad/GAIRA_BUILD/gaira_base_4_shine_ev_gaira_pilot_v1/tables/shine_mss_top_hits_by_condition_v1.csv,hepatotoxicity_mss_layer,EV,toxicity_drug_response
E0001502,gaira_base_4_shine_ev_gaira_pilot_v1,EV,EV,toxicity_drug_response,,top_mss_hit,mss_topK_frequency,,,up,0.0525,top1_freq,0.0525,cystine,,,WEAK,,/Volumes/SSD_Rad/GAIRA_BUILD/gaira_base_4_shine_ev_gaira_pilot_v1/tables/shine_mss_top_hits_by_condition_v1.csv,hepatotoxicity_mss_layer,EV,toxicity_drug_response
E0001503,gaira_base_4_shine_ev_gaira_pilot_v1,EV,EV,toxicity_drug_response,,top_mss_hit,mss_topK_frequency,,,up,0.38,top1_freq,0.38,tyrosine,,,STRONG,,/Volumes/SSD_Rad/GAIRA_BUILD/gaira_base_4_shine_ev_gaira_pilot_v1/tables/shine_mss_top_hits_by_condition_v1.csv,hepatotoxicity_mss_layer,EV,toxicity_drug_response
E0001504,gaira_base_4_shine_ev_gaira_pilot_v1,EV,EV,toxicity_drug_response,,top_mss_hit,mss_topK_frequency,,,up,0.355,top1_freq,0.355,uric_acid,,,STRONG,,/Volumes/SSD_Rad/GAIRA_BUILD/gaira_base_4_shine_ev_gaira_pilot_v1/tables/shine_mss_top_hits_by_condition_v1.csv,hepatotoxicity_mss_layer,EV,toxicity_drug_response
E0001505,gaira_base_4_shine_ev_gaira_pilot_v1,EV,EV,toxicity_drug_response,,top_mss_hit,mss_topK_frequency,,,up,0.2675,top1_freq,0.2675,xanthine,,,MODERATE,,/Volumes/SSD_Rad/GAIRA_BUILD/gaira_base_4_shine_ev_gaira_pilot_v1/tables/shine_mss_top_hits_by_condition_v1.csv,hepatotoxicity_mss_layer,EV,toxicity_drug_response
E0001506,gaira_base_4_shine_ev_gaira_pilot_v1,EV,EV,toxicity_drug_response,,top_mss_hit,mss_topK_frequency,,,up,0.2525,top1_freq,0.2525,palmitic_acid,,,MODERATE,,/Volumes/SSD_Rad/GAIRA_BUILD/gaira_base_4_shine_ev_gaira_pilot_v1/tables/shine_mss_top_hits_by_condition_v1.csv,hepatotoxicity_mss_layer,EV,toxicity_drug_response
E0001507,gaira_base_4_shine_ev_gaira_pilot_v1,EV,EV,toxicity_drug_response,,top_mss_hit,mss_topK_frequency,,,up,0.2175,top1_freq,0.2175,cysteine,,,MODERATE,,/Volumes/SSD_Rad/GAIRA_BUILD/gaira_base_4_shine_ev_gaira_pilot_v1/tables/shine_mss_top_hits_by_condition_v1.csv,hepatotoxicity_mss_layer,EV,toxicity_drug_response
E0001508,gaira_base_4_shine_ev_gaira_pilot_v1,EV,EV,toxicity_drug_response,,top_mss_hit,mss_topK_frequency,,,up,0.215,top1_freq,0.215,ergothioneine,,,MODERATE,,/Volumes/SSD_Rad/GAIRA_BUILD/gaira_base_4_shine_ev_gaira_pilot_v1/tables/shine_mss_top_hits_by_condition_v1.csv,hepatotoxicity_mss_layer,EV,toxicity_drug_response
E0001509,gaira_base_4_shine_ev_gaira_pilot_v1,EV,EV,toxicity_drug_response,,top_mss_hit,mss_topK_frequency,,,up,0.17,top1_freq,0.17,stearic_acid,,,MODERATE,,/Volumes/SSD_Rad/GAIRA_BUILD/gaira_base_4_shine_ev_gaira_pilot_v1/tables/shine_mss_top_hits_by_condition_v1.csv,hepatotoxicity_mss_layer,EV,toxicity_drug_response
E0001510,gaira_base_4_shine_ev_gaira_pilot_v1,EV,EV,toxicity_drug_response,,top_mss_hit,mss_topK_frequency,,,up,0.1575,top1_freq,0.1575,lactate,,,MODERATE,,/Volumes/SSD_Rad/GAIRA_BUILD/gaira_base_4_shine_ev_gaira_pilot_v1/tables/shine_mss_top_hits_by_condition_v1.csv,hepatotoxicity_mss_layer,EV,toxicity_drug_response
E0001511,gaira_base_4_shine_ev_gaira_pilot_v1,EV,EV,toxicity_drug_response,,top_mss_hit,mss_topK_frequency,,,up,0.51,top1_freq,0.51,tyrosine,,,STRONG,,/Volumes/SSD_Rad/GAIRA_BUILD/gaira_base_4_shine_ev_gaira_pilot_v1/tables/shine_mss_top_hits_by_condition_v1.csv,hepatotoxicity_mss_layer,EV,toxicity_drug_response
E0001512,gaira_base_4_shine_ev_gaira_pilot_v1,EV,EV,toxicity_drug_response,,top_mss_hit,mss_topK_frequency,,,up,0.4775,top1_freq,0.4775,uric_acid,,,STRONG,,/Volumes/SSD_Rad/GAIRA_BUILD/gaira_base_4_shine_ev_gaira_pilot_v1/tables/shine_mss_top_hits_by_condition_v1.csv,hepatotoxicity_mss_layer,EV,toxicity_drug_response
E0001513,gaira_base_4_shine_ev_gaira_pilot_v1,EV,EV,toxicity_drug_response,,top_mss_hit,mss_topK_frequency,,,up,0.395,top1_freq,0.395,cysteine,,,STRONG,,/Volumes/SSD_Rad/GAIRA_BUILD/gaira_base_4_shine_ev_gaira_pilot_v1/tables/shine_mss_top_hits_by_condition_v1.csv,hepatotoxicity_mss_layer,EV,toxicity_drug_response
E0001514,gaira_base_4_shine_ev_gaira_pilot_v1,EV,EV,toxicity_drug_response,,top_mss_hit,mss_topK_frequency,,,up,0.385,top1_freq,0.385,palmitic_acid,,,STRONG,,/Volumes/SSD_Rad/GAIRA_BUILD/gaira_base_4_shine_ev_gaira_pilot_v1/tables/shine_mss_top_hits_by_condition_v1.csv,hepatotoxicity_mss_layer,EV,toxicity_drug_response
E0001515,gaira_base_4_shine_ev_gaira_pilot_v1,EV,EV,toxicity_drug_response,,top_mss_hit,mss_topK_frequency,,,up,0.3575,top1_freq,0.3575,xanthine,,,STRONG,,/Volumes/SSD_Rad/GAIRA_BUILD/gaira_base_4_shine_ev_gaira_pilot_v1/tables/shine_mss_top_hits_by_condition_v1.csv,hepatotoxicity_mss_layer,EV,toxicity_drug_response
E0001516,gaira_base_4_shine_ev_gaira_pilot_v1,EV,EV,toxicity_drug_response,,top_mss_hit,mss_topK_frequency,,,up,0.345,top1_freq,0.345,ergothioneine,,,STRONG,,/Volumes/SSD_Rad/GAIRA_BUILD/gaira_base_4_shine_ev_gaira_pilot_v1/tables/shine_mss_top_hits_by_condition_v1.csv,hepatotoxicity_mss_layer,EV,toxicity_drug_response
E0001517,gaira_base_4_shine_ev_gaira_pilot_v1,EV,EV,toxicity_drug_response,,top_mss_hit,mss_topK_frequency,,,up,0.31,top1_freq,0.31,lactate,,,STRONG,,/Volumes/SSD_Rad/GAIRA_BUILD/gaira_base_4_shine_ev_gaira_pilot_v1/tables/shine_mss_top_hits_by_condition_v1.csv,hepatotoxicity_mss_layer,EV,toxicity_drug_response
E0001518,gaira_base_4_shine_ev_gaira_pilot_v1,EV,EV,toxicity_drug_response,,top_mss_hit,mss_topK_frequency,,,up,0.2875,top1_freq,0.2875,glutathione,,,MODERATE,,/Volumes/SSD_Rad/GAIRA_BUILD/gaira_base_4_shine_ev_gaira_pilot_v1/tables/shine_mss_top_hits_by_condition_v1.csv,hepatotoxicity_mss_layer,EV,toxicity_drug_response
E0001519,gaira_base_4_shine_ev_gaira_pilot_v1,EV,EV,toxicity_drug_response,,top_mss_hit,mss_topK_frequency,,,up,0.1725,top1_freq,0.1725,tyrosine,,,MODERATE,,/Volumes/SSD_Rad/GAIRA_BUILD/gaira_base_4_shine_ev_gaira_pilot_v1/tables/shine_mss_top_hits_by_condition_v1.csv,hepatotoxicity_mss_layer,EV,toxicity_drug_response
E0001520,gaira_base_4_shine_ev_gaira_pilot_v1,EV,EV,toxicity_drug_response,,top_mss_hit,mss_topK_frequency,,,up,0.1225,top1_freq,0.1225,uric_acid,,,WEAK,,/Volumes/SSD_Rad/GAIRA_BUILD/gaira_base_4_shine_ev_gaira_pilot_v1/tables/shine_mss_top_hits_by_condition_v1.csv,hepatotoxicity_mss_layer,EV,toxicity_drug_response
E0001521,gaira_base_4_shine_ev_gaira_pilot_v1,EV,EV,toxicity_drug_response,,top_mss_hit,mss_topK_frequency,,,up,0.1075,top1_freq,0.1075,xanthine,,,WEAK,,/Volumes/SSD_Rad/GAIRA_BUILD/gaira_base_4_shine_ev_gaira_pilot_v1/tables/shine_mss_top_hits_by_condition_v1.csv,hepatotoxicity_mss_layer,EV,toxicity_drug_response
E0001522,gaira_base_4_shine_ev_gaira_pilot_v1,EV,EV,toxicity_drug_response,,top_mss_hit,mss_topK_frequency,,,up,0.0975,top1_freq,0.0975,cysteine,,,WEAK,,/Volumes/SSD_Rad/GAIRA_BUILD/gaira_base_4_shine_ev_gaira_pilot_v1/tables/shine_mss_top_hits_by_condition_v1.csv,hepatotoxicity_mss_layer,EV,toxicity_drug_response
E0001523,gaira_base_4_shine_ev_gaira_pilot_v1,EV,EV,toxicity_drug_response,,top_mss_hit,mss_topK_frequency,,,up,0.075,top1_freq,0.075,lactate,,,WEAK,,/Volumes/SSD_Rad/GAIRA_BUILD/gaira_base_4_shine_ev_gaira_pilot_v1/tables/shine_mss_top_hits_by_condition_v1.csv,hepatotoxicity_mss_layer,EV,toxicity_drug_response
E0001524,gaira_base_4_shine_ev_gaira_pilot_v1,EV,EV,toxicity_drug_response,,top_mss_hit,mss_topK_frequency,,,up,0.07,top1_freq,0.07,glutathione,,,WEAK,,/Volumes/SSD_Rad/GAIRA_BUILD/gaira_base_4_shine_ev_gaira_pilot_v1/tables/shine_mss_top_hits_by_condition_v1.csv,hepatotoxicity_mss_layer,EV,toxicity_drug_response
E0001525,gaira_base_4_shine_ev_gaira_pilot_v1,EV,EV,toxicity_drug_response,,top_mss_hit,mss_topK_frequency,,,up,0.06,top1_freq,0.06,ergothioneine,,,WEAK,,/Volumes/SSD_Rad/GAIRA_BUILD/gaira_base_4_shine_ev_gaira_pilot_v1/tables/shine_mss_top_hits_by_condition_v1.csv,hepatotoxicity_mss_layer,EV,toxicity_drug_response
E0001526,gaira_base_4_shine_ev_gaira_pilot_v1,EV,EV,toxicity_drug_response,,top_mss_hit,mss_topK_frequency,,,up,0.05,top1_freq,0.05,palmitic_acid,,,WEAK,,/Volumes/SSD_Rad/GAIRA_BUILD/gaira_base_4_shine_ev_gaira_pilot_v1/tables/shine_mss_top_hits_by_condition_v1.csv,hepatotoxicity_mss_layer,EV,toxicity_drug_response
E0001527,gaira_base_4_shine_ev_gaira_pilot_v1,EV,EV,toxicity_drug_response,,top_mss_hit,mss_topK_frequency,,,up,0.4425,top1_freq,0.4425,tyrosine,,,STRONG,,/Volumes/SSD_Rad/GAIRA_BUILD/gaira_base_4_shine_ev_gaira_pilot_v1/tables/shine_mss_top_hits_by_condition_v1.csv,hepatotoxicity_mss_layer,EV,toxicity_drug_response
E0001528,gaira_base_4_shine_ev_gaira_pilot_v1,EV,EV,toxicity_drug_response,,top_mss_hit,mss_topK_frequency,,,up,0.37,top1_freq,0.37,uric_acid,,,STRONG,,/Volumes/SSD_Rad/GAIRA_BUILD/gaira_base_4_shine_ev_gaira_pilot_v1/tables/shine_mss_top_hits_by_condition_v1.csv,hepatotoxicity_mss_layer,EV,toxicity_drug_response
E0001529,gaira_base_4_shine_ev_gaira_pilot_v1,EV,EV,toxicity_drug_response,,top_mss_hit,mss_topK_frequency,,,up,0.31,top1_freq,0.31,xanthine,,,STRONG,,/Volumes/SSD_Rad/GAIRA_BUILD/gaira_base_4_shine_ev_gaira_pilot_v1/tables/shine_mss_top_hits_by_condition_v1.csv,hepatotoxicity_mss_layer,EV,toxicity_drug_response
E0001530,gaira_base_4_shine_ev_gaira_pilot_v1,EV,EV,toxicity_drug_response,,top_mss_hit,mss_topK_frequency,,,up,0.25,top1_freq,0.25,ergothioneine,,,MODERATE,,/Volumes/SSD_Rad/GAIRA_BUILD/gaira_base_4_shine_ev_gaira_pilot_v1/tables/shine_mss_top_hits_by_condition_v1.csv,hepatotoxicity_mss_layer,EV,toxicity_drug_response
E0001531,gaira_base_4_shine_ev_gaira_pilot_v1,EV,EV,toxicity_drug_response,,top_mss_hit,mss_topK_frequency,,,up,0.2075,top1_freq,0.2075,cysteine,,,MODERATE,,/Volumes/SSD_Rad/GAIRA_BUILD/gaira_base_4_shine_ev_gaira_pilot_v1/tables/shine_mss_top_hits_by_condition_v1.csv,hepatotoxicity_mss_layer,EV,toxicity_drug_response
E0001532,gaira_base_4_shine_ev_gaira_pilot_v1,EV,EV,toxicity_drug_response,,top_mss_hit,mss_topK_frequency,,,up,0.19,top1_freq,0.19,glutathione,,,MODERATE,,/Volumes/SSD_Rad/GAIRA_BUILD/gaira_base_4_shine_ev_gaira_pilot_v1/tables/shine_mss_top_hits_by_condition_v1.csv,hepatotoxicity_mss_layer,EV,toxicity_drug_response
E0001533,gaira_base_4_shine_ev_gaira_pilot_v1,EV,EV,toxicity_drug_response,,top_mss_hit,mss_topK_frequency,,,up,0.16,top1_freq,0.16,lactate,,,MODERATE,,/Volumes/SSD_Rad/GAIRA_BUILD/gaira_base_4_shine_ev_gaira_pilot_v1/tables/shine_mss_top_hits_by_condition_v1.csv,hepatotoxicity_mss_layer,EV,toxicity_drug_response
E0001534,gaira_base_4_shine_ev_gaira_pilot_v1,EV,EV,toxicity_drug_response,,top_mss_hit,mss_topK_frequency,,,up,0.145,top1_freq,0.145,palmitic_acid,,,WEAK,,/Volumes/SSD_Rad/GAIRA_BUILD/gaira_base_4_shine_ev_gaira_pilot_v1/tables/shine_mss_top_hits_by_condition_v1.csv,hepatotoxicity_mss_layer,EV,toxicity_drug_response
E0001535,gaira_base_4_shine_ev_gaira_pilot_v1,EV,EV,toxicity_drug_response,,top_mss_hit,mss_topK_frequency,,,up,0.5675,top1_freq,0.5675,tyrosine,,,STRONG,,/Volumes/SSD_Rad/GAIRA_BUILD/gaira_base_4_shine_ev_gaira_pilot_v1/tables/shine_mss_top_hits_by_condition_v1.csv,hepatotoxicity_mss_layer,EV,toxicity_drug_response
E0001536,gaira_base_4_shine_ev_gaira_pilot_v1,EV,EV,toxicity_drug_response,,top_mss_hit,mss_topK_frequency,,,up,0.5225,top1_freq,0.5225,uric_acid,,,STRONG,,/Volumes/SSD_Rad/GAIRA_BUILD/gaira_base_4_shine_ev_gaira_pilot_v1/tables/shine_mss_top_hits_by_condition_v1.csv,hepatotoxicity_mss_layer,EV,toxicity_drug_response
E0001537,gaira_base_4_shine_ev_gaira_pilot_v1,EV,EV,toxicity_drug_response,,top_mss_hit,mss_topK_frequency,,,up,0.4475,top1_freq,0.4475,xanthine,,,STRONG,,/Volumes/SSD_Rad/GAIRA_BUILD/gaira_base_4_shine_ev_gaira_pilot_v1/tables/shine_mss_top_hits_by_condition_v1.csv,hepatotoxicity_mss_layer,EV,toxicity_drug_response
E0001538,gaira_base_4_shine_ev_gaira_pilot_v1,EV,EV,toxicity_drug_response,,top_mss_hit,mss_topK_frequency,,,up,0.3475,top1_freq,0.3475,cysteine,,,STRONG,,/Volumes/SSD_Rad/GAIRA_BUILD/gaira_base_4_shine_ev_gaira_pilot_v1/tables/shine_mss_top_hits_by_condition_v1.csv,hepatotoxicity_mss_layer,EV,toxicity_drug_response
E0001539,gaira_base_4_shine_ev_gaira_pilot_v1,EV,EV,toxicity_drug_response,,top_mss_hit,mss_topK_frequency,,,up,0.3275,top1_freq,0.3275,ergothioneine,,,STRONG,,/Volumes/SSD_Rad/GAIRA_BUILD/gaira_base_4_shine_ev_gaira_pilot_v1/tables/shine_mss_top_hits_by_condition_v1.csv,hepatotoxicity_mss_layer,EV,toxicity_drug_response
E0001540,gaira_base_4_shine_ev_gaira_pilot_v1,EV,EV,toxicity_drug_response,,top_mss_hit,mss_topK_frequency,,,up,0.3075,top1_freq,0.3075,lactate,,,STRONG,,/Volumes/SSD_Rad/GAIRA_BUILD/gaira_base_4_shine_ev_gaira_pilot_v1/tables/shine_mss_top_hits_by_condition_v1.csv,hepatotoxicity_mss_layer,EV,toxicity_drug_response
E0001541,gaira_base_4_shine_ev_gaira_pilot_v1,EV,EV,toxicity_drug_response,,top_mss_hit,mss_topK_frequency,,,up,0.3025,top1_freq,0.3025,glutathione,,,STRONG,,/Volumes/SSD_Rad/GAIRA_BUILD/gaira_base_4_shine_ev_gaira_pilot_v1/tables/shine_mss_top_hits_by_condition_v1.csv,hepatotoxicity_mss_layer,EV,toxicity_drug_response
E0001542,gaira_base_4_shine_ev_gaira_pilot_v1,EV,EV,toxicity_drug_response,,top_mss_hit,mss_topK_frequency,,,up,0.2775,top1_freq,0.2775,palmitic_acid,,,MODERATE,,/Volumes/SSD_Rad/GAIRA_BUILD/gaira_base_4_shine_ev_gaira_pilot_v1/tables/shine_mss_top_hits_by_condition_v1.csv,hepatotoxicity_mss_layer,EV,toxicity_drug_response
E0001543,gaira_base_4_shine_ev_gaira_pilot_v1,EV,EV,toxicity_drug_response,,top_mss_hit,mss_topK_frequency,,,up,0.185,top1_freq,0.185,lactate,,,MODERATE,,/Volumes/SSD_Rad/GAIRA_BUILD/gaira_base_4_shine_ev_gaira_pilot_v1/tables/shine_mss_top_hits_by_condition_v1.csv,hepatotoxicity_mss_layer,EV,toxicity_drug_response
E0001544,gaira_base_4_shine_ev_gaira_pilot_v1,EV,EV,toxicity_drug_response,,top_mss_hit,mss_topK_frequency,,,up,0.1425,top1_freq,0.1425,uric_acid,,,WEAK,,/Volumes/SSD_Rad/GAIRA_BUILD/gaira_base_4_shine_ev_gaira_pilot_v1/tables/shine_mss_top_hits_by_condition_v1.csv,hepatotoxicity_mss_layer,EV,toxicity_drug_response
E0001545,gaira_base_4_shine_ev_gaira_pilot_v1,EV,EV,toxicity_drug_response,,top_mss_hit,mss_topK_frequency,,,up,0.1275,top1_freq,0.1275,xanthine,,,WEAK,,/Volumes/SSD_Rad/GAIRA_BUILD/gaira_base_4_shine_ev_gaira_pilot_v1/tables/shine_mss_top_hits_by_condition_v1.csv,hepatotoxicity_mss_layer,EV,toxicity_drug_response
E0001546,gaira_base_4_shine_ev_gaira_pilot_v1,EV,EV,toxicity_drug_response,,top_mss_hit,mss_topK_frequency,,,up,0.1225,top1_freq,0.1225,tyrosine,,,WEAK,,/Volumes/SSD_Rad/GAIRA_BUILD/gaira_base_4_shine_ev_gaira_pilot_v1/tables/shine_mss_top_hits_by_condition_v1.csv,hepatotoxicity_mss_layer,EV,toxicity_drug_response
E0001547,gaira_base_4_shine_ev_gaira_pilot_v1,EV,EV,toxicity_drug_response,,top_mss_hit,mss_topK_frequency,,,up,0.0825,top1_freq,0.0825,glutathione,,,WEAK,,/Volumes/SSD_Rad/GAIRA_BUILD/gaira_base_4_shine_ev_gaira_pilot_v1/tables/shine_mss_top_hits_by_condition_v1.csv,hepatotoxicity_mss_layer,EV,toxicity_drug_response
E0001548,gaira_base_4_shine_ev_gaira_pilot_v1,EV,EV,toxicity_drug_response,,top_mss_hit,mss_topK_frequency,,,up,0.0525,top1_freq,0.0525,ergothioneine,,,WEAK,,/Volumes/SSD_Rad/GAIRA_BUILD/gaira_base_4_shine_ev_gaira_pilot_v1/tables/shine_mss_top_hits_by_condition_v1.csv,hepatotoxicity_mss_layer,EV,toxicity_drug_response
E0001549,gaira_base_4_shine_ev_gaira_pilot_v1,EV,EV,toxicity_drug_response,,top_mss_hit,mss_topK_frequency,,,up,0.05,top1_freq,0.05,oleic_acid,,,WEAK,,/Volumes/SSD_Rad/GAIRA_BUILD/gaira_base_4_shine_ev_gaira_pilot_v1/tables/shine_mss_top_hits_by_condition_v1.csv,hepatotoxicity_mss_layer,EV,toxicity_drug_response
E0001550,gaira_base_4_shine_ev_gaira_pilot_v1,EV,EV,toxicity_drug_response,,top_mss_hit,mss_topK_frequency,,,up,0.3975,top1_freq,0.3975,uric_acid,,,STRONG,,/Volumes/SSD_Rad/GAIRA_BUILD/gaira_base_4_shine_ev_gaira_pilot_v1/tables/shine_mss_top_hits_by_condition_v1.csv,hepatotoxicity_mss_layer,EV,toxicity_drug_response
E0001551,gaira_base_4_shine_ev_gaira_pilot_v1,EV,EV,toxicity_drug_response,,top_mss_hit,mss_topK_frequency,,,up,0.34,top1_freq,0.34,xanthine,,,STRONG,,/Volumes/SSD_Rad/GAIRA_BUILD/gaira_base_4_shine_ev_gaira_pilot_v1/tables/shine_mss_top_hits_by_condition_v1.csv,hepatotoxicity_mss_layer,EV,toxicity_drug_response
E0001552,gaira_base_4_shine_ev_gaira_pilot_v1,EV,EV,toxicity_drug_response,,top_mss_hit,mss_topK_frequency,,,up,0.3075,top1_freq,0.3075,tyrosine,,,STRONG,,/Volumes/SSD_Rad/GAIRA_BUILD/gaira_base_4_shine_ev_gaira_pilot_v1/tables/shine_mss_top_hits_by_condition_v1.csv,hepatotoxicity_mss_layer,EV,toxicity_drug_response
E0001553,gaira_base_4_shine_ev_gaira_pilot_v1,EV,EV,toxicity_drug_response,,top_mss_hit,mss_topK_frequency,,,up,0.3,top1_freq,0.3,lactate,,,STRONG,,/Volumes/SSD_Rad/GAIRA_BUILD/gaira_base_4_shine_ev_gaira_pilot_v1/tables/shine_mss_top_hits_by_condition_v1.csv,hepatotoxicity_mss_layer,EV,toxicity_drug_response
E0001554,gaira_base_4_shine_ev_gaira_pilot_v1,EV,EV,toxicity_drug_response,,top_mss_hit,mss_topK_frequency,,,up,0.28,top1_freq,0.28,ergothioneine,,,MODERATE,,/Volumes/SSD_Rad/GAIRA_BUILD/gaira_base_4_shine_ev_gaira_pilot_v1/tables/shine_mss_top_hits_by_condition_v1.csv,hepatotoxicity_mss_layer,EV,toxicity_drug_response
E0001555,gaira_base_4_shine_ev_gaira_pilot_v1,EV,EV,toxicity_drug_response,,top_mss_hit,mss_topK_frequency,,,up,0.2425,top1_freq,0.2425,glutathione,,,MODERATE,,/Volumes/SSD_Rad/GAIRA_BUILD/gaira_base_4_shine_ev_gaira_pilot_v1/tables/shine_mss_top_hits_by_condition_v1.csv,hepatotoxicity_mss_layer,EV,toxicity_drug_response
E0001556,gaira_base_4_shine_ev_gaira_pilot_v1,EV,EV,toxicity_drug_response,,top_mss_hit,mss_topK_frequency,,,up,0.1525,top1_freq,0.1525,cystine,,,MODERATE,,/Volumes/SSD_Rad/GAIRA_BUILD/gaira_base_4_shine_ev_gaira_pilot_v1/tables/shine_mss_top_hits_by_condition_v1.csv,hepatotoxicity_mss_layer,EV,toxicity_drug_response
E0001557,gaira_base_4_shine_ev_gaira_pilot_v1,EV,EV,toxicity_drug_response,,top_mss_hit,mss_topK_frequency,,,up,0.15,top1_freq,0.15,cysteine,,,MODERATE,,/Volumes/SSD_Rad/GAIRA_BUILD/gaira_base_4_shine_ev_gaira_pilot_v1/tables/shine_mss_top_hits_by_condition_v1.csv,hepatotoxicity_mss_layer,EV,toxicity_drug_response
E0001558,gaira_base_4_shine_ev_gaira_pilot_v1,EV,EV,toxicity_drug_response,,top_mss_hit,mss_topK_frequency,,,up,0.5375,top1_freq,0.5375,uric_acid,,,STRONG,,/Volumes/SSD_Rad/GAIRA_BUILD/gaira_base_4_shine_ev_gaira_pilot_v1/tables/shine_mss_top_hits_by_condition_v1.csv,hepatotoxicity_mss_layer,EV,toxicity_drug_response
E0001559,gaira_base_4_shine_ev_gaira_pilot_v1,EV,EV,toxicity_drug_response,,top_mss_hit,mss_topK_frequency,,,up,0.4475,top1_freq,0.4475,xanthine,,,STRONG,,/Volumes/SSD_Rad/GAIRA_BUILD/gaira_base_4_shine_ev_gaira_pilot_v1/tables/shine_mss_top_hits_by_condition_v1.csv,hepatotoxicity_mss_layer,EV,toxicity_drug_response
E0001560,gaira_base_4_shine_ev_gaira_pilot_v1,EV,EV,toxicity_drug_response,,top_mss_hit,mss_topK_frequency,,,up,0.445,top1_freq,0.445,tyrosine,,,STRONG,,/Volumes/SSD_Rad/GAIRA_BUILD/gaira_base_4_shine_ev_gaira_pilot_v1/tables/shine_mss_top_hits_by_condition_v1.csv,hepatotoxicity_mss_layer,EV,toxicity_drug_response
E0001561,gaira_base_4_shine_ev_gaira_pilot_v1,EV,EV,toxicity_drug_response,,top_mss_hit,mss_topK_frequency,,,up,0.4275,top1_freq,0.4275,ergothioneine,,,STRONG,,/Volumes/SSD_Rad/GAIRA_BUILD/gaira_base_4_shine_ev_gaira_pilot_v1/tables/shine_mss_top_hits_by_condition_v1.csv,hepatotoxicity_mss_layer,EV,toxicity_drug_response
E0001562,gaira_base_4_shine_ev_gaira_pilot_v1,EV,EV,toxicity_drug_response,,top_mss_hit,mss_topK_frequency,,,up,0.405,top1_freq,0.405,lactate,,,STRONG,,/Volumes/SSD_Rad/GAIRA_BUILD/gaira_base_4_shine_ev_gaira_pilot_v1/tables/shine_mss_top_hits_by_condition_v1.csv,hepatotoxicity_mss_layer,EV,toxicity_drug_response
E0001563,gaira_base_4_shine_ev_gaira_pilot_v1,EV,EV,toxicity_drug_response,,top_mss_hit,mss_topK_frequency,,,up,0.34,top1_freq,0.34,glutathione,,,STRONG,,/Volumes/SSD_Rad/GAIRA_BUILD/gaira_base_4_shine_ev_gaira_pilot_v1/tables/shine_mss_top_hits_by_condition_v1.csv,hepatotoxicity_mss_layer,EV,toxicity_drug_response
E0001564,gaira_base_4_shine_ev_gaira_pilot_v1,EV,EV,toxicity_drug_response,,top_mss_hit,mss_topK_frequency,,,up,0.3175,top1_freq,0.3175,cystine,,,STRONG,,/Volumes/SSD_Rad/GAIRA_BUILD/gaira_base_4_shine_ev_gaira_pilot_v1/tables/shine_mss_top_hits_by_condition_v1.csv,hepatotoxicity_mss_layer,EV,toxicity_drug_response
E0001565,gaira_base_4_shine_ev_gaira_pilot_v1,EV,EV,toxicity_drug_response,,top_mss_hit,mss_topK_frequency,,,up,0.2975,top1_freq,0.2975,oleic_acid,,,MODERATE,,/Volumes/SSD_Rad/GAIRA_BUILD/gaira_base_4_shine_ev_gaira_pilot_v1/tables/shine_mss_top_hits_by_condition_v1.csv,hepatotoxicity_mss_layer,EV,toxicity_drug_response
E0001566,gaira_base_4_shine_ev_gaira_pilot_v1,EV,EV,toxicity_drug_response,,top_mss_hit,mss_topK_frequency,,,up,0.18,top1_freq,0.18,tyrosine,,,MODERATE,,/Volumes/SSD_Rad/GAIRA_BUILD/gaira_base_4_shine_ev_gaira_pilot_v1/tables/shine_mss_top_hits_by_condition_v1.csv,hepatotoxicity_mss_layer,EV,toxicity_drug_response
E0001567,gaira_base_4_shine_ev_gaira_pilot_v1,EV,EV,toxicity_drug_response,,top_mss_hit,mss_topK_frequency,,,up,0.15,top1_freq,0.15,uric_acid,,,MODERATE,,/Volumes/SSD_Rad/GAIRA_BUILD/gaira_base_4_shine_ev_gaira_pilot_v1/tables/shine_mss_top_hits_by_condition_v1.csv,hepatotoxicity_mss_layer,EV,toxicity_drug_response
E0001568,gaira_base_4_shine_ev_gaira_pilot_v1,EV,EV,toxicity_drug_response,,top_mss_hit,mss_topK_frequency,,,up,0.1225,top1_freq,0.1225,xanthine,,,WEAK,,/Volumes/SSD_Rad/GAIRA_BUILD/gaira_base_4_shine_ev_gaira_pilot_v1/tables/shine_mss_top_hits_by_condition_v1.csv,hepatotoxicity_mss_layer,EV,toxicity_drug_response
E0001569,gaira_base_4_shine_ev_gaira_pilot_v1,EV,EV,toxicity_drug_response,,top_mss_hit,mss_topK_frequency,,,up,0.1125,top1_freq,0.1125,lactate,,,WEAK,,/Volumes/SSD_Rad/GAIRA_BUILD/gaira_base_4_shine_ev_gaira_pilot_v1/tables/shine_mss_top_hits_by_condition_v1.csv,hepatotoxicity_mss_layer,EV,toxicity_drug_response
E0001570,gaira_base_4_shine_ev_gaira_pilot_v1,EV,EV,toxicity_drug_response,,top_mss_hit,mss_topK_frequency,,,up,0.0875,top1_freq,0.0875,glucose,,,WEAK,,/Volumes/SSD_Rad/GAIRA_BUILD/gaira_base_4_shine_ev_gaira_pilot_v1/tables/shine_mss_top_hits_by_condition_v1.csv,hepatotoxicity_mss_layer,EV,toxicity_drug_response
E0001571,gaira_base_4_shine_ev_gaira_pilot_v1,EV,EV,toxicity_drug_response,,top_mss_hit,mss_topK_frequency,,,up,0.075,top1_freq,0.075,glutathione,,,WEAK,,/Volumes/SSD_Rad/GAIRA_BUILD/gaira_base_4_shine_ev_gaira_pilot_v1/tables/shine_mss_top_hits_by_condition_v1.csv,hepatotoxicity_mss_layer,EV,toxicity_drug_response
E0001572,gaira_base_4_shine_ev_gaira_pilot_v1,EV,EV,toxicity_drug_response,,top_mss_hit,mss_topK_frequency,,,up,0.065,top1_freq,0.065,oleic_acid,,,WEAK,,/Volumes/SSD_Rad/GAIRA_BUILD/gaira_base_4_shine_ev_gaira_pilot_v1/tables/shine_mss_top_hits_by_condition_v1.csv,hepatotoxicity_mss_layer,EV,toxicity_drug_response
E0001573,gaira_base_4_shine_ev_gaira_pilot_v1,EV,EV,toxicity_drug_response,,top_mss_hit,mss_topK_frequency,,,up,0.0625,top1_freq,0.0625,ergothioneine,,,WEAK,,/Volumes/SSD_Rad/GAIRA_BUILD/gaira_base_4_shine_ev_gaira_pilot_v1/tables/shine_mss_top_hits_by_condition_v1.csv,hepatotoxicity_mss_layer,EV,toxicity_drug_response
E0001574,gaira_base_4_shine_ev_gaira_pilot_v1,EV,EV,toxicity_drug_response,,top_mss_hit,mss_topK_frequency,,,up,0.4025,top1_freq,0.4025,tyrosine,,,STRONG,,/Volumes/SSD_Rad/GAIRA_BUILD/gaira_base_4_shine_ev_gaira_pilot_v1/tables/shine_mss_top_hits_by_condition_v1.csv,hepatotoxicity_mss_layer,EV,toxicity_drug_response
E0001575,gaira_base_4_shine_ev_gaira_pilot_v1,EV,EV,toxicity_drug_response,,top_mss_hit,mss_topK_frequency,,,up,0.4,top1_freq,0.4,uric_acid,,,STRONG,,/Volumes/SSD_Rad/GAIRA_BUILD/gaira_base_4_shine_ev_gaira_pilot_v1/tables/shine_mss_top_hits_by_condition_v1.csv,hepatotoxicity_mss_layer,EV,toxicity_drug_response
E0001576,gaira_base_4_shine_ev_gaira_pilot_v1,EV,EV,toxicity_drug_response,,top_mss_hit,mss_topK_frequency,,,up,0.2875,top1_freq,0.2875,xanthine,,,MODERATE,,/Volumes/SSD_Rad/GAIRA_BUILD/gaira_base_4_shine_ev_gaira_pilot_v1/tables/shine_mss_top_hits_by_condition_v1.csv,hepatotoxicity_mss_layer,EV,toxicity_drug_response
E0001577,gaira_base_4_shine_ev_gaira_pilot_v1,EV,EV,toxicity_drug_response,,top_mss_hit,mss_topK_frequency,,,up,0.2675,top1_freq,0.2675,glucose,,,MODERATE,,/Volumes/SSD_Rad/GAIRA_BUILD/gaira_base_4_shine_ev_gaira_pilot_v1/tables/shine_mss_top_hits_by_condition_v1.csv,hepatotoxicity_mss_layer,EV,toxicity_drug_response
E0001578,gaira_base_4_shine_ev_gaira_pilot_v1,EV,EV,toxicity_drug_response,,top_mss_hit,mss_topK_frequency,,,up,0.2375,top1_freq,0.2375,lactate,,,MODERATE,,/Volumes/SSD_Rad/GAIRA_BUILD/gaira_base_4_shine_ev_gaira_pilot_v1/tables/shine_mss_top_hits_by_condition_v1.csv,hepatotoxicity_mss_layer,EV,toxicity_drug_response
E0001579,gaira_base_4_shine_ev_gaira_pilot_v1,EV,EV,toxicity_drug_response,,top_mss_hit,mss_topK_frequency,,,up,0.2325,top1_freq,0.2325,glutathione,,,MODERATE,,/Volumes/SSD_Rad/GAIRA_BUILD/gaira_base_4_shine_ev_gaira_pilot_v1/tables/shine_mss_top_hits_by_condition_v1.csv,hepatotoxicity_mss_layer,EV,toxicity_drug_response
E0001580,gaira_base_4_shine_ev_gaira_pilot_v1,EV,EV,toxicity_drug_response,,top_mss_hit,mss_topK_frequency,,,up,0.2275,top1_freq,0.2275,ergothioneine,,,MODERATE,,/Volumes/SSD_Rad/GAIRA_BUILD/gaira_base_4_shine_ev_gaira_pilot_v1/tables/shine_mss_top_hits_by_condition_v1.csv,hepatotoxicity_mss_layer,EV,toxicity_drug_response
E0001581,gaira_base_4_shine_ev_gaira_pilot_v1,EV,EV,toxicity_drug_response,,top_mss_hit,mss_topK_frequency,,,up,0.1825,top1_freq,0.1825,oleic_acid,,,MODERATE,,/Volumes/SSD_Rad/GAIRA_BUILD/gaira_base_4_shine_ev_gaira_pilot_v1/tables/shine_mss_top_hits_by_condition_v1.csv,hepatotoxicity_mss_layer,EV,toxicity_drug_response
E0001582,gaira_base_4_shine_ev_gaira_pilot_v1,EV,EV,toxicity_drug_response,,top_mss_hit,mss_topK_frequency,,,up,0.53,top1_freq,0.53,tyrosine,,,STRONG,,/Volumes/SSD_Rad/GAIRA_BUILD/gaira_base_4_shine_ev_gaira_pilot_v1/tables/shine_mss_top_hits_by_condition_v1.csv,hepatotoxicity_mss_layer,EV,toxicity_drug_response
E0001583,gaira_base_4_shine_ev_gaira_pilot_v1,EV,EV,toxicity_drug_response,,top_mss_hit,mss_topK_frequency,,,up,0.485,top1_freq,0.485,uric_acid,,,STRONG,,/Volumes/SSD_Rad/GAIRA_BUILD/gaira_base_4_shine_ev_gaira_pilot_v1/tables/shine_mss_top_hits_by_condition_v1.csv,hepatotoxicity_mss_layer,EV,toxicity_drug_response
E0001584,gaira_base_4_shine_ev_gaira_pilot_v1,EV,EV,toxicity_drug_response,,top_mss_hit,mss_topK_frequency,,,up,0.42,top1_freq,0.42,glucose,,,STRONG,,/Volumes/SSD_Rad/GAIRA_BUILD/gaira_base_4_shine_ev_gaira_pilot_v1/tables/shine_mss_top_hits_by_condition_v1.csv,hepatotoxicity_mss_layer,EV,toxicity_drug_response
E0001585,gaira_base_4_shine_ev_gaira_pilot_v1,EV,EV,toxicity_drug_response,,top_mss_hit,mss_topK_frequency,,,up,0.4175,top1_freq,0.4175,lactate,,,STRONG,,/Volumes/SSD_Rad/GAIRA_BUILD/gaira_base_4_shine_ev_gaira_pilot_v1/tables/shine_mss_top_hits_by_condition_v1.csv,hepatotoxicity_mss_layer,EV,toxicity_drug_response
E0001586,gaira_base_4_shine_ev_gaira_pilot_v1,EV,EV,toxicity_drug_response,,top_mss_hit,mss_topK_frequency,,,up,0.3875,top1_freq,0.3875,glutathione,,,STRONG,,/Volumes/SSD_Rad/GAIRA_BUILD/gaira_base_4_shine_ev_gaira_pilot_v1/tables/shine_mss_top_hits_by_condition_v1.csv,hepatotoxicity_mss_layer,EV,toxicity_drug_response
E0001587,gaira_base_4_shine_ev_gaira_pilot_v1,EV,EV,toxicity_drug_response,,top_mss_hit,mss_topK_frequency,,,up,0.375,top1_freq,0.375,xanthine,,,STRONG,,/Volumes/SSD_Rad/GAIRA_BUILD/gaira_base_4_shine_ev_gaira_pilot_v1/tables/shine_mss_top_hits_by_condition_v1.csv,hepatotoxicity_mss_layer,EV,toxicity_drug_response
E0001588,gaira_base_4_shine_ev_gaira_pilot_v1,EV,EV,toxicity_drug_response,,top_mss_hit,mss_topK_frequency,,,up,0.3325,top1_freq,0.3325,ergothioneine,,,STRONG,,/Volumes/SSD_Rad/GAIRA_BUILD/gaira_base_4_shine_ev_gaira_pilot_v1/tables/shine_mss_top_hits_by_condition_v1.csv,hepatotoxicity_mss_layer,EV,toxicity_drug_response
E0001589,gaira_base_4_shine_ev_gaira_pilot_v1,EV,EV,toxicity_drug_response,,top_mss_hit,mss_topK_frequency,,,up,0.33,top1_freq,0.33,oleic_acid,,,STRONG,,/Volumes/SSD_Rad/GAIRA_BUILD/gaira_base_4_shine_ev_gaira_pilot_v1/tables/shine_mss_top_hits_by_condition_v1.csv,hepatotoxicity_mss_layer,EV,toxicity_drug_response
E0001590,gaira_base_4_shine_ev_gaira_pilot_v1,EV,EV,toxicity_drug_response,,top_mss_hit,mss_topK_frequency,,,up,0.1325,top1_freq,0.1325,uric_acid,,,WEAK,,/Volumes/SSD_Rad/GAIRA_BUILD/gaira_base_4_shine_ev_gaira_pilot_v1/tables/shine_mss_top_hits_by_condition_v1.csv,hepatotoxicity_mss_layer,EV,toxicity_drug_response
E0001591,gaira_base_4_shine_ev_gaira_pilot_v1,EV,EV,toxicity_drug_response,,top_mss_hit,mss_topK_frequency,,,up,0.1175,top1_freq,0.1175,ergothioneine,,,WEAK,,/Volumes/SSD_Rad/GAIRA_BUILD/gaira_base_4_shine_ev_gaira_pilot_v1/tables/shine_mss_top_hits_by_condition_v1.csv,hepatotoxicity_mss_layer,EV,toxicity_drug_response
E0001592,gaira_base_4_shine_ev_gaira_pilot_v1,EV,EV,toxicity_drug_response,,top_mss_hit,mss_topK_frequency,,,up,0.11,top1_freq,0.11,tyrosine,,,WEAK,,/Volumes/SSD_Rad/GAIRA_BUILD/gaira_base_4_shine_ev_gaira_pilot_v1/tables/shine_mss_top_hits_by_condition_v1.csv,hepatotoxicity_mss_layer,EV,toxicity_drug_response
E0001593,gaira_base_4_shine_ev_gaira_pilot_v1,EV,EV,toxicity_drug_response,,top_mss_hit,mss_topK_frequency,,,up,0.0975,top1_freq,0.0975,lactate,,,WEAK,,/Volumes/SSD_Rad/GAIRA_BUILD/gaira_base_4_shine_ev_gaira_pilot_v1/tables/shine_mss_top_hits_by_condition_v1.csv,hepatotoxicity_mss_layer,EV,toxicity_drug_response
E0001594,gaira_base_4_shine_ev_gaira_pilot_v1,EV,EV,toxicity_drug_response,,top_mss_hit,mss_topK_frequency,,,up,0.0975,top1_freq,0.0975,glutathione,,,WEAK,,/Volumes/SSD_Rad/GAIRA_BUILD/gaira_base_4_shine_ev_gaira_pilot_v1/tables/shine_mss_top_hits_by_condition_v1.csv,hepatotoxicity_mss_layer,EV,toxicity_drug_response
E0001595,gaira_base_4_shine_ev_gaira_pilot_v1,EV,EV,toxicity_drug_response,,top_mss_hit,mss_topK_frequency,,,up,0.09,top1_freq,0.09,xanthine,,,WEAK,,/Volumes/SSD_Rad/GAIRA_BUILD/gaira_base_4_shine_ev_gaira_pilot_v1/tables/shine_mss_top_hits_by_condition_v1.csv,hepatotoxicity_mss_layer,EV,toxicity_drug_response
E0001596,gaira_base_4_shine_ev_gaira_pilot_v1,EV,EV,toxicity_drug_response,,top_mss_hit,mss_topK_frequency,,,up,0.075,top1_freq,0.075,cysteine,,,WEAK,,/Volumes/SSD_Rad/GAIRA_BUILD/gaira_base_4_shine_ev_gaira_pilot_v1/tables/shine_mss_top_hits_by_condition_v1.csv,hepatotoxicity_mss_layer,EV,toxicity_drug_response
E0001597,gaira_base_4_shine_ev_gaira_pilot_v1,EV,EV,toxicity_drug_response,,top_mss_hit,mss_topK_frequency,,,up,0.0675,top1_freq,0.0675,phenylalanine,,,WEAK,,/Volumes/SSD_Rad/GAIRA_BUILD/gaira_base_4_shine_ev_gaira_pilot_v1/tables/shine_mss_top_hits_by_condition_v1.csv,hepatotoxicity_mss_layer,EV,toxicity_drug_response
E0001598,gaira_base_4_shine_ev_gaira_pilot_v1,EV,EV,toxicity_drug_response,,top_mss_hit,mss_topK_frequency,,,up,0.3975,top1_freq,0.3975,ergothioneine,,,STRONG,,/Volumes/SSD_Rad/GAIRA_BUILD/gaira_base_4_shine_ev_gaira_pilot_v1/tables/shine_mss_top_hits_by_condition_v1.csv,hepatotoxicity_mss_layer,EV,toxicity_drug_response
E0001599,gaira_base_4_shine_ev_gaira_pilot_v1,EV,EV,toxicity_drug_response,,top_mss_hit,mss_topK_frequency,,,up,0.35,top1_freq,0.35,uric_acid,,,STRONG,,/Volumes/SSD_Rad/GAIRA_BUILD/gaira_base_4_shine_ev_gaira_pilot_v1/tables/shine_mss_top_hits_by_condition_v1.csv,hepatotoxicity_mss_layer,EV,toxicity_drug_response
E0001600,gaira_base_4_shine_ev_gaira_pilot_v1,EV,EV,toxicity_drug_response,,top_mss_hit,mss_topK_frequency,,,up,0.2675,top1_freq,0.2675,tyrosine,,,MODERATE,,/Volumes/SSD_Rad/GAIRA_BUILD/gaira_base_4_shine_ev_gaira_pilot_v1/tables/shine_mss_top_hits_by_condition_v1.csv,hepatotoxicity_mss_layer,EV,toxicity_drug_response
E0001601,gaira_base_4_shine_ev_gaira_pilot_v1,EV,EV,toxicity_drug_response,,top_mss_hit,mss_topK_frequency,,,up,0.2475,top1_freq,0.2475,xanthine,,,MODERATE,,/Volumes/SSD_Rad/GAIRA_BUILD/gaira_base_4_shine_ev_gaira_pilot_v1/tables/shine_mss_top_hits_by_condition_v1.csv,hepatotoxicity_mss_layer,EV,toxicity_drug_response
E0001602,gaira_base_4_shine_ev_gaira_pilot_v1,EV,EV,toxicity_drug_response,,top_mss_hit,mss_topK_frequency,,,up,0.2225,top1_freq,0.2225,glutathione,,,MODERATE,,/Volumes/SSD_Rad/GAIRA_BUILD/gaira_base_4_shine_ev_gaira_pilot_v1/tables/shine_mss_top_hits_by_condition_v1.csv,hepatotoxicity_mss_layer,EV,toxicity_drug_response
E0001603,gaira_base_4_shine_ev_gaira_pilot_v1,EV,EV,toxicity_drug_response,,top_mss_hit,mss_topK_frequency,,,up,0.2125,top1_freq,0.2125,cysteine,,,MODERATE,,/Volumes/SSD_Rad/GAIRA_BUILD/gaira_base_4_shine_ev_gaira_pilot_v1/tables/shine_mss_top_hits_by_condition_v1.csv,hepatotoxicity_mss_layer,EV,toxicity_drug_response
E0001604,gaira_base_4_shine_ev_gaira_pilot_v1,EV,EV,toxicity_drug_response,,top_mss_hit,mss_topK_frequency,,,up,0.2025,top1_freq,0.2025,lactate,,,MODERATE,,/Volumes/SSD_Rad/GAIRA_BUILD/gaira_base_4_shine_ev_gaira_pilot_v1/tables/shine_mss_top_hits_by_condition_v1.csv,hepatotoxicity_mss_layer,EV,toxicity_drug_response
E0001605,gaira_base_4_shine_ev_gaira_pilot_v1,EV,EV,toxicity_drug_response,,top_mss_hit,mss_topK_frequency,,,up,0.1925,top1_freq,0.1925,phenylalanine,,,MODERATE,,/Volumes/SSD_Rad/GAIRA_BUILD/gaira_base_4_shine_ev_gaira_pilot_v1/tables/shine_mss_top_hits_by_condition_v1.csv,hepatotoxicity_mss_layer,EV,toxicity_drug_response
E0001606,gaira_base_4_shine_ev_gaira_pilot_v1,EV,EV,toxicity_drug_response,,top_mss_hit,mss_topK_frequency,,,up,0.55,top1_freq,0.55,ergothioneine,,,STRONG,,/Volumes/SSD_Rad/GAIRA_BUILD/gaira_base_4_shine_ev_gaira_pilot_v1/tables/shine_mss_top_hits_by_condition_v1.csv,hepatotoxicity_mss_layer,EV,toxicity_drug_response
E0001607,gaira_base_4_shine_ev_gaira_pilot_v1,EV,EV,toxicity_drug_response,,top_mss_hit,mss_topK_frequency,,,up,0.4675,top1_freq,0.4675,uric_acid,,,STRONG,,/Volumes/SSD_Rad/GAIRA_BUILD/gaira_base_4_shine_ev_gaira_pilot_v1/tables/shine_mss_top_hits_by_condition_v1.csv,hepatotoxicity_mss_layer,EV,toxicity_drug_response
E0001608,gaira_base_4_shine_ev_gaira_pilot_v1,EV,EV,toxicity_drug_response,,top_mss_hit,mss_topK_frequency,,,up,0.3925,top1_freq,0.3925,xanthine,,,STRONG,,/Volumes/SSD_Rad/GAIRA_BUILD/gaira_base_4_shine_ev_gaira_pilot_v1/tables/shine_mss_top_hits_by_condition_v1.csv,hepatotoxicity_mss_layer,EV,toxicity_drug_response
E0001609,gaira_base_4_shine_ev_gaira_pilot_v1,EV,EV,toxicity_drug_response,,top_mss_hit,mss_topK_frequency,,,up,0.3875,top1_freq,0.3875,glutathione,,,STRONG,,/Volumes/SSD_Rad/GAIRA_BUILD/gaira_base_4_shine_ev_gaira_pilot_v1/tables/shine_mss_top_hits_by_condition_v1.csv,hepatotoxicity_mss_layer,EV,toxicity_drug_response
E0001610,gaira_base_4_shine_ev_gaira_pilot_v1,EV,EV,toxicity_drug_response,,top_mss_hit,mss_topK_frequency,,,up,0.3725,top1_freq,0.3725,lactate,,,STRONG,,/Volumes/SSD_Rad/GAIRA_BUILD/gaira_base_4_shine_ev_gaira_pilot_v1/tables/shine_mss_top_hits_by_condition_v1.csv,hepatotoxicity_mss_layer,EV,toxicity_drug_response
E0001611,gaira_base_4_shine_ev_gaira_pilot_v1,EV,EV,toxicity_drug_response,,top_mss_hit,mss_topK_frequency,,,up,0.3725,top1_freq,0.3725,tyrosine,,,STRONG,,/Volumes/SSD_Rad/GAIRA_BUILD/gaira_base_4_shine_ev_gaira_pilot_v1/tables/shine_mss_top_hits_by_condition_v1.csv,hepatotoxicity_mss_layer,EV,toxicity_drug_response
E0001612,gaira_base_4_shine_ev_gaira_pilot_v1,EV,EV,toxicity_drug_response,,top_mss_hit,mss_topK_frequency,,,up,0.345,top1_freq,0.345,cysteine,,,STRONG,,/Volumes/SSD_Rad/GAIRA_BUILD/gaira_base_4_shine_ev_gaira_pilot_v1/tables/shine_mss_top_hits_by_condition_v1.csv,hepatotoxicity_mss_layer,EV,toxicity_drug_response
E0001613,gaira_base_4_shine_ev_gaira_pilot_v1,EV,EV,toxicity_drug_response,,top_mss_hit,mss_topK_frequency,,,up,0.32,top1_freq,0.32,phenylalanine,,,STRONG,,/Volumes/SSD_Rad/GAIRA_BUILD/gaira_base_4_shine_ev_gaira_pilot_v1/tables/shine_mss_top_hits_by_condition_v1.csv,hepatotoxicity_mss_layer,EV,toxicity_drug_response
E0001614,gaira_base_4_shine_ev_gaira_pilot_v1,EV,EV,toxicity_drug_response,,top_mss_hit,mss_topK_frequency,,,up,0.135,top1_freq,0.135,uric_acid,,,WEAK,,/Volumes/SSD_Rad/GAIRA_BUILD/gaira_base_4_shine_ev_gaira_pilot_v1/tables/shine_mss_top_hits_by_condition_v1.csv,hepatotoxicity_mss_layer,EV,toxicity_drug_response
E0001615,gaira_base_4_shine_ev_gaira_pilot_v1,EV,EV,toxicity_drug_response,,top_mss_hit,mss_topK_frequency,,,up,0.13,top1_freq,0.13,lactate,,,WEAK,,/Volumes/SSD_Rad/GAIRA_BUILD/gaira_base_4_shine_ev_gaira_pilot_v1/tables/shine_mss_top_hits_by_condition_v1.csv,hepatotoxicity_mss_layer,EV,toxicity_drug_response
E0001616,gaira_base_4_shine_ev_gaira_pilot_v1,EV,EV,toxicity_drug_response,,top_mss_hit,mss_topK_frequency,,,up,0.1025,top1_freq,0.1025,tyrosine,,,WEAK,,/Volumes/SSD_Rad/GAIRA_BUILD/gaira_base_4_shine_ev_gaira_pilot_v1/tables/shine_mss_top_hits_by_condition_v1.csv,hepatotoxicity_mss_layer,EV,toxicity_drug_response
E0001617,gaira_base_4_shine_ev_gaira_pilot_v1,EV,EV,toxicity_drug_response,,top_mss_hit,mss_topK_frequency,,,up,0.0975,top1_freq,0.0975,adenine,,,WEAK,,/Volumes/SSD_Rad/GAIRA_BUILD/gaira_base_4_shine_ev_gaira_pilot_v1/tables/shine_mss_top_hits_by_condition_v1.csv,hepatotoxicity_mss_layer,EV,toxicity_drug_response
E0001618,gaira_base_4_shine_ev_gaira_pilot_v1,EV,EV,toxicity_drug_response,,top_mss_hit,mss_topK_frequency,,,up,0.085,top1_freq,0.085,palmitic_acid,,,WEAK,,/Volumes/SSD_Rad/GAIRA_BUILD/gaira_base_4_shine_ev_gaira_pilot_v1/tables/shine_mss_top_hits_by_condition_v1.csv,hepatotoxicity_mss_layer,EV,toxicity_drug_response
E0001619,gaira_base_4_shine_ev_gaira_pilot_v1,EV,EV,toxicity_drug_response,,top_mss_hit,mss_topK_frequency,,,up,0.0625,top1_freq,0.0625,xanthine,,,WEAK,,/Volumes/SSD_Rad/GAIRA_BUILD/gaira_base_4_shine_ev_gaira_pilot_v1/tables/shine_mss_top_hits_by_condition_v1.csv,hepatotoxicity_mss_layer,EV,toxicity_drug_response
E0001620,gaira_base_4_shine_ev_gaira_pilot_v1,EV,EV,toxicity_drug_response,,top_mss_hit,mss_topK_frequency,,,up,0.06,top1_freq,0.06,urea,,,WEAK,,/Volumes/SSD_Rad/GAIRA_BUILD/gaira_base_4_shine_ev_gaira_pilot_v1/tables/shine_mss_top_hits_by_condition_v1.csv,hepatotoxicity_mss_layer,EV,toxicity_drug_response
E0001621,gaira_base_4_shine_ev_gaira_pilot_v1,EV,EV,toxicity_drug_response,,top_mss_hit,mss_topK_frequency,,,up,0.3375,top1_freq,0.3375,uric_acid,,,STRONG,,/Volumes/SSD_Rad/GAIRA_BUILD/gaira_base_4_shine_ev_gaira_pilot_v1/tables/shine_mss_top_hits_by_condition_v1.csv,hepatotoxicity_mss_layer,EV,toxicity_drug_response
E0001622,gaira_base_4_shine_ev_gaira_pilot_v1,EV,EV,toxicity_drug_response,,top_mss_hit,mss_topK_frequency,,,up,0.2625,top1_freq,0.2625,tyrosine,,,MODERATE,,/Volumes/SSD_Rad/GAIRA_BUILD/gaira_base_4_shine_ev_gaira_pilot_v1/tables/shine_mss_top_hits_by_condition_v1.csv,hepatotoxicity_mss_layer,EV,toxicity_drug_response
E0001623,gaira_base_4_shine_ev_gaira_pilot_v1,EV,EV,toxicity_drug_response,,top_mss_hit,mss_topK_frequency,,,up,0.2225,top1_freq,0.2225,palmitic_acid,,,MODERATE,,/Volumes/SSD_Rad/GAIRA_BUILD/gaira_base_4_shine_ev_gaira_pilot_v1/tables/shine_mss_top_hits_by_condition_v1.csv,hepatotoxicity_mss_layer,EV,toxicity_drug_response
E0001624,gaira_base_4_shine_ev_gaira_pilot_v1,EV,EV,toxicity_drug_response,,top_mss_hit,mss_topK_frequency,,,up,0.22,top1_freq,0.22,lactate,,,MODERATE,,/Volumes/SSD_Rad/GAIRA_BUILD/gaira_base_4_shine_ev_gaira_pilot_v1/tables/shine_mss_top_hits_by_condition_v1.csv,hepatotoxicity_mss_layer,EV,toxicity_drug_response
E0001625,gaira_base_4_shine_ev_gaira_pilot_v1,EV,EV,toxicity_drug_response,,top_mss_hit,mss_topK_frequency,,,up,0.2025,top1_freq,0.2025,glucose,,,MODERATE,,/Volumes/SSD_Rad/GAIRA_BUILD/gaira_base_4_shine_ev_gaira_pilot_v1/tables/shine_mss_top_hits_by_condition_v1.csv,hepatotoxicity_mss_layer,EV,toxicity_drug_response
E0001626,gaira_base_4_shine_ev_gaira_pilot_v1,EV,EV,toxicity_drug_response,,top_mss_hit,mss_topK_frequency,,,up,0.1925,top1_freq,0.1925,phenylalanine,,,MODERATE,,/Volumes/SSD_Rad/GAIRA_BUILD/gaira_base_4_shine_ev_gaira_pilot_v1/tables/shine_mss_top_hits_by_condition_v1.csv,hepatotoxicity_mss_layer,EV,toxicity_drug_response
E0001627,gaira_base_4_shine_ev_gaira_pilot_v1,EV,EV,toxicity_drug_response,,top_mss_hit,mss_topK_frequency,,,up,0.1925,top1_freq,0.1925,ergothioneine,,,MODERATE,,/Volumes/SSD_Rad/GAIRA_BUILD/gaira_base_4_shine_ev_gaira_pilot_v1/tables/shine_mss_top_hits_by_condition_v1.csv,hepatotoxicity_mss_layer,EV,toxicity_drug_response
E0001628,gaira_base_4_shine_ev_gaira_pilot_v1,EV,EV,toxicity_drug_response,,top_mss_hit,mss_topK_frequency,,,up,0.19,top1_freq,0.19,adenine,,,MODERATE,,/Volumes/SSD_Rad/GAIRA_BUILD/gaira_base_4_shine_ev_gaira_pilot_v1/tables/shine_mss_top_hits_by_condition_v1.csv,hepatotoxicity_mss_layer,EV,toxicity_drug_response
E0001629,gaira_base_4_shine_ev_gaira_pilot_v1,EV,EV,toxicity_drug_response,,top_mss_hit,mss_topK_frequency,,,up,0.49,top1_freq,0.49,uric_acid,,,STRONG,,/Volumes/SSD_Rad/GAIRA_BUILD/gaira_base_4_shine_ev_gaira_pilot_v1/tables/shine_mss_top_hits_by_condition_v1.csv,hepatotoxicity_mss_layer,EV,toxicity_drug_response
E0001630,gaira_base_4_shine_ev_gaira_pilot_v1,EV,EV,toxicity_drug_response,,top_mss_hit,mss_topK_frequency,,,up,0.39,top1_freq,0.39,tyrosine,,,STRONG,,/Volumes/SSD_Rad/GAIRA_BUILD/gaira_base_4_shine_ev_gaira_pilot_v1/tables/shine_mss_top_hits_by_condition_v1.csv,hepatotoxicity_mss_layer,EV,toxicity_drug_response
E0001631,gaira_base_4_shine_ev_gaira_pilot_v1,EV,EV,toxicity_drug_response,,top_mss_hit,mss_topK_frequency,,,up,0.36,top1_freq,0.36,palmitic_acid,,,STRONG,,/Volumes/SSD_Rad/GAIRA_BUILD/gaira_base_4_shine_ev_gaira_pilot_v1/tables/shine_mss_top_hits_by_condition_v1.csv,hepatotoxicity_mss_layer,EV,toxicity_drug_response
E0001632,gaira_base_4_shine_ev_gaira_pilot_v1,EV,EV,toxicity_drug_response,,top_mss_hit,mss_topK_frequency,,,up,0.3575,top1_freq,0.3575,lactate,,,STRONG,,/Volumes/SSD_Rad/GAIRA_BUILD/gaira_base_4_shine_ev_gaira_pilot_v1/tables/shine_mss_top_hits_by_condition_v1.csv,hepatotoxicity_mss_layer,EV,toxicity_drug_response
E0001633,gaira_base_4_shine_ev_gaira_pilot_v1,EV,EV,toxicity_drug_response,,top_mss_hit,mss_topK_frequency,,,up,0.3475,top1_freq,0.3475,glucose,,,STRONG,,/Volumes/SSD_Rad/GAIRA_BUILD/gaira_base_4_shine_ev_gaira_pilot_v1/tables/shine_mss_top_hits_by_condition_v1.csv,hepatotoxicity_mss_layer,EV,toxicity_drug_response
E0001634,gaira_base_4_shine_ev_gaira_pilot_v1,EV,EV,toxicity_drug_response,,top_mss_hit,mss_topK_frequency,,,up,0.325,top1_freq,0.325,cysteine,,,STRONG,,/Volumes/SSD_Rad/GAIRA_BUILD/gaira_base_4_shine_ev_gaira_pilot_v1/tables/shine_mss_top_hits_by_condition_v1.csv,hepatotoxicity_mss_layer,EV,toxicity_drug_response
E0001635,gaira_base_4_shine_ev_gaira_pilot_v1,EV,EV,toxicity_drug_response,,top_mss_hit,mss_topK_frequency,,,up,0.305,top1_freq,0.305,xanthine,,,STRONG,,/Volumes/SSD_Rad/GAIRA_BUILD/gaira_base_4_shine_ev_gaira_pilot_v1/tables/shine_mss_top_hits_by_condition_v1.csv,hepatotoxicity_mss_layer,EV,toxicity_drug_response
E0001636,gaira_base_4_shine_ev_gaira_pilot_v1,EV,EV,toxicity_drug_response,,top_mss_hit,mss_topK_frequency,,,up,0.2975,top1_freq,0.2975,phenylalanine,,,MODERATE,,/Volumes/SSD_Rad/GAIRA_BUILD/gaira_base_4_shine_ev_gaira_pilot_v1/tables/shine_mss_top_hits_by_condition_v1.csv,hepatotoxicity_mss_layer,EV,toxicity_drug_response
E0001637,gaira_base_4_shine_ev_gaira_pilot_v1,EV,EV,toxicity_drug_response,,top_mss_hit,mss_topK_frequency,,,up,0.1475,top1_freq,0.1475,tyrosine,,,WEAK,,/Volumes/SSD_Rad/GAIRA_BUILD/gaira_base_4_shine_ev_gaira_pilot_v1/tables/shine_mss_top_hits_by_condition_v1.csv,hepatotoxicity_mss_layer,EV,toxicity_drug_response
E0001638,gaira_base_4_shine_ev_gaira_pilot_v1,EV,EV,toxicity_drug_response,,top_mss_hit,mss_topK_frequency,,,up,0.12,top1_freq,0.12,uric_acid,,,WEAK,,/Volumes/SSD_Rad/GAIRA_BUILD/gaira_base_4_shine_ev_gaira_pilot_v1/tables/shine_mss_top_hits_by_condition_v1.csv,hepatotoxicity_mss_layer,EV,toxicity_drug_response
E0001639,gaira_base_4_shine_ev_gaira_pilot_v1,EV,EV,toxicity_drug_response,,top_mss_hit,mss_topK_frequency,,,up,0.1175,top1_freq,0.1175,xanthine,,,WEAK,,/Volumes/SSD_Rad/GAIRA_BUILD/gaira_base_4_shine_ev_gaira_pilot_v1/tables/shine_mss_top_hits_by_condition_v1.csv,hepatotoxicity_mss_layer,EV,toxicity_drug_response
E0001640,gaira_base_4_shine_ev_gaira_pilot_v1,EV,EV,toxicity_drug_response,,top_mss_hit,mss_topK_frequency,,,up,0.1025,top1_freq,0.1025,palmitic_acid,,,WEAK,,/Volumes/SSD_Rad/GAIRA_BUILD/gaira_base_4_shine_ev_gaira_pilot_v1/tables/shine_mss_top_hits_by_condition_v1.csv,hepatotoxicity_mss_layer,EV,toxicity_drug_response
E0001641,gaira_base_4_shine_ev_gaira_pilot_v1,EV,EV,toxicity_drug_response,,top_mss_hit,mss_topK_frequency,,,up,0.0775,top1_freq,0.0775,ergothioneine,,,WEAK,,/Volumes/SSD_Rad/GAIRA_BUILD/gaira_base_4_shine_ev_gaira_pilot_v1/tables/shine_mss_top_hits_by_condition_v1.csv,hepatotoxicity_mss_layer,EV,toxicity_drug_response
E0001642,gaira_base_4_shine_ev_gaira_pilot_v1,EV,EV,toxicity_drug_response,,top_mss_hit,mss_topK_frequency,,,up,0.0675,top1_freq,0.0675,glutathione,,,WEAK,,/Volumes/SSD_Rad/GAIRA_BUILD/gaira_base_4_shine_ev_gaira_pilot_v1/tables/shine_mss_top_hits_by_condition_v1.csv,hepatotoxicity_mss_layer,EV,toxicity_drug_response
E0001643,gaira_base_4_shine_ev_gaira_pilot_v1,EV,EV,toxicity_drug_response,,top_mss_hit,mss_topK_frequency,,,up,0.055,top1_freq,0.055,lactate,,,WEAK,,/Volumes/SSD_Rad/GAIRA_BUILD/gaira_base_4_shine_ev_gaira_pilot_v1/tables/shine_mss_top_hits_by_condition_v1.csv,hepatotoxicity_mss_layer,EV,toxicity_drug_response
E0001644,gaira_base_4_shine_ev_gaira_pilot_v1,EV,EV,toxicity_drug_response,,top_mss_hit,mss_topK_frequency,,,up,0.0525,top1_freq,0.0525,cysteine,,,WEAK,,/Volumes/SSD_Rad/GAIRA_BUILD/gaira_base_4_shine_ev_gaira_pilot_v1/tables/shine_mss_top_hits_by_condition_v1.csv,hepatotoxicity_mss_layer,EV,toxicity_drug_response
E0001645,gaira_base_4_shine_ev_gaira_pilot_v1,EV,EV,toxicity_drug_response,,top_mss_hit,mss_topK_frequency,,,up,0.375,top1_freq,0.375,uric_acid,,,STRONG,,/Volumes/SSD_Rad/GAIRA_BUILD/gaira_base_4_shine_ev_gaira_pilot_v1/tables/shine_mss_top_hits_by_condition_v1.csv,hepatotoxicity_mss_layer,EV,toxicity_drug_response
E0001646,gaira_base_4_shine_ev_gaira_pilot_v1,EV,EV,toxicity_drug_response,,top_mss_hit,mss_topK_frequency,,,up,0.3075,top1_freq,0.3075,tyrosine,,,STRONG,,/Volumes/SSD_Rad/GAIRA_BUILD/gaira_base_4_shine_ev_gaira_pilot_v1/tables/shine_mss_top_hits_by_condition_v1.csv,hepatotoxicity_mss_layer,EV,toxicity_drug_response
E0001647,gaira_base_4_shine_ev_gaira_pilot_v1,EV,EV,toxicity_drug_response,,top_mss_hit,mss_topK_frequency,,,up,0.2875,top1_freq,0.2875,xanthine,,,MODERATE,,/Volumes/SSD_Rad/GAIRA_BUILD/gaira_base_4_shine_ev_gaira_pilot_v1/tables/shine_mss_top_hits_by_condition_v1.csv,hepatotoxicity_mss_layer,EV,toxicity_drug_response
E0001648,gaira_base_4_shine_ev_gaira_pilot_v1,EV,EV,toxicity_drug_response,,top_mss_hit,mss_topK_frequency,,,up,0.2375,top1_freq,0.2375,ergothioneine,,,MODERATE,,/Volumes/SSD_Rad/GAIRA_BUILD/gaira_base_4_shine_ev_gaira_pilot_v1/tables/shine_mss_top_hits_by_condition_v1.csv,hepatotoxicity_mss_layer,EV,toxicity_drug_response
E0001649,gaira_base_4_shine_ev_gaira_pilot_v1,EV,EV,toxicity_drug_response,,top_mss_hit,mss_topK_frequency,,,up,0.205,top1_freq,0.205,palmitic_acid,,,MODERATE,,/Volumes/SSD_Rad/GAIRA_BUILD/gaira_base_4_shine_ev_gaira_pilot_v1/tables/shine_mss_top_hits_by_condition_v1.csv,hepatotoxicity_mss_layer,EV,toxicity_drug_response
E0001650,gaira_base_4_shine_ev_gaira_pilot_v1,EV,EV,toxicity_drug_response,,top_mss_hit,mss_topK_frequency,,,up,0.1825,top1_freq,0.1825,cysteine,,,MODERATE,,/Volumes/SSD_Rad/GAIRA_BUILD/gaira_base_4_shine_ev_gaira_pilot_v1/tables/shine_mss_top_hits_by_condition_v1.csv,hepatotoxicity_mss_layer,EV,toxicity_drug_response
E0001651,gaira_base_4_shine_ev_gaira_pilot_v1,EV,EV,toxicity_drug_response,,top_mss_hit,mss_topK_frequency,,,up,0.165,top1_freq,0.165,glutathione,,,MODERATE,,/Volumes/SSD_Rad/GAIRA_BUILD/gaira_base_4_shine_ev_gaira_pilot_v1/tables/shine_mss_top_hits_by_condition_v1.csv,hepatotoxicity_mss_layer,EV,toxicity_drug_response
E0001652,gaira_base_4_shine_ev_gaira_pilot_v1,EV,EV,toxicity_drug_response,,top_mss_hit,mss_topK_frequency,,,up,0.16,top1_freq,0.16,glucose,,,MODERATE,,/Volumes/SSD_Rad/GAIRA_BUILD/gaira_base_4_shine_ev_gaira_pilot_v1/tables/shine_mss_top_hits_by_condition_v1.csv,hepatotoxicity_mss_layer,EV,toxicity_drug_response
E0001653,gaira_base_4_shine_ev_gaira_pilot_v1,EV,EV,toxicity_drug_response,,top_mss_hit,mss_topK_frequency,,,up,0.4825,top1_freq,0.4825,uric_acid,,,STRONG,,/Volumes/SSD_Rad/GAIRA_BUILD/gaira_base_4_shine_ev_gaira_pilot_v1/tables/shine_mss_top_hits_by_condition_v1.csv,hepatotoxicity_mss_layer,EV,toxicity_drug_response
E0001654,gaira_base_4_shine_ev_gaira_pilot_v1,EV,EV,toxicity_drug_response,,top_mss_hit,mss_topK_frequency,,,up,0.465,top1_freq,0.465,tyrosine,,,STRONG,,/Volumes/SSD_Rad/GAIRA_BUILD/gaira_base_4_shine_ev_gaira_pilot_v1/tables/shine_mss_top_hits_by_condition_v1.csv,hepatotoxicity_mss_layer,EV,toxicity_drug_response
E0001655,gaira_base_4_shine_ev_gaira_pilot_v1,EV,EV,toxicity_drug_response,,top_mss_hit,mss_topK_frequency,,,up,0.3825,top1_freq,0.3825,xanthine,,,STRONG,,/Volumes/SSD_Rad/GAIRA_BUILD/gaira_base_4_shine_ev_gaira_pilot_v1/tables/shine_mss_top_hits_by_condition_v1.csv,hepatotoxicity_mss_layer,EV,toxicity_drug_response
E0001656,gaira_base_4_shine_ev_gaira_pilot_v1,EV,EV,toxicity_drug_response,,top_mss_hit,mss_topK_frequency,,,up,0.3775,top1_freq,0.3775,ergothioneine,,,STRONG,,/Volumes/SSD_Rad/GAIRA_BUILD/gaira_base_4_shine_ev_gaira_pilot_v1/tables/shine_mss_top_hits_by_condition_v1.csv,hepatotoxicity_mss_layer,EV,toxicity_drug_response
E0001657,gaira_base_4_shine_ev_gaira_pilot_v1,EV,EV,toxicity_drug_response,,top_mss_hit,mss_topK_frequency,,,up,0.365,top1_freq,0.365,palmitic_acid,,,STRONG,,/Volumes/SSD_Rad/GAIRA_BUILD/gaira_base_4_shine_ev_gaira_pilot_v1/tables/shine_mss_top_hits_by_condition_v1.csv,hepatotoxicity_mss_layer,EV,toxicity_drug_response
E0001658,gaira_base_4_shine_ev_gaira_pilot_v1,EV,EV,toxicity_drug_response,,top_mss_hit,mss_topK_frequency,,,up,0.32,top1_freq,0.32,cysteine,,,STRONG,,/Volumes/SSD_Rad/GAIRA_BUILD/gaira_base_4_shine_ev_gaira_pilot_v1/tables/shine_mss_top_hits_by_condition_v1.csv,hepatotoxicity_mss_layer,EV,toxicity_drug_response
E0001659,gaira_base_4_shine_ev_gaira_pilot_v1,EV,EV,toxicity_drug_response,,top_mss_hit,mss_topK_frequency,,,up,0.2875,top1_freq,0.2875,glutathione,,,MODERATE,,/Volumes/SSD_Rad/GAIRA_BUILD/gaira_base_4_shine_ev_gaira_pilot_v1/tables/shine_mss_top_hits_by_condition_v1.csv,hepatotoxicity_mss_layer,EV,toxicity_drug_response
E0001660,gaira_base_4_shine_ev_gaira_pilot_v1,EV,EV,toxicity_drug_response,,top_mss_hit,mss_topK_frequency,,,up,0.2875,top1_freq,0.2875,lactate,,,MODERATE,,/Volumes/SSD_Rad/GAIRA_BUILD/gaira_base_4_shine_ev_gaira_pilot_v1/tables/shine_mss_top_hits_by_condition_v1.csv,hepatotoxicity_mss_layer,EV,toxicity_drug_response
E0001661,gaira_base_4_shine_ev_gaira_pilot_v1,EV,EV,toxicity_drug_response,,top_mss_hit,mss_topK_frequency,,,up,0.1575,top1_freq,0.1575,tyrosine,,,MODERATE,,/Volumes/SSD_Rad/GAIRA_BUILD/gaira_base_4_shine_ev_gaira_pilot_v1/tables/shine_mss_top_hits_by_condition_v1.csv,hepatotoxicity_mss_layer,EV,toxicity_drug_response
E0001662,gaira_base_4_shine_ev_gaira_pilot_v1,EV,EV,toxicity_drug_response,,top_mss_hit,mss_topK_frequency,,,up,0.1425,top1_freq,0.1425,uric_acid,,,WEAK,,/Volumes/SSD_Rad/GAIRA_BUILD/gaira_base_4_shine_ev_gaira_pilot_v1/tables/shine_mss_top_hits_by_condition_v1.csv,hepatotoxicity_mss_layer,EV,toxicity_drug_response
E0001663,gaira_base_4_shine_ev_gaira_pilot_v1,EV,EV,toxicity_drug_response,,top_mss_hit,mss_topK_frequency,,,up,0.1025,top1_freq,0.1025,glutathione,,,WEAK,,/Volumes/SSD_Rad/GAIRA_BUILD/gaira_base_4_shine_ev_gaira_pilot_v1/tables/shine_mss_top_hits_by_condition_v1.csv,hepatotoxicity_mss_layer,EV,toxicity_drug_response
E0001664,gaira_base_4_shine_ev_gaira_pilot_v1,EV,EV,toxicity_drug_response,,top_mss_hit,mss_topK_frequency,,,up,0.0825,top1_freq,0.0825,ergothioneine,,,WEAK,,/Volumes/SSD_Rad/GAIRA_BUILD/gaira_base_4_shine_ev_gaira_pilot_v1/tables/shine_mss_top_hits_by_condition_v1.csv,hepatotoxicity_mss_layer,EV,toxicity_drug_response
E0001665,gaira_base_4_shine_ev_gaira_pilot_v1,EV,EV,toxicity_drug_response,,top_mss_hit,mss_topK_frequency,,,up,0.075,top1_freq,0.075,palmitic_acid,,,WEAK,,/Volumes/SSD_Rad/GAIRA_BUILD/gaira_base_4_shine_ev_gaira_pilot_v1/tables/shine_mss_top_hits_by_condition_v1.csv,hepatotoxicity_mss_layer,EV,toxicity_drug_response
E0001666,gaira_base_4_shine_ev_gaira_pilot_v1,EV,EV,toxicity_drug_response,,top_mss_hit,mss_topK_frequency,,,up,0.065,top1_freq,0.065,glucose,,,WEAK,,/Volumes/SSD_Rad/GAIRA_BUILD/gaira_base_4_shine_ev_gaira_pilot_v1/tables/shine_mss_top_hits_by_condition_v1.csv,hepatotoxicity_mss_layer,EV,toxicity_drug_response
E0001667,gaira_base_4_shine_ev_gaira_pilot_v1,EV,EV,toxicity_drug_response,,top_mss_hit,mss_topK_frequency,,,up,0.0625,top1_freq,0.0625,cysteine,,,WEAK,,/Volumes/SSD_Rad/GAIRA_BUILD/gaira_base_4_shine_ev_gaira_pilot_v1/tables/shine_mss_top_hits_by_condition_v1.csv,hepatotoxicity_mss_layer,EV,toxicity_drug_response
E0001668,gaira_base_4_shine_ev_gaira_pilot_v1,EV,EV,toxicity_drug_response,,top_mss_hit,mss_topK_frequency,,,up,0.06,top1_freq,0.06,xanthine,,,WEAK,,/Volumes/SSD_Rad/GAIRA_BUILD/gaira_base_4_shine_ev_gaira_pilot_v1/tables/shine_mss_top_hits_by_condition_v1.csv,hepatotoxicity_mss_layer,EV,toxicity_drug_response
E0001669,gaira_base_4_shine_ev_gaira_pilot_v1,EV,EV,toxicity_drug_response,,top_mss_hit,mss_topK_frequency,,,up,0.405,top1_freq,0.405,uric_acid,,,STRONG,,/Volumes/SSD_Rad/GAIRA_BUILD/gaira_base_4_shine_ev_gaira_pilot_v1/tables/shine_mss_top_hits_by_condition_v1.csv,hepatotoxicity_mss_layer,EV,toxicity_drug_response
E0001670,gaira_base_4_shine_ev_gaira_pilot_v1,EV,EV,toxicity_drug_response,,top_mss_hit,mss_topK_frequency,,,up,0.365,top1_freq,0.365,tyrosine,,,STRONG,,/Volumes/SSD_Rad/GAIRA_BUILD/gaira_base_4_shine_ev_gaira_pilot_v1/tables/shine_mss_top_hits_by_condition_v1.csv,hepatotoxicity_mss_layer,EV,toxicity_drug_response
E0001671,gaira_base_4_shine_ev_gaira_pilot_v1,EV,EV,toxicity_drug_response,,top_mss_hit,mss_topK_frequency,,,up,0.2525,top1_freq,0.2525,ergothioneine,,,MODERATE,,/Volumes/SSD_Rad/GAIRA_BUILD/gaira_base_4_shine_ev_gaira_pilot_v1/tables/shine_mss_top_hits_by_condition_v1.csv,hepatotoxicity_mss_layer,EV,toxicity_drug_response
E0001672,gaira_base_4_shine_ev_gaira_pilot_v1,EV,EV,toxicity_drug_response,,top_mss_hit,mss_topK_frequency,,,up,0.245,top1_freq,0.245,xanthine,,,MODERATE,,/Volumes/SSD_Rad/GAIRA_BUILD/gaira_base_4_shine_ev_gaira_pilot_v1/tables/shine_mss_top_hits_by_condition_v1.csv,hepatotoxicity_mss_layer,EV,toxicity_drug_response
E0001673,gaira_base_4_shine_ev_gaira_pilot_v1,EV,EV,toxicity_drug_response,,top_mss_hit,mss_topK_frequency,,,up,0.24,top1_freq,0.24,glutathione,,,MODERATE,,/Volumes/SSD_Rad/GAIRA_BUILD/gaira_base_4_shine_ev_gaira_pilot_v1/tables/shine_mss_top_hits_by_condition_v1.csv,hepatotoxicity_mss_layer,EV,toxicity_drug_response
E0001674,gaira_base_4_shine_ev_gaira_pilot_v1,EV,EV,toxicity_drug_response,,top_mss_hit,mss_topK_frequency,,,up,0.19,top1_freq,0.19,palmitic_acid,,,MODERATE,,/Volumes/SSD_Rad/GAIRA_BUILD/gaira_base_4_shine_ev_gaira_pilot_v1/tables/shine_mss_top_hits_by_condition_v1.csv,hepatotoxicity_mss_layer,EV,toxicity_drug_response
E0001675,gaira_base_4_shine_ev_gaira_pilot_v1,EV,EV,toxicity_drug_response,,top_mss_hit,mss_topK_frequency,,,up,0.185,top1_freq,0.185,lactate,,,MODERATE,,/Volumes/SSD_Rad/GAIRA_BUILD/gaira_base_4_shine_ev_gaira_pilot_v1/tables/shine_mss_top_hits_by_condition_v1.csv,hepatotoxicity_mss_layer,EV,toxicity_drug_response
E0001676,gaira_base_4_shine_ev_gaira_pilot_v1,EV,EV,toxicity_drug_response,,top_mss_hit,mss_topK_frequency,,,up,0.175,top1_freq,0.175,cysteine,,,MODERATE,,/Volumes/SSD_Rad/GAIRA_BUILD/gaira_base_4_shine_ev_gaira_pilot_v1/tables/shine_mss_top_hits_by_condition_v1.csv,hepatotoxicity_mss_layer,EV,toxicity_drug_response
E0001677,gaira_base_4_shine_ev_gaira_pilot_v1,EV,EV,toxicity_drug_response,,top_mss_hit,mss_topK_frequency,,,up,0.5225,top1_freq,0.5225,tyrosine,,,STRONG,,/Volumes/SSD_Rad/GAIRA_BUILD/gaira_base_4_shine_ev_gaira_pilot_v1/tables/shine_mss_top_hits_by_condition_v1.csv,hepatotoxicity_mss_layer,EV,toxicity_drug_response
E0001678,gaira_base_4_shine_ev_gaira_pilot_v1,EV,EV,toxicity_drug_response,,top_mss_hit,mss_topK_frequency,,,up,0.5025,top1_freq,0.5025,uric_acid,,,STRONG,,/Volumes/SSD_Rad/GAIRA_BUILD/gaira_base_4_shine_ev_gaira_pilot_v1/tables/shine_mss_top_hits_by_condition_v1.csv,hepatotoxicity_mss_layer,EV,toxicity_drug_response
E0001679,gaira_base_4_shine_ev_gaira_pilot_v1,EV,EV,toxicity_drug_response,,top_mss_hit,mss_topK_frequency,,,up,0.395,top1_freq,0.395,glutathione,,,STRONG,,/Volumes/SSD_Rad/GAIRA_BUILD/gaira_base_4_shine_ev_gaira_pilot_v1/tables/shine_mss_top_hits_by_condition_v1.csv,hepatotoxicity_mss_layer,EV,toxicity_drug_response
E0001680,gaira_base_4_shine_ev_gaira_pilot_v1,EV,EV,toxicity_drug_response,,top_mss_hit,mss_topK_frequency,,,up,0.38,top1_freq,0.38,xanthine,,,STRONG,,/Volumes/SSD_Rad/GAIRA_BUILD/gaira_base_4_shine_ev_gaira_pilot_v1/tables/shine_mss_top_hits_by_condition_v1.csv,hepatotoxicity_mss_layer,EV,toxicity_drug_response
E0001681,gaira_base_4_shine_ev_gaira_pilot_v1,EV,EV,toxicity_drug_response,,top_mss_hit,mss_topK_frequency,,,up,0.375,top1_freq,0.375,ergothioneine,,,STRONG,,/Volumes/SSD_Rad/GAIRA_BUILD/gaira_base_4_shine_ev_gaira_pilot_v1/tables/shine_mss_top_hits_by_condition_v1.csv,hepatotoxicity_mss_layer,EV,toxicity_drug_response
E0001682,gaira_base_4_shine_ev_gaira_pilot_v1,EV,EV,toxicity_drug_response,,top_mss_hit,mss_topK_frequency,,,up,0.3725,top1_freq,0.3725,palmitic_acid,,,STRONG,,/Volumes/SSD_Rad/GAIRA_BUILD/gaira_base_4_shine_ev_gaira_pilot_v1/tables/shine_mss_top_hits_by_condition_v1.csv,hepatotoxicity_mss_layer,EV,toxicity_drug_response
E0001683,gaira_base_4_shine_ev_gaira_pilot_v1,EV,EV,toxicity_drug_response,,top_mss_hit,mss_topK_frequency,,,up,0.3225,top1_freq,0.3225,lactate,,,STRONG,,/Volumes/SSD_Rad/GAIRA_BUILD/gaira_base_4_shine_ev_gaira_pilot_v1/tables/shine_mss_top_hits_by_condition_v1.csv,hepatotoxicity_mss_layer,EV,toxicity_drug_response
E0001684,gaira_base_4_shine_ev_gaira_pilot_v1,EV,EV,toxicity_drug_response,,top_mss_hit,mss_topK_frequency,,,up,0.3125,top1_freq,0.3125,cysteine,,,STRONG,,/Volumes/SSD_Rad/GAIRA_BUILD/gaira_base_4_shine_ev_gaira_pilot_v1/tables/shine_mss_top_hits_by_condition_v1.csv,hepatotoxicity_mss_layer,EV,toxicity_drug_response
E0001685,gaira_base_4_shine_ev_gaira_pilot_v1,EV,EV,toxicity_drug_response,,top_mss_hit,mss_topK_frequency,,,up,0.15,top1_freq,0.15,tyrosine,,,MODERATE,,/Volumes/SSD_Rad/GAIRA_BUILD/gaira_base_4_shine_ev_gaira_pilot_v1/tables/shine_mss_top_hits_by_condition_v1.csv,hepatotoxicity_mss_layer,EV,toxicity_drug_response
E0001686,gaira_base_4_shine_ev_gaira_pilot_v1,EV,EV,toxicity_drug_response,,top_mss_hit,mss_topK_frequency,,,up,0.1125,top1_freq,0.1125,uric_acid,,,WEAK,,/Volumes/SSD_Rad/GAIRA_BUILD/gaira_base_4_shine_ev_gaira_pilot_v1/tables/shine_mss_top_hits_by_condition_v1.csv,hepatotoxicity_mss_layer,EV,toxicity_drug_response
E0001687,gaira_base_4_shine_ev_gaira_pilot_v1,EV,EV,toxicity_drug_response,,top_mss_hit,mss_topK_frequency,,,up,0.11,top1_freq,0.11,xanthine,,,WEAK,,/Volumes/SSD_Rad/GAIRA_BUILD/gaira_base_4_shine_ev_gaira_pilot_v1/tables/shine_mss_top_hits_by_condition_v1.csv,hepatotoxicity_mss_layer,EV,toxicity_drug_response
E0001688,gaira_base_4_shine_ev_gaira_pilot_v1,EV,EV,toxicity_drug_response,,top_mss_hit,mss_topK_frequency,,,up,0.09,top1_freq,0.09,palmitic_acid,,,WEAK,,/Volumes/SSD_Rad/GAIRA_BUILD/gaira_base_4_shine_ev_gaira_pilot_v1/tables/shine_mss_top_hits_by_condition_v1.csv,hepatotoxicity_mss_layer,EV,toxicity_drug_response
E0001689,gaira_base_4_shine_ev_gaira_pilot_v1,EV,EV,toxicity_drug_response,,top_mss_hit,mss_topK_frequency,,,up,0.085,top1_freq,0.085,glutathione,,,WEAK,,/Volumes/SSD_Rad/GAIRA_BUILD/gaira_base_4_shine_ev_gaira_pilot_v1/tables/shine_mss_top_hits_by_condition_v1.csv,hepatotoxicity_mss_layer,EV,toxicity_drug_response
E0001690,gaira_base_4_shine_ev_gaira_pilot_v1,EV,EV,toxicity_drug_response,,top_mss_hit,mss_topK_frequency,,,up,0.0675,top1_freq,0.0675,ergothioneine,,,WEAK,,/Volumes/SSD_Rad/GAIRA_BUILD/gaira_base_4_shine_ev_gaira_pilot_v1/tables/shine_mss_top_hits_by_condition_v1.csv,hepatotoxicity_mss_layer,EV,toxicity_drug_response
E0001691,gaira_base_4_shine_ev_gaira_pilot_v1,EV,EV,toxicity_drug_response,,top_mss_hit,mss_topK_frequency,,,up,0.065,top1_freq,0.065,cysteine,,,WEAK,,/Volumes/SSD_Rad/GAIRA_BUILD/gaira_base_4_shine_ev_gaira_pilot_v1/tables/shine_mss_top_hits_by_condition_v1.csv,hepatotoxicity_mss_layer,EV,toxicity_drug_response
E0001692,gaira_base_4_shine_ev_gaira_pilot_v1,EV,EV,toxicity_drug_response,,top_mss_hit,mss_topK_frequency,,,up,0.06,top1_freq,0.06,lactate,,,WEAK,,/Volumes/SSD_Rad/GAIRA_BUILD/gaira_base_4_shine_ev_gaira_pilot_v1/tables/shine_mss_top_hits_by_condition_v1.csv,hepatotoxicity_mss_layer,EV,toxicity_drug_response
E0001693,gaira_base_4_shine_ev_gaira_pilot_v1,EV,EV,toxicity_drug_response,,top_mss_hit,mss_topK_frequency,,,up,0.3625,top1_freq,0.3625,uric_acid,,,STRONG,,/Volumes/SSD_Rad/GAIRA_BUILD/gaira_base_4_shine_ev_gaira_pilot_v1/tables/shine_mss_top_hits_by_condition_v1.csv,hepatotoxicity_mss_layer,EV,toxicity_drug_response
E0001694,gaira_base_4_shine_ev_gaira_pilot_v1,EV,EV,toxicity_drug_response,,top_mss_hit,mss_topK_frequency,,,up,0.33,top1_freq,0.33,tyrosine,,,STRONG,,/Volumes/SSD_Rad/GAIRA_BUILD/gaira_base_4_shine_ev_gaira_pilot_v1/tables/shine_mss_top_hits_by_condition_v1.csv,hepatotoxicity_mss_layer,EV,toxicity_drug_response
E0001695,gaira_base_4_shine_ev_gaira_pilot_v1,EV,EV,toxicity_drug_response,,top_mss_hit,mss_topK_frequency,,,up,0.2825,top1_freq,0.2825,xanthine,,,MODERATE,,/Volumes/SSD_Rad/GAIRA_BUILD/gaira_base_4_shine_ev_gaira_pilot_v1/tables/shine_mss_top_hits_by_condition_v1.csv,hepatotoxicity_mss_layer,EV,toxicity_drug_response
E0001696,gaira_base_4_shine_ev_gaira_pilot_v1,EV,EV,toxicity_drug_response,,top_mss_hit,mss_topK_frequency,,,up,0.245,top1_freq,0.245,ergothioneine,,,MODERATE,,/Volumes/SSD_Rad/GAIRA_BUILD/gaira_base_4_shine_ev_gaira_pilot_v1/tables/shine_mss_top_hits_by_condition_v1.csv,hepatotoxicity_mss_layer,EV,toxicity_drug_response
E0001697,gaira_base_4_shine_ev_gaira_pilot_v1,EV,EV,toxicity_drug_response,,top_mss_hit,mss_topK_frequency,,,up,0.2275,top1_freq,0.2275,palmitic_acid,,,MODERATE,,/Volumes/SSD_Rad/GAIRA_BUILD/gaira_base_4_shine_ev_gaira_pilot_v1/tables/shine_mss_top_hits_by_condition_v1.csv,hepatotoxicity_mss_layer,EV,toxicity_drug_response
E0001698,gaira_base_4_shine_ev_gaira_pilot_v1,EV,EV,toxicity_drug_response,,top_mss_hit,mss_topK_frequency,,,up,0.21,top1_freq,0.21,glutathione,,,MODERATE,,/Volumes/SSD_Rad/GAIRA_BUILD/gaira_base_4_shine_ev_gaira_pilot_v1/tables/shine_mss_top_hits_by_condition_v1.csv,hepatotoxicity_mss_layer,EV,toxicity_drug_response
E0001699,gaira_base_4_shine_ev_gaira_pilot_v1,EV,EV,toxicity_drug_response,,top_mss_hit,mss_topK_frequency,,,up,0.18,top1_freq,0.18,cysteine,,,MODERATE,,/Volumes/SSD_Rad/GAIRA_BUILD/gaira_base_4_shine_ev_gaira_pilot_v1/tables/shine_mss_top_hits_by_condition_v1.csv,hepatotoxicity_mss_layer,EV,toxicity_drug_response
E0001700,gaira_base_4_shine_ev_gaira_pilot_v1,EV,EV,toxicity_drug_response,,top_mss_hit,mss_topK_frequency,,,up,0.1775,top1_freq,0.1775,stearic_acid,,,MODERATE,,/Volumes/SSD_Rad/GAIRA_BUILD/gaira_base_4_shine_ev_gaira_pilot_v1/tables/shine_mss_top_hits_by_condition_v1.csv,hepatotoxicity_mss_layer,EV,toxicity_drug_response
E0001701,gaira_base_4_shine_ev_gaira_pilot_v1,EV,EV,toxicity_drug_response,,top_mss_hit,mss_topK_frequency,,,up,0.475,top1_freq,0.475,uric_acid,,,STRONG,,/Volumes/SSD_Rad/GAIRA_BUILD/gaira_base_4_shine_ev_gaira_pilot_v1/tables/shine_mss_top_hits_by_condition_v1.csv,hepatotoxicity_mss_layer,EV,toxicity_drug_response
E0001702,gaira_base_4_shine_ev_gaira_pilot_v1,EV,EV,toxicity_drug_response,,top_mss_hit,mss_topK_frequency,,,up,0.44,top1_freq,0.44,tyrosine,,,STRONG,,/Volumes/SSD_Rad/GAIRA_BUILD/gaira_base_4_shine_ev_gaira_pilot_v1/tables/shine_mss_top_hits_by_condition_v1.csv,hepatotoxicity_mss_layer,EV,toxicity_drug_response
E0001703,gaira_base_4_shine_ev_gaira_pilot_v1,EV,EV,toxicity_drug_response,,top_mss_hit,mss_topK_frequency,,,up,0.3925,top1_freq,0.3925,palmitic_acid,,,STRONG,,/Volumes/SSD_Rad/GAIRA_BUILD/gaira_base_4_shine_ev_gaira_pilot_v1/tables/shine_mss_top_hits_by_condition_v1.csv,hepatotoxicity_mss_layer,EV,toxicity_drug_response
E0001704,gaira_base_4_shine_ev_gaira_pilot_v1,EV,EV,toxicity_drug_response,,top_mss_hit,mss_topK_frequency,,,up,0.3825,top1_freq,0.3825,xanthine,,,STRONG,,/Volumes/SSD_Rad/GAIRA_BUILD/gaira_base_4_shine_ev_gaira_pilot_v1/tables/shine_mss_top_hits_by_condition_v1.csv,hepatotoxicity_mss_layer,EV,toxicity_drug_response
E0001705,gaira_base_4_shine_ev_gaira_pilot_v1,EV,EV,toxicity_drug_response,,top_mss_hit,mss_topK_frequency,,,up,0.37,top1_freq,0.37,cysteine,,,STRONG,,/Volumes/SSD_Rad/GAIRA_BUILD/gaira_base_4_shine_ev_gaira_pilot_v1/tables/shine_mss_top_hits_by_condition_v1.csv,hepatotoxicity_mss_layer,EV,toxicity_drug_response
E0001706,gaira_base_4_shine_ev_gaira_pilot_v1,EV,EV,toxicity_drug_response,,top_mss_hit,mss_topK_frequency,,,up,0.3625,top1_freq,0.3625,ergothioneine,,,STRONG,,/Volumes/SSD_Rad/GAIRA_BUILD/gaira_base_4_shine_ev_gaira_pilot_v1/tables/shine_mss_top_hits_by_condition_v1.csv,hepatotoxicity_mss_layer,EV,toxicity_drug_response
E0001707,gaira_base_4_shine_ev_gaira_pilot_v1,EV,EV,toxicity_drug_response,,top_mss_hit,mss_topK_frequency,,,up,0.35,top1_freq,0.35,glutathione,,,STRONG,,/Volumes/SSD_Rad/GAIRA_BUILD/gaira_base_4_shine_ev_gaira_pilot_v1/tables/shine_mss_top_hits_by_condition_v1.csv,hepatotoxicity_mss_layer,EV,toxicity_drug_response
E0001708,gaira_base_4_shine_ev_gaira_pilot_v1,EV,EV,toxicity_drug_response,,top_mss_hit,mss_topK_frequency,,,up,0.31,top1_freq,0.31,lactate,,,STRONG,,/Volumes/SSD_Rad/GAIRA_BUILD/gaira_base_4_shine_ev_gaira_pilot_v1/tables/shine_mss_top_hits_by_condition_v1.csv,hepatotoxicity_mss_layer,EV,toxicity_drug_response
E0001709,gaira_base_4_shine_ev_gaira_pilot_v1,EV,EV,toxicity_drug_response,,top_mss_hit,mss_topK_frequency,,,up,0.145,top1_freq,0.145,uric_acid,,,WEAK,,/Volumes/SSD_Rad/GAIRA_BUILD/gaira_base_4_shine_ev_gaira_pilot_v1/tables/shine_mss_top_hits_by_condition_v1.csv,hepatotoxicity_mss_layer,EV,toxicity_drug_response
E0001710,gaira_base_4_shine_ev_gaira_pilot_v1,EV,EV,toxicity_drug_response,,top_mss_hit,mss_topK_frequency,,,up,0.125,top1_freq,0.125,xanthine,,,WEAK,,/Volumes/SSD_Rad/GAIRA_BUILD/gaira_base_4_shine_ev_gaira_pilot_v1/tables/shine_mss_top_hits_by_condition_v1.csv,hepatotoxicity_mss_layer,EV,toxicity_drug_response
E0001711,gaira_base_4_shine_ev_gaira_pilot_v1,EV,EV,toxicity_drug_response,,top_mss_hit,mss_topK_frequency,,,up,0.115,top1_freq,0.115,tyrosine,,,WEAK,,/Volumes/SSD_Rad/GAIRA_BUILD/gaira_base_4_shine_ev_gaira_pilot_v1/tables/shine_mss_top_hits_by_condition_v1.csv,hepatotoxicity_mss_layer,EV,toxicity_drug_response
E0001712,gaira_base_4_shine_ev_gaira_pilot_v1,EV,EV,toxicity_drug_response,,top_mss_hit,mss_topK_frequency,,,up,0.1025,top1_freq,0.1025,glutathione,,,WEAK,,/Volumes/SSD_Rad/GAIRA_BUILD/gaira_base_4_shine_ev_gaira_pilot_v1/tables/shine_mss_top_hits_by_condition_v1.csv,hepatotoxicity_mss_layer,EV,toxicity_drug_response
E0001713,gaira_base_4_shine_ev_gaira_pilot_v1,EV,EV,toxicity_drug_response,,top_mss_hit,mss_topK_frequency,,,up,0.0875,top1_freq,0.0875,lactate,,,WEAK,,/Volumes/SSD_Rad/GAIRA_BUILD/gaira_base_4_shine_ev_gaira_pilot_v1/tables/shine_mss_top_hits_by_condition_v1.csv,hepatotoxicity_mss_layer,EV,toxicity_drug_response
E0001714,gaira_base_4_shine_ev_gaira_pilot_v1,EV,EV,toxicity_drug_response,,top_mss_hit,mss_topK_frequency,,,up,0.0725,top1_freq,0.0725,palmitic_acid,,,WEAK,,/Volumes/SSD_Rad/GAIRA_BUILD/gaira_base_4_shine_ev_gaira_pilot_v1/tables/shine_mss_top_hits_by_condition_v1.csv,hepatotoxicity_mss_layer,EV,toxicity_drug_response
E0001715,gaira_base_4_shine_ev_gaira_pilot_v1,EV,EV,toxicity_drug_response,,top_mss_hit,mss_topK_frequency,,,up,0.065,top1_freq,0.065,ergothioneine,,,WEAK,,/Volumes/SSD_Rad/GAIRA_BUILD/gaira_base_4_shine_ev_gaira_pilot_v1/tables/shine_mss_top_hits_by_condition_v1.csv,hepatotoxicity_mss_layer,EV,toxicity_drug_response
E0001716,gaira_base_4_shine_ev_gaira_pilot_v1,EV,EV,toxicity_drug_response,,top_mss_hit,mss_topK_frequency,,,up,0.0575,top1_freq,0.0575,cysteine,,,WEAK,,/Volumes/SSD_Rad/GAIRA_BUILD/gaira_base_4_shine_ev_gaira_pilot_v1/tables/shine_mss_top_hits_by_condition_v1.csv,hepatotoxicity_mss_layer,EV,toxicity_drug_response
E0001717,gaira_base_4_shine_ev_gaira_pilot_v1,EV,EV,toxicity_drug_response,,top_mss_hit,mss_topK_frequency,,,up,0.36,top1_freq,0.36,uric_acid,,,STRONG,,/Volumes/SSD_Rad/GAIRA_BUILD/gaira_base_4_shine_ev_gaira_pilot_v1/tables/shine_mss_top_hits_by_condition_v1.csv,hepatotoxicity_mss_layer,EV,toxicity_drug_response
E0001718,gaira_base_4_shine_ev_gaira_pilot_v1,EV,EV,toxicity_drug_response,,top_mss_hit,mss_topK_frequency,,,up,0.3425,top1_freq,0.3425,tyrosine,,,STRONG,,/Volumes/SSD_Rad/GAIRA_BUILD/gaira_base_4_shine_ev_gaira_pilot_v1/tables/shine_mss_top_hits_by_condition_v1.csv,hepatotoxicity_mss_layer,EV,toxicity_drug_response
E0001719,gaira_base_4_shine_ev_gaira_pilot_v1,EV,EV,toxicity_drug_response,,top_mss_hit,mss_topK_frequency,,,up,0.275,top1_freq,0.275,xanthine,,,MODERATE,,/Volumes/SSD_Rad/GAIRA_BUILD/gaira_base_4_shine_ev_gaira_pilot_v1/tables/shine_mss_top_hits_by_condition_v1.csv,hepatotoxicity_mss_layer,EV,toxicity_drug_response
E0001720,gaira_base_4_shine_ev_gaira_pilot_v1,EV,EV,toxicity_drug_response,,top_mss_hit,mss_topK_frequency,,,up,0.2575,top1_freq,0.2575,glutathione,,,MODERATE,,/Volumes/SSD_Rad/GAIRA_BUILD/gaira_base_4_shine_ev_gaira_pilot_v1/tables/shine_mss_top_hits_by_condition_v1.csv,hepatotoxicity_mss_layer,EV,toxicity_drug_response
E0001721,gaira_base_4_shine_ev_gaira_pilot_v1,EV,EV,toxicity_drug_response,,top_mss_hit,mss_topK_frequency,,,up,0.2425,top1_freq,0.2425,ergothioneine,,,MODERATE,,/Volumes/SSD_Rad/GAIRA_BUILD/gaira_base_4_shine_ev_gaira_pilot_v1/tables/shine_mss_top_hits_by_condition_v1.csv,hepatotoxicity_mss_layer,EV,toxicity_drug_response
E0001722,gaira_base_4_shine_ev_gaira_pilot_v1,EV,EV,toxicity_drug_response,,top_mss_hit,mss_topK_frequency,,,up,0.205,top1_freq,0.205,lactate,,,MODERATE,,/Volumes/SSD_Rad/GAIRA_BUILD/gaira_base_4_shine_ev_gaira_pilot_v1/tables/shine_mss_top_hits_by_condition_v1.csv,hepatotoxicity_mss_layer,EV,toxicity_drug_response
E0001723,gaira_base_4_shine_ev_gaira_pilot_v1,EV,EV,toxicity_drug_response,,top_mss_hit,mss_topK_frequency,,,up,0.19,top1_freq,0.19,palmitic_acid,,,MODERATE,,/Volumes/SSD_Rad/GAIRA_BUILD/gaira_base_4_shine_ev_gaira_pilot_v1/tables/shine_mss_top_hits_by_condition_v1.csv,hepatotoxicity_mss_layer,EV,toxicity_drug_response
E0001724,gaira_base_4_shine_ev_gaira_pilot_v1,EV,EV,toxicity_drug_response,,top_mss_hit,mss_topK_frequency,,,up,0.185,top1_freq,0.185,cysteine,,,MODERATE,,/Volumes/SSD_Rad/GAIRA_BUILD/gaira_base_4_shine_ev_gaira_pilot_v1/tables/shine_mss_top_hits_by_condition_v1.csv,hepatotoxicity_mss_layer,EV,toxicity_drug_response
E0001725,gaira_base_4_shine_ev_gaira_pilot_v1,EV,EV,toxicity_drug_response,,top_mss_hit,mss_topK_frequency,,,up,0.475,top1_freq,0.475,tyrosine,,,STRONG,,/Volumes/SSD_Rad/GAIRA_BUILD/gaira_base_4_shine_ev_gaira_pilot_v1/tables/shine_mss_top_hits_by_condition_v1.csv,hepatotoxicity_mss_layer,EV,toxicity_drug_response
E0001726,gaira_base_4_shine_ev_gaira_pilot_v1,EV,EV,toxicity_drug_response,,top_mss_hit,mss_topK_frequency,,,up,0.4525,top1_freq,0.4525,uric_acid,,,STRONG,,/Volumes/SSD_Rad/GAIRA_BUILD/gaira_base_4_shine_ev_gaira_pilot_v1/tables/shine_mss_top_hits_by_condition_v1.csv,hepatotoxicity_mss_layer,EV,toxicity_drug_response
E0001727,gaira_base_4_shine_ev_gaira_pilot_v1,EV,EV,toxicity_drug_response,,top_mss_hit,mss_topK_frequency,,,up,0.3975,top1_freq,0.3975,glutathione,,,STRONG,,/Volumes/SSD_Rad/GAIRA_BUILD/gaira_base_4_shine_ev_gaira_pilot_v1/tables/shine_mss_top_hits_by_condition_v1.csv,hepatotoxicity_mss_layer,EV,toxicity_drug_response
E0001728,gaira_base_4_shine_ev_gaira_pilot_v1,EV,EV,toxicity_drug_response,,top_mss_hit,mss_topK_frequency,,,up,0.3925,top1_freq,0.3925,xanthine,,,STRONG,,/Volumes/SSD_Rad/GAIRA_BUILD/gaira_base_4_shine_ev_gaira_pilot_v1/tables/shine_mss_top_hits_by_condition_v1.csv,hepatotoxicity_mss_layer,EV,toxicity_drug_response
E0001729,gaira_base_4_shine_ev_gaira_pilot_v1,EV,EV,toxicity_drug_response,,top_mss_hit,mss_topK_frequency,,,up,0.36,top1_freq,0.36,lactate,,,STRONG,,/Volumes/SSD_Rad/GAIRA_BUILD/gaira_base_4_shine_ev_gaira_pilot_v1/tables/shine_mss_top_hits_by_condition_v1.csv,hepatotoxicity_mss_layer,EV,toxicity_drug_response
E0001730,gaira_base_4_shine_ev_gaira_pilot_v1,EV,EV,toxicity_drug_response,,top_mss_hit,mss_topK_frequency,,,up,0.36,top1_freq,0.36,palmitic_acid,,,STRONG,,/Volumes/SSD_Rad/GAIRA_BUILD/gaira_base_4_shine_ev_gaira_pilot_v1/tables/shine_mss_top_hits_by_condition_v1.csv,hepatotoxicity_mss_layer,EV,toxicity_drug_response
E0001731,gaira_base_4_shine_ev_gaira_pilot_v1,EV,EV,toxicity_drug_response,,top_mss_hit,mss_topK_frequency,,,up,0.3425,top1_freq,0.3425,cysteine,,,STRONG,,/Volumes/SSD_Rad/GAIRA_BUILD/gaira_base_4_shine_ev_gaira_pilot_v1/tables/shine_mss_top_hits_by_condition_v1.csv,hepatotoxicity_mss_layer,EV,toxicity_drug_response
E0001732,gaira_base_4_shine_ev_gaira_pilot_v1,EV,EV,toxicity_drug_response,,top_mss_hit,mss_topK_frequency,,,up,0.3425,top1_freq,0.3425,ergothioneine,,,STRONG,,/Volumes/SSD_Rad/GAIRA_BUILD/gaira_base_4_shine_ev_gaira_pilot_v1/tables/shine_mss_top_hits_by_condition_v1.csv,hepatotoxicity_mss_layer,EV,toxicity_drug_response
E0001733,gaira_base_4_shine_ev_gaira_pilot_v1,EV,EV,toxicity_drug_response,,top_mss_hit,mss_topK_frequency,,,up,0.1075,top1_freq,0.1075,tyrosine,,,WEAK,,/Volumes/SSD_Rad/GAIRA_BUILD/gaira_base_4_shine_ev_gaira_pilot_v1/tables/shine_mss_top_hits_by_condition_v1.csv,hepatotoxicity_mss_layer,EV,toxicity_drug_response
E0001734,gaira_base_4_shine_ev_gaira_pilot_v1,EV,EV,toxicity_drug_response,,top_mss_hit,mss_topK_frequency,,,up,0.1075,top1_freq,0.1075,uric_acid,,,WEAK,,/Volumes/SSD_Rad/GAIRA_BUILD/gaira_base_4_shine_ev_gaira_pilot_v1/tables/shine_mss_top_hits_by_condition_v1.csv,hepatotoxicity_mss_layer,EV,toxicity_drug_response
E0001735,gaira_base_4_shine_ev_gaira_pilot_v1,EV,EV,toxicity_drug_response,,top_mss_hit,mss_topK_frequency,,,up,0.095,top1_freq,0.095,lactate,,,WEAK,,/Volumes/SSD_Rad/GAIRA_BUILD/gaira_base_4_shine_ev_gaira_pilot_v1/tables/shine_mss_top_hits_by_condition_v1.csv,hepatotoxicity_mss_layer,EV,toxicity_drug_response
E0001736,gaira_base_4_shine_ev_gaira_pilot_v1,EV,EV,toxicity_drug_response,,top_mss_hit,mss_topK_frequency,,,up,0.095,top1_freq,0.095,xanthine,,,WEAK,,/Volumes/SSD_Rad/GAIRA_BUILD/gaira_base_4_shine_ev_gaira_pilot_v1/tables/shine_mss_top_hits_by_condition_v1.csv,hepatotoxicity_mss_layer,EV,toxicity_drug_response
E0001737,gaira_base_4_shine_ev_gaira_pilot_v1,EV,EV,toxicity_drug_response,,top_mss_hit,mss_topK_frequency,,,up,0.085,top1_freq,0.085,oleic_acid,,,WEAK,,/Volumes/SSD_Rad/GAIRA_BUILD/gaira_base_4_shine_ev_gaira_pilot_v1/tables/shine_mss_top_hits_by_condition_v1.csv,hepatotoxicity_mss_layer,EV,toxicity_drug_response
E0001738,gaira_base_4_shine_ev_gaira_pilot_v1,EV,EV,toxicity_drug_response,,top_mss_hit,mss_topK_frequency,,,up,0.08,top1_freq,0.08,ergothioneine,,,WEAK,,/Volumes/SSD_Rad/GAIRA_BUILD/gaira_base_4_shine_ev_gaira_pilot_v1/tables/shine_mss_top_hits_by_condition_v1.csv,hepatotoxicity_mss_layer,EV,toxicity_drug_response
E0001739,gaira_base_4_shine_ev_gaira_pilot_v1,EV,EV,toxicity_drug_response,,top_mss_hit,mss_topK_frequency,,,up,0.075,top1_freq,0.075,palmitic_acid,,,WEAK,,/Volumes/SSD_Rad/GAIRA_BUILD/gaira_base_4_shine_ev_gaira_pilot_v1/tables/shine_mss_top_hits_by_condition_v1.csv,hepatotoxicity_mss_layer,EV,toxicity_drug_response
E0001740,gaira_base_4_shine_ev_gaira_pilot_v1,EV,EV,toxicity_drug_response,,top_mss_hit,mss_topK_frequency,,,up,0.075,top1_freq,0.075,glutathione,,,WEAK,,/Volumes/SSD_Rad/GAIRA_BUILD/gaira_base_4_shine_ev_gaira_pilot_v1/tables/shine_mss_top_hits_by_condition_v1.csv,hepatotoxicity_mss_layer,EV,toxicity_drug_response
E0001741,gaira_base_4_shine_ev_gaira_pilot_v1,EV,EV,toxicity_drug_response,,top_mss_hit,mss_topK_frequency,,,up,0.305,top1_freq,0.305,tyrosine,,,STRONG,,/Volumes/SSD_Rad/GAIRA_BUILD/gaira_base_4_shine_ev_gaira_pilot_v1/tables/shine_mss_top_hits_by_condition_v1.csv,hepatotoxicity_mss_layer,EV,toxicity_drug_response
E0001742,gaira_base_4_shine_ev_gaira_pilot_v1,EV,EV,toxicity_drug_response,,top_mss_hit,mss_topK_frequency,,,up,0.305,top1_freq,0.305,uric_acid,,,STRONG,,/Volumes/SSD_Rad/GAIRA_BUILD/gaira_base_4_shine_ev_gaira_pilot_v1/tables/shine_mss_top_hits_by_condition_v1.csv,hepatotoxicity_mss_layer,EV,toxicity_drug_response
E0001743,gaira_base_4_shine_ev_gaira_pilot_v1,EV,EV,toxicity_drug_response,,top_mss_hit,mss_topK_frequency,,,up,0.305,top1_freq,0.305,xanthine,,,STRONG,,/Volumes/SSD_Rad/GAIRA_BUILD/gaira_base_4_shine_ev_gaira_pilot_v1/tables/shine_mss_top_hits_by_condition_v1.csv,hepatotoxicity_mss_layer,EV,toxicity_drug_response
E0001744,gaira_base_4_shine_ev_gaira_pilot_v1,EV,EV,toxicity_drug_response,,top_mss_hit,mss_topK_frequency,,,up,0.255,top1_freq,0.255,ergothioneine,,,MODERATE,,/Volumes/SSD_Rad/GAIRA_BUILD/gaira_base_4_shine_ev_gaira_pilot_v1/tables/shine_mss_top_hits_by_condition_v1.csv,hepatotoxicity_mss_layer,EV,toxicity_drug_response
E0001745,gaira_base_4_shine_ev_gaira_pilot_v1,EV,EV,toxicity_drug_response,,top_mss_hit,mss_topK_frequency,,,up,0.195,top1_freq,0.195,oleic_acid,,,MODERATE,,/Volumes/SSD_Rad/GAIRA_BUILD/gaira_base_4_shine_ev_gaira_pilot_v1/tables/shine_mss_top_hits_by_condition_v1.csv,hepatotoxicity_mss_layer,EV,toxicity_drug_response
E0001746,gaira_base_4_shine_ev_gaira_pilot_v1,EV,EV,toxicity_drug_response,,top_mss_hit,mss_topK_frequency,,,up,0.19,top1_freq,0.19,glutathione,,,MODERATE,,/Volumes/SSD_Rad/GAIRA_BUILD/gaira_base_4_shine_ev_gaira_pilot_v1/tables/shine_mss_top_hits_by_condition_v1.csv,hepatotoxicity_mss_layer,EV,toxicity_drug_response
E0001747,gaira_base_4_shine_ev_gaira_pilot_v1,EV,EV,toxicity_drug_response,,top_mss_hit,mss_topK_frequency,,,up,0.19,top1_freq,0.19,palmitic_acid,,,MODERATE,,/Volumes/SSD_Rad/GAIRA_BUILD/gaira_base_4_shine_ev_gaira_pilot_v1/tables/shine_mss_top_hits_by_condition_v1.csv,hepatotoxicity_mss_layer,EV,toxicity_drug_response
E0001748,gaira_base_4_shine_ev_gaira_pilot_v1,EV,EV,toxicity_drug_response,,top_mss_hit,mss_topK_frequency,,,up,0.1775,top1_freq,0.1775,lactate,,,MODERATE,,/Volumes/SSD_Rad/GAIRA_BUILD/gaira_base_4_shine_ev_gaira_pilot_v1/tables/shine_mss_top_hits_by_condition_v1.csv,hepatotoxicity_mss_layer,EV,toxicity_drug_response
E0001749,gaira_base_4_shine_ev_gaira_pilot_v1,EV,EV,toxicity_drug_response,,top_mss_hit,mss_topK_frequency,,,up,0.495,top1_freq,0.495,tyrosine,,,STRONG,,/Volumes/SSD_Rad/GAIRA_BUILD/gaira_base_4_shine_ev_gaira_pilot_v1/tables/shine_mss_top_hits_by_condition_v1.csv,hepatotoxicity_mss_layer,EV,toxicity_drug_response
E0001750,gaira_base_4_shine_ev_gaira_pilot_v1,EV,EV,toxicity_drug_response,,top_mss_hit,mss_topK_frequency,,,up,0.43,top1_freq,0.43,xanthine,,,STRONG,,/Volumes/SSD_Rad/GAIRA_BUILD/gaira_base_4_shine_ev_gaira_pilot_v1/tables/shine_mss_top_hits_by_condition_v1.csv,hepatotoxicity_mss_layer,EV,toxicity_drug_response
E0001751,gaira_base_4_shine_ev_gaira_pilot_v1,EV,EV,toxicity_drug_response,,top_mss_hit,mss_topK_frequency,,,up,0.4275,top1_freq,0.4275,uric_acid,,,STRONG,,/Volumes/SSD_Rad/GAIRA_BUILD/gaira_base_4_shine_ev_gaira_pilot_v1/tables/shine_mss_top_hits_by_condition_v1.csv,hepatotoxicity_mss_layer,EV,toxicity_drug_response
E0001752,gaira_base_4_shine_ev_gaira_pilot_v1,EV,EV,toxicity_drug_response,,top_mss_hit,mss_topK_frequency,,,up,0.4,top1_freq,0.4,ergothioneine,,,STRONG,,/Volumes/SSD_Rad/GAIRA_BUILD/gaira_base_4_shine_ev_gaira_pilot_v1/tables/shine_mss_top_hits_by_condition_v1.csv,hepatotoxicity_mss_layer,EV,toxicity_drug_response
E0001753,gaira_base_4_shine_ev_gaira_pilot_v1,EV,EV,toxicity_drug_response,,top_mss_hit,mss_topK_frequency,,,up,0.345,top1_freq,0.345,oleic_acid,,,STRONG,,/Volumes/SSD_Rad/GAIRA_BUILD/gaira_base_4_shine_ev_gaira_pilot_v1/tables/shine_mss_top_hits_by_condition_v1.csv,hepatotoxicity_mss_layer,EV,toxicity_drug_response
E0001754,gaira_base_4_shine_ev_gaira_pilot_v1,EV,EV,toxicity_drug_response,,top_mss_hit,mss_topK_frequency,,,up,0.3175,top1_freq,0.3175,palmitic_acid,,,STRONG,,/Volumes/SSD_Rad/GAIRA_BUILD/gaira_base_4_shine_ev_gaira_pilot_v1/tables/shine_mss_top_hits_by_condition_v1.csv,hepatotoxicity_mss_layer,EV,toxicity_drug_response
E0001755,gaira_base_4_shine_ev_gaira_pilot_v1,EV,EV,toxicity_drug_response,,top_mss_hit,mss_topK_frequency,,,up,0.305,top1_freq,0.305,glutathione,,,STRONG,,/Volumes/SSD_Rad/GAIRA_BUILD/gaira_base_4_shine_ev_gaira_pilot_v1/tables/shine_mss_top_hits_by_condition_v1.csv,hepatotoxicity_mss_layer,EV,toxicity_drug_response
E0001756,gaira_base_4_shine_ev_gaira_pilot_v1,EV,EV,toxicity_drug_response,,top_mss_hit,mss_topK_frequency,,,up,0.3,top1_freq,0.3,lactate,,,STRONG,,/Volumes/SSD_Rad/GAIRA_BUILD/gaira_base_4_shine_ev_gaira_pilot_v1/tables/shine_mss_top_hits_by_condition_v1.csv,hepatotoxicity_mss_layer,EV,toxicity_drug_response
E0001757,gaira_base_4_shine_ev_gaira_pilot_v1,EV,EV,toxicity_drug_response,,top_mss_hit,mss_topK_frequency,,,up,0.1875,top1_freq,0.1875,tyrosine,,,MODERATE,,/Volumes/SSD_Rad/GAIRA_BUILD/gaira_base_4_shine_ev_gaira_pilot_v1/tables/shine_mss_top_hits_by_condition_v1.csv,hepatotoxicity_mss_layer,EV,toxicity_drug_response
E0001758,gaira_base_4_shine_ev_gaira_pilot_v1,EV,EV,toxicity_drug_response,,top_mss_hit,mss_topK_frequency,,,up,0.165,top1_freq,0.165,lactate,,,MODERATE,,/Volumes/SSD_Rad/GAIRA_BUILD/gaira_base_4_shine_ev_gaira_pilot_v1/tables/shine_mss_top_hits_by_condition_v1.csv,hepatotoxicity_mss_layer,EV,toxicity_drug_response
E0001759,gaira_base_4_shine_ev_gaira_pilot_v1,EV,EV,toxicity_drug_response,,top_mss_hit,mss_topK_frequency,,,up,0.1175,top1_freq,0.1175,xanthine,,,WEAK,,/Volumes/SSD_Rad/GAIRA_BUILD/gaira_base_4_shine_ev_gaira_pilot_v1/tables/shine_mss_top_hits_by_condition_v1.csv,hepatotoxicity_mss_layer,EV,toxicity_drug_response
E0001760,gaira_base_4_shine_ev_gaira_pilot_v1,EV,EV,toxicity_drug_response,,top_mss_hit,mss_topK_frequency,,,up,0.0875,top1_freq,0.0875,uric_acid,,,WEAK,,/Volumes/SSD_Rad/GAIRA_BUILD/gaira_base_4_shine_ev_gaira_pilot_v1/tables/shine_mss_top_hits_by_condition_v1.csv,hepatotoxicity_mss_layer,EV,toxicity_drug_response
E0001761,gaira_base_4_shine_ev_gaira_pilot_v1,EV,EV,toxicity_drug_response,,top_mss_hit,mss_topK_frequency,,,up,0.0575,top1_freq,0.0575,glutathione,,,WEAK,,/Volumes/SSD_Rad/GAIRA_BUILD/gaira_base_4_shine_ev_gaira_pilot_v1/tables/shine_mss_top_hits_by_condition_v1.csv,hepatotoxicity_mss_layer,EV,toxicity_drug_response
E0001762,gaira_base_4_shine_ev_gaira_pilot_v1,EV,EV,toxicity_drug_response,,top_mss_hit,mss_topK_frequency,,,up,0.415,top1_freq,0.415,tyrosine,,,STRONG,,/Volumes/SSD_Rad/GAIRA_BUILD/gaira_base_4_shine_ev_gaira_pilot_v1/tables/shine_mss_top_hits_by_condition_v1.csv,hepatotoxicity_mss_layer,EV,toxicity_drug_response
E0001763,gaira_base_4_shine_ev_gaira_pilot_v1,EV,EV,toxicity_drug_response,,top_mss_hit,mss_topK_frequency,,,up,0.3625,top1_freq,0.3625,uric_acid,,,STRONG,,/Volumes/SSD_Rad/GAIRA_BUILD/gaira_base_4_shine_ev_gaira_pilot_v1/tables/shine_mss_top_hits_by_condition_v1.csv,hepatotoxicity_mss_layer,EV,toxicity_drug_response
E0001764,gaira_base_4_shine_ev_gaira_pilot_v1,EV,EV,toxicity_drug_response,,top_mss_hit,mss_topK_frequency,,,up,0.35,top1_freq,0.35,xanthine,,,STRONG,,/Volumes/SSD_Rad/GAIRA_BUILD/gaira_base_4_shine_ev_gaira_pilot_v1/tables/shine_mss_top_hits_by_condition_v1.csv,hepatotoxicity_mss_layer,EV,toxicity_drug_response
E0001765,gaira_base_4_shine_ev_gaira_pilot_v1,EV,EV,toxicity_drug_response,,top_mss_hit,mss_topK_frequency,,,up,0.2775,top1_freq,0.2775,lactate,,,MODERATE,,/Volumes/SSD_Rad/GAIRA_BUILD/gaira_base_4_shine_ev_gaira_pilot_v1/tables/shine_mss_top_hits_by_condition_v1.csv,hepatotoxicity_mss_layer,EV,toxicity_drug_response
E0001766,gaira_base_4_shine_ev_gaira_pilot_v1,EV,EV,toxicity_drug_response,,top_mss_hit,mss_topK_frequency,,,up,0.205,top1_freq,0.205,glutathione,,,MODERATE,,/Volumes/SSD_Rad/GAIRA_BUILD/gaira_base_4_shine_ev_gaira_pilot_v1/tables/shine_mss_top_hits_by_condition_v1.csv,hepatotoxicity_mss_layer,EV,toxicity_drug_response
E0001767,gaira_base_4_shine_ev_gaira_pilot_v1,EV,EV,toxicity_drug_response,,top_mss_hit,mss_topK_frequency,,,up,0.1975,top1_freq,0.1975,ergothioneine,,,MODERATE,,/Volumes/SSD_Rad/GAIRA_BUILD/gaira_base_4_shine_ev_gaira_pilot_v1/tables/shine_mss_top_hits_by_condition_v1.csv,hepatotoxicity_mss_layer,EV,toxicity_drug_response
E0001768,gaira_base_4_shine_ev_gaira_pilot_v1,EV,EV,toxicity_drug_response,,top_mss_hit,mss_topK_frequency,,,up,0.1925,top1_freq,0.1925,glucose,,,MODERATE,,/Volumes/SSD_Rad/GAIRA_BUILD/gaira_base_4_shine_ev_gaira_pilot_v1/tables/shine_mss_top_hits_by_condition_v1.csv,hepatotoxicity_mss_layer,EV,toxicity_drug_response
E0001769,gaira_base_4_shine_ev_gaira_pilot_v1,EV,EV,toxicity_drug_response,,top_mss_hit,mss_topK_frequency,,,up,0.15,top1_freq,0.15,phenylalanine,,,MODERATE,,/Volumes/SSD_Rad/GAIRA_BUILD/gaira_base_4_shine_ev_gaira_pilot_v1/tables/shine_mss_top_hits_by_condition_v1.csv,hepatotoxicity_mss_layer,EV,toxicity_drug_response
E0001770,gaira_base_4_shine_ev_gaira_pilot_v1,EV,EV,toxicity_drug_response,,top_mss_hit,mss_topK_frequency,,,up,0.5925,top1_freq,0.5925,tyrosine,,,STRONG,,/Volumes/SSD_Rad/GAIRA_BUILD/gaira_base_4_shine_ev_gaira_pilot_v1/tables/shine_mss_top_hits_by_condition_v1.csv,hepatotoxicity_mss_layer,EV,toxicity_drug_response
E0001771,gaira_base_4_shine_ev_gaira_pilot_v1,EV,EV,toxicity_drug_response,,top_mss_hit,mss_topK_frequency,,,up,0.51,top1_freq,0.51,xanthine,,,STRONG,,/Volumes/SSD_Rad/GAIRA_BUILD/gaira_base_4_shine_ev_gaira_pilot_v1/tables/shine_mss_top_hits_by_condition_v1.csv,hepatotoxicity_mss_layer,EV,toxicity_drug_response
E0001772,gaira_base_4_shine_ev_gaira_pilot_v1,EV,EV,toxicity_drug_response,,top_mss_hit,mss_topK_frequency,,,up,0.5025,top1_freq,0.5025,uric_acid,,,STRONG,,/Volumes/SSD_Rad/GAIRA_BUILD/gaira_base_4_shine_ev_gaira_pilot_v1/tables/shine_mss_top_hits_by_condition_v1.csv,hepatotoxicity_mss_layer,EV,toxicity_drug_response
E0001773,gaira_base_4_shine_ev_gaira_pilot_v1,EV,EV,toxicity_drug_response,,top_mss_hit,mss_topK_frequency,,,up,0.4325,top1_freq,0.4325,lactate,,,STRONG,,/Volumes/SSD_Rad/GAIRA_BUILD/gaira_base_4_shine_ev_gaira_pilot_v1/tables/shine_mss_top_hits_by_condition_v1.csv,hepatotoxicity_mss_layer,EV,toxicity_drug_response
E0001774,gaira_base_4_shine_ev_gaira_pilot_v1,EV,EV,toxicity_drug_response,,top_mss_hit,mss_topK_frequency,,,up,0.335,top1_freq,0.335,ergothioneine,,,STRONG,,/Volumes/SSD_Rad/GAIRA_BUILD/gaira_base_4_shine_ev_gaira_pilot_v1/tables/shine_mss_top_hits_by_condition_v1.csv,hepatotoxicity_mss_layer,EV,toxicity_drug_response
E0001775,gaira_base_4_shine_ev_gaira_pilot_v1,EV,EV,toxicity_drug_response,,top_mss_hit,mss_topK_frequency,,,up,0.3225,top1_freq,0.3225,glutathione,,,STRONG,,/Volumes/SSD_Rad/GAIRA_BUILD/gaira_base_4_shine_ev_gaira_pilot_v1/tables/shine_mss_top_hits_by_condition_v1.csv,hepatotoxicity_mss_layer,EV,toxicity_drug_response
E0001776,gaira_base_4_shine_ev_gaira_pilot_v1,EV,EV,toxicity_drug_response,,top_mss_hit,mss_topK_frequency,,,up,0.305,top1_freq,0.305,glucose,,,STRONG,,/Volumes/SSD_Rad/GAIRA_BUILD/gaira_base_4_shine_ev_gaira_pilot_v1/tables/shine_mss_top_hits_by_condition_v1.csv,hepatotoxicity_mss_layer,EV,toxicity_drug_response
E0001777,gaira_base_4_shine_ev_gaira_pilot_v1,EV,EV,toxicity_drug_response,,top_mss_hit,mss_topK_frequency,,,up,0.26,top1_freq,0.26,cystine,,,MODERATE,,/Volumes/SSD_Rad/GAIRA_BUILD/gaira_base_4_shine_ev_gaira_pilot_v1/tables/shine_mss_top_hits_by_condition_v1.csv,hepatotoxicity_mss_layer,EV,toxicity_drug_response
E0001778,gaira_base_4_shine_ev_gaira_pilot_v1,EV,EV,toxicity_drug_response,,top_mss_hit,mss_topK_frequency,,,up,0.255,top1_freq,0.255,lactate,,,MODERATE,,/Volumes/SSD_Rad/GAIRA_BUILD/gaira_base_4_shine_ev_gaira_pilot_v1/tables/shine_mss_top_hits_by_condition_v1.csv,hepatotoxicity_mss_layer,EV,toxicity_drug_response
E0001779,gaira_base_4_shine_ev_gaira_pilot_v1,EV,EV,toxicity_drug_response,,top_mss_hit,mss_topK_frequency,,,up,0.1575,top1_freq,0.1575,tyrosine,,,MODERATE,,/Volumes/SSD_Rad/GAIRA_BUILD/gaira_base_4_shine_ev_gaira_pilot_v1/tables/shine_mss_top_hits_by_condition_v1.csv,hepatotoxicity_mss_layer,EV,toxicity_drug_response
E0001780,gaira_base_4_shine_ev_gaira_pilot_v1,EV,EV,toxicity_drug_response,,top_mss_hit,mss_topK_frequency,,,up,0.1175,top1_freq,0.1175,uric_acid,,,WEAK,,/Volumes/SSD_Rad/GAIRA_BUILD/gaira_base_4_shine_ev_gaira_pilot_v1/tables/shine_mss_top_hits_by_condition_v1.csv,hepatotoxicity_mss_layer,EV,toxicity_drug_response
E0001781,gaira_base_4_shine_ev_gaira_pilot_v1,EV,EV,toxicity_drug_response,,top_mss_hit,mss_topK_frequency,,,up,0.0875,top1_freq,0.0875,xanthine,,,WEAK,,/Volumes/SSD_Rad/GAIRA_BUILD/gaira_base_4_shine_ev_gaira_pilot_v1/tables/shine_mss_top_hits_by_condition_v1.csv,hepatotoxicity_mss_layer,EV,toxicity_drug_response
E0001782,gaira_base_4_shine_ev_gaira_pilot_v1,EV,EV,toxicity_drug_response,,top_mss_hit,mss_topK_frequency,,,up,0.08,top1_freq,0.08,oleic_acid,,,WEAK,,/Volumes/SSD_Rad/GAIRA_BUILD/gaira_base_4_shine_ev_gaira_pilot_v1/tables/shine_mss_top_hits_by_condition_v1.csv,hepatotoxicity_mss_layer,EV,toxicity_drug_response
E0001783,gaira_base_4_shine_ev_gaira_pilot_v1,EV,EV,toxicity_drug_response,,top_mss_hit,mss_topK_frequency,,,up,0.0575,top1_freq,0.0575,cysteine,,,WEAK,,/Volumes/SSD_Rad/GAIRA_BUILD/gaira_base_4_shine_ev_gaira_pilot_v1/tables/shine_mss_top_hits_by_condition_v1.csv,hepatotoxicity_mss_layer,EV,toxicity_drug_response
E0001784,gaira_base_4_shine_ev_gaira_pilot_v1,EV,EV,toxicity_drug_response,,top_mss_hit,mss_topK_frequency,,,up,0.0575,top1_freq,0.0575,ergothioneine,,,WEAK,,/Volumes/SSD_Rad/GAIRA_BUILD/gaira_base_4_shine_ev_gaira_pilot_v1/tables/shine_mss_top_hits_by_condition_v1.csv,hepatotoxicity_mss_layer,EV,toxicity_drug_response
E0001785,gaira_base_4_shine_ev_gaira_pilot_v1,EV,EV,toxicity_drug_response,,top_mss_hit,mss_topK_frequency,,,up,0.4,top1_freq,0.4,tyrosine,,,STRONG,,/Volumes/SSD_Rad/GAIRA_BUILD/gaira_base_4_shine_ev_gaira_pilot_v1/tables/shine_mss_top_hits_by_condition_v1.csv,hepatotoxicity_mss_layer,EV,toxicity_drug_response
E0001786,gaira_base_4_shine_ev_gaira_pilot_v1,EV,EV,toxicity_drug_response,,top_mss_hit,mss_topK_frequency,,,up,0.38,top1_freq,0.38,lactate,,,STRONG,,/Volumes/SSD_Rad/GAIRA_BUILD/gaira_base_4_shine_ev_gaira_pilot_v1/tables/shine_mss_top_hits_by_condition_v1.csv,hepatotoxicity_mss_layer,EV,toxicity_drug_response
E0001787,gaira_base_4_shine_ev_gaira_pilot_v1,EV,EV,toxicity_drug_response,,top_mss_hit,mss_topK_frequency,,,up,0.3375,top1_freq,0.3375,uric_acid,,,STRONG,,/Volumes/SSD_Rad/GAIRA_BUILD/gaira_base_4_shine_ev_gaira_pilot_v1/tables/shine_mss_top_hits_by_condition_v1.csv,hepatotoxicity_mss_layer,EV,toxicity_drug_response
E0001788,gaira_base_4_shine_ev_gaira_pilot_v1,EV,EV,toxicity_drug_response,,top_mss_hit,mss_topK_frequency,,,up,0.285,top1_freq,0.285,xanthine,,,MODERATE,,/Volumes/SSD_Rad/GAIRA_BUILD/gaira_base_4_shine_ev_gaira_pilot_v1/tables/shine_mss_top_hits_by_condition_v1.csv,hepatotoxicity_mss_layer,EV,toxicity_drug_response
E0001789,gaira_base_4_shine_ev_gaira_pilot_v1,EV,EV,toxicity_drug_response,,top_mss_hit,mss_topK_frequency,,,up,0.2725,top1_freq,0.2725,ergothioneine,,,MODERATE,,/Volumes/SSD_Rad/GAIRA_BUILD/gaira_base_4_shine_ev_gaira_pilot_v1/tables/shine_mss_top_hits_by_condition_v1.csv,hepatotoxicity_mss_layer,EV,toxicity_drug_response
E0001790,gaira_base_4_shine_ev_gaira_pilot_v1,EV,EV,toxicity_drug_response,,top_mss_hit,mss_topK_frequency,,,up,0.22,top1_freq,0.22,cysteine,,,MODERATE,,/Volumes/SSD_Rad/GAIRA_BUILD/gaira_base_4_shine_ev_gaira_pilot_v1/tables/shine_mss_top_hits_by_condition_v1.csv,hepatotoxicity_mss_layer,EV,toxicity_drug_response
E0001791,gaira_base_4_shine_ev_gaira_pilot_v1,EV,EV,toxicity_drug_response,,top_mss_hit,mss_topK_frequency,,,up,0.1625,top1_freq,0.1625,oleic_acid,,,MODERATE,,/Volumes/SSD_Rad/GAIRA_BUILD/gaira_base_4_shine_ev_gaira_pilot_v1/tables/shine_mss_top_hits_by_condition_v1.csv,hepatotoxicity_mss_layer,EV,toxicity_drug_response
E0001792,gaira_base_4_shine_ev_gaira_pilot_v1,EV,EV,toxicity_drug_response,,top_mss_hit,mss_topK_frequency,,,up,0.155,top1_freq,0.155,cystine,,,MODERATE,,/Volumes/SSD_Rad/GAIRA_BUILD/gaira_base_4_shine_ev_gaira_pilot_v1/tables/shine_mss_top_hits_by_condition_v1.csv,hepatotoxicity_mss_layer,EV,toxicity_drug_response
E0001793,gaira_base_4_shine_ev_gaira_pilot_v1,EV,EV,toxicity_drug_response,,top_mss_hit,mss_topK_frequency,,,up,0.5775,top1_freq,0.5775,tyrosine,,,STRONG,,/Volumes/SSD_Rad/GAIRA_BUILD/gaira_base_4_shine_ev_gaira_pilot_v1/tables/shine_mss_top_hits_by_condition_v1.csv,hepatotoxicity_mss_layer,EV,toxicity_drug_response
E0001794,gaira_base_4_shine_ev_gaira_pilot_v1,EV,EV,toxicity_drug_response,,top_mss_hit,mss_topK_frequency,,,up,0.5175,top1_freq,0.5175,uric_acid,,,STRONG,,/Volumes/SSD_Rad/GAIRA_BUILD/gaira_base_4_shine_ev_gaira_pilot_v1/tables/shine_mss_top_hits_by_condition_v1.csv,hepatotoxicity_mss_layer,EV,toxicity_drug_response
E0001795,gaira_base_4_shine_ev_gaira_pilot_v1,EV,EV,toxicity_drug_response,,top_mss_hit,mss_topK_frequency,,,up,0.47,top1_freq,0.47,lactate,,,STRONG,,/Volumes/SSD_Rad/GAIRA_BUILD/gaira_base_4_shine_ev_gaira_pilot_v1/tables/shine_mss_top_hits_by_condition_v1.csv,hepatotoxicity_mss_layer,EV,toxicity_drug_response
E0001796,gaira_base_4_shine_ev_gaira_pilot_v1,EV,EV,toxicity_drug_response,,top_mss_hit,mss_topK_frequency,,,up,0.44,top1_freq,0.44,ergothioneine,,,STRONG,,/Volumes/SSD_Rad/GAIRA_BUILD/gaira_base_4_shine_ev_gaira_pilot_v1/tables/shine_mss_top_hits_by_condition_v1.csv,hepatotoxicity_mss_layer,EV,toxicity_drug_response
E0001797,gaira_base_4_shine_ev_gaira_pilot_v1,EV,EV,toxicity_drug_response,,top_mss_hit,mss_topK_frequency,,,up,0.43,top1_freq,0.43,xanthine,,,STRONG,,/Volumes/SSD_Rad/GAIRA_BUILD/gaira_base_4_shine_ev_gaira_pilot_v1/tables/shine_mss_top_hits_by_condition_v1.csv,hepatotoxicity_mss_layer,EV,toxicity_drug_response
E0001798,gaira_base_4_shine_ev_gaira_pilot_v1,EV,EV,toxicity_drug_response,,top_mss_hit,mss_topK_frequency,,,up,0.2975,top1_freq,0.2975,cystine,,,MODERATE,,/Volumes/SSD_Rad/GAIRA_BUILD/gaira_base_4_shine_ev_gaira_pilot_v1/tables/shine_mss_top_hits_by_condition_v1.csv,hepatotoxicity_mss_layer,EV,toxicity_drug_response
E0001799,gaira_base_4_shine_ev_gaira_pilot_v1,EV,EV,toxicity_drug_response,,top_mss_hit,mss_topK_frequency,,,up,0.2975,top1_freq,0.2975,oleic_acid,,,MODERATE,,/Volumes/SSD_Rad/GAIRA_BUILD/gaira_base_4_shine_ev_gaira_pilot_v1/tables/shine_mss_top_hits_by_condition_v1.csv,hepatotoxicity_mss_layer,EV,toxicity_drug_response
E0001800,gaira_base_4_shine_ev_gaira_pilot_v1,EV,EV,toxicity_drug_response,,top_mss_hit,mss_topK_frequency,,,up,0.28,top1_freq,0.28,cysteine,,,MODERATE,,/Volumes/SSD_Rad/GAIRA_BUILD/gaira_base_4_shine_ev_gaira_pilot_v1/tables/shine_mss_top_hits_by_condition_v1.csv,hepatotoxicity_mss_layer,EV,toxicity_drug_response
E0001801,gaira_base_4_shine_ev_gaira_pilot_v1,EV,EV,toxicity_drug_response,,top_mss_hit,mss_topK_frequency,,,up,0.2,top1_freq,0.2,oleic_acid,,,MODERATE,,/Volumes/SSD_Rad/GAIRA_BUILD/gaira_base_4_shine_ev_gaira_pilot_v1/tables/shine_mss_top_hits_by_condition_v1.csv,hepatotoxicity_mss_layer,EV,toxicity_drug_response
E0001802,gaira_base_4_shine_ev_gaira_pilot_v1,EV,EV,toxicity_drug_response,,top_mss_hit,mss_topK_frequency,,,up,0.145,top1_freq,0.145,lactate,,,WEAK,,/Volumes/SSD_Rad/GAIRA_BUILD/gaira_base_4_shine_ev_gaira_pilot_v1/tables/shine_mss_top_hits_by_condition_v1.csv,hepatotoxicity_mss_layer,EV,toxicity_drug_response
E0001803,gaira_base_4_shine_ev_gaira_pilot_v1,EV,EV,toxicity_drug_response,,top_mss_hit,mss_topK_frequency,,,up,0.11,top1_freq,0.11,tyrosine,,,WEAK,,/Volumes/SSD_Rad/GAIRA_BUILD/gaira_base_4_shine_ev_gaira_pilot_v1/tables/shine_mss_top_hits_by_condition_v1.csv,hepatotoxicity_mss_layer,EV,toxicity_drug_response
E0001804,gaira_base_4_shine_ev_gaira_pilot_v1,EV,EV,toxicity_drug_response,,top_mss_hit,mss_topK_frequency,,,up,0.0875,top1_freq,0.0875,uric_acid,,,WEAK,,/Volumes/SSD_Rad/GAIRA_BUILD/gaira_base_4_shine_ev_gaira_pilot_v1/tables/shine_mss_top_hits_by_condition_v1.csv,hepatotoxicity_mss_layer,EV,toxicity_drug_response
E0001805,gaira_base_4_shine_ev_gaira_pilot_v1,EV,EV,toxicity_drug_response,,top_mss_hit,mss_topK_frequency,,,up,0.08,top1_freq,0.08,ergothioneine,,,WEAK,,/Volumes/SSD_Rad/GAIRA_BUILD/gaira_base_4_shine_ev_gaira_pilot_v1/tables/shine_mss_top_hits_by_condition_v1.csv,hepatotoxicity_mss_layer,EV,toxicity_drug_response
E0001806,gaira_base_4_shine_ev_gaira_pilot_v1,EV,EV,toxicity_drug_response,,top_mss_hit,mss_topK_frequency,,,up,0.065,top1_freq,0.065,xanthine,,,WEAK,,/Volumes/SSD_Rad/GAIRA_BUILD/gaira_base_4_shine_ev_gaira_pilot_v1/tables/shine_mss_top_hits_by_condition_v1.csv,hepatotoxicity_mss_layer,EV,toxicity_drug_response
E0001807,gaira_base_4_shine_ev_gaira_pilot_v1,EV,EV,toxicity_drug_response,,top_mss_hit,mss_topK_frequency,,,up,0.0575,top1_freq,0.0575,glutathione,,,WEAK,,/Volumes/SSD_Rad/GAIRA_BUILD/gaira_base_4_shine_ev_gaira_pilot_v1/tables/shine_mss_top_hits_by_condition_v1.csv,hepatotoxicity_mss_layer,EV,toxicity_drug_response
E0001808,gaira_base_4_shine_ev_gaira_pilot_v1,EV,EV,toxicity_drug_response,,top_mss_hit,mss_topK_frequency,,,up,0.3375,top1_freq,0.3375,oleic_acid,,,STRONG,,/Volumes/SSD_Rad/GAIRA_BUILD/gaira_base_4_shine_ev_gaira_pilot_v1/tables/shine_mss_top_hits_by_condition_v1.csv,hepatotoxicity_mss_layer,EV,toxicity_drug_response
E0001809,gaira_base_4_shine_ev_gaira_pilot_v1,EV,EV,toxicity_drug_response,,top_mss_hit,mss_topK_frequency,,,up,0.3325,top1_freq,0.3325,uric_acid,,,STRONG,,/Volumes/SSD_Rad/GAIRA_BUILD/gaira_base_4_shine_ev_gaira_pilot_v1/tables/shine_mss_top_hits_by_condition_v1.csv,hepatotoxicity_mss_layer,EV,toxicity_drug_response
E0001810,gaira_base_4_shine_ev_gaira_pilot_v1,EV,EV,toxicity_drug_response,,top_mss_hit,mss_topK_frequency,,,up,0.3025,top1_freq,0.3025,tyrosine,,,STRONG,,/Volumes/SSD_Rad/GAIRA_BUILD/gaira_base_4_shine_ev_gaira_pilot_v1/tables/shine_mss_top_hits_by_condition_v1.csv,hepatotoxicity_mss_layer,EV,toxicity_drug_response
E0001811,gaira_base_4_shine_ev_gaira_pilot_v1,EV,EV,toxicity_drug_response,,top_mss_hit,mss_topK_frequency,,,up,0.2875,top1_freq,0.2875,xanthine,,,MODERATE,,/Volumes/SSD_Rad/GAIRA_BUILD/gaira_base_4_shine_ev_gaira_pilot_v1/tables/shine_mss_top_hits_by_condition_v1.csv,hepatotoxicity_mss_layer,EV,toxicity_drug_response
E0001812,gaira_base_4_shine_ev_gaira_pilot_v1,EV,EV,toxicity_drug_response,,top_mss_hit,mss_topK_frequency,,,up,0.255,top1_freq,0.255,ergothioneine,,,MODERATE,,/Volumes/SSD_Rad/GAIRA_BUILD/gaira_base_4_shine_ev_gaira_pilot_v1/tables/shine_mss_top_hits_by_condition_v1.csv,hepatotoxicity_mss_layer,EV,toxicity_drug_response
E0001813,gaira_base_4_shine_ev_gaira_pilot_v1,EV,EV,toxicity_drug_response,,top_mss_hit,mss_topK_frequency,,,up,0.24,top1_freq,0.24,lactate,,,MODERATE,,/Volumes/SSD_Rad/GAIRA_BUILD/gaira_base_4_shine_ev_gaira_pilot_v1/tables/shine_mss_top_hits_by_condition_v1.csv,hepatotoxicity_mss_layer,EV,toxicity_drug_response
E0001814,gaira_base_4_shine_ev_gaira_pilot_v1,EV,EV,toxicity_drug_response,,top_mss_hit,mss_topK_frequency,,,up,0.21,top1_freq,0.21,cysteine,,,MODERATE,,/Volumes/SSD_Rad/GAIRA_BUILD/gaira_base_4_shine_ev_gaira_pilot_v1/tables/shine_mss_top_hits_by_condition_v1.csv,hepatotoxicity_mss_layer,EV,toxicity_drug_response
E0001815,gaira_base_4_shine_ev_gaira_pilot_v1,EV,EV,toxicity_drug_response,,top_mss_hit,mss_topK_frequency,,,up,0.195,top1_freq,0.195,glutathione,,,MODERATE,,/Volumes/SSD_Rad/GAIRA_BUILD/gaira_base_4_shine_ev_gaira_pilot_v1/tables/shine_mss_top_hits_by_condition_v1.csv,hepatotoxicity_mss_layer,EV,toxicity_drug_response
E0001816,gaira_base_4_shine_ev_gaira_pilot_v1,EV,EV,toxicity_drug_response,,top_mss_hit,mss_topK_frequency,,,up,0.4875,top1_freq,0.4875,uric_acid,,,STRONG,,/Volumes/SSD_Rad/GAIRA_BUILD/gaira_base_4_shine_ev_gaira_pilot_v1/tables/shine_mss_top_hits_by_condition_v1.csv,hepatotoxicity_mss_layer,EV,toxicity_drug_response
E0001817,gaira_base_4_shine_ev_gaira_pilot_v1,EV,EV,toxicity_drug_response,,top_mss_hit,mss_topK_frequency,,,up,0.4475,top1_freq,0.4475,xanthine,,,STRONG,,/Volumes/SSD_Rad/GAIRA_BUILD/gaira_base_4_shine_ev_gaira_pilot_v1/tables/shine_mss_top_hits_by_condition_v1.csv,hepatotoxicity_mss_layer,EV,toxicity_drug_response
E0001818,gaira_base_4_shine_ev_gaira_pilot_v1,EV,EV,toxicity_drug_response,,top_mss_hit,mss_topK_frequency,,,up,0.44,top1_freq,0.44,tyrosine,,,STRONG,,/Volumes/SSD_Rad/GAIRA_BUILD/gaira_base_4_shine_ev_gaira_pilot_v1/tables/shine_mss_top_hits_by_condition_v1.csv,hepatotoxicity_mss_layer,EV,toxicity_drug_response
E0001819,gaira_base_4_shine_ev_gaira_pilot_v1,EV,EV,toxicity_drug_response,,top_mss_hit,mss_topK_frequency,,,up,0.435,top1_freq,0.435,oleic_acid,,,STRONG,,/Volumes/SSD_Rad/GAIRA_BUILD/gaira_base_4_shine_ev_gaira_pilot_v1/tables/shine_mss_top_hits_by_condition_v1.csv,hepatotoxicity_mss_layer,EV,toxicity_drug_response
E0001820,gaira_base_4_shine_ev_gaira_pilot_v1,EV,EV,toxicity_drug_response,,top_mss_hit,mss_topK_frequency,,,up,0.395,top1_freq,0.395,ergothioneine,,,STRONG,,/Volumes/SSD_Rad/GAIRA_BUILD/gaira_base_4_shine_ev_gaira_pilot_v1/tables/shine_mss_top_hits_by_condition_v1.csv,hepatotoxicity_mss_layer,EV,toxicity_drug_response
E0001821,gaira_base_4_shine_ev_gaira_pilot_v1,EV,EV,toxicity_drug_response,,top_mss_hit,mss_topK_frequency,,,up,0.36,top1_freq,0.36,lactate,,,STRONG,,/Volumes/SSD_Rad/GAIRA_BUILD/gaira_base_4_shine_ev_gaira_pilot_v1/tables/shine_mss_top_hits_by_condition_v1.csv,hepatotoxicity_mss_layer,EV,toxicity_drug_response
E0001822,gaira_base_4_shine_ev_gaira_pilot_v1,EV,EV,toxicity_drug_response,,top_mss_hit,mss_topK_frequency,,,up,0.3475,top1_freq,0.3475,cysteine,,,STRONG,,/Volumes/SSD_Rad/GAIRA_BUILD/gaira_base_4_shine_ev_gaira_pilot_v1/tables/shine_mss_top_hits_by_condition_v1.csv,hepatotoxicity_mss_layer,EV,toxicity_drug_response
E0001823,gaira_base_4_shine_ev_gaira_pilot_v1,EV,EV,toxicity_drug_response,,top_mss_hit,mss_topK_frequency,,,up,0.28,top1_freq,0.28,stearic_acid,,,MODERATE,,/Volumes/SSD_Rad/GAIRA_BUILD/gaira_base_4_shine_ev_gaira_pilot_v1/tables/shine_mss_top_hits_by_condition_v1.csv,hepatotoxicity_mss_layer,EV,toxicity_drug_response
E0001824,gaira_base_4_diabetes_ev_pilot_v1,EV,EV,diabetes_metabolic,OWD,NWD,binary_effect,G05,glycan_carbohydrate,down,-0.5565177521138066,cohens_d,-0.5565177521138066,,,,STRONG,,/Volumes/SSD_Rad/GAIRA_BUILD/gaira_base_4_diabetes_ev_pilot_v1/tables/binary_owd_vs_nwd_effects.csv,OWD,EV,diabetes_metabolic
E0001825,gaira_base_4_diabetes_ev_pilot_v1,EV,EV,diabetes_metabolic,OWD,NWD,binary_effect,G01,purine_nucleotide,up,0.5162775946687906,cohens_d,0.5162775946687906,,,,STRONG,,/Volumes/SSD_Rad/GAIRA_BUILD/gaira_base_4_diabetes_ev_pilot_v1/tables/binary_owd_vs_nwd_effects.csv,OWD,EV,diabetes_metabolic
E0001826,gaira_base_4_diabetes_ev_pilot_v1,EV,EV,diabetes_metabolic,OWD,NWD,binary_effect,G08,lipid_acyl_membrane,up,0.3393320893120327,cohens_d,0.3393320893120327,,,,STRONG,,/Volumes/SSD_Rad/GAIRA_BUILD/gaira_base_4_diabetes_ev_pilot_v1/tables/binary_owd_vs_nwd_effects.csv,OWD,EV,diabetes_metabolic
E0001827,gaira_base_4_diabetes_ev_pilot_v1,EV,EV,diabetes_metabolic,OWD,NWD,binary_effect,G09,sterol_neutral_lipid,stable,-0.1981145476761286,cohens_d,-0.1981145476761286,,,,STRONG,,/Volumes/SSD_Rad/GAIRA_BUILD/gaira_base_4_diabetes_ev_pilot_v1/tables/binary_owd_vs_nwd_effects.csv,OWD,EV,diabetes_metabolic
E0001828,gaira_base_4_diabetes_ev_pilot_v1,EV,EV,diabetes_metabolic,OWD,NWD,binary_effect,G03,pyrimidine_nucleotide,stable,0.1322662271197057,cohens_d,0.1322662271197057,,,,STRONG,,/Volumes/SSD_Rad/GAIRA_BUILD/gaira_base_4_diabetes_ev_pilot_v1/tables/binary_owd_vs_nwd_effects.csv,OWD,EV,diabetes_metabolic
E0001829,gaira_base_4_diabetes_ev_pilot_v1,EV,EV,diabetes_metabolic,OWD,NWD,binary_effect,G04,nucleic_acid_phosphate,stable,0.1322662271197057,cohens_d,0.1322662271197057,,,,STRONG,,/Volumes/SSD_Rad/GAIRA_BUILD/gaira_base_4_diabetes_ev_pilot_v1/tables/binary_owd_vs_nwd_effects.csv,OWD,EV,diabetes_metabolic
E0001830,gaira_base_4_diabetes_ev_pilot_v1,EV,EV,diabetes_metabolic,OWD,NWD,binary_effect,G06,protein_peptide_backbone,stable,0.1322662271197057,cohens_d,0.1322662271197057,,,,STRONG,,/Volumes/SSD_Rad/GAIRA_BUILD/gaira_base_4_diabetes_ev_pilot_v1/tables/binary_owd_vs_nwd_effects.csv,OWD,EV,diabetes_metabolic
E0001831,gaira_base_4_diabetes_ev_pilot_v1,EV,EV,diabetes_metabolic,OWD,NWD,binary_effect,G02,purine_metabolite,stable,0.0948747911797614,cohens_d,0.0948747911797614,,,,STRONG,,/Volumes/SSD_Rad/GAIRA_BUILD/gaira_base_4_diabetes_ev_pilot_v1/tables/binary_owd_vs_nwd_effects.csv,OWD,EV,diabetes_metabolic
E0001832,gaira_base_4_diabetes_ev_pilot_v1,EV,EV,diabetes_metabolic,OWD,NWD,binary_effect,G11,metabolic_small_molecule,stable,-0.0765576093157127,cohens_d,-0.0765576093157127,,,,STRONG,,/Volumes/SSD_Rad/GAIRA_BUILD/gaira_base_4_diabetes_ev_pilot_v1/tables/binary_owd_vs_nwd_effects.csv,OWD,EV,diabetes_metabolic
E0001833,gaira_base_4_diabetes_ev_pilot_v1,EV,EV,diabetes_metabolic,OWD,NWD,binary_effect,G10,sulfur_thiol_redox,stable,-0.0599856770927192,cohens_d,-0.0599856770927192,,,,STRONG,,/Volumes/SSD_Rad/GAIRA_BUILD/gaira_base_4_diabetes_ev_pilot_v1/tables/binary_owd_vs_nwd_effects.csv,OWD,EV,diabetes_metabolic
E0001834,gaira_base_4_diabetes_ev_pilot_v1,EV,EV,diabetes_metabolic,OWD,NWD,binary_effect,G07,aromatic_residue,stable,-0.0375533181925476,cohens_d,-0.0375533181925476,,,,WEAK,,/Volumes/SSD_Rad/GAIRA_BUILD/gaira_base_4_diabetes_ev_pilot_v1/tables/binary_owd_vs_nwd_effects.csv,OWD,EV,diabetes_metabolic
E0001835,gaira_base_4_diabetes_ev_pilot_v1,EV,EV,diabetes_metabolic,logreg,top_feature,classifier_importance,,,up,3.4622125058297764,abs_coef,3.4622125058297764,,,,MODERATE,,/Volumes/SSD_Rad/GAIRA_BUILD/gaira_base_4_diabetes_ev_pilot_v1/tables/classifier_feature_importance.csv,diabetes_classifier,EV,diabetes_metabolic
E0001836,gaira_base_4_diabetes_ev_pilot_v1,EV,EV,diabetes_metabolic,logreg,top_feature,classifier_importance,,,up,2.0946779353628022,abs_coef,2.0946779353628022,,,,MODERATE,,/Volumes/SSD_Rad/GAIRA_BUILD/gaira_base_4_diabetes_ev_pilot_v1/tables/classifier_feature_importance.csv,diabetes_classifier,EV,diabetes_metabolic
E0001837,gaira_base_4_diabetes_ev_pilot_v1,EV,EV,diabetes_metabolic,logreg,top_feature,classifier_importance,,,up,1.2433676137820278,abs_coef,1.2433676137820278,,,,MODERATE,,/Volumes/SSD_Rad/GAIRA_BUILD/gaira_base_4_diabetes_ev_pilot_v1/tables/classifier_feature_importance.csv,diabetes_classifier,EV,diabetes_metabolic
E0001838,gaira_base_4_diabetes_ev_pilot_v1,EV,EV,diabetes_metabolic,logreg,top_feature,classifier_importance,,,up,1.0707109205187335,abs_coef,1.0707109205187335,,,,MODERATE,,/Volumes/SSD_Rad/GAIRA_BUILD/gaira_base_4_diabetes_ev_pilot_v1/tables/classifier_feature_importance.csv,diabetes_classifier,EV,diabetes_metabolic
E0001839,gaira_base_4_diabetes_ev_pilot_v1,EV,EV,diabetes_metabolic,logreg,top_feature,classifier_importance,,,up,1.0420535095703485,abs_coef,1.0420535095703485,,,,MODERATE,,/Volumes/SSD_Rad/GAIRA_BUILD/gaira_base_4_diabetes_ev_pilot_v1/tables/classifier_feature_importance.csv,diabetes_classifier,EV,diabetes_metabolic
E0001840,gaira_base_4_diabetes_ev_pilot_v1,EV,EV,diabetes_metabolic,logreg,top_feature,classifier_importance,,,up,0.9026542161525232,abs_coef,0.9026542161525232,,,,MODERATE,,/Volumes/SSD_Rad/GAIRA_BUILD/gaira_base_4_diabetes_ev_pilot_v1/tables/classifier_feature_importance.csv,diabetes_classifier,EV,diabetes_metabolic
E0001841,gaira_base_4_diabetes_ev_pilot_v1,EV,EV,diabetes_metabolic,logreg,top_feature,classifier_importance,,,up,0.7370999349141181,abs_coef,0.7370999349141181,,,,MODERATE,,/Volumes/SSD_Rad/GAIRA_BUILD/gaira_base_4_diabetes_ev_pilot_v1/tables/classifier_feature_importance.csv,diabetes_classifier,EV,diabetes_metabolic
E0001842,gaira_base_4_diabetes_ev_pilot_v1,EV,EV,diabetes_metabolic,logreg,top_feature,classifier_importance,,,up,0.7263981565940323,abs_coef,0.7263981565940323,,,,MODERATE,,/Volumes/SSD_Rad/GAIRA_BUILD/gaira_base_4_diabetes_ev_pilot_v1/tables/classifier_feature_importance.csv,diabetes_classifier,EV,diabetes_metabolic
E0001843,gaira_base_4_diabetes_ev_pilot_v1,EV,EV,diabetes_metabolic,logreg,top_feature,classifier_importance,,,up,0.6998429344017731,abs_coef,0.6998429344017731,,,,MODERATE,,/Volumes/SSD_Rad/GAIRA_BUILD/gaira_base_4_diabetes_ev_pilot_v1/tables/classifier_feature_importance.csv,diabetes_classifier,EV,diabetes_metabolic
E0001844,gaira_base_4_diabetes_ev_pilot_v1,EV,EV,diabetes_metabolic,logreg,top_feature,classifier_importance,,,up,0.5350407867192895,abs_coef,0.5350407867192895,,,,MODERATE,,/Volumes/SSD_Rad/GAIRA_BUILD/gaira_base_4_diabetes_ev_pilot_v1/tables/classifier_feature_importance.csv,diabetes_classifier,EV,diabetes_metabolic
E0001845,gaira_base_4_diabetes_ev_pilot_v1,EV,EV,diabetes_metabolic,logreg,top_feature,classifier_importance,,,up,0.4511343127257665,abs_coef,0.4511343127257665,,,,MODERATE,,/Volumes/SSD_Rad/GAIRA_BUILD/gaira_base_4_diabetes_ev_pilot_v1/tables/classifier_feature_importance.csv,diabetes_classifier,EV,diabetes_metabolic
E0001846,gaira_base_4_diabetes_ev_pilot_v1,EV,EV,diabetes_metabolic,logreg,top_feature,classifier_importance,,,up,0.4484025763123364,abs_coef,0.4484025763123364,,,,MODERATE,,/Volumes/SSD_Rad/GAIRA_BUILD/gaira_base_4_diabetes_ev_pilot_v1/tables/classifier_feature_importance.csv,diabetes_classifier,EV,diabetes_metabolic
E0001847,gaira_base_4_diabetes_ev_pilot_v1,EV,EV,diabetes_metabolic,logreg,top_feature,classifier_importance,,,up,0.4387290871813828,abs_coef,0.4387290871813828,,,,MODERATE,,/Volumes/SSD_Rad/GAIRA_BUILD/gaira_base_4_diabetes_ev_pilot_v1/tables/classifier_feature_importance.csv,diabetes_classifier,EV,diabetes_metabolic
E0001848,gaira_base_4_diabetes_ev_pilot_v1,EV,EV,diabetes_metabolic,logreg,top_feature,classifier_importance,,,up,0.4290767367467357,abs_coef,0.4290767367467357,,,,MODERATE,,/Volumes/SSD_Rad/GAIRA_BUILD/gaira_base_4_diabetes_ev_pilot_v1/tables/classifier_feature_importance.csv,diabetes_classifier,EV,diabetes_metabolic
E0001849,gaira_base_4_diabetes_ev_pilot_v1,EV,EV,diabetes_metabolic,logreg,top_feature,classifier_importance,,,up,0.4202364853368258,abs_coef,0.4202364853368258,,,,MODERATE,,/Volumes/SSD_Rad/GAIRA_BUILD/gaira_base_4_diabetes_ev_pilot_v1/tables/classifier_feature_importance.csv,diabetes_classifier,EV,diabetes_metabolic
E0001850,gaira_base_4_diabetes_ev_pilot_v1,EV,EV,diabetes_metabolic,logreg,top_feature,classifier_importance,,,up,0.4179872916491117,abs_coef,0.4179872916491117,,,,MODERATE,,/Volumes/SSD_Rad/GAIRA_BUILD/gaira_base_4_diabetes_ev_pilot_v1/tables/classifier_feature_importance.csv,diabetes_classifier,EV,diabetes_metabolic
E0001851,gaira_base_4_diabetes_ev_pilot_v1,EV,EV,diabetes_metabolic,logreg,top_feature,classifier_importance,,,up,0.4157160183952336,abs_coef,0.4157160183952336,,,,MODERATE,,/Volumes/SSD_Rad/GAIRA_BUILD/gaira_base_4_diabetes_ev_pilot_v1/tables/classifier_feature_importance.csv,diabetes_classifier,EV,diabetes_metabolic
E0001852,gaira_base_4_diabetes_ev_pilot_v1,EV,EV,diabetes_metabolic,logreg,top_feature,classifier_importance,,,up,0.4129684467890293,abs_coef,0.4129684467890293,,,,MODERATE,,/Volumes/SSD_Rad/GAIRA_BUILD/gaira_base_4_diabetes_ev_pilot_v1/tables/classifier_feature_importance.csv,diabetes_classifier,EV,diabetes_metabolic
E0001853,gaira_base_4_diabetes_ev_pilot_v1,EV,EV,diabetes_metabolic,logreg,top_feature,classifier_importance,,,up,0.4129652643375929,abs_coef,0.4129652643375929,,,,MODERATE,,/Volumes/SSD_Rad/GAIRA_BUILD/gaira_base_4_diabetes_ev_pilot_v1/tables/classifier_feature_importance.csv,diabetes_classifier,EV,diabetes_metabolic
E0001854,gaira_base_4_diabetes_ev_pilot_v1,EV,EV,diabetes_metabolic,logreg,top_feature,classifier_importance,,,up,0.4023724388984442,abs_coef,0.4023724388984442,,,,MODERATE,,/Volumes/SSD_Rad/GAIRA_BUILD/gaira_base_4_diabetes_ev_pilot_v1/tables/classifier_feature_importance.csv,diabetes_classifier,EV,diabetes_metabolic
E0001855,gaira_base_4_diabetes_ev_pilot_v1,EV,EV,diabetes_metabolic,logreg,top_feature,classifier_importance,,,up,0.3997554965198309,abs_coef,0.3997554965198309,,,,MODERATE,,/Volumes/SSD_Rad/GAIRA_BUILD/gaira_base_4_diabetes_ev_pilot_v1/tables/classifier_feature_importance.csv,diabetes_classifier,EV,diabetes_metabolic
E0001856,gaira_base_4_diabetes_ev_pilot_v1,EV,EV,diabetes_metabolic,logreg,top_feature,classifier_importance,,,up,0.3982857789907,abs_coef,0.3982857789907,,,,MODERATE,,/Volumes/SSD_Rad/GAIRA_BUILD/gaira_base_4_diabetes_ev_pilot_v1/tables/classifier_feature_importance.csv,diabetes_classifier,EV,diabetes_metabolic
E0001857,gaira_base_4_diabetes_ev_pilot_v1,EV,EV,diabetes_metabolic,logreg,top_feature,classifier_importance,,,up,0.3880300449307094,abs_coef,0.3880300449307094,,,,MODERATE,,/Volumes/SSD_Rad/GAIRA_BUILD/gaira_base_4_diabetes_ev_pilot_v1/tables/classifier_feature_importance.csv,diabetes_classifier,EV,diabetes_metabolic
E0001858,gaira_base_4_diabetes_ev_pilot_v1,EV,EV,diabetes_metabolic,logreg,top_feature,classifier_importance,,,up,0.3816014752950102,abs_coef,0.3816014752950102,,,,MODERATE,,/Volumes/SSD_Rad/GAIRA_BUILD/gaira_base_4_diabetes_ev_pilot_v1/tables/classifier_feature_importance.csv,diabetes_classifier,EV,diabetes_metabolic
E0001859,gaira_base_4_diabetes_ev_pilot_v1,EV,EV,diabetes_metabolic,logreg,top_feature,classifier_importance,,,up,0.3798160600683154,abs_coef,0.3798160600683154,,,,MODERATE,,/Volumes/SSD_Rad/GAIRA_BUILD/gaira_base_4_diabetes_ev_pilot_v1/tables/classifier_feature_importance.csv,diabetes_classifier,EV,diabetes_metabolic
E0001860,gaira_base_4_diabetes_ev_pilot_v1,EV,EV,diabetes_metabolic,logreg,top_feature,classifier_importance,,,up,0.3700867484676741,abs_coef,0.3700867484676741,,,,MODERATE,,/Volumes/SSD_Rad/GAIRA_BUILD/gaira_base_4_diabetes_ev_pilot_v1/tables/classifier_feature_importance.csv,diabetes_classifier,EV,diabetes_metabolic
E0001861,gaira_base_4_diabetes_ev_pilot_v1,EV,EV,diabetes_metabolic,logreg,top_feature,classifier_importance,,,up,0.3693394518894827,abs_coef,0.3693394518894827,,,,MODERATE,,/Volumes/SSD_Rad/GAIRA_BUILD/gaira_base_4_diabetes_ev_pilot_v1/tables/classifier_feature_importance.csv,diabetes_classifier,EV,diabetes_metabolic
E0001862,gaira_base_4_diabetes_ev_pilot_v1,EV,EV,diabetes_metabolic,logreg,top_feature,classifier_importance,,,up,0.3630851778526691,abs_coef,0.3630851778526691,,,,MODERATE,,/Volumes/SSD_Rad/GAIRA_BUILD/gaira_base_4_diabetes_ev_pilot_v1/tables/classifier_feature_importance.csv,diabetes_classifier,EV,diabetes_metabolic
E0001863,gaira_base_4_diabetes_ev_pilot_v1,EV,EV,diabetes_metabolic,logreg,top_feature,classifier_importance,,,up,0.3516842431560654,abs_coef,0.3516842431560654,,,,MODERATE,,/Volumes/SSD_Rad/GAIRA_BUILD/gaira_base_4_diabetes_ev_pilot_v1/tables/classifier_feature_importance.csv,diabetes_classifier,EV,diabetes_metabolic
E0001864,gaira_base_4_diabetes_ev_pilot_v1,EV,EV,diabetes_metabolic,logreg,top_feature,classifier_importance,,,up,0.3503714618458046,abs_coef,0.3503714618458046,,,,MODERATE,,/Volumes/SSD_Rad/GAIRA_BUILD/gaira_base_4_diabetes_ev_pilot_v1/tables/classifier_feature_importance.csv,diabetes_classifier,EV,diabetes_metabolic
E0001865,gaira_base_4_diabetes_ev_pilot_v1,EV,EV,diabetes_metabolic,logreg,top_feature,classifier_importance,,,up,0.3456192581044712,abs_coef,0.3456192581044712,,,,MODERATE,,/Volumes/SSD_Rad/GAIRA_BUILD/gaira_base_4_diabetes_ev_pilot_v1/tables/classifier_feature_importance.csv,diabetes_classifier,EV,diabetes_metabolic
E0001866,gaira_base_4_diabetes_ev_pilot_v1,EV,EV,diabetes_metabolic,logreg,top_feature,classifier_importance,,,up,0.344057012196353,abs_coef,0.344057012196353,,,,MODERATE,,/Volumes/SSD_Rad/GAIRA_BUILD/gaira_base_4_diabetes_ev_pilot_v1/tables/classifier_feature_importance.csv,diabetes_classifier,EV,diabetes_metabolic
E0001867,gaira_base_4_diabetes_ev_pilot_v1,EV,EV,diabetes_metabolic,logreg,top_feature,classifier_importance,,,up,0.3396473283593701,abs_coef,0.3396473283593701,,,,MODERATE,,/Volumes/SSD_Rad/GAIRA_BUILD/gaira_base_4_diabetes_ev_pilot_v1/tables/classifier_feature_importance.csv,diabetes_classifier,EV,diabetes_metabolic
E0001868,gaira_base_4_diabetes_ev_pilot_v1,EV,EV,diabetes_metabolic,logreg,top_feature,classifier_importance,,,up,0.3375576947557699,abs_coef,0.3375576947557699,,,,MODERATE,,/Volumes/SSD_Rad/GAIRA_BUILD/gaira_base_4_diabetes_ev_pilot_v1/tables/classifier_feature_importance.csv,diabetes_classifier,EV,diabetes_metabolic
E0001869,gaira_base_4_diabetes_ev_pilot_v1,EV,EV,diabetes_metabolic,logreg,top_feature,classifier_importance,,,up,0.335751690533114,abs_coef,0.335751690533114,,,,MODERATE,,/Volumes/SSD_Rad/GAIRA_BUILD/gaira_base_4_diabetes_ev_pilot_v1/tables/classifier_feature_importance.csv,diabetes_classifier,EV,diabetes_metabolic
E0001870,gaira_base_4_diabetes_ev_pilot_v1,EV,EV,diabetes_metabolic,logreg,top_feature,classifier_importance,,,up,0.3349352492164855,abs_coef,0.3349352492164855,,,,MODERATE,,/Volumes/SSD_Rad/GAIRA_BUILD/gaira_base_4_diabetes_ev_pilot_v1/tables/classifier_feature_importance.csv,diabetes_classifier,EV,diabetes_metabolic
E0001871,gaira_base_4_diabetes_ev_pilot_v1,EV,EV,diabetes_metabolic,logreg,top_feature,classifier_importance,,,up,0.325006353206225,abs_coef,0.325006353206225,,,,MODERATE,,/Volumes/SSD_Rad/GAIRA_BUILD/gaira_base_4_diabetes_ev_pilot_v1/tables/classifier_feature_importance.csv,diabetes_classifier,EV,diabetes_metabolic
E0001872,gaira_base_4_diabetes_ev_pilot_v1,EV,EV,diabetes_metabolic,logreg,top_feature,classifier_importance,,,up,0.3231580183865694,abs_coef,0.3231580183865694,,,,MODERATE,,/Volumes/SSD_Rad/GAIRA_BUILD/gaira_base_4_diabetes_ev_pilot_v1/tables/classifier_feature_importance.csv,diabetes_classifier,EV,diabetes_metabolic
E0001873,gaira_base_4_diabetes_ev_pilot_v1,EV,EV,diabetes_metabolic,logreg,top_feature,classifier_importance,,,up,0.3202486282870898,abs_coef,0.3202486282870898,,,,MODERATE,,/Volumes/SSD_Rad/GAIRA_BUILD/gaira_base_4_diabetes_ev_pilot_v1/tables/classifier_feature_importance.csv,diabetes_classifier,EV,diabetes_metabolic
E0001874,gaira_base_4_diabetes_ev_pilot_v1,EV,EV,diabetes_metabolic,logreg,top_feature,classifier_importance,,,up,0.3195793669343515,abs_coef,0.3195793669343515,,,,MODERATE,,/Volumes/SSD_Rad/GAIRA_BUILD/gaira_base_4_diabetes_ev_pilot_v1/tables/classifier_feature_importance.csv,diabetes_classifier,EV,diabetes_metabolic
E0001875,gaira_base_4_diabetes_ev_pilot_v1,EV,EV,diabetes_metabolic,NWD,top_mss_hit,mss_topK_frequency,,,up,0.2780325135473114,top1_freq,0.2780325135473114,lactate,,,MODERATE,,/Volumes/SSD_Rad/GAIRA_BUILD/gaira_base_4_diabetes_ev_pilot_v1/tables/mss_top_hits_by_condition.csv,NWD,EV,diabetes_metabolic
E0001876,gaira_base_4_diabetes_ev_pilot_v1,EV,EV,diabetes_metabolic,NWD,top_mss_hit,mss_topK_frequency,,,up,0.1529804085035431,top1_freq,0.1529804085035431,tyrosine,,,MODERATE,,/Volumes/SSD_Rad/GAIRA_BUILD/gaira_base_4_diabetes_ev_pilot_v1/tables/mss_top_hits_by_condition.csv,NWD,EV,diabetes_metabolic
E0001877,gaira_base_4_diabetes_ev_pilot_v1,EV,EV,diabetes_metabolic,NWD,top_mss_hit,mss_topK_frequency,,,up,0.0892038349312213,top1_freq,0.0892038349312213,uric_acid,,,WEAK,,/Volumes/SSD_Rad/GAIRA_BUILD/gaira_base_4_diabetes_ev_pilot_v1/tables/mss_top_hits_by_condition.csv,NWD,EV,diabetes_metabolic
E0001878,gaira_base_4_diabetes_ev_pilot_v1,EV,EV,diabetes_metabolic,NWD,top_mss_hit,mss_topK_frequency,,,up,0.0812838682784493,top1_freq,0.0812838682784493,ergothioneine,,,WEAK,,/Volumes/SSD_Rad/GAIRA_BUILD/gaira_base_4_diabetes_ev_pilot_v1/tables/mss_top_hits_by_condition.csv,NWD,EV,diabetes_metabolic
E0001879,gaira_base_4_diabetes_ev_pilot_v1,EV,EV,diabetes_metabolic,NWD,top_mss_hit,mss_topK_frequency,,,up,0.058774489370571,top1_freq,0.058774489370571,phenylalanine,,,WEAK,,/Volumes/SSD_Rad/GAIRA_BUILD/gaira_base_4_diabetes_ev_pilot_v1/tables/mss_top_hits_by_condition.csv,NWD,EV,diabetes_metabolic
E0001880,gaira_base_4_diabetes_ev_pilot_v1,EV,EV,diabetes_metabolic,NWD,top_mss_hit,mss_topK_frequency,,,up,0.0571071279699874,top1_freq,0.0571071279699874,xanthine,,,WEAK,,/Volumes/SSD_Rad/GAIRA_BUILD/gaira_base_4_diabetes_ev_pilot_v1/tables/mss_top_hits_by_condition.csv,NWD,EV,diabetes_metabolic
E0001881,gaira_base_4_diabetes_ev_pilot_v1,EV,EV,diabetes_metabolic,NWD,top_mss_hit,mss_topK_frequency,,,up,0.0537724051688203,top1_freq,0.0537724051688203,cystine,,,WEAK,,/Volumes/SSD_Rad/GAIRA_BUILD/gaira_base_4_diabetes_ev_pilot_v1/tables/mss_top_hits_by_condition.csv,NWD,EV,diabetes_metabolic
E0001882,gaira_base_4_diabetes_ev_pilot_v1,EV,EV,diabetes_metabolic,OWD,top_mss_hit,mss_topK_frequency,,,up,0.2197999487047961,top1_freq,0.2197999487047961,uric_acid,,,MODERATE,,/Volumes/SSD_Rad/GAIRA_BUILD/gaira_base_4_diabetes_ev_pilot_v1/tables/mss_top_hits_by_condition.csv,OWD,EV,diabetes_metabolic
E0001883,gaira_base_4_diabetes_ev_pilot_v1,EV,EV,diabetes_metabolic,OWD,top_mss_hit,mss_topK_frequency,,,up,0.1438830469351115,top1_freq,0.1438830469351115,oleic_acid,,,WEAK,,/Volumes/SSD_Rad/GAIRA_BUILD/gaira_base_4_diabetes_ev_pilot_v1/tables/mss_top_hits_by_condition.csv,OWD,EV,diabetes_metabolic
E0001884,gaira_base_4_diabetes_ev_pilot_v1,EV,EV,diabetes_metabolic,OWD,top_mss_hit,mss_topK_frequency,,,up,0.1305462939215183,top1_freq,0.1305462939215183,urea,,,WEAK,,/Volumes/SSD_Rad/GAIRA_BUILD/gaira_base_4_diabetes_ev_pilot_v1/tables/mss_top_hits_by_condition.csv,OWD,EV,diabetes_metabolic
E0001885,gaira_base_4_diabetes_ev_pilot_v1,EV,EV,diabetes_metabolic,OWD,top_mss_hit,mss_topK_frequency,,,up,0.0995126955629648,top1_freq,0.0995126955629648,palmitic_acid,,,WEAK,,/Volumes/SSD_Rad/GAIRA_BUILD/gaira_base_4_diabetes_ev_pilot_v1/tables/mss_top_hits_by_condition.csv,OWD,EV,diabetes_metabolic
E0001886,gaira_base_4_diabetes_ev_pilot_v1,EV,EV,diabetes_metabolic,OWD,top_mss_hit,mss_topK_frequency,,,up,0.0682226211849192,top1_freq,0.0682226211849192,lactate,,,WEAK,,/Volumes/SSD_Rad/GAIRA_BUILD/gaira_base_4_diabetes_ev_pilot_v1/tables/mss_top_hits_by_condition.csv,OWD,EV,diabetes_metabolic
E0001887,gaira_base_4_diabetes_ev_pilot_v1,EV,EV,diabetes_metabolic,OWD,top_mss_hit,mss_topK_frequency,,,up,0.0559117722492946,top1_freq,0.0559117722492946,tyrosine,,,WEAK,,/Volumes/SSD_Rad/GAIRA_BUILD/gaira_base_4_diabetes_ev_pilot_v1/tables/mss_top_hits_by_condition.csv,OWD,EV,diabetes_metabolic
E0001888,gaira_base_4_diabetes_ev_mss_classifier_v2,EV,EV,diabetes_metabolic,logreg,top_feature,classifier_importance,,,up,0.3012330583236094,abs_coef,0.3012330583236094,palmitic_acid,,,MODERATE,,/Volumes/SSD_Rad/GAIRA_BUILD/gaira_base_4_diabetes_ev_mss_classifier_v2/tables/mss_feature_importance_v1.csv,diabetes_classifier,EV,diabetes_metabolic
E0001889,gaira_base_4_diabetes_ev_mss_classifier_v2,EV,EV,diabetes_metabolic,logreg,top_feature,classifier_importance,,,up,0.2784564186648454,abs_coef,0.2784564186648454,ergothioneine,,,MODERATE,,/Volumes/SSD_Rad/GAIRA_BUILD/gaira_base_4_diabetes_ev_mss_classifier_v2/tables/mss_feature_importance_v1.csv,diabetes_classifier,EV,diabetes_metabolic
E0001890,gaira_base_4_diabetes_ev_mss_classifier_v2,EV,EV,diabetes_metabolic,logreg,top_feature,classifier_importance,,,up,0.2784564186648453,abs_coef,0.2784564186648453,ergothioneine,,,MODERATE,,/Volumes/SSD_Rad/GAIRA_BUILD/gaira_base_4_diabetes_ev_mss_classifier_v2/tables/mss_feature_importance_v1.csv,diabetes_classifier,EV,diabetes_metabolic
E0001891,gaira_base_4_diabetes_ev_mss_classifier_v2,EV,EV,diabetes_metabolic,logreg,top_feature,classifier_importance,,,up,0.2643614913165185,abs_coef,0.2643614913165185,ergothioneine,,,MODERATE,,/Volumes/SSD_Rad/GAIRA_BUILD/gaira_base_4_diabetes_ev_mss_classifier_v2/tables/mss_feature_importance_v1.csv,diabetes_classifier,EV,diabetes_metabolic
E0001892,gaira_base_4_diabetes_ev_mss_classifier_v2,EV,EV,diabetes_metabolic,logreg,top_feature,classifier_importance,,,up,0.2642268767457931,abs_coef,0.2642268767457931,ergothioneine,,,MODERATE,,/Volumes/SSD_Rad/GAIRA_BUILD/gaira_base_4_diabetes_ev_mss_classifier_v2/tables/mss_feature_importance_v1.csv,diabetes_classifier,EV,diabetes_metabolic
E0001893,gaira_base_4_diabetes_ev_mss_classifier_v2,EV,EV,diabetes_metabolic,logreg,top_feature,classifier_importance,,,up,0.2309551044620842,abs_coef,0.2309551044620842,ergothioneine,,,MODERATE,,/Volumes/SSD_Rad/GAIRA_BUILD/gaira_base_4_diabetes_ev_mss_classifier_v2/tables/mss_feature_importance_v1.csv,diabetes_classifier,EV,diabetes_metabolic
E0001894,gaira_base_4_diabetes_ev_mss_classifier_v2,EV,EV,diabetes_metabolic,logreg,top_feature,classifier_importance,,,up,0.2283502544431605,abs_coef,0.2283502544431605,cholesterol,,,MODERATE,,/Volumes/SSD_Rad/GAIRA_BUILD/gaira_base_4_diabetes_ev_mss_classifier_v2/tables/mss_feature_importance_v1.csv,diabetes_classifier,EV,diabetes_metabolic
E0001895,gaira_base_4_diabetes_ev_mss_classifier_v2,EV,EV,diabetes_metabolic,logreg,top_feature,classifier_importance,,,up,0.2087056970814238,abs_coef,0.2087056970814238,uric_acid,,,MODERATE,,/Volumes/SSD_Rad/GAIRA_BUILD/gaira_base_4_diabetes_ev_mss_classifier_v2/tables/mss_feature_importance_v1.csv,diabetes_classifier,EV,diabetes_metabolic
E0001896,gaira_base_4_diabetes_ev_mss_classifier_v2,EV,EV,diabetes_metabolic,logreg,top_feature,classifier_importance,,,up,0.2021246063922937,abs_coef,0.2021246063922937,oleic_acid,,,MODERATE,,/Volumes/SSD_Rad/GAIRA_BUILD/gaira_base_4_diabetes_ev_mss_classifier_v2/tables/mss_feature_importance_v1.csv,diabetes_classifier,EV,diabetes_metabolic
E0001897,gaira_base_4_diabetes_ev_mss_classifier_v2,EV,EV,diabetes_metabolic,logreg,top_feature,classifier_importance,,,up,0.2021246063922936,abs_coef,0.2021246063922936,oleic_acid,,,MODERATE,,/Volumes/SSD_Rad/GAIRA_BUILD/gaira_base_4_diabetes_ev_mss_classifier_v2/tables/mss_feature_importance_v1.csv,diabetes_classifier,EV,diabetes_metabolic
E0001898,gaira_base_4_diabetes_ev_mss_classifier_v2,EV,EV,diabetes_metabolic,logreg,top_feature,classifier_importance,,,up,0.190282225218792,abs_coef,0.190282225218792,palmitic_acid,,,MODERATE,,/Volumes/SSD_Rad/GAIRA_BUILD/gaira_base_4_diabetes_ev_mss_classifier_v2/tables/mss_feature_importance_v1.csv,diabetes_classifier,EV,diabetes_metabolic
E0001899,gaira_base_4_diabetes_ev_mss_classifier_v2,EV,EV,diabetes_metabolic,logreg,top_feature,classifier_importance,,,up,0.1902822252187919,abs_coef,0.1902822252187919,palmitic_acid,,,MODERATE,,/Volumes/SSD_Rad/GAIRA_BUILD/gaira_base_4_diabetes_ev_mss_classifier_v2/tables/mss_feature_importance_v1.csv,diabetes_classifier,EV,diabetes_metabolic
E0001900,gaira_base_4_diabetes_ev_mss_classifier_v2,EV,EV,diabetes_metabolic,logreg,top_feature,classifier_importance,,,up,0.1884194675418287,abs_coef,0.1884194675418287,lactate,,,MODERATE,,/Volumes/SSD_Rad/GAIRA_BUILD/gaira_base_4_diabetes_ev_mss_classifier_v2/tables/mss_feature_importance_v1.csv,diabetes_classifier,EV,diabetes_metabolic
E0001901,gaira_base_4_diabetes_ev_mss_classifier_v2,EV,EV,diabetes_metabolic,logreg,top_feature,classifier_importance,,,up,0.1852349506070437,abs_coef,0.1852349506070437,lactate,,,MODERATE,,/Volumes/SSD_Rad/GAIRA_BUILD/gaira_base_4_diabetes_ev_mss_classifier_v2/tables/mss_feature_importance_v1.csv,diabetes_classifier,EV,diabetes_metabolic
E0001902,gaira_base_4_diabetes_ev_mss_classifier_v2,EV,EV,diabetes_metabolic,logreg,top_feature,classifier_importance,,,up,0.1851094812866254,abs_coef,0.1851094812866254,uric_acid,,,MODERATE,,/Volumes/SSD_Rad/GAIRA_BUILD/gaira_base_4_diabetes_ev_mss_classifier_v2/tables/mss_feature_importance_v1.csv,diabetes_classifier,EV,diabetes_metabolic
E0001903,gaira_base_4_diabetes_ev_mss_classifier_v2,EV,EV,diabetes_metabolic,logreg,top_feature,classifier_importance,,,up,0.1849740045838268,abs_coef,0.1849740045838268,creatinine,,,MODERATE,,/Volumes/SSD_Rad/GAIRA_BUILD/gaira_base_4_diabetes_ev_mss_classifier_v2/tables/mss_feature_importance_v1.csv,diabetes_classifier,EV,diabetes_metabolic
E0001904,gaira_base_4_diabetes_ev_mss_classifier_v2,EV,EV,diabetes_metabolic,logreg,top_feature,classifier_importance,,,up,0.178879772040808,abs_coef,0.178879772040808,lactate,,,MODERATE,,/Volumes/SSD_Rad/GAIRA_BUILD/gaira_base_4_diabetes_ev_mss_classifier_v2/tables/mss_feature_importance_v1.csv,diabetes_classifier,EV,diabetes_metabolic
E0001905,gaira_base_4_diabetes_ev_mss_classifier_v2,EV,EV,diabetes_metabolic,logreg,top_feature,classifier_importance,,,up,0.1788797720408078,abs_coef,0.1788797720408078,lactate,,,MODERATE,,/Volumes/SSD_Rad/GAIRA_BUILD/gaira_base_4_diabetes_ev_mss_classifier_v2/tables/mss_feature_importance_v1.csv,diabetes_classifier,EV,diabetes_metabolic
E0001906,gaira_base_4_diabetes_ev_mss_classifier_v2,EV,EV,diabetes_metabolic,logreg,top_feature,classifier_importance,,,up,0.1783898626233905,abs_coef,0.1783898626233905,hypoxanthine,,,MODERATE,,/Volumes/SSD_Rad/GAIRA_BUILD/gaira_base_4_diabetes_ev_mss_classifier_v2/tables/mss_feature_importance_v1.csv,diabetes_classifier,EV,diabetes_metabolic
E0001907,gaira_base_4_diabetes_ev_mss_classifier_v2,EV,EV,diabetes_metabolic,logreg,top_feature,classifier_importance,,,up,0.1770669303372853,abs_coef,0.1770669303372853,palmitic_acid,,,MODERATE,,/Volumes/SSD_Rad/GAIRA_BUILD/gaira_base_4_diabetes_ev_mss_classifier_v2/tables/mss_feature_importance_v1.csv,diabetes_classifier,EV,diabetes_metabolic
E0001908,gaira_base_4_diabetes_ev_mss_classifier_v2,EV,EV,diabetes_metabolic,logreg,top_feature,classifier_importance,,,up,0.1738607689640069,abs_coef,0.1738607689640069,cysteine,,,MODERATE,,/Volumes/SSD_Rad/GAIRA_BUILD/gaira_base_4_diabetes_ev_mss_classifier_v2/tables/mss_feature_importance_v1.csv,diabetes_classifier,EV,diabetes_metabolic
E0001909,gaira_base_4_diabetes_ev_mss_classifier_v2,EV,EV,diabetes_metabolic,logreg,top_feature,classifier_importance,,,up,0.1732060643687107,abs_coef,0.1732060643687107,palmitic_acid,,,MODERATE,,/Volumes/SSD_Rad/GAIRA_BUILD/gaira_base_4_diabetes_ev_mss_classifier_v2/tables/mss_feature_importance_v1.csv,diabetes_classifier,EV,diabetes_metabolic
E0001910,gaira_base_4_diabetes_ev_mss_classifier_v2,EV,EV,diabetes_metabolic,logreg,top_feature,classifier_importance,,,up,0.1727665021730588,abs_coef,0.1727665021730588,creatinine,,,MODERATE,,/Volumes/SSD_Rad/GAIRA_BUILD/gaira_base_4_diabetes_ev_mss_classifier_v2/tables/mss_feature_importance_v1.csv,diabetes_classifier,EV,diabetes_metabolic
E0001911,gaira_base_4_diabetes_ev_mss_classifier_v2,EV,EV,diabetes_metabolic,logreg,top_feature,classifier_importance,,,up,0.1727665021730588,abs_coef,0.1727665021730588,creatinine,,,MODERATE,,/Volumes/SSD_Rad/GAIRA_BUILD/gaira_base_4_diabetes_ev_mss_classifier_v2/tables/mss_feature_importance_v1.csv,diabetes_classifier,EV,diabetes_metabolic
E0001912,gaira_base_4_diabetes_ev_mss_classifier_v2,EV,EV,diabetes_metabolic,logreg,top_feature,classifier_importance,,,up,0.1721167952209684,abs_coef,0.1721167952209684,lactate,,,MODERATE,,/Volumes/SSD_Rad/GAIRA_BUILD/gaira_base_4_diabetes_ev_mss_classifier_v2/tables/mss_feature_importance_v1.csv,diabetes_classifier,EV,diabetes_metabolic
E0001913,gaira_base_4_diabetes_ev_mss_classifier_v2,EV,EV,diabetes_metabolic,logreg,top_feature,classifier_importance,,,up,0.1684560254656626,abs_coef,0.1684560254656626,adenine,,,MODERATE,,/Volumes/SSD_Rad/GAIRA_BUILD/gaira_base_4_diabetes_ev_mss_classifier_v2/tables/mss_feature_importance_v1.csv,diabetes_classifier,EV,diabetes_metabolic
E0001914,gaira_base_4_diabetes_ev_mss_classifier_v2,EV,EV,diabetes_metabolic,logreg,top_feature,classifier_importance,,,up,0.1683019741851459,abs_coef,0.1683019741851459,uric_acid,,,MODERATE,,/Volumes/SSD_Rad/GAIRA_BUILD/gaira_base_4_diabetes_ev_mss_classifier_v2/tables/mss_feature_importance_v1.csv,diabetes_classifier,EV,diabetes_metabolic
E0001915,gaira_base_4_diabetes_ev_mss_classifier_v2,EV,EV,diabetes_metabolic,logreg,top_feature,classifier_importance,,,up,0.1683019741851456,abs_coef,0.1683019741851456,uric_acid,,,MODERATE,,/Volumes/SSD_Rad/GAIRA_BUILD/gaira_base_4_diabetes_ev_mss_classifier_v2/tables/mss_feature_importance_v1.csv,diabetes_classifier,EV,diabetes_metabolic
E0001916,gaira_base_4_diabetes_ev_mss_classifier_v2,EV,EV,diabetes_metabolic,logreg,top_feature,classifier_importance,,,up,0.1673510204719793,abs_coef,0.1673510204719793,cholesterol,,,MODERATE,,/Volumes/SSD_Rad/GAIRA_BUILD/gaira_base_4_diabetes_ev_mss_classifier_v2/tables/mss_feature_importance_v1.csv,diabetes_classifier,EV,diabetes_metabolic
E0001917,gaira_base_4_diabetes_ev_mss_classifier_v2,EV,EV,diabetes_metabolic,logreg,top_feature,classifier_importance,,,up,0.1671928957814566,abs_coef,0.1671928957814566,glutathione,,,MODERATE,,/Volumes/SSD_Rad/GAIRA_BUILD/gaira_base_4_diabetes_ev_mss_classifier_v2/tables/mss_feature_importance_v1.csv,diabetes_classifier,EV,diabetes_metabolic
E0001918,gaira_base_4_diabetes_ev_mss_classifier_v2,EV,EV,diabetes_metabolic,logreg,top_feature,classifier_importance,,,up,0.1667187969757777,abs_coef,0.1667187969757777,uric_acid,,,MODERATE,,/Volumes/SSD_Rad/GAIRA_BUILD/gaira_base_4_diabetes_ev_mss_classifier_v2/tables/mss_feature_importance_v1.csv,diabetes_classifier,EV,diabetes_metabolic
E0001919,gaira_base_4_diabetes_ev_mss_classifier_v2,EV,EV,diabetes_metabolic,logreg,top_feature,classifier_importance,,,up,0.1666379863896162,abs_coef,0.1666379863896162,lactate,,,MODERATE,,/Volumes/SSD_Rad/GAIRA_BUILD/gaira_base_4_diabetes_ev_mss_classifier_v2/tables/mss_feature_importance_v1.csv,diabetes_classifier,EV,diabetes_metabolic
E0001920,gaira_base_4_diabetes_ev_mss_classifier_v2,EV,EV,diabetes_metabolic,logreg,top_feature,classifier_importance,,,up,0.166314343674292,abs_coef,0.166314343674292,glucose,,,MODERATE,,/Volumes/SSD_Rad/GAIRA_BUILD/gaira_base_4_diabetes_ev_mss_classifier_v2/tables/mss_feature_importance_v1.csv,diabetes_classifier,EV,diabetes_metabolic
E0001921,gaira_base_4_diabetes_ev_mss_classifier_v2,EV,EV,diabetes_metabolic,logreg,top_feature,classifier_importance,,,up,0.1599286597356913,abs_coef,0.1599286597356913,palmitic_acid,,,MODERATE,,/Volumes/SSD_Rad/GAIRA_BUILD/gaira_base_4_diabetes_ev_mss_classifier_v2/tables/mss_feature_importance_v1.csv,diabetes_classifier,EV,diabetes_metabolic
E0001922,gaira_base_4_diabetes_ev_mss_classifier_v2,EV,EV,diabetes_metabolic,logreg,top_feature,classifier_importance,,,up,0.1583725250812955,abs_coef,0.1583725250812955,oleic_acid,,,MODERATE,,/Volumes/SSD_Rad/GAIRA_BUILD/gaira_base_4_diabetes_ev_mss_classifier_v2/tables/mss_feature_importance_v1.csv,diabetes_classifier,EV,diabetes_metabolic
E0001923,gaira_base_4_diabetes_ev_mss_classifier_v2,EV,EV,diabetes_metabolic,logreg,top_feature,classifier_importance,,,up,0.1563683798286465,abs_coef,0.1563683798286465,palmitic_acid,,,MODERATE,,/Volumes/SSD_Rad/GAIRA_BUILD/gaira_base_4_diabetes_ev_mss_classifier_v2/tables/mss_feature_importance_v1.csv,diabetes_classifier,EV,diabetes_metabolic
E0001924,gaira_base_4_diabetes_ev_mss_classifier_v2,EV,EV,diabetes_metabolic,logreg,top_feature,classifier_importance,,,up,0.1563683798286462,abs_coef,0.1563683798286462,palmitic_acid,,,MODERATE,,/Volumes/SSD_Rad/GAIRA_BUILD/gaira_base_4_diabetes_ev_mss_classifier_v2/tables/mss_feature_importance_v1.csv,diabetes_classifier,EV,diabetes_metabolic
E0001925,gaira_base_4_diabetes_ev_mss_classifier_v2,EV,EV,diabetes_metabolic,logreg,top_feature,classifier_importance,,,up,0.1438248602742638,abs_coef,0.1438248602742638,cholesterol,,,MODERATE,,/Volumes/SSD_Rad/GAIRA_BUILD/gaira_base_4_diabetes_ev_mss_classifier_v2/tables/mss_feature_importance_v1.csv,diabetes_classifier,EV,diabetes_metabolic
E0001926,gaira_base_4_diabetes_ev_mss_classifier_v2,EV,EV,diabetes_metabolic,logreg,top_feature,classifier_importance,,,up,0.1438248602742638,abs_coef,0.1438248602742638,cholesterol,,,MODERATE,,/Volumes/SSD_Rad/GAIRA_BUILD/gaira_base_4_diabetes_ev_mss_classifier_v2/tables/mss_feature_importance_v1.csv,diabetes_classifier,EV,diabetes_metabolic
E0001927,gaira_base_4_diabetes_ev_mss_classifier_v2,EV,EV,diabetes_metabolic,logreg,top_feature,classifier_importance,,,up,0.143546332993122,abs_coef,0.143546332993122,uric_acid,,,MODERATE,,/Volumes/SSD_Rad/GAIRA_BUILD/gaira_base_4_diabetes_ev_mss_classifier_v2/tables/mss_feature_importance_v1.csv,diabetes_classifier,EV,diabetes_metabolic
