spectrum_id,analyte_id,canonical_analyte_name,source_dataset,raw_path,modality,sers_or_raman,substrate_material,substrate_geometry,colloid_or_planar,excitation_nm,instrument,matrix,concentration,replicate,independent_measurement,raw_or_processed,wavenumber_min,wavenumber_max,point_count,quality_flags,intended_role,allowed_for_representation_learning,allowed_for_evaluation_only,acquisition_domain,admitted_to_joint_analysis,admission_reason,has_full_spectrum
ramanbiolib::1,rbl::12-methyltetradecanoic acid,12-methyltetradecanoic acid,RamanBioLib,/Users/surajpg/projects/GAIRA/streamlit_apps/gaira_demo/data/grounding_molecule_spectra.parquet,raman,raman,CaF2 slide,none,none,785.0,digitized(literature),powder/standard,n/a,1,True,"processed(digitized,norm)",450.0,1800.0,1351,,grounding,True,False,raman|none|785.0,True,ok,True
ramanbiolib::2,rbl::13-methylmyristicacid,13-methylmyristicacid,RamanBioLib,/Users/surajpg/projects/GAIRA/streamlit_apps/gaira_demo/data/grounding_molecule_spectra.parquet,raman,raman,CaF2 slide,none,none,785.0,digitized(literature),powder/standard,n/a,1,True,"processed(digitized,norm)",450.0,1800.0,1351,,grounding,True,False,raman|none|785.0,True,ok,True
ramanbiolib::3,rbl::14-methylhexadecanoic acid,14-methylhexadecanoic acid,RamanBioLib,/Users/surajpg/projects/GAIRA/streamlit_apps/gaira_demo/data/grounding_molecule_spectra.parquet,raman,raman,CaF2 slide,none,none,785.0,digitized(literature),powder/standard,n/a,1,True,"processed(digitized,norm)",450.0,1800.0,1351,,grounding,True,False,raman|none|785.0,True,ok,True
ramanbiolib::4,rbl::14-methylpentadecanoic acid,14-methylpentadecanoic acid,RamanBioLib,/Users/surajpg/projects/GAIRA/streamlit_apps/gaira_demo/data/grounding_molecule_spectra.parquet,raman,raman,CaF2 slide,none,none,785.0,digitized(literature),powder/standard,n/a,1,True,"processed(digitized,norm)",450.0,1800.0,1351,,grounding,True,False,raman|none|785.0,True,ok,True
ramanbiolib::5,rbl::15-methylpalmiticacid,15-methylpalmiticacid,RamanBioLib,/Users/surajpg/projects/GAIRA/streamlit_apps/gaira_demo/data/grounding_molecule_spectra.parquet,raman,raman,CaF2 slide,none,none,785.0,digitized(literature),powder/standard,n/a,1,True,"processed(digitized,norm)",450.0,1800.0,1351,,grounding,True,False,raman|none|785.0,True,ok,True
ramanbiolib::6,rbl::acetoacetate,acetoacetate,RamanBioLib,/Users/surajpg/projects/GAIRA/streamlit_apps/gaira_demo/data/grounding_molecule_spectra.parquet,raman,raman,CaF2 slide,none,none,785.0,digitized(literature),powder/standard,n/a,1,True,"processed(digitized,norm)",450.0,1800.0,1351,,grounding,True,False,raman|none|785.0,True,ok,True
ramanbiolib::7,rbl::acetyl coenzyme a,acetyl coenzyme a,RamanBioLib,/Users/surajpg/projects/GAIRA/streamlit_apps/gaira_demo/data/grounding_molecule_spectra.parquet,raman,raman,CaF2 slide,none,none,785.0,digitized(literature),powder/standard,n/a,1,True,"processed(digitized,norm)",450.0,1800.0,1351,,grounding,True,False,raman|none|785.0,True,ok,True
ramanbiolib::8,rbl::adenine,adenine,RamanBioLib,/Users/surajpg/projects/GAIRA/streamlit_apps/gaira_demo/data/grounding_molecule_spectra.parquet,raman,raman,CaF2 slide,none,none,785.0,digitized(literature),powder/standard,n/a,1,True,"processed(digitized,norm)",450.0,1800.0,1351,,grounding,True,False,raman|none|785.0,True,ok,True
ramanbiolib::9,rbl::amylopectin,amylopectin,RamanBioLib,/Users/surajpg/projects/GAIRA/streamlit_apps/gaira_demo/data/grounding_molecule_spectra.parquet,raman,raman,CaF2 slide,none,none,785.0,digitized(literature),powder/standard,n/a,1,True,"processed(digitized,norm)",450.0,1800.0,1351,,grounding,True,False,raman|none|785.0,True,ok,True
ramanbiolib::10,rbl::amylose,amylose,RamanBioLib,/Users/surajpg/projects/GAIRA/streamlit_apps/gaira_demo/data/grounding_molecule_spectra.parquet,raman,raman,CaF2 slide,none,none,785.0,digitized(literature),powder/standard,n/a,1,True,"processed(digitized,norm)",450.0,1800.0,1351,,grounding,True,False,raman|none|785.0,True,ok,True
ramanbiolib::11,rbl::ascorbic acid,ascorbic acid,RamanBioLib,/Users/surajpg/projects/GAIRA/streamlit_apps/gaira_demo/data/grounding_molecule_spectra.parquet,raman,raman,CaF2 slide,none,none,785.0,digitized(literature),powder/standard,n/a,1,True,"processed(digitized,norm)",450.0,1800.0,1351,,grounding,True,False,raman|none|785.0,True,ok,True
ramanbiolib::12,rbl::cellulose,cellulose,RamanBioLib,/Users/surajpg/projects/GAIRA/streamlit_apps/gaira_demo/data/grounding_molecule_spectra.parquet,raman,raman,CaF2 slide,none,none,785.0,digitized(literature),powder/standard,n/a,1,True,"processed(digitized,norm)",450.0,1800.0,1351,,grounding,True,False,raman|none|785.0,True,ok,True
ramanbiolib::13,rbl::chitin,chitin,RamanBioLib,/Users/surajpg/projects/GAIRA/streamlit_apps/gaira_demo/data/grounding_molecule_spectra.parquet,raman,raman,CaF2 slide,none,none,785.0,digitized(literature),powder/standard,n/a,1,True,"processed(digitized,norm)",450.0,1800.0,1351,,grounding,True,False,raman|none|785.0,True,ok,True
ramanbiolib::14,rbl::citric acid,citric acid,RamanBioLib,/Users/surajpg/projects/GAIRA/streamlit_apps/gaira_demo/data/grounding_molecule_spectra.parquet,raman,raman,CaF2 slide,none,none,785.0,digitized(literature),powder/standard,n/a,1,True,"processed(digitized,norm)",450.0,1800.0,1351,,grounding,True,False,raman|none|785.0,True,ok,True
ramanbiolib::15,rbl::coenzyme a,coenzyme a,RamanBioLib,/Users/surajpg/projects/GAIRA/streamlit_apps/gaira_demo/data/grounding_molecule_spectra.parquet,raman,raman,CaF2 slide,none,none,785.0,digitized(literature),powder/standard,n/a,1,True,"processed(digitized,norm)",450.0,1800.0,1351,,grounding,True,False,raman|none|785.0,True,ok,True
ramanbiolib::16,rbl::cytosine,cytosine,RamanBioLib,/Users/surajpg/projects/GAIRA/streamlit_apps/gaira_demo/data/grounding_molecule_spectra.parquet,raman,raman,CaF2 slide,none,none,785.0,digitized(literature),powder/standard,n/a,1,True,"processed(digitized,norm)",450.0,1800.0,1351,,grounding,True,False,raman|none|785.0,True,ok,True
ramanbiolib::17,rbl::d-(+)-dextrose,d-(+)-dextrose,RamanBioLib,/Users/surajpg/projects/GAIRA/streamlit_apps/gaira_demo/data/grounding_molecule_spectra.parquet,raman,raman,CaF2 slide,none,none,785.0,digitized(literature),powder/standard,n/a,1,True,"processed(digitized,norm)",450.0,1800.0,1351,,grounding,True,False,raman|none|785.0,True,ok,True
ramanbiolib::18,rbl::d-(+)-fucose,d-(+)-fucose,RamanBioLib,/Users/surajpg/projects/GAIRA/streamlit_apps/gaira_demo/data/grounding_molecule_spectra.parquet,raman,raman,CaF2 slide,none,none,785.0,digitized(literature),powder/standard,n/a,1,True,"processed(digitized,norm)",450.0,1800.0,1351,,grounding,True,False,raman|none|785.0,True,ok,True
ramanbiolib::19,rbl::d-(+)-galactosamine,d-(+)-galactosamine,RamanBioLib,/Users/surajpg/projects/GAIRA/streamlit_apps/gaira_demo/data/grounding_molecule_spectra.parquet,raman,raman,CaF2 slide,none,none,785.0,digitized(literature),powder/standard,n/a,1,True,"processed(digitized,norm)",450.0,1800.0,1351,,grounding,True,False,raman|none|785.0,True,ok,True
ramanbiolib::20,rbl::d-(+)-mannose,d-(+)-mannose,RamanBioLib,/Users/surajpg/projects/GAIRA/streamlit_apps/gaira_demo/data/grounding_molecule_spectra.parquet,raman,raman,CaF2 slide,none,none,785.0,digitized(literature),powder/standard,n/a,1,True,"processed(digitized,norm)",450.0,1800.0,1351,,grounding,True,False,raman|none|785.0,True,ok,True
ramanbiolib::21,rbl::d-(+)-trehalose,d-(+)-trehalose,RamanBioLib,/Users/surajpg/projects/GAIRA/streamlit_apps/gaira_demo/data/grounding_molecule_spectra.parquet,raman,raman,CaF2 slide,none,none,785.0,digitized(literature),powder/standard,n/a,1,True,"processed(digitized,norm)",450.0,1800.0,1351,,grounding,True,False,raman|none|785.0,True,ok,True
ramanbiolib::22,rbl::d-(+)-xylose,d-(+)-xylose,RamanBioLib,/Users/surajpg/projects/GAIRA/streamlit_apps/gaira_demo/data/grounding_molecule_spectra.parquet,raman,raman,CaF2 slide,none,none,785.0,digitized(literature),powder/standard,n/a,1,True,"processed(digitized,norm)",450.0,1800.0,1351,,grounding,True,False,raman|none|785.0,True,ok,True
ramanbiolib::23,rbl::d-(-)-arabinose,d-(-)-arabinose,RamanBioLib,/Users/surajpg/projects/GAIRA/streamlit_apps/gaira_demo/data/grounding_molecule_spectra.parquet,raman,raman,CaF2 slide,none,none,785.0,digitized(literature),powder/standard,n/a,1,True,"processed(digitized,norm)",450.0,1800.0,1351,,grounding,True,False,raman|none|785.0,True,ok,True
ramanbiolib::24,rbl::d-(-)-fructose,d-(-)-fructose,RamanBioLib,/Users/surajpg/projects/GAIRA/streamlit_apps/gaira_demo/data/grounding_molecule_spectra.parquet,raman,raman,CaF2 slide,none,none,785.0,digitized(literature),powder/standard,n/a,1,True,"processed(digitized,norm)",450.0,1800.0,1351,,grounding,True,False,raman|none|785.0,True,ok,True
ramanbiolib::25,rbl::d-fructose-6-phosphate,d-fructose-6-phosphate,RamanBioLib,/Users/surajpg/projects/GAIRA/streamlit_apps/gaira_demo/data/grounding_molecule_spectra.parquet,raman,raman,CaF2 slide,none,none,785.0,digitized(literature),powder/standard,n/a,1,True,"processed(digitized,norm)",450.0,1800.0,1351,,grounding,True,False,raman|none|785.0,True,ok,True
ramanbiolib::26,rbl::fumarate,fumarate,RamanBioLib,/Users/surajpg/projects/GAIRA/streamlit_apps/gaira_demo/data/grounding_molecule_spectra.parquet,raman,raman,CaF2 slide,none,none,785.0,digitized(literature),powder/standard,n/a,1,True,"processed(digitized,norm)",450.0,1800.0,1351,,grounding,True,False,raman|none|785.0,True,ok,True
ramanbiolib::27,rbl::glutathione,glutathione,RamanBioLib,/Users/surajpg/projects/GAIRA/streamlit_apps/gaira_demo/data/grounding_molecule_spectra.parquet,raman,raman,CaF2 slide,none,none,785.0,digitized(literature),powder/standard,n/a,1,True,"processed(digitized,norm)",450.0,1800.0,1351,,grounding,True,False,raman|none|785.0,True,ok,True
ramanbiolib::28,rbl::glycerol,glycerol,RamanBioLib,/Users/surajpg/projects/GAIRA/streamlit_apps/gaira_demo/data/grounding_molecule_spectra.parquet,raman,raman,CaF2 slide,none,none,785.0,digitized(literature),powder/standard,n/a,1,True,"processed(digitized,norm)",450.0,1800.0,1351,,grounding,True,False,raman|none|785.0,True,ok,True
ramanbiolib::29,rbl::glycine,glycine,RamanBioLib,/Users/surajpg/projects/GAIRA/streamlit_apps/gaira_demo/data/grounding_molecule_spectra.parquet,raman,raman,CaF2 slide,none,none,785.0,digitized(literature),powder/standard,n/a,1,True,"processed(digitized,norm)",450.0,1800.0,1351,,grounding,True,False,raman|none|785.0,True,ok,True
ramanbiolib::30,rbl::guanine,guanine,RamanBioLib,/Users/surajpg/projects/GAIRA/streamlit_apps/gaira_demo/data/grounding_molecule_spectra.parquet,raman,raman,CaF2 slide,none,none,785.0,digitized(literature),powder/standard,n/a,1,True,"processed(digitized,norm)",450.0,1800.0,1351,,grounding,True,False,raman|none|785.0,True,ok,True
ramanbiolib::31,rbl::l-alanine,l-alanine,RamanBioLib,/Users/surajpg/projects/GAIRA/streamlit_apps/gaira_demo/data/grounding_molecule_spectra.parquet,raman,raman,CaF2 slide,none,none,785.0,digitized(literature),powder/standard,n/a,1,True,"processed(digitized,norm)",450.0,1800.0,1351,,grounding,True,False,raman|none|785.0,True,ok,True
ramanbiolib::32,rbl::l-arginine,l-arginine,RamanBioLib,/Users/surajpg/projects/GAIRA/streamlit_apps/gaira_demo/data/grounding_molecule_spectra.parquet,raman,raman,CaF2 slide,none,none,785.0,digitized(literature),powder/standard,n/a,1,True,"processed(digitized,norm)",450.0,1800.0,1351,,grounding,True,False,raman|none|785.0,True,ok,True
ramanbiolib::33,rbl::l-glutamate,l-glutamate,RamanBioLib,/Users/surajpg/projects/GAIRA/streamlit_apps/gaira_demo/data/grounding_molecule_spectra.parquet,raman,raman,CaF2 slide,none,none,785.0,digitized(literature),powder/standard,n/a,1,True,"processed(digitized,norm)",450.0,1800.0,1351,,grounding,True,False,raman|none|785.0,True,ok,True
ramanbiolib::34,rbl::l-histidine,l-histidine,RamanBioLib,/Users/surajpg/projects/GAIRA/streamlit_apps/gaira_demo/data/grounding_molecule_spectra.parquet,raman,raman,CaF2 slide,none,none,785.0,digitized(literature),powder/standard,n/a,1,True,"processed(digitized,norm)",450.0,1800.0,1351,,grounding,True,False,raman|none|785.0,True,ok,True
ramanbiolib::35,rbl::l-phenylalanine,l-phenylalanine,RamanBioLib,/Users/surajpg/projects/GAIRA/streamlit_apps/gaira_demo/data/grounding_molecule_spectra.parquet,raman,raman,CaF2 slide,none,none,785.0,digitized(literature),powder/standard,n/a,1,True,"processed(digitized,norm)",450.0,1800.0,1351,,grounding,True,False,raman|none|785.0,True,ok,True
ramanbiolib::36,rbl::l-proline,l-proline,RamanBioLib,/Users/surajpg/projects/GAIRA/streamlit_apps/gaira_demo/data/grounding_molecule_spectra.parquet,raman,raman,CaF2 slide,none,none,785.0,digitized(literature),powder/standard,n/a,1,True,"processed(digitized,norm)",450.0,1800.0,1351,,grounding,True,False,raman|none|785.0,True,ok,True
ramanbiolib::37,rbl::l-serine,l-serine,RamanBioLib,/Users/surajpg/projects/GAIRA/streamlit_apps/gaira_demo/data/grounding_molecule_spectra.parquet,raman,raman,CaF2 slide,none,none,785.0,digitized(literature),powder/standard,n/a,1,True,"processed(digitized,norm)",450.0,1800.0,1351,,grounding,True,False,raman|none|785.0,True,ok,True
ramanbiolib::38,rbl::l-tryptophan,l-tryptophan,RamanBioLib,/Users/surajpg/projects/GAIRA/streamlit_apps/gaira_demo/data/grounding_molecule_spectra.parquet,raman,raman,CaF2 slide,none,none,785.0,digitized(literature),powder/standard,n/a,1,True,"processed(digitized,norm)",450.0,1800.0,1351,,grounding,True,False,raman|none|785.0,True,ok,True
ramanbiolib::39,rbl::l-tyrosine,l-tyrosine,RamanBioLib,/Users/surajpg/projects/GAIRA/streamlit_apps/gaira_demo/data/grounding_molecule_spectra.parquet,raman,raman,CaF2 slide,none,none,785.0,digitized(literature),powder/standard,n/a,1,True,"processed(digitized,norm)",450.0,1800.0,1351,,grounding,True,False,raman|none|785.0,True,ok,True
ramanbiolib::40,rbl::l-valine,l-valine,RamanBioLib,/Users/surajpg/projects/GAIRA/streamlit_apps/gaira_demo/data/grounding_molecule_spectra.parquet,raman,raman,CaF2 slide,none,none,785.0,digitized(literature),powder/standard,n/a,1,True,"processed(digitized,norm)",450.0,1800.0,1351,,grounding,True,False,raman|none|785.0,True,ok,True
ramanbiolib::41,rbl::lactose,lactose,RamanBioLib,/Users/surajpg/projects/GAIRA/streamlit_apps/gaira_demo/data/grounding_molecule_spectra.parquet,raman,raman,CaF2 slide,none,none,785.0,digitized(literature),powder/standard,n/a,1,True,"processed(digitized,norm)",450.0,1800.0,1351,,grounding,True,False,raman|none|785.0,True,ok,True
ramanbiolib::42,rbl::lauric acid,lauric acid,RamanBioLib,/Users/surajpg/projects/GAIRA/streamlit_apps/gaira_demo/data/grounding_molecule_spectra.parquet,raman,raman,CaF2 slide,none,none,785.0,digitized(literature),powder/standard,n/a,1,True,"processed(digitized,norm)",450.0,1800.0,1351,,grounding,True,False,raman|none|785.0,True,ok,True
ramanbiolib::43,rbl::malic acid,malic acid,RamanBioLib,/Users/surajpg/projects/GAIRA/streamlit_apps/gaira_demo/data/grounding_molecule_spectra.parquet,raman,raman,CaF2 slide,none,none,785.0,digitized(literature),powder/standard,n/a,1,True,"processed(digitized,norm)",450.0,1800.0,1351,,grounding,True,False,raman|none|785.0,True,ok,True
ramanbiolib::44,rbl::myristic acid,myristic acid,RamanBioLib,/Users/surajpg/projects/GAIRA/streamlit_apps/gaira_demo/data/grounding_molecule_spectra.parquet,raman,raman,CaF2 slide,none,none,785.0,digitized(literature),powder/standard,n/a,1,True,"processed(digitized,norm)",450.0,1800.0,1351,,grounding,True,False,raman|none|785.0,True,ok,True
ramanbiolib::45,rbl::n-acetyl- d-glucosamine,n-acetyl- d-glucosamine,RamanBioLib,/Users/surajpg/projects/GAIRA/streamlit_apps/gaira_demo/data/grounding_molecule_spectra.parquet,raman,raman,CaF2 slide,none,none,785.0,digitized(literature),powder/standard,n/a,1,True,"processed(digitized,norm)",450.0,1800.0,1351,,grounding,True,False,raman|none|785.0,True,ok,True
ramanbiolib::46,rbl::oleic acid,oleic acid,RamanBioLib,/Users/surajpg/projects/GAIRA/streamlit_apps/gaira_demo/data/grounding_molecule_spectra.parquet,raman,raman,CaF2 slide,none,none,785.0,digitized(literature),powder/standard,n/a,1,True,"processed(digitized,norm)",450.0,1800.0,1351,,grounding,True,False,raman|none|785.0,True,ok,True
ramanbiolib::47,rbl::palmitic acid,palmitic acid,RamanBioLib,/Users/surajpg/projects/GAIRA/streamlit_apps/gaira_demo/data/grounding_molecule_spectra.parquet,raman,raman,CaF2 slide,none,none,785.0,digitized(literature),powder/standard,n/a,1,True,"processed(digitized,norm)",450.0,1800.0,1351,,grounding,True,False,raman|none|785.0,True,ok,True
ramanbiolib::48,rbl::phosphoenolpyruvate,phosphoenolpyruvate,RamanBioLib,/Users/surajpg/projects/GAIRA/streamlit_apps/gaira_demo/data/grounding_molecule_spectra.parquet,raman,raman,CaF2 slide,none,none,785.0,digitized(literature),powder/standard,n/a,1,True,"processed(digitized,norm)",450.0,1800.0,1351,,grounding,True,False,raman|none|785.0,True,ok,True
ramanbiolib::49,rbl::pyruvate,pyruvate,RamanBioLib,/Users/surajpg/projects/GAIRA/streamlit_apps/gaira_demo/data/grounding_molecule_spectra.parquet,raman,raman,CaF2 slide,none,none,785.0,digitized(literature),powder/standard,n/a,1,True,"processed(digitized,norm)",450.0,1800.0,1351,,grounding,True,False,raman|none|785.0,True,ok,True
ramanbiolib::50,rbl::riboﬂavin,riboﬂavin,RamanBioLib,/Users/surajpg/projects/GAIRA/streamlit_apps/gaira_demo/data/grounding_molecule_spectra.parquet,raman,raman,CaF2 slide,none,none,785.0,digitized(literature),powder/standard,n/a,1,True,"processed(digitized,norm)",450.0,1800.0,1351,,grounding,True,False,raman|none|785.0,True,ok,True
ramanbiolib::51,rbl::stearic acid,stearic acid,RamanBioLib,/Users/surajpg/projects/GAIRA/streamlit_apps/gaira_demo/data/grounding_molecule_spectra.parquet,raman,raman,CaF2 slide,none,none,785.0,digitized(literature),powder/standard,n/a,1,True,"processed(digitized,norm)",450.0,1800.0,1351,,grounding,True,False,raman|none|785.0,True,ok,True
ramanbiolib::52,rbl::succinic acid,succinic acid,RamanBioLib,/Users/surajpg/projects/GAIRA/streamlit_apps/gaira_demo/data/grounding_molecule_spectra.parquet,raman,raman,CaF2 slide,none,none,785.0,digitized(literature),powder/standard,n/a,1,True,"processed(digitized,norm)",450.0,1800.0,1351,,grounding,True,False,raman|none|785.0,True,ok,True
ramanbiolib::53,rbl::thymine,thymine,RamanBioLib,/Users/surajpg/projects/GAIRA/streamlit_apps/gaira_demo/data/grounding_molecule_spectra.parquet,raman,raman,CaF2 slide,none,none,785.0,digitized(literature),powder/standard,n/a,1,True,"processed(digitized,norm)",450.0,1800.0,1351,,grounding,True,False,raman|none|785.0,True,ok,True
ramanbiolib::54,rbl::trilinolein,trilinolein,RamanBioLib,/Users/surajpg/projects/GAIRA/streamlit_apps/gaira_demo/data/grounding_molecule_spectra.parquet,raman,raman,CaF2 slide,none,none,785.0,digitized(literature),powder/standard,n/a,1,True,"processed(digitized,norm)",450.0,1800.0,1351,,grounding,True,False,raman|none|785.0,True,ok,True
ramanbiolib::55,rbl::trilinolenin,trilinolenin,RamanBioLib,/Users/surajpg/projects/GAIRA/streamlit_apps/gaira_demo/data/grounding_molecule_spectra.parquet,raman,raman,CaF2 slide,none,none,785.0,digitized(literature),powder/standard,n/a,1,True,"processed(digitized,norm)",450.0,1800.0,1351,,grounding,True,False,raman|none|785.0,True,ok,True
ramanbiolib::56,rbl::triolein,triolein,RamanBioLib,/Users/surajpg/projects/GAIRA/streamlit_apps/gaira_demo/data/grounding_molecule_spectra.parquet,raman,raman,CaF2 slide,none,none,785.0,digitized(literature),powder/standard,n/a,1,True,"processed(digitized,norm)",450.0,1800.0,1351,,grounding,True,False,raman|none|785.0,True,ok,True
ramanbiolib::57,rbl::uracil,uracil,RamanBioLib,/Users/surajpg/projects/GAIRA/streamlit_apps/gaira_demo/data/grounding_molecule_spectra.parquet,raman,raman,CaF2 slide,none,none,785.0,digitized(literature),powder/standard,n/a,1,True,"processed(digitized,norm)",450.0,1800.0,1351,,grounding,True,False,raman|none|785.0,True,ok,True
ramanbiolib::58,rbl::vaccenic acid,vaccenic acid,RamanBioLib,/Users/surajpg/projects/GAIRA/streamlit_apps/gaira_demo/data/grounding_molecule_spectra.parquet,raman,raman,CaF2 slide,none,none,785.0,digitized(literature),powder/standard,n/a,1,True,"processed(digitized,norm)",450.0,1800.0,1351,,grounding,True,False,raman|none|785.0,True,ok,True
ramanbiolib::59,rbl::β-carotene,β-carotene,RamanBioLib,/Users/surajpg/projects/GAIRA/streamlit_apps/gaira_demo/data/grounding_molecule_spectra.parquet,raman,raman,CaF2 slide,none,none,785.0,digitized(literature),powder/standard,n/a,1,True,"processed(digitized,norm)",450.0,1800.0,1351,,grounding,True,False,raman|none|785.0,True,ok,True
ramanbiolib::60,rbl::β-d-glucose,β-d-glucose,RamanBioLib,/Users/surajpg/projects/GAIRA/streamlit_apps/gaira_demo/data/grounding_molecule_spectra.parquet,raman,raman,CaF2 slide,none,none,785.0,digitized(literature),powder/standard,n/a,1,True,"processed(digitized,norm)",450.0,1800.0,1351,,grounding,True,False,raman|none|785.0,True,ok,True
ramanbiolib::61,rbl::arachidonic acid,arachidonic acid,RamanBioLib,/Users/surajpg/projects/GAIRA/streamlit_apps/gaira_demo/data/grounding_molecule_spectra.parquet,raman,raman, CaF2 slide,none,none,532.0,digitized(literature),powder/standard,n/a,1,True,"processed(digitized,norm)",450.0,1800.0,1351,,grounding,True,False,raman|none|532.0,True,ok,True
ramanbiolib::62,rbl::α-linolenic acid,α-linolenic acid,RamanBioLib,/Users/surajpg/projects/GAIRA/streamlit_apps/gaira_demo/data/grounding_molecule_spectra.parquet,raman,raman, CaF2 slide,none,none,532.0,digitized(literature),powder/standard,n/a,1,True,"processed(digitized,norm)",450.0,1800.0,1351,,grounding,True,False,raman|none|532.0,True,ok,True
ramanbiolib::63,rbl::arachidic acid,arachidic acid,RamanBioLib,/Users/surajpg/projects/GAIRA/streamlit_apps/gaira_demo/data/grounding_molecule_spectra.parquet,raman,raman, CaF2 slide,none,none,532.0,digitized(literature),powder/standard,n/a,1,True,"processed(digitized,norm)",450.0,1800.0,1351,,grounding,True,False,raman|none|532.0,True,ok,True
ramanbiolib::64,rbl::cholesterol,cholesterol,RamanBioLib,/Users/surajpg/projects/GAIRA/streamlit_apps/gaira_demo/data/grounding_molecule_spectra.parquet,raman,raman, CaF2 slide,none,none,532.0,digitized(literature),powder/standard,n/a,1,True,"processed(digitized,norm)",450.0,1800.0,1351,,grounding,True,False,raman|none|532.0,True,ok,True
ramanbiolib::65,rbl::cholesteryl linoleate,cholesteryl linoleate,RamanBioLib,/Users/surajpg/projects/GAIRA/streamlit_apps/gaira_demo/data/grounding_molecule_spectra.parquet,raman,raman, CaF2 slide,none,none,532.0,digitized(literature),powder/standard,n/a,1,True,"processed(digitized,norm)",450.0,1800.0,1351,,grounding,True,False,raman|none|532.0,True,ok,True
ramanbiolib::66,rbl::cholesteryl oleate,cholesteryl oleate,RamanBioLib,/Users/surajpg/projects/GAIRA/streamlit_apps/gaira_demo/data/grounding_molecule_spectra.parquet,raman,raman, CaF2 slide,none,none,532.0,digitized(literature),powder/standard,n/a,1,True,"processed(digitized,norm)",450.0,1800.0,1351,,grounding,True,False,raman|none|532.0,True,ok,True
ramanbiolib::67,rbl::cholesteryl palmitate,cholesteryl palmitate,RamanBioLib,/Users/surajpg/projects/GAIRA/streamlit_apps/gaira_demo/data/grounding_molecule_spectra.parquet,raman,raman, CaF2 slide,none,none,532.0,digitized(literature),powder/standard,n/a,1,True,"processed(digitized,norm)",450.0,1800.0,1351,,grounding,True,False,raman|none|532.0,True,ok,True
ramanbiolib::68,rbl::cholesteryl stearate,cholesteryl stearate,RamanBioLib,/Users/surajpg/projects/GAIRA/streamlit_apps/gaira_demo/data/grounding_molecule_spectra.parquet,raman,raman, CaF2 slide,none,none,532.0,digitized(literature),powder/standard,n/a,1,True,"processed(digitized,norm)",450.0,1800.0,1351,,grounding,True,False,raman|none|532.0,True,ok,True
ramanbiolib::69,rbl::elaidic acid,elaidic acid,RamanBioLib,/Users/surajpg/projects/GAIRA/streamlit_apps/gaira_demo/data/grounding_molecule_spectra.parquet,raman,raman, CaF2 slide,none,none,532.0,digitized(literature),powder/standard,n/a,1,True,"processed(digitized,norm)",450.0,1800.0,1351,,grounding,True,False,raman|none|532.0,True,ok,True
ramanbiolib::70,rbl::linoleic acid,linoleic acid,RamanBioLib,/Users/surajpg/projects/GAIRA/streamlit_apps/gaira_demo/data/grounding_molecule_spectra.parquet,raman,raman, CaF2 slide,none,none,532.0,digitized(literature),powder/standard,n/a,1,True,"processed(digitized,norm)",450.0,1800.0,1351,,grounding,True,False,raman|none|532.0,True,ok,True
ramanbiolib::71,rbl::myristic acid,myristic acid,RamanBioLib,/Users/surajpg/projects/GAIRA/streamlit_apps/gaira_demo/data/grounding_molecule_spectra.parquet,raman,raman, CaF2 slide,none,none,532.0,digitized(literature),powder/standard,n/a,1,True,"processed(digitized,norm)",450.0,1800.0,1351,,grounding,True,False,raman|none|532.0,True,ok,True
ramanbiolib::72,rbl::oleic acid,oleic acid,RamanBioLib,/Users/surajpg/projects/GAIRA/streamlit_apps/gaira_demo/data/grounding_molecule_spectra.parquet,raman,raman, CaF2 slide,none,none,532.0,digitized(literature),powder/standard,n/a,1,True,"processed(digitized,norm)",450.0,1800.0,1351,,grounding,True,False,raman|none|532.0,True,ok,True
ramanbiolib::73,rbl::palmitic acid,palmitic acid,RamanBioLib,/Users/surajpg/projects/GAIRA/streamlit_apps/gaira_demo/data/grounding_molecule_spectra.parquet,raman,raman, CaF2 slide,none,none,532.0,digitized(literature),powder/standard,n/a,1,True,"processed(digitized,norm)",450.0,1800.0,1351,,grounding,True,False,raman|none|532.0,True,ok,True
ramanbiolib::74,rbl::l-α-phosphatidylcholine,l-α-phosphatidylcholine,RamanBioLib,/Users/surajpg/projects/GAIRA/streamlit_apps/gaira_demo/data/grounding_molecule_spectra.parquet,raman,raman, CaF2 slide,none,none,532.0,digitized(literature),powder/standard,n/a,1,True,"processed(digitized,norm)",450.0,1800.0,1351,,grounding,True,False,raman|none|532.0,True,ok,True
ramanbiolib::75,rbl::l-α-phosphatidylethanolamine,l-α-phosphatidylethanolamine,RamanBioLib,/Users/surajpg/projects/GAIRA/streamlit_apps/gaira_demo/data/grounding_molecule_spectra.parquet,raman,raman, CaF2 slide,none,none,532.0,digitized(literature),powder/standard,n/a,1,True,"processed(digitized,norm)",450.0,1800.0,1351,,grounding,True,False,raman|none|532.0,True,ok,True
ramanbiolib::76,rbl::palmitoleic acid,palmitoleic acid,RamanBioLib,/Users/surajpg/projects/GAIRA/streamlit_apps/gaira_demo/data/grounding_molecule_spectra.parquet,raman,raman, CaF2 slide,none,none,532.0,digitized(literature),powder/standard,n/a,1,True,"processed(digitized,norm)",450.0,1800.0,1351,,grounding,True,False,raman|none|532.0,True,ok,True
ramanbiolib::77,rbl::stearic acid,stearic acid,RamanBioLib,/Users/surajpg/projects/GAIRA/streamlit_apps/gaira_demo/data/grounding_molecule_spectra.parquet,raman,raman, CaF2 slide,none,none,532.0,digitized(literature),powder/standard,n/a,1,True,"processed(digitized,norm)",450.0,1800.0,1351,,grounding,True,False,raman|none|532.0,True,ok,True
ramanbiolib::78,rbl::sphingomyelin,sphingomyelin,RamanBioLib,/Users/surajpg/projects/GAIRA/streamlit_apps/gaira_demo/data/grounding_molecule_spectra.parquet,raman,raman, CaF2 slide,none,none,532.0,digitized(literature),powder/standard,n/a,1,True,"processed(digitized,norm)",450.0,1800.0,1351,,grounding,True,False,raman|none|532.0,True,ok,True
ramanbiolib::79,rbl::triarachidin,triarachidin,RamanBioLib,/Users/surajpg/projects/GAIRA/streamlit_apps/gaira_demo/data/grounding_molecule_spectra.parquet,raman,raman,Metal ring,none,none,1064.0,digitized(literature),powder/standard,n/a,1,True,"processed(digitized,norm)",450.0,1800.0,1351,,grounding,True,False,raman|none|1064.0,True,ok,True
ramanbiolib::80,rbl::tribehenin,tribehenin,RamanBioLib,/Users/surajpg/projects/GAIRA/streamlit_apps/gaira_demo/data/grounding_molecule_spectra.parquet,raman,raman,Metal ring,none,none,1064.0,digitized(literature),powder/standard,n/a,1,True,"processed(digitized,norm)",450.0,1800.0,1351,,grounding,True,False,raman|none|1064.0,True,ok,True
ramanbiolib::81,rbl::tricaproin,tricaproin,RamanBioLib,/Users/surajpg/projects/GAIRA/streamlit_apps/gaira_demo/data/grounding_molecule_spectra.parquet,raman,raman,Metal ring,none,none,1064.0,digitized(literature),powder/standard,n/a,1,True,"processed(digitized,norm)",450.0,1800.0,1351,,grounding,True,False,raman|none|1064.0,True,ok,True
ramanbiolib::82,rbl::tricaprin,tricaprin,RamanBioLib,/Users/surajpg/projects/GAIRA/streamlit_apps/gaira_demo/data/grounding_molecule_spectra.parquet,raman,raman,Metal ring,none,none,1064.0,digitized(literature),powder/standard,n/a,1,True,"processed(digitized,norm)",450.0,1800.0,1351,,grounding,True,False,raman|none|1064.0,True,ok,True
ramanbiolib::83,rbl::tricaprylin,tricaprylin,RamanBioLib,/Users/surajpg/projects/GAIRA/streamlit_apps/gaira_demo/data/grounding_molecule_spectra.parquet,raman,raman,Metal ring,none,none,1064.0,digitized(literature),powder/standard,n/a,1,True,"processed(digitized,norm)",450.0,1800.0,1351,,grounding,True,False,raman|none|1064.0,True,ok,True
ramanbiolib::84,rbl::trielaidin,trielaidin,RamanBioLib,/Users/surajpg/projects/GAIRA/streamlit_apps/gaira_demo/data/grounding_molecule_spectra.parquet,raman,raman,Metal ring,none,none,1064.0,digitized(literature),powder/standard,n/a,1,True,"processed(digitized,norm)",450.0,1800.0,1351,,grounding,True,False,raman|none|1064.0,True,ok,True
ramanbiolib::85,rbl::tri-11-eicosenoin,tri-11-eicosenoin,RamanBioLib,/Users/surajpg/projects/GAIRA/streamlit_apps/gaira_demo/data/grounding_molecule_spectra.parquet,raman,raman,Metal ring,none,none,1064.0,digitized(literature),powder/standard,n/a,1,True,"processed(digitized,norm)",450.0,1800.0,1351,,grounding,True,False,raman|none|1064.0,True,ok,True
ramanbiolib::86,rbl::trierucin,trierucin,RamanBioLib,/Users/surajpg/projects/GAIRA/streamlit_apps/gaira_demo/data/grounding_molecule_spectra.parquet,raman,raman,Metal ring,none,none,1064.0,digitized(literature),powder/standard,n/a,1,True,"processed(digitized,norm)",450.0,1800.0,1351,,grounding,True,False,raman|none|1064.0,True,ok,True
ramanbiolib::87,rbl::trilinolein,trilinolein,RamanBioLib,/Users/surajpg/projects/GAIRA/streamlit_apps/gaira_demo/data/grounding_molecule_spectra.parquet,raman,raman,Metal ring,none,none,1064.0,digitized(literature),powder/standard,n/a,1,True,"processed(digitized,norm)",450.0,1800.0,1351,,grounding,True,False,raman|none|1064.0,True,ok,True
ramanbiolib::88,rbl::trilinolenin,trilinolenin,RamanBioLib,/Users/surajpg/projects/GAIRA/streamlit_apps/gaira_demo/data/grounding_molecule_spectra.parquet,raman,raman,Metal ring,none,none,1064.0,digitized(literature),powder/standard,n/a,1,True,"processed(digitized,norm)",450.0,1800.0,1351,,grounding,True,False,raman|none|1064.0,True,ok,True
ramanbiolib::89,rbl::trilaurin,trilaurin,RamanBioLib,/Users/surajpg/projects/GAIRA/streamlit_apps/gaira_demo/data/grounding_molecule_spectra.parquet,raman,raman,Metal ring,none,none,1064.0,digitized(literature),powder/standard,n/a,1,True,"processed(digitized,norm)",450.0,1800.0,1351,,grounding,True,False,raman|none|1064.0,True,ok,True
ramanbiolib::90,rbl::trimyristin,trimyristin,RamanBioLib,/Users/surajpg/projects/GAIRA/streamlit_apps/gaira_demo/data/grounding_molecule_spectra.parquet,raman,raman,Metal ring,none,none,1064.0,digitized(literature),powder/standard,n/a,1,True,"processed(digitized,norm)",450.0,1800.0,1351,,grounding,True,False,raman|none|1064.0,True,ok,True
ramanbiolib::91,rbl::triolein,triolein,RamanBioLib,/Users/surajpg/projects/GAIRA/streamlit_apps/gaira_demo/data/grounding_molecule_spectra.parquet,raman,raman,Metal ring,none,none,1064.0,digitized(literature),powder/standard,n/a,1,True,"processed(digitized,norm)",450.0,1800.0,1351,,grounding,True,False,raman|none|1064.0,True,ok,True
ramanbiolib::92,rbl::tripalmitin,tripalmitin,RamanBioLib,/Users/surajpg/projects/GAIRA/streamlit_apps/gaira_demo/data/grounding_molecule_spectra.parquet,raman,raman,Metal ring,none,none,1064.0,digitized(literature),powder/standard,n/a,1,True,"processed(digitized,norm)",450.0,1800.0,1351,,grounding,True,False,raman|none|1064.0,True,ok,True
ramanbiolib::93,rbl::tripetroselinin,tripetroselinin,RamanBioLib,/Users/surajpg/projects/GAIRA/streamlit_apps/gaira_demo/data/grounding_molecule_spectra.parquet,raman,raman,Metal ring,none,none,1064.0,digitized(literature),powder/standard,n/a,1,True,"processed(digitized,norm)",450.0,1800.0,1351,,grounding,True,False,raman|none|1064.0,True,ok,True
ramanbiolib::94,rbl::tripalmitolein,tripalmitolein,RamanBioLib,/Users/surajpg/projects/GAIRA/streamlit_apps/gaira_demo/data/grounding_molecule_spectra.parquet,raman,raman,Metal ring,none,none,1064.0,digitized(literature),powder/standard,n/a,1,True,"processed(digitized,norm)",450.0,1800.0,1351,,grounding,True,False,raman|none|1064.0,True,ok,True
ramanbiolib::95,rbl::tristearin,tristearin,RamanBioLib,/Users/surajpg/projects/GAIRA/streamlit_apps/gaira_demo/data/grounding_molecule_spectra.parquet,raman,raman,Metal ring,none,none,1064.0,digitized(literature),powder/standard,n/a,1,True,"processed(digitized,norm)",450.0,1800.0,1351,,grounding,True,False,raman|none|1064.0,True,ok,True
ramanbiolib::96,rbl::lactalbumin,lactalbumin,RamanBioLib,/Users/surajpg/projects/GAIRA/streamlit_apps/gaira_demo/data/grounding_molecule_spectra.parquet,raman,raman,Glass microscope slide,none,none,488.0,digitized(literature),powder/standard,n/a,1,True,"processed(digitized,norm)",450.0,1800.0,1351,,grounding,True,False,raman|none|488.0,True,ok,True
ramanbiolib::97,rbl::lactalbumin,lactalbumin,RamanBioLib,/Users/surajpg/projects/GAIRA/streamlit_apps/gaira_demo/data/grounding_molecule_spectra.parquet,raman,raman,Glass microscope slide,none,none,532.0,digitized(literature),powder/standard,n/a,1,True,"processed(digitized,norm)",450.0,1800.0,1351,,grounding,True,False,raman|none|532.0,True,ok,True
ramanbiolib::98,rbl::lactalbumin,lactalbumin,RamanBioLib,/Users/surajpg/projects/GAIRA/streamlit_apps/gaira_demo/data/grounding_molecule_spectra.parquet,raman,raman,Metal rings,none,none,1064.0,digitized(literature),powder/standard,n/a,1,True,"processed(digitized,norm)",450.0,1800.0,1351,,grounding,True,False,raman|none|1064.0,True,ok,True
ramanbiolib::99,rbl::albumin,albumin,RamanBioLib,/Users/surajpg/projects/GAIRA/streamlit_apps/gaira_demo/data/grounding_molecule_spectra.parquet,raman,raman,Glass microscope slide,none,none,488.0,digitized(literature),powder/standard,n/a,1,True,"processed(digitized,norm)",450.0,1800.0,1351,,grounding,True,False,raman|none|488.0,True,ok,True
ramanbiolib::100,rbl::albumin,albumin,RamanBioLib,/Users/surajpg/projects/GAIRA/streamlit_apps/gaira_demo/data/grounding_molecule_spectra.parquet,raman,raman,Glass microscope slide,none,none,532.0,digitized(literature),powder/standard,n/a,1,True,"processed(digitized,norm)",450.0,1800.0,1351,,grounding,True,False,raman|none|532.0,True,ok,True
ramanbiolib::101,rbl::albumin,albumin,RamanBioLib,/Users/surajpg/projects/GAIRA/streamlit_apps/gaira_demo/data/grounding_molecule_spectra.parquet,raman,raman,Metal rings,none,none,1064.0,digitized(literature),powder/standard,n/a,1,True,"processed(digitized,norm)",450.0,1800.0,1351,,grounding,True,False,raman|none|1064.0,True,ok,True
ramanbiolib::102,rbl::carbonic anhydrase,carbonic anhydrase,RamanBioLib,/Users/surajpg/projects/GAIRA/streamlit_apps/gaira_demo/data/grounding_molecule_spectra.parquet,raman,raman,Glass microscope slide,none,none,488.0,digitized(literature),powder/standard,n/a,1,True,"processed(digitized,norm)",450.0,1800.0,1351,,grounding,True,False,raman|none|488.0,True,ok,True
ramanbiolib::103,rbl::carbonic anhydrase,carbonic anhydrase,RamanBioLib,/Users/surajpg/projects/GAIRA/streamlit_apps/gaira_demo/data/grounding_molecule_spectra.parquet,raman,raman,Glass microscope slide,none,none,532.0,digitized(literature),powder/standard,n/a,1,True,"processed(digitized,norm)",450.0,1800.0,1351,,grounding,True,False,raman|none|532.0,True,ok,True
ramanbiolib::104,rbl::carbonic anhydrase,carbonic anhydrase,RamanBioLib,/Users/surajpg/projects/GAIRA/streamlit_apps/gaira_demo/data/grounding_molecule_spectra.parquet,raman,raman,Metal rings,none,none,1064.0,digitized(literature),powder/standard,n/a,1,True,"processed(digitized,norm)",450.0,1800.0,1351,,grounding,True,False,raman|none|1064.0,True,ok,True
ramanbiolib::105,rbl::collagen,collagen,RamanBioLib,/Users/surajpg/projects/GAIRA/streamlit_apps/gaira_demo/data/grounding_molecule_spectra.parquet,raman,raman,Glass microscope slide,none,none,488.0,digitized(literature),powder/standard,n/a,1,True,"processed(digitized,norm)",450.0,1800.0,1351,,grounding,True,False,raman|none|488.0,True,ok,True
ramanbiolib::106,rbl::collagen,collagen,RamanBioLib,/Users/surajpg/projects/GAIRA/streamlit_apps/gaira_demo/data/grounding_molecule_spectra.parquet,raman,raman,Glass microscope slide,none,none,532.0,digitized(literature),powder/standard,n/a,1,True,"processed(digitized,norm)",450.0,1800.0,1351,,grounding,True,False,raman|none|532.0,True,ok,True
ramanbiolib::107,rbl::collagen,collagen,RamanBioLib,/Users/surajpg/projects/GAIRA/streamlit_apps/gaira_demo/data/grounding_molecule_spectra.parquet,raman,raman,Metal rings,none,none,1064.0,digitized(literature),powder/standard,n/a,1,True,"processed(digitized,norm)",450.0,1800.0,1351,,grounding,True,False,raman|none|1064.0,True,ok,True
ramanbiolib::108,rbl::α-chymotrypsinogen a (type ii),α-chymotrypsinogen a (type ii),RamanBioLib,/Users/surajpg/projects/GAIRA/streamlit_apps/gaira_demo/data/grounding_molecule_spectra.parquet,raman,raman,Glass microscope slide,none,none,488.0,digitized(literature),powder/standard,n/a,1,True,"processed(digitized,norm)",450.0,1800.0,1351,,grounding,True,False,raman|none|488.0,True,ok,True
ramanbiolib::109,rbl::α-chymotrypsinogen a (type ii),α-chymotrypsinogen a (type ii),RamanBioLib,/Users/surajpg/projects/GAIRA/streamlit_apps/gaira_demo/data/grounding_molecule_spectra.parquet,raman,raman,Glass microscope slide,none,none,532.0,digitized(literature),powder/standard,n/a,1,True,"processed(digitized,norm)",450.0,1800.0,1351,,grounding,True,False,raman|none|532.0,True,ok,True
ramanbiolib::110,rbl::α-chymotrypsinogen a (type ii),α-chymotrypsinogen a (type ii),RamanBioLib,/Users/surajpg/projects/GAIRA/streamlit_apps/gaira_demo/data/grounding_molecule_spectra.parquet,raman,raman,Metal rings,none,none,1064.0,digitized(literature),powder/standard,n/a,1,True,"processed(digitized,norm)",450.0,1800.0,1351,,grounding,True,False,raman|none|1064.0,True,ok,True
ramanbiolib::111,rbl::elastase,elastase,RamanBioLib,/Users/surajpg/projects/GAIRA/streamlit_apps/gaira_demo/data/grounding_molecule_spectra.parquet,raman,raman,Glass microscope slide,none,none,488.0,digitized(literature),powder/standard,n/a,1,True,"processed(digitized,norm)",450.0,1800.0,1351,,grounding,True,False,raman|none|488.0,True,ok,True
ramanbiolib::112,rbl::elastase,elastase,RamanBioLib,/Users/surajpg/projects/GAIRA/streamlit_apps/gaira_demo/data/grounding_molecule_spectra.parquet,raman,raman,Glass microscope slide,none,none,532.0,digitized(literature),powder/standard,n/a,1,True,"processed(digitized,norm)",450.0,1800.0,1351,,grounding,True,False,raman|none|532.0,True,ok,True
ramanbiolib::113,rbl::elastase,elastase,RamanBioLib,/Users/surajpg/projects/GAIRA/streamlit_apps/gaira_demo/data/grounding_molecule_spectra.parquet,raman,raman,Metal rings,none,none,1064.0,digitized(literature),powder/standard,n/a,1,True,"processed(digitized,norm)",450.0,1800.0,1351,,grounding,True,False,raman|none|1064.0,True,ok,True
ramanbiolib::114,rbl::ferritin,ferritin,RamanBioLib,/Users/surajpg/projects/GAIRA/streamlit_apps/gaira_demo/data/grounding_molecule_spectra.parquet,raman,raman,Glass microscope slide,none,none,488.0,digitized(literature),powder/standard,n/a,1,True,"processed(digitized,norm)",450.0,1800.0,1351,,grounding,True,False,raman|none|488.0,True,ok,True
ramanbiolib::115,rbl::ferritin,ferritin,RamanBioLib,/Users/surajpg/projects/GAIRA/streamlit_apps/gaira_demo/data/grounding_molecule_spectra.parquet,raman,raman,Glass microscope slide,none,none,532.0,digitized(literature),powder/standard,n/a,1,True,"processed(digitized,norm)",450.0,1800.0,1351,,grounding,True,False,raman|none|532.0,True,ok,True
ramanbiolib::116,rbl::ferritin,ferritin,RamanBioLib,/Users/surajpg/projects/GAIRA/streamlit_apps/gaira_demo/data/grounding_molecule_spectra.parquet,raman,raman,Metal rings,none,none,1064.0,digitized(literature),powder/standard,n/a,1,True,"processed(digitized,norm)",450.0,1800.0,1351,,grounding,True,False,raman|none|1064.0,True,ok,True
ramanbiolib::117,rbl::glutathione transferase,glutathione transferase,RamanBioLib,/Users/surajpg/projects/GAIRA/streamlit_apps/gaira_demo/data/grounding_molecule_spectra.parquet,raman,raman,Glass microscope slide,none,none,488.0,digitized(literature),powder/standard,n/a,1,True,"processed(digitized,norm)",450.0,1800.0,1351,,grounding,True,False,raman|none|488.0,True,ok,True
ramanbiolib::118,rbl::glutathione transferase,glutathione transferase,RamanBioLib,/Users/surajpg/projects/GAIRA/streamlit_apps/gaira_demo/data/grounding_molecule_spectra.parquet,raman,raman,Glass microscope slide,none,none,532.0,digitized(literature),powder/standard,n/a,1,True,"processed(digitized,norm)",450.0,1800.0,1351,,grounding,True,False,raman|none|532.0,True,ok,True
ramanbiolib::119,rbl::horseradish peroxidase,horseradish peroxidase,RamanBioLib,/Users/surajpg/projects/GAIRA/streamlit_apps/gaira_demo/data/grounding_molecule_spectra.parquet,raman,raman,Glass microscope slide,none,none,488.0,digitized(literature),powder/standard,n/a,1,True,"processed(digitized,norm)",450.0,1800.0,1351,,grounding,True,False,raman|none|488.0,True,ok,True
ramanbiolib::120,rbl::horseradish peroxidase,horseradish peroxidase,RamanBioLib,/Users/surajpg/projects/GAIRA/streamlit_apps/gaira_demo/data/grounding_molecule_spectra.parquet,raman,raman,Glass microscope slide,none,none,532.0,digitized(literature),powder/standard,n/a,1,True,"processed(digitized,norm)",450.0,1800.0,1351,,grounding,True,False,raman|none|532.0,True,ok,True
ramanbiolib::121,rbl::hemoglobin,hemoglobin,RamanBioLib,/Users/surajpg/projects/GAIRA/streamlit_apps/gaira_demo/data/grounding_molecule_spectra.parquet,raman,raman,Glass microscope slide,none,none,488.0,digitized(literature),powder/standard,n/a,1,True,"processed(digitized,norm)",450.0,1800.0,1351,,grounding,True,False,raman|none|488.0,True,ok,True
ramanbiolib::122,rbl::hemoglobin,hemoglobin,RamanBioLib,/Users/surajpg/projects/GAIRA/streamlit_apps/gaira_demo/data/grounding_molecule_spectra.parquet,raman,raman,Glass microscope slide,none,none,532.0,digitized(literature),powder/standard,n/a,1,True,"processed(digitized,norm)",450.0,1800.0,1351,,grounding,True,False,raman|none|532.0,True,ok,True
ramanbiolib::123,rbl::lectin,lectin,RamanBioLib,/Users/surajpg/projects/GAIRA/streamlit_apps/gaira_demo/data/grounding_molecule_spectra.parquet,raman,raman,Glass microscope slide,none,none,488.0,digitized(literature),powder/standard,n/a,1,True,"processed(digitized,norm)",450.0,1800.0,1351,,grounding,True,False,raman|none|488.0,True,ok,True
ramanbiolib::124,rbl::lectin,lectin,RamanBioLib,/Users/surajpg/projects/GAIRA/streamlit_apps/gaira_demo/data/grounding_molecule_spectra.parquet,raman,raman,Glass microscope slide,none,none,532.0,digitized(literature),powder/standard,n/a,1,True,"processed(digitized,norm)",450.0,1800.0,1351,,grounding,True,False,raman|none|532.0,True,ok,True
ramanbiolib::125,rbl::lectin,lectin,RamanBioLib,/Users/surajpg/projects/GAIRA/streamlit_apps/gaira_demo/data/grounding_molecule_spectra.parquet,raman,raman,Metal rings,none,none,1064.0,digitized(literature),powder/standard,n/a,1,True,"processed(digitized,norm)",450.0,1800.0,1351,,grounding,True,False,raman|none|1064.0,True,ok,True
ramanbiolib::126,rbl::myoglobin,myoglobin,RamanBioLib,/Users/surajpg/projects/GAIRA/streamlit_apps/gaira_demo/data/grounding_molecule_spectra.parquet,raman,raman,Glass microscope slide,none,none,488.0,digitized(literature),powder/standard,n/a,1,True,"processed(digitized,norm)",450.0,1800.0,1351,,grounding,True,False,raman|none|488.0,True,ok,True
ramanbiolib::127,rbl::myoglobin,myoglobin,RamanBioLib,/Users/surajpg/projects/GAIRA/streamlit_apps/gaira_demo/data/grounding_molecule_spectra.parquet,raman,raman,Glass microscope slide,none,none,532.0,digitized(literature),powder/standard,n/a,1,True,"processed(digitized,norm)",450.0,1800.0,1351,,grounding,True,False,raman|none|532.0,True,ok,True
ramanbiolib::128,rbl::papain,papain,RamanBioLib,/Users/surajpg/projects/GAIRA/streamlit_apps/gaira_demo/data/grounding_molecule_spectra.parquet,raman,raman,Glass microscope slide,none,none,488.0,digitized(literature),powder/standard,n/a,1,True,"processed(digitized,norm)",450.0,1800.0,1351,,grounding,True,False,raman|none|488.0,True,ok,True
ramanbiolib::129,rbl::papain,papain,RamanBioLib,/Users/surajpg/projects/GAIRA/streamlit_apps/gaira_demo/data/grounding_molecule_spectra.parquet,raman,raman,Glass microscope slide,none,none,532.0,digitized(literature),powder/standard,n/a,1,True,"processed(digitized,norm)",450.0,1800.0,1351,,grounding,True,False,raman|none|532.0,True,ok,True
ramanbiolib::130,rbl::papain,papain,RamanBioLib,/Users/surajpg/projects/GAIRA/streamlit_apps/gaira_demo/data/grounding_molecule_spectra.parquet,raman,raman,Metal rings,none,none,1064.0,digitized(literature),powder/standard,n/a,1,True,"processed(digitized,norm)",450.0,1800.0,1351,,grounding,True,False,raman|none|1064.0,True,ok,True
ramanbiolib::131,rbl::pepsin,pepsin,RamanBioLib,/Users/surajpg/projects/GAIRA/streamlit_apps/gaira_demo/data/grounding_molecule_spectra.parquet,raman,raman,Glass microscope slide,none,none,488.0,digitized(literature),powder/standard,n/a,1,True,"processed(digitized,norm)",450.0,1800.0,1351,,grounding,True,False,raman|none|488.0,True,ok,True
ramanbiolib::132,rbl::pepsin,pepsin,RamanBioLib,/Users/surajpg/projects/GAIRA/streamlit_apps/gaira_demo/data/grounding_molecule_spectra.parquet,raman,raman,Glass microscope slide,none,none,532.0,digitized(literature),powder/standard,n/a,1,True,"processed(digitized,norm)",450.0,1800.0,1351,,grounding,True,False,raman|none|532.0,True,ok,True
ramanbiolib::133,rbl::pepsin,pepsin,RamanBioLib,/Users/surajpg/projects/GAIRA/streamlit_apps/gaira_demo/data/grounding_molecule_spectra.parquet,raman,raman,Metal rings,none,none,1064.0,digitized(literature),powder/standard,n/a,1,True,"processed(digitized,norm)",450.0,1800.0,1351,,grounding,True,False,raman|none|1064.0,True,ok,True
ramanbiolib::134,rbl::pepsinogen,pepsinogen,RamanBioLib,/Users/surajpg/projects/GAIRA/streamlit_apps/gaira_demo/data/grounding_molecule_spectra.parquet,raman,raman,Glass microscope slide,none,none,488.0,digitized(literature),powder/standard,n/a,1,True,"processed(digitized,norm)",450.0,1800.0,1351,,grounding,True,False,raman|none|488.0,True,ok,True
ramanbiolib::135,rbl::pepsinogen,pepsinogen,RamanBioLib,/Users/surajpg/projects/GAIRA/streamlit_apps/gaira_demo/data/grounding_molecule_spectra.parquet,raman,raman,Glass microscope slide,none,none,532.0,digitized(literature),powder/standard,n/a,1,True,"processed(digitized,norm)",450.0,1800.0,1351,,grounding,True,False,raman|none|532.0,True,ok,True
ramanbiolib::136,rbl::pepsinogen,pepsinogen,RamanBioLib,/Users/surajpg/projects/GAIRA/streamlit_apps/gaira_demo/data/grounding_molecule_spectra.parquet,raman,raman,Metal rings,none,none,1064.0,digitized(literature),powder/standard,n/a,1,True,"processed(digitized,norm)",450.0,1800.0,1351,,grounding,True,False,raman|none|1064.0,True,ok,True
ramanbiolib::137,rbl::major proteinase,major proteinase,RamanBioLib,/Users/surajpg/projects/GAIRA/streamlit_apps/gaira_demo/data/grounding_molecule_spectra.parquet,raman,raman,Glass microscope slide,none,none,488.0,digitized(literature),powder/standard,n/a,1,True,"processed(digitized,norm)",450.0,1800.0,1351,,grounding,True,False,raman|none|488.0,True,ok,True
ramanbiolib::138,rbl::major proteinase,major proteinase,RamanBioLib,/Users/surajpg/projects/GAIRA/streamlit_apps/gaira_demo/data/grounding_molecule_spectra.parquet,raman,raman,Glass microscope slide,none,none,532.0,digitized(literature),powder/standard,n/a,1,True,"processed(digitized,norm)",450.0,1800.0,1351,,grounding,True,False,raman|none|532.0,True,ok,True
ramanbiolib::139,rbl::major proteinase,major proteinase,RamanBioLib,/Users/surajpg/projects/GAIRA/streamlit_apps/gaira_demo/data/grounding_molecule_spectra.parquet,raman,raman,Metal rings,none,none,1064.0,digitized(literature),powder/standard,n/a,1,True,"processed(digitized,norm)",450.0,1800.0,1351,,grounding,True,False,raman|none|1064.0,True,ok,True
ramanbiolib::140,rbl::superoxide dismutases,superoxide dismutases,RamanBioLib,/Users/surajpg/projects/GAIRA/streamlit_apps/gaira_demo/data/grounding_molecule_spectra.parquet,raman,raman,Glass microscope slide,none,none,488.0,digitized(literature),powder/standard,n/a,1,True,"processed(digitized,norm)",450.0,1800.0,1351,,grounding,True,False,raman|none|488.0,True,ok,True
ramanbiolib::141,rbl::superoxide dismutases,superoxide dismutases,RamanBioLib,/Users/surajpg/projects/GAIRA/streamlit_apps/gaira_demo/data/grounding_molecule_spectra.parquet,raman,raman,Glass microscope slide,none,none,532.0,digitized(literature),powder/standard,n/a,1,True,"processed(digitized,norm)",450.0,1800.0,1351,,grounding,True,False,raman|none|532.0,True,ok,True
ramanbiolib::142,rbl::superoxide dismutases,superoxide dismutases,RamanBioLib,/Users/surajpg/projects/GAIRA/streamlit_apps/gaira_demo/data/grounding_molecule_spectra.parquet,raman,raman,Metal rings,none,none,1064.0,digitized(literature),powder/standard,n/a,1,True,"processed(digitized,norm)",450.0,1800.0,1351,,grounding,True,False,raman|none|1064.0,True,ok,True
ramanbiolib::143,rbl::trypsinogen,trypsinogen,RamanBioLib,/Users/surajpg/projects/GAIRA/streamlit_apps/gaira_demo/data/grounding_molecule_spectra.parquet,raman,raman,Glass microscope slide,none,none,488.0,digitized(literature),powder/standard,n/a,1,True,"processed(digitized,norm)",450.0,1800.0,1351,,grounding,True,False,raman|none|488.0,True,ok,True
ramanbiolib::144,rbl::trypsinogen,trypsinogen,RamanBioLib,/Users/surajpg/projects/GAIRA/streamlit_apps/gaira_demo/data/grounding_molecule_spectra.parquet,raman,raman,Glass microscope slide,none,none,532.0,digitized(literature),powder/standard,n/a,1,True,"processed(digitized,norm)",450.0,1800.0,1351,,grounding,True,False,raman|none|532.0,True,ok,True
ramanbiolib::145,rbl::trypsinogen,trypsinogen,RamanBioLib,/Users/surajpg/projects/GAIRA/streamlit_apps/gaira_demo/data/grounding_molecule_spectra.parquet,raman,raman,Metal rings,none,none,1064.0,digitized(literature),powder/standard,n/a,1,True,"processed(digitized,norm)",450.0,1800.0,1351,,grounding,True,False,raman|none|1064.0,True,ok,True
ramanbiolib::146,rbl::trypsin inhibitor,trypsin inhibitor,RamanBioLib,/Users/surajpg/projects/GAIRA/streamlit_apps/gaira_demo/data/grounding_molecule_spectra.parquet,raman,raman,Glass microscope slide,none,none,488.0,digitized(literature),powder/standard,n/a,1,True,"processed(digitized,norm)",450.0,1800.0,1351,,grounding,True,False,raman|none|488.0,True,ok,True
ramanbiolib::147,rbl::trypsin inhibitor,trypsin inhibitor,RamanBioLib,/Users/surajpg/projects/GAIRA/streamlit_apps/gaira_demo/data/grounding_molecule_spectra.parquet,raman,raman,Glass microscope slide,none,none,532.0,digitized(literature),powder/standard,n/a,1,True,"processed(digitized,norm)",450.0,1800.0,1351,,grounding,True,False,raman|none|532.0,True,ok,True
ramanbiolib::148,rbl::trypsin inhibitor,trypsin inhibitor,RamanBioLib,/Users/surajpg/projects/GAIRA/streamlit_apps/gaira_demo/data/grounding_molecule_spectra.parquet,raman,raman,Metal rings,none,none,1064.0,digitized(literature),powder/standard,n/a,1,True,"processed(digitized,norm)",450.0,1800.0,1351,,grounding,True,False,raman|none|1064.0,True,ok,True
ramanbiolib::149,rbl::thaumatin,thaumatin,RamanBioLib,/Users/surajpg/projects/GAIRA/streamlit_apps/gaira_demo/data/grounding_molecule_spectra.parquet,raman,raman,Glass microscope slide,none,none,488.0,digitized(literature),powder/standard,n/a,1,True,"processed(digitized,norm)",450.0,1800.0,1351,,grounding,True,False,raman|none|488.0,True,ok,True
ramanbiolib::150,rbl::thaumatin,thaumatin,RamanBioLib,/Users/surajpg/projects/GAIRA/streamlit_apps/gaira_demo/data/grounding_molecule_spectra.parquet,raman,raman,Glass microscope slide,none,none,532.0,digitized(literature),powder/standard,n/a,1,True,"processed(digitized,norm)",450.0,1800.0,1351,,grounding,True,False,raman|none|532.0,True,ok,True
ramanbiolib::151,rbl::thaumatin,thaumatin,RamanBioLib,/Users/surajpg/projects/GAIRA/streamlit_apps/gaira_demo/data/grounding_molecule_spectra.parquet,raman,raman,Metal rings,none,none,1064.0,digitized(literature),powder/standard,n/a,1,True,"processed(digitized,norm)",450.0,1800.0,1351,,grounding,True,False,raman|none|1064.0,True,ok,True
ramanbiolib::152,rbl::triosephosphate isomerase,triosephosphate isomerase,RamanBioLib,/Users/surajpg/projects/GAIRA/streamlit_apps/gaira_demo/data/grounding_molecule_spectra.parquet,raman,raman,Glass microscope slide,none,none,488.0,digitized(literature),powder/standard,n/a,1,True,"processed(digitized,norm)",450.0,1800.0,1351,,grounding,True,False,raman|none|488.0,True,ok,True
ramanbiolib::153,rbl::triosephosphate isomerase,triosephosphate isomerase,RamanBioLib,/Users/surajpg/projects/GAIRA/streamlit_apps/gaira_demo/data/grounding_molecule_spectra.parquet,raman,raman,Glass microscope slide,none,none,532.0,digitized(literature),powder/standard,n/a,1,True,"processed(digitized,norm)",450.0,1800.0,1351,,grounding,True,False,raman|none|532.0,True,ok,True
ramanbiolib::154,rbl::triosephosphate isomerase,triosephosphate isomerase,RamanBioLib,/Users/surajpg/projects/GAIRA/streamlit_apps/gaira_demo/data/grounding_molecule_spectra.parquet,raman,raman,Metal rings,none,none,1064.0,digitized(literature),powder/standard,n/a,1,True,"processed(digitized,norm)",450.0,1800.0,1351,,grounding,True,False,raman|none|1064.0,True,ok,True
ramanbiolib::155,rbl::trypsin,trypsin,RamanBioLib,/Users/surajpg/projects/GAIRA/streamlit_apps/gaira_demo/data/grounding_molecule_spectra.parquet,raman,raman,Glass microscope slide,none,none,488.0,digitized(literature),powder/standard,n/a,1,True,"processed(digitized,norm)",450.0,1800.0,1351,,grounding,True,False,raman|none|488.0,True,ok,True
ramanbiolib::156,rbl::trypsin,trypsin,RamanBioLib,/Users/surajpg/projects/GAIRA/streamlit_apps/gaira_demo/data/grounding_molecule_spectra.parquet,raman,raman,Glass microscope slide,none,none,532.0,digitized(literature),powder/standard,n/a,1,True,"processed(digitized,norm)",450.0,1800.0,1351,,grounding,True,False,raman|none|532.0,True,ok,True
ramanbiolib::157,rbl::trypsin,trypsin,RamanBioLib,/Users/surajpg/projects/GAIRA/streamlit_apps/gaira_demo/data/grounding_molecule_spectra.parquet,raman,raman,Metal rings,none,none,1064.0,digitized(literature),powder/standard,n/a,1,True,"processed(digitized,norm)",450.0,1800.0,1351,,grounding,True,False,raman|none|1064.0,True,ok,True
ramanbiolib::158,rbl::ubiquitin,ubiquitin,RamanBioLib,/Users/surajpg/projects/GAIRA/streamlit_apps/gaira_demo/data/grounding_molecule_spectra.parquet,raman,raman,Glass microscope slide,none,none,488.0,digitized(literature),powder/standard,n/a,1,True,"processed(digitized,norm)",450.0,1800.0,1351,,grounding,True,False,raman|none|488.0,True,ok,True
ramanbiolib::159,rbl::ubiquitin,ubiquitin,RamanBioLib,/Users/surajpg/projects/GAIRA/streamlit_apps/gaira_demo/data/grounding_molecule_spectra.parquet,raman,raman,Glass microscope slide,none,none,532.0,digitized(literature),powder/standard,n/a,1,True,"processed(digitized,norm)",450.0,1800.0,1351,,grounding,True,False,raman|none|532.0,True,ok,True
ramanbiolib::160,rbl::ubiquitin,ubiquitin,RamanBioLib,/Users/surajpg/projects/GAIRA/streamlit_apps/gaira_demo/data/grounding_molecule_spectra.parquet,raman,raman,Metal rings,none,none,1064.0,digitized(literature),powder/standard,n/a,1,True,"processed(digitized,norm)",450.0,1800.0,1351,,grounding,True,False,raman|none|1064.0,True,ok,True
ramanbiolib::161,rbl::glucose oxidase,glucose oxidase,RamanBioLib,/Users/surajpg/projects/GAIRA/streamlit_apps/gaira_demo/data/grounding_molecule_spectra.parquet,raman,raman,Glass microscope slide,none,none,532.0,digitized(literature),powder/standard,n/a,1,True,"processed(digitized,norm)",450.0,1800.0,1351,,grounding,True,False,raman|none|532.0,True,ok,True
ramanbiolib::162,rbl::glucose oxidase,glucose oxidase,RamanBioLib,/Users/surajpg/projects/GAIRA/streamlit_apps/gaira_demo/data/grounding_molecule_spectra.parquet,raman,raman,Metal rings,none,none,1064.0,digitized(literature),powder/standard,n/a,1,True,"processed(digitized,norm)",450.0,1800.0,1351,,grounding,True,False,raman|none|1064.0,True,ok,True
ramanbiolib::163,rbl::xylanase,xylanase,RamanBioLib,/Users/surajpg/projects/GAIRA/streamlit_apps/gaira_demo/data/grounding_molecule_spectra.parquet,raman,raman,Glass microscope slide,none,none,488.0,digitized(literature),powder/standard,n/a,1,True,"processed(digitized,norm)",450.0,1800.0,1351,,grounding,True,False,raman|none|488.0,True,ok,True
ramanbiolib::164,rbl::xylanase,xylanase,RamanBioLib,/Users/surajpg/projects/GAIRA/streamlit_apps/gaira_demo/data/grounding_molecule_spectra.parquet,raman,raman,Glass microscope slide,none,none,532.0,digitized(literature),powder/standard,n/a,1,True,"processed(digitized,norm)",450.0,1800.0,1351,,grounding,True,False,raman|none|532.0,True,ok,True
ramanbiolib::165,rbl::xylanase,xylanase,RamanBioLib,/Users/surajpg/projects/GAIRA/streamlit_apps/gaira_demo/data/grounding_molecule_spectra.parquet,raman,raman,Metal rings,none,none,1064.0,digitized(literature),powder/standard,n/a,1,True,"processed(digitized,norm)",450.0,1800.0,1351,,grounding,True,False,raman|none|1064.0,True,ok,True
ramanbiolib::166,rbl::cytochrome c,cytochrome c,RamanBioLib,/Users/surajpg/projects/GAIRA/streamlit_apps/gaira_demo/data/grounding_molecule_spectra.parquet,raman,raman,Glass microscope slide,none,none,488.0,digitized(literature),powder/standard,n/a,1,True,"processed(digitized,norm)",450.0,1800.0,1351,,grounding,True,False,raman|none|488.0,True,ok,True
ramanbiolib::167,rbl::cytochrome c,cytochrome c,RamanBioLib,/Users/surajpg/projects/GAIRA/streamlit_apps/gaira_demo/data/grounding_molecule_spectra.parquet,raman,raman,Glass microscope slide,none,none,532.0,digitized(literature),powder/standard,n/a,1,True,"processed(digitized,norm)",450.0,1800.0,1351,,grounding,True,False,raman|none|532.0,True,ok,True
ramanbiolib::168,rbl::a-dna,a-dna,RamanBioLib,/Users/surajpg/projects/GAIRA/streamlit_apps/gaira_demo/data/grounding_molecule_spectra.parquet,raman,raman,nan,none,none,514.5,digitized(literature),powder/standard,n/a,1,True,"processed(digitized,norm)",450.0,1800.0,1351,,grounding,True,False,raman|none|514.5,True,ok,True
ramanbiolib::169,rbl::b-dna,b-dna,RamanBioLib,/Users/surajpg/projects/GAIRA/streamlit_apps/gaira_demo/data/grounding_molecule_spectra.parquet,raman,raman,nan,none,none,514.5,digitized(literature),powder/standard,n/a,1,True,"processed(digitized,norm)",450.0,1800.0,1351,,grounding,True,False,raman|none|514.5,True,ok,True
ramanbiolib::170,rbl::t-rna,t-rna,RamanBioLib,/Users/surajpg/projects/GAIRA/streamlit_apps/gaira_demo/data/grounding_molecule_spectra.parquet,raman,raman,nan,none,none,488.0,digitized(literature),powder/standard,n/a,1,True,"processed(digitized,norm)",450.0,1800.0,1351,,grounding,True,False,raman|none|488.0,True,ok,True
ramanbiolib::171,rbl::ceramide,ceramide,RamanBioLib,/Users/surajpg/projects/GAIRA/streamlit_apps/gaira_demo/data/grounding_molecule_spectra.parquet,raman,raman,Glass tube,none,none,1064.0,digitized(literature),powder/standard,n/a,1,True,"processed(digitized,norm)",450.0,1800.0,1351,,grounding,True,False,raman|none|1064.0,True,ok,True
ramanbiolib::172,rbl::melanin,melanin,RamanBioLib,/Users/surajpg/projects/GAIRA/streamlit_apps/gaira_demo/data/grounding_molecule_spectra.parquet,raman,raman,nan,none,none,785.0,digitized(literature),powder/standard,n/a,1,True,"processed(digitized,norm)",450.0,1800.0,1351,,grounding,True,False,raman|none|785.0,True,ok,True
ramanbiolib::173,rbl::melanin,melanin,RamanBioLib,/Users/surajpg/projects/GAIRA/streamlit_apps/gaira_demo/data/grounding_molecule_spectra.parquet,raman,raman,nan,none,none,632.8,digitized(literature),powder/standard,n/a,1,True,"processed(digitized,norm)",450.0,1800.0,1351,,grounding,True,False,raman|none|632.8,True,ok,True
ramanbiolib::174,rbl::melanin,melanin,RamanBioLib,/Users/surajpg/projects/GAIRA/streamlit_apps/gaira_demo/data/grounding_molecule_spectra.parquet,raman,raman,nan,none,none,514.5,digitized(literature),powder/standard,n/a,1,True,"processed(digitized,norm)",450.0,1800.0,1351,,grounding,True,False,raman|none|514.5,True,ok,True
ramanbiolib::175,rbl::melanin,melanin,RamanBioLib,/Users/surajpg/projects/GAIRA/streamlit_apps/gaira_demo/data/grounding_molecule_spectra.parquet,raman,raman,nan,none,none,457.9,digitized(literature),powder/standard,n/a,1,True,"processed(digitized,norm)",450.0,1800.0,1351,,grounding,True,False,raman|none|457.9,True,ok,True
ramanbiolib::176,rbl::2-deoxy-d-ribose,2-deoxy-d-ribose,RamanBioLib,/Users/surajpg/projects/GAIRA/streamlit_apps/gaira_demo/data/grounding_molecule_spectra.parquet,raman,raman,Metal discs,none,none,1064.0,digitized(literature),powder/standard,n/a,1,True,"processed(digitized,norm)",450.0,1800.0,1351,,grounding,True,False,raman|none|1064.0,True,ok,True
ramanbiolib::177,rbl::amylopectin,amylopectin,RamanBioLib,/Users/surajpg/projects/GAIRA/streamlit_apps/gaira_demo/data/grounding_molecule_spectra.parquet,raman,raman,Metal discs,none,none,1064.0,digitized(literature),powder/standard,n/a,1,True,"processed(digitized,norm)",450.0,1800.0,1351,,grounding,True,False,raman|none|1064.0,True,ok,True
ramanbiolib::178,rbl::amylose,amylose,RamanBioLib,/Users/surajpg/projects/GAIRA/streamlit_apps/gaira_demo/data/grounding_molecule_spectra.parquet,raman,raman,Metal discs,none,none,1064.0,digitized(literature),powder/standard,n/a,1,True,"processed(digitized,norm)",450.0,1800.0,1351,,grounding,True,False,raman|none|1064.0,True,ok,True
ramanbiolib::179,rbl::d-(+)-galactose,d-(+)-galactose,RamanBioLib,/Users/surajpg/projects/GAIRA/streamlit_apps/gaira_demo/data/grounding_molecule_spectra.parquet,raman,raman,Metal discs,none,none,1064.0,digitized(literature),powder/standard,n/a,1,True,"processed(digitized,norm)",450.0,1800.0,1351,,grounding,True,False,raman|none|1064.0,True,ok,True
ramanbiolib::180,rbl::d-(+)-glucose,d-(+)-glucose,RamanBioLib,/Users/surajpg/projects/GAIRA/streamlit_apps/gaira_demo/data/grounding_molecule_spectra.parquet,raman,raman,Metal discs,none,none,1064.0,digitized(literature),powder/standard,n/a,1,True,"processed(digitized,norm)",450.0,1800.0,1351,,grounding,True,False,raman|none|1064.0,True,ok,True
ramanbiolib::181,rbl::d-(+)-lactose monohydrate,d-(+)-lactose monohydrate,RamanBioLib,/Users/surajpg/projects/GAIRA/streamlit_apps/gaira_demo/data/grounding_molecule_spectra.parquet,raman,raman,Metal discs,none,none,1064.0,digitized(literature),powder/standard,n/a,1,True,"processed(digitized,norm)",450.0,1800.0,1351,,grounding,True,False,raman|none|1064.0,True,ok,True
ramanbiolib::182,rbl::d-(+)-maltose monohydrate,d-(+)-maltose monohydrate,RamanBioLib,/Users/surajpg/projects/GAIRA/streamlit_apps/gaira_demo/data/grounding_molecule_spectra.parquet,raman,raman,Metal discs,none,none,1064.0,digitized(literature),powder/standard,n/a,1,True,"processed(digitized,norm)",450.0,1800.0,1351,,grounding,True,False,raman|none|1064.0,True,ok,True
ramanbiolib::183,rbl::d-(+)-raffinose pentahydrate,d-(+)-raffinose pentahydrate,RamanBioLib,/Users/surajpg/projects/GAIRA/streamlit_apps/gaira_demo/data/grounding_molecule_spectra.parquet,raman,raman,Metal discs,none,none,1064.0,digitized(literature),powder/standard,n/a,1,True,"processed(digitized,norm)",450.0,1800.0,1351,,grounding,True,False,raman|none|1064.0,True,ok,True
ramanbiolib::184,rbl::d-(+)-sucrose,d-(+)-sucrose,RamanBioLib,/Users/surajpg/projects/GAIRA/streamlit_apps/gaira_demo/data/grounding_molecule_spectra.parquet,raman,raman,Metal discs,none,none,1064.0,digitized(literature),powder/standard,n/a,1,True,"processed(digitized,norm)",450.0,1800.0,1351,,grounding,True,False,raman|none|1064.0,True,ok,True
ramanbiolib::185,rbl::d-(+)-xylose,d-(+)-xylose,RamanBioLib,/Users/surajpg/projects/GAIRA/streamlit_apps/gaira_demo/data/grounding_molecule_spectra.parquet,raman,raman,Metal discs,none,none,1064.0,digitized(literature),powder/standard,n/a,1,True,"processed(digitized,norm)",450.0,1800.0,1351,,grounding,True,False,raman|none|1064.0,True,ok,True
ramanbiolib::186,rbl::d-(-)-fructose,d-(-)-fructose,RamanBioLib,/Users/surajpg/projects/GAIRA/streamlit_apps/gaira_demo/data/grounding_molecule_spectra.parquet,raman,raman,Metal discs,none,none,1064.0,digitized(literature),powder/standard,n/a,1,True,"processed(digitized,norm)",450.0,1800.0,1351,,grounding,True,False,raman|none|1064.0,True,ok,True
ramanbiolib::187,rbl::d-(-)-ribose,d-(-)-ribose,RamanBioLib,/Users/surajpg/projects/GAIRA/streamlit_apps/gaira_demo/data/grounding_molecule_spectra.parquet,raman,raman,Metal discs,none,none,1064.0,digitized(literature),powder/standard,n/a,1,True,"processed(digitized,norm)",450.0,1800.0,1351,,grounding,True,False,raman|none|1064.0,True,ok,True
ramanbiolib::188,rbl::glycogen,glycogen,RamanBioLib,/Users/surajpg/projects/GAIRA/streamlit_apps/gaira_demo/data/grounding_molecule_spectra.parquet,raman,raman,Metal discs,none,none,1064.0,digitized(literature),powder/standard,n/a,1,True,"processed(digitized,norm)",450.0,1800.0,1351,,grounding,True,False,raman|none|1064.0,True,ok,True
ramanbiolib::189,rbl::l-(+)-arabinose,l-(+)-arabinose,RamanBioLib,/Users/surajpg/projects/GAIRA/streamlit_apps/gaira_demo/data/grounding_molecule_spectra.parquet,raman,raman,Metal discs,none,none,1064.0,digitized(literature),powder/standard,n/a,1,True,"processed(digitized,norm)",450.0,1800.0,1351,,grounding,True,False,raman|none|1064.0,True,ok,True
ramanbiolib::190,rbl::ceramide,ceramide,RamanBioLib,/Users/surajpg/projects/GAIRA/streamlit_apps/gaira_demo/data/grounding_molecule_spectra.parquet,raman,raman,nan,none,none,850.0,digitized(literature),powder/standard,n/a,1,True,"processed(digitized,norm)",450.0,1800.0,1351,,grounding,True,False,raman|none|850.0,True,ok,True
ramanbiolib::191,rbl::elastin,elastin,RamanBioLib,/Users/surajpg/projects/GAIRA/streamlit_apps/gaira_demo/data/grounding_molecule_spectra.parquet,raman,raman,nan,none,none,1064.0,digitized(literature),powder/standard,n/a,1,True,"processed(digitized,norm)",450.0,1800.0,1351,,grounding,True,False,raman|none|1064.0,True,ok,True
ramanbiolib::192,rbl::keratin,keratin,RamanBioLib,/Users/surajpg/projects/GAIRA/streamlit_apps/gaira_demo/data/grounding_molecule_spectra.parquet,raman,raman," Sample compartment of the
instrument",none,none,1064.0,digitized(literature),powder/standard,n/a,1,True,"processed(digitized,norm)",450.0,1800.0,1351,,grounding,True,False,raman|none|1064.0,True,ok,True
ramanbiolib::193,rbl::l-asparagine,l-asparagine,RamanBioLib,/Users/surajpg/projects/GAIRA/streamlit_apps/gaira_demo/data/grounding_molecule_spectra.parquet,raman,raman,nan,none,none,488.0,digitized(literature),powder/standard,n/a,1,True,"processed(digitized,norm)",450.0,1800.0,1351,,grounding,True,False,raman|none|488.0,True,ok,True
ramanbiolib::194,rbl::l-aspartic acid,l-aspartic acid,RamanBioLib,/Users/surajpg/projects/GAIRA/streamlit_apps/gaira_demo/data/grounding_molecule_spectra.parquet,raman,raman,nan,none,none,488.0,digitized(literature),powder/standard,n/a,1,True,"processed(digitized,norm)",450.0,1800.0,1351,,grounding,True,False,raman|none|488.0,True,ok,True
ramanbiolib::195,rbl::glucosamine,glucosamine,RamanBioLib,/Users/surajpg/projects/GAIRA/streamlit_apps/gaira_demo/data/grounding_molecule_spectra.parquet,raman,raman,nan,none,none,488.0,digitized(literature),powder/standard,n/a,1,True,"processed(digitized,norm)",450.0,1800.0,1351,,grounding,True,False,raman|none|488.0,True,ok,True
ramanbiolib::196,rbl::tubulin,tubulin,RamanBioLib,/Users/surajpg/projects/GAIRA/streamlit_apps/gaira_demo/data/grounding_molecule_spectra.parquet,raman,raman,Coverslip and glass slide,none,none,532.0,digitized(literature),powder/standard,n/a,1,True,"processed(digitized,norm)",450.0,1800.0,1351,,grounding,True,False,raman|none|532.0,True,ok,True
ramanbiolib::197,rbl::insulin,insulin,RamanBioLib,/Users/surajpg/projects/GAIRA/streamlit_apps/gaira_demo/data/grounding_molecule_spectra.parquet,raman,raman,Gold-coated glass sustrate,none,none,633.0,digitized(literature),powder/standard,n/a,1,True,"processed(digitized,norm)",450.0,1800.0,1351,,grounding,True,False,raman|none|633.0,True,ok,True
ramanbiolib::198,rbl::diethylstilbestrol,diethylstilbestrol,RamanBioLib,/Users/surajpg/projects/GAIRA/streamlit_apps/gaira_demo/data/grounding_molecule_spectra.parquet,raman,raman,nan,none,none,532.0,digitized(literature),powder/standard,n/a,1,True,"processed(digitized,norm)",450.0,1800.0,1351,,grounding,True,False,raman|none|532.0,True,ok,True
ramanbiolib::199,rbl::estradiol,estradiol,RamanBioLib,/Users/surajpg/projects/GAIRA/streamlit_apps/gaira_demo/data/grounding_molecule_spectra.parquet,raman,raman,nan,none,none,532.0,digitized(literature),powder/standard,n/a,1,True,"processed(digitized,norm)",450.0,1800.0,1351,,grounding,True,False,raman|none|532.0,True,ok,True
ramanbiolib::200,rbl::estriol,estriol,RamanBioLib,/Users/surajpg/projects/GAIRA/streamlit_apps/gaira_demo/data/grounding_molecule_spectra.parquet,raman,raman,nan,none,none,532.0,digitized(literature),powder/standard,n/a,1,True,"processed(digitized,norm)",450.0,1800.0,1351,,grounding,True,False,raman|none|532.0,True,ok,True
ramanbiolib::201,rbl::estrone,estrone,RamanBioLib,/Users/surajpg/projects/GAIRA/streamlit_apps/gaira_demo/data/grounding_molecule_spectra.parquet,raman,raman,nan,none,none,532.0,digitized(literature),powder/standard,n/a,1,True,"processed(digitized,norm)",450.0,1800.0,1351,,grounding,True,False,raman|none|532.0,True,ok,True
ramanbiolib::202,rbl::ethinylestradiol,ethinylestradiol,RamanBioLib,/Users/surajpg/projects/GAIRA/streamlit_apps/gaira_demo/data/grounding_molecule_spectra.parquet,raman,raman,nan,none,none,532.0,digitized(literature),powder/standard,n/a,1,True,"processed(digitized,norm)",450.0,1800.0,1351,,grounding,True,False,raman|none|532.0,True,ok,True
metabolite63::l-cysteine,m63::l-cysteine,L-Cysteine,sers_metabolite_63(PMC6989628),/Volumes/SSD_Rad/GAIRA_DATA/raw/sers_metabolite_63/NIHMS1547448-supplement-2.xlsx,sers,sers,Ag citrate colloid (Lee-Meisel),colloid,colloid,633.0,Acton SP2300 / PIXIS,aqueous,physiological,avg(3 scans),True,"processed(avg,bg-subtracted)",500.592,1999.13,716,,grounding,True,False,sers|colloid|633.0,True,ok,True
metabolite63::tetrahydrofolate,m63::tetrahydrofolate,Tetrahydrofolate,sers_metabolite_63(PMC6989628),/Volumes/SSD_Rad/GAIRA_DATA/raw/sers_metabolite_63/NIHMS1547448-supplement-2.xlsx,sers,sers,Ag citrate colloid (Lee-Meisel),colloid,colloid,633.0,Acton SP2300 / PIXIS,aqueous,physiological,avg(3 scans),True,"processed(avg,bg-subtracted)",501.505,1995.28,716,,grounding,True,False,sers|colloid|633.0,True,ok,True
metabolite63::dihydrofolate,m63::dihydrofolate,Dihydrofolate,sers_metabolite_63(PMC6989628),/Volumes/SSD_Rad/GAIRA_DATA/raw/sers_metabolite_63/NIHMS1547448-supplement-2.xlsx,sers,sers,Ag citrate colloid (Lee-Meisel),colloid,colloid,633.0,Acton SP2300 / PIXIS,aqueous,physiological,avg(3 scans),True,"processed(avg,bg-subtracted)",501.505,1995.28,716,,grounding,True,False,sers|colloid|633.0,True,ok,True
metabolite63::l-cystine,m63::l-cystine,L-Cystine,sers_metabolite_63(PMC6989628),/Volumes/SSD_Rad/GAIRA_DATA/raw/sers_metabolite_63/NIHMS1547448-supplement-2.xlsx,sers,sers,Ag citrate colloid (Lee-Meisel),colloid,colloid,633.0,Acton SP2300 / PIXIS,aqueous,physiological,avg(3 scans),True,"processed(avg,bg-subtracted)",501.505,1995.28,716,,grounding,True,False,sers|colloid|633.0,True,ok,True
metabolite63::l-tryptophan,m63::l-tryptophan,L-Tryptophan,sers_metabolite_63(PMC6989628),/Volumes/SSD_Rad/GAIRA_DATA/raw/sers_metabolite_63/NIHMS1547448-supplement-2.xlsx,sers,sers,Ag citrate colloid (Lee-Meisel),colloid,colloid,633.0,Acton SP2300 / PIXIS,aqueous,physiological,avg(3 scans),True,"processed(avg,bg-subtracted)",501.505,1995.28,716,,grounding,True,False,sers|colloid|633.0,True,ok,True
metabolite63::nicotinamide,m63::nicotinamide,Nicotinamide,sers_metabolite_63(PMC6989628),/Volumes/SSD_Rad/GAIRA_DATA/raw/sers_metabolite_63/NIHMS1547448-supplement-2.xlsx,sers,sers,Ag citrate colloid (Lee-Meisel),colloid,colloid,633.0,Acton SP2300 / PIXIS,aqueous,physiological,avg(3 scans),True,"processed(avg,bg-subtracted)",501.505,1995.28,716,,grounding,True,False,sers|colloid|633.0,True,ok,True
metabolite63::cys-gly,m63::cys-gly,Cys-Gly,sers_metabolite_63(PMC6989628),/Volumes/SSD_Rad/GAIRA_DATA/raw/sers_metabolite_63/NIHMS1547448-supplement-2.xlsx,sers,sers,Ag citrate colloid (Lee-Meisel),colloid,colloid,633.0,Acton SP2300 / PIXIS,aqueous,physiological,avg(3 scans),True,"processed(avg,bg-subtracted)",501.505,1995.28,716,,grounding,True,False,sers|colloid|633.0,True,ok,True
metabolite63::bis(3-aminopropyl)amine,m63::bis(3-aminopropyl)amine,BIS(3-AMINOPROPYL)AMINE,sers_metabolite_63(PMC6989628),/Volumes/SSD_Rad/GAIRA_DATA/raw/sers_metabolite_63/NIHMS1547448-supplement-2.xlsx,sers,sers,Ag citrate colloid (Lee-Meisel),colloid,colloid,633.0,Acton SP2300 / PIXIS,aqueous,physiological,avg(3 scans),True,"processed(avg,bg-subtracted)",505.089,2002.21,716,,grounding,True,False,sers|colloid|633.0,True,ok,True
metabolite63::homocysteine,m63::homocysteine,HOMOCYSTEINE,sers_metabolite_63(PMC6989628),/Volumes/SSD_Rad/GAIRA_DATA/raw/sers_metabolite_63/NIHMS1547448-supplement-2.xlsx,sers,sers,Ag citrate colloid (Lee-Meisel),colloid,colloid,633.0,Acton SP2300 / PIXIS,aqueous,physiological,avg(3 scans),True,"processed(avg,bg-subtracted)",505.089,2002.21,716,,grounding,True,False,sers|colloid|633.0,True,ok,True
metabolite63::caffeine,m63::caffeine,CAFFEINE,sers_metabolite_63(PMC6989628),/Volumes/SSD_Rad/GAIRA_DATA/raw/sers_metabolite_63/NIHMS1547448-supplement-2.xlsx,sers,sers,Ag citrate colloid (Lee-Meisel),colloid,colloid,633.0,Acton SP2300 / PIXIS,aqueous,physiological,avg(3 scans),True,"processed(avg,bg-subtracted)",505.089,2002.21,716,,grounding,True,False,sers|colloid|633.0,True,ok,True
metabolite63::kynurenine,m63::kynurenine,KYNURENINE,sers_metabolite_63(PMC6989628),/Volumes/SSD_Rad/GAIRA_DATA/raw/sers_metabolite_63/NIHMS1547448-supplement-2.xlsx,sers,sers,Ag citrate colloid (Lee-Meisel),colloid,colloid,633.0,Acton SP2300 / PIXIS,aqueous,physiological,avg(3 scans),True,"processed(avg,bg-subtracted)",505.089,2002.21,716,,grounding,True,False,sers|colloid|633.0,True,ok,True
metabolite63::l-lysine,m63::l-lysine,L-LYSINE,sers_metabolite_63(PMC6989628),/Volumes/SSD_Rad/GAIRA_DATA/raw/sers_metabolite_63/NIHMS1547448-supplement-2.xlsx,sers,sers,Ag citrate colloid (Lee-Meisel),colloid,colloid,633.0,Acton SP2300 / PIXIS,aqueous,physiological,avg(3 scans),True,"processed(avg,bg-subtracted)",505.089,2002.21,716,,grounding,True,False,sers|colloid|633.0,True,ok,True
metabolite63::l-arginine,m63::l-arginine,L-ARGININE,sers_metabolite_63(PMC6989628),/Volumes/SSD_Rad/GAIRA_DATA/raw/sers_metabolite_63/NIHMS1547448-supplement-2.xlsx,sers,sers,Ag citrate colloid (Lee-Meisel),colloid,colloid,633.0,Acton SP2300 / PIXIS,aqueous,physiological,avg(3 scans),True,"processed(avg,bg-subtracted)",505.089,2002.21,716,,grounding,True,False,sers|colloid|633.0,True,ok,True
metabolite63::homocystine,m63::homocystine,HOMOCYSTINE,sers_metabolite_63(PMC6989628),/Volumes/SSD_Rad/GAIRA_DATA/raw/sers_metabolite_63/NIHMS1547448-supplement-2.xlsx,sers,sers,Ag citrate colloid (Lee-Meisel),colloid,colloid,633.0,Acton SP2300 / PIXIS,aqueous,physiological,avg(3 scans),True,"processed(avg,bg-subtracted)",505.089,2002.21,716,,grounding,True,False,sers|colloid|633.0,True,ok,True
metabolite63::thiamine,m63::thiamine,THIAMINE,sers_metabolite_63(PMC6989628),/Volumes/SSD_Rad/GAIRA_DATA/raw/sers_metabolite_63/NIHMS1547448-supplement-2.xlsx,sers,sers,Ag citrate colloid (Lee-Meisel),colloid,colloid,633.0,Acton SP2300 / PIXIS,aqueous,physiological,avg(3 scans),True,"processed(avg,bg-subtracted)",505.089,2002.21,716,,grounding,True,False,sers|colloid|633.0,True,ok,True
metabolite63::octopamine,m63::octopamine,OCTOPAMINE,sers_metabolite_63(PMC6989628),/Volumes/SSD_Rad/GAIRA_DATA/raw/sers_metabolite_63/NIHMS1547448-supplement-2.xlsx,sers,sers,Ag citrate colloid (Lee-Meisel),colloid,colloid,633.0,Acton SP2300 / PIXIS,aqueous,physiological,avg(3 scans),True,"processed(avg,bg-subtracted)",505.089,2002.21,716,,grounding,True,False,sers|colloid|633.0,True,ok,True
metabolite63::selenocystamine,m63::selenocystamine,SELENOCYSTAMINE,sers_metabolite_63(PMC6989628),/Volumes/SSD_Rad/GAIRA_DATA/raw/sers_metabolite_63/NIHMS1547448-supplement-2.xlsx,sers,sers,Ag citrate colloid (Lee-Meisel),colloid,colloid,633.0,Acton SP2300 / PIXIS,aqueous,physiological,avg(3 scans),True,"processed(avg,bg-subtracted)",505.089,2002.21,716,,grounding,True,False,sers|colloid|633.0,True,ok,True
metabolite63::histamine,m63::histamine,HISTAMINE,sers_metabolite_63(PMC6989628),/Volumes/SSD_Rad/GAIRA_DATA/raw/sers_metabolite_63/NIHMS1547448-supplement-2.xlsx,sers,sers,Ag citrate colloid (Lee-Meisel),colloid,colloid,633.0,Acton SP2300 / PIXIS,aqueous,physiological,avg(3 scans),True,"processed(avg,bg-subtracted)",505.089,2002.21,716,,grounding,True,False,sers|colloid|633.0,True,ok,True
metabolite63::cytochrome c,m63::cytochrome c,CYTOCHROME C,sers_metabolite_63(PMC6989628),/Volumes/SSD_Rad/GAIRA_DATA/raw/sers_metabolite_63/NIHMS1547448-supplement-2.xlsx,sers,sers,Ag citrate colloid (Lee-Meisel),colloid,colloid,633.0,Acton SP2300 / PIXIS,aqueous,physiological,avg(3 scans),True,"processed(avg,bg-subtracted)",505.089,2002.21,716,,grounding,True,False,sers|colloid|633.0,True,ok,True
metabolite63::riboflavin,m63::riboflavin,RIBOFLAVIN,sers_metabolite_63(PMC6989628),/Volumes/SSD_Rad/GAIRA_DATA/raw/sers_metabolite_63/NIHMS1547448-supplement-2.xlsx,sers,sers,Ag citrate colloid (Lee-Meisel),colloid,colloid,633.0,Acton SP2300 / PIXIS,aqueous,physiological,avg(3 scans),True,"processed(avg,bg-subtracted)",505.089,2002.21,716,,grounding,True,False,sers|colloid|633.0,True,ok,True
metabolite63::glutathione,m63::glutathione,GLUTATHIONE,sers_metabolite_63(PMC6989628),/Volumes/SSD_Rad/GAIRA_DATA/raw/sers_metabolite_63/NIHMS1547448-supplement-2.xlsx,sers,sers,Ag citrate colloid (Lee-Meisel),colloid,colloid,633.0,Acton SP2300 / PIXIS,aqueous,physiological,avg(3 scans),True,"processed(avg,bg-subtracted)",505.089,2002.21,716,,grounding,True,False,sers|colloid|633.0,True,ok,True
metabolite63::n-acetyl-l-cysteine,m63::n-acetyl-l-cysteine,N-ACETYL-L-CYSTEINE,sers_metabolite_63(PMC6989628),/Volumes/SSD_Rad/GAIRA_DATA/raw/sers_metabolite_63/NIHMS1547448-supplement-2.xlsx,sers,sers,Ag citrate colloid (Lee-Meisel),colloid,colloid,633.0,Acton SP2300 / PIXIS,aqueous,physiological,avg(3 scans),True,"processed(avg,bg-subtracted)",505.089,2002.21,716,,grounding,True,False,sers|colloid|633.0,True,ok,True
metabolite63::4-imidazoleacetic acid,m63::4-imidazoleacetic acid,4-IMIDAZOLEACETIC ACID,sers_metabolite_63(PMC6989628),/Volumes/SSD_Rad/GAIRA_DATA/raw/sers_metabolite_63/NIHMS1547448-supplement-2.xlsx,sers,sers,Ag citrate colloid (Lee-Meisel),colloid,colloid,633.0,Acton SP2300 / PIXIS,aqueous,physiological,avg(3 scans),True,"processed(avg,bg-subtracted)",505.089,2002.21,716,,grounding,True,False,sers|colloid|633.0,True,ok,True
"metabolite63::3',5'-cyclic amp","m63::3',5'-cyclic amp","3',5'-CYCLIC AMP",sers_metabolite_63(PMC6989628),/Volumes/SSD_Rad/GAIRA_DATA/raw/sers_metabolite_63/NIHMS1547448-supplement-2.xlsx,sers,sers,Ag citrate colloid (Lee-Meisel),colloid,colloid,633.0,Acton SP2300 / PIXIS,aqueous,physiological,avg(3 scans),True,"processed(avg,bg-subtracted)",505.089,2002.21,716,,grounding,True,False,sers|colloid|633.0,True,ok,True
metabolite63::l-methionine sulfoximine,m63::l-methionine sulfoximine,L-METHIONINE SULFOXIMINE,sers_metabolite_63(PMC6989628),/Volumes/SSD_Rad/GAIRA_DATA/raw/sers_metabolite_63/NIHMS1547448-supplement-2.xlsx,sers,sers,Ag citrate colloid (Lee-Meisel),colloid,colloid,633.0,Acton SP2300 / PIXIS,aqueous,physiological,avg(3 scans),True,"processed(avg,bg-subtracted)",505.089,2002.21,716,,grounding,True,False,sers|colloid|633.0,True,ok,True
metabolite63::l-histidine,m63::l-histidine,L-HISTIDINE,sers_metabolite_63(PMC6989628),/Volumes/SSD_Rad/GAIRA_DATA/raw/sers_metabolite_63/NIHMS1547448-supplement-2.xlsx,sers,sers,Ag citrate colloid (Lee-Meisel),colloid,colloid,633.0,Acton SP2300 / PIXIS,aqueous,physiological,avg(3 scans),True,"processed(avg,bg-subtracted)",505.089,2002.21,716,,grounding,True,False,sers|colloid|633.0,True,ok,True
metabolite63::spermidine,m63::spermidine,SPERMIDINE,sers_metabolite_63(PMC6989628),/Volumes/SSD_Rad/GAIRA_DATA/raw/sers_metabolite_63/NIHMS1547448-supplement-2.xlsx,sers,sers,Ag citrate colloid (Lee-Meisel),colloid,colloid,633.0,Acton SP2300 / PIXIS,aqueous,physiological,avg(3 scans),True,"processed(avg,bg-subtracted)",505.089,2002.21,716,,grounding,True,False,sers|colloid|633.0,True,ok,True
metabolite63::biliverdin,m63::biliverdin,BILIVERDIN,sers_metabolite_63(PMC6989628),/Volumes/SSD_Rad/GAIRA_DATA/raw/sers_metabolite_63/NIHMS1547448-supplement-2.xlsx,sers,sers,Ag citrate colloid (Lee-Meisel),colloid,colloid,633.0,Acton SP2300 / PIXIS,aqueous,physiological,avg(3 scans),True,"processed(avg,bg-subtracted)",505.089,2002.21,716,,grounding,True,False,sers|colloid|633.0,True,ok,True
metabolite63::cysteamine,m63::cysteamine,CYSTEAMINE,sers_metabolite_63(PMC6989628),/Volumes/SSD_Rad/GAIRA_DATA/raw/sers_metabolite_63/NIHMS1547448-supplement-2.xlsx,sers,sers,Ag citrate colloid (Lee-Meisel),colloid,colloid,633.0,Acton SP2300 / PIXIS,aqueous,physiological,avg(3 scans),True,"processed(avg,bg-subtracted)",505.089,2002.21,716,,grounding,True,False,sers|colloid|633.0,True,ok,True
metabolite63::vitamin b12,m63::vitamin b12,VITAMIN B12,sers_metabolite_63(PMC6989628),/Volumes/SSD_Rad/GAIRA_DATA/raw/sers_metabolite_63/NIHMS1547448-supplement-2.xlsx,sers,sers,Ag citrate colloid (Lee-Meisel),colloid,colloid,633.0,Acton SP2300 / PIXIS,aqueous,physiological,avg(3 scans),True,"processed(avg,bg-subtracted)",505.089,2002.21,716,,grounding,True,False,sers|colloid|633.0,True,ok,True
metabolite63::tyramine,m63::tyramine,TYRAMINE,sers_metabolite_63(PMC6989628),/Volumes/SSD_Rad/GAIRA_DATA/raw/sers_metabolite_63/NIHMS1547448-supplement-2.xlsx,sers,sers,Ag citrate colloid (Lee-Meisel),colloid,colloid,633.0,Acton SP2300 / PIXIS,aqueous,physiological,avg(3 scans),True,"processed(avg,bg-subtracted)",505.089,2002.21,716,,grounding,True,False,sers|colloid|633.0,True,ok,True
metabolite63::tryptamine,m63::tryptamine,TRYPTAMINE,sers_metabolite_63(PMC6989628),/Volumes/SSD_Rad/GAIRA_DATA/raw/sers_metabolite_63/NIHMS1547448-supplement-2.xlsx,sers,sers,Ag citrate colloid (Lee-Meisel),colloid,colloid,633.0,Acton SP2300 / PIXIS,aqueous,physiological,avg(3 scans),True,"processed(avg,bg-subtracted)",505.089,2002.21,716,,grounding,True,False,sers|colloid|633.0,True,ok,True
metabolite63::lumichrome,m63::lumichrome,LUMICHROME,sers_metabolite_63(PMC6989628),/Volumes/SSD_Rad/GAIRA_DATA/raw/sers_metabolite_63/NIHMS1547448-supplement-2.xlsx,sers,sers,Ag citrate colloid (Lee-Meisel),colloid,colloid,633.0,Acton SP2300 / PIXIS,aqueous,physiological,avg(3 scans),True,"processed(avg,bg-subtracted)",505.089,2002.21,716,,grounding,True,False,sers|colloid|633.0,True,ok,True
metabolite63::n-methyltryptamine,m63::n-methyltryptamine,N-METHYLTRYPTAMINE,sers_metabolite_63(PMC6989628),/Volumes/SSD_Rad/GAIRA_DATA/raw/sers_metabolite_63/NIHMS1547448-supplement-2.xlsx,sers,sers,Ag citrate colloid (Lee-Meisel),colloid,colloid,633.0,Acton SP2300 / PIXIS,aqueous,physiological,avg(3 scans),True,"processed(avg,bg-subtracted)",505.089,2002.21,716,,grounding,True,False,sers|colloid|633.0,True,ok,True
metabolite63::lipoamide,m63::lipoamide,LIPOAMIDE,sers_metabolite_63(PMC6989628),/Volumes/SSD_Rad/GAIRA_DATA/raw/sers_metabolite_63/NIHMS1547448-supplement-2.xlsx,sers,sers,Ag citrate colloid (Lee-Meisel),colloid,colloid,633.0,Acton SP2300 / PIXIS,aqueous,physiological,avg(3 scans),True,"processed(avg,bg-subtracted)",505.089,2002.21,716,,grounding,True,False,sers|colloid|633.0,True,ok,True
metabolite63::3-methoxytyramine,m63::3-methoxytyramine,3-METHOXYTYRAMINE,sers_metabolite_63(PMC6989628),/Volumes/SSD_Rad/GAIRA_DATA/raw/sers_metabolite_63/NIHMS1547448-supplement-2.xlsx,sers,sers,Ag citrate colloid (Lee-Meisel),colloid,colloid,633.0,Acton SP2300 / PIXIS,aqueous,physiological,avg(3 scans),True,"processed(avg,bg-subtracted)",505.089,2002.21,716,,grounding,True,False,sers|colloid|633.0,True,ok,True
metabolite63::2-quinolinecarboxylic acid,m63::2-quinolinecarboxylic acid,2-QUINOLINECARBOXYLIC ACID,sers_metabolite_63(PMC6989628),/Volumes/SSD_Rad/GAIRA_DATA/raw/sers_metabolite_63/NIHMS1547448-supplement-2.xlsx,sers,sers,Ag citrate colloid (Lee-Meisel),colloid,colloid,633.0,Acton SP2300 / PIXIS,aqueous,physiological,avg(3 scans),True,"processed(avg,bg-subtracted)",505.089,2002.21,716,,grounding,True,False,sers|colloid|633.0,True,ok,True
metabolite63::pterin,m63::pterin,PTERIN,sers_metabolite_63(PMC6989628),/Volumes/SSD_Rad/GAIRA_DATA/raw/sers_metabolite_63/NIHMS1547448-supplement-2.xlsx,sers,sers,Ag citrate colloid (Lee-Meisel),colloid,colloid,633.0,Acton SP2300 / PIXIS,aqueous,physiological,avg(3 scans),True,"processed(avg,bg-subtracted)",505.089,2002.21,716,,grounding,True,False,sers|colloid|633.0,True,ok,True
metabolite63::indole-3-acetic acid,m63::indole-3-acetic acid,INDOLE-3-ACETIC ACID,sers_metabolite_63(PMC6989628),/Volumes/SSD_Rad/GAIRA_DATA/raw/sers_metabolite_63/NIHMS1547448-supplement-2.xlsx,sers,sers,Ag citrate colloid (Lee-Meisel),colloid,colloid,633.0,Acton SP2300 / PIXIS,aqueous,physiological,avg(3 scans),True,"processed(avg,bg-subtracted)",505.089,2002.21,716,,grounding,True,False,sers|colloid|633.0,True,ok,True
metabolite63::l-asparagine,m63::l-asparagine,L-ASPARAGINE,sers_metabolite_63(PMC6989628),/Volumes/SSD_Rad/GAIRA_DATA/raw/sers_metabolite_63/NIHMS1547448-supplement-2.xlsx,sers,sers,Ag citrate colloid (Lee-Meisel),colloid,colloid,633.0,Acton SP2300 / PIXIS,aqueous,physiological,avg(3 scans),True,"processed(avg,bg-subtracted)",501.183,2000.07,716,,grounding,True,False,sers|colloid|633.0,True,ok,True
metabolite63::n-acetyl-d-tryptophan,m63::n-acetyl-d-tryptophan,N-ACETYL-D-TRYPTOPHAN,sers_metabolite_63(PMC6989628),/Volumes/SSD_Rad/GAIRA_DATA/raw/sers_metabolite_63/NIHMS1547448-supplement-2.xlsx,sers,sers,Ag citrate colloid (Lee-Meisel),colloid,colloid,633.0,Acton SP2300 / PIXIS,aqueous,physiological,avg(3 scans),True,"processed(avg,bg-subtracted)",501.183,2000.07,716,,grounding,True,False,sers|colloid|633.0,True,ok,True
metabolite63::leucine,m63::leucine,LEUCINE,sers_metabolite_63(PMC6989628),/Volumes/SSD_Rad/GAIRA_DATA/raw/sers_metabolite_63/NIHMS1547448-supplement-2.xlsx,sers,sers,Ag citrate colloid (Lee-Meisel),colloid,colloid,633.0,Acton SP2300 / PIXIS,aqueous,physiological,avg(3 scans),True,"processed(avg,bg-subtracted)",501.183,2000.07,716,,grounding,True,False,sers|colloid|633.0,True,ok,True
metabolite63::selenomethionine,m63::selenomethionine,SELENOMETHIONINE,sers_metabolite_63(PMC6989628),/Volumes/SSD_Rad/GAIRA_DATA/raw/sers_metabolite_63/NIHMS1547448-supplement-2.xlsx,sers,sers,Ag citrate colloid (Lee-Meisel),colloid,colloid,633.0,Acton SP2300 / PIXIS,aqueous,physiological,avg(3 scans),True,"processed(avg,bg-subtracted)",501.183,2000.07,716,,grounding,True,False,sers|colloid|633.0,True,ok,True
metabolite63::methylguanidine,m63::methylguanidine,METHYLGUANIDINE,sers_metabolite_63(PMC6989628),/Volumes/SSD_Rad/GAIRA_DATA/raw/sers_metabolite_63/NIHMS1547448-supplement-2.xlsx,sers,sers,Ag citrate colloid (Lee-Meisel),colloid,colloid,633.0,Acton SP2300 / PIXIS,aqueous,physiological,avg(3 scans),True,"processed(avg,bg-subtracted)",501.183,2000.07,716,,grounding,True,False,sers|colloid|633.0,True,ok,True
metabolite63::dopamine,m63::dopamine,DOPAMINE,sers_metabolite_63(PMC6989628),/Volumes/SSD_Rad/GAIRA_DATA/raw/sers_metabolite_63/NIHMS1547448-supplement-2.xlsx,sers,sers,Ag citrate colloid (Lee-Meisel),colloid,colloid,633.0,Acton SP2300 / PIXIS,aqueous,physiological,avg(3 scans),True,"processed(avg,bg-subtracted)",501.183,2000.07,716,,grounding,True,False,sers|colloid|633.0,True,ok,True
metabolite63::l-cystathionine,m63::l-cystathionine,L-CYSTATHIONINE,sers_metabolite_63(PMC6989628),/Volumes/SSD_Rad/GAIRA_DATA/raw/sers_metabolite_63/NIHMS1547448-supplement-2.xlsx,sers,sers,Ag citrate colloid (Lee-Meisel),colloid,colloid,633.0,Acton SP2300 / PIXIS,aqueous,physiological,avg(3 scans),True,"processed(avg,bg-subtracted)",501.183,2000.07,716,,grounding,True,False,sers|colloid|633.0,True,ok,True
metabolite63::thyrotropin releasing hormone,m63::thyrotropin releasing hormone,THYROTROPIN RELEASING HORMONE,sers_metabolite_63(PMC6989628),/Volumes/SSD_Rad/GAIRA_DATA/raw/sers_metabolite_63/NIHMS1547448-supplement-2.xlsx,sers,sers,Ag citrate colloid (Lee-Meisel),colloid,colloid,633.0,Acton SP2300 / PIXIS,aqueous,physiological,avg(3 scans),True,"processed(avg,bg-subtracted)",501.183,2000.07,716,,grounding,True,False,sers|colloid|633.0,True,ok,True
metabolite63::n-methyl-d-aspartic acid,m63::n-methyl-d-aspartic acid,N-METHYL-D-ASPARTIC ACID,sers_metabolite_63(PMC6989628),/Volumes/SSD_Rad/GAIRA_DATA/raw/sers_metabolite_63/NIHMS1547448-supplement-2.xlsx,sers,sers,Ag citrate colloid (Lee-Meisel),colloid,colloid,633.0,Acton SP2300 / PIXIS,aqueous,physiological,avg(3 scans),True,"processed(avg,bg-subtracted)",501.183,2000.07,716,,grounding,True,False,sers|colloid|633.0,True,ok,True
metabolite63::carbamoyl phosphate,m63::carbamoyl phosphate,CARBAMOYL PHOSPHATE,sers_metabolite_63(PMC6989628),/Volumes/SSD_Rad/GAIRA_DATA/raw/sers_metabolite_63/NIHMS1547448-supplement-2.xlsx,sers,sers,Ag citrate colloid (Lee-Meisel),colloid,colloid,633.0,Acton SP2300 / PIXIS,aqueous,physiological,avg(3 scans),True,"processed(avg,bg-subtracted)",501.183,2000.07,716,,grounding,True,False,sers|colloid|633.0,True,ok,True
metabolite63::agmatine sulfate,m63::agmatine sulfate,AGMATINE SULFATE,sers_metabolite_63(PMC6989628),/Volumes/SSD_Rad/GAIRA_DATA/raw/sers_metabolite_63/NIHMS1547448-supplement-2.xlsx,sers,sers,Ag citrate colloid (Lee-Meisel),colloid,colloid,633.0,Acton SP2300 / PIXIS,aqueous,physiological,avg(3 scans),True,"processed(avg,bg-subtracted)",501.183,2000.07,716,,grounding,True,False,sers|colloid|633.0,True,ok,True
metabolite63::l-cysteic acid,m63::l-cysteic acid,L-CYSTEIC ACID,sers_metabolite_63(PMC6989628),/Volumes/SSD_Rad/GAIRA_DATA/raw/sers_metabolite_63/NIHMS1547448-supplement-2.xlsx,sers,sers,Ag citrate colloid (Lee-Meisel),colloid,colloid,633.0,Acton SP2300 / PIXIS,aqueous,physiological,avg(3 scans),True,"processed(avg,bg-subtracted)",501.183,2000.07,716,,grounding,True,False,sers|colloid|633.0,True,ok,True
metabolite63::1-methylnicotinamide,m63::1-methylnicotinamide,1-METHYLNICOTINAMIDE,sers_metabolite_63(PMC6989628),/Volumes/SSD_Rad/GAIRA_DATA/raw/sers_metabolite_63/NIHMS1547448-supplement-2.xlsx,sers,sers,Ag citrate colloid (Lee-Meisel),colloid,colloid,633.0,Acton SP2300 / PIXIS,aqueous,physiological,avg(3 scans),True,"processed(avg,bg-subtracted)",501.395,1998.74,716,,grounding,True,False,sers|colloid|633.0,True,ok,True
metabolite63::n-acetyl-dl-glutamic acid,m63::n-acetyl-dl-glutamic acid,N-ACETYL-DL-GLUTAMIC ACID,sers_metabolite_63(PMC6989628),/Volumes/SSD_Rad/GAIRA_DATA/raw/sers_metabolite_63/NIHMS1547448-supplement-2.xlsx,sers,sers,Ag citrate colloid (Lee-Meisel),colloid,colloid,633.0,Acton SP2300 / PIXIS,aqueous,physiological,avg(3 scans),True,"processed(avg,bg-subtracted)",500.741,1999.32,716,,grounding,True,False,sers|colloid|633.0,True,ok,True
metabolite63::mandelic acid,m63::mandelic acid,MANDELIC ACID,sers_metabolite_63(PMC6989628),/Volumes/SSD_Rad/GAIRA_DATA/raw/sers_metabolite_63/NIHMS1547448-supplement-2.xlsx,sers,sers,Ag citrate colloid (Lee-Meisel),colloid,colloid,633.0,Acton SP2300 / PIXIS,aqueous,physiological,avg(3 scans),True,"processed(avg,bg-subtracted)",500.741,1999.32,716,,grounding,True,False,sers|colloid|633.0,True,ok,True
metabolite63::l-tryptophanamide,m63::l-tryptophanamide,L-TRYPTOPHANAMIDE,sers_metabolite_63(PMC6989628),/Volumes/SSD_Rad/GAIRA_DATA/raw/sers_metabolite_63/NIHMS1547448-supplement-2.xlsx,sers,sers,Ag citrate colloid (Lee-Meisel),colloid,colloid,633.0,Acton SP2300 / PIXIS,aqueous,physiological,avg(3 scans),True,"processed(avg,bg-subtracted)",500.741,1999.32,716,,grounding,True,False,sers|colloid|633.0,True,ok,True
metabolite63::dethiobiotin,m63::dethiobiotin,DETHIOBIOTIN,sers_metabolite_63(PMC6989628),/Volumes/SSD_Rad/GAIRA_DATA/raw/sers_metabolite_63/NIHMS1547448-supplement-2.xlsx,sers,sers,Ag citrate colloid (Lee-Meisel),colloid,colloid,633.0,Acton SP2300 / PIXIS,aqueous,physiological,avg(3 scans),True,"processed(avg,bg-subtracted)",498.747,1994.23,716,,grounding,True,False,sers|colloid|633.0,True,ok,True
metabolite63::phenethylamine,m63::phenethylamine,PHENETHYLAMINE,sers_metabolite_63(PMC6989628),/Volumes/SSD_Rad/GAIRA_DATA/raw/sers_metabolite_63/NIHMS1547448-supplement-2.xlsx,sers,sers,Ag citrate colloid (Lee-Meisel),colloid,colloid,633.0,Acton SP2300 / PIXIS,aqueous,physiological,avg(3 scans),True,"processed(avg,bg-subtracted)",498.747,1994.23,716,,grounding,True,False,sers|colloid|633.0,True,ok,True
metabolite63::methyl indole-3-acetate,m63::methyl indole-3-acetate,METHYL INDOLE-3-ACETATE,sers_metabolite_63(PMC6989628),/Volumes/SSD_Rad/GAIRA_DATA/raw/sers_metabolite_63/NIHMS1547448-supplement-2.xlsx,sers,sers,Ag citrate colloid (Lee-Meisel),colloid,colloid,633.0,Acton SP2300 / PIXIS,aqueous,physiological,avg(3 scans),True,"processed(avg,bg-subtracted)",498.747,1994.23,716,,grounding,True,False,sers|colloid|633.0,True,ok,True
"metabolite63::n,n-dimethyl-1,4-phenylenediamine","m63::n,n-dimethyl-1,4-phenylenediamine","N,N-DIMETHYL-1,4-PHENYLENEDIAMINE",sers_metabolite_63(PMC6989628),/Volumes/SSD_Rad/GAIRA_DATA/raw/sers_metabolite_63/NIHMS1547448-supplement-2.xlsx,sers,sers,Ag citrate colloid (Lee-Meisel),colloid,colloid,633.0,Acton SP2300 / PIXIS,aqueous,physiological,avg(3 scans),True,"processed(avg,bg-subtracted)",498.747,1994.23,716,,grounding,True,False,sers|colloid|633.0,True,ok,True
metabolite63::1-naphthylamine,m63::1-naphthylamine,1-NAPHTHYLAMINE,sers_metabolite_63(PMC6989628),/Volumes/SSD_Rad/GAIRA_DATA/raw/sers_metabolite_63/NIHMS1547448-supplement-2.xlsx,sers,sers,Ag citrate colloid (Lee-Meisel),colloid,colloid,633.0,Acton SP2300 / PIXIS,aqueous,physiological,avg(3 scans),True,"processed(avg,bg-subtracted)",498.747,1994.23,716,,grounding,True,False,sers|colloid|633.0,True,ok,True
metabolite63::pipecolate,m63::pipecolate,PIPECOLATE,sers_metabolite_63(PMC6989628),/Volumes/SSD_Rad/GAIRA_DATA/raw/sers_metabolite_63/NIHMS1547448-supplement-2.xlsx,sers,sers,Ag citrate colloid (Lee-Meisel),colloid,colloid,633.0,Acton SP2300 / PIXIS,aqueous,physiological,avg(3 scans),True,"processed(avg,bg-subtracted)",499.272,1999.92,716,,grounding,True,False,sers|colloid|633.0,True,ok,True
metabolite63::5-oxo-l-proline,m63::5-oxo-l-proline,5-OXO-L-PROLINE,sers_metabolite_63(PMC6989628),/Volumes/SSD_Rad/GAIRA_DATA/raw/sers_metabolite_63/NIHMS1547448-supplement-2.xlsx,sers,sers,Ag citrate colloid (Lee-Meisel),colloid,colloid,633.0,Acton SP2300 / PIXIS,aqueous,physiological,avg(3 scans),True,"processed(avg,bg-subtracted)",499.272,1999.92,716,,grounding,True,False,sers|colloid|633.0,True,ok,True
metabolite63::3-methyladenine,m63::3-methyladenine,3-METHYLADENINE,sers_metabolite_63(PMC6989628),/Volumes/SSD_Rad/GAIRA_DATA/raw/sers_metabolite_63/NIHMS1547448-supplement-2.xlsx,sers,sers,Ag citrate colloid (Lee-Meisel),colloid,colloid,633.0,Acton SP2300 / PIXIS,aqueous,physiological,avg(3 scans),True,"processed(avg,bg-subtracted)",499.272,1999.92,716,,grounding,True,False,sers|colloid|633.0,True,ok,True
adenine::100nano,adenine,Adenine,adenine_sers_control,/Volumes/SSD_Rad/GAIRA_DATA/raw/adenine_sers_control/Adenine_bAgNPs_100nano.CSV,sers,sers,bAgNPs,colloid,colloid,785.0,portable Raman,aqueous,100nano,1,True,raw,99.78549,3500.155,7054,,grounding,True,False,sers|colloid|785.0,True,ok,True
adenine::100pg,adenine,Adenine,adenine_sers_control,/Volumes/SSD_Rad/GAIRA_DATA/raw/adenine_sers_control/Adenine_bAgNPs_100pg.CSV,sers,sers,bAgNPs,colloid,colloid,785.0,portable Raman,aqueous,100pg,1,True,raw,99.78549,3500.155,7054,,grounding,True,False,sers|colloid|785.0,True,ok,True
adenine::10micro,adenine,Adenine,adenine_sers_control,/Volumes/SSD_Rad/GAIRA_DATA/raw/adenine_sers_control/Adenine_bAgNPs_10micro.CSV,sers,sers,bAgNPs,colloid,colloid,785.0,portable Raman,aqueous,10micro,1,True,raw,99.78549,3500.155,7054,,grounding,True,False,sers|colloid|785.0,True,ok,True
adenine::10nano,adenine,Adenine,adenine_sers_control,/Volumes/SSD_Rad/GAIRA_DATA/raw/adenine_sers_control/Adenine_bAgNPs_10nano.CSV,sers,sers,bAgNPs,colloid,colloid,785.0,portable Raman,aqueous,10nano,1,True,raw,99.78549,3500.155,7054,,grounding,True,False,sers|colloid|785.0,True,ok,True
adenine::10pg,adenine,Adenine,adenine_sers_control,/Volumes/SSD_Rad/GAIRA_DATA/raw/adenine_sers_control/Adenine_bAgNPs_10pg.CSV,sers,sers,bAgNPs,colloid,colloid,785.0,portable Raman,aqueous,10pg,1,True,raw,99.79721,3500.167,7054,,grounding,True,False,sers|colloid|785.0,True,ok,True
adenine::1micro,adenine,Adenine,adenine_sers_control,/Volumes/SSD_Rad/GAIRA_DATA/raw/adenine_sers_control/Adenine_bAgNPs_1micro.CSV,sers,sers,bAgNPs,colloid,colloid,785.0,portable Raman,aqueous,1micro,1,True,raw,99.78549,3500.155,7054,,grounding,True,False,sers|colloid|785.0,True,ok,True
orc_ag::1-hydroxy-2-naphthoic acid,orc::1-hydroxy-2-naphthoic acid,1-Hydroxy-2-naphthoic acid,ag_flakes_metabolites_24,/Users/surajpg/projects/GAIRA/data_audit/v4_ag_flakes_metabolite24_peak_registry.csv,sers,sers,ORC-roughened Ag,orc_roughened,planar,,unknown(SI),aqueous,unknown,spatial-avg,True,peak_table,,,20,peak_only;excitation_unknown;conc_unknown,peak_evidence,False,True,sers|orc_roughened|na,False,peak-only evidence (no full spectrum) — excluded from full-spectrum joint analysis,False
orc_ag::2-(methylamino)isobutyric acid,orc::2-(methylamino)isobutyric acid,2-(Methylamino)isobutyric acid,ag_flakes_metabolites_24,/Users/surajpg/projects/GAIRA/data_audit/v4_ag_flakes_metabolite24_peak_registry.csv,sers,sers,ORC-roughened Ag,orc_roughened,planar,,unknown(SI),aqueous,unknown,spatial-avg,True,peak_table,,,23,peak_only;excitation_unknown;conc_unknown,peak_evidence,False,True,sers|orc_roughened|na,False,peak-only evidence (no full spectrum) — excluded from full-spectrum joint analysis,False
orc_ag::cer(d18:1/24:1(15z)),orc::cer(d18:1/24:1(15z)),Cer(d18:1/24:1(15Z)),ag_flakes_metabolites_24,/Users/surajpg/projects/GAIRA/data_audit/v4_ag_flakes_metabolite24_peak_registry.csv,sers,sers,ORC-roughened Ag,orc_roughened,planar,,unknown(SI),aqueous,unknown,spatial-avg,True,peak_table,,,19,peak_only;excitation_unknown;conc_unknown,peak_evidence,False,True,sers|orc_roughened|na,False,peak-only evidence (no full spectrum) — excluded from full-spectrum joint analysis,False
orc_ag::hypaphorine,orc::hypaphorine,Hypaphorine,ag_flakes_metabolites_24,/Users/surajpg/projects/GAIRA/data_audit/v4_ag_flakes_metabolite24_peak_registry.csv,sers,sers,ORC-roughened Ag,orc_roughened,planar,,unknown(SI),aqueous,unknown,spatial-avg,True,peak_table,,,25,peak_only;excitation_unknown;conc_unknown,peak_evidence,False,True,sers|orc_roughened|na,False,peak-only evidence (no full spectrum) — excluded from full-spectrum joint analysis,False
orc_ag::l-aspartyl-l-phenylalanine,orc::l-aspartyl-l-phenylalanine,L-Aspartyl-L-phenylalanine,ag_flakes_metabolites_24,/Users/surajpg/projects/GAIRA/data_audit/v4_ag_flakes_metabolite24_peak_registry.csv,sers,sers,ORC-roughened Ag,orc_roughened,planar,,unknown(SI),aqueous,unknown,spatial-avg,True,peak_table,,,11,peak_only;excitation_unknown;conc_unknown,peak_evidence,False,True,sers|orc_roughened|na,False,peak-only evidence (no full spectrum) — excluded from full-spectrum joint analysis,False
orc_ag::l-leucyl-l-isoleucine,orc::l-leucyl-l-isoleucine,L-leucyl-L-isoleucine,ag_flakes_metabolites_24,/Users/surajpg/projects/GAIRA/data_audit/v4_ag_flakes_metabolite24_peak_registry.csv,sers,sers,ORC-roughened Ag,orc_roughened,planar,,unknown(SI),aqueous,unknown,spatial-avg,True,peak_table,,,20,peak_only;excitation_unknown;conc_unknown,peak_evidence,False,True,sers|orc_roughened|na,False,peak-only evidence (no full spectrum) — excluded from full-spectrum joint analysis,False
orc_ag::lpc(0:0/14:0),orc::lpc(0:0/14:0),LPC(0:0/14:0),ag_flakes_metabolites_24,/Users/surajpg/projects/GAIRA/data_audit/v4_ag_flakes_metabolite24_peak_registry.csv,sers,sers,ORC-roughened Ag,orc_roughened,planar,,unknown(SI),aqueous,unknown,spatial-avg,True,peak_table,,,27,peak_only;excitation_unknown;conc_unknown,peak_evidence,False,True,sers|orc_roughened|na,False,peak-only evidence (no full spectrum) — excluded from full-spectrum joint analysis,False
orc_ag::lpc(16:0/0:0),orc::lpc(16:0/0:0),LPC(16:0/0:0),ag_flakes_metabolites_24,/Users/surajpg/projects/GAIRA/data_audit/v4_ag_flakes_metabolite24_peak_registry.csv,sers,sers,ORC-roughened Ag,orc_roughened,planar,,unknown(SI),aqueous,unknown,spatial-avg,True,peak_table,,,18,peak_only;excitation_unknown;conc_unknown,peak_evidence,False,True,sers|orc_roughened|na,False,peak-only evidence (no full spectrum) — excluded from full-spectrum joint analysis,False
orc_ag::lpc(17:0/0:0),orc::lpc(17:0/0:0),LPC(17:0/0:0),ag_flakes_metabolites_24,/Users/surajpg/projects/GAIRA/data_audit/v4_ag_flakes_metabolite24_peak_registry.csv,sers,sers,ORC-roughened Ag,orc_roughened,planar,,unknown(SI),aqueous,unknown,spatial-avg,True,peak_table,,,18,peak_only;excitation_unknown;conc_unknown,peak_evidence,False,True,sers|orc_roughened|na,False,peak-only evidence (no full spectrum) — excluded from full-spectrum joint analysis,False
orc_ag::lpc(20:0/0:0),orc::lpc(20:0/0:0),LPC(20:0/0:0),ag_flakes_metabolites_24,/Users/surajpg/projects/GAIRA/data_audit/v4_ag_flakes_metabolite24_peak_registry.csv,sers,sers,ORC-roughened Ag,orc_roughened,planar,,unknown(SI),aqueous,unknown,spatial-avg,True,peak_table,,,12,peak_only;excitation_unknown;conc_unknown,peak_evidence,False,True,sers|orc_roughened|na,False,peak-only evidence (no full spectrum) — excluded from full-spectrum joint analysis,False
orc_ag::lpc(o-18:0/0:0),orc::lpc(o-18:0/0:0),LPC(O-18:0/0:0),ag_flakes_metabolites_24,/Users/surajpg/projects/GAIRA/data_audit/v4_ag_flakes_metabolite24_peak_registry.csv,sers,sers,ORC-roughened Ag,orc_roughened,planar,,unknown(SI),aqueous,unknown,spatial-avg,True,peak_table,,,19,peak_only;excitation_unknown;conc_unknown,peak_evidence,False,True,sers|orc_roughened|na,False,peak-only evidence (no full spectrum) — excluded from full-spectrum joint analysis,False
orc_ag::leu-leu,orc::leu-leu,Leu-Leu,ag_flakes_metabolites_24,/Users/surajpg/projects/GAIRA/data_audit/v4_ag_flakes_metabolite24_peak_registry.csv,sers,sers,ORC-roughened Ag,orc_roughened,planar,,unknown(SI),aqueous,unknown,spatial-avg,True,peak_table,,,22,peak_only;excitation_unknown;conc_unknown,peak_evidence,False,True,sers|orc_roughened|na,False,peak-only evidence (no full spectrum) — excluded from full-spectrum joint analysis,False
orc_ag::pc(12:0/12:0),orc::pc(12:0/12:0),PC(12:0/12:0),ag_flakes_metabolites_24,/Users/surajpg/projects/GAIRA/data_audit/v4_ag_flakes_metabolite24_peak_registry.csv,sers,sers,ORC-roughened Ag,orc_roughened,planar,,unknown(SI),aqueous,unknown,spatial-avg,True,peak_table,,,15,peak_only;excitation_unknown;conc_unknown,peak_evidence,False,True,sers|orc_roughened|na,False,peak-only evidence (no full spectrum) — excluded from full-spectrum joint analysis,False
orc_ag::pc(18:0/18:1(9z)),orc::pc(18:0/18:1(9z)),PC(18:0/18:1(9Z)),ag_flakes_metabolites_24,/Users/surajpg/projects/GAIRA/data_audit/v4_ag_flakes_metabolite24_peak_registry.csv,sers,sers,ORC-roughened Ag,orc_roughened,planar,,unknown(SI),aqueous,unknown,spatial-avg,True,peak_table,,,17,peak_only;excitation_unknown;conc_unknown,peak_evidence,False,True,sers|orc_roughened|na,False,peak-only evidence (no full spectrum) — excluded from full-spectrum joint analysis,False
orc_ag::pc(18:1(9z)/18:1(9z)),orc::pc(18:1(9z)/18:1(9z)),PC(18:1(9Z)/18:1(9Z)),ag_flakes_metabolites_24,/Users/surajpg/projects/GAIRA/data_audit/v4_ag_flakes_metabolite24_peak_registry.csv,sers,sers,ORC-roughened Ag,orc_roughened,planar,,unknown(SI),aqueous,unknown,spatial-avg,True,peak_table,,,26,peak_only;excitation_unknown;conc_unknown,peak_evidence,False,True,sers|orc_roughened|na,False,peak-only evidence (no full spectrum) — excluded from full-spectrum joint analysis,False
orc_ag::pc(o-16:0/0:0),orc::pc(o-16:0/0:0),PC(O-16:0/0:0),ag_flakes_metabolites_24,/Users/surajpg/projects/GAIRA/data_audit/v4_ag_flakes_metabolite24_peak_registry.csv,sers,sers,ORC-roughened Ag,orc_roughened,planar,,unknown(SI),aqueous,unknown,spatial-avg,True,peak_table,,,21,peak_only;excitation_unknown;conc_unknown,peak_evidence,False,True,sers|orc_roughened|na,False,peak-only evidence (no full spectrum) — excluded from full-spectrum joint analysis,False
"orc_ag::pc(o-16:0/20:5(5z,8z,11z,14z,17z))","orc::pc(o-16:0/20:5(5z,8z,11z,14z,17z))","PC(O-16:0/20:5(5Z,8Z,11Z,14Z,17Z))",ag_flakes_metabolites_24,/Users/surajpg/projects/GAIRA/data_audit/v4_ag_flakes_metabolite24_peak_registry.csv,sers,sers,ORC-roughened Ag,orc_roughened,planar,,unknown(SI),aqueous,unknown,spatial-avg,True,peak_table,,,17,peak_only;excitation_unknown;conc_unknown,peak_evidence,False,True,sers|orc_roughened|na,False,peak-only evidence (no full spectrum) — excluded from full-spectrum joint analysis,False
orc_ag::phenylacetylglutamine,orc::phenylacetylglutamine,Phenylacetylglutamine,ag_flakes_metabolites_24,/Users/surajpg/projects/GAIRA/data_audit/v4_ag_flakes_metabolite24_peak_registry.csv,sers,sers,ORC-roughened Ag,orc_roughened,planar,,unknown(SI),aqueous,unknown,spatial-avg,True,peak_table,,,8,peak_only;excitation_unknown;conc_unknown,peak_evidence,False,True,sers|orc_roughened|na,False,peak-only evidence (no full spectrum) — excluded from full-spectrum joint analysis,False
orc_ag::sm(d18:1/16:0),orc::sm(d18:1/16:0),SM(d18:1/16:0),ag_flakes_metabolites_24,/Users/surajpg/projects/GAIRA/data_audit/v4_ag_flakes_metabolite24_peak_registry.csv,sers,sers,ORC-roughened Ag,orc_roughened,planar,,unknown(SI),aqueous,unknown,spatial-avg,True,peak_table,,,17,peak_only;excitation_unknown;conc_unknown,peak_evidence,False,True,sers|orc_roughened|na,False,peak-only evidence (no full spectrum) — excluded from full-spectrum joint analysis,False
orc_ag::sm(d18:1/18:0),orc::sm(d18:1/18:0),SM(d18:1/18:0),ag_flakes_metabolites_24,/Users/surajpg/projects/GAIRA/data_audit/v4_ag_flakes_metabolite24_peak_registry.csv,sers,sers,ORC-roughened Ag,orc_roughened,planar,,unknown(SI),aqueous,unknown,spatial-avg,True,peak_table,,,23,peak_only;excitation_unknown;conc_unknown,peak_evidence,False,True,sers|orc_roughened|na,False,peak-only evidence (no full spectrum) — excluded from full-spectrum joint analysis,False
orc_ag::sm(d18:1/24:1(15z)),orc::sm(d18:1/24:1(15z)),SM(d18:1/24:1(15Z)),ag_flakes_metabolites_24,/Users/surajpg/projects/GAIRA/data_audit/v4_ag_flakes_metabolite24_peak_registry.csv,sers,sers,ORC-roughened Ag,orc_roughened,planar,,unknown(SI),aqueous,unknown,spatial-avg,True,peak_table,,,18,peak_only;excitation_unknown;conc_unknown,peak_evidence,False,True,sers|orc_roughened|na,False,peak-only evidence (no full spectrum) — excluded from full-spectrum joint analysis,False
orc_ag::sphinganine,orc::sphinganine,Sphinganine,ag_flakes_metabolites_24,/Users/surajpg/projects/GAIRA/data_audit/v4_ag_flakes_metabolite24_peak_registry.csv,sers,sers,ORC-roughened Ag,orc_roughened,planar,,unknown(SI),aqueous,unknown,spatial-avg,True,peak_table,,,17,peak_only;excitation_unknown;conc_unknown,peak_evidence,False,True,sers|orc_roughened|na,False,peak-only evidence (no full spectrum) — excluded from full-spectrum joint analysis,False
orc_ag::taurine,orc::taurine,Taurine,ag_flakes_metabolites_24,/Users/surajpg/projects/GAIRA/data_audit/v4_ag_flakes_metabolite24_peak_registry.csv,sers,sers,ORC-roughened Ag,orc_roughened,planar,,unknown(SI),aqueous,unknown,spatial-avg,True,peak_table,,,22,peak_only;excitation_unknown;conc_unknown,peak_evidence,False,True,sers|orc_roughened|na,False,peak-only evidence (no full spectrum) — excluded from full-spectrum joint analysis,False
orc_ag::gamma-glu-leu,orc::gamma-glu-leu,gamma-Glu-leu,ag_flakes_metabolites_24,/Users/surajpg/projects/GAIRA/data_audit/v4_ag_flakes_metabolite24_peak_registry.csv,sers,sers,ORC-roughened Ag,orc_roughened,planar,,unknown(SI),aqueous,unknown,spatial-avg,True,peak_table,,,19,peak_only;excitation_unknown;conc_unknown,peak_evidence,False,True,sers|orc_roughened|na,False,peak-only evidence (no full spectrum) — excluded from full-spectrum joint analysis,False
