cm_n,cm_chance_top1,cm_top1_r2s,cm_top1_s2r,cm_top1,cm_top3,cm_top5,cm_mrr,cm_median_rank,cm_matched_cos,cm_mismatched_cos,cm_matched_minus_mismatched,pk_matched,pk_mismatched,pk_random,pk_effect_vs_mismatched,pk_effect_size,pk_n_analytes,rep_raman_replicate_cos,rep_raman_replicate_var,rep_raman_between_analyte_cos,rep_raman_replicate_margin,rep_sers_replicate_cos,rep_sers_replicate_var,rep_sers_between_analyte_cos,rep_sers_replicate_margin,chem_raman_1nn,chem_raman_margin,chem_sers_1nn,chem_sers_margin,nu_modality_separability,si_peak_retention,si_peak_invention,si_peak_width_ratio,si_effective_rank,si_cross_analyte_duplicate_frac,si_negative_lobe_burden,si_edge_artefact_ratio,bg_variance_explained,inner_fold,cm_n_std,cm_chance_top1_std,cm_top1_r2s_std,cm_top1_s2r_std,cm_top1_std,cm_top3_std,cm_top5_std,cm_mrr_std,cm_median_rank_std,cm_matched_cos_std,cm_mismatched_cos_std,cm_matched_minus_mismatched_std,pk_matched_std,pk_mismatched_std,pk_random_std,pk_effect_vs_mismatched_std,pk_effect_size_std,pk_n_analytes_std,n_stages,n_hyperparams,runtime_s,outer_fold,cm_mrr_fold_std,cid,arm,cfg_baseline_r,cfg_smooth_r,cfg_baseline_s,cfg_smooth_s,cfg_background,cfg_bg_params,cfg_aggregate,cfg_derivative,cfg_norm_r,cfg_norm_s,cfg_peak_transform,reject_reasons,rejected
10.2,0.09818181818181818,0.22409090909090906,0.11772727272727272,0.17090909090909093,0.3743181818181818,0.5518181818181819,0.3527638150990423,5.0,0.853045465811441,0.8508779866630389,0.002167479148401813,0.3012061887904134,0.2667192498034744,0.20807110540417692,0.034486938986938984,0.11443406473514132,10.2,0.9769976118440755,2.7754301286813436e-05,0.6740602417723791,0.30293737007169647,0.9985149282230659,1.9286646427754457e-06,0.9906437634899754,0.00787116473309039,0.9861918276082363,0.25801426231668234,0.7950909090909091,0.006545860622253768,0.0787421914966655,1.0,0.0,1.0,61.958010481815016,0.30434782608695654,0.0,0.8600257245454065,0.0,1.5,0.4,0.0036363636363636377,0.11817772530300345,0.031524196456186114,0.056738521311917534,0.05678024370816496,0.06848146050764413,0.043173073826442275,0.641619209529356,0.04538642444964855,0.046048150635034445,0.0025368734021265016,0.1301857848410199,0.11622753945182969,0.08208274098724562,0.04604314278682517,0.14610421887719136,0.4,1.0,0.0,0.23561525344848633,2.0,0.007089581010403101,BASE_raw_l2,baseline,none,none,none,none,none,{},mean,0,l2,l2,full,sers_chemistry_drop|analyte_collapse,True
10.2,0.09818181818181818,0.2545454545454545,0.11863636363636362,0.1865909090909091,0.41,0.6479545454545454,0.38085269086973633,4.25,0.5725749609313436,0.5381683116309948,0.03440664930034904,0.6762858641928794,0.6613434713267659,0.4910599824723585,0.014942392866113425,0.0659177486954793,10.2,0.9883643173820321,1.3497950003171783e-05,0.34360308245412463,0.6447612349279075,0.9466389543376316,6.930005929931843e-05,0.8417004428440695,0.1049385114935619,0.9820671777482921,0.6042141409609759,0.8893636363636365,0.10603101289899733,0.14502063808491383,1.0,0.0,1.0041025486964115,82.24360953952305,0.0,0.0025131678856775757,0.8415188247020161,0.0,1.5,0.4,0.0036363636363636377,0.11614562350472908,0.06490939261173567,0.0754355439181987,0.08890841301602685,0.1337558417536478,0.06545360748664024,1.0002337196761442,0.03328933389291486,0.04708933754479102,0.027966805736359984,0.09837379579292652,0.08750790020732165,0.06079585711711286,0.03861295687682914,0.168962882034508,0.4,5.0,6.0,0.5681226253509521,2.0,0.03568184980650685,BASE_asls_sg_l2,baseline,asls,"savgol(poly=3,window=9)",asls,"savgol(poly=3,window=9)",none,{},mean,0,l2,l2,full,,False
10.2,0.09818181818181818,0.2595454545454546,0.23409090909090913,0.24681818181818183,0.48636363636363633,0.6545454545454545,0.4365620244654336,3.825,0.15425296576581407,0.07728088845702677,0.07697207730878729,0.6762858641928794,0.6613434713267659,0.4910599824723585,0.014942392866113425,0.0659177486954793,10.2,0.9839557146626212,0.011651949288701436,0.07358724820384974,0.9103684664587716,0.5170867399513652,0.3863306080388744,0.16005951717231226,0.3570272227790531,0.9834140498304584,0.852046721009725,0.8747272727272726,0.38935324185496134,0.07826857226116143,1.0,0.0,1.0041025486964115,95.93107375626288,0.0,0.4999999999999988,0.8579924117419818,0.0,1.5,0.4,0.0036363636363636377,0.09847983674998428,0.16226013804251554,0.11210627898644492,0.12494193731463525,0.1331075900514563,0.09029227340576533,1.3528088829278357,0.0422286360930728,0.030093931499820314,0.05363343992619439,0.09837379579292652,0.08750790020732165,0.06079585711711286,0.03861295687682914,0.168962882034508,0.4,5.0,6.0,0.28757925033569337,2.0,0.02308247743413156,BASE_asls_sg_snv,baseline,asls,"savgol(poly=3,window=9)",asls,"savgol(poly=3,window=9)",none,{},mean,0,snv,snv,full,sers_replicate_drop,True
10.2,0.09818181818181818,0.2545454545454545,0.11863636363636362,0.1865909090909091,0.41,0.6479545454545454,0.38085269086973633,4.25,0.5725749609108083,0.538168311611485,0.0344066492993231,0.6762858641928794,0.6613434713267659,0.4910599824723585,0.014942392866113425,0.0659177486954793,10.2,0.9883643173550064,8.883333756701343e-08,0.3436030824447539,0.6447612349102525,0.9466389542959857,1.2988597070205352e-07,0.8417004428074796,0.10493851148850605,0.9820671777482921,0.6042141409465612,0.8893636363636365,0.10603101289491235,0.1450206380766184,1.0,0.0,1.0041025486964115,72.95133700795354,0.0,0.0025131678856752083,0.8415188242102394,0.0,1.5,0.4,0.0036363636363636377,0.11614562350472908,0.06490939261173567,0.0754355439181987,0.08890841301602685,0.1337558417536478,0.06545360748664024,1.0002337196761442,0.03328933389110208,0.04708933754244023,0.027966805735543998,0.09837379579292652,0.08750790020732165,0.06079585711711286,0.03861295687682914,0.168962882034508,0.4,5.0,6.0,0.23811759948730468,2.0,0.03568184980650685,BASE_asls_sg_area,baseline,asls,"savgol(poly=3,window=9)",asls,"savgol(poly=3,window=9)",none,{},mean,0,area,area,full,,False
10.2,0.09818181818181818,0.17272727272727273,0.1286363636363636,0.1506818181818182,0.39295454545454545,0.5711363636363636,0.3502551816869999,5.0,0.13068314558410057,0.10811158871765336,0.022571556866447205,0.5952419720985956,0.5722946842460018,0.43974593797746075,0.022947287852593687,0.13768502585856396,10.2,0.9562837384336069,5.124489308188728e-05,0.03590758061487566,0.9203761578187313,0.5301114102171791,0.0006102449217944944,0.2052720612318933,0.3248393489852858,0.9750785714949801,0.8394467202148306,0.899090909090909,0.33173396868538124,0.08587064366783825,0.8516483516483516,0.19999999999999996,1.017600808401137,109.0647866138052,0.0,0.4997284254290822,1.5305646190646724,0.0,1.5,0.4,0.0036363636363636377,0.08153459682474945,0.07334488137907405,0.06637784336696102,0.08752397194048181,0.1278153787379364,0.05621672025131277,1.219568001180123,0.04370552530168331,0.04138496261249709,0.019794908581724637,0.04719670412421442,0.04228861039772709,0.030397143741972155,0.04523606725852154,0.23348399151515203,0.4,6.0,6.0,0.2334813117980957,2.0,0.025529135180135616,BASE_asls_sg_l2_d1,baseline,asls,"savgol(poly=3,window=9)",asls,"savgol(poly=3,window=9)",none,{},mean,1,l2,l2,full,sers_replicate_drop|peak_loss|peak_invention,True
10.2,0.09818181818181818,0.14681818181818182,0.1759090909090909,0.16136363636363638,0.3809090909090909,0.5647727272727272,0.3500197756788666,4.925,-0.20558451407473055,-0.2554995489260361,0.04991503485130557,0.5022955536758485,0.4979732302810101,0.3798757542266971,0.00432232339483841,0.012025367521768613,10.2,0.9883643173820321,1.3497950003171783e-05,0.34360308245412463,0.6447612349279075,0.8140948310344696,0.00024143528436870422,0.4397629503256524,0.3743318807088171,0.9820671777482921,0.6042141409609759,0.867090909090909,0.3644447111899994,0.6119663670653593,1.0,0.0,1.009316547589889,80.61489655346142,0.0,0.009752723565556221,0.5622093009631037,0.015298693863691527,1.5,0.4,0.0036363636363636377,0.0648058564246323,0.09527709147159394,0.07205051590392582,0.07518051455394623,0.0989770379927433,0.04825443518636061,0.7575101114981964,0.16594715466790183,0.14308848940135147,0.038844420004064344,0.0775091917399043,0.06296899141013523,0.04535967841473317,0.043627758361973364,0.26398197664186296,0.4,6.0,6.0,0.2320707321166992,2.0,0.017361073951877245,BASE_asls_sg_l2_bgmean,baseline,asls,"savgol(poly=3,window=9)",asls,"savgol(poly=3,window=9)",mean,{},mean,0,l2,l2,full,sers_replicate_drop,True
10.2,0.09818181818181818,0.22409090909090906,0.11772727272727272,0.17090909090909093,0.3743181818181818,0.5518181818181819,0.3527638150990423,5.0,0.853045465811441,0.8508779866630389,0.002167479148401813,0.3012061887904134,0.2667192498034744,0.20807110540417692,0.034486938986938984,0.11443406473514132,10.2,0.9769976118440755,2.7754301286813436e-05,0.6740602417723791,0.30293737007169647,0.9985149282230659,1.9286646427754457e-06,0.9906437634899754,0.00787116473309039,0.9861918276082363,0.25801426231668234,0.7950909090909091,0.006545860622253768,0.0787421914966655,1.0,0.0,1.0,61.958010481815016,0.30434782608695654,0.0,0.8600257245454065,0.0,1.5,0.4,0.0036363636363636377,0.11817772530300345,0.031524196456186114,0.056738521311917534,0.05678024370816496,0.06848146050764413,0.043173073826442275,0.641619209529356,0.04538642444964855,0.046048150635034445,0.0025368734021265016,0.1301857848410199,0.11622753945182969,0.08208274098724562,0.04604314278682517,0.14610421887719136,0.4,1.0,0.0,0.22076525688171386,2.0,0.007089581010403101,A_none0_l2,A_baseline_norm,none,none,none,none,none,{},mean,0,l2,l2,full,sers_chemistry_drop|analyte_collapse,True
10.2,0.09818181818181818,0.22409090909090906,0.11772727272727272,0.17090909090909093,0.3743181818181818,0.5518181818181819,0.3527638150990423,5.0,0.8530454657737774,0.8508779866254604,0.002167479148316875,0.3012061887904134,0.2667192498034744,0.20807110540417692,0.034486938986938984,0.11443406473514132,10.2,0.9769976118081368,1.500456120379516e-07,0.6740602417457591,0.3029373700623777,0.9985149281757171,3.1628830853489157e-09,0.9906437634431656,0.007871164732551329,0.9861918276082363,0.25801426230829694,0.7950909090909091,0.006545860621948896,0.07874219149168016,1.0,0.0,1.0,54.39045835297337,0.30434782608695654,0.0,0.8600257240416649,0.0,1.5,0.4,0.0036363636363636377,0.11817772530300345,0.031524196456186114,0.056738521311917534,0.05678024370816496,0.06848146050764413,0.043173073826442275,0.641619209529356,0.045386424446877724,0.046048150632245044,0.0025368734020258634,0.1301857848410199,0.11622753945182969,0.08208274098724562,0.04604314278682517,0.14610421887719136,0.4,1.0,0.0,0.2322441577911377,2.0,0.007089581010403101,A_none0_area,A_baseline_norm,none,none,none,none,none,{},mean,0,area,area,full,sers_chemistry_drop|rank_collapse|analyte_collapse,True
10.2,0.09818181818181818,0.2,0.11727272727272728,0.15863636363636363,0.3336363636363636,0.5420454545454546,0.33843473698019155,4.925,0.6627972277020924,0.6471486524466898,0.01564857525540244,0.3012061887904134,0.2667192498034744,0.20807110540417692,0.034486938986938984,0.11443406473514132,10.2,0.985506717509133,0.0031459595484999185,0.5023020100144666,0.48320470749466626,0.9517212217050129,0.017511686021568613,0.8659258118174634,0.08579540988754943,0.9861918276082363,0.43494089241273814,0.8507272727272728,0.08056521946500642,0.11929295785755267,1.0,0.0,1.0,79.56813868706837,0.014492753623188406,0.007564353863517404,0.7887567651369942,0.0,1.5,0.4,0.0036363636363636377,0.10438673641806744,0.0463643146570724,0.06824353963787325,0.06713645141151511,0.04410852704684721,0.053993182582809496,0.7282286305754073,0.042548450634760454,0.049750384788569815,0.016661882899796858,0.1301857848410199,0.11622753945182969,0.08208274098724562,0.04604314278682517,0.14610421887719136,0.4,1.0,0.0,0.3527731418609619,2.0,0.008419789738387487,A_none0_robust,A_baseline_norm,none,none,none,none,none,{},mean,0,robust,robust,full,,False
10.2,0.09818181818181818,0.22409090909090906,0.11772727272727272,0.17090909090909093,0.3743181818181818,0.5518181818181819,0.3527638150990423,5.0,0.8530454658130532,0.8508779866646476,0.00216747914840571,0.3012061887904134,0.2667192498034744,0.20807110540417692,0.034486938986938984,0.11443406473514132,10.2,0.9769976118458837,0.005148439829138742,0.6740602417736374,0.30293737007224636,0.9985149282249741,0.001075174064685235,0.9906437634918663,0.00787116473310771,0.9861918276082363,0.2580142623171608,0.7950909090909091,0.00654586062226622,0.07874219149682227,1.0,0.0,1.0,57.291633276032805,0.30434782608695654,0.0,0.8600257245657057,0.0,1.5,0.4,0.0036363636363636377,0.11817772530300345,0.031524196456186114,0.056738521311917534,0.05678024370816496,0.06848146050764413,0.043173073826442275,0.641619209529356,0.045386424449735584,0.04604815063512273,0.0025368734021312947,0.1301857848410199,0.11622753945182969,0.08208274098724562,0.04604314278682517,0.14610421887719136,0.4,1.0,0.0,0.2993788242340088,2.0,0.007089581010403101,A_none0_p95,A_baseline_norm,none,none,none,none,none,{},mean,0,p95,p95,full,sers_chemistry_drop|rank_collapse|analyte_collapse,True
10.2,0.09818181818181818,0.22409090909090906,0.11772727272727272,0.17090909090909093,0.3743181818181818,0.5518181818181819,0.3527638150990423,5.0,0.8530454658129715,0.8508779866645664,0.002167479148405138,0.3012061887904134,0.2667192498034744,0.20807110540417692,0.034486938986938984,0.11443406473514132,10.2,0.9769976118456679,0.0011406355737584005,0.6740602417735053,0.30293737007216254,0.9985149282249657,0.0012673596160693585,0.9906437634918521,0.007871164733113311,0.9861918276082363,0.2580142623170706,0.7950909090909091,0.006545860622265881,0.07874219149684747,1.0,0.0,1.0,39.36331471054478,0.30434782608695654,0.0,0.8600257245656688,0.0,1.5,0.4,0.0036363636363636377,0.11817772530300345,0.031524196456186114,0.056738521311917534,0.05678024370816496,0.06848146050764413,0.043173073826442275,0.641619209529356,0.04538642444975246,0.04604815063513916,0.002536873402130495,0.1301857848410199,0.11622753945182969,0.08208274098724562,0.04604314278682517,0.14610421887719136,0.4,1.0,0.0,0.2274707794189453,2.0,0.007089581010403101,A_none0_max,A_baseline_norm,none,none,none,none,none,{},mean,0,max,max,full,sers_chemistry_drop|rank_collapse|analyte_collapse,True
10.2,0.09818181818181818,0.2286363636363636,0.1418181818181818,0.1852272727272727,0.3606818181818182,0.5838636363636365,0.36107939787485244,4.775,0.28949186041099495,0.25468790952575004,0.034803950885244836,0.3012061887904134,0.2667192498034744,0.20807110540417692,0.034486938986938984,0.11443406473514132,10.2,0.9781645915372964,0.015603696055184486,0.16406432301613522,0.8141002685211612,0.8554122023794853,0.11567023809635661,0.6035506636892558,0.25186153869022954,0.9861918276082363,0.7445939171443531,0.8493636363636364,0.23245977220336872,0.2320567782114143,1.0,0.0,1.0,86.25157973497402,0.0,0.4999999999999988,2.008180221277751,0.0,1.5,0.4,0.0036363636363636377,0.13040984604787498,0.07392197178427012,0.09092306918471126,0.08103864024901283,0.07734085271476888,0.07143736445744812,0.7452851713876074,0.048823719545028565,0.05780380294464227,0.033243336269053125,0.1301857848410199,0.11622753945182969,0.08208274098724562,0.04604314278682517,0.14610421887719136,0.4,1.0,0.0,0.28406720161437987,2.0,0.008840232267498868,A_none0_snv,A_baseline_norm,none,none,none,none,none,{},mean,0,snv,snv,full,,False
10.2,0.09818181818181818,0.2640909090909091,0.12363636363636363,0.19386363636363635,0.3738636363636364,0.6297727272727273,0.37570884166338714,4.325,0.529040042996339,0.49931577232526114,0.029724270671077836,0.8812467259625787,0.8759618355706482,0.7316809266645627,0.005284890391930233,0.09799941464085857,10.2,0.9771117966903846,2.6895869427472442e-05,0.30823882698236693,0.6688729697080179,0.8784927361568482,0.00015780164135246064,0.7503035255759722,0.128189210580876,0.9820671777482921,0.6271458326682251,0.8930909090909089,0.13112121703178065,0.12715281194396005,1.0,0.0,0.8453331042864389,96.37687231183621,0.0,0.00400702761478399,0.817954189314181,0.0,1.5,0.4,0.0036363636363636377,0.0950556653200257,0.06772800314830792,0.061193920555842295,0.11897903232918838,0.11293440592140506,0.06573231310382395,0.8601246922378636,0.03424086731415653,0.04594634002913835,0.026003843111927983,0.07358647097944607,0.07815152963090041,0.07247856348084318,0.01620885700620846,0.21843886630587664,0.4,3.0,2.0,0.5554646015167236,2.0,0.027934048597170108,A_asls1_l2,A_baseline_norm,asls,none,asls,none,none,{},mean,0,l2,l2,full,,False
10.2,0.09818181818181818,0.2640909090909091,0.12363636363636363,0.19386363636363635,0.3738636363636364,0.6297727272727273,0.37570884166338714,4.325,0.5290400429779261,0.4993157723077083,0.029724270670217857,0.8812467259625787,0.8759618355706482,0.7316809266645627,0.005284890391930233,0.09799941464085857,10.2,0.977111796665235,1.7022026322899393e-07,0.3082388269742768,0.6688729696909583,0.8784927361199582,3.2910032554363847e-07,0.75030352554511,0.1281892105748482,0.9820671777482921,0.6271458326539101,0.8930909090909089,0.13112121702686752,0.12715281193710187,1.0,0.0,0.8453331042864425,83.80461337334435,0.0,0.004007027614780317,0.8179541888375305,0.0,1.5,0.4,0.0036363636363636377,0.0950556653200257,0.06772800314830792,0.061193920555842295,0.11897903232918838,0.11293440592140506,0.06573231310382395,0.8601246922378636,0.03424086731237578,0.045946340026912544,0.026003843111190174,0.07358647097944607,0.07815152963090041,0.07247856348084318,0.01620885700620846,0.21843886630587664,0.4,3.0,2.0,0.2470231533050537,2.0,0.027934048597170108,A_asls1_area,A_baseline_norm,asls,none,asls,none,none,{},mean,0,area,area,full,,False
10.2,0.09818181818181818,0.24909090909090909,0.11863636363636362,0.18386363636363637,0.42227272727272724,0.6743181818181819,0.3832654958677686,4.05,0.49232674090831174,0.45664009663847854,0.03568664426983324,0.8812467259625787,0.8759618355706482,0.7316809266645627,0.005284890391930233,0.09799941464085857,10.2,0.9777890691387446,0.004712126083234821,0.32346998669280924,0.6543190824459353,0.8417523934925812,0.04310515363992813,0.6993023565816221,0.14245003691095906,0.9805965895129983,0.6133767762621778,0.8909090909090909,0.1477322383177718,0.10493356450821363,1.0,0.0,0.8453331042864389,99.22592326658402,0.0,0.004307323519734246,0.7938562065130078,0.0,1.5,0.4,0.0036363636363636377,0.13470914616523805,0.06937898445691,0.07814246469976194,0.12188724050543935,0.12138241306452584,0.07807168447615306,0.9836784413942563,0.026486224978323352,0.037987663331682325,0.03207654709887736,0.07358647097944607,0.07815152963090041,0.07247856348084318,0.01620885700620846,0.21843886630587664,0.4,3.0,2.0,0.3719031810760498,2.0,0.03114356468249039,A_asls1_robust,A_baseline_norm,asls,none,asls,none,none,{},mean,0,robust,robust,full,sers_replicate_drop,True
10.2,0.09818181818181818,0.2640909090909091,0.12363636363636363,0.19386363636363635,0.3738636363636364,0.6297727272727273,0.37570884166338714,4.325,0.5290400429973221,0.49931577232618896,0.029724270671133268,0.8812467259625787,0.8759618355706482,0.7316809266645627,0.005284890391930233,0.09799941464085857,10.2,0.9771117966921767,0.00484522437502876,0.3082388269829343,0.6688729697092424,0.8784927361584881,0.03587166937338413,0.7503035255773716,0.12818921058111651,0.9820671777482921,0.627145832669382,0.8930909090909089,0.13112121703202456,0.12715281194420008,1.0,0.0,0.8453331042864425,92.93767492327778,0.0,0.004007027614784298,0.8179541893341682,0.0,1.5,0.4,0.0036363636363636377,0.0950556653200257,0.06772800314830792,0.061193920555842295,0.11897903232918838,0.11293440592140506,0.06573231310382395,0.8601246922378636,0.03424086731422083,0.04594634002922464,0.026003843111976892,0.07358647097944607,0.07815152963090041,0.07247856348084318,0.01620885700620846,0.21843886630587664,0.4,3.0,2.0,0.31667208671569824,2.0,0.027934048597170108,A_asls1_p95,A_baseline_norm,asls,none,asls,none,none,{},mean,0,p95,p95,full,,False
10.2,0.09818181818181818,0.2640909090909091,0.12363636363636363,0.19386363636363635,0.3738636363636364,0.6297727272727273,0.37570884166338714,4.325,0.5290400429972003,0.4993157723260787,0.029724270671121655,0.8812467259625787,0.8759618355706482,0.7316809266645627,0.005284890391930233,0.09799941464085857,10.2,0.9771117966918277,0.0005030010422905324,0.308238826982823,0.6688729697090048,0.8784927361584159,0.016814695697058825,0.7503035255772946,0.1281892105811214,0.9820671777482921,0.6271458326691078,0.8930909090909089,0.1311212170320017,0.12715281194421407,1.0,0.0,0.8453331042864389,86.66171985863653,0.0,0.004007027614784216,0.8179541893332555,0.0,1.5,0.4,0.0036363636363636377,0.0950556653200257,0.06772800314830792,0.061193920555842295,0.11897903232918838,0.11293440592140506,0.06573231310382395,0.8601246922378636,0.03424086731422345,0.04594634002922442,0.02600384311196638,0.07358647097944607,0.07815152963090041,0.07247856348084318,0.01620885700620846,0.21843886630587664,0.4,3.0,2.0,0.24437894821166992,2.0,0.027934048597170108,A_asls1_max,A_baseline_norm,asls,none,asls,none,none,{},mean,0,max,max,full,,False
10.2,0.09818181818181818,0.23045454545454547,0.21954545454545457,0.225,0.4445454545454545,0.6229545454545455,0.407581955922865,4.225,0.10357029191881292,0.04607952018472924,0.05749077173408369,0.8812467259625787,0.8759618355706482,0.7316809266645627,0.005284890391930233,0.09799941464085857,10.2,0.9678582795183857,0.023034436263469935,0.052860218757901055,0.9149980607604846,0.4395829109238322,0.44833367126090595,0.07870022291542975,0.36088268800840256,0.9834140498304584,0.8514933317464045,0.884090909090909,0.38722898211324264,0.04660288654400633,1.0,0.0,0.8453331042864389,107.72056245046235,0.0,0.4999999999999988,0.903094898173032,0.0,1.5,0.4,0.0036363636363636377,0.10387065869372178,0.16080847356224187,0.1187816460180771,0.12393936730494207,0.13055206527012533,0.09310493691530058,1.2348838844024084,0.04123592616025925,0.02057587535907638,0.04648922669598343,0.07358647097944607,0.07815152963090041,0.07247856348084318,0.01620885700620846,0.21843886630587664,0.4,3.0,2.0,0.3031130313873291,2.0,0.023048383372525186,A_asls1_snv,A_baseline_norm,asls,none,asls,none,none,{},mean,0,snv,snv,full,sers_replicate_drop,True
10.2,0.09818181818181818,0.2690909090909091,0.11363636363636362,0.19136363636363635,0.40340909090909094,0.6309090909090909,0.3835548012593467,4.2,0.5469190352092628,0.5141511177157808,0.03276791749348219,0.8779398319522687,0.8699364246284897,0.7266318995545288,0.00800340732377876,0.09878706959885217,10.2,0.9816073790406603,2.157249824122096e-05,0.3306949915831015,0.6509123874575589,0.885159776485118,0.00014914314741962557,0.7578238234118215,0.12733595307329648,0.9820671777482921,0.6102017543073354,0.8976363636363637,0.13004626411056414,0.12383058956702393,1.0,0.0,0.8720311581966744,95.1952408975369,0.0,0.004067184485958854,0.8379248035158373,0.0,1.5,0.4,0.0036363636363636377,0.1184235375790981,0.06336238722794316,0.07830666626418047,0.10450385644713397,0.11423727134138972,0.06798186802457114,1.0030313441059606,0.03251531551702454,0.04504446698852587,0.0263539001287329,0.07656618887340685,0.08218744162705656,0.07279424201413416,0.019256778040154736,0.21292019119461666,0.4,3.0,2.0,0.5524003505706787,2.0,0.03109193553991261,A_asls2_l2,A_baseline_norm,asls,none,asls,none,none,{},mean,0,l2,l2,full,,False
10.2,0.09818181818181818,0.2690909090909091,0.11363636363636362,0.19136363636363635,0.40340909090909094,0.6309090909090909,0.3835548012593467,4.2,0.5469190351900821,0.5141511176975667,0.03276791749251524,0.8779398319522687,0.8699364246284897,0.7266318995545288,0.00800340732377876,0.09878706959885217,10.2,0.9816073790152089,1.349960704754097e-07,0.3306949915742143,0.6509123874409946,0.8851597764477204,3.0755591051165356e-07,0.7578238233805209,0.12733595306719941,0.9820671777482921,0.610201754293022,0.8976363636363637,0.13004626410564107,0.12383058956032522,1.0,0.0,0.8720311581966744,82.98260212576771,0.0,0.004067184485955085,0.8379248030308537,0.0,1.5,0.4,0.0036363636363636377,0.1184235375790981,0.06336238722794316,0.07830666626418047,0.10450385644713397,0.11423727134138972,0.06798186802457114,1.0030313441059606,0.03251531551530444,0.045044466986330925,0.026353900127978884,0.07656618887340685,0.08218744162705656,0.07279424201413416,0.019256778040154736,0.21292019119461666,0.4,3.0,2.0,0.24881319999694823,2.0,0.03109193553991261,A_asls2_area,A_baseline_norm,asls,none,asls,none,none,{},mean,0,area,area,full,,False
10.2,0.09818181818181818,0.2540909090909091,0.14318181818181816,0.19863636363636367,0.43886363636363634,0.6625,0.39510207595434865,4.025,0.51556688936504,0.4762279322582387,0.039338957106801395,0.8779398319522687,0.8699364246284897,0.7266318995545288,0.00800340732377876,0.09878706959885217,10.2,0.9821226242426574,0.003776521905370666,0.347862293319056,0.6342603309236015,0.8465460280328448,0.04173821879408275,0.703935708837473,0.14261031919537168,0.9820671777482921,0.5946224465946133,0.8973636363636365,0.14794381815742585,0.10035956326223187,1.0,0.0,0.8720311581966744,98.45654774069553,0.0,0.003973525526120982,0.8233032322920295,0.0,1.5,0.4,0.0036363636363636377,0.1445484356269254,0.06309302043668912,0.07497608429977631,0.1077679875116169,0.11629885338905448,0.07394799420910776,0.8974449586194769,0.025688332426220754,0.038346846666628416,0.032180553491160044,0.07656618887340685,0.08218744162705656,0.07279424201413416,0.019256778040154736,0.21292019119461666,0.4,3.0,2.0,0.36826200485229493,2.0,0.03155111387183873,A_asls2_robust,A_baseline_norm,asls,none,asls,none,none,{},mean,0,robust,robust,full,sers_replicate_drop,True
10.2,0.09818181818181818,0.2690909090909091,0.11363636363636362,0.19136363636363635,0.40340909090909094,0.6309090909090909,0.3835548012593467,4.2,0.5469190352102793,0.514151117716736,0.03276791749354323,0.8779398319522687,0.8699364246284897,0.7266318995545288,0.00800340732377876,0.09878706959885217,10.2,0.9816073790424644,0.003894057621396531,0.3306949915837098,0.6509123874587546,0.8851597764867709,0.03430308834141494,0.7578238234132356,0.1273359530735354,0.9820671777482921,0.6102017543084599,0.8976363636363637,0.1300462641108061,0.1238305895672576,1.0,0.0,0.8720311581966744,92.20214967762185,0.0,0.004067184485959129,0.8379248035396465,0.0,1.5,0.4,0.0036363636363636377,0.1184235375790981,0.06336238722794316,0.07830666626418047,0.10450385644713397,0.11423727134138972,0.06798186802457114,1.0030313441059606,0.032515315517085426,0.04504446698861038,0.026353900128782227,0.07656618887340685,0.08218744162705656,0.07279424201413416,0.019256778040154736,0.21292019119461666,0.4,3.0,2.0,0.3171661376953125,2.0,0.03109193553991261,A_asls2_p95,A_baseline_norm,asls,none,asls,none,none,{},mean,0,p95,p95,full,,False
10.2,0.09818181818181818,0.2690909090909091,0.11363636363636362,0.19136363636363635,0.40340909090909094,0.6309090909090909,0.3835548012593467,4.2,0.546919035210158,0.5141511177166269,0.03276791749353121,0.8779398319522687,0.8699364246284897,0.7266318995545288,0.00800340732377876,0.09878706959885217,10.2,0.9816073790421059,0.0004149975332458599,0.3306949915835964,0.6509123874585094,0.8851597764867047,0.016225834668077775,0.7578238234131588,0.127335953073546,0.9820671777482921,0.6102017543082028,0.8976363636363637,0.13004626411078432,0.12383058956727071,1.0,0.0,0.8720311581966744,85.81443652776663,0.0,0.004067184485959065,0.8379248035386351,0.0,1.5,0.4,0.0036363636363636377,0.1184235375790981,0.06336238722794316,0.07830666626418047,0.10450385644713397,0.11423727134138972,0.06798186802457114,1.0030313441059606,0.03251531551708951,0.04504446698861114,0.026353900128771823,0.07656618887340685,0.08218744162705656,0.07279424201413416,0.019256778040154736,0.21292019119461666,0.4,3.0,2.0,0.246512508392334,2.0,0.03109193553991261,A_asls2_max,A_baseline_norm,asls,none,asls,none,none,{},mean,0,max,max,full,,False
10.2,0.09818181818181818,0.2690909090909091,0.23863636363636367,0.2538636363636364,0.4913636363636364,0.6425,0.43473040469631374,3.9,0.12291740698941236,0.05706204406605293,0.06585536292335942,0.8779398319522687,0.8699364246284897,0.7266318995545288,0.00800340732377876,0.09878706959885217,10.2,0.9736561261309868,0.01881324266399206,0.06886455346240758,0.9047915726685792,0.4559572547839036,0.4352341961728478,0.08746158321123047,0.3684956715726731,0.9834140498304584,0.843605863618189,0.8865454545454545,0.395039584895477,0.048608480311428094,1.0,0.0,0.8720311581966744,106.3825590050545,0.0,0.4999999999999988,0.890272333821188,0.0,1.5,0.4,0.0036363636363636377,0.10110748663309195,0.1644137525738551,0.11696611533431356,0.11224764694285994,0.11522153916046955,0.0857303686864587,1.1706680858088645,0.040320110861987515,0.022407868686658877,0.04547085379552161,0.07656618887340685,0.08218744162705656,0.07279424201413416,0.019256778040154736,0.21292019119461666,0.4,3.0,2.0,0.30374488830566404,2.0,0.02124534214857828,A_asls2_snv,A_baseline_norm,asls,none,asls,none,none,{},mean,0,snv,snv,full,sers_replicate_drop,True
10.2,0.09818181818181818,0.23954545454545456,0.11818181818181817,0.1788636363636364,0.4156818181818182,0.6263636363636363,0.3773212154007609,4.275,0.5606380071837606,0.5265146602517231,0.0341233469320375,0.8764108442302356,0.869398136439458,0.727097303799468,0.007012707790777778,0.08915000631562697,10.2,0.9825977689477947,2.0470329917177923e-05,0.3506560894037754,0.6319416795440193,0.8898378085814687,0.00014306778106071646,0.763441474215111,0.1263963343663575,0.9820671777482921,0.5944941493533433,0.8925454545454545,0.12892047910990462,0.12022233939927522,1.0,0.0,0.9350565401302869,94.37418673707325,0.0,0.005001261005545658,0.7866965208691923,0.0,1.5,0.4,0.0036363636363636377,0.11537907492646501,0.041924949289512695,0.0639179346574972,0.10254816574877297,0.11224692205339556,0.057894364778857135,0.961076921216911,0.030965558331896396,0.04362236947156765,0.026241434514235024,0.07714570517922836,0.08203918128021107,0.07385082641252719,0.017757950230518932,0.20056088692981477,0.4,3.0,2.0,0.5290982246398925,2.0,0.025607296352897314,A_asls3_l2,A_baseline_norm,asls,none,asls,none,none,{},mean,0,l2,l2,full,,False
10.2,0.09818181818181818,0.23954545454545456,0.11818181818181817,0.1788636363636364,0.4156818181818182,0.6263636363636363,0.3773212154007609,4.275,0.5606380071639856,0.5265146602329764,0.03412334693100908,0.8764108442302356,0.869398136439458,0.727097303799468,0.007012707790777778,0.08915000631562697,10.2,0.9825977689223645,1.201329218111337e-07,0.350656089394166,0.6319416795281987,0.8898378085436518,2.935864672033274e-07,0.7634414741835199,0.1263963343601318,0.9820671777482921,0.5944941493390494,0.8925454545454545,0.12892047910498944,0.12022233939275621,1.0,0.0,0.9350565401302869,82.53132988435857,0.0,0.005001261005541033,0.7866965204191287,0.0,1.5,0.4,0.0036363636363636377,0.11537907492646501,0.041924949289512695,0.0639179346574972,0.10254816574877297,0.11224692205339556,0.057894364778857135,0.961076921216911,0.03096555833024518,0.04362236946943019,0.026241434513480016,0.07714570517922836,0.08203918128021107,0.07385082641252719,0.017757950230518932,0.20056088692981477,0.4,3.0,2.0,0.25823040008544923,2.0,0.025607296352897314,A_asls3_area,A_baseline_norm,asls,none,asls,none,none,{},mean,0,area,area,full,,False
10.2,0.09818181818181818,0.24409090909090908,0.12272727272727271,0.1834090909090909,0.4486363636363636,0.6649999999999999,0.3904257592155319,3.975,0.5331740278157384,0.49190831494551157,0.04126571287022694,0.8764108442302356,0.869398136439458,0.727097303799468,0.007012707790777778,0.08915000631562697,10.2,0.9831556494505211,0.003667951331864046,0.369010329769652,0.6141453196808693,0.8518627851379004,0.04043779564173651,0.7098637295498026,0.1419990555880977,0.9820671777482921,0.5777714917558028,0.8866363636363637,0.146812912820563,0.09680387378723199,1.0,0.0,0.9350565401302873,97.79738755528417,0.0,0.003867761449341581,0.7524943276259148,0.0,1.5,0.4,0.0036363636363636377,0.13279880158452065,0.04919767656223997,0.07761592004923683,0.10639438716394264,0.10611542649622677,0.07089270786343113,0.9981381181870947,0.024941529282937958,0.037498878528587284,0.031059696513785817,0.07714570517922836,0.08203918128021107,0.07385082641252719,0.017757950230518932,0.20056088692981477,0.4,3.0,2.0,0.38149318695068357,2.0,0.025623672443526556,A_asls3_robust,A_baseline_norm,asls,none,asls,none,none,{},mean,0,robust,robust,full,sers_replicate_drop,True
10.2,0.09818181818181818,0.23954545454545456,0.11818181818181817,0.1788636363636364,0.4156818181818182,0.6263636363636363,0.3773212154007609,4.275,0.5606380071848018,0.5265146602527009,0.03412334693210102,0.8764108442302356,0.869398136439458,0.727097303799468,0.007012707790777778,0.08915000631562697,10.2,0.9825977689495936,0.0037453740152438284,0.35065608940442,0.6319416795451736,0.8898378085831304,0.03315875237726539,0.7634414742165356,0.12639633436659456,0.9820671777482921,0.5944941493544386,0.8925454545454545,0.1289204791101445,0.12022233939950251,1.0,0.0,0.9350565401302869,91.58875246915483,0.0,0.005001261005546005,0.7866965208947909,0.0,1.5,0.4,0.0036363636363636377,0.11537907492646501,0.041924949289512695,0.0639179346574972,0.10254816574877297,0.11224692205339556,0.057894364778857135,0.961076921216911,0.030965558331954017,0.043622369471649325,0.026241434514284297,0.07714570517922836,0.08203918128021107,0.07385082641252719,0.017757950230518932,0.20056088692981477,0.4,3.0,2.0,0.305934476852417,2.0,0.025607296352897314,A_asls3_p95,A_baseline_norm,asls,none,asls,none,none,{},mean,0,p95,p95,full,,False
10.2,0.09818181818181818,0.23954545454545456,0.11818181818181817,0.1788636363636364,0.4156818181818182,0.6263636363636363,0.3773212154007609,4.275,0.5606380071846816,0.5265146602525923,0.034123346932089314,0.8764108442302356,0.869398136439458,0.727097303799468,0.007012707790777778,0.08915000631562697,10.2,0.9825977689492704,0.00041361142677405195,0.3506560894043045,0.631941679544966,0.8898378085830693,0.015737162876738455,0.7634414742164594,0.12639633436661013,0.9820671777482921,0.5944941493541946,0.8925454545454545,0.12892047911012372,0.12022233939951465,1.0,0.0,0.9350565401302869,85.31756642746647,0.0,0.005001261005545925,0.786696520892421,0.0,1.5,0.4,0.0036363636363636377,0.11537907492646501,0.041924949289512695,0.0639179346574972,0.10254816574877297,0.11224692205339556,0.057894364778857135,0.961076921216911,0.030965558331959697,0.0436223694716512,0.026241434514273725,0.07714570517922836,0.08203918128021107,0.07385082641252719,0.017757950230518932,0.20056088692981477,0.4,3.0,2.0,0.24312982559204102,2.0,0.025607296352897314,A_asls3_max,A_baseline_norm,asls,none,asls,none,none,{},mean,0,max,max,full,,False
10.2,0.09818181818181818,0.24954545454545451,0.26363636363636367,0.25659090909090915,0.5068181818181818,0.6579545454545455,0.44651320838252656,3.475,0.1355771343583212,0.06358855149216389,0.07198858286615731,0.8764108442302356,0.869398136439458,0.727097303799468,0.007012707790777778,0.08915000631562697,10.2,0.9750326479900563,0.017881578661977784,0.08278704798718042,0.8922456000028758,0.4715625446094059,0.4227499643124449,0.0994561501152465,0.3721063944941594,0.9834140498304584,0.8366209254538399,0.8921818181818182,0.39832304960564213,0.05239757850820549,1.0,0.0,0.9350565401302869,105.28833697217901,0.0,0.4999999999999988,0.9057863739138357,0.0,1.5,0.4,0.0036363636363636377,0.10455046681037923,0.14460124842798985,0.10733022085541113,0.14031884122852087,0.1218413378441016,0.08886638643730552,1.2847326811022088,0.0399923782252749,0.022483835749064842,0.04367517026694271,0.07714570517922836,0.08203918128021107,0.07385082641252719,0.017757950230518932,0.20056088692981477,0.4,3.0,2.0,0.29905176162719727,2.0,0.028114687879526194,A_asls3_snv,A_baseline_norm,asls,none,asls,none,none,{},mean,0,snv,snv,full,sers_replicate_drop,True
10.2,0.09818181818181818,0.20545454545454547,0.10363636363636364,0.15454545454545454,0.39249999999999996,0.6218181818181818,0.3601986668634396,4.475,0.5871190830144506,0.5531578869866001,0.03396119602785036,0.8767174142406164,0.8713456918206111,0.7265933324890306,0.005371722420005404,0.10413860676007888,10.2,0.9810519706649728,2.206808359064932e-05,0.3794937267084569,0.6015582439565159,0.8929466621919987,0.00013903030883924075,0.7722792644419109,0.12066739775008781,0.9848846380657527,0.5658914788609283,0.8877272727272727,0.12233459322967324,0.11105630903868502,1.0,0.0,0.9451502836058168,93.82214859038501,0.0,0.0003306839694944536,0.8402269898161439,0.0,1.5,0.4,0.0036363636363636377,0.11438313476690021,0.05371506753949925,0.06356198240570513,0.08282398554427658,0.13013236512325332,0.0547134084075096,0.94670772932028,0.03430737841206013,0.0474386940730352,0.027385336895733813,0.07749145070634962,0.08082491589800016,0.07028685304441402,0.01659507636736584,0.23088665726322916,0.4,3.0,2.0,0.4381209373474121,2.0,0.017644116379052405,A_airpls4_l2,A_baseline_norm,airpls,none,airpls,none,none,{},mean,0,l2,l2,full,,False
10.2,0.09818181818181818,0.20545454545454547,0.10363636363636364,0.15454545454545454,0.39249999999999996,0.6218181818181818,0.3601986668634396,4.475,0.5871190829932672,0.553157886966485,0.033961196026782124,0.8767174142406164,0.8713456918206111,0.7265933324890306,0.005371722420005404,0.10413860676007888,10.2,0.9810519706368058,1.2388758146449952e-07,0.3794937266976436,0.6015582439391622,0.8929466621546023,2.8470496470536675e-07,0.772279264409695,0.12066739774490735,0.9848846380657527,0.5658914788467456,0.8877272727272727,0.12233459322499293,0.1110563090325718,1.0,0.0,0.9451502836058164,82.54436574469705,0.0,0.0003306839694941485,0.8402269893255772,0.0,1.5,0.4,0.0036363636363636377,0.11438313476690021,0.05371506753949925,0.06356198240570513,0.08282398554427658,0.13013236512325332,0.0547134084075096,0.94670772932028,0.034307378410156526,0.04743869407063056,0.027385336894908345,0.07749145070634962,0.08082491589800016,0.07028685304441402,0.01659507636736584,0.23088665726322916,0.4,3.0,2.0,0.2543989658355713,2.0,0.017644116379052405,A_airpls4_area,A_baseline_norm,airpls,none,airpls,none,none,{},mean,0,area,area,full,,False
10.2,0.09818181818181818,0.23909090909090908,0.13318181818181818,0.18613636363636363,0.4243181818181818,0.6406818181818182,0.3855002541650269,4.225,0.525245817089161,0.4861594406425563,0.03908637644660461,0.8767174142406164,0.8713456918206111,0.7265933324890306,0.005371722420005404,0.10413860676007888,10.2,0.9808966782171474,0.004201013891464782,0.367894740658376,0.6130019375587713,0.8437059454822421,0.04248875693896299,0.7031408198025169,0.1405651256797253,0.9848846380657527,0.5767666057214067,0.885,0.14552924939053896,0.09689824535687974,1.0,0.0,0.9451502836058164,97.98052042092296,0.0,0.0030710921015049447,0.8066475208809234,0.0,1.5,0.4,0.0036363636363636377,0.1755756298101932,0.06702818039706746,0.09390921224562239,0.09615130268906051,0.11653424341454559,0.08122473397139504,0.9358793840439612,0.026269760645217154,0.03880831369225522,0.03246422490755876,0.07749145070634962,0.08082491589800016,0.07028685304441402,0.01659507636736584,0.23088665726322916,0.4,3.0,2.0,0.39277219772338867,2.0,0.02946720565532933,A_airpls4_robust,A_baseline_norm,airpls,none,airpls,none,none,{},mean,0,robust,robust,full,sers_replicate_drop,True
10.2,0.09818181818181818,0.20545454545454547,0.10363636363636364,0.15454545454545454,0.39249999999999996,0.6218181818181818,0.3601986668634396,4.475,0.5871190830155423,0.5531578869876286,0.03396119602791362,0.8767174142406164,0.8713456918206111,0.7265933324890306,0.005371722420005404,0.10413860676007888,10.2,0.981051970666776,0.004125651736555698,0.37949372670915504,0.6015582439576208,0.8929466621936667,0.032833013669072285,0.7722792644433535,0.1206673977503133,0.9848846380657527,0.5658914788619712,0.8877272727272727,0.12233459322990096,0.11105630903889563,1.0,0.0,0.9451502836058168,91.24271938794115,0.0,0.00033068396949447723,0.8402269898365249,0.0,1.5,0.4,0.0036363636363636377,0.11438313476690021,0.05371506753949925,0.06356198240570513,0.08282398554427658,0.13013236512325332,0.0547134084075096,0.94670772932028,0.03430737841212476,0.0474386940731245,0.02738533689578514,0.07749145070634962,0.08082491589800016,0.07028685304441402,0.01659507636736584,0.23088665726322916,0.4,3.0,2.0,0.3088960647583008,2.0,0.017644116379052405,A_airpls4_p95,A_baseline_norm,airpls,none,airpls,none,none,{},mean,0,p95,p95,full,,False
10.2,0.09818181818181818,0.20545454545454547,0.10363636363636364,0.15454545454545454,0.39249999999999996,0.6218181818181818,0.3601986668634396,4.475,0.5871190830154198,0.5531578869875176,0.03396119602790232,0.8767174142406164,0.8713456918206111,0.7265933324890306,0.005371722420005404,0.10413860676007888,10.2,0.9810519706664609,0.0005139370202169493,0.37949372670903253,0.6015582439574283,0.8929466621935767,0.01566034592806343,0.7722792644432782,0.1206673977502986,0.9848846380657527,0.5658914788617424,0.8877272727272727,0.12233459322988102,0.11105630903890873,1.0,0.0,0.9451502836058168,83.71751014957826,0.0,0.00033068396949447116,0.840226989835891,0.0,1.5,0.4,0.0036363636363636377,0.11438313476690021,0.05371506753949925,0.06356198240570513,0.08282398554427658,0.13013236512325332,0.0547134084075096,0.94670772932028,0.03430737841212903,0.047438694073126474,0.027385336895774753,0.07749145070634962,0.08082491589800016,0.07028685304441402,0.01659507636736584,0.23088665726322916,0.4,3.0,2.0,0.2470564365386963,2.0,0.017644116379052405,A_airpls4_max,A_baseline_norm,airpls,none,airpls,none,none,{},mean,0,max,max,full,,False
10.2,0.09818181818181818,0.24,0.2290909090909091,0.23454545454545456,0.4613636363636363,0.6452272727272728,0.4182299537583628,4.025,0.12472129587160445,0.060407748803553776,0.0643135470680507,0.8767174142406164,0.8713456918206111,0.7265933324890306,0.005371722420005404,0.10413860676007888,10.2,0.9715823860746784,0.020337967700903663,0.08150457069606143,0.8900778153786171,0.44724484537118103,0.4422041237030264,0.08819388752629558,0.35905095784488544,0.9848029387193474,0.8323837241763631,0.8839090909090908,0.38672648161062745,0.05129212397887954,1.0,0.0,0.9451502836058168,105.41089123546155,0.0,0.49999999999999883,0.9067233902007754,0.0,1.5,0.4,0.0036363636363636377,0.11818028999729076,0.1664091209402436,0.12479732399711656,0.1222592730385885,0.12140728790134123,0.09683937734548057,1.2761743029959718,0.042563992359026324,0.02345596195683913,0.046532011386016384,0.07749145070634962,0.08082491589800016,0.07028685304441402,0.01659507636736584,0.23088665726322916,0.4,3.0,2.0,0.30031542778015136,2.0,0.018786672216007747,A_airpls4_snv,A_baseline_norm,airpls,none,airpls,none,none,{},mean,0,snv,snv,full,sers_replicate_drop,True
10.2,0.09818181818181818,0.21454545454545454,0.2595454545454546,0.23704545454545456,0.4581818181818182,0.5886363636363636,0.4188854453627181,4.5,0.17007607202236125,0.11906190158144354,0.05101417044091768,0.877640632360728,0.8706175814690875,0.7294247088369601,0.007023050891640473,0.0773405601466402,10.2,0.9770047734254772,2.678176963750849e-05,0.21134026833933767,0.7656645050861396,0.4547536414235688,0.0007081121539941839,0.09012805804569625,0.36462558337787254,0.9846567398889381,0.7103961260529816,0.8874545454545455,0.3895803310801397,0.058805813258627125,1.0,0.0,0.8867242675368427,106.33826891850791,0.0,0.06280293766161957,0.6936164308079307,0.0,1.5,0.4,0.0036363636363636377,0.10642510524249174,0.1501210356704184,0.12341148641935182,0.10990538627266348,0.137159944239372,0.09422192323830539,1.5169724548586063,0.03990900525822303,0.01842242088395276,0.03929540469621495,0.07675811091310494,0.08166622441869473,0.0729207600983913,0.015305788958593155,0.18117335716482413,0.4,3.0,2.0,0.6689412117004394,2.0,0.011538707490744492,A_arpls5_l2,A_baseline_norm,arpls,none,arpls,none,none,{},mean,0,l2,l2,full,sers_replicate_drop,True
10.2,0.09818181818181818,0.21454545454545454,0.2595454545454546,0.23704545454545456,0.4581818181818182,0.5886363636363636,0.4188854453627181,4.5,0.17007607201771885,0.11906190157799061,0.0510141704397282,0.877640632360728,0.8706175814690875,0.7294247088369601,0.007023050891640473,0.0773405601466402,10.2,0.9770047734041605,2.0244875855594368e-07,0.21134026833448766,0.7656645050696728,0.45475364140686925,1.8940910475776443e-06,0.09012805804255014,0.364625583364319,0.9846567398889381,0.7103961260374291,0.8874545454545455,0.3895803310671453,0.05880581325709788,1.0,0.0,0.8867242675368427,100.3598345756521,0.0,0.06280293766156195,0.6936164304208663,0.0,1.5,0.4,0.0036363636363636377,0.10642510524249174,0.1501210356704184,0.12341148641935182,0.10990538627266348,0.137159944239372,0.09422192323830539,1.5169724548586063,0.039909005257436306,0.018422420883432555,0.03929540469534322,0.07675811091310494,0.08166622441869473,0.0729207600983913,0.015305788958593155,0.18117335716482413,0.4,3.0,2.0,0.24651155471801758,2.0,0.011538707490744492,A_arpls5_area,A_baseline_norm,arpls,none,arpls,none,none,{},mean,0,area,area,full,sers_replicate_drop,True
10.2,0.09818181818181818,0.24909090909090909,0.1572727272727273,0.2031818181818182,0.4465909090909091,0.6543181818181818,0.3986609602518693,4.05,0.4909279073914122,0.45471689594719394,0.03621101144421823,0.877640632360728,0.8706175814690875,0.7294247088369601,0.007023050891640473,0.0773405601466402,10.2,0.9814031050090943,0.004127980620669106,0.3298117811197494,0.651591323889345,0.8413945022804794,0.04342857140081917,0.6900218915618106,0.15137261071866887,0.9846987566956606,0.6098408106585513,0.8896363636363634,0.155972001912451,0.10463882508880414,1.0,0.0,0.8867242675368427,98.46637932513616,0.0,0.0040933011361992365,0.8774864094138988,0.0,1.5,0.4,0.0036363636363636377,0.16438133329739749,0.07593407023528073,0.09892569494261554,0.11338448593652532,0.09810726360709884,0.08458308481375158,1.0389339198463177,0.024645084265293753,0.036488625878284074,0.03182900297868886,0.07675811091310494,0.08166622441869473,0.0729207600983913,0.015305788958593155,0.18117335716482413,0.4,3.0,2.0,0.3694418430328369,2.0,0.03366751385522934,A_arpls5_robust,A_baseline_norm,arpls,none,arpls,none,none,{},mean,0,robust,robust,full,sers_replicate_drop,True
10.2,0.09818181818181818,0.21454545454545454,0.2595454545454546,0.23704545454545456,0.4581818181818182,0.5886363636363636,0.4188854453627181,4.5,0.17007607202267558,0.11906190158166266,0.05101417044101293,0.877640632360728,0.8706175814690875,0.7294247088369601,0.007023050891640473,0.0773405601466402,10.2,0.9770047734272677,0.004897924918987472,0.2113402683397254,0.7656645050875424,0.4547536414244068,0.11533827451398415,0.0901280580458624,0.36462558337854434,0.9846567398889381,0.7103961260542893,0.8874545454545455,0.3895803310808587,0.05880581325873489,1.0,0.0,0.8867242675368427,102.4459346721444,0.0,0.06280293766162437,0.6936164308375209,0.0,1.5,0.4,0.0036363636363636377,0.10642510524249174,0.1501210356704184,0.12341148641935182,0.10990538627266348,0.137159944239372,0.09422192323830539,1.5169724548586063,0.039909005258298075,0.018422420883986525,0.03929540469628906,0.07675811091310494,0.08166622441869473,0.0729207600983913,0.015305788958593155,0.18117335716482413,0.4,3.0,2.0,0.3055857181549072,2.0,0.011538707490744492,A_arpls5_p95,A_baseline_norm,arpls,none,arpls,none,none,{},mean,0,p95,p95,full,sers_replicate_drop,True
10.2,0.09818181818181818,0.21454545454545454,0.2595454545454546,0.23704545454545456,0.4581818181818182,0.5886363636363636,0.4188854453627181,4.5,0.17007607202261402,0.119061901581627,0.051014170440987015,0.877640632360728,0.8706175814690875,0.7294247088369601,0.007023050891640473,0.0773405601466402,10.2,0.9770047734268742,0.0004393795359563751,0.21134026833964273,0.7656645050872315,0.4547536414243242,0.03315438066956785,0.09012805804584342,0.3646255833784808,0.9846567398889381,0.7103961260539824,0.8874545454545455,0.3895803310807655,0.05880581325871616,1.0,0.0,0.8867242675368427,99.27391754918291,0.0,0.06280293766162302,0.6936164308299371,0.0,1.5,0.4,0.0036363636363636377,0.10642510524249174,0.1501210356704184,0.12341148641935182,0.10990538627266348,0.137159944239372,0.09422192323830539,1.5169724548586063,0.03990900525827469,0.018422420883980897,0.0392954046962682,0.07675811091310494,0.08166622441869473,0.0729207600983913,0.015305788958593155,0.18117335716482413,0.4,3.0,2.0,0.24509830474853517,2.0,0.011538707490744492,A_arpls5_max,A_baseline_norm,arpls,none,arpls,none,none,{},mean,0,max,max,full,sers_replicate_drop,True
10.2,0.09818181818181818,0.22999999999999998,0.2545454545454546,0.24227272727272725,0.48068181818181815,0.6465909090909091,0.427552792535747,3.85,0.09436026322721144,0.03660873324115005,0.05775152998606141,0.877640632360728,0.8706175814690875,0.7294247088369601,0.007023050891640473,0.0773405601466402,10.2,0.9729004185724708,0.01946086493758912,0.056771173697553245,0.9161292448749178,0.4453311861059544,0.44373505111520783,0.06539755070883772,0.37993363539711666,0.98890510590201,0.8508746913369507,0.8931818181818182,0.4044834473103969,0.04705510486563057,1.0,0.0,0.8867242675368427,106.50902447581242,0.0,0.49999999999999883,0.8017292850181222,0.0,1.5,0.4,0.0036363636363636377,0.12975435177538577,0.1319184934703662,0.1216761864787923,0.10328540197318914,0.1246587091302072,0.08953864369824929,1.2165529776356805,0.04035323302265328,0.020920606403385396,0.04419455891206543,0.07675811091310494,0.08166622441869473,0.0729207600983913,0.015305788958593155,0.18117335716482413,0.4,3.0,2.0,0.29960880279541013,2.0,0.014522534178749321,A_arpls5_snv,A_baseline_norm,arpls,none,arpls,none,none,{},mean,0,snv,snv,full,sers_replicate_drop,True
10.2,0.09818181818181818,0.21500000000000002,0.09818181818181818,0.1565909090909091,0.3738636363636364,0.5897727272727273,0.3506378558310376,4.65,0.6848984619258142,0.6652415889763479,0.019656872949466254,0.810091708553357,0.806460450533573,0.6567339079464632,0.003631258019784229,0.025830399509103825,10.2,0.9837478715470113,1.8890115267766246e-05,0.463998972230432,0.5197488993165793,0.9695983559033431,3.948265466846453e-05,0.9196649229541551,0.04993343294918801,0.9849266548724753,0.4875112150677407,0.866090909090909,0.05041055672772001,0.11478650855122341,1.0,0.0,0.9178862599571257,82.64715203162879,0.0,0.0,0.33512353153924535,0.0,1.5,0.4,0.0036363636363636377,0.11287032075374182,0.0036363636363636377,0.055769085494361006,0.07904510391153137,0.07603706265614271,0.05007731715323518,0.7679861323283674,0.041452965572391955,0.049405827850461145,0.016672660765002057,0.10333508899700936,0.10083966665576143,0.08431315166691124,0.030900562072484726,0.1015155716721952,0.4,3.0,0.0,0.24850778579711913,2.0,0.02140149291659461,A_rubberband6_l2,A_baseline_norm,rubberband,none,rubberband,none,none,{},mean,0,l2,l2,full,,False
10.2,0.09818181818181818,0.21500000000000002,0.09818181818181818,0.1565909090909091,0.3738636363636364,0.5897727272727273,0.3506378558310376,4.65,0.6848984618996108,0.6652415889508179,0.019656872948792887,0.810091708553357,0.806460450533573,0.6567339079464632,0.003631258019784229,0.025830399509103825,10.2,0.9837478715175518,1.0302980758196242e-07,0.4639989722158958,0.5197488993016559,0.9695983558608067,7.395666821101295e-08,0.9196649229137446,0.04993343294706194,0.9849266548724753,0.48751121505446376,0.866090909090909,0.05041055672564063,0.11478650854437877,1.0,0.0,0.9178862599571257,73.03426259337296,0.0,0.0,0.33512353135031936,0.0,1.5,0.4,0.0036363636363636377,0.11287032075374182,0.0036363636363636377,0.055769085494361006,0.07904510391153137,0.07603706265614271,0.05007731715323518,0.7679861323283674,0.04145296557013286,0.04940582784790574,0.016672660764444472,0.10333508899700936,0.10083966665576143,0.08431315166691124,0.030900562072484726,0.1015155716721952,0.4,3.0,0.0,0.24500303268432616,2.0,0.02140149291659461,A_rubberband6_area,A_baseline_norm,rubberband,none,rubberband,none,none,{},mean,0,area,area,full,,False
10.2,0.09818181818181818,0.26,0.09863636363636362,0.17931818181818185,0.42272727272727273,0.6147727272727272,0.3762196641742096,4.25,0.6305343647233956,0.6045063365892804,0.0260280281341153,0.810091708553357,0.806460450533573,0.6567339079464632,0.003631258019784229,0.025830399509103825,10.2,0.9828360448405243,0.0037189074180465536,0.4228094790910072,0.5600265657495171,0.9398661284361041,0.019081490911232516,0.8635170212778135,0.07634910715829055,0.9863552263010469,0.5262350424617075,0.8305454545454545,0.07498520304466536,0.11629910577949265,1.0,0.0,0.9178862599571257,86.52701661469384,0.0,0.003242999378504658,0.20793035802045884,0.0,1.5,0.4,0.0036363636363636377,0.12282436203771882,0.04098248515966121,0.06848742867705024,0.07905425848280528,0.10358154014465244,0.0558123145379541,1.0142760150468149,0.039673658687011004,0.04916836140117014,0.02044673492124546,0.10333508899700936,0.10083966665576143,0.08431315166691124,0.030900562072484726,0.1015155716721952,0.4,3.0,0.0,0.3795557975769043,2.0,0.01707878123834081,A_rubberband6_robust,A_baseline_norm,rubberband,none,rubberband,none,none,{},mean,0,robust,robust,full,,False
10.2,0.09818181818181818,0.21500000000000002,0.09818181818181818,0.1565909090909091,0.3738636363636364,0.5897727272727273,0.3506378558310376,4.65,0.6848984619270923,0.6652415889775891,0.019656872949502985,0.810091708553357,0.806460450533573,0.6567339079464632,0.003631258019784229,0.025830399509103825,10.2,0.983747871548825,0.0036899566036329794,0.4639989722312876,0.5197488993175374,0.9695983559051676,0.01164316572106371,0.9196649229558854,0.04993343294928228,0.9849266548724753,0.48751121506864,0.866090909090909,0.05041055672781436,0.11478650855144479,1.0,0.0,0.9178862599571257,80.16903072659063,0.0,0.0,0.33512353154730945,0.0,1.5,0.4,0.0036363636363636377,0.11287032075374182,0.0036363636363636377,0.055769085494361006,0.07904510391153137,0.07603706265614271,0.05007731715323518,0.7679861323283674,0.041452965572469525,0.04940582785055401,0.01667266076503315,0.10333508899700936,0.10083966665576143,0.08431315166691124,0.030900562072484726,0.1015155716721952,0.4,3.0,0.0,0.30210237503051757,2.0,0.02140149291659461,A_rubberband6_p95,A_baseline_norm,rubberband,none,rubberband,none,none,{},mean,0,p95,p95,full,,False
10.2,0.09818181818181818,0.21500000000000002,0.09818181818181818,0.1565909090909091,0.3738636363636364,0.5897727272727273,0.3506378558310376,4.65,0.6848984619269773,0.6652415889774799,0.01965687294949759,0.810091708553357,0.806460450533573,0.6567339079464632,0.003631258019784229,0.025830399509103825,10.2,0.9837478715485147,0.0005655816645143343,0.4639989722311511,0.5197488993173636,0.9695983559051067,0.007979056252436454,0.9196649229558391,0.04993343294926746,0.9849266548724753,0.4875112150684512,0.866090909090909,0.05041055672780921,0.11478650855147154,1.0,0.0,0.9178862599571257,69.82871154998044,0.0,0.0,0.3351235315471686,0.0,1.5,0.4,0.0036363636363636377,0.11287032075374182,0.0036363636363636377,0.055769085494361006,0.07904510391153137,0.07603706265614271,0.05007731715323518,0.7679861323283674,0.04145296557247904,0.04940582785056012,0.016672660765028595,0.10333508899700936,0.10083966665576143,0.08431315166691124,0.030900562072484726,0.1015155716721952,0.4,3.0,0.0,0.24128103256225586,2.0,0.02140149291659461,A_rubberband6_max,A_baseline_norm,rubberband,none,rubberband,none,none,{},mean,0,max,max,full,,False
10.2,0.09818181818181818,0.27,0.16227272727272726,0.21613636363636363,0.4354545454545454,0.6243181818181819,0.40112235996326906,4.125,0.287111078387836,0.23319329614059225,0.05391778224724368,0.810091708553357,0.806460450533573,0.6567339079464632,0.003631258019784229,0.025830399509103825,10.2,0.9741278505690699,0.018663391348555755,0.12255781211600289,0.8515700384530671,0.7568440821088508,0.1945247343128706,0.5181498220455344,0.23869426006331645,0.9891330040788245,0.7980399474647889,0.8395454545454545,0.23634039744645943,0.17622893622756947,1.0,0.0,0.9178862599571257,96.07935061749201,0.0,0.49999999999999883,1.3433108332106747,0.0,1.5,0.4,0.0036363636363636377,0.12286052798227103,0.062289904815050756,0.07668096029021265,0.10208186497603433,0.10912690932712041,0.06861205263119599,1.035363913024696,0.0559156815753852,0.05832285760537685,0.03622481616653966,0.10333508899700936,0.10083966665576143,0.08431315166691124,0.030900562072484726,0.1015155716721952,0.4,3.0,0.0,0.30040898323059084,2.0,0.018243446070777932,A_rubberband6_snv,A_baseline_norm,rubberband,none,rubberband,none,none,{},mean,0,snv,snv,full,sers_replicate_drop,True
10.2,0.09818181818181818,0.29818181818181816,0.25863636363636366,0.2784090909090909,0.5202272727272728,0.6847727272727273,0.4595713957759412,3.45,0.13640827984727028,0.05806426134645013,0.07834401850082015,0.8735284243878432,0.8649805042934705,0.7237450166622708,0.008547920094372625,0.10895465138196447,10.2,0.9758770870944062,2.8041441787662203e-05,0.06897886923355878,0.9068982178608473,0.46339682153288,0.0006968872447612898,0.08196674835902555,0.38143007317385447,0.9848029387193474,0.851375328103569,0.8902727272727272,0.40934827848608724,0.04378471451414985,1.0,0.0,0.8863412696539588,105.14579603619875,0.0,0.5002180837987996,0.8083653418568314,0.0,1.5,0.4,0.0036363636363636377,0.12195908301118097,0.14407961829678637,0.116387721515393,0.1389557761871259,0.11682571770027601,0.08747006114838585,1.0394448907581242,0.040670466091275725,0.025056102951333592,0.0448843736551257,0.07941008473236866,0.08415463153434488,0.07578365331881368,0.019795043680464686,0.24280037191183257,0.4,3.0,0.0,0.263383150100708,2.0,0.021055349012000756,A_poly37_l2,A_baseline_norm,poly3,none,poly3,none,none,{},mean,0,l2,l2,full,sers_replicate_drop,True
10.2,0.09818181818181818,0.29818181818181816,0.25863636363636366,0.2784090909090909,0.5202272727272728,0.6847727272727273,0.4595713957759412,3.45,0.13640827984297554,0.05806426134447055,0.078344018498505,0.8735284243878432,0.8649805042934705,0.7237450166622708,0.008547920094372625,0.10895465138196447,10.2,0.9758770870656029,1.2481254925116104e-07,0.06897886923141636,0.9068982178341866,0.46339682151575845,1.8349547383941294e-06,0.08196674835604,0.38143007315971844,0.9848029387193474,0.8513753280795575,0.8902727272727272,0.4093482784717358,0.04378471451261538,1.0,0.0,0.8863412696539579,102.61908991104272,0.0,0.5002180837983361,0.8083653413948596,0.0,1.5,0.4,0.0036363636363636377,0.12195908301118097,0.14407961829678637,0.116387721515393,0.1389557761871259,0.11682571770027601,0.08747006114838585,1.0394448907581242,0.040670466090186576,0.025056102950492688,0.0448843736539339,0.07941008473236866,0.08415463153434488,0.07578365331881368,0.019795043680464686,0.24280037191183257,0.4,3.0,0.0,0.25455198287963865,2.0,0.021055349012000756,A_poly37_area,A_baseline_norm,poly3,none,poly3,none,none,{},mean,0,area,area,full,sers_replicate_drop,True
10.2,0.09818181818181818,0.2536363636363636,0.1572727272727273,0.20545454545454542,0.46863636363636363,0.6843181818181818,0.4058987111373475,3.825,0.6140340005218995,0.5749859142584083,0.039048086263491245,0.8735284243878432,0.8649805042934705,0.7237450166622708,0.008547920094372625,0.10895465138196447,10.2,0.9865231422184891,0.003130563826336341,0.47465688098112135,0.5118662612373679,0.8481096979318412,0.04126309191523453,0.715653658365212,0.1324560395666293,0.9848846380657527,0.48205488692306586,0.8905454545454544,0.13879031970682904,0.05640193570531249,1.0,0.0,0.8863412696539588,100.38240760222894,0.0,0.007141158683554132,1.1571371051378945,0.0,1.5,0.4,0.0036363636363636377,0.14042651564160316,0.0711631832240661,0.09160810263999115,0.08727769054019746,0.09176883389419185,0.0781679031936613,0.8873589235718683,0.025063848763876757,0.033022378531619254,0.028038395214875906,0.07941008473236866,0.08415463153434488,0.07578365331881368,0.019795043680464686,0.24280037191183257,0.4,3.0,0.0,0.37711296081542967,2.0,0.02419373799053925,A_poly37_robust,A_baseline_norm,poly3,none,poly3,none,none,{},mean,0,robust,robust,full,sers_replicate_drop,True
10.2,0.09818181818181818,0.29818181818181816,0.25863636363636366,0.2784090909090909,0.5202272727272728,0.6847727272727273,0.4595713957759412,3.45,0.13640827984752416,0.05806426134655753,0.07834401850096662,0.8735284243878432,0.8649805042934705,0.7237450166622708,0.008547920094372625,0.10895465138196447,10.2,0.9758770870962173,0.007650731937236202,0.06897886923368647,0.906898217862531,0.4633968215337343,0.11320761389983244,0.0819667483591768,0.38143007317455746,0.9848029387193474,0.8513753281051558,0.8902727272727272,0.4093482784868451,0.04378471451423067,1.0,0.0,0.8863412696539588,100.79096870709307,0.0,0.5002180837988338,0.8083653418847232,0.0,1.5,0.4,0.0036363636363636377,0.12195908301118097,0.14407961829678637,0.116387721515393,0.1389557761871259,0.11682571770027601,0.08747006114838585,1.0394448907581242,0.040670466091352206,0.025056102951380093,0.04488437365521048,0.07941008473236866,0.08415463153434488,0.07578365331881368,0.019795043680464686,0.24280037191183257,0.4,3.0,0.0,0.31464056968688964,2.0,0.021055349012000756,A_poly37_p95,A_baseline_norm,poly3,none,poly3,none,none,{},mean,0,p95,p95,full,sers_replicate_drop,True
10.2,0.09818181818181818,0.29818181818181816,0.25863636363636366,0.2784090909090909,0.5202272727272728,0.6847727272727273,0.4595713957759412,3.45,0.13640827984747586,0.05806426134654271,0.07834401850093316,0.8735284243878432,0.8649805042934705,0.7237450166622708,0.008547920094372625,0.10895465138196447,10.2,0.9758770870958168,0.00045185600746904073,0.06897886923366237,0.9068982178621546,0.46339682153365525,0.034247437883545916,0.08196674835916162,0.3814300731744936,0.9848029387193474,0.8513753281047644,0.8902727272727272,0.4093482784867496,0.043784714514221064,1.0,0.0,0.8863412696539588,97.98868947795826,0.0,0.5002180837988237,0.8083653418761452,0.0,1.5,0.4,0.0036363636363636377,0.12195908301118097,0.14407961829678637,0.116387721515393,0.1389557761871259,0.11682571770027601,0.08747006114838585,1.0394448907581242,0.040670466091331146,0.025056102951372283,0.0448843736551872,0.07941008473236866,0.08415463153434488,0.07578365331881368,0.019795043680464686,0.24280037191183257,0.4,3.0,0.0,0.24413590431213378,2.0,0.021055349012000756,A_poly37_max,A_baseline_norm,poly3,none,poly3,none,none,{},mean,0,max,max,full,sers_replicate_drop,True
10.2,0.09818181818181818,0.29818181818181816,0.25863636363636366,0.2784090909090909,0.5202272727272728,0.6847727272727273,0.4595713957759412,3.45,0.13640763822947563,0.05806401182502126,0.0783436264044544,0.8735284243878432,0.8649805042934705,0.7237450166622708,0.008547920094372625,0.10895465138196447,10.2,0.9758776050041291,0.017273143912643372,0.06897901337468526,0.9068985916294439,0.463397272566579,0.4292821819467069,0.08196657608572373,0.38143069648085526,0.9848029387193474,0.8513757687778313,0.8902727272727272,0.40934843588717235,0.04378477876084867,1.0,0.0,0.8863412696539579,105.14559261331684,0.0,0.49999999999999883,0.8093008329027287,0.0,1.5,0.4,0.0036363636363636377,0.12195908301118097,0.14407961829678637,0.116387721515393,0.1389557761871259,0.11682571770027601,0.08747006114838585,1.0394448907581242,0.040670774101104215,0.02505598827183589,0.044884118525964176,0.07941008473236866,0.08415463153434488,0.07578365331881368,0.019795043680464686,0.24280037191183257,0.4,3.0,0.0,0.3040708065032959,2.0,0.021055349012000756,A_poly37_snv,A_baseline_norm,poly3,none,poly3,none,none,{},mean,0,snv,snv,full,sers_replicate_drop,True
10.2,0.09818181818181818,0.27,0.12318181818181817,0.1965909090909091,0.4154545454545455,0.6379545454545454,0.38663381378722284,4.175,0.5226556856034275,0.4925755106075885,0.03008017499583891,0.8801308298293945,0.8723821065740551,0.7264526983209187,0.007748723255339246,0.13589443987855288,10.2,0.9713532211251072,3.353462571649133e-05,0.2970512029996836,0.6743020181254238,0.8904350284244031,0.00014229217087508586,0.7735532142319094,0.11688181419249358,0.9820671777482921,0.6328287416184655,0.9071818181818182,0.11850861906921577,0.14266949837416226,1.0,0.0,0.8239540221535296,94.00426916077332,0.0,0.0,0.8601658460958455,0.0,1.5,0.4,0.0036363636363636377,0.14474689711485147,0.05755486962492014,0.07571650258049364,0.11715189180823811,0.13611118220915636,0.0747430931253611,1.058037560010643,0.034285700762860284,0.04013194749123302,0.025433804742932664,0.07665521376676651,0.07937137870990395,0.0728935820717412,0.020389896533308333,0.2602093958287444,0.4,3.0,2.0,0.25233917236328124,2.0,0.033937429644827814,A_morph8_l2,A_baseline_norm,morph,none,morph,none,none,{},mean,0,l2,l2,full,,False
10.2,0.09818181818181818,0.27,0.12318181818181817,0.1965909090909091,0.4154545454545455,0.6379545454545454,0.38663381378722284,4.175,0.5226556855854173,0.49257551059045335,0.03008017499496386,0.8801308298293945,0.8723821065740551,0.7264526983209187,0.007748723255339246,0.13589443987855288,10.2,0.9713532211009598,2.85305483654662e-07,0.29705120299231463,0.6743020181086452,0.8904350283868864,2.976977941676734e-07,0.7735532141997276,0.11688181418715889,0.9820671777482921,0.6328287416044718,0.9071818181818182,0.11850861906477694,0.14266949836634663,1.0,0.0,0.8239540221535296,81.19242193983911,0.0,0.0,0.8601658455941747,0.0,1.5,0.4,0.0036363636363636377,0.14474689711485147,0.05755486962492014,0.07571650258049364,0.11715189180823811,0.13611118220915636,0.0747430931253611,1.058037560010643,0.03428570076114775,0.04013194748925378,0.025433804742216837,0.07665521376676651,0.07937137870990395,0.0728935820717412,0.020389896533308333,0.2602093958287444,0.4,3.0,2.0,0.2596104145050049,2.0,0.033937429644827814,A_morph8_area,A_baseline_norm,morph,none,morph,none,none,{},mean,0,area,area,full,,False
10.2,0.09818181818181818,0.23500000000000001,0.15318181818181817,0.1940909090909091,0.4588636363636363,0.6336363636363637,0.39403334481175384,4.075,0.4626060296737687,0.42267217659634,0.039933853077428735,0.8801308298293945,0.8723821065740551,0.7264526983209187,0.007748723255339246,0.13589443987855288,10.2,0.9711936049101435,0.006534492294420481,0.2900299748439191,0.6811636300662245,0.8342534127265797,0.04453887174466983,0.6926745926695597,0.1415788200570201,0.9834140498304584,0.6393544225934138,0.9032727272727271,0.14536342993366264,0.12037242265416222,1.0,0.0,0.8239540221535296,97.44712357250947,0.0,0.0019293660082635214,0.8498501198189994,0.0,1.5,0.4,0.0036363636363636377,0.13658208396468563,0.08026283107040404,0.08041386395943592,0.1382425792255192,0.1439886996931241,0.0831396717535237,1.3079752838443919,0.032292744049783544,0.03405408961629651,0.032759884183552926,0.07665521376676651,0.07937137870990395,0.0728935820717412,0.020389896533308333,0.2602093958287444,0.4,3.0,2.0,0.37597198486328126,2.0,0.03862761852280943,A_morph8_robust,A_baseline_norm,morph,none,morph,none,none,{},mean,0,robust,robust,full,sers_replicate_drop,True
10.2,0.09818181818181818,0.27,0.12318181818181817,0.1965909090909091,0.4154545454545455,0.6379545454545454,0.38663381378722284,4.175,0.5226556856043992,0.49257551060850435,0.03008017499589487,0.8801308298293945,0.8723821065740551,0.7264526983209187,0.007748723255339246,0.13589443987855288,10.2,0.9713532211268914,0.006554014023208672,0.29705120300023025,0.6743020181266612,0.8904350284260675,0.03335158602243648,0.7735532142333538,0.11688181419271362,0.9820671777482921,0.6328287416196327,0.9071818181818182,0.11850861906943633,0.14266949837443166,1.0,0.0,0.8239540221535296,90.05798647999632,0.0,0.0,0.8601658461175541,0.0,1.5,0.4,0.0036363636363636377,0.14474689711485147,0.05755486962492014,0.07571650258049364,0.11715189180823811,0.13611118220915636,0.0747430931253611,1.058037560010643,0.03428570076292448,0.040131947491308315,0.025433804742980314,0.07665521376676651,0.07937137870990395,0.0728935820717412,0.020389896533308333,0.2602093958287444,0.4,3.0,2.0,0.3049468517303467,2.0,0.033937429644827814,A_morph8_p95,A_baseline_norm,morph,none,morph,none,none,{},mean,0,p95,p95,full,,False
10.2,0.09818181818181818,0.27,0.12318181818181817,0.1965909090909091,0.4154545454545455,0.6379545454545454,0.38663381378722284,4.175,0.5226556856042766,0.49257551060839233,0.030080174995884203,0.8801308298293945,0.8723821065740551,0.7264526983209187,0.007748723255339246,0.13589443987855288,10.2,0.9713532211265437,0.0005773976689046206,0.2970512030001185,0.6743020181264251,0.8904350284259858,0.015980961102862352,0.7735532142332782,0.11688181419270749,0.9820671777482921,0.6328287416193552,0.9071818181818182,0.11850861906941565,0.1426694983744477,1.0,0.0,0.8239540221535296,83.66169460315255,0.0,0.0,0.8601658461169635,0.0,1.5,0.4,0.0036363636363636377,0.14474689711485147,0.05755486962492014,0.07571650258049364,0.11715189180823811,0.13611118220915636,0.0747430931253611,1.058037560010643,0.03428570076292611,0.04013194749130913,0.025433804742970113,0.07665521376676651,0.07937137870990395,0.0728935820717412,0.020389896533308333,0.2602093958287444,0.4,3.0,2.0,0.24419016838073732,2.0,0.033937429644827814,A_morph8_max,A_baseline_norm,morph,none,morph,none,none,{},mean,0,max,max,full,,False
10.2,0.09818181818181818,0.24045454545454548,0.2981818181818182,0.26931818181818185,0.4611363636363636,0.6427272727272727,0.43771678637019545,3.875,0.10515413541351966,0.04243684426645104,0.06271729114706862,0.8801308298293945,0.8723821065740551,0.7264526983209187,0.007748723255339246,0.13589443987855288,10.2,0.9629005028441071,0.026533412639682043,0.05507986557478626,0.9078206372693209,0.4155833739161183,0.4675333008670786,0.07984749516824785,0.3357358787478704,0.9834140498304584,0.8471299019100605,0.8953636363636364,0.36645842485811314,0.046970004505101644,1.0,0.0,0.8239540221535296,106.86286988425668,0.0,0.4999999999999988,0.9273654929048727,0.0,1.5,0.4,0.0036363636363636377,0.13401390366239174,0.12847583572576357,0.10812527433222847,0.1119081045220387,0.13408927346845412,0.09205358184834804,1.3590159584548462,0.04178124762032274,0.016399429261021604,0.0464720430018325,0.07665521376676651,0.07937137870990395,0.0728935820717412,0.020389896533308333,0.2602093958287444,0.4,3.0,2.0,0.2977480411529541,2.0,0.038390691576649226,A_morph8_snv,A_baseline_norm,morph,none,morph,none,none,{},mean,0,snv,snv,full,sers_replicate_drop,True
10.2,0.09818181818181818,0.29818181818181816,0.25863636363636366,0.2784090909090909,0.5202272727272728,0.6847727272727273,0.4595713957759412,3.45,0.13640827984727028,0.05806426134645013,0.07834401850082015,0.8735284243878432,0.8649805042934705,0.7237450166622708,0.008547920094372625,0.10895465138196447,10.2,0.9758770870944062,2.8041441787662203e-05,0.06897886923355878,0.9068982178608473,0.46339682153288,0.0006968872447612898,0.08196674835902555,0.38143007317385447,0.9848029387193474,0.851375328103569,0.8902727272727272,0.40934827848608724,0.04378471451414985,1.0,0.0,0.8863412696539588,105.14579603619875,0.0,0.5002180837987996,0.8083653418568314,0.0,1.5,0.4,0.0036363636363636377,0.12195908301118097,0.14407961829678637,0.116387721515393,0.1389557761871259,0.11682571770027601,0.08747006114838585,1.0394448907581242,0.040670466091275725,0.025056102951333592,0.0448843736551257,0.07941008473236866,0.08415463153434488,0.07578365331881368,0.019795043680464686,0.24280037191183257,0.4,3.0,0.0,0.2366492748260498,2.0,0.021055349012000756,B_0_none0,B_smoothing,poly3,none,poly3,none,none,{},mean,0,l2,l2,full,sers_replicate_drop,True
10.2,0.09818181818181818,0.2686363636363637,0.25363636363636366,0.2611363636363636,0.5154545454545454,0.6852272727272727,0.45141690443394983,3.4,0.15188502948422095,0.06769354674614075,0.08419148273808019,0.8401420415912139,0.8279172134791762,0.675335704875643,0.012224828112037423,0.14303121319418394,10.2,0.9809909596314661,2.235042807941486e-05,0.07049597811783877,0.9104949815136273,0.49622962565417994,0.0006542472394088668,0.11194067776680625,0.3842889478873738,0.9848029387193474,0.8560691702122775,0.9002727272727272,0.4146241282116228,0.05483508677143918,1.0,0.0,0.9446125267709693,101.48502411003862,0.0,0.5000172700993537,0.786554397778672,0.0,1.5,0.4,0.0036363636363636377,0.12001457487773577,0.15347521380604695,0.12018883260368105,0.1295824496011831,0.11276443152852626,0.08744640011680713,0.8995455653326279,0.04046743382476855,0.029219523599318602,0.047010677050520915,0.10398453640278164,0.10041789412536901,0.08396051225219889,0.0223020918093128,0.24709849023253333,0.4,5.0,4.0,0.2584211826324463,2.0,0.014284055624140254,B_0_savgol1,B_smoothing,poly3,"savgol(poly=2,window=5)",poly3,"savgol(poly=2,window=5)",none,{},mean,0,l2,l2,full,sers_replicate_drop,True
10.2,0.09818181818181818,0.26409090909090904,0.2490909090909091,0.2565909090909091,0.5202272727272728,0.7018181818181818,0.45128613242817783,3.275,0.1635672118239418,0.07431212288589942,0.08925508893804238,0.7831251176509797,0.7698487575569642,0.5875082162475858,0.01327636009401536,0.08822351433462675,10.2,0.9839947105930056,1.8826323438408044e-05,0.07186137406896888,0.9121333365240367,0.5210819127083778,0.0006219715419358183,0.1346878554921588,0.3863940572162189,0.9876624158435303,0.8588098362545065,0.8963636363636363,0.41632009622069754,0.06351848335742637,1.0,0.0,0.9828323044477998,97.9490195476125,0.0,0.5001025970002879,0.7921323284357037,0.0,1.5,0.4,0.0036363636363636377,0.12434174596366472,0.15600639986561177,0.1232979207344455,0.12304136288051451,0.10202921518035094,0.08998445612541581,0.8522345245176208,0.04089452834426736,0.031967828776662446,0.04874854761781463,0.1236700251053621,0.10470238840553407,0.07926122889706402,0.04232062363338768,0.20247527901720203,0.4,5.0,4.0,0.27208218574523924,2.0,0.020001166178739673,B_0_savgol2,B_smoothing,poly3,"savgol(poly=3,window=7)",poly3,"savgol(poly=3,window=7)",none,{},mean,0,l2,l2,full,sers_replicate_drop,True
10.2,0.09818181818181818,0.2640909090909091,0.2540909090909091,0.2590909090909091,0.5295454545454545,0.7140909090909091,0.457837276990686,3.175,0.1740136771453022,0.07991073864527286,0.0941029385000293,0.7040158751305141,0.6948654045705072,0.5120533074248984,0.009150470560007114,0.02686012360762522,10.2,0.9857913458021507,1.676858161013613e-05,0.07337782637245843,0.9124135194296923,0.5417386601773682,0.000595144597170842,0.1532978201866398,0.38844083999072837,0.9876624158435303,0.8600015586584272,0.900090909090909,0.416569399914006,0.07070310411354297,1.0,0.0,0.9992669240251137,94.38213992071053,0.0,0.5000999088864593,0.7506623887182424,0.0,1.5,0.4,0.0036363636363636377,0.11085065458485481,0.1489720039710117,0.11700508149683427,0.12348557510009898,0.10720257229392002,0.08826663708376267,0.9348868671066718,0.04178888705966156,0.034246015015793656,0.050603522640565245,0.10643885882864405,0.10116936766666118,0.0711902184826944,0.044320911695010526,0.17064426910319078,0.4,5.0,4.0,0.2655357837677002,2.0,0.021382963397308854,B_0_savgol3,B_smoothing,poly3,"savgol(poly=3,window=9)",poly3,"savgol(poly=3,window=9)",none,{},mean,0,l2,l2,full,sers_replicate_drop,True
10.2,0.09818181818181818,0.2540909090909091,0.2590909090909091,0.2565909090909091,0.5325,0.7236363636363636,0.4575370425029516,3.25,0.18219350462700437,0.08438880350312089,0.09780470112388348,0.6420939483340096,0.6255184976547967,0.45930222737427295,0.01657545067921276,0.06779507984196037,10.2,0.9860155651701243,1.645299535150861e-05,0.07500540292122396,0.9110101622489004,0.558082919290188,0.0005739182866346699,0.16836076207680004,0.3897221572133881,0.9876624158435303,0.8596225656834632,0.8961818181818181,0.41556401391988584,0.07669145417411978,1.0,0.0,1.0077823667554844,91.2185501215653,0.0,0.5002045231636025,0.7549438966396428,0.0,1.5,0.4,0.0036363636363636377,0.133822221712734,0.14480074342995444,0.12419226798160457,0.12358510103265778,0.10601938741207628,0.09103936494651646,1.0855284472756956,0.042437932204594006,0.03592268634556208,0.05232591197158384,0.11364584563676097,0.09645054947637158,0.06671650029282968,0.0408614528478254,0.17258728276914517,0.4,5.0,4.0,0.26873269081115725,2.0,0.028082493415226797,B_0_savgol4,B_smoothing,poly3,"savgol(poly=3,window=11)",poly3,"savgol(poly=3,window=11)",none,{},mean,0,l2,l2,full,sers_replicate_drop,True
10.2,0.09818181818181818,0.2690909090909091,0.2540909090909091,0.2615909090909091,0.5449999999999999,0.7263636363636363,0.4632762199921291,3.1,0.19752687145952658,0.09307666324716757,0.10445020821235898,0.5478664712949121,0.5257672515701177,0.3828200204765019,0.02209921972479435,0.11487933384336765,10.2,0.983694404047944,1.9205678863145558e-05,0.07884930182750308,0.9048451022204409,0.5880346334003506,0.0005350199566213939,0.19642471842974218,0.3916099149706084,0.9876624158435303,0.8548355461508994,0.8872727272727273,0.41169372074528277,0.08759823409299199,0.945906432748538,0.0,1.0611877536290297,85.76832073904878,0.0,0.5001068284392369,0.7389048435183496,0.0,1.5,0.4,0.0036363636363636377,0.14165633788881626,0.1518351393245545,0.1291178613857156,0.1186221497761609,0.09465012732136231,0.0906290031265379,0.9472435246389457,0.04414304332804161,0.03941728357651825,0.05650930820767878,0.07560073729863748,0.07647813750088295,0.05204640505378107,0.029631964805808136,0.17546282931383023,0.4,5.0,4.0,0.25207061767578126,2.0,0.027821432726834947,B_0_savgol5,B_smoothing,poly3,"savgol(poly=3,window=15)",poly3,"savgol(poly=3,window=15)",none,{},mean,0,l2,l2,full,sers_replicate_drop,True
10.2,0.09818181818181818,0.27954545454545454,0.2540909090909091,0.26681818181818184,0.5447727272727273,0.7313636363636364,0.46414292273383184,3.275,0.21790950205055104,0.10449815651923004,0.11341134553132097,0.4003919922917249,0.38983410043693023,0.29093362642816184,0.010557891854794717,-0.0007118947289127917,10.2,0.9780687073977287,2.5880063699540478e-05,0.08598205544614618,0.8920866519515824,0.6213738173615012,0.0004917223151133194,0.22806308515615661,0.39331073220534474,0.9876624158435303,0.8419893994391329,0.8560000000000001,0.4063902217713727,0.09898603203638152,0.888888888888889,0.0,1.2515987754077518,77.92139539673325,0.0,0.5001185593738646,0.7218452716405535,0.0,1.5,0.4,0.0036363636363636377,0.11100331813615263,0.15539061749847655,0.11084891596131503,0.13286422077989596,0.10492080038238276,0.0847646274204094,0.9468212351698645,0.04548069651028601,0.04391175562243611,0.0614292257069184,0.0953006706005742,0.06233965952171986,0.034118985192217975,0.08204715715575829,0.5422981462222609,0.4,5.0,4.0,0.2539671897888184,2.0,0.02292140068455521,B_0_savgol6,B_smoothing,poly3,"savgol(poly=3,window=21)",poly3,"savgol(poly=3,window=21)",none,{},mean,0,l2,l2,full,sers_replicate_drop|peak_loss|peak_broadening,True
10.2,0.09818181818181818,0.26409090909090904,0.2540909090909091,0.2590909090909091,0.5202272727272728,0.7086363636363637,0.4537454660238751,3.35,0.17159954655045034,0.07864533068646974,0.09295421586398059,0.7781364440185354,0.7546900761198696,0.5777075805728604,0.02344636789866582,0.13814430803197836,10.2,0.984880736853215,1.7831524965616095e-05,0.07432275766363206,0.9105579791895828,0.5322462652200058,0.0006074723828297787,0.14511641565265926,0.38712984956734664,0.9876624158435303,0.8582408044543499,0.8973636363636363,0.4161877793698741,0.06729135542190394,1.0,0.0,0.9982086416037544,96.39843264838929,0.0,0.5001897099008525,0.7596357108492721,0.0,1.5,0.4,0.0036363636363636377,0.12201307124051693,0.1489720039710117,0.11525721740483197,0.12948878602631037,0.09637637981158217,0.08740333363564634,0.9239078909925187,0.0417772857525482,0.03357759543039493,0.050690906858270726,0.12192650580857178,0.10634800561753925,0.08246022408132635,0.03580457208466624,0.2062396297920671,0.4,5.0,2.0,0.23790421485900878,2.0,0.01874845444727001,B_0_gaussian7,B_smoothing,poly3,gaussian(sigma=1.0),poly3,gaussian(sigma=1.0),none,{},mean,0,l2,l2,full,sers_replicate_drop,True
10.2,0.09818181818181818,0.2545454545454545,0.2540909090909091,0.2543181818181818,0.5522727272727274,0.7306818181818182,0.45753902662993573,3.3,0.20203596809541632,0.09570320817432657,0.10633275992108975,0.546289536158872,0.5179150834185429,0.3795474213843198,0.028374452740328997,0.11844916521294739,10.2,0.9867258708892079,1.568454563052099e-05,0.08205931058891784,0.90466656030029,0.5923449885498615,0.000529422092790849,0.19757422922579843,0.394770759324063,0.9876624158435303,0.8554750247008422,0.8822727272727272,0.4128355786018486,0.08718956089714851,0.9230769230769231,0.0,1.0662518341483378,85.44753383873514,0.0,0.5003037516910539,0.714769426912335,0.0,1.5,0.4,0.0036363636363636377,0.11451517455362507,0.13569957011765937,0.11344795150053762,0.12651597196085523,0.08588776784100634,0.08195344378340065,0.8974961524525705,0.0440957031912398,0.039936231576460215,0.05690052584997181,0.08956533950141539,0.0797463144601189,0.05017760291691189,0.051581564664504455,0.21788360080110655,0.4,5.0,2.0,0.23137431144714354,2.0,0.02452283014573092,B_0_gaussian8,B_smoothing,poly3,gaussian(sigma=2.0),poly3,gaussian(sigma=2.0),none,{},mean,0,l2,l2,full,sers_replicate_drop,True
10.2,0.09818181818181818,0.28454545454545455,0.23409090909090907,0.2593181818181818,0.5495454545454546,0.7236363636363637,0.4618224862258954,3.3,0.22468798953251468,0.10862514084452668,0.11606284868798797,0.4098164627262221,0.371869268481568,0.2830621337107634,0.03794719424465413,0.19761954642576982,10.2,0.9854897079200718,1.7012047880780777e-05,0.09058832337700273,0.8949013845430691,0.6281457956091466,0.00048292753816830795,0.23046447649163246,0.3976813191175142,0.9876624158435303,0.847313482524482,0.8587272727272726,0.4086336597239775,0.0986260889245649,0.8461538461538461,0.0,1.2866181009016335,76.00603092952943,0.0,0.5002957512919541,0.6780192142461194,0.0,1.5,0.4,0.0036363636363636377,0.1088861620694205,0.15776826176794137,0.11526498572056894,0.1280319766697849,0.1100796889108336,0.08521651157972057,0.968412135351252,0.04572504942020332,0.04437793375646841,0.06145756336460682,0.08182354110831525,0.060189590550685734,0.03421121211738803,0.07314107742694562,0.39595517579044726,0.4,5.0,2.0,0.2302375316619873,2.0,0.02255945387767204,B_0_gaussian9,B_smoothing,poly3,gaussian(sigma=3.0),poly3,gaussian(sigma=3.0),none,{},mean,0,l2,l2,full,sers_replicate_drop|peak_loss|peak_broadening,True
10.2,0.09818181818181818,0.26909090909090916,0.2590909090909091,0.26409090909090904,0.53,0.7309090909090908,0.4619191673225764,3.175,0.18777018356297398,0.08762690916297682,0.10014327439999718,0.5818540965398551,0.5706118864814862,0.4132860944335631,0.01124221005836894,0.041150195168921336,10.2,0.9864989684282781,1.5932901044778357e-05,0.07633845205541494,0.9101605163728632,0.5710692007204924,0.0005570529860757995,0.17909885993462824,0.391970340785864,0.9876624158435303,0.8592812597503446,0.8893636363636365,0.4145340794028467,0.08091928675479064,1.0,0.0,1.0163233019691038,89.03513592450537,0.0,0.5001996400708981,0.7380121240484888,0.0,1.5,0.4,0.0036363636363636377,0.12690558939151547,0.14480074342995444,0.11844635318469958,0.11846811597560211,0.0947390487898622,0.08715680929035256,0.9479702312558074,0.04310403602264671,0.03722722486406636,0.05394394276905086,0.09026347651797981,0.0856500237894023,0.05948433547274314,0.03087343364595191,0.14135702881567774,0.4,5.0,2.0,0.28648886680603025,2.0,0.027251072075947156,B_0_whittaker10,B_smoothing,poly3,whittaker(lam=5.0),poly3,whittaker(lam=5.0),none,{},mean,0,l2,l2,full,sers_replicate_drop,True
10.2,0.09818181818181818,0.27454545454545454,0.2490909090909091,0.26181818181818184,0.5472727272727272,0.724090909090909,0.4628045388954479,3.3,0.21990746040760603,0.10578255645883745,0.11412490394876858,0.3778731465355797,0.3486028370850117,0.26834450787811415,0.02927030945056791,0.15841502381149825,10.2,0.9834646113496465,1.9477333345488443e-05,0.08696978206005859,0.896494829289588,0.6275373657618649,0.0004837177068011428,0.23220896236637262,0.39532840339549236,0.9876624158435303,0.8477170399498501,0.8547272727272727,0.4069195237537233,0.10073927597346496,0.875,0.0,1.2476534713989156,74.71045079831858,0.0,0.5003511751576909,0.6962283226799695,0.0,1.5,0.4,0.0036363636363636377,0.11579685326336579,0.16377784999008974,0.11759209962905477,0.13585677773804833,0.10958480512641407,0.0876684598992796,0.9738924356144244,0.04570583325615649,0.044048702537407246,0.06191723473024759,0.07372035594125262,0.05482072475285973,0.029719194359830677,0.06866630278715515,0.42947548973221705,0.4,5.0,2.0,0.2961601257324219,2.0,0.024649652706494943,B_0_whittaker11,B_smoothing,poly3,whittaker(lam=50.0),poly3,whittaker(lam=50.0),none,{},mean,0,l2,l2,full,sers_replicate_drop|peak_loss,True
10.2,0.09818181818181818,0.2640909090909091,0.2490909090909091,0.2565909090909091,0.5449999999999999,0.7306818181818182,0.45756364784205694,3.35,0.1962378370899627,0.09418597864522962,0.10205185844473305,0.49802757333903547,0.4685623048661561,0.3533575624929375,0.02946526847287941,0.10385399410186627,10.2,0.9856105982672714,1.6758920297339882e-05,0.07799326963903357,0.9076173286282379,0.6006818818377386,0.0005185949586507273,0.20516527690768852,0.3955166049300501,0.9891330040788245,0.857251293176964,0.8783636363636365,0.41238660495283713,0.09094543215835305,0.9166666666666666,0.0,1.0326713194999808,87.70320300703217,0.0,0.4986850172150186,0.727120304953604,0.0,1.5,0.4,0.0036363636363636377,0.1127228454166563,0.13574962898852547,0.11176271235305046,0.13616149106452963,0.08696115560234088,0.08295277402944354,0.9105152007437118,0.04104402371200825,0.03864132246237487,0.05113556256846611,0.08722889255334616,0.07363973155961143,0.04428257995020081,0.06175238033930865,0.25126667315520745,0.4,5.0,2.0,0.25257296562194825,2.0,0.021985347854719645,B_0_wavelet12,B_smoothing,poly3,wavelet(level=2),poly3,wavelet(level=2),none,{},mean,0,l2,l2,full,sers_replicate_drop,True
10.2,0.09818181818181818,0.23954545454545456,0.11818181818181817,0.1788636363636364,0.4156818181818182,0.6263636363636363,0.3773212154007609,4.275,0.5606380071837606,0.5265146602517231,0.0341233469320375,0.8764108442302356,0.869398136439458,0.727097303799468,0.007012707790777778,0.08915000631562697,10.2,0.9825977689477947,2.0470329917177923e-05,0.3506560894037754,0.6319416795440193,0.8898378085814687,0.00014306778106071646,0.763441474215111,0.1263963343663575,0.9820671777482921,0.5944941493533433,0.8925454545454545,0.12892047910990462,0.12022233939927522,1.0,0.0,0.9350565401302869,94.37418673707325,0.0,0.005001261005545658,0.7866965208691923,0.0,1.5,0.4,0.0036363636363636377,0.11537907492646501,0.041924949289512695,0.0639179346574972,0.10254816574877297,0.11224692205339556,0.057894364778857135,0.961076921216911,0.030965558331896396,0.04362236947156765,0.026241434514235024,0.07714570517922836,0.08203918128021107,0.07385082641252719,0.017757950230518932,0.20056088692981477,0.4,3.0,2.0,0.2628749370574951,2.0,0.025607296352897314,B_1_none0,B_smoothing,asls,none,asls,none,none,{},mean,0,l2,l2,full,,False
10.2,0.09818181818181818,0.23909090909090908,0.11818181818181817,0.17863636363636365,0.42272727272727273,0.630909090909091,0.37834024498229046,4.2,0.5705968652627845,0.5360644769022604,0.0345323883605241,0.8288321832668751,0.8265235904296919,0.6641509807650472,0.002308592837183367,0.0594005541514005,10.2,0.9854733008997455,1.6841712470154302e-05,0.35354740746865987,0.6319258934310856,0.9235669760974664,9.926366740348879e-05,0.8095249808656957,0.11404199523177072,0.9820671777482921,0.5943066909863777,0.9125454545454545,0.11604239881060412,0.1329320439103514,1.0,0.0,0.9801762167882211,89.08604879382877,0.0,0.003782794955456522,0.7905060115762447,0.0,1.5,0.4,0.0036363636363636377,0.1236469247065094,0.041924949289512695,0.06404079387401237,0.09171067068268543,0.10435373773395809,0.05272254407534989,0.7785175396849559,0.031708836745042907,0.045002601013778155,0.026658851447111366,0.09442057945001361,0.09492035626014324,0.08195223242458785,0.02069573453143791,0.15390980943315224,0.4,5.0,6.0,0.549928092956543,2.0,0.031294558725723835,B_1_savgol1,B_smoothing,asls,"savgol(poly=2,window=5)",asls,"savgol(poly=2,window=5)",none,{},mean,0,l2,l2,full,,False
10.2,0.09818181818181818,0.21909090909090914,0.11818181818181817,0.16863636363636364,0.42750000000000005,0.6454545454545454,0.37275601797192703,4.2,0.5780597462607112,0.5429679271543737,0.03509181910633748,0.767255599654122,0.7486756024762992,0.5699957560480418,0.01857999717782296,0.11319853639268788,10.2,0.9879232503735949,1.408447405555959e-05,0.35763923488123406,0.6302840154923608,0.9399953070423296,7.792817266985754e-05,0.831673068036498,0.10832223900583164,0.9820671777482921,0.5922947546936504,0.9028181818181817,0.1096207010401797,0.13826600348694795,1.0,0.0,0.9978909734244621,85.06615543372945,0.0,0.0034328555500456005,0.789781761723813,0.0,1.5,0.4,0.0036363636363636377,0.1309084450295837,0.041924949289512695,0.06375411409132208,0.09291538935197241,0.10461056251699627,0.05462815809707202,0.878965503904016,0.0317646084911445,0.045364999919239854,0.027159233785451792,0.1173562266991988,0.09617196463603746,0.07282599246147166,0.04474807590074124,0.23611366780088727,0.4,5.0,6.0,0.5541274070739746,2.0,0.030054577375447422,B_1_savgol2,B_smoothing,asls,"savgol(poly=3,window=7)",asls,"savgol(poly=3,window=7)",none,{},mean,0,l2,l2,full,,False
10.2,0.09818181818181818,0.21454545454545454,0.11818181818181817,0.16636363636363638,0.4293181818181818,0.6477272727272728,0.37309187655778564,4.25,0.5855289726198315,0.5497494472003558,0.03577952541947567,0.6696703278661482,0.6535825298521377,0.4839393664277759,0.016087798014010595,0.06264271027797727,10.2,0.989262583074167,1.2576292268276127e-05,0.3630152245061438,0.6262473585680233,0.950022220113727,6.490620764204285e-05,0.8451963543261785,0.1048258657875484,0.9835377659835863,0.5883326588177671,0.900090909090909,0.10554892201333985,0.1406066521913445,1.0,0.0,1.0083523821157279,81.56001707978446,0.0,0.0030796121958950075,0.7917703799584495,0.0,1.5,0.4,0.0036363636363636377,0.14013988142180053,0.041924949289512695,0.06743867394852629,0.09021245674347723,0.11020708210258819,0.05767875333753886,0.957749260975792,0.03153536416053876,0.04539698096810689,0.02781456759542405,0.09568624684859903,0.08793527718644782,0.06001067367727325,0.04036070635505681,0.1702566666730352,0.4,5.0,6.0,0.54392991065979,2.0,0.028238532902563944,B_1_savgol3,B_smoothing,asls,"savgol(poly=3,window=9)",asls,"savgol(poly=3,window=9)",none,{},mean,0,l2,l2,full,,False
10.2,0.09818181818181818,0.21954545454545454,0.12818181818181817,0.1738636363636364,0.4243181818181818,0.6529545454545455,0.37596471205562115,4.175,0.5929770899715614,0.5565812263537854,0.03639586361777597,0.5947690841521583,0.5839038889369831,0.4274752627555857,0.01086519521517528,0.05107755034955266,10.2,0.9893557618545357,1.2515756681912254e-05,0.3692776119044593,0.6200781499500764,0.9560769236916219,5.7042956242163435e-05,0.8538206290065748,0.10225629468504724,0.9835377659835863,0.5825333968379762,0.902818181818182,0.10277329013590145,0.14118529045495343,1.0,0.0,1.023992688602492,78.74655301639756,0.0,0.0031532828146295057,0.7865823074935835,0.0,1.5,0.4,0.0036363636363636377,0.1359900610282263,0.052901483224354895,0.07273718316290516,0.09128041872452672,0.10063916397273096,0.059350278944919024,0.6866501646120693,0.031044793974405634,0.04519275443041815,0.028499371877119557,0.08357277517320534,0.07635213537186489,0.057791677282287145,0.03348345757747175,0.16284205208318586,0.4,5.0,6.0,0.5628820896148682,2.0,0.03384301698129584,B_1_savgol4,B_smoothing,asls,"savgol(poly=3,window=11)",asls,"savgol(poly=3,window=11)",none,{},mean,0,l2,l2,full,,False
10.2,0.09818181818181818,0.20545454545454547,0.12818181818181817,0.1668181818181818,0.4340909090909091,0.6631818181818182,0.3736020677554769,4.075,0.6087792217264771,0.5711404896436788,0.037638732082798346,0.4876894246378134,0.4682872453915645,0.3446950587005444,0.019402179246248815,0.09724924346606564,10.2,0.9879097913686794,1.4116417046215906e-05,0.38383628293863514,0.6040735084300441,0.9644735636828161,4.613822898085043e-05,0.8662587340443659,0.09821482963845038,0.9835377659835863,0.5665337929798685,0.8930909090909092,0.09822838608360748,0.14018712504245667,1.0,0.0,1.0959231759773158,74.30197553630582,0.0,0.0030481667176163255,0.7840521136644675,0.0,1.5,0.4,0.0036363636363636377,0.12062878764787155,0.052901483224354895,0.06272999904002237,0.09374221533747107,0.09874813876167288,0.05754956308038819,0.749351584892505,0.029753498838292813,0.044727701563074845,0.029852703899164158,0.06574277704302116,0.05868159892050463,0.03747893575313817,0.04217679513961533,0.26053233740808457,0.4,5.0,6.0,0.550139331817627,2.0,0.03777547761647975,B_1_savgol5,B_smoothing,asls,"savgol(poly=3,window=15)",asls,"savgol(poly=3,window=15)",none,{},mean,0,l2,l2,full,,False
10.2,0.09818181818181818,0.19545454545454546,0.12818181818181817,0.1618181818181818,0.4590909090909091,0.6779545454545455,0.376734823888233,3.975,0.6316180709170615,0.592695255702838,0.03892281521422354,0.367085036546935,0.3356434381291779,0.25384985812983807,0.031441598417757066,0.16474591842544636,10.2,0.9845067294676528,1.839667562395595e-05,0.40758734423247694,0.576919385235176,0.9715053381874267,3.700605429951996e-05,0.8787067281194814,0.09279861006794522,0.9863155437613642,0.5382032813327305,0.8696363636363635,0.09265939693497516,0.1363867599451536,0.888888888888889,0.0,1.397020164848573,68.54852508365143,0.0,0.00479600907067368,0.788568798610996,0.0,1.5,0.4,0.0036363636363636377,0.10273208275539052,0.052901483224354895,0.06633390841017117,0.10186231608407643,0.1067514925657252,0.056194560341944665,0.8310012429852776,0.027947778416951174,0.043979434058025034,0.031052364608642545,0.06666865770635941,0.04620727779750661,0.024566150686422993,0.06732208327547537,0.44156553716761077,0.4,5.0,6.0,0.5387046337127686,2.0,0.033202946195739276,B_1_savgol6,B_smoothing,asls,"savgol(poly=3,window=21)",asls,"savgol(poly=3,window=21)",none,{},mean,0,l2,l2,full,peak_loss|peak_broadening,True
10.2,0.09818181818181818,0.21454545454545454,0.11818181818181817,0.16636363636363638,0.4293181818181818,0.6477272727272727,0.3723978830512922,4.225,0.5886558693954761,0.552988431795631,0.0356674375998453,0.7521408896475864,0.7248122778742283,0.5484825476102452,0.027328611773358148,0.1425457191187832,10.2,0.9886171500098488,1.3310044181142917e-05,0.367462636479287,0.6211545135305617,0.9463556920443873,6.966793240742847e-05,0.841382601227302,0.10497309081708528,0.9835377659835863,0.583660071572188,0.9046363636363637,0.10602627488485154,0.1379029625227438,1.0,0.0,1.0115226571754234,83.20954816287019,0.0,0.002998796006109191,0.7864022057947335,0.0,1.5,0.4,0.0036363636363636377,0.14013988142180053,0.041924949289512695,0.06743867394852629,0.09452983668693846,0.11097888517405767,0.05808604525727558,0.9718355433612789,0.031020376705918458,0.04503940863082392,0.0277598917189908,0.10730138018823158,0.09295845363348416,0.07534426607999715,0.031685986269033684,0.19236461227564794,0.4,5.0,4.0,0.5582971572875977,2.0,0.028584140978399935,B_1_gaussian7,B_smoothing,asls,gaussian(sigma=1.0),asls,gaussian(sigma=1.0),none,{},mean,0,l2,l2,full,,False
10.2,0.09818181818181818,0.20454545454545453,0.12818181818181817,0.16636363636363635,0.43886363636363634,0.6679545454545455,0.375986266889676,4.075,0.6195581133034377,0.5822317189218537,0.03732639438158404,0.4887222269708901,0.4508950888188856,0.3367562077999243,0.03782713815200447,0.1704956483042747,10.2,0.9898742412551773,1.1843077022180719e-05,0.39656369744779124,0.5933105438073862,0.966183227693263,4.391788611013578e-05,0.8710240507241881,0.09515917696907493,0.9863155437613642,0.5570969586052943,0.8931818181818182,0.09516040937099955,0.1372089209613263,1.0,0.0,1.1022444963993323,73.62539692689525,0.0,0.002230262163430227,0.7828443611860383,0.0,1.5,0.4,0.0036363636363636377,0.12329265223300823,0.052901483224354895,0.06652559985585409,0.10254690840286103,0.1020392984923312,0.061924851030251284,0.75,0.029003797324653607,0.04427013129008695,0.029437683892695066,0.06900868215561438,0.05595010167000488,0.03935324412232017,0.05687543277422791,0.27203990988668814,0.4,5.0,4.0,0.5177009582519532,2.0,0.03177565049340335,B_1_gaussian8,B_smoothing,asls,gaussian(sigma=2.0),asls,gaussian(sigma=2.0),none,{},mean,0,l2,l2,full,,False
10.2,0.09818181818181818,0.18545454545454548,0.12818181818181817,0.15681818181818183,0.4540909090909091,0.6706818181818182,0.37471128492719397,3.925,0.6477441472383731,0.6096463557743499,0.03809779146402334,0.34911013154997117,0.3089330437997996,0.24252417349436067,0.04017708775017152,0.23032189203803527,10.2,0.9889211257686353,1.2991479918881358e-05,0.42737502986481213,0.5615460959038232,0.9739080104034276,3.388570077223967e-05,0.8856672072150253,0.0882408031884023,0.9863155437613642,0.5262344384242715,0.8677272727272726,0.08797691329164273,0.13164171845817407,0.875,0.0,1.399712742252392,66.70143055769898,0.0,0.0016734934791004803,0.7811439116273047,0.0,1.5,0.4,0.0036363636363636377,0.10578858942478389,0.06133697199169329,0.06633526758682537,0.10638228497945763,0.10124984112986339,0.055671664692889,0.7761465041356173,0.026961491260024107,0.04326288246718803,0.030219467197619497,0.071270879278523,0.05312582105032693,0.023701899277816418,0.06884583317000195,0.41369851742090546,0.4,5.0,4.0,0.5223348617553711,2.0,0.030095238294847726,B_1_gaussian9,B_smoothing,asls,gaussian(sigma=3.0),asls,gaussian(sigma=3.0),none,{},mean,0,l2,l2,full,peak_loss|peak_broadening,True
10.2,0.09818181818181818,0.22000000000000003,0.12818181818181817,0.1740909090909091,0.4268181818181819,0.6629545454545455,0.3763217647251738,4.125,0.5986616002021398,0.5618229029883081,0.03683869721383175,0.5424327490027251,0.5205373155109997,0.3831174157365097,0.021895433491725357,0.09278839118088593,10.2,0.9896787533374048,1.2109259704230649e-05,0.3743739293173129,0.615304824020092,0.9596230366042355,5.243761479720151e-05,0.8589840539984962,0.10063898260573927,0.9835377659835863,0.5779148593630022,0.8960000000000001,0.10098709038344741,0.14108589816370465,1.0,0.0,1.0422420623697128,76.93346288818057,0.0,0.002965996122727576,0.7843927375799347,0.0,1.5,0.4,0.0036363636363636377,0.12632358335830365,0.052901483224354895,0.06628725984610699,0.0925783289444854,0.10411951938491977,0.058500861302955884,0.6609126351029605,0.030641153932833298,0.04511727798876066,0.028973387355777626,0.07309372199161743,0.07036376230142216,0.045177226996487053,0.04398787752620841,0.20069343892485797,0.4,5.0,4.0,0.5945892810821534,2.0,0.03379608308051856,B_1_whittaker10,B_smoothing,asls,whittaker(lam=5.0),asls,whittaker(lam=5.0),none,{},mean,0,l2,l2,full,,False
10.2,0.09818181818181818,0.18545454545454546,0.12818181818181817,0.15681818181818183,0.4540909090909091,0.6779545454545455,0.37548338088678995,3.925,0.6349844272607603,0.5960121689275162,0.03897225833324404,0.33135865842416645,0.30657343524221864,0.23960518386656418,0.024785223181947775,0.12431948989007084,10.2,0.9877455757996703,1.4465764736273746e-05,0.41135757166687037,0.5763880041327999,0.9725024758765836,3.571107028762538e-05,0.880414200276555,0.09208827560002833,0.9863155437613642,0.5393662672574205,0.8659090909090909,0.09188217589205494,0.13573636867200123,0.888888888888889,0.0,1.3450298202693745,66.51050052829909,0.0,0.0033662063951732644,0.7850230731957983,0.0,1.5,0.4,0.0036363636363636377,0.09145133984803999,0.052901483224354895,0.059908169978597645,0.10771355917440291,0.10841961040525976,0.054678925374315936,0.8432072642910283,0.02769427699038431,0.044003760641660526,0.03108581175319829,0.0701075741036789,0.04531206324674547,0.020342509243951666,0.07188757025493,0.4862043834609341,0.4,5.0,4.0,0.6246691703796386,2.0,0.03122738894712459,B_1_whittaker11,B_smoothing,asls,whittaker(lam=50.0),asls,whittaker(lam=50.0),none,{},mean,0,l2,l2,full,peak_loss|peak_broadening,True
10.2,0.09818181818181818,0.20500000000000002,0.11318181818181819,0.1590909090909091,0.43454545454545446,0.6636363636363637,0.3722966925751016,4.2,0.6007095071965006,0.5651161396627933,0.03559336753370741,0.4257861431497795,0.40941256961332717,0.30649678963713056,0.01637357353645233,0.05835012465868722,10.2,0.9891187064875467,1.2709528635017762e-05,0.37608507495022614,0.6130336315373206,0.9683478047165426,4.110674711885785e-05,0.8730322970234148,0.09531550769312777,0.9835377659835863,0.5757293081829399,0.8863636363636364,0.09504668512130454,0.14428392128702772,0.9198717948717949,0.0,1.058243048418173,75.58710501013432,0.0,0.0021062813787442224,0.7797268613050787,0.0,1.5,0.4,0.0036363636363636377,0.11697446130435071,0.03249542073846301,0.06297782832795598,0.0803707544795159,0.12130214675115311,0.04934423762549256,0.7845512638918518,0.03226862450952098,0.04634514057836829,0.027314973209534753,0.0785942811925684,0.05499780152467565,0.036098916046991836,0.05788596707421578,0.28859763173554603,0.4,5.0,4.0,0.5722664833068848,2.0,0.027217591122845154,B_1_wavelet12,B_smoothing,asls,wavelet(level=2),asls,wavelet(level=2),none,{},mean,0,l2,l2,full,,False
10.2,0.09818181818181818,0.23909090909090908,0.11818181818181817,0.17863636363636365,0.42272727272727273,0.630909090909091,0.37834024498229046,4.2,0.5705968652627845,0.5360644769022604,0.0345323883605241,0.8288321832668751,0.8265235904296919,0.6641509807650472,0.002308592837183367,0.0594005541514005,10.2,0.9854733008997455,1.6841712470154302e-05,0.35354740746865987,0.6319258934310856,0.9235669760974664,9.926366740348879e-05,0.8095249808656957,0.11404199523177072,0.9820671777482921,0.5943066909863777,0.9125454545454545,0.11604239881060412,0.1329320439103514,1.0,0.0,0.9801762167882211,89.08604879382877,0.0,0.003782794955456522,0.7905060115762447,0.0,1.5,0.4,0.0036363636363636377,0.1236469247065094,0.041924949289512695,0.06404079387401237,0.09171067068268543,0.10435373773395809,0.05272254407534989,0.7785175396849559,0.031708836745042907,0.045002601013778155,0.026658851447111366,0.09442057945001361,0.09492035626014324,0.08195223242458785,0.02069573453143791,0.15390980943315224,0.4,5.0,6.0,0.26195130348205564,2.0,0.031294558725723835,C_mean,C_aggregation,asls,"savgol(poly=2,window=5)",asls,"savgol(poly=2,window=5)",none,{},mean,0,l2,l2,full,,False
10.2,0.09818181818181818,0.24409090909090908,0.12318181818181817,0.18363636363636363,0.4127272727272727,0.614090909090909,0.3781364292273383,4.45,0.5638374972632952,0.5297078550705249,0.03412964219277045,0.8513441305756517,0.8421636147899726,0.6849841363355682,0.009180515785679251,0.047764727537152676,10.2,0.9854733008997455,1.6841712470154302e-05,0.35354740746865987,0.6319258934310856,0.9235669760974664,9.926366740348879e-05,0.8095249808656957,0.11404199523177072,0.9820671777482921,0.5943066909863777,0.9125454545454545,0.11604239881060412,0.1329320439103514,1.0,0.0,0.9794839105018356,91.27602735148596,0.0,0.003716153026708402,0.7832065135162614,0.0,1.5,0.4,0.0036363636363636377,0.13312655699162157,0.051354477840562386,0.07024665168270619,0.0940729842091938,0.09540298361132156,0.06144854469175394,0.9391037423637426,0.03229320290621219,0.044751717395273935,0.027214014147102377,0.09001745965772648,0.09316743454622542,0.0802261816975149,0.02612958961640377,0.1053933329836764,0.4,6.0,6.0,0.2692657470703125,2.0,0.03182967296782603,C_median,C_aggregation,asls,"savgol(poly=2,window=5)",asls,"savgol(poly=2,window=5)",none,{},median,0,l2,l2,full,,False
10.2,0.09818181818181818,0.23909090909090908,0.12318181818181817,0.18113636363636365,0.4027272727272727,0.6236363636363637,0.374732831562377,4.4,0.568461239446986,0.5350821668733318,0.03337907257365434,0.8346191828062921,0.8302510513871553,0.6696494997236278,0.0043681314191366775,0.062145283340895044,10.2,0.9854733008997455,1.6841712470154302e-05,0.35354740746865987,0.6319258934310856,0.9235669760974664,9.926366740348879e-05,0.8095249808656957,0.11404199523177072,0.9820671777482921,0.5943066909863777,0.9125454545454545,0.11604239881060412,0.1329320439103514,1.0,0.0,0.9852496517521703,89.65385448139523,0.0,0.0038945453928270445,0.7785592175028866,0.0,1.5,0.4,0.0036363636363636377,0.12995594226311544,0.051354477840562386,0.06619028666353774,0.08093198618335087,0.10834424876267068,0.05774343720271293,0.8751103299749134,0.03262740072785714,0.04537625239726258,0.02688034762864112,0.10395485980341482,0.09797979492037912,0.08262242769640832,0.027039299293481055,0.17534913384733625,0.4,6.0,6.0,0.2805370330810547,2.0,0.026087936532966163,C_ivw,C_aggregation,asls,"savgol(poly=2,window=5)",asls,"savgol(poly=2,window=5)",none,{},ivw,0,l2,l2,full,,False
10.2,0.09818181818181818,0.2681818181818182,0.12318181818181817,0.1956818181818182,0.4177272727272728,0.6190909090909091,0.38530183326774237,4.45,0.5658517496186579,0.5313606153239314,0.03449113429472644,0.8327558266299393,0.8344605663891691,0.6812361066085308,-0.001704739759229913,-0.015861829643151224,10.2,0.9854733008997455,1.6841712470154302e-05,0.35354740746865987,0.6319258934310856,0.9235669760974664,9.926366740348879e-05,0.8095249808656957,0.11404199523177072,0.9820671777482921,0.5943066909863777,0.9125454545454545,0.11604239881060412,0.1329320439103514,1.0,0.0,0.980363525103698,90.55516991246601,0.0,0.0037081024891833423,0.7811190965649943,0.0,1.5,0.4,0.0036363636363636377,0.12664835865063823,0.051354477840562386,0.07142184819246543,0.08733844746505766,0.09870430469380673,0.05732576872792623,0.9131512888458373,0.032241276079618256,0.04485542368159065,0.026889094969731974,0.09883211303493723,0.09497908507468394,0.07933742298429655,0.024994148142567518,0.11146028078984789,0.4,6.0,6.0,0.43455028533935547,2.0,0.031216022877909057,C_huber,C_aggregation,asls,"savgol(poly=2,window=5)",asls,"savgol(poly=2,window=5)",none,{},huber,0,l2,l2,full,,False
10.2,0.09818181818181818,0.23499999999999996,0.10318181818181818,0.1690909090909091,0.4118181818181819,0.6252272727272727,0.3699400006559097,4.425,0.5667899836846162,0.5327008088840108,0.03408917480060532,0.8264851831179605,0.8290651163275854,0.6724408477419466,-0.0025799332096248457,0.08800505294896936,10.2,0.9854733008997455,1.6841712470154302e-05,0.35354740746865987,0.6319258934310856,0.9235669760974664,9.926366740348879e-05,0.8095249808656957,0.11404199523177072,0.9820671777482921,0.5943066909863777,0.9125454545454545,0.11604239881060412,0.1329320439103514,1.0,0.0,0.9821299803158595,90.13649329985459,0.0,0.0040758568398934734,0.7623603548030606,0.0,1.5,0.4,0.0036363636363636377,0.11984333199626003,0.013065892187413325,0.05934379743424543,0.07955526835850608,0.09769084848976199,0.056095037556972,0.9350913776767843,0.030955598959852386,0.044811471695209236,0.027456408913340058,0.0996853635315866,0.09775077433686204,0.08065960340796005,0.02167523664476322,0.26430305831923645,0.4,6.0,6.0,0.295183801651001,2.0,0.030525496409379696,C_consensus,C_aggregation,asls,"savgol(poly=2,window=5)",asls,"savgol(poly=2,window=5)",none,{},consensus,0,l2,l2,full,,False
10.2,0.09818181818181818,0.2681818181818182,0.12318181818181817,0.1956818181818182,0.4177272727272728,0.6190909090909091,0.38530183326774237,4.45,0.5658517496186579,0.5313606153239314,0.03449113429472644,0.8327558266299393,0.8344605663891691,0.6812361066085308,-0.001704739759229913,-0.015861829643151224,10.2,0.9854733008997455,1.6841712470154302e-05,0.35354740746865987,0.6319258934310856,0.9235669760974664,9.926366740348879e-05,0.8095249808656957,0.11404199523177072,0.9820671777482921,0.5943066909863777,0.9125454545454545,0.11604239881060412,0.1329320439103514,1.0,0.0,0.980363525103698,90.55516991246601,0.0,0.0037081024891833423,0.7811190965649943,0.0,1.5,0.4,0.0036363636363636377,0.12664835865063823,0.051354477840562386,0.07142184819246543,0.08733844746505766,0.09870430469380673,0.05732576872792623,0.9131512888458373,0.032241276079618256,0.04485542368159065,0.026889094969731974,0.09883211303493723,0.09497908507468394,0.07933742298429655,0.024994148142567518,0.11146028078984789,0.4,6.0,6.0,0.45391645431518557,2.0,0.031216022877909057,D_none0,D_background,asls,"savgol(poly=2,window=5)",asls,"savgol(poly=2,window=5)",none,{},huber,0,l2,l2,full,,False
10.2,0.09818181818181818,0.14681818181818182,0.1959090909090909,0.17136363636363636,0.375,0.575,0.35654232257641344,4.85,-0.21141808255987873,-0.2587777058276403,0.04735962326776162,0.7407881652237166,0.7408405098322749,0.5922865280549567,-5.234460855827114e-05,0.012816215267010156,10.2,0.9854733008997455,1.6841712470154302e-05,0.35354740746865987,0.6319258934310856,0.7822364095531565,0.00028280985772114153,0.41183343241870707,0.3704029771344494,0.9820671777482921,0.5943066909863777,0.8932727272727272,0.36611847074235915,0.6006812853130112,1.0,0.0,0.983134487177221,87.77164726291895,0.0,0.009956956138308277,0.5438433668515285,0.014951372398139023,1.5,0.4,0.0036363636363636377,0.05304980797963645,0.1059401263586611,0.07121135803173154,0.05713203428259981,0.09491070595224708,0.049564374866332646,0.8913508205314977,0.16957254269686634,0.14722791769782462,0.034319603923433924,0.07001839597149881,0.06334412186998435,0.05485250983614034,0.035562858503925515,0.1697389206292984,0.4,7.0,6.0,0.45272235870361327,2.0,0.018737298195787917,D_mean1,D_background,asls,"savgol(poly=2,window=5)",asls,"savgol(poly=2,window=5)",mean,{},huber,0,l2,l2,full,sers_replicate_drop,True
10.2,0.09818181818181818,0.28272727272727277,0.2459090909090909,0.26431818181818184,0.4811363636363636,0.6675000000000001,0.44503578807556077,3.95,0.12837448908335716,0.06962133982660676,0.05875314925675039,0.8201424294202309,0.8115009999902698,0.6468778270706974,0.008641429429960958,0.10727007581785486,10.2,0.9854733008997455,1.6841712470154302e-05,0.35354740746865987,0.6319258934310856,0.5974180873896753,0.0005228336527391297,0.2561548448932813,0.34126324249639406,0.9820671777482921,0.5943066909863777,0.9052727272727272,0.365577801101426,0.22257045158201424,1.0,0.0,0.9819264782629207,98.63665142966174,0.0,0.009956956138308277,0.742284453140227,0.39345981450443146,1.5,0.4,0.0036363636363636377,0.10746400247959029,0.10788044786670783,0.09686695436780624,0.12751709110391088,0.11678405357333595,0.0789909397701923,1.1883102669068477,0.03215901809036002,0.03520268452399702,0.04110437150299988,0.09669329990070892,0.08501883717107558,0.07053140601533932,0.025020659730116468,0.22375783529203916,0.4,7.0,7.0,0.45124020576477053,2.0,0.010209871214215854,D_scaled_mean2,D_background,asls,"savgol(poly=2,window=5)",asls,"savgol(poly=2,window=5)",scaled_mean,"{""alpha"": ""ls""}",huber,0,l2,l2,full,sers_replicate_drop,True
10.2,0.09818181818181818,0.28272727272727277,0.2459090909090909,0.26431818181818184,0.4811363636363636,0.6675000000000001,0.44503578807556077,3.95,0.12837448908335708,0.0696213398266067,0.0587531492567504,0.8201424294202309,0.8115009999902698,0.6468778270706974,0.008641429429960958,0.10727007581785486,10.2,0.9854733008997455,1.6841712470154302e-05,0.35354740746865987,0.6319258934310856,0.5974180873896752,0.0005228336527391297,0.2561548448932813,0.341263242496394,0.9820671777482921,0.5943066909863777,0.9052727272727272,0.365577801101426,0.22257045158201433,1.0,0.0,0.9819264782629207,98.63665142966174,0.0,0.009956956138308277,0.7422844531402266,0.39345981450443135,1.5,0.4,0.0036363636363636377,0.10746400247959029,0.10788044786670783,0.09686695436780624,0.12751709110391088,0.11678405357333595,0.0789909397701923,1.1883102669068477,0.03215901809036005,0.03520268452399703,0.04110437150299989,0.09669329990070892,0.08501883717107558,0.07053140601533932,0.025020659730116468,0.22375783529203916,0.4,7.0,7.0,0.46469340324401853,2.0,0.010209871214215854,D_scaled_mean3,D_background,asls,"savgol(poly=2,window=5)",asls,"savgol(poly=2,window=5)",scaled_mean,"{""alpha"": ""nnls""}",huber,0,l2,l2,full,sers_replicate_drop,True
10.2,0.09818181818181818,0.2,0.21045454545454545,0.20522727272727267,0.44727272727272727,0.6311363636363636,0.39993657352748263,4.15,0.1198621689044022,0.06303408492445665,0.05682808397994554,0.8175175335160286,0.80665216253997,0.6458056203778794,0.010865370976058702,0.13043052341697237,10.2,0.9854733008997455,1.6841712470154302e-05,0.35354740746865987,0.6319258934310856,0.5982001206638685,0.0005218180251103054,0.25541650188926185,0.3427836187746066,0.9820671777482921,0.5943066909863777,0.9022727272727271,0.36725592310227323,0.2261203825574321,1.0,0.0,0.982040139740028,98.3986305336595,0.0,0.009956956138308277,0.7330106938987953,0.2963252822109346,1.5,0.4,0.0036363636363636377,0.09889809332512792,0.11131862542032715,0.09038292240284815,0.10044555292931097,0.10144116105790539,0.06400318725423557,0.795067191382273,0.039060005355630305,0.021436457922526235,0.038435357310950796,0.09526588482918523,0.08470359681065878,0.07250831206966218,0.022357250126760004,0.2489428983900938,0.4,7.0,7.0,1.427093505859375,2.0,0.012888943462461853,D_scaled_mean4,D_background,asls,"savgol(poly=2,window=5)",asls,"savgol(poly=2,window=5)",scaled_mean,"{""alpha"": ""robust""}",huber,0,l2,l2,full,sers_replicate_drop,True
10.2,0.09818181818181818,0.24454545454545457,0.15181818181818182,0.19818181818181818,0.4468181818181818,0.6488636363636363,0.39408125081988715,4.075,0.47538509391975925,0.42800831766958175,0.047376776250177506,0.841259781243392,0.8388826192575325,0.6791182048693041,0.0023771619858593118,0.049379810507644936,10.2,0.9854733008997455,1.6841712470154302e-05,0.35354740746865987,0.6319258934310856,0.7517730565743282,0.0003223726537976211,0.5313060610921586,0.22046699548216958,0.9820671777482921,0.5943066909863777,0.8994545454545454,0.2337268119854492,0.07988748895237327,1.0,0.0,0.9786489661857422,99.17902392217968,0.0,0.009956956138308277,0.8008765127198807,0.05417838705371936,1.5,0.4,0.0036363636363636377,0.12252005877957153,0.07703124613409065,0.09250670766259217,0.1122491838065565,0.11227502899326662,0.0786918345362129,0.9579352309769738,0.028920608713749945,0.04109944077732767,0.03547821820453148,0.0961447519481921,0.08935905350946072,0.07945490496253682,0.03017437081521186,0.18630533973913652,0.4,7.0,8.0,0.5897725582122803,2.0,0.02508423403489191,D_scaled_mean5,D_background,asls,"savgol(poly=2,window=5)",asls,"savgol(poly=2,window=5)",scaled_mean,"{""alpha"": ""percentile"", ""pct"": 40}",huber,0,l2,l2,full,sers_replicate_drop,True
10.2,0.09818181818181818,0.19136363636363635,0.19636363636363635,0.19386363636363635,0.4152272727272727,0.6043181818181818,0.380255526039617,4.65,-0.03752636424865276,-0.08962415421011441,0.05209778996146166,0.8138094639921312,0.8166154091051612,0.6573924850536506,-0.002805945113030189,-0.010900199148173318,10.2,0.9854733008997455,1.6841712470154302e-05,0.35354740746865987,0.6319258934310856,0.5540013437856697,0.0005792190340431459,0.13795658688159512,0.41604475690407455,0.9820671777482921,0.5943066909863777,0.8963636363636363,0.4353131071720425,0.26749929657508575,1.0,0.0,0.9822755883028227,97.02432727144746,0.0,0.009956956138308277,0.643516138688826,0.4923877696698577,1.5,0.4,0.0036363636363636377,0.09970364621211063,0.11797311394725174,0.09709739360201033,0.0898242911550789,0.1104295350659428,0.06457935042744505,0.9084030827970141,0.12949579281170026,0.11247533590324832,0.033632869418216194,0.07698935501712903,0.07736640286832089,0.0635649818776435,0.026326338772794812,0.10848300897598809,0.4,7.0,7.0,0.513249397277832,2.0,0.016086848862150695,D_lowrank6,D_background,asls,"savgol(poly=2,window=5)",asls,"savgol(poly=2,window=5)",lowrank,"{""k"": 1}",huber,0,l2,l2,full,sers_replicate_drop,True
10.2,0.09818181818181818,0.20636363636363636,0.22590909090909092,0.21613636363636365,0.4327272727272728,0.6043181818181818,0.3971976256067165,4.475,-0.0018640121250328098,-0.05468014155192121,0.05281612942688842,0.8485585378676133,0.8411825333897541,0.6839531350432699,0.007376004477859179,0.035168170892349554,10.2,0.9854733008997455,1.6841712470154302e-05,0.35354740746865987,0.6319258934310856,0.48660201723496443,0.0006667506269663148,0.05968513008592051,0.42691688714904386,0.9820671777482921,0.5943066909863777,0.8922727272727272,0.4504111521809975,0.189344103750111,1.0,0.0,0.980262910964127,99.47283973949932,0.0,0.009956956138308277,0.6895117199532886,0.6322989792206689,1.5,0.4,0.0036363636363636377,0.09221999293828917,0.0909029513330582,0.07826418445402879,0.09041206654626935,0.10496507029946342,0.06143578209514442,0.8882456840770075,0.11698139851259726,0.09630256275643187,0.03372141206843225,0.07744167542431109,0.07947254223101788,0.07023390161101009,0.023881520323745454,0.10080636383862314,0.4,7.0,7.0,0.4872933864593506,2.0,0.019914514700892994,D_lowrank7,D_background,asls,"savgol(poly=2,window=5)",asls,"savgol(poly=2,window=5)",lowrank,"{""k"": 2}",huber,0,l2,l2,full,sers_replicate_drop,True
10.2,0.09818181818181818,0.22454545454545455,0.2504545454545455,0.2375,0.4377272727272727,0.6288636363636364,0.412188196904106,4.4,0.04704284287982895,-0.008476131140848133,0.05551897402067707,0.8610021250133053,0.8529122886724337,0.6992244148621931,0.008089836340871733,0.11992950170087954,10.2,0.9854733008997455,1.6841712470154302e-05,0.35354740746865987,0.6319258934310856,0.440605390689238,0.0007264865055972477,0.026644320090980327,0.41396107059825765,0.9820671777482921,0.5943066909863777,0.8972727272727272,0.4458785939503966,0.14651103469222806,1.0,0.0,0.9793258167036958,101.39269027397397,0.0,0.009956956138308277,0.7270110973352555,0.6746256289786241,1.5,0.4,0.0036363636363636377,0.0649882285696756,0.09571920281405702,0.07260207571870379,0.10226623656495741,0.11452057600926073,0.053395058932070825,1.097307589952904,0.06709748845642749,0.04763098512917459,0.03357446278185899,0.07841298650253181,0.08239205402914682,0.07707571777162074,0.01938184398964308,0.2491458623793263,0.4,7.0,7.0,0.5016724109649658,2.0,0.03233412109614897,D_lowrank8,D_background,asls,"savgol(poly=2,window=5)",asls,"savgol(poly=2,window=5)",lowrank,"{""k"": 3}",huber,0,l2,l2,full,sers_replicate_drop,True
10.2,0.09818181818181818,0.23409090909090907,0.24000000000000005,0.2370454545454545,0.4636363636363637,0.6436363636363636,0.41951752918798374,3.925,0.05552679515457404,-0.0009872467104653608,0.0565140418650394,0.8793978899256238,0.8661608137049918,0.7099501288690366,0.013237076220632063,0.06713546177199202,10.2,0.9854733008997455,1.6841712470154302e-05,0.35354740746865987,0.6319258934310856,0.4189101096946105,0.0007546621952007165,0.018256200890215613,0.4006539088043949,0.9820671777482921,0.5943066909863777,0.9002727272727272,0.43620613836644395,0.13925663536481778,1.0,0.0,0.9793602201031224,102.50316974231282,0.0,0.009956956138308277,0.7502230877865925,0.7000999424387293,1.5,0.4,0.0036363636363636377,0.08353182173152611,0.0849740804349091,0.07622437733964195,0.10590555262129357,0.09148621545353794,0.06489249262831383,0.9528410609685907,0.062439741393198786,0.03654865078269758,0.03401527444308487,0.0647535677752996,0.07461626640697505,0.06809491175013016,0.016543657477700494,0.08329216597729058,0.4,7.0,7.0,0.5917671680450439,2.0,0.02378564182309062,D_lowrank9,D_background,asls,"savgol(poly=2,window=5)",asls,"savgol(poly=2,window=5)",lowrank,"{""k"": 5}",huber,0,l2,l2,full,sers_replicate_drop,True
10.2,0.09818181818181818,0.21045454545454545,0.22590909090909092,0.21818181818181817,0.47727272727272724,0.6561363636363635,0.4159336547291092,3.875,0.06521016726196267,0.005544970281103878,0.059665196980858794,0.8856091863164618,0.870743563019477,0.7127356707734439,0.014865623296984867,0.07488091757149021,10.2,0.9854733008997455,1.6841712470154302e-05,0.35354740746865987,0.6319258934310856,0.40155985051017373,0.0007771949993363937,0.011861731164205917,0.3896981193459679,0.9820671777482921,0.5943066909863777,0.8852727272727272,0.4210497001837298,0.12802489816075507,1.0,0.0,0.9786017207913336,102.35948703383723,0.0,0.009956956138308277,0.7645246278503572,0.1860264992899522,1.5,0.4,0.0036363636363636377,0.07975244365814915,0.09824839238866753,0.06902807632938937,0.10889893413298135,0.10928938968557718,0.055136530785532135,0.9701400919886835,0.05827704044077273,0.02866302055504631,0.03764254223471322,0.06839586654243064,0.0785199847526452,0.07091501584339877,0.028088656628456297,0.16289553642848548,0.4,7.0,7.0,0.4949242115020752,2.0,0.02785362545845688,D_robust_lowrank10,D_background,asls,"savgol(poly=2,window=5)",asls,"savgol(poly=2,window=5)",robust_lowrank,"{""k"": 2}",huber,0,l2,l2,full,sers_replicate_drop,True
10.2,0.09818181818181818,0.2681818181818182,0.12318181818181817,0.1956818181818182,0.4177272727272728,0.6190909090909091,0.38530183326774237,4.45,0.5658517496186579,0.5313606153239314,0.03449113429472644,0.8327558266299393,0.8344605663891691,0.6812361066085308,-0.001704739759229913,-0.015861829643151224,10.2,0.9854733008997455,1.6841712470154302e-05,0.35354740746865987,0.6319258934310856,0.9235669760974664,9.926366740348879e-05,0.8095249808656957,0.11404199523177072,0.9820671777482921,0.5943066909863777,0.9125454545454545,0.11604239881060412,0.1329320439103514,1.0,0.0,0.980363525103698,90.55516991246601,0.0,0.0037081024891833423,0.7811190965649943,0.0,1.5,0.4,0.0036363636363636377,0.12664835865063823,0.051354477840562386,0.07142184819246543,0.08733844746505766,0.09870430469380673,0.05732576872792623,0.9131512888458373,0.032241276079618256,0.04485542368159065,0.026889094969731974,0.09883211303493723,0.09497908507468394,0.07933742298429655,0.024994148142567518,0.11146028078984789,0.4,6.0,6.0,0.4299310207366943,2.0,0.031216022877909057,E_d0,E_derivative,asls,"savgol(poly=2,window=5)",asls,"savgol(poly=2,window=5)",none,{},huber,0,l2,l2,full,,False
10.2,0.09818181818181818,0.12363636363636363,0.12272727272727271,0.1231818181818182,0.36022727272727273,0.548409090909091,0.3187623065066247,5.175,0.07087983614363014,0.06343792629500322,0.007441909848626907,0.9424021145942397,0.9157044875412363,0.75193931131648,0.026697627053003225,0.30746538880078755,10.2,0.9241794667773597,8.932636412001253e-05,0.036279581023167896,0.887899885754192,0.41075729851199716,0.000765250261671664,0.07761807398786698,0.33313922452413014,0.9695542878128018,0.8029495789427855,0.8745454545454544,0.34630555945623076,0.03184031902621195,0.9523809523809523,0.21538461538461534,0.8340067950192964,117.8340118179827,0.0,0.4997648224676487,1.296329269595788,0.0,1.5,0.4,0.0036363636363636377,0.09627540820567435,0.06674935526165536,0.05368188496579886,0.07888141695267961,0.09430908724153132,0.04772173912267578,0.9692815524698289,0.02449912941656494,0.023067001464388292,0.013049264621649712,0.038426377813741426,0.046809442173415636,0.04186841566790704,0.015106594415725186,0.2841214652449332,0.4,7.0,6.0,0.4778965950012207,2.0,0.034315698697939996,E_d1,E_derivative,asls,"savgol(poly=2,window=5)",asls,"savgol(poly=2,window=5)",none,{},huber,1,l2,l2,full,sers_replicate_drop|peak_invention,True
10.2,0.09818181818181818,0.07909090909090909,0.09863636363636363,0.08886363636363638,0.26749999999999996,0.45636363636363636,0.27253058999081725,6.125,0.04997330273152691,0.06043097209110095,-0.010457669359574052,0.9668523848910974,0.9638396099785492,0.8141628478825638,0.003012774912548106,-0.04523130446320132,10.2,0.833987212651466,0.00019612660598104944,0.03721040213478636,0.7967768105166797,0.3627433073779473,0.0008276060943134119,0.05271618854043121,0.31002711883751616,0.9486683820042952,0.7216657683591563,0.8525454545454545,0.3205137756503073,0.019804600959558744,0.9083333333333334,0.5470085470085471,0.6106186825030602,120.04789119347336,0.0,0.513366632861779,1.293550685230196,0.0,1.5,0.4,0.0036363636363636377,0.06419875057941374,0.04703143038229281,0.046002008739595965,0.07272586309379774,0.050363913593818053,0.039051434275482286,0.9235388416941952,0.023476132070258088,0.01864235489322678,0.00886692187394469,0.023952796924043944,0.03207329247498476,0.03042331290105365,0.018044196577669674,0.20432371893995543,0.4,7.0,6.0,0.512152624130249,2.0,0.017932150431742348,E_d2,E_derivative,asls,"savgol(poly=2,window=5)",asls,"savgol(poly=2,window=5)",none,{},huber,2,l2,l2,full,raman_replicate_drop|sers_replicate_drop|peak_invention,True
10.2,0.09818181818181818,0.22999999999999998,0.12318181818181817,0.17659090909090908,0.3879545454545455,0.5522727272727272,0.3639204463465827,4.725,0.31836579288114447,0.2973992708094679,0.02096652207167662,,,,,,,0.9542256452261905,2.7126955111936454e-05,0.19491349424593785,0.7593121509802526,0.6682653040150511,0.00021541214024909885,0.44357152742678235,0.22469377658826878,0.9778188117352205,0.6986281349645753,0.8914545454545454,0.23117397913341714,0.08238618146826365,,,,115.37717550294897,,,,0.0,1.5,0.4,0.0036363636363636377,0.14085024077008296,0.03579847456725136,0.06821993488342104,0.10597212112553382,0.08952438436406099,0.06561195630565271,1.0212432243920813,0.026431065736174642,0.0326984739722157,0.017258640887509592,,,,,,,7.0,6.0,0.33739476203918456,2.0,0.03252819188472962,E_dconcat,E_derivative,asls,"savgol(poly=2,window=5)",asls,"savgol(poly=2,window=5)",none,{},huber,concat,l2,l2,full,sers_replicate_drop,True
10.2,0.09818181818181818,0.2681818181818182,0.12318181818181817,0.1956818181818182,0.4177272727272728,0.6190909090909091,0.38530183326774237,4.45,0.5658517496186579,0.5313606153239314,0.03449113429472644,0.8327558266299393,0.8344605663891691,0.6812361066085308,-0.001704739759229913,-0.015861829643151224,10.2,0.9854733008997455,1.6841712470154302e-05,0.35354740746865987,0.6319258934310856,0.9235669760974664,9.926366740348879e-05,0.8095249808656957,0.11404199523177072,0.9820671777482921,0.5943066909863777,0.9125454545454545,0.11604239881060412,0.1329320439103514,1.0,0.0,0.980363525103698,90.55516991246601,0.0,0.0037081024891833423,0.7811190965649943,0.0,1.5,0.4,0.0036363636363636377,0.12664835865063823,0.051354477840562386,0.07142184819246543,0.08733844746505766,0.09870430469380673,0.05732576872792623,0.9131512888458373,0.032241276079618256,0.04485542368159065,0.026889094969731974,0.09883211303493723,0.09497908507468394,0.07933742298429655,0.024994148142567518,0.11146028078984789,0.4,6.0,6.0,0.4461991310119629,2.0,0.031216022877909057,F_global,F_modality,asls,"savgol(poly=2,window=5)",asls,"savgol(poly=2,window=5)",none,{},huber,0,l2,l2,full,,False
10.2,0.09818181818181818,0.2681818181818182,0.12318181818181817,0.1956818181818182,0.4177272727272728,0.6190909090909091,0.38530183326774237,4.45,0.5658517496186579,0.5313606153239314,0.03449113429472644,0.8327558266299393,0.8344605663891691,0.6812361066085308,-0.001704739759229913,-0.015861829643151224,10.2,0.9854733008997455,1.6841712470154302e-05,0.35354740746865987,0.6319258934310856,0.9235669760974664,9.926366740348879e-05,0.8095249808656957,0.11404199523177072,0.9820671777482921,0.5943066909863777,0.9125454545454545,0.11604239881060412,0.1329320439103514,1.0,0.0,0.980363525103698,90.55516991246601,0.0,0.0037081024891833423,0.7811190965649943,0.0,1.5,0.4,0.0036363636363636377,0.12664835865063823,0.051354477840562386,0.07142184819246543,0.08733844746505766,0.09870430469380673,0.05732576872792623,0.9131512888458373,0.032241276079618256,0.04485542368159065,0.026889094969731974,0.09883211303493723,0.09497908507468394,0.07933742298429655,0.024994148142567518,0.11146028078984789,0.4,6.0,6.0,0.45803017616271974,2.0,0.031216022877909057,F_modspec,F_modality,asls,"savgol(poly=2,window=5)",asls,"savgol(poly=2,window=5)",none,{},huber,0,l2,l2,full,,False
10.2,0.09818181818181818,0.2681818181818182,0.12318181818181817,0.1956818181818182,0.4177272727272728,0.6190909090909091,0.38530183326774237,4.45,0.5658517496064113,0.5313606153123376,0.03449113429407381,0.8327558266299393,0.8344605663891691,0.6812361066085308,-0.001704739759229913,-0.015861829643151224,10.2,0.9854733008997455,1.6841712470154302e-05,0.35354740746865987,0.6319258934310856,0.9235669760578826,1.9565168427206942e-07,0.8095249808313026,0.1140419952265801,0.9820671777482921,0.5943066909863777,0.9125454545454545,0.11604239880613469,0.1329320438999384,1.0,0.0,0.980363525103698,63.78294183447987,0.0,0.0037081024891833423,0.7811190963392766,0.0,1.5,0.4,0.0036363636363636377,0.12664835865063823,0.051354477840562386,0.07142184819246543,0.08733844746505766,0.09870430469380673,0.05732576872792623,0.9131512888458373,0.0322412760788436,0.04485542368045457,0.026889094969208195,0.09883211303493723,0.09497908507468394,0.07933742298429655,0.024994148142567518,0.11146028078984789,0.4,6.0,6.0,0.4545642852783203,2.0,0.031216022877909057,F_modspec_norm,F_modality,asls,"savgol(poly=2,window=5)",asls,"savgol(poly=2,window=5)",none,{},huber,0,l2,area,full,,False
10.2,0.09818181818181818,0.08272727272727273,0.11272727272727272,0.09772727272727273,0.27386363636363636,0.4879545454545455,0.28604088777384234,5.675,0.2317495380214991,0.22936455233548653,0.002384985686012568,0.9493594903473787,0.9466941577694495,0.8058997703391991,0.0026653325779292117,0.0937490957177494,10.2,0.888663093182033,0.00013119915996769328,0.1426007136569313,0.7460623795251017,0.5415555054971544,0.0005953824603918993,0.3599859790767862,0.18156952642036814,0.9654669862255002,0.6850191330868052,0.8552727272727273,0.19535798180214412,0.07051901141284217,1.0,0.2776679841897233,0.38163850533852595,119.83414896452055,0.0,0.0,1.7707635595792823,0.0,1.5,0.4,0.0036363636363636377,0.05290336365090879,0.054554769478145096,0.037640311227706766,0.057696574230511014,0.08477325651201625,0.036997097511731594,0.8053003156351922,0.03517974699737141,0.03752084125780401,0.012946923596029225,0.03946270975947129,0.040237881634376534,0.03786137281159267,0.013180363707384495,0.2697524884023803,0.4,7.0,6.0,0.46341671943664553,2.0,0.015712997246161514,F_pk_peak_likelihood,F_modality,asls,"savgol(poly=2,window=5)",asls,"savgol(poly=2,window=5)",none,{},huber,0,l2,l2,peak_likelihood,raman_replicate_drop|sers_replicate_drop|peak_invention,True
10.2,0.09818181818181818,0.15227272727272728,0.16727272727272727,0.1597727272727273,0.46954545454545454,0.7365909090909091,0.39344246031746033,3.8,0.033438059524589836,0.022160509623609513,0.011277549900980328,0.48141091020145693,0.440151533857856,0.3185757236285425,0.041259376343600954,0.2306125197995136,10.2,0.7683536813042047,0.00026932533967339006,0.021238709745036694,0.7471149715591681,0.15285629452963145,0.001100186630480601,0.04022245229286399,0.11263384223676749,0.917727660945965,0.667672409052764,0.6547272727272728,0.1490601562674974,0.015078888683958718,0.9045454545454545,0.0,0.15159428502346406,126.88222281437922,0.0,0.0,1.181587020254506,0.0,1.5,0.4,0.0036363636363636377,0.11398906199735606,0.10030425902045852,0.08859870868748823,0.14482021814115567,0.16733567708767325,0.08202053565571528,1.1680808100404838,0.013822691074672577,0.004714581485475674,0.01496003448713811,0.04990301726974256,0.03491703222308227,0.023530232901517477,0.04238518903476727,0.244082891615205,0.4,7.0,6.0,0.47956023216247556,2.0,0.027783799156252443,F_pk_prominence,F_modality,asls,"savgol(poly=2,window=5)",asls,"savgol(poly=2,window=5)",none,{},huber,0,l2,l2,prominence,raman_replicate_drop|sers_replicate_drop|sers_chemistry_drop,True
10.2,0.09818181818181818,0.21000000000000002,0.16272727272727272,0.18636363636363637,0.4047727272727273,0.5902272727272727,0.3743817230749048,4.35,0.24006487553601255,0.21197928277298633,0.028085592763026246,0.813430746054849,0.8135311197371721,0.5919969918073685,-0.00010037368232321403,0.011953611687295179,10.2,0.9765055650832608,2.787906012989301e-05,0.14395963872220946,0.8325459263610512,0.6169588813619704,0.0004974559982296046,0.36958112533815246,0.247377756023818,0.976467460383869,0.7669261342858358,0.8904545454545454,0.26612397850320724,0.08046761145026005,1.0,0.0,0.6320361893529348,108.99613431313703,0.0,0.0,1.5023876871807238,0.0,1.5,0.4,0.0036363636363636377,0.09662429180810059,0.07976113298414175,0.06970992457059523,0.10830205215818575,0.10168816943382927,0.07003436289847287,1.2714555579526032,0.02757204389996825,0.029024963978328933,0.02141353787011942,0.08048951741416252,0.08689272352059312,0.06153485001022459,0.03233914225260224,0.13833905846958044,0.4,7.0,6.0,0.49822773933410647,2.0,0.02802816607440619,F_pk_ridge,F_modality,asls,"savgol(poly=2,window=5)",asls,"savgol(poly=2,window=5)",none,{},huber,0,l2,l2,ridge,sers_replicate_drop,True
10.2,0.09818181818181818,0.2681818181818182,0.12318181818181817,0.1956818181818182,0.4177272727272728,0.6190909090909091,0.38530183326774237,4.45,0.5658517496186579,0.5313606153239314,0.03449113429472644,0.8327558266299393,0.8344605663891691,0.6812361066085308,-0.001704739759229913,-0.015861829643151224,10.2,0.9854733008997455,1.6841712470154302e-05,0.35354740746865987,0.6319258934310856,0.9235669760974664,9.926366740348879e-05,0.8095249808656957,0.11404199523177072,0.9820671777482921,0.5943066909863777,0.9125454545454545,0.11604239881060412,0.1329320439103514,1.0,0.0,0.980363525103698,90.55516991246601,0.0,0.0037081024891833423,0.7811190965649943,0.0,1.5,0.4,0.0036363636363636377,0.12664835865063823,0.051354477840562386,0.07142184819246543,0.08733844746505766,0.09870430469380673,0.05732576872792623,0.9131512888458373,0.032241276079618256,0.04485542368159065,0.026889094969731974,0.09883211303493723,0.09497908507468394,0.07933742298429655,0.024994148142567518,0.11146028078984789,0.4,6.0,6.0,0.4504063606262207,2.0,0.031216022877909057,G_combo0,G_combined,asls,"savgol(poly=2,window=5)",asls,"savgol(poly=2,window=5)",none,{},huber,0,l2,l2,full,,False
10.2,0.09818181818181818,0.2681818181818182,0.12318181818181817,0.1956818181818182,0.4177272727272728,0.6190909090909091,0.38530183326774237,4.45,0.5658517496064113,0.5313606153123376,0.03449113429407381,0.8327558266299393,0.8344605663891691,0.6812361066085308,-0.001704739759229913,-0.015861829643151224,10.2,0.9854733008997455,1.6841712470154302e-05,0.35354740746865987,0.6319258934310856,0.9235669760578826,1.9565168427206942e-07,0.8095249808313026,0.1140419952265801,0.9820671777482921,0.5943066909863777,0.9125454545454545,0.11604239880613469,0.1329320438999384,1.0,0.0,0.980363525103698,63.78294183447987,0.0,0.0037081024891833423,0.7811190963392766,0.0,1.5,0.4,0.0036363636363636377,0.12664835865063823,0.051354477840562386,0.07142184819246543,0.08733844746505766,0.09870430469380673,0.05732576872792623,0.9131512888458373,0.0322412760788436,0.04485542368045457,0.026889094969208195,0.09883211303493723,0.09497908507468394,0.07933742298429655,0.024994148142567518,0.11146028078984789,0.4,6.0,6.0,0.46570734977722167,2.0,0.031216022877909057,G_combo1,G_combined,asls,"savgol(poly=2,window=5)",asls,"savgol(poly=2,window=5)",none,{},huber,0,l2,area,full,,False
10.2,0.09818181818181818,0.2681818181818182,0.12318181818181817,0.1956818181818182,0.4177272727272728,0.6190909090909091,0.38530183326774237,4.45,0.5658517496186579,0.5313606153239314,0.03449113429472644,0.8327558266299393,0.8344605663891691,0.6812361066085308,-0.001704739759229913,-0.015861829643151224,10.2,0.9854733008997455,1.6841712470154302e-05,0.35354740746865987,0.6319258934310856,0.9235669760974664,9.926366740348879e-05,0.8095249808656957,0.11404199523177072,0.9820671777482921,0.5943066909863777,0.9125454545454545,0.11604239881060412,0.1329320439103514,1.0,0.0,0.980363525103698,90.55516991246601,0.0,0.0037081024891833423,0.7811190965649943,0.0,1.5,0.4,0.0036363636363636377,0.12664835865063823,0.051354477840562386,0.07142184819246543,0.08733844746505766,0.09870430469380673,0.05732576872792623,0.9131512888458373,0.032241276079618256,0.04485542368159065,0.026889094969731974,0.09883211303493723,0.09497908507468394,0.07933742298429655,0.024994148142567518,0.11146028078984789,0.4,6.0,6.0,0.44417452812194824,2.0,0.031216022877909057,G_combo2,G_combined,asls,"savgol(poly=2,window=5)",asls,"savgol(poly=2,window=5)",none,{},huber,0,l2,l2,full,,False
10.2,0.09818181818181818,0.2590909090909091,0.12318181818181817,0.1911363636363636,0.4279545454545454,0.6309090909090909,0.3852408664567756,4.2,0.5538542981474839,0.5201833440735555,0.033670954073928436,0.8737847672662266,0.872367170830253,0.7269493524527221,0.0014175964359736414,0.006840439198989754,10.2,0.9825977689477947,2.0470329917177923e-05,0.3506560894037754,0.6319416795440193,0.8898378085814687,0.00014306778106071646,0.763441474215111,0.1263963343663575,0.9820671777482921,0.5944941493533433,0.8925454545454545,0.12892047910990462,0.12022233939927522,1.0,0.0,0.9342745819450056,95.8130681586507,0.0,0.004441277984813536,0.7828283062890887,0.0,1.5,0.4,0.0036363636363636377,0.11962061471092904,0.051354477840562386,0.06602739708839908,0.1015207203592359,0.11062014230132391,0.06314122597294328,1.005821575091716,0.03147053009145932,0.0432429119440962,0.02635520180958666,0.08157247327891866,0.08284935236241783,0.07456805268972214,0.02411225639218808,0.11029045367418792,0.4,4.0,2.0,0.47880306243896487,2.0,0.026900950500782003,G_combo3,G_combined,asls,none,asls,none,none,{},huber,0,l2,l2,full,,False
10.2,0.09818181818181818,0.20636363636363636,0.22590909090909092,0.21613636363636365,0.4327272727272728,0.6043181818181818,0.3971976256067165,4.475,-0.0018640121250328098,-0.05468014155192121,0.05281612942688842,0.8485585378676133,0.8411825333897541,0.6839531350432699,0.007376004477859179,0.035168170892349554,10.2,0.9854733008997455,1.6841712470154302e-05,0.35354740746865987,0.6319258934310856,0.48660201723496443,0.0006667506269663148,0.05968513008592051,0.42691688714904386,0.9820671777482921,0.5943066909863777,0.8922727272727272,0.4504111521809975,0.189344103750111,1.0,0.0,0.980262910964127,99.47283973949932,0.0,0.009956956138308277,0.6895117199532886,0.6322989792206689,1.5,0.4,0.0036363636363636377,0.09221999293828917,0.0909029513330582,0.07826418445402879,0.09041206654626935,0.10496507029946342,0.06143578209514442,0.8882456840770075,0.11698139851259726,0.09630256275643187,0.03372141206843225,0.07744167542431109,0.07947254223101788,0.07023390161101009,0.023881520323745454,0.10080636383862314,0.4,7.0,7.0,0.5223536014556884,2.0,0.019914514700892994,G_combo4,G_combined,asls,"savgol(poly=2,window=5)",asls,"savgol(poly=2,window=5)",lowrank,"{""k"": 2}",huber,0,l2,l2,full,sers_replicate_drop,True
10.2,0.09818181818181818,0.11863636363636365,0.10772727272727271,0.11318181818181819,0.32704545454545453,0.53,0.3074737882067427,5.425,0.0037232440356780284,0.0003859321824029712,0.0033373118532750573,0.9671360279400127,0.9563181019595669,0.8102292562793647,0.0108179259804457,0.2769184676194838,10.2,0.9241794667773597,8.932636412001253e-05,0.036279581023167896,0.887899885754192,0.3737560389601771,0.0008133038455052928,0.012856307497882465,0.3608997314622947,0.9695542878128018,0.8029495789427855,0.8815454545454546,0.3711030144004954,0.016550437972249577,0.9894269323909161,0.25,0.7940609641052805,118.30036068196225,0.0,0.4999452754790202,0.9767332842566822,0.6746256289786241,1.5,0.4,0.0036363636363636377,0.09275861403880749,0.07797600820648568,0.07272505916498702,0.12710798854749533,0.11939887567433434,0.07712328058359115,1.529993621056342,0.01661837309917077,0.007300177114939133,0.014969182575713391,0.02035117381482477,0.03525413355918573,0.031710701799232834,0.01852711118234818,0.43208088360000474,0.4,8.0,7.0,0.5205823898315429,2.0,0.027696599400813916,G_combo5,G_combined,asls,"savgol(poly=2,window=5)",asls,"savgol(poly=2,window=5)",lowrank,"{""k"": 3}",huber,1,l2,l2,full,sers_replicate_drop|peak_invention,True
10.2,0.09818181818181818,0.2,0.21045454545454545,0.20522727272727267,0.44727272727272727,0.6311363636363636,0.39993657352748263,4.15,0.1198621689044022,0.06303408492445665,0.05682808397994554,0.8175175335160286,0.80665216253997,0.6458056203778794,0.010865370976058702,0.13043052341697237,10.2,0.9854733008997455,1.6841712470154302e-05,0.35354740746865987,0.6319258934310856,0.5982001206638685,0.0005218180251103054,0.25541650188926185,0.3427836187746066,0.9820671777482921,0.5943066909863777,0.9022727272727271,0.36725592310227323,0.2261203825574321,1.0,0.0,0.982040139740028,98.3986305336595,0.0,0.009956956138308277,0.7330106938987953,0.2963252822109346,1.5,0.4,0.0036363636363636377,0.09889809332512792,0.11131862542032715,0.09038292240284815,0.10044555292931097,0.10144116105790539,0.06400318725423557,0.795067191382273,0.039060005355630305,0.021436457922526235,0.038435357310950796,0.09526588482918523,0.08470359681065878,0.07250831206966218,0.022357250126760004,0.2489428983900938,0.4,7.0,7.0,1.495856761932373,2.0,0.012888943462461853,G_combo6,G_combined,asls,"savgol(poly=2,window=5)",asls,"savgol(poly=2,window=5)",scaled_mean,"{""alpha"": ""robust""}",huber,0,l2,l2,full,sers_replicate_drop,True
10.2,0.09818181818181818,0.2681818181818182,0.12318181818181817,0.1956818181818182,0.4177272727272728,0.6190909090909091,0.38530183326774237,4.45,0.5658517495985969,0.5313606153049097,0.03449113429368726,0.8327558266299393,0.8344605663891691,0.6812361066085308,-0.001704739759229913,-0.015861829643151224,10.2,0.9854733008731612,1.0126093186517279e-07,0.35354740745895286,0.6319258934142084,0.9235669760578826,1.9565168427206942e-07,0.8095249808313026,0.1140419952265801,0.9820671777482921,0.5943066909720651,0.9125454545454545,0.11604239880613469,0.132932043902935,1.0,0.0,0.980363525103696,79.33860640026775,0.0,0.0037081024891798832,0.7811190961181824,0.0,1.5,0.4,0.0036363636363636377,0.12664835865063823,0.051354477840562386,0.07142184819246543,0.08733844746505766,0.09870430469380673,0.05732576872792623,0.9131512888458373,0.03224127607789381,0.044855423679375506,0.026889094968956934,0.09883211303493723,0.09497908507468394,0.07933742298429655,0.024994148142567518,0.11146028078984789,0.4,6.0,6.0,0.4590731143951416,2.0,0.031216022877909057,G_combo7,G_combined,asls,"savgol(poly=2,window=5)",asls,"savgol(poly=2,window=5)",none,{},huber,0,area,area,full,,False
