dataset,sample_id,label,matrix,substrate,role,raw_G01_purine_nucleotide,raw_G02_purine_metabolite,raw_G03_pyrimidine_nucleotide,raw_G04_nucleic_acid_phosphate,raw_G05_glycan_carbohydrate,raw_G06_protein_peptide_backbone,raw_G07_aromatic_residue,raw_G08_lipid_acyl_membrane,raw_G09_sterol_neutral_lipid,raw_G10_sulfur_thiol_redox,raw_G11_metabolic_small_molecule,global_G01_purine_nucleotide,globaldisp_G01_purine_nucleotide,global_G02_purine_metabolite,globaldisp_G02_purine_metabolite,global_G03_pyrimidine_nucleotide,globaldisp_G03_pyrimidine_nucleotide,global_G04_nucleic_acid_phosphate,globaldisp_G04_nucleic_acid_phosphate,global_G05_glycan_carbohydrate,globaldisp_G05_glycan_carbohydrate,global_G06_protein_peptide_backbone,globaldisp_G06_protein_peptide_backbone,global_G07_aromatic_residue,globaldisp_G07_aromatic_residue,global_G08_lipid_acyl_membrane,globaldisp_G08_lipid_acyl_membrane,global_G09_sterol_neutral_lipid,globaldisp_G09_sterol_neutral_lipid,global_G10_sulfur_thiol_redox,globaldisp_G10_sulfur_thiol_redox,global_G11_metabolic_small_molecule,globaldisp_G11_metabolic_small_molecule,concentration_ng_mL,concentration_uM
serum_liver,SER-CCA-1,CCA,serum,Ag colloid SERS,biological_range,0.00607244109509579,0.015505928607117029,0.004738142610208208,0.003512446944961835,0.05582914326008542,0.023704559816373427,0.32222809850926976,0.051094797047317134,0.05654359561529444,0.03829959809091878,0.08129727813460082,0.009279769965264001,0.009279769965264001,-0.18234903974274977,-0.18234903974274977,0.010932779854008149,0.010932779854008149,-0.02260247163760648,-0.02260247163760648,-0.4519079766828459,-0.4519079766828459,-0.9072779682372277,-0.9072779682372277,0.9250505112407246,0.9250505112407246,0.05288327557187132,0.05288327557187132,-0.21745000466429487,-0.21745000466429487,-0.6233522789322891,-0.6233522789322891,0.5242258377942559,0.5242258377942559,,
serum_liver,SER-CCA-10,CCA,serum,Ag colloid SERS,biological_range,0.0069032617234243854,0.03509386548316112,0.004159260428975989,0.04039778080155671,0.2020252754746826,0.04798577362646863,0.23087499919044382,0.046739102024896444,0.06093691325745529,0.027657947474832984,0.06018877747368133,0.05082080138169376,0.05082080138169376,0.7970478040594546,0.7970478040594546,-0.01801132920760278,-0.01801132920760278,1.8216642211921374,1.8216642211921374,4.687176141578596,4.0,0.24959449602348185,0.24959449602348185,-0.5861311658982497,-0.5861311658982497,-0.16490147554916318,-0.16490147554916318,-0.09265182695751231,-0.09265182695751231,-1.1385747441351637,-1.1385747441351637,-0.5311991952517185,-0.5311991952517185,,
serum_liver,SER-CCA-11,CCA,serum,Ag colloid SERS,biological_range,0.004164274357456442,0.015629178312929645,0.0029594796358918827,0.061336751942433064,0.10042242118148635,0.019397123686017138,0.2867354596044622,0.035729676337654316,0.03583147524129433,0.029211729968236035,0.052287167564643404,-0.08612856691670341,-0.08612856691670341,-0.17618655445211898,-0.17618655445211898,-0.0780003688618081,-0.0780003688618081,2.868612778235955,2.868612778235955,1.115634220744785,1.115634220744785,-1.1125047040068823,-1.1125047040068823,0.33792400993764377,0.33792400993764377,-0.7153727599112696,-0.7153727599112696,-0.8058060238861124,-0.8058060238861124,-1.0633473498594959,-1.0633473498594959,-0.9262796907036147,-0.9262796907036147,,
serum_liver,SER-CCA-12,CCA,serum,Ag colloid SERS,biological_range,0.004174799087801869,0.02140985928932992,0.003009675827947535,0.08056300051912448,0.1251147080721934,0.020960399146049576,0.2628774446779259,0.0376309801478999,0.0313738003738895,0.02803018890293366,0.0466290330322736,-0.08560233039943206,-0.08560233039943206,0.11284749436789483,0.11284749436789483,-0.07549055925902548,-0.07549055925902548,3.8299252070705254,3.8299252070705254,1.983617097455375,1.983617097455375,-1.0380228289280462,-1.0380228289280462,-0.056740158861496796,-0.056740158861496796,-0.6203075693989902,-0.6203075693989902,-0.9324323563239887,-0.9324323563239887,-1.120552432263097,-1.120552432263097,-1.209186417322105,-1.209186417322105,,
serum_liver,SER-CCA-13,CCA,serum,Ag colloid SERS,biological_range,0.004677290061740166,0.010638933800647002,0.0031222874009261326,0.0299600426015826,0.05739106708313708,0.019961281114331045,0.2976044380724116,0.04380519737771861,0.05602689326598294,0.03961643365947601,0.06410775946068199,-0.060477781702517226,-0.060477781702517226,-0.4256987800662511,-0.4256987800662511,-0.0698599806100956,-0.0698599806100956,1.2997773111934317,1.2997773111934317,-0.3970032552556295,-0.3970032552556295,-1.0856255619907964,-1.0856255619907964,0.5177208776132474,0.5177208776132474,-0.3115967079080548,-0.3115967079080548,-0.23212763939574874,-0.23212763939574874,-0.5595968247856054,-0.5595968247856054,-0.3352500959016853,-0.3352500959016853,,
serum_liver,SER-CCA-14,CCA,serum,Ag colloid SERS,biological_range,0.004192224973124182,0.013654895545126023,0.002837276230403875,0.012086525855299114,0.05153576975482668,0.019619981355081997,0.2921833506139475,0.040286833204025825,0.034123089415486835,0.02888760355881531,0.05202422282947435,-0.08473103613331638,-0.08473103613331638,-0.27490069284230007,-0.27490069284230007,-0.08411053913620849,-0.08411053913620849,0.4061014738792574,0.4061014738792574,-0.6028285739682276,-0.6028285739682276,-1.1018867051371852,-1.1018867051371852,0.42804413869049274,0.42804413869049274,-0.4875149165926941,-0.4875149165926941,-0.8543350525715978,-0.8543350525715978,-1.0790401416757083,-1.0790401416757083,-0.9394269274620674,-0.9394269274620674,,
serum_liver,SER-CCA-15,CCA,serum,Ag colloid SERS,biological_range,0.004723515310933226,0.014897933790107206,0.004036959897810992,0.050781144262998644,0.07550879498399934,0.015302050469732969,0.28261215146281093,0.024564110754004474,0.02915563237764813,0.04382371445988008,0.05724939697703435,-0.05816651924286419,-0.05816651924286419,-0.21274878059324093,-0.21274878059324093,-0.024126355765852637,-0.024126355765852637,2.340832394264234,2.340832394264234,0.23987082823675798,0.23987082823675798,-1.307613460929118,-1.307613460929118,0.2697154022459153,0.2697154022459153,-1.2736510390937616,-1.2736510390937616,-0.9954424426245717,-0.9954424426245717,-0.3558985768363388,-0.3558985768363388,-0.6781682200840674,-0.6781682200840674,,
serum_liver,SER-CCA-16,CCA,serum,Ag colloid SERS,biological_range,0.008282305146398314,0.02786798116695623,0.008355417048351795,0.07279475751518874,0.0841405988981377,0.01678363440351375,0.2559604351594628,0.010538755200812468,0.013966611860223306,0.07942785884755614,0.06437299326295373,0.11977297253039018,0.11977297253039018,0.4357535882492103,0.4357535882492103,0.1917965017611875,0.1917965017611875,3.4415130568737387,3.4415130568737387,0.5432958623681755,0.5432958623681755,-1.237023758540787,-1.237023758540787,-0.17116274685072744,-0.17116274685072744,-1.974918816753362,-1.974918816753362,-1.4269072799344504,-1.4269072799344504,1.3678993286435595,1.3678993286435595,-0.3219884057880984,-0.3219884057880984,,
serum_liver,SER-CCA-17,CCA,serum,Ag colloid SERS,biological_range,0.010830887775134045,0.03565075694794479,0.010759534051347266,0.02769464057617026,0.0656154494145251,0.025877016871382982,0.21994778076792648,0.028545812585445578,0.01455674616180839,0.10272653525203253,0.08220835599175637,0.2472021039671767,0.2472021039671767,0.8248923772986383,0.8248923772986383,0.3120023519109611,0.3120023519109611,1.1865072099228147,1.1865072099228147,-0.10789989813188948,-0.10789989813188948,-0.8037717857874627,-0.8037717857874627,-0.7668914508292796,-0.7668914508292796,-1.0745659475217064,-1.0745659475217064,-1.4101437104776653,-1.4101437104776653,2.495919964364607,2.495919964364607,0.5697797306520335,0.5697797306520335,,
serum_liver,SER-CCA-19,CCA,serum,Ag colloid SERS,biological_range,0.007061881446625641,0.019836541843038163,0.006428582509618542,0.0882278742759512,0.10640180357304414,0.021897492622935284,0.2735152722536268,0.02644800055441698,0.010842445879253742,0.058646641582725194,0.08959881560357069,0.058751787541756535,0.058751787541756535,0.03418162205330692,0.03418162205330692,0.09545477482452487,0.09545477482452487,4.2131688949118615,4.0,1.3258213756303956,1.3258213756303956,-0.9933752405362055,-0.9933752405362055,0.11923296341712618,0.11923296341712618,-1.1794565490731364,-1.1794565490731364,-1.515653474276719,-1.515653474276719,0.36176312145421197,0.36176312145421197,0.9393027112427496,0.9393027112427496,,
serum_liver,SER-CCA-2,CCA,serum,Ag colloid SERS,biological_range,0.006481349470542521,0.015405575773939953,0.004867010865814546,0.0035728215828911463,0.05334808302415993,0.023385341369275784,0.3041049071020318,0.05885194413799672,0.053156950327586085,0.03545879210479994,0.07873963915453513,0.029725188737600525,0.029725188737600525,-0.18736668140160354,-0.18736668140160354,0.01737619263432505,0.01737619263432505,-0.019583739741140926,-0.019583739741140926,-0.5391221667010796,-0.5391221667010796,-0.9224870526932029,-0.9224870526932029,0.6252529675326862,0.6252529675326862,0.4407406301058507,0.4407406301058507,-0.31365228159262254,-0.31365228159262254,-0.7608917562309326,-0.7608917562309326,0.39634388879097177,0.39634388879097177,,
serum_liver,SER-CCA-20,CCA,serum,Ag colloid SERS,biological_range,0.006825288912355788,0.02821345933494723,0.00541992683995004,0.014980859749787526,0.13434761837098158,0.025362931999075983,0.21467315994211766,0.040285300132922926,0.08105115542119144,0.037137241911877304,0.08590248693343798,0.04692216082826388,0.04692216082826388,0.45302749664876024,0.45302749664876024,0.045021991341099785,0.045021991341099785,0.550818168603678,0.550818168603678,2.308172213675455,2.308172213675455,-0.8282652331791941,-0.8282652331791941,-0.8541453087197397,-0.8541453087197397,-0.48759157014783905,-0.48759157014783905,0.47872064652304275,0.47872064652304275,-0.6796285125369043,-0.6796285125369043,0.754486277736114,0.754486277736114,,
serum_liver,SER-CCA-21,CCA,serum,Ag colloid SERS,biological_range,0.007888043299703607,0.023424467012959443,0.0061459756947573425,0.00918051300754525,0.05014067392825851,0.037437859909714905,0.21673951207609035,0.08164620943236262,0.10389330337765967,0.03321370974654366,0.05824998554838879,0.10005988019565482,0.10005988019565482,0.21357788054937096,0.21357788054937096,0.08132443408146489,0.08132443408146489,0.2608008314915643,0.2608008314915643,-0.6518689603120017,-0.6518689603120017,-0.25295826059516996,-0.25295826059516996,-0.8199632885511801,-0.8199632885511801,1.5804538948241453,1.5804538948241453,1.127583003416921,1.127583003416921,-0.8695888849879889,-0.8695888849879889,-0.6281387915163454,-0.6281387915163454,,
serum_liver,SER-CCA-22,CCA,serum,Ag colloid SERS,biological_range,0.009357169956667445,0.03199633760831175,0.003747812662272314,0.002793660136541019,0.18958029933551288,0.011734487888023226,0.1844549075865345,0.021671001063723733,0.0516130932870183,0.0258286817726132,0.05188146716938863,0.17351621304384673,0.17351621304384673,0.6421714103169862,0.6421714103169862,-0.038583717542786534,-0.038583717542786534,-0.058541812058647294,-0.058541812058647294,4.249710537939569,4.0,-1.4775891033161106,-1.4775891033161106,-1.3540218275835973,-1.3540218275835973,-1.4183065236077987,-1.4183065236077987,-0.3575076458061424,-0.3575076458061424,-1.2271398378983536,-1.2271398378983536,-0.9465647104663535,-0.9465647104663535,,
serum_liver,SER-CCA-23,CCA,serum,Ag colloid SERS,biological_range,0.005141650886261733,0.018723281829159496,0.003649301509530885,0.09634779110572352,0.10248230221452674,0.021640033114765082,0.23551239290465514,0.051174219000846816,0.07308506926056957,0.018394439335688274,0.06939568854688734,-0.03725974047643888,-0.03725974047643888,-0.021481378640626422,-0.021481378640626422,-0.043509275179857976,-0.043509275179857976,4.619164736400477,4.0,1.1880431261108113,1.1880431261108113,-1.005641835525801,-1.005641835525801,-0.5094184493856155,-0.5094184493856155,0.05685437324835542,0.05685437324835542,0.25243310774816435,0.25243310774816435,-1.587073541179165,-1.587073541179165,-0.07085364159141808,-0.07085364159141808,,
serum_liver,SER-CCA-24,CCA,serum,Ag colloid SERS,biological_range,0.006670994363538176,0.029963512813476516,0.0046171478915066075,0.039030066533447316,0.14425224544507778,0.037580316166682184,0.20594298101131875,0.07349864939421608,0.07247548191778937,0.020742346770733094,0.07516075193686164,0.03920743338738327,0.03920743338738327,0.5405301705752246,0.5405301705752246,0.004883043918928144,0.004883043918928144,1.7532785077866677,1.7532785077866677,2.6563395073154425,2.6563395073154425,-0.24617096724418538,-0.24617096724418538,-0.9985617164469077,-0.9985617164469077,1.1730758929168184,1.1730758929168184,0.2351169481329285,0.2351169481329285,-1.4733980691688933,-1.4733980691688933,0.2173995279072971,0.2173995279072971,,
serum_liver,SER-CCA-25,CCA,serum,Ag colloid SERS,biological_range,0.007947079074848722,0.013798876929722785,0.006275324097507775,0.004103439643553201,0.08833598815832046,0.02488903382276905,0.2796547921446035,0.05237135851471137,0.06706165486521277,0.04621846470065323,0.10319140643453613,0.10301166895291058,0.10301166895291058,-0.26770162361246197,-0.26770162361246197,0.08779185421898651,0.08779185421898651,0.006947163291961796,0.006947163291961796,0.6907721190264696,0.6907721190264696,-0.8508439953168976,-0.8508439953168976,0.2207941587663268,0.2207941587663268,0.11671134894158317,0.11671134894158317,0.08132980920688217,0.08132980920688217,-0.23995517979121497,-0.23995517979121497,1.6189322527910215,1.6189322527910215,,
serum_liver,SER-CCA-26,CCA,serum,Ag colloid SERS,biological_range,0.01375033015379807,0.01972256524969169,0.003619810499836229,0.02881591273594247,0.04950635151991566,0.02152000873768589,0.2429008448438678,0.037723607643645074,0.05744448975026238,0.030366126376450153,0.07630875656752609,0.39317422290037796,0.39317422290037796,0.028482792385983204,0.028482792385983204,-0.044983825664590776,-0.044983825664590776,1.2425708179114252,1.2425708179114252,-0.6741666515381078,-0.6741666515381078,-1.0113603674727185,-1.0113603674727185,-0.3871971643256222,-0.3871971643256222,-0.6156761946117316,-0.6156761946117316,-0.19185887843390728,-0.19185887843390728,-1.0074564937584345,-1.0074564937584345,0.2747997594405194,0.2747997594405194,,
serum_liver,SER-CCA-27,CCA,serum,Ag colloid SERS,biological_range,0.00850163706058619,0.010118207476982126,0.005349786818934188,0.003515473009462229,0.03127134557219375,0.042396482440678784,0.23467885484606685,0.061407386427940025,0.11909409351599967,0.030196174987162427,0.04474812919411277,0.130739568239784,0.130739568239784,-0.45173509624949487,-0.45173509624949487,0.04151499029030718,0.04151499029030718,-0.022451168412586788,-0.022451168412586788,-1.3151632910715296,-1.3151632910715296,-0.016705908814064,-0.016705908814064,-0.5232070066510945,-0.5232070066510945,0.5685127446030159,0.5685127446030159,1.5593821728562176,1.5593821728562176,-1.0156848012750446,-1.0156848012750446,-1.3032316092301464,-1.3032316092301464,,
serum_liver,SER-CCA-28,CCA,serum,Ag colloid SERS,biological_range,0.006691882972610792,0.016543671975004264,0.0045101717786640416,0.0032774312485673684,0.05137336745617885,0.020853844758157998,0.293539124112803,0.04919249508234512,0.08848231622333622,0.020995011996351055,0.06864661964437573,0.040251863841014084,0.040251863841014084,-0.130461871348388,-0.130461871348388,-0.0004657617232001546,-0.0004657617232001546,-0.03435325645732982,-0.03435325645732982,-0.6085373369916239,-0.6085373369916239,-1.0430995865507096,-1.0430995865507096,0.4504716215574999,0.4504716215574999,-0.04223182267672938,-0.04223182267672938,0.6898129011449058,0.6898129011449058,-1.461165117241572,-1.461165117241572,-0.10830708671699871,-0.10830708671699871,,
serum_liver,SER-CCA-29,CCA,serum,Ag colloid SERS,biological_range,0.005863547703409511,0.02233746151436415,0.004509334262715091,0.0031119824153382596,0.03954784287791836,0.02094451187564822,0.28544768590293385,0.049571042826045755,0.09697706490357227,0.028626287238267826,0.0658128859948876,-0.0011648996190499403,-0.0011648996190499403,0.15922760561960636,0.15922760561960636,-0.0005076375206476691,-0.0005076375206476691,-0.04262569811878526,-0.04262569811878526,-1.0242279891974069,-1.0242279891974069,-1.038779774021621,-1.038779774021621,0.31662139364370484,0.31662139364370484,-0.023304435491697598,-0.023304435491697598,0.9311178195958132,0.9311178195958132,-1.0916919420145303,-1.0916919420145303,-0.24999376919140476,-0.24999376919140476,,
serum_liver,SER-CCA-3,CCA,serum,Ag colloid SERS,biological_range,0.006300092809831798,0.017712453232328403,0.00463485561342992,0.003523334114341474,0.058273011299832894,0.035688065355757,0.3215570480954577,0.05648692346420796,0.06145483196467992,0.03908194832889077,0.07636517728514959,0.020662355702064397,0.020662355702064397,-0.07202280848218108,-0.07202280848218108,0.0057684300150937645,0.0057684300150937645,-0.02205811316862453,-0.02205811316862453,-0.3660011661541132,-0.3660011661541132,-0.336326792062309,-0.336326792062309,0.9139498578709893,0.9139498578709893,0.32248959641641256,0.32248959641641256,-0.07793963992108943,-0.07793963992108943,-0.5854742811665395,-0.5854742811665395,0.27762079532169454,0.27762079532169454,,
serum_liver,SER-CCA-30,CCA,serum,Ag colloid SERS,biological_range,0.008943498461999884,0.014449148496922658,0.00460006356614922,0.0029976286657775225,0.03514928492101957,0.017394768780615553,0.25737271601438855,0.055403657051299765,0.10732997681117405,0.016987366212451255,0.05762975242543362,0.15283263831046867,0.15283263831046867,-0.23518804525246834,-0.23518804525246834,0.004028827651058773,0.004028827651058773,-0.04834338559682211,-0.04834338559682211,-1.1788460286566895,-1.1788460286566895,-1.207906411345473,-1.207906411345473,-0.1478005077274609,-0.1478005077274609,0.2683262757710029,0.2683262757710029,1.2252063980378836,1.2252063980378836,-1.655197905474592,-1.655197905474592,-0.659150447664104,-0.659150447664104,,
serum_liver,SER-CCA-31,CCA,serum,Ag colloid SERS,biological_range,0.007657068193277233,0.024831613479009314,0.004010118369641341,0.011273635180547342,0.037115661352817124,0.04790864458049654,0.2605058569378652,0.037316117956004174,0.07791801783331985,0.035469900734822195,0.050387973537593146,0.08851112487433614,0.08851112487433614,0.2839352038518645,0.2839352038518645,-0.02546843217433518,-0.02546843217433518,0.36545694014166885,0.36545694014166885,-1.1097239955488571,-1.1097239955488571,0.24591970158455181,0.24591970158455181,-0.09597144893518315,-0.09597144893518315,-0.6360506789937767,-0.6360506789937767,0.3897196014543594,0.3897196014543594,-0.7603539246527713,-0.7603539246527713,-1.0212393920561276,-1.0212393920561276,,
serum_liver,SER-CCA-32,CCA,serum,Ag colloid SERS,biological_range,0.006892181450106541,0.01900158261646756,0.004775760275168513,0.0035027756567779507,0.05013677233009522,0.026943939599780215,0.2945782521226042,0.054689615678844984,0.07293510567526015,0.023773564542028603,0.08404369039675794,0.05026678771580155,0.05026678771580155,-0.00756633927522319,-0.00756633927522319,0.012813663102023438,0.012813663102023438,-0.023086036046800706,-0.023086036046800706,-0.652006109228687,-0.652006109228687,-0.7529385146161717,-0.7529385146161717,0.4676610898987221,0.4676610898987221,0.23262420714826385,0.23262420714826385,0.24817318763918142,0.24817318763918142,-1.326639680922909,-1.326639680922909,0.6615464509021118,0.6615464509021118,,
serum_liver,SER-CCA-33,CCA,serum,Ag colloid SERS,biological_range,0.006878167620850764,0.02753417481107641,0.004852761311379045,0.00941470954071164,0.08620082440182908,0.04132468563700044,0.2849231735716858,0.0646002638243347,0.067988219358444,0.03964111278269603,0.07751311333739884,0.0495660962530127,0.0495660962530127,0.41906327045521924,0.41906327045521924,0.01666371491255,0.01666371491255,0.2725106581498838,0.2725106581498838,0.6157168765610558,0.6157168765610558,-0.06777140410419663,-0.06777140410419663,0.30794480324528606,0.30794480324528606,0.7281566144227497,0.7281566144227497,0.10765013696406002,0.10765013696406002,-0.5584019689156666,-0.5584019689156666,0.335017597934157,0.335017597934157,,
serum_liver,SER-CCA-34,CCA,serum,Ag colloid SERS,biological_range,0.006793295546741245,0.016035888583117427,0.004811285061247919,0.003634297355240903,0.053043844775395275,0.02138795973844113,0.30245333347460013,0.05305059494845549,0.06758681124206162,0.034627839630977444,0.07985859655399825,0.04532249254753672,0.04532249254753672,-0.15585104094272983,-0.15585104094272983,0.014589902405993732,0.014589902405993732,-0.01650995112365309,-0.01650995112365309,-0.5498167447908684,-0.5498167447908684,-1.01765180958736,-1.01765180958736,0.5979322983618444,0.5979322983618444,0.150673170628789,0.150673170628789,0.0962475921172016,0.0962475921172016,-0.8011228629900764,-0.8011228629900764,0.4522917587641277,0.4522917587641277,,
serum_liver,SER-CCA-35,CCA,serum,Ag colloid SERS,biological_range,0.007320188120793875,0.01829526609423574,0.006437974103620578,0.005439427882055828,0.0521555468637544,0.015793309708033554,0.29786749336273033,0.04540867305107753,0.036034771837738455,0.06389933629296587,0.09600715910319983,0.07166712125016823,0.07166712125016823,-0.0428821653868143,-0.0428821653868143,0.09592435452462668,0.09592435452462668,0.07374657521709316,0.07374657521709316,-0.5810421788762076,-0.5810421788762076,-1.2842075352596463,-1.2842075352596463,0.5220723920968091,0.5220723920968091,-0.23142292424010896,-0.23142292424010896,-0.8000311068788052,-0.8000311068788052,0.6160757666633567,0.6160757666633567,1.2597198862242067,1.2597198862242067,,
serum_liver,SER-CCA-36,CCA,serum,Ag colloid SERS,biological_range,0.01009951898822386,0.026907281159784063,0.009775210439002084,0.00670424039665667,0.049497131330882654,0.023138018040946097,0.2705612044963438,0.06736631812988063,0.03360742459349015,0.055612763918844406,0.10491046165591293,0.2106336646216675,0.2106336646216675,0.38771858789060193,0.38771858789060193,0.26278617129370196,0.26278617129370196,0.1369872009471353,0.1369872009471353,-0.6744907594765952,-0.6744907594765952,-0.9342707118855191,-0.9342707118855191,0.07036616961242866,0.07036616961242866,0.866459329700046,0.866459329700046,-0.8689832149250547,-0.8689832149250547,0.2148759527713949,0.2148759527713949,1.7048850138598615,1.7048850138598615,,
serum_liver,SER-CCA-37,CCA,serum,Ag colloid SERS,biological_range,0.007145408061820727,0.015486361108152416,0.00498193206436265,0.0035728746459792794,0.03030594923582047,0.02154817709301842,0.23284955012813036,0.04691226630971293,0.09386267723929927,0.03239612729787643,0.1453247345337465,0.06292811830151085,0.06292811830151085,-0.18332741469098038,-0.18332741469098038,0.023122252561730283,0.023122252561730283,-0.01958108658673427,-0.01958108658673427,-1.34909888775887,-1.34909888775887,-1.0100182931059845,-1.0100182931059845,-0.5534677399186283,-0.5534677399186283,-0.15624326130833885,-0.15624326130833885,0.8426493916715834,0.8426493916715834,-0.9091726732465696,-0.9091726732465696,3.72559865775154,3.72559865775154,,
serum_liver,SER-CCA-38,CCA,serum,Ag colloid SERS,biological_range,0.007066432192544149,0.01632827110851404,0.00485366049186308,0.0034951389459505567,0.03607119545810251,0.029880216656614427,0.2281310719011574,0.05347976525010462,0.08528464311354145,0.02167568123387905,0.11881363328636389,0.058979324837681944,0.058979324837681944,-0.14123191467289922,-0.14123191467289922,0.01670867393675176,0.01670867393675176,-0.023467871588170406,-0.023467871588170406,-1.1464390440955223,-1.1464390440955223,-0.6130403159075191,-0.6130403159075191,-0.631521773046668,-0.631521773046668,0.1721316857112458,0.1721316857112458,0.5989786365848571,0.5989786365848571,-1.42821007152556,-1.42821007152556,2.4000435953824097,2.4000435953824097,,
serum_liver,SER-CCA-4,CCA,serum,Ag colloid SERS,biological_range,0.008763007991859568,0.00892692801660387,0.006906841007947174,0.013652607073116597,0.03739893812597693,0.025720030396084212,0.16293478796845376,0.037415124564311175,0.13906397037524948,0.05665166932515277,0.02290385541195534,0.1438081148034529,0.1438081148034529,-0.5112990692684077,-0.5112990692684077,0.11936769974095644,0.11936769974095644,0.48440553477013154,0.48440553477013154,-1.0997662549166973,-1.0997662549166973,-0.8112513678196831,-0.8112513678196831,-1.710012053412539,-1.710012053412539,-0.6311003485784266,-0.6311003485784266,2.1266537530275604,2.1266537530275604,0.26517523658190495,0.26517523658190495,-2.395445298338018,-2.395445298338018,,
serum_liver,SER-CCA-40,CCA,serum,Ag colloid SERS,biological_range,0.007071482978360366,0.02371810795680488,0.004757201330268232,0.0038406284010256138,0.07318286827131112,0.03817330866760512,0.30208335234002737,0.06476866501875093,0.06533690705267894,0.02547737586425043,0.08139474758994762,0.0592318641284928,0.0592318641284928,0.2282599277416428,0.2282599277416428,0.011885715857009368,0.011885715857009368,-0.006193398834417551,-0.006193398834417551,0.1581098893641043,0.1581098893641043,-0.2179179852805894,-0.2179179852805894,0.5918119946652819,0.5918119946652819,0.7365766741435613,0.7365766741435613,0.03233599597963886,0.03233599597963886,-1.2441485429082138,-1.2441485429082138,0.5290993105615961,0.5290993105615961,,
serum_liver,SER-CCA-41,CCA,serum,Ag colloid SERS,biological_range,0.008287303829357513,0.024268615998983046,0.006379936505692226,0.0033021866238923158,0.06463854733838213,0.024906611695434542,0.2801105237643516,0.060168760210098406,0.08349279920257184,0.052481890886890044,0.08645808463150668,0.12002290667835011,0.12002290667835011,0.2557853298505511,0.2557853298505511,0.09302247462820906,0.09302247462820906,-0.03311548769108245,-0.03311548769108245,-0.14223994440092266,-0.14223994440092266,-0.8500065018939561,-0.8500065018939561,0.22833296454950694,0.22833296454950694,0.5065814337109349,0.5065814337109349,0.5480788671991829,0.5480788671991829,0.06329268999048869,0.06329268999048869,0.7822661626395493,0.7822661626395493,,
serum_liver,SER-CCA-42,CCA,serum,Ag colloid SERS,biological_range,0.004939142297331723,0.026920381279478996,0.003860657092284608,0.003779876180435287,0.0381088962784932,0.026991303468699716,0.32234818106292434,0.038841179194848766,0.0663752884829293,0.03922544111605148,0.04572782474947956,-0.047385169922939355,-0.047385169922939355,0.38837359387534853,0.38837359387534853,-0.032941496042171836,-0.032941496042171836,-0.009231009863933885,-0.009231009863933885,-1.0748098172123743,-1.0748098172123743,-0.7506818747223686,-0.7506818747223686,0.9270369414349925,0.9270369414349925,-0.5597976170515471,-0.5597976170515471,0.06183263628996002,0.06183263628996002,-0.5785269841534219,-0.5785269841534219,-1.254246831461807,-1.254246831461807,,
serum_liver,SER-CCA-43,CCA,serum,Ag colloid SERS,biological_range,0.008087748814738454,0.02091859413378335,0.005218616175156699,0.003236168882087619,0.08959712742877377,0.05160912389490177,0.25414871868373423,0.05650726229900976,0.08506614784099252,0.015976883797424193,0.07009978206655479,0.11004515594739721,0.11004515594739721,0.08828423659056633,0.08828423659056633,0.034956458101432705,0.034956458101432705,-0.0364163747813173,-0.0364163747813173,0.7351036666366962,0.7351036666366962,0.4222281290331784,0.4222281290331784,-0.20113253181376073,-0.20113253181376073,0.3235065381565025,0.3235065381565025,0.5927719804601155,0.5927719804601155,-1.7041210715976585,-1.7041210715976585,-0.035648965608045535,-0.035648965608045535,,
serum_liver,SER-CCA-44,CCA,serum,Ag colloid SERS,biological_range,0.006850717242483238,0.01609889784809327,0.004996703061724168,0.009710093049323533,0.05821864972884016,0.018792340436448264,0.30203765953443057,0.04692847870736104,0.06401633442651572,0.05189046003612348,0.07956848839508408,0.04819357733463637,0.04819357733463637,-0.15270057769393772,-0.15270057769393772,0.023860802429806177,0.023860802429806177,0.28727983358047837,0.28727983358047837,-0.3679120832344805,-0.3679120832344805,-1.1413194532918398,-1.1413194532918398,0.5910561349176672,0.5910561349176672,-0.15543264142593333,-0.15543264142593333,-0.0051766700049612185,-0.0051766700049612185,0.03465817905584341,0.03465817905584341,0.43778635081841916,0.43778635081841916,,
serum_liver,SER-CCA-45,CCA,serum,Ag colloid SERS,biological_range,0.0069943911526832315,0.015164787574961031,0.00819224169875559,0.009118692299331673,0.028948352947641417,0.00805867605798566,0.1536098894606532,0.028819346838439536,0.059382891303844894,0.03857364783153318,0.05027332271773631,0.05537727284463606,0.05537727284463606,-0.19940609135054965,-0.19940609135054965,0.18363773428137722,0.18363773428137722,0.2577097960808854,0.2577097960808854,-1.3968210909246188,-1.3968210909246188,-1.652722254534697,-1.652722254534697,-1.8642664341751276,-1.8642664341751276,-1.0608892348720085,-1.0608892348720085,-0.13679593938538648,-0.13679593938538648,-0.6100839817440569,-0.6100839817440569,-1.0269719330489695,-1.0269719330489695,,
serum_liver,SER-CCA-46,CCA,serum,Ag colloid SERS,biological_range,0.007583623266502148,0.01935369323035346,0.005934474278324073,0.006678099744988534,0.06200372865547859,0.02927125674636307,0.2915697597621814,0.06798658807778132,0.06652607796461897,0.0488427938634002,0.10267570564327595,0.08483887853558188,0.08483887853558188,0.010039191419071794,0.010039191419071794,0.07074936325980144,0.07074936325980144,0.13568016836372848,0.13568016836372848,-0.23485904890590595,-0.23485904890590595,-0.6420540611641736,-0.6420540611641736,0.4178939931632688,0.4178939931632688,0.8974728270950808,0.8974728270950808,0.06611601711169493,0.06611601711169493,-0.1128965692885875,-0.1128965692885875,1.5931472132280127,1.5931472132280127,,
serum_liver,SER-CCA-47,CCA,serum,Ag colloid SERS,biological_range,0.007327565811237674,0.016775883680486284,0.005457410541747001,0.008487125018696997,0.05791692600009954,0.03114006132114553,0.3183221319478011,0.047308357329997976,0.07945557007955473,0.06934374286200076,0.07558821204000338,0.07203600577235818,0.07203600577235818,-0.11885128607428702,-0.11885128607428702,0.0468961764309478,0.0468961764309478,0.2261314320491516,0.2261314320491516,-0.3785182709563108,-0.3785182709563108,-0.5530153265045659,-0.5530153265045659,0.8604372124777727,0.8604372124777727,-0.13643871029408658,-0.13643871029408658,0.4333958693885635,0.4333958693885635,0.8796702667331818,0.8796702667331818,0.2387725330643839,0.2387725330643839,,
serum_liver,SER-CCA-48,CCA,serum,Ag colloid SERS,biological_range,0.007160612311635969,0.01609364975000385,0.005661967552821399,0.010917513005956005,0.05511245314858702,0.02729256871245193,0.31536336956591443,0.05664673999295641,0.06166643380739084,0.044429874273518494,0.10372888161471351,0.06368833079227294,0.06368833079227294,-0.15296298259840876,-0.15296298259840876,0.05712402698466773,0.05712402698466773,0.347650831412102,0.347650831412102,-0.4771010561024169,-0.4771010561024169,-0.7363281662273334,-0.7363281662273334,0.8114927592314687,0.8114927592314687,0.3304804228538353,0.3304804228538353,-0.07192880106976259,-0.07192880106976259,-0.3265509535439879,-0.3265509535439879,1.6458060117998905,1.6458060117998905,,
serum_liver,SER-CCA-49,CCA,serum,Ag colloid SERS,biological_range,0.007895216041378734,0.022381483981407255,0.006284412444297915,0.004019873313432267,0.052142822173072825,0.026354237141461616,0.31120874073623556,0.06444839932670322,0.08167505567574225,0.03482318682136103,0.08266484733198355,0.10041851727941117,0.10041851727941117,0.16142872897176153,0.16142872897176153,0.08824627155849352,0.08824627155849352,0.0027688467859151265,0.0027688467859151265,-0.5814894770009998,-0.5814894770009998,-0.7810347433084951,-0.7810347433084951,0.7427660383042214,0.7427660383042214,0.7205633895411758,0.7205633895411758,0.4964433839121022,0.4964433839121022,-0.7916650011760691,-0.7916650011760691,0.5926042976633926,0.5926042976633926,,
serum_liver,SER-CCA-5,CCA,serum,Ag colloid SERS,biological_range,0.006504548172543706,0.01706482869265837,0.005292559407964077,0.003435475621147713,0.043718325065064255,0.023530690900699144,0.3104013395464572,0.05217327654173556,0.04070698539220875,0.04954189649423717,0.08651566071152801,0.030885123837659772,0.030885123837659772,-0.10440403546568278,-0.10440403546568278,0.03865361974180162,0.03865361974180162,-0.02645103782831259,-0.02645103782831259,-0.8776272655750228,-0.8776272655750228,-0.9155619099918536,-0.9155619099918536,0.7294098424751676,0.7294098424751676,0.10680725029279248,0.10680725029279248,-0.6673105105214625,-0.6673105105214625,-0.07904905879569715,-0.07904905879569715,0.7851449666406156,0.7851449666406156,,
serum_liver,SER-CCA-50,CCA,serum,Ag colloid SERS,biological_range,0.007214706133455813,0.02568233680114809,0.0052662748400299,0.0034877598767703356,0.09963237848636962,0.02637397842073371,0.2763141230229613,0.060645281411427235,0.06039547112653973,0.019960198532800663,0.10055756699337658,0.06639302188326512,0.06639302188326512,0.3264713699588032,0.3264713699588032,0.03733939134509278,0.03733939134509278,-0.02383682504718146,-0.02383682504718146,1.0878626524705766,1.0878626524705766,-0.7800941749094938,-0.7800941749094938,0.16553212602028264,0.16553212602028264,0.5304074937773764,0.5304074937773764,-0.10803222891695367,-0.10803222891695367,-1.5112662869707907,-1.5112662869707907,1.4872402807330438,1.4872402807330438,,
serum_liver,SER-CCA-51,CCA,serum,Ag colloid SERS,biological_range,0.008380340241608907,0.021046922978400894,0.006775153676530422,0.017994021329978696,0.05533107709052138,0.030894199912629143,0.29168964406583164,0.0494787794894702,0.05401160552713179,0.06804590845774347,0.10628242908418092,0.12467472729091982,0.12467472729091982,0.09470067882144349,0.09470067882144349,0.11278333317011886,0.11278333317011886,0.7014762476132365,0.7014762476132365,-0.4694159907669169,-0.4694159907669169,-0.5647293328866813,-0.5647293328866813,0.419877143865365,0.419877143865365,-0.027917602320475313,-0.027917602320475313,-0.2893746353675092,-0.2893746353675092,0.8168347663667455,0.8168347663667455,1.7734833852732612,1.7734833852732612,,
serum_liver,SER-CCA-52,CCA,serum,Ag colloid SERS,biological_range,0.008817799155998781,0.021762626571917285,0.008119047869324757,0.00851950271396125,0.050918627693965095,0.03312266958098968,0.27846251495444607,0.052877955117673014,0.038598668063968965,0.07669371071427945,0.11733096311271986,0.14654767301041355,0.14654767301041355,0.13048585849726302,0.13048585849726302,0.17997804280983562,0.17997804280983562,0.22775031681236424,0.22775031681236424,-0.6245223418924672,-0.6245223418924672,-0.4585544432403224,-0.4585544432403224,0.20107126532022215,0.20107126532022215,0.14204117908966535,0.14204117908966535,-0.7272001388212604,-0.7272001388212604,1.2355237609541554,1.2355237609541554,2.325910086700208,2.325910086700208,,
serum_liver,SER-CCA-53,CCA,serum,Ag colloid SERS,biological_range,0.00857987930445185,0.021102777158357337,0.007506141030855229,0.00981280850380284,0.04949159404599966,0.03263669830751165,0.29166195630909514,0.05642908074316231,0.0393536536979921,0.06872959115741527,0.10411762956902625,0.13465168043306697,0.13465168043306697,0.09749338781926564,0.09749338781926564,0.14933270088635922,0.14933270088635922,0.2924156063044438,0.2924156063044438,-0.6746854060268794,-0.6746854060268794,-0.48170842512547446,-0.48170842512547446,0.4194191273232523,0.4194191273232523,0.31959746036413006,0.31959746036413006,-0.705753742499563,-0.705753742499563,0.8499357108207013,0.8499357108207013,1.6652434095155273,1.6652434095155273,,
serum_liver,SER-CCA-55,CCA,serum,Ag colloid SERS,biological_range,0.03854756071122406,0.016505378672108252,0.06887293433762937,0.006888926700624271,0.04004946605397355,0.04910716631556273,0.0750516300475859,0.025159840609863007,0.01986627214984272,0.0315381087720704,0.03356632810256323,1.6330357507716775,1.6330357507716775,-0.13237653649318862,-0.13237653649318862,3.217672366225066,3.217672366225066,0.14622151614551532,0.14622151614551532,-1.0065949392776385,-1.0065949392776385,0.3030229750848072,0.3030229750848072,-3.1637932493369734,-3.1637932493369734,-1.243864546300835,-1.243864546300835,-1.2593193854995195,-1.2593193854995195,-0.9507142005907664,-0.9507142005907664,-1.8623216638076234,-1.8623216638076234,,
serum_liver,SER-CCA-57,CCA,serum,Ag colloid SERS,biological_range,0.004872579420290821,0.010122467203002465,0.010732971718263484,0.0028433862934789285,0.005116614097743408,0.02511503957230938,0.004108477213013217,0.012254906087942314,0.02322268811963354,0.02092757712801129,0.007470196133653102,-0.05071331377498444,-0.05071331377498444,-0.45152210994847797,-0.45152210994847797,0.31067423525677196,0.31067423525677196,-0.056055504211751817,-0.056055504211751817,-2.2345539965687298,-2.2345539965687298,-0.8400760069266671,-0.8400760069266671,-4.337349411979206,-4.0,-1.8891112723968695,-1.8891112723968695,-1.1639758135628873,-1.1639758135628873,-1.4644300204375225,-1.4644300204375225,-3.16712826225313,-3.16712826225313,,
serum_liver,SER-CCA-58,CCA,serum,Ag colloid SERS,biological_range,0.007630449664261729,0.04086072703428669,0.004519690232231242,0.0037828196298771224,0.046308340565747605,0.04614545328009685,0.20491728254163438,0.027848474842941416,0.10246193450881627,0.014357905533953157,0.0708127613787157,0.08718019842356094,0.08718019842356094,1.0853908816157334,1.0853908816157334,1.0160955159861304e-05,1.0160955159861304e-05,-0.009083837391842117,-0.009083837391842117,-0.7865830818200453,-0.7865830818200453,0.16191288542578275,0.16191288542578275,-1.0155290305852807,-1.0155290305852807,-1.1094328346469144,-1.1094328346469144,1.086923019093544,1.086923019093544,-1.7825049616639748,-1.7825049616639748,0.0,0.0,,
serum_liver,SER-CCA-59,CCA,serum,Ag colloid SERS,biological_range,0.01064355048903357,0.03427072821200184,0.009449874323933488,0.009682736747573766,0.06425099998797792,0.0259992260714383,0.262179398810189,0.05588007185058009,0.024741788884451853,0.060229445382190314,0.10366546580874882,0.237835239662153,0.237835239662153,0.7558909405014907,0.7558909405014907,0.24651936554027218,0.24651936554027218,0.28591201849299,0.28591201849299,-0.1558630027087382,-0.1558630027087382,-0.7979491584868231,-0.7979491584868231,-0.06828737655845807,-0.06828737655845807,0.29214701573501906,0.29214701573501906,-1.1208236851160445,-1.1208236851160445,0.4383956012182254,0.4383956012182254,1.6426352215016558,1.6426352215016558,,
serum_liver,SER-CCA-6,CCA,serum,Ag colloid SERS,biological_range,0.010338675470508702,0.03554203300756567,0.009575258634488756,0.031686777196796176,0.04885086045538705,0.028919068489006335,0.2466622129550643,0.02279577459053948,0.018487938852536807,0.09989578566460883,0.050820070565225035,0.22259148873590956,0.22259148873590956,0.8194561802796824,0.8194561802796824,0.2527885810680356,0.2527885810680356,1.3861140409541104,1.3861140409541104,-0.6972084630303337,-0.6972084630303337,-0.6588339841267801,-0.6588339841267801,-0.3249758427393979,-0.3249758427393979,-1.3620678472670114,-1.3620678472670114,-1.298472822101876,-1.298472822101876,2.358867374177154,2.358867374177154,-0.9996345406745332,-0.9996345406745332,,
serum_liver,SER-CCA-60,CCA,serum,Ag colloid SERS,biological_range,0.007395622099740906,0.029685274557701494,0.004491457873716275,0.0038337974870994032,0.026249052380003926,0.01100472323064912,0.2829677040811515,0.07135215724955515,0.0383423785905102,0.05757595093915261,0.09682746515029973,0.07543882019751978,0.07543882019751978,0.5266182577864734,0.5266182577864734,-0.0014014569705885025,-0.0014014569705885025,-0.006534944530728077,-0.006534944530728077,-1.4917068616179072,-1.4917068616179072,-1.5123585610586123,-1.5123585610586123,0.2755970264721483,0.2755970264721483,1.0657512856837723,1.0657512856837723,-0.7344803907534547,-0.7344803907534547,0.3099249346209344,0.3099249346209344,1.3007351885792016,1.3007351885792016,,
serum_liver,SER-CCA-61,CCA,serum,Ag colloid SERS,biological_range,0.005646226462616139,0.008263496388141394,0.00401619000688423,0.014940192754028562,0.04614377787700561,0.02984287782314804,0.24301177054503312,0.0572245128672551,0.04733713911415288,0.07234989560965416,0.07318562729602024,-0.012030961658718569,-0.012030961658718569,-0.5444706506915314,-0.5444706506915314,-0.025164850312190713,-0.025164850312190713,0.5487848188157298,0.5487848188157298,-0.7923677868417282,-0.7923677868417282,-0.6148193154510642,-0.6148193154510642,-0.3853622086604644,-0.3853622086604644,0.3593690665687696,0.3593690665687696,-0.47897195414803834,-0.47897195414803834,1.0252151154882398,1.0252151154882398,0.11864329586522698,0.11864329586522698,,
serum_liver,SER-CCA-62,CCA,serum,Ag colloid SERS,biological_range,0.007006714350697966,0.021256373745694175,0.0042941646791565015,0.004024791855230008,0.05652332148743878,0.031732747171794834,0.3331064334259293,0.06741719646383276,0.058845882878244146,0.04359116042451014,0.07912676593587846,0.055993432745372794,0.055993432745372794,0.10517321718610753,0.10517321718610753,-0.011266116698577158,-0.011266116698577158,0.003014773875802167,0.003014773875802167,-0.42750623465729104,-0.42750623465729104,-0.52477695481789,-0.52477695481789,1.105002155206999,1.105002155206999,0.8690032463976527,0.8690032463976527,-0.15205039590021271,-0.15205039590021271,-0.36715783235211963,-0.36715783235211963,0.415700227858138,0.415700227858138,,
serum_liver,SER-CCA-63,CCA,serum,Ag colloid SERS,biological_range,0.0054816144011206125,0.02242927862398631,0.004149442345197686,0.004061110231996454,0.05063658152377205,0.021874122088267646,0.31637836641395234,0.056448964493658056,0.05991651266924361,0.043812312185957505,0.06934222698789207,-0.020261564733494882,-0.020261564733494882,0.16381846110071432,0.16381846110071432,-0.018502233396517926,-0.018502233396517926,0.004830692714124455,0.004830692714124455,-0.6344368243886793,-0.6344368243886793,-0.9944887239165463,-0.9944887239165463,0.8282830449529801,0.8282830449529801,0.3205916478889174,0.3205916478889174,-0.12163769693369562,-0.12163769693369562,-0.3564506253757285,-0.3564506253757285,-0.07352671954118165,-0.07352671954118165,,
serum_liver,SER-CCA-64,CCA,serum,Ag colloid SERS,biological_range,0.007514792641353323,0.029208430207930017,0.005554115239673445,0.030379349273018042,0.11034979825521393,0.035307327338385604,0.2922434385707869,0.06310535403400451,0.05365092896768078,0.0459664439968529,0.09259279817319083,0.08139734727814064,0.08139734727814064,0.5027760402978997,0.5027760402978997,0.05173141132727003,0.05173141132727003,1.3207426447652038,1.3207426447652038,1.4646012220105833,1.4646012220105833,-0.3544669613239895,-0.3544669613239895,0.4290381259779461,0.4290381259779461,0.6534111249062401,0.6534111249062401,-0.29962014480417676,-0.29962014480417676,-0.2521569267737643,-0.2521569267737643,1.0890018397237564,1.0890018397237564,,
serum_liver,SER-CCA-65,CCA,serum,Ag colloid SERS,biological_range,0.007322981897981783,0.02006253112037036,0.005950214451712219,0.005760578615429887,0.06580977817209972,0.024322037807935376,0.3097245826854085,0.06564756855222025,0.05525790782349717,0.03472751455776845,0.09122166752041926,0.07180681010956363,0.07180681010956363,0.045481085919916835,0.045481085919916835,0.07153637192920874,0.07153637192920874,0.08980411188579612,0.08980411188579612,-0.10106885673123674,-0.10106885673123674,-0.8778583810900634,-0.8778583810900634,0.7182147918866193,0.7182147918866193,0.7805218508170269,0.7805218508170269,-0.2539717193649053,-0.2539717193649053,-0.7962970363065212,-0.7962970363065212,1.0204453070851778,1.0204453070851778,,
serum_liver,SER-CCA-66,CCA,serum,Ag colloid SERS,biological_range,0.007159806991376662,0.017271668774049655,0.005354383787797049,0.003534574383478038,0.04260683230778107,0.037113485733413346,0.284862437677727,0.058513900110989794,0.06018776435717904,0.05136789181436041,0.12264543267569142,0.06364806477930757,0.06364806477930757,-0.09406203139611848,-0.09406203139611848,0.04174483873345021,0.04174483873345021,-0.021496099711796342,-0.021496099711796342,-0.9166984413304257,-0.9166984413304257,-0.26841298850191503,-0.26841298850191503,0.3069400976493125,0.3069400976493125,0.42383842875550437,0.42383842875550437,-0.11393242289901855,-0.11393242289901855,0.009357697282229101,0.009357697282229101,2.591633564848786,2.591633564848786,,
serum_liver,SER-CCA-68,CCA,serum,Ag colloid SERS,biological_range,0.009245424208689347,0.022392506307160987,0.008161760820337913,0.004336680454876108,0.04601489679284288,0.03924942499522494,0.2759064583387521,0.061521950750451616,0.03995955198548316,0.062170259623689196,0.10765095036337245,0.16792892564494186,0.16792892564494186,0.16197984525944814,0.16197984525944814,0.1821136903604934,0.1821136903604934,0.01860920385810716,0.01860920385810716,-0.7968982126658039,-0.7968982126658039,-0.1666466873338972,-0.1666466873338972,0.15878845332841743,0.15878845332841743,0.5742409607285954,0.5742409607285954,-0.6885423755296678,-0.6885423755296678,0.532361390368866,0.532361390368866,1.8419094492328376,1.8419094492328376,,
serum_liver,SER-CCA-69,CCA,serum,Ag colloid SERS,biological_range,0.007830242604891674,0.018291904468250565,0.0057068261539504435,0.0035046632074625574,0.03678015838527444,0.030845743498001392,0.24957794316616236,0.06449482543305345,0.1038311961134995,0.03608280921285401,0.05540900528030192,0.0971698454550582,0.0971698454550582,-0.04305024668607299,-0.04305024668607299,0.05936695704111994,0.05936695704111994,-0.022991658512570366,-0.022991658512570366,-1.121517590536701,-1.121517590536701,-0.5670380268522333,-0.5670380268522333,-0.2767432364748404,-0.2767432364748404,0.7228846948586869,0.7228846948586869,1.1258187618981286,1.1258187618981286,-0.730679560365904,-0.730679560365904,-0.7701878049206891,-0.7701878049206891,,
serum_liver,SER-CCA-7,CCA,serum,Ag colloid SERS,biological_range,0.006044808299890865,0.016260659871103533,0.005317185007968291,0.0135435714103686,0.04152417361768537,0.02039280816437198,0.28914653190106526,0.0422119032504543,0.023878813852006308,0.045656217040250295,0.0806576482992466,0.00789813020501775,0.00789813020501775,-0.14461247654342455,-0.14461247654342455,0.03988489974201233,0.03988489974201233,0.47895375163273174,0.47895375163273174,-0.9547560424138898,-0.9547560424138898,-1.0650655617502625,-1.0650655617502625,0.37780846163169934,0.37780846163169934,-0.3912614142712704,-0.3912614142712704,-1.1453376675383773,-1.1453376675383773,-0.26717676750331937,-0.26717676750331937,0.49224434602654493,0.49224434602654493,,
serum_liver,SER-CCA-70,CCA,serum,Ag colloid SERS,biological_range,0.005666304218977158,0.012393282038610235,0.003931370738808212,0.021074453501843685,0.05758509339254503,0.023202150064406474,0.33379801913061,0.04666332910185504,0.05269908607426048,0.04753455011458655,0.07848308828801093,-0.011027073840667607,-0.011027073840667607,-0.33798136816808944,-0.33798136816808944,-0.029405813715991647,-0.029405813715991647,0.8554978562064859,0.8554978562064859,-0.3901828455081292,-0.3901828455081292,-0.9312151573898132,-0.9312151573898132,1.1164425075637072,1.1164425075637072,-0.16869012170123326,-0.16869012170123326,-0.32665853998463074,-0.32665853998463074,-0.17623604487061365,-0.17623604487061365,0.3835163454647614,0.3835163454647614,,
serum_liver,SER-CCA-71,CCA,serum,Ag colloid SERS,biological_range,0.0032977579967332707,0.03778756619444685,0.0054975950790298826,0.002507120911344941,0.056710699594437516,0.03556646544082768,0.008364706249424111,0.047354641198678576,0.09304964901790008,0.020242555487798148,0.03900817240834029,-0.12945438495286196,-0.12945438495286196,0.9317328396237412,0.9317328396237412,0.048905403295091895,0.048905403295091895,-0.07286877331845118,-0.07286877331845118,-0.4209195224153172,-0.4209195224153172,-0.34212039012286755,-0.34212039012286755,-4.266941999625486,-4.0,-0.13412451686005653,-0.13412451686005653,0.8195542165171414,0.8195542165171414,-1.4975957905723203,-1.4975957905723203,-1.5902294485187702,-1.5902294485187702,,
serum_liver,SER-CCA-8,CCA,serum,Ag colloid SERS,biological_range,0.005841222724475992,0.01604743525179995,0.00526217811327876,0.006555912160819557,0.028016283720496516,0.01017944938567836,0.271683317958168,0.03580478681141175,0.022290234182286955,0.0599319658038745,0.04435046518218375,-0.002281148565725895,-0.002281148565725895,-0.15527370750860364,-0.15527370750860364,0.037134555007535756,0.037134555007535756,0.12957078915527961,0.12957078915527961,-1.4295851735975416,-1.4295851735975416,-1.5516785305703626,-1.5516785305703626,0.08892840029561142,0.08892840029561142,-0.7116172362233979,-0.7116172362233979,-1.190463439010141,-1.190463439010141,0.4239929331344126,0.4239929331344126,-1.3231148098265972,-1.3231148098265972,,
serum_liver,SER-CCA-9,CCA,serum,Ag colloid SERS,biological_range,0.007291118087767741,0.012496259883768327,0.08728866377667943,0.005896378873373034,0.012595881697907494,0.04282195152381821,0.1610967304821859,0.01453343083047385,0.0859063540281696,0.043019796787320985,0.018934336091321027,0.07021361959886155,0.07021361959886155,-0.3328324759101849,-0.3328324759101849,4.138458838177569,4.0,0.09659412478295347,0.09659412478295347,-1.9716429006458178,-1.9716429006458178,0.0035654610823456353,0.0035654610823456353,-1.7404175767662902,-1.7404175767662902,-1.775185035270293,-1.775185035270293,0.6166391827883518,0.6166391827883518,-0.39482077603445553,-0.39482077603445553,-2.5939212643697336,-2.5939212643697336,,
serum_liver,SER-NC-1,HA,serum,Ag colloid SERS,biological_range,0.005510201859025493,0.017155060427010132,0.0042176293639301045,0.007274695230806792,0.08509514782852202,0.06850439717677383,0.3024933515514599,0.05844049085859957,0.09049560595279546,0.02880914689165016,0.05126614539381369,-0.018832191838250845,-0.018832191838250845,-0.09989244874809462,-0.09989244874809462,-0.01509288245989701,-0.01509288245989701,0.1655099426546414,0.1655099426546414,0.5768501512124308,0.5768501512124308,1.22719927210804,1.22719927210804,0.5985942855845632,0.5985942855845632,0.42016796613599317,0.42016796613599317,0.7470031409356975,0.7470031409356975,-1.0828386724607095,-1.0828386724607095,-0.9773307992451005,-0.9773307992451005,,
serum_liver,SER-NC-10,HA,serum,Ag colloid SERS,biological_range,0.004005675572073803,0.012223038194602789,0.004549898691753935,0.0042476639552707154,0.0683864735687033,0.019201220495126167,0.16385370434385624,0.026544577940488142,0.05466151800771935,0.04362788630508575,0.048704358162597244,-0.09405850618583537,-0.09405850618583537,-0.34649356036846174,-0.34649356036846174,0.0015205839312945005,0.0015205839312945005,0.014158378877837533,0.014158378877837533,-0.010492901063371016,-0.010492901063371016,-1.1218384633887277,-1.1218384633887277,-1.6948111505456889,-1.6948111505456889,-1.1746276797695783,-1.1746276797695783,-0.2709129852314334,-0.2709129852314334,-0.36537972485643544,-0.36537972485643544,-1.1054201608059226,-1.1054201608059226,,
serum_liver,SER-NC-11,HA,serum,Ag colloid SERS,biological_range,0.005809277311919673,0.012137049020288972,0.006996144493269403,0.0029075672075663758,0.1975659037346316,0.02073872707660749,0.16041572646636193,0.039408373018045305,0.06950191990603302,0.03892091770669133,0.052583530787287704,-0.0038784191935418554,-0.0038784191935418554,-0.3507930190841526,-0.3507930190841526,0.12383287400706791,0.12383287400706791,-0.05284645850737945,-0.05284645850737945,4.530420376979566,4.0,-1.0485843401951072,-1.0485843401951072,-1.7516828846589054,-1.7516828846589054,-0.5314379258917201,-0.5314379258917201,0.15064886487756352,0.15064886487756352,-0.5932706839179449,-0.5932706839179449,-0.9114615295713998,-0.9114615295713998,,
serum_liver,SER-NC-12,HA,serum,Ag colloid SERS,biological_range,0.007049574009999789,0.015127045731876523,0.005169971506422781,0.01101502895631434,0.12222567249997936,0.06275685002892013,0.21937626891537762,0.05003713153587971,0.11908544336673706,0.06510586742513394,0.06090420389291343,0.05813641571046392,0.05813641571046392,-0.20129318350477504,-0.20129318350477504,0.03252422466473682,0.03252422466473682,0.35252662893001874,0.35252662893001874,1.8820617648938809,1.8820617648938809,0.95335880085336,0.95335880085336,-0.776345516934091,-0.776345516934091,0.0,0.0,1.5591364535723429,1.5591364535723429,0.6744907594765952,0.6744907594765952,-0.4954278742901136,-0.4954278742901136,,
serum_liver,SER-NC-13,HA,serum,Ag colloid SERS,biological_range,0.0067629916780252005,0.01594392011620747,0.003797440725354471,0.003585186624648585,0.06267014507369094,0.06323085091684591,0.30892488013028624,0.031209631985616153,0.08394549027053418,0.0489108966914743,0.06420802466719969,0.04380729911173452,0.04380729911173452,-0.16044946428822765,-0.16044946428822765,-0.03610231438867868,-0.03610231438867868,-0.018965487653268977,-0.018965487653268977,-0.21143318955446538,-0.21143318955446538,0.9759424566608992,0.9759424566608992,0.7049859484486507,0.7049859484486507,-0.9413749775131777,-0.9413749775131777,0.5609381742075533,0.5609381742075533,-0.10959932638581973,-0.10959932638581973,-0.33023683557580064,-0.33023683557580064,,
serum_liver,SER-NC-14,HA,serum,Ag colloid SERS,biological_range,0.005713359210317447,0.016847406262547993,0.004278202096538767,0.00352712696129696,0.0730776560947692,0.05260714761150359,0.31548441799843635,0.05000868657269443,0.09065939108963231,0.04854418744943007,0.07682726718101932,-0.008674324273653163,-0.008674324273653163,-0.11527515697120158,-0.11527515697120158,-0.012064245829463902,-0.012064245829463902,-0.02186847082085025,-0.02186847082085025,0.15441147260489302,0.15441147260489302,0.46977872372114854,0.46977872372114854,0.8134951671917624,0.8134951671917624,-0.001422248159263853,-0.001422248159263853,0.7516556810608502,0.7516556810608502,-0.12735379385659992,-0.12735379385659992,0.3007252901151808,0.3007252901151808,,
serum_liver,SER-NC-15,HA,serum,Ag colloid SERS,biological_range,0.005586358462192818,0.014749061704423763,0.003933530223645942,0.00380663615235501,0.07605026683632415,0.049981311445457165,0.34043221044446337,0.04439349418033083,0.07984369138708301,0.04077659008635914,0.07724988975386864,-0.015024361679884593,-0.015024361679884593,-0.22019238487741305,-0.22019238487741305,-0.02929783947410512,-0.02929783947410512,-0.007893011267947735,-0.007893011267947735,0.2589046381920271,0.2589046381920271,0.34467140495539395,0.34467140495539395,1.2261866588939256,1.2261866588939256,-0.28218186777744375,-0.28218186777744375,0.4444209843139847,0.4444209843139847,-0.5034270936185109,-0.5034270936185109,0.3218564187576468,0.3218564187576468,,
serum_liver,SER-NC-17,HA,serum,Ag colloid SERS,biological_range,0.0060197033332855185,0.017450818956764313,0.004245357542385128,0.003579624018649899,0.08082482519836313,0.06141727057330538,0.2944734563549356,0.04967543457375842,0.08928521294790671,0.06087509484823435,0.06536424190450056,0.006642881874750414,0.006642881874750414,-0.08510452226038553,-0.08510452226038553,-0.013706473537145828,-0.013706473537145828,-0.019243617953203295,-0.019243617953203295,0.4267398379225502,0.4267398379225502,0.8895348669260641,0.8895348669260641,0.4659275368488165,0.4659275368488165,-0.018084848106064352,-0.018084848106064352,0.7126202773181113,0.7126202773181113,0.4696551418245758,0.4696551418245758,-0.2724259737107569,-0.2724259737107569,,
serum_liver,SER-NC-18,HA,serum,Ag colloid SERS,biological_range,0.0057724903435474656,0.017783777535437428,0.004198924738456721,0.004248172363239174,0.08960894469420333,0.05244473514633082,0.28643211240132654,0.05293537249228078,0.09020303068920782,0.05443391923802227,0.07500068506607642,-0.005717767612152232,-0.005717767612152232,-0.06845659332672983,-0.06845659332672983,-0.01602811373356619,-0.01602811373356619,0.014183799276260445,0.014183799276260445,0.7355190669634383,0.7355190669634383,0.4620406217349554,0.4620406217349554,0.3329059783808814,0.3329059783808814,0.14491204782005362,0.14491204782005362,0.7386921416609308,0.7386921416609308,0.15780141758355606,0.15780141758355606,0.209396184368036,0.209396184368036,,
serum_liver,SER-NC-19,HA,serum,Ag colloid SERS,biological_range,0.005858814022092939,0.01708947327677503,0.0042682261811682306,0.003683939457565273,0.07845420533778281,0.061210001560071885,0.28984810202729094,0.053809402430002526,0.09539054753635724,0.06369161548060252,0.06467718234865552,-0.0014015836848785615,-0.0014015836848785615,-0.10317180625984967,-0.10317180625984967,-0.012563041597990704,-0.012563041597990704,-0.0140278460074346,-0.0140278460074346,0.34340784622484466,0.34340784622484466,0.8796595857321469,0.8796595857321469,0.38941397833431485,0.38941397833431485,0.18861354470614092,0.18861354470614092,0.886050630638537,0.886050630638537,0.6060188278593318,0.6060188278593318,-0.30677895150300893,-0.30677895150300893,,
serum_liver,SER-NC-2,HA,serum,Ag colloid SERS,biological_range,0.0061367502817859885,0.019605820812824575,0.005533576405325823,0.009287433512544135,0.11952285902072374,0.051454806432434094,0.25860575958232807,0.06404183279558717,0.07875876019571093,0.05184315305462741,0.07699410568980014,0.012495229299773914,0.012495229299773914,0.02264557054262751,0.02264557054262751,0.05070446960988893,0.05070446960988893,0.2661468567415085,0.2661468567415085,1.7870525083871711,1.7870525083871711,0.41487571146131813,0.41487571146131813,-0.12740324851153556,-0.12740324851153556,0.7002350629853732,0.7002350629853732,0.41360203457059913,0.41360203457059913,0.03236778064801855,0.03236778064801855,0.30906721555422206,0.30906721555422206,,
serum_liver,SER-NC-20,HA,serum,Ag colloid SERS,biological_range,0.0061741587087177155,0.020845548541451937,0.0045215263743775234,0.0037887669681406044,0.08290849063607203,0.06767388269328464,0.2657115248536834,0.0560185343472169,0.09254156052843215,0.07240766702359776,0.05751811480203675,0.014365650646360265,0.014365650646360265,0.08463195697399564,0.08463195697399564,0.00010196806247394011,0.00010196806247394011,-0.008786470478668018,-0.008786470478668018,0.4999848123038279,0.4999848123038279,1.1876296136620987,1.1876296136620987,-0.009858224202659095,-0.009858224202659095,0.29907014056685977,0.29907014056685977,0.8051212702191356,0.8051212702191356,1.0280121562278866,1.0280121562278866,-0.6647323288339474,-0.6647323288339474,,
serum_liver,SER-NC-21,HA,serum,Ag colloid SERS,biological_range,0.006326107102981406,0.016819442708406275,0.004485689156542061,0.014258063685583501,0.08323622024180158,0.0457796039218904,0.2978180894685526,0.04681775416971781,0.08530887933727069,0.062179172944599743,0.0828132661238102,0.02196307035954477,0.02196307035954477,-0.11667333467828746,-0.11667333467828746,-0.0016898928292991954,-0.0016898928292991954,0.5146783653934768,0.5146783653934768,0.5115051582006439,0.5115051582006439,0.14448208267075202,0.14448208267075202,0.5212551427618944,0.5212551427618944,-0.16096886830809473,-0.16096886830809473,0.5996670995648331,0.5996670995648331,0.5327929346225116,0.5327929346225116,0.6000252372547248,0.6000252372547248,,
serum_liver,SER-NC-22,HA,serum,Ag colloid SERS,biological_range,0.00617079169659041,0.018437090656113736,0.00442139573709882,0.0036878802498953086,0.08680711580326517,0.05346642285344892,0.30794353388713214,0.050748216877814105,0.08858236817157833,0.03937907033584094,0.0865838177327909,0.01419730003999497,0.01419730003999497,-0.03579093729291442,-0.03579093729291442,-0.004904563801461223,-0.004904563801461223,-0.01383080639093281,-0.01383080639093281,0.6370292222774602,0.6370292222774602,0.5107186814350506,0.5107186814350506,0.6887523179244367,0.6887523179244367,0.03555426709671988,0.03555426709671988,0.6926550131508311,0.6926550131508311,-0.5710889251339429,-0.5710889251339429,0.7885528177037603,0.7885528177037603,,
serum_liver,SER-NC-23,HA,serum,Ag colloid SERS,biological_range,0.006330633192288242,0.019152909401972024,0.004890807853469498,0.004354123100762046,0.09351767224281435,0.05320095535741006,0.2934729742833868,0.05770572628902822,0.0829807762137631,0.05494253076790632,0.08065095162371724,0.022189374824886598,0.022189374824886598,0.0,0.0,0.018566042017072657,0.018566042017072657,0.019481336152404057,0.019481336152404057,0.8729185956882632,0.8729185956882632,0.498070547831618,0.498070547831618,0.44937735753247005,0.44937735753247005,0.3834297376574255,0.3834297376574255,0.533534156082897,0.533534156082897,0.18242617700399358,0.18242617700399358,0.4919095122500772,0.4919095122500772,,
serum_liver,SER-NC-24,HA,serum,Ag colloid SERS,biological_range,0.006634379066356585,0.01974312195664909,0.0048217078504610615,0.004010610248469555,0.09870624923506023,0.054119301022470735,0.2636073970915934,0.057246838461906216,0.09645516245696718,0.05536557051198288,0.07737734352016541,0.03737666852830376,0.03737666852830376,0.02951062773385322,0.02951062773385322,0.015111041866650845,0.015111041866650845,0.0023056935377795216,0.0023056935377795216,1.0553073717339074,1.0553073717339074,0.5418249013368028,0.5418249013368028,-0.044665136547607925,-0.044665136547607925,0.36048534630132545,0.36048534630132545,0.9162924690106479,0.9162924690106479,0.2029079225231009,0.2029079225231009,0.3282291070724856,0.3282291070724856,,
serum_liver,SER-NC-25,HA,serum,Ag colloid SERS,biological_range,0.005702050613432202,0.014902828572461304,0.004044508272624467,0.009073647808865439,0.07759663787803134,0.04903016313983601,0.2854623418633447,0.04165538034850252,0.09132175511305168,0.06224036917322907,0.06504560660977773,-0.009239754117915415,-0.009239754117915415,-0.212504041475536,-0.212504041475536,-0.023748937025178888,-0.023748937025178888,0.2554575715575737,0.2554575715575737,0.31326264849637436,0.31326264849637436,0.29935417770278216,0.29935417770278216,0.3168638355422159,0.3168638355422159,-0.4190875593688595,-0.4190875593688595,0.7704710342481544,0.7704710342481544,0.5357557900020952,0.5357557900020952,-0.28835773844689827,-0.28835773844689827,,
serum_liver,SER-NC-26,HA,serum,Ag colloid SERS,biological_range,0.005822626686026601,0.01684658034787168,0.004294828415361109,0.0034102836189218253,0.08750728552782758,0.05490965296786315,0.2760641793704798,0.045807361865070235,0.09162504745358965,0.07549431550943453,0.06146171176316936,-0.0032109504881954604,-0.0032109504881954604,-0.11531645270501725,-0.11531645270501725,-0.011232929888346788,-0.011232929888346788,-0.027710637939606972,-0.027710637939606972,0.661641577317773,0.661641577317773,0.5794810255260812,0.5794810255260812,0.16139750693495664,0.16139750693495664,-0.2114884835404736,-0.2114884835404736,0.7790864667059239,0.7790864667059239,1.1774542587231185,1.1774542587231185,-0.4675524807773168,-0.4675524807773168,,
serum_liver,SER-NC-27,HA,serum,Ag colloid SERS,biological_range,0.005683549848410323,0.0183072620620191,0.004312754994875884,0.0032923839409273775,0.1186382423858842,0.05877407966019655,0.2674014841102672,0.05679946903460254,0.0758568033576637,0.05818984085567561,0.0607029559902661,-0.010164792369009345,-0.010164792369009345,-0.042282366997646245,-0.042282366997646245,-0.010336600912608023,-0.010336600912608023,-0.033605621839329365,-0.033605621839329365,1.7559564784855004,1.7559564784855004,0.7636006855018886,0.7636006855018886,0.01809742790661305,0.01809742790661305,0.3381168749361417,0.3381168749361417,0.33116799390471563,0.33116799390471563,0.33964681589338175,0.33964681589338175,-0.5054902694224799,-0.5054902694224799,,
serum_liver,SER-NC-28,HA,serum,Ag colloid SERS,biological_range,0.005603241055135379,0.01722384661688713,0.004277485080822012,0.0035137788478273838,0.08122664790360239,0.05407940805509421,0.2924075165229373,0.053504433937956106,0.0841064515492211,0.06123122521830767,0.06502493166825167,-0.014180232032756559,-0.014180232032756559,-0.09645313925424476,-0.09645313925424476,-0.012100096615301611,-0.012100096615301611,-0.02253587649432905,-0.02253587649432905,0.44086470327685884,0.44086470327685884,0.5399242107108522,0.5399242107108522,0.43175233706395216,0.43175233706395216,0.1733651201038199,0.1733651201038199,0.5655104987917601,0.5655104987917601,0.4868974262992637,0.4868974262992637,-0.28939148552320143,-0.28939148552320143,,
serum_liver,SER-NC-3,HA,serum,Ag colloid SERS,biological_range,0.0026616127795793918,0.007064594787862786,0.002153677581999762,0.0014873526305670555,0.26442093711970566,0.021563523730625454,0.15955664882364187,0.02784712712994332,0.05478990145212221,0.034810676610215585,0.02840943110435734,-0.1612616458105559,-0.1612616458105559,-0.604415730705462,-0.604415730705462,-0.11829047155641413,-0.11829047155641413,-0.12385718735734547,-0.12385718735734547,6.880507448987398,4.0,-1.009287106329021,-1.009287106329021,-1.7658939229553452,-1.7658939229553452,-1.1095002202968194,-1.1095002202968194,-0.26726607844840455,-0.26726607844840455,-0.7922706912197565,-0.7922706912197565,-2.1201665137179178,-2.1201665137179178,,
serum_liver,SER-NC-30,HA,serum,Ag colloid SERS,biological_range,0.005764997087073374,0.015095419422954873,0.004489481945854541,0.022862069641176055,0.06790176377819299,0.03828257033012135,0.265453264964319,0.05160247811921503,0.08193370006194713,0.06237521495240375,0.101488015965796,-0.006092430435856826,-0.006092430435856826,-0.20287449895085755,-0.20287449895085755,-0.0015002533636751612,-0.0015002533636751612,0.9448786631731044,0.9448786631731044,-0.027531411923021852,-0.027531411923021852,-0.21271224022381557,-0.21271224022381557,-0.01413041218158396,-0.01413041218158396,0.07826732916676599,0.07826732916676599,0.5037905303516621,0.5037905303516621,0.5422844364757508,0.5422844364757508,1.533762729354015,1.533762729354015,,
serum_liver,SER-NC-31,HA,serum,Ag colloid SERS,biological_range,0.003511680766216852,0.012248008886204422,0.00295795720400164,0.004221770894722275,0.07853786566490807,0.047100546418677766,0.24108216633747487,0.05989393258556377,0.06511699612251694,0.0362844716826413,0.07002896199252563,-0.1187582464786829,-0.1187582464786829,-0.3452450257883801,-0.3452450257883801,-0.07807649045632023,-0.07807649045632023,0.012863725850415517,0.012863725850415517,0.3463486727155679,0.3463486727155679,0.20741806327522017,0.20741806327522017,-0.41728211662566,-0.41728211662566,0.49284005248420304,0.49284005248420304,0.026089126170215422,0.026089126170215422,-0.7209159401747232,-0.7209159401747232,-0.039189969309503386,-0.039189969309503386,,
serum_liver,SER-NC-32,HA,serum,Ag colloid SERS,biological_range,0.003759776063047785,0.02935489434069417,0.0029697084874746316,0.004665079453437693,0.08003298058189828,0.053051394090846894,0.24227905889317983,0.05588576734894375,0.07130598920337021,0.03616786993380756,0.05305096984014221,-0.10635348163713625,-0.10635348163713625,0.5100992469361073,0.5100992469361073,-0.07748892628267065,-0.07748892628267065,0.035029153786186394,0.035029153786186394,0.3989049285377243,0.3989049285377243,0.49094473804467287,0.49094473804467287,-0.3974828748574868,-0.3974828748574868,0.29243179065320224,0.29243179065320224,0.20189591303174606,0.20189591303174606,-0.7265612900032806,-0.7265612900032806,-0.8880895769286745,-0.8880895769286745,,
serum_liver,SER-NC-33,HA,serum,Ag colloid SERS,biological_range,0.005359591357898186,0.017850952801379105,0.004124937619812769,0.005202932908794886,0.08584089414038625,0.05461082682176747,0.2534254689366715,0.06802848901993606,0.09408763950514311,0.07224430075206609,0.10206365248898021,-0.026362716894616195,-0.026362716894616195,-0.06509783002964595,-0.06509783002964595,-0.01972746966576377,-0.01972746966576377,0.061921826554046065,0.061921826554046065,0.603064613725898,0.603064613725898,0.5652435272394218,0.5652435272394218,-0.21309667724403356,-0.21309667724403356,0.8995678742028178,0.8995678742028178,0.8490397515583071,0.8490397515583071,1.0201026714885248,1.0201026714885248,1.5625445555132254,1.5625445555132254,,
serum_liver,SER-NC-34,HA,serum,Ag colloid SERS,biological_range,0.005520160565423111,0.017086271834983218,0.003950599917685306,0.004318086284390387,0.08605825081270964,0.060697704824904435,0.2740606678315448,0.06276692242172562,0.08543167861316747,0.05980126024330229,0.06588207575220476,-0.018334256518369972,-0.018334256518369972,-0.10333187834944031,-0.10333187834944031,-0.028444354772136922,-0.028444354772136922,0.017679495333821096,0.017679495333821096,0.6107051320201554,0.6107051320201554,0.8552513336949493,0.8552513336949493,0.12825500875864035,0.12825500875864035,0.6364895442922954,0.6364895442922954,0.6031553804276968,0.6031553804276968,0.4176647380485917,0.4176647380485917,-0.24653428132554722,-0.24653428132554722,,
serum_liver,SER-NC-35,HA,serum,Ag colloid SERS,biological_range,0.004990212439180411,0.015296850871705693,0.0034211915300183045,0.0035189851374061196,0.09454126670320197,0.0602000978501024,0.2842896801237142,0.058461209906330545,0.06854632731338266,0.03574604958834042,0.06839487364645687,-0.04483166283050497,-0.04483166283050497,-0.19280292651331657,-0.19280292651331657,-0.054914774155487005,-0.054914774155487005,-0.022275562015392263,-0.022275562015392263,0.9088999719068687,0.9088999719068687,0.8315429716799826,0.8315429716799826,0.297465424895777,0.297465424895777,0.4212039185225419,0.4212039185225419,0.12350395437794179,0.12350395437794179,-0.7469839975422587,-0.7469839975422587,-0.12089438661294152,-0.12089438661294152,,
serum_liver,SER-NC-36,HA,serum,Ag colloid SERS,biological_range,0.006146923715722872,0.01767901361638733,0.004014053429199092,0.0037252570006563535,0.08526955106102505,0.06049632832882494,0.29354182294713266,0.06582003613528874,0.08699540828200496,0.0575263789028652,0.07280056525239675,0.013003900996618085,0.013003900996618085,-0.07369478927923469,-0.07369478927923469,-0.025271679196447624,-0.025271679196447624,-0.011961968852880565,-0.011961968852880565,0.5829807708721501,0.5829807708721501,0.8456568000325996,0.8456568000325996,0.450516266227676,0.450516266227676,0.7891452299704514,0.7891452299704514,0.6475752537426078,0.6475752537426078,0.3075248721059597,0.3075248721059597,0.09939019368405272,0.09939019368405272,,
serum_liver,SER-NC-37,HA,serum,Ag colloid SERS,biological_range,0.00475171347937943,0.012499475181859537,0.0033982086809630652,0.017395761777369945,0.0767873572883266,0.04338185552957706,0.3295538823975887,0.046234161848078506,0.06213356959917577,0.04027010733698508,0.0746128871291324,-0.056756610820554027,-0.056756610820554027,-0.33267171100562437,-0.33267171100562437,-0.05606391660824897,-0.05606391660824897,0.6715632699827989,0.6715632699827989,0.28481483005707353,0.28481483005707353,0.030241949826181856,0.030241949826181856,1.0462351285690399,1.0462351285690399,-0.19014848439006005,-0.19014848439006005,-0.05865917198651227,-0.05865917198651227,-0.5279487867401382,-0.5279487867401382,0.19000628752083512,0.19000628752083512,,
serum_liver,SER-NC-38,HA,serum,Ag colloid SERS,biological_range,0.005376261574995924,0.010716420057851256,0.0034003807432697224,0.03203885700135451,0.07658322851794587,0.030064275665599726,0.21192957330103804,0.06410085475210132,0.08702882408215865,0.019062525011652287,0.10655521743204832,-0.02552920603972929,-0.02552920603972929,-0.4218244672060384,-0.4218244672060384,-0.05595531349291611,-0.05595531349291611,1.4037180311820272,1.4037180311820272,0.27763929876186805,0.27763929876186805,-0.6042708696615625,-0.6042708696615625,-0.8995302807957597,-0.8995302807957597,0.7031861608110809,0.7031861608110809,0.6485244751068394,0.6485244751068394,-1.554727736815263,-1.554727736815263,1.787122802666631,1.787122802666631,,
serum_liver,SER-NC-39,HA,serum,Ag colloid SERS,biological_range,0.009538032192109337,0.00441926468362439,0.003552942559664373,0.0031750044201524093,0.03591409121674749,0.07619355048345469,0.25513580670308056,0.011572567130724723,0.07437520838622505,0.07274735412242721,0.024663739223104473,0.18255932481594134,0.18255932481594134,-0.7366822359173818,-0.7366822359173818,-0.04832722267318359,-0.04832722267318359,-0.03947459787807777,-0.03947459787807777,-1.1519615698930856,-1.1519615698930856,1.593547091601311,1.593547091601311,-0.18480391965191623,-0.18480391965191623,-1.9232282202577493,-1.9232282202577493,0.2890812686562008,0.2890812686562008,1.044458328985332,1.044458328985332,-2.3074511077805613,-2.3074511077805613,,
serum_liver,SER-NC-4,HA,serum,Ag colloid SERS,biological_range,0.004124922927848027,0.011078204741913702,0.0030766728534898508,0.00205552803267809,0.23033089071994362,0.03476588924372821,0.20309825035059476,0.034806630044046126,0.07228437587921019,0.04504216571153337,0.04488741123034303,-0.08809613839712414,-0.08809613839712414,-0.40373523300291614,-0.40373523300291614,-0.07214070798190969,-0.07214070798190969,-0.09544841725179375,-0.09544841725179375,5.6821746792349535,4.0,-0.3802636462718605,-0.3802636462718605,-1.045619833609175,-1.045619833609175,-0.7615250745916791,-0.7615250745916791,0.22968832054302513,0.22968832054302513,-0.2969064636525624,-0.2969064636525624,-1.2962675074186334,-1.2962675074186334,,
serum_liver,SER-NC-40,HA,serum,Ag colloid SERS,biological_range,0.009044599070074858,0.014252144788442061,0.06955895205956496,0.03569389997465272,0.036441856383044084,0.03653877172661181,0.013816328131104954,0.014489535026935374,0.011272346633936909,0.01546493464351684,0.021347017901409842,0.1578876687142174,0.1578876687142174,-0.24503823067649816,-0.24503823067649816,3.2519732523218456,3.2519732523218456,1.5864701798469378,1.5864701798469378,-1.1334095771474415,-1.1334095771474415,-0.2957950961054983,-0.2957950961054983,-4.176760154020733,-4.0,-1.7773798254472166,-1.7773798254472166,-1.5034415571905597,-1.5034415571905597,-1.7289074242651632,-1.7289074242651632,-2.473287173865293,-2.473287173865293,,
serum_liver,SER-NC-41,HA,serum,Ag colloid SERS,biological_range,0.006012045046372692,0.016876573169627877,0.004269494095606396,0.003606035149935086,0.07780936200319465,0.05991205489041986,0.3053043536355985,0.05165242755141097,0.08506228338873616,0.05118148419011983,0.05427928042220566,0.006259967529109083,0.006259967529109083,-0.11381681161720739,-0.11381681161720739,-0.012499645876082452,-0.012499645876082452,-0.017923061388943933,-0.017923061388943933,0.3207403235664174,0.3207403235664174,0.8178192356597371,0.8178192356597371,0.6450944577256773,0.6450944577256773,0.0807648007765633,0.0807648007765633,0.5926622054247753,0.5926622054247753,0.00033265040193884184,0.00033265040193884184,-0.826674047825502,-0.826674047825502,,
serum_liver,SER-NC-42,HA,serum,Ag colloid SERS,biological_range,0.00534470857860394,0.016927862743812874,0.0042710978492046135,0.004286195917191061,0.15850778826588657,0.04339357315620383,0.2385555522480769,0.05488248768940074,0.08546318623645027,0.05055971921694972,0.06498973656220004,-0.027106855859328507,-0.027106855859328507,-0.1112523329079575,-0.1112523329079575,-0.012419458196171558,-0.012419458196171558,0.01608497697385483,0.01608497697385483,3.1574501221987243,3.1574501221987243,0.030800233266911885,0.030800233266911885,-0.45907788431793956,-0.45907788431793956,0.24226780767605155,0.24226780767605155,0.6040503974262016,0.6040503974262016,-0.029770506881694452,-0.029770506881694452,-0.2911512408257828,-0.2911512408257828,,
serum_liver,SER-NC-43,HA,serum,Ag colloid SERS,biological_range,0.005927619671026795,0.01726427833131571,0.004336617299762557,0.003774445853857873,0.07816856666573711,0.05684391645304359,0.30641770144166947,0.05932409847839072,0.08579483312543927,0.047636223357639944,0.065032131554733,0.002038698761814249,0.002038698761814249,-0.09443155353281579,-0.09443155353281579,-0.009143485668274389,-0.009143485668274389,-0.009502526192804598,-0.009502526192804598,0.3333670801605507,0.3333670801605507,0.6716385338834212,0.6716385338834212,0.6635116851362707,0.6635116851362707,0.46434834712555073,0.46434834712555073,0.6134712794928108,0.6134712794928108,-0.17131346840000888,-0.17131346840000888,-0.28903149119913485,-0.28903149119913485,,
serum_liver,SER-NC-44,HA,serum,Ag colloid SERS,biological_range,0.005922840731404649,0.01807808969743051,0.0042932763094104725,0.0033533690051393986,0.08057552953559007,0.05125949967354388,0.29760845653200024,0.05940206785255793,0.08243656223254758,0.0506050447179275,0.08465714263599679,0.0017997517807069423,0.0017997517807069423,-0.053740985227075655,-0.053740985227075655,-0.01131053518587861,-0.01131053518587861,-0.03055636862872831,-0.03055636862872831,0.41797660074314263,0.41797660074314263,0.4055703689355605,0.4055703689355605,0.5177873517947033,0.5177873517947033,0.46824681583391115,0.46824681583391115,0.5180750159363984,0.5180750159363984,-0.027576043147372366,-0.027576043147372366,0.6922190628640544,0.6922190628640544,,
serum_liver,SER-NC-45,HA,serum,Ag colloid SERS,biological_range,0.006013265137746346,0.019500441390271454,0.004784495096511269,0.0047601782842468625,0.08555067867001237,0.04812766133227117,0.269416828185555,0.06168824424266025,0.09625374283915283,0.047918136903807466,0.06458535936108872,0.006320972097791783,0.006320972097791783,0.0173765994149715,0.0173765994149715,0.013250404169161227,0.013250404169161227,0.03978409532664488,0.03978409532664488,0.592862964119444,0.592862964119444,0.2563547008939583,0.2563547008939583,0.05143566232246388,0.05143566232246388,0.5825556353390271,0.5825556353390271,0.9105708701404911,0.9105708701404911,-0.15766443992965487,-0.15766443992965487,-0.3113701008813488,-0.3113701008813488,,
serum_liver,SER-NC-46,HA,serum,Ag colloid SERS,biological_range,0.00557944952747959,0.017631132589348817,0.004095733368286307,0.0034942270764229837,0.09073323515153062,0.04812726276690385,0.27739862880054766,0.058355986981487244,0.09240100756095437,0.04790456908594933,0.05441096229505018,-0.015369808415546023,-0.015369808415546023,-0.07608884063116036,-0.07608884063116036,-0.0211876822420869,-0.0211876822420869,-0.02351346506454905,-0.02351346506454905,0.7750401072675857,0.7750401072675857,0.2563357113449898,0.2563357113449898,0.18347224268912232,0.18347224268912232,0.41594277228037685,0.41594277228037685,0.8011286715405933,0.8011286715405933,-0.15832133469311618,-0.15832133469311618,-0.820089954183276,-0.820089954183276,,
serum_liver,SER-NC-47,HA,serum,Ag colloid SERS,biological_range,0.005839562824255238,0.0177510718484369,0.0046200130509833825,0.004662867534248241,0.07753509069424994,0.041958415227073956,0.29781100315660713,0.06660698754962747,0.09142227680371309,0.040511243615132725,0.0552397263428093,-0.002364143576763598,-0.002364143576763598,-0.07009187767675618,-0.07009187767675618,0.005026301892766894,0.005026301892766894,0.034918557826713825,0.034918557826713825,0.31109914286935514,0.31109914286935514,-0.03757751354018925,-0.03757751354018925,0.5211379195384864,0.5211379195384864,0.8284928006873884,0.8284928006873884,0.7733264899279715,0.7733264899279715,-0.5162740163347578,-0.5162740163347578,-0.7786517517953201,-0.7786517517953201,,
serum_liver,SER-NC-48,HA,serum,Ag colloid SERS,biological_range,0.00584604363493798,0.019395062967308915,0.004319344077182534,0.0037985996769892816,0.09625084661268322,0.06058216956302237,0.29720354210937255,0.06432221291780314,0.07718065977147781,0.037172825645889314,0.06043804669530563,-0.0020401030426264993,-0.0020401030426264993,0.012107678266844515,0.012107678266844515,-0.010007146797275535,-0.010007146797275535,-0.008294835036234157,-0.008294835036234157,0.9689950977397308,0.9689950977397308,0.8497466845382857,0.8497466845382857,0.511089174493146,0.511089174493146,0.7142540690961717,0.7142540690961717,0.36877394035482847,0.36877394035482847,-0.6779057028130933,-0.6779057028130933,-0.5187357341705036,-0.5187357341705036,,
serum_liver,SER-NC-49,HA,serum,Ag colloid SERS,biological_range,0.0061441496614167805,0.018553060214838695,0.004551551141762401,0.003769148098560835,0.07369651381341477,0.051951437839112095,0.3023341738474407,0.06071412718168572,0.09831675937412321,0.04594978016753699,0.04775637168054915,0.012865198281313515,0.012865198281313515,-0.02999245935666646,-0.02999245935666646,0.0016032064317178345,0.0016032064317178345,-0.0097674139576565,-0.0097674139576565,0.17616554930431358,0.17616554930431358,0.4385375927727858,0.4385375927727858,0.5959611354066657,0.5959611354066657,0.5338497822903007,0.5338497822903007,0.9691736676419783,0.9691736676419783,-0.25296371695412295,-0.25296371695412295,-1.1528194849083275,-1.1528194849083275,,
serum_liver,SER-NC-5,HA,serum,Ag colloid SERS,biological_range,0.00588684569579051,0.018384990617121857,0.004313353408340388,0.003763001128625782,0.07383733584374219,0.06616851506023598,0.29714548118730594,0.06276636367725136,0.08868677263914879,0.04996539105649692,0.05410017523690428,0.0,0.0,-0.038395939242508344,-0.038395939242508344,-0.010306680239382821,-0.010306680239382821,-0.010074762454409135,-0.010074762454409135,0.18111572307836857,0.18111572307836857,1.1159067427675942,1.1159067427675942,0.5101287188300201,0.5101287188300201,0.6364616070685826,0.6364616070685826,0.6956207644027327,0.6956207644027327,-0.058545292957184795,-0.058545292957184795,-0.8356293070905709,-0.8356293070905709,,
serum_liver,SER-NC-50,HA,serum,Ag colloid SERS,biological_range,0.004937745470530622,0.013665006979640668,0.0035989144209425026,0.0036111103008472155,0.06743695994817513,0.052143665674206086,0.3204946132088224,0.048270865751636846,0.07484301186870089,0.035287155541749264,0.03593298767933953,-0.04745501126299442,-0.04745501126299442,-0.27439512111656783,-0.27439512111656783,-0.0460286296092771,-0.0460286296092771,-0.017669303843337467,-0.017669303843337467,-0.0438701887755149,-0.0438701887755149,0.4476962407309957,0.4476962407309957,0.8963748424001605,0.8963748424001605,-0.08831328921214306,-0.08831328921214306,0.30236986440389113,0.30236986440389113,-0.7692016525359521,-0.7692016525359521,-1.7439886849688084,-1.7439886849688084,,
serum_liver,SER-NC-6,HA,serum,Ag colloid SERS,biological_range,0.004436242965271798,0.005978955885436295,0.0026690382272477227,0.004000880291782635,0.19938851908422633,0.04820940498577877,0.1375248321309427,0.012465739257322939,0.04675246893702893,0.034455791653953585,0.0429125373349722,-0.0725301365259356,-0.0725301365259356,-0.6586976758267865,-0.6586976758267865,-0.0925224392940161,-0.0925224392940161,0.0018191957034334894,0.0018191957034334894,4.594488922808486,4.0,0.2602493571747613,0.2602493571747613,-2.1303487465831012,-2.1303487465831012,-1.8785696139278385,-1.8785696139278385,-0.49558030769942935,-0.49558030769942935,-0.8094526781713236,-0.8094526781713236,-1.3950112021871748,-1.3950112021871748,,
serum_liver,SER-NC-7,HA,serum,Ag colloid SERS,biological_range,0.006010660379895172,0.0173647141698364,0.004258590051093742,0.0036395313165270195,0.07052202527642566,0.05687491024717478,0.3164702019792909,0.060852975819002994,0.0909297912431057,0.05278254793677002,0.07461783593026464,0.006190734205233084,0.006190734205233084,-0.08940976160678113,-0.08940976160678113,-0.013044848101715148,-0.013044848101715148,-0.01624825305934726,-0.01624825305934726,0.06457597865755445,0.06457597865755445,0.6731152255872944,0.6731152255872944,0.8298022076818214,0.8298022076818214,0.5407922141561643,0.5407922141561643,0.7593367660981061,0.7593367660981061,0.07784919743545525,0.07784919743545525,0.19025372757744685,0.19025372757744685,,
serum_liver,SER-NC-8,HA,serum,Ag colloid SERS,biological_range,0.00233802757850477,0.00545244340255353,0.0019503492142303438,0.0012987030252511827,0.26691210839196483,0.020303708936519164,0.11430732013042544,0.021293067960359593,0.06600001333295916,0.03967167480619981,0.0270199472490317,-0.177440905864287,-0.177440905864287,-0.6850232999709247,-0.6850232999709247,-0.12845688994488502,-0.12845688994488502,-0.1332896676231391,-0.1332896676231391,6.968077061994287,4.0,-1.0693106725629253,-1.0693106725629253,-2.5144175848114005,-2.5144175848114005,-1.4372031787760058,-1.4372031787760058,0.051172433985107284,0.051172433985107284,-0.5569222885860565,-0.5569222885860565,-2.1896407064842,-2.1896407064842,,
serum_liver,SER-NC-9,HA,serum,Ag colloid SERS,biological_range,0.0049752401831416404,0.0135750577847928,0.004011454379066465,0.003195280466937747,0.1235391311194588,0.03994858870811216,0.3031843850395161,0.05146002646511931,0.08794227757926766,0.057899842690572585,0.07255208447709538,-0.04558027563244349,-0.04558027563244349,-0.27889258085896124,-0.27889258085896124,-0.025401631703078978,-0.025401631703078978,-0.038460795538810884,-0.038460795538810884,1.928232441430332,1.928232441430332,-0.13333520407051866,-0.13333520407051866,0.6100255030607805,0.6100255030607805,0.07114474646198014,0.07114474646198014,0.6744723671429416,0.6744723671429416,0.32560636531677284,0.32560636531677284,0.08696615491898402,0.08696615491898402,,
serum_liver,SER-HCC-1,HCC,serum,Ag colloid SERS,biological_range,0.0047520433949303055,0.01680510242793567,0.0039094079049970774,0.003655683570313453,0.08090002046534132,0.07622679769134565,0.24985511216524728,0.05942037031287082,0.07298555409077592,0.04985405391397585,0.07774463246671592,-0.056740115043010235,-0.056740115043010235,-0.11739034870181779,-0.11739034870181779,-0.03050395540654836,-0.03050395540654836,-0.015440640370025589,-0.015440640370025589,0.42938310075339453,0.42938310075339453,1.595131146649935,1.595131146649935,-0.2721582501305209,-0.2721582501305209,0.4691619388495556,0.4691619388495556,0.2496062436659398,0.2496062436659398,-0.06393575343252139,-0.06393575343252139,0.3465935544000112,0.3465935544000112,,
serum_liver,SER-HCC-10,HCC,serum,Ag colloid SERS,biological_range,0.0053314155546272555,0.018272110868691824,0.00428942371948458,0.0031798337025172214,0.07453195887981065,0.07838899886681751,0.26558036592303214,0.049749358863361265,0.06852194895850962,0.03210858252634607,0.02986824935753527,-0.027771507058162732,-0.027771507058162732,-0.04403992666400999,-0.04403992666400999,-0.011503164682173227,-0.011503164682173227,-0.03923313375983717,-0.03923313375983717,0.20553310101281394,0.20553310101281394,1.6981486902397678,1.6981486902397678,-0.012027882093537612,-0.012027882093537612,-0.014388633625922118,-0.014388633625922118,0.1228114539690371,0.1228114539690371,-0.9230943411709167,-0.9230943411709167,-2.0472256010590213,-2.0472256010590213,,
serum_liver,SER-HCC-11,HCC,serum,Ag colloid SERS,biological_range,0.005787610625085823,0.019121704557932002,0.004407348710927898,0.0036434087221437353,0.10201539721358847,0.05570480875524623,0.29768416054374613,0.05840008519776672,0.07831296236592053,0.06261842234427675,0.07087195662938824,-0.004961753535234368,-0.004961753535234368,-0.0015602422020010928,-0.0015602422020010928,-0.005606915110007316,-0.005606915110007316,-0.016054382778511473,-0.016054382778511473,1.171630488931487,1.171630488931487,0.6173660275863395,0.6173660275863395,0.519039663060433,0.519039663060433,0.41814768309435046,0.41814768309435046,0.40093853939110724,0.40093853939110724,0.5540594812048982,0.5540594812048982,0.002959762533626814,0.002959762533626814,,
serum_liver,SER-HCC-12,HCC,serum,Ag colloid SERS,biological_range,0.005462782660102826,0.01653810340127565,0.004200531050769076,0.0037358935920261786,0.09166956904597162,0.05888299371156872,0.30357259556927335,0.043250313318934405,0.07603367861090363,0.05638374355370204,0.04795423529403578,-0.021203151784384214,-0.021203151784384214,-0.1307403000348187,-0.1307403000348187,-0.01594779811794843,-0.01594779811794843,-0.011430139284389308,-0.011430139284389308,0.8079541014575852,0.8079541014575852,0.7687898687111381,0.7687898687111381,0.6164473611456835,0.6164473611456835,-0.3393409108472651,-0.3393409108472651,0.33619237663405344,0.33619237663405344,0.25220343536062045,0.25220343536062045,-1.1429263042339959,-1.1429263042339959,,
serum_liver,SER-HCC-13,HCC,serum,Ag colloid SERS,biological_range,0.005786080696449565,0.017212521885691723,0.004377783420958825,0.0038270616841655854,0.10464461691768416,0.05302758329983979,0.29374601429487085,0.059668440913370646,0.08570866492423464,0.05661265073772303,0.07476824348543525,-0.005038249967047239,-0.005038249967047239,-0.09701937581401507,-0.09701937581401507,-0.007085179608460994,-0.007085179608460994,-0.00687173467741897,-0.00687173467741897,1.2640527782223188,1.2640527782223188,0.4898102787592423,0.4898102787592423,0.4538940413183201,0.4538940413183201,0.48156546887454693,0.48156546887454693,0.6110235542513186,0.6110235542513186,0.2632861261863902,0.2632861261863902,0.1977741053359773,0.1977741053359773,,
serum_liver,SER-HCC-14,HCC,serum,Ag colloid SERS,biological_range,0.004997954112388011,0.01345817893513392,0.0038161307395401457,0.13478545637096442,0.14235804113174066,0.026725371994901957,0.17959480668701192,0.040032499432063544,0.0996865590467288,0.028622113401633856,0.0670801036554904,-0.04444457917012496,-0.04444457917012496,-0.28473652334190525,-0.28473652334190525,-0.03516781367939494,-0.03516781367939494,6.541047999662523,4.0,2.5897544673697612,2.5897544673697612,-0.7633521144320896,-0.7633521144320896,-1.4344186119638687,-1.4344186119638687,-0.5002316051908081,-0.5002316051908081,1.0080846949995277,1.0080846949995277,-1.0918940210413175,-1.0918940210413175,-0.18663288616126497,-0.18663288616126497,,
serum_liver,SER-HCC-15,HCC,serum,Ag colloid SERS,biological_range,0.006714802051722084,0.01622161195175725,0.005208908035693639,0.03106616624189967,0.07516177398437951,0.04562175268355045,0.2606180433007267,0.056370615121831114,0.10662412713835712,0.060119964140009495,0.08737484056626506,0.04139781779657868,0.04139781779657868,-0.14656487251073871,-0.14656487251073871,0.034471051128279716,0.034471051128279716,1.3550834932092852,1.3550834932092852,0.22767235156822516,0.22767235156822516,0.1369612992159718,0.1369612992159718,-0.09411563914607629,-0.09411563914607629,0.3166741792975703,0.3166741792975703,1.2051557756888116,1.2051557756888116,0.43309499537004903,0.43309499537004903,0.828103959377468,0.828103959377468,,
serum_liver,SER-HCC-16,HCC,serum,Ag colloid SERS,biological_range,0.006725404605190677,0.017177921671861707,0.005790134381494654,0.02339578925852906,0.08149881336820827,0.043576681631704486,0.27143113227082305,0.055314075877999413,0.0935596505509538,0.05425073722018517,0.08874169942495228,0.04192794547000834,0.04192794547000834,-0.09874938650551585,-0.09874938650551585,0.06353236841833047,0.06353236841833047,0.9715646440407547,0.9715646440407547,0.45043185936716,0.45043185936716,0.03952439157861009,0.03952439157861009,0.08475669301042807,0.08475669301042807,0.2638472171059853,0.2638472171059853,0.8340415054265464,0.8340415054265464,0.14893254054410443,0.14893254054410443,0.8964469023118288,0.8964469023118288,,
serum_liver,SER-HCC-17,HCC,serum,Ag colloid SERS,biological_range,0.0071604858213694484,0.01690757641548247,0.005945784548258385,0.0032029271356042357,0.0829413914607287,0.05185860805153234,0.2809421983619109,0.05868429497513619,0.10102097749767931,0.055100451128311655,0.07513184843930204,0.0636820062789469,0.0636820062789469,-0.11226664932447779,-0.11226664932447779,0.07131487675651701,0.07131487675651701,-0.03807846210548645,-0.03807846210548645,0.5011413415697499,0.5011413415697499,0.4341147403588122,0.4341147403588122,0.2420906960610267,0.2420906960610267,0.4323581719628242,0.4323581719628242,1.0459906705153392,1.0459906705153392,0.19007199439916111,0.19007199439916111,0.21595435302931704,0.21595435302931704,,
serum_liver,SER-HCC-18,HCC,serum,Ag colloid SERS,biological_range,0.006898858480843181,0.01987759958721997,0.005853675059529515,0.005877987272233736,0.06525020833846383,0.06777647640755452,0.2526925186981142,0.057691776715269066,0.10532382647591902,0.05788596031215349,0.07716042125281553,0.05060063925263355,0.05060063925263355,0.036234509262397276,0.036234509262397276,0.06670940232007352,0.06670940232007352,0.09567454472598855,0.09567454472598855,-0.12073884663818782,-0.12073884663818782,1.1925176659634917,1.1925176659634917,-0.2252212901911738,-0.2252212901911738,0.38273225896946794,0.38273225896946794,1.1682189624736894,1.1682189624736894,0.32493424089829653,0.32493424089829653,0.3173829937049913,0.3173829937049913,,
serum_liver,SER-HCC-19,HCC,serum,Ag colloid SERS,biological_range,0.007307716034122666,0.018622836315038548,0.005960195290127319,0.0076454368887696736,0.06590077872003411,0.05962985088028331,0.25277877444173397,0.0583838905270689,0.10745790168045441,0.06683538200169047,0.075606403045037,0.0710435169166078,0.0710435169166078,-0.026503654346673837,-0.026503654346673837,0.0720354138499637,0.0720354138499637,0.18404702555278543,0.18404702555278543,-0.09787000691518122,-0.09787000691518122,0.8043736949555409,0.8043736949555409,-0.2237944300158966,-0.2237944300158966,0.4173379495594598,0.4173379495594598,1.2288402783693122,1.2288402783693122,0.7582263373380602,0.7582263373380602,0.23968208331606525,0.23968208331606525,,
serum_liver,SER-HCC-2,HCC,serum,Ag colloid SERS,biological_range,0.006021620606381706,0.017781325111016367,0.005205241596255121,0.0036157357270774136,0.08144037158818679,0.0508241836940215,0.3096297066517927,0.05227054628230757,0.07643129709925359,0.05441866395477029,0.0563930237575386,0.006738745529559801,0.006738745529559801,-0.06857921454778287,-0.06857921454778287,0.034287729156353815,0.034287729156353815,-0.01743803253182756,-0.01743803253182756,0.4483775148438009,0.4483775148438009,0.3848298460811083,0.3848298460811083,0.7166453331088779,0.7166453331088779,0.111670737321393,0.111670737321393,0.347487271929672,0.347487271929672,0.15706282308087863,0.15706282308087863,-0.7209868810588549,-0.7209868810588549,,
serum_liver,SER-HCC-20,HCC,serum,Ag colloid SERS,biological_range,0.007539981550235138,0.01302135825684265,0.004765979530177799,0.021398200094511738,0.07137733110389446,0.03833955827722687,0.08448941699265194,0.016388450283968747,0.10631136101204137,0.06383532069652631,0.07936183123085604,0.08265679272223139,0.08265679272223139,-0.30657755725646874,-0.30657755725646874,0.012324625852487732,0.012324625852487732,0.8716851858398886,0.8716851858398886,0.09464167552393508,0.09464167552393508,-0.20999706349019973,-0.20999706349019973,-3.007671444926709,-3.007671444926709,-1.682434062595548,-1.682434062595548,1.196271227428965,1.196271227428965,0.6129764097497621,0.6129764097497621,0.4274534926070168,0.4274534926070168,,
serum_liver,SER-HCC-21,HCC,serum,Ag colloid SERS,biological_range,0.006774191113837189,0.018687883879527575,0.004942580117698803,0.010594924484921543,0.0667546278077767,0.06709615342745193,0.2424721292949507,0.050161771396731225,0.10031379383092781,0.053398718773559076,0.08033654692672024,0.04436727090233396,0.04436727090233396,-0.023251276122222483,-0.023251276122222483,0.021154655228537926,0.021154655228537926,0.3315214053603789,0.3315214053603789,-0.06785551734052568,-0.06785551734052568,1.1601038447830507,1.1601038447830507,-0.39428906473249314,-0.39428906473249314,0.006231993042575892,0.006231993042575892,1.0259021542497182,1.0259021542497182,0.10768151095237322,0.10768151095237322,0.4761892774002269,0.4761892774002269,,
serum_liver,SER-HCC-22,HCC,serum,Ag colloid SERS,biological_range,0.0052846197875664105,0.017172508682657732,0.00408945110917576,0.0037375776351828718,0.06747746141209017,0.05514396524810031,0.3121484782940883,0.05425437410757653,0.07485854627533735,0.044498075606948496,0.07373014104220685,-0.030111295411204986,-0.030111295411204986,-0.09902003596571461,-0.09902003596571461,-0.021501795197614252,-0.021501795197614252,-0.01134593712655465,-0.01134593712655465,-0.042446481959067695,-0.042446481959067695,0.5906447765298226,0.5906447765298226,0.7583113694351353,0.7583113694351353,0.21086212858484124,0.21086212858484124,0.3028111404048298,0.3028111404048298,-0.3232489414400748,-0.3232489414400748,0.14586898317455743,0.14586898317455743,,
serum_liver,SER-HCC-23,HCC,serum,Ag colloid SERS,biological_range,0.00575859433059684,0.019776201646926148,0.004575752080240083,0.0038246079408248367,0.07673516947391414,0.058877246554274405,0.2888425815515358,0.06591122553091505,0.08338227883160645,0.04278907300751506,0.08006304083823995,-0.00641256825968349,-0.00641256825968349,0.031164612247706197,0.031164612247706197,0.002813253355601897,0.002813253355601897,-0.006994421844456404,-0.006994421844456404,0.2829803248335004,0.2829803248335004,0.7685160468143594,0.7685160468143594,0.37278045270377186,0.37278045270377186,0.7937046997517672,0.7937046997517672,0.5449393853726027,0.5449393853726027,-0.4059914185316678,-0.4059914185316678,0.4625139729762126,0.4625139729762126,,
serum_liver,SER-HCC-24,HCC,serum,Ag colloid SERS,biological_range,0.005710986895123902,0.016124123038155806,0.004490918704079309,0.003692649565924762,0.06729979432707738,0.04738082731527106,0.3075061465558416,0.051882951510944825,0.08096838815452437,0.059910115257194856,0.07681962362983405,-0.008792940033330431,-0.008792940033330431,-0.15143931819081094,-0.15143931819081094,-0.0014284154524367952,-0.0014284154524367952,-0.013592340589460138,-0.013592340589460138,-0.04869183251038614,-0.04869183251038614,0.22077197770730156,0.22077197770730156,0.6815169671176491,0.6815169671176491,0.09229099875325587,0.09229099875325587,0.4763695294641037,0.4763695294641037,0.4229350246451695,0.4229350246451695,0.3003431125559175,0.3003431125559175,,
serum_liver,SER-HCC-25,HCC,serum,Ag colloid SERS,biological_range,0.005540049569469063,0.01697775092155804,0.0041973334203326265,0.0036909538375226804,0.07102289685072931,0.05530722575482289,0.3121500825801833,0.05910003034134095,0.07957594449172185,0.05117461347000606,0.08853247604619427,-0.017339806316072355,-0.017339806316072355,-0.10875792402069914,-0.10875792402069914,-0.016107679639770906,-0.016107679639770906,-0.013677127009564218,-0.013677127009564218,0.082182608284487,0.082182608284487,0.5984232832472292,0.5984232832472292,0.7583379078642601,0.7583379078642601,0.4531449402730623,0.4531449402730623,0.43681526869099907,0.43681526869099907,0.0,0.0,0.8859857333739285,0.8859857333739285,,
serum_liver,SER-HCC-26,HCC,serum,Ag colloid SERS,biological_range,0.0059684654684725,0.01995201543542486,0.004814869240576012,0.0038202723930439134,0.0761062868370441,0.06152777980839125,0.2954613229626551,0.06611587420818736,0.08344745819501653,0.04582631587361664,0.0817641068887195,0.004080988634099511,0.004080988634099511,0.03995530167264175,0.03995530167264175,0.01476911137239835,0.01476911137239835,-0.00721119923350257,-0.00721119923350257,0.26087385236783206,0.26087385236783206,0.894800052271296,0.894800052271296,0.482269028578977,0.482269028578977,0.8039371336153827,0.8039371336153827,0.546790894059251,0.546790894059251,-0.2589413213853397,-0.2589413213853397,0.5475672755001902,0.5475672755001902,,
serum_liver,SER-HCC-27,HCC,serum,Ag colloid SERS,biological_range,0.005799389037014314,0.016379696582306078,0.004203306217311898,0.010216368514220942,0.07632245935226631,0.04506887726318095,0.3053033589263742,0.04910438576123536,0.08310720938259245,0.05187872271420751,0.06637904017440736,-0.004372832938809822,-0.004372832938809822,-0.13866064098329733,-0.13866064098329733,-0.01580903979080733,-0.01580903979080733,0.31259360682534887,0.31259360682534887,0.2684727451904712,0.2684727451904712,0.11061968569555906,0.11061968569555906,0.6450780030419829,0.6450780030419829,-0.04663728873221737,-0.04663728873221737,0.5371256626291516,0.5371256626291516,0.0340899089490157,0.0340899089490157,-0.22168606021541679,-0.22168606021541679,,
serum_liver,SER-HCC-29,HCC,serum,Ag colloid SERS,biological_range,0.0048958819580674755,0.012952121158272196,0.003736682438720511,0.003311236445385792,0.0594411357812084,0.030061120876727177,0.3226745299110894,0.04197055695954135,0.06434603799555391,0.04841155069702632,0.07121053263728183,-0.04954818688615173,-0.04954818688615173,-0.3100394121849914,-0.3100394121849914,-0.039140228720376674,-0.039140228720376674,-0.03266299661640864,-0.03266299661640864,-0.32493927293263253,-0.32493927293263253,-0.6044211788020261,-0.6044211788020261,0.9324354709143403,0.9324354709143403,-0.40332872881691795,-0.40332872881691795,0.0041890094088202455,0.0041890094088202455,-0.13377548885630838,-0.13377548885630838,0.019888562928306597,0.019888562928306597,,
serum_liver,SER-HCC-3,HCC,serum,Ag colloid SERS,biological_range,0.005679891734329127,0.02096919430468003,0.004468065517052979,0.003363233984507075,0.08792483329618586,0.06079752728208451,0.282269718254223,0.07024755898966122,0.08622990508339096,0.03599637797425829,0.06216029428617029,-0.010347698073069145,-0.010347698073069145,0.09081424513540035,0.09081424513540035,-0.0025710748037532927,-0.0025710748037532927,-0.030063119660344487,-0.030063119660344487,0.6763192098411546,0.6763192098411546,0.8600073501334052,0.8600073501334052,0.264050801982535,0.264050801982535,1.0105213726890754,1.0105213726890754,0.625830091658504,0.625830091658504,-0.7348641852353311,-0.7348641852353311,-0.43262335462727064,-0.43262335462727064,,
serum_liver,SER-HCC-30,HCC,serum,Ag colloid SERS,biological_range,0.005770023510954536,0.017201525223647957,0.004303237540217388,0.0037527829240515667,0.0694761647313395,0.04480301582213004,0.3190591165958585,0.05747420956321937,0.08119911361510904,0.04120262507426797,0.07121348668346184,-0.005841109241798729,-0.005841109241798729,-0.09756920891620338,-0.09756920891620338,-0.010812473645532839,-0.010812473645532839,-0.010585672683119905,-0.010585672683119905,0.027811905383173255,0.027811905383173255,0.09795278267884928,0.09795278267884928,0.8726285634530704,0.8726285634530704,0.37185390136698326,0.37185390136698326,0.48292360075528457,0.48292360075528457,-0.48280033141291184,-0.48280033141291184,0.020036265237306783,0.020036265237306783,,
serum_liver,SER-HCC-31,HCC,serum,Ag colloid SERS,biological_range,0.007353119045739571,0.018392679835076538,0.005043502087937982,0.0031615826579481717,0.046890562813839506,0.07109727236349647,0.21405241855022458,0.06949965675128118,0.1235988897736053,0.03967609893258115,0.026667842916933717,0.07331366749745304,0.07331366749745304,-0.03801147834477433,-0.03801147834477433,0.026200753740496848,0.026200753740496848,-0.04014568598828966,-0.04014568598828966,-0.7661168145998185,-0.7661168145998185,1.350736173114906,1.350736173114906,-0.8644137399461038,-0.8644137399461038,0.9731262607700738,0.9731262607700738,1.6873470526305385,1.6873470526305385,-0.556708091617673,-0.556708091617673,-2.207245923089099,-2.207245923089099,,
serum_liver,SER-HCC-32,HCC,serum,Ag colloid SERS,biological_range,0.005888361183501417,0.02006084311004953,0.004496866786414088,0.003768424742887481,0.07556664498311778,0.06817272944482758,0.2975801185756265,0.06150286210183999,0.08164934953553525,0.047206733245716184,0.06360552048274132,7.577438554534632e-05,7.577438554534632e-05,0.0453966854038753,0.0453966854038753,-0.001131011335697837,-0.001131011335697837,-0.009803581741324192,-0.009803581741324192,0.24190437048720972,0.24190437048720972,1.2113970445351792,1.2113970445351792,0.5173185795170369,0.5173185795170369,0.5732865282980143,0.5732865282980143,0.49571316595041376,0.49571316595041376,-0.1921075126915147,-0.1921075126915147,-0.3603620447987191,-0.3603620447987191,,
serum_liver,SER-HCC-33,HCC,serum,Ag colloid SERS,biological_range,0.005630912879530982,0.018782817348964254,0.004329112371978007,0.0038427774881411394,0.06932914914310302,0.056429496469844416,0.30829770392618006,0.06475804104622777,0.07427571793770142,0.05029001642295062,0.07875811127754406,-0.012796640812976412,-0.012796640812976412,-0.018504602650388537,-0.018504602650388537,-0.009518732057501884,-0.009518732057501884,-0.006085944478641269,-0.006085944478641269,0.022644015759842376,0.022644015759842376,0.6518935956380695,0.6518935956380695,0.6946110712408718,0.6946110712408718,0.7360454755174033,0.7360454755174033,0.2862551068153573,0.2862551068153573,-0.04282834381032593,-0.04282834381032593,0.39726749494141816,0.39726749494141816,,
serum_liver,SER-HCC-34,HCC,serum,Ag colloid SERS,biological_range,0.005808178381256315,0.018249122528402863,0.004441335671871427,0.003940761988158852,0.06363887815994232,0.06088393783506738,0.31939688780240844,0.05934183389657481,0.08746458631936427,0.04295868400706081,0.07879989897270616,-0.003933365726709742,-0.003933365726709742,-0.04518934367845808,-0.04518934367845808,-0.003907567062830892,-0.003907567062830892,-0.0011867194777556538,-0.0011867194777556538,-0.17738029948839165,-0.17738029948839165,0.8641243596926993,0.8641243596926993,0.8782160439240059,0.8782160439240059,0.4652351180347552,0.4652351180347552,0.6609028955959039,0.6609028955959039,-0.3977795912067424,-0.3977795912067424,0.39935687969952294,0.39935687969952294,,
serum_liver,SER-HCC-35,HCC,serum,Ag colloid SERS,biological_range,0.006032263089083708,0.019101284649842742,0.004767676823960537,0.0035605195621702663,0.06868497453032878,0.055123957541103545,0.28914873723507284,0.05978772443684935,0.09951278625489997,0.037300125811754806,0.07621851393578966,0.00727086966465988,0.00727086966465988,-0.002581237606464129,-0.002581237606464129,0.012409490541624626,0.012409490541624626,-0.020198840777184923,-0.020198840777184923,0.0,0.0,0.589691514247361,0.589691514247361,0.3778449427184832,0.3778449427184832,0.48752964504848206,0.48752964504848206,1.0031484419166317,1.0031484419166317,-0.6717423821362416,-0.6717423821362416,0.2702876278536978,0.2702876278536978,,
serum_liver,SER-HCC-36,HCC,serum,Ag colloid SERS,biological_range,0.006086103971521811,0.019734614091578163,0.004501590555227024,0.0035554803878438054,0.07497212221946223,0.057049631867170936,0.2768657456799427,0.06158587069843764,0.10566932075271304,0.04467245429519994,0.04906564715234808,0.009962913786565027,0.009962913786565027,0.02908523448030692,0.02908523448030692,-0.0008948228950510402,-0.0008948228950510402,-0.020450799493507966,-0.020450799493507966,0.22100571573920055,0.22100571573920055,0.6814397942297622,0.6814397942297622,0.17465718097890737,0.17465718097890737,0.5774369581278967,0.5774369581278967,1.1780331984711598,1.1780331984711598,-0.3148062833524332,-0.3148062833524332,-1.087355711318381,-1.087355711318381,,
serum_liver,SER-HCC-37,HCC,serum,Ag colloid SERS,biological_range,0.005533156545445362,0.016129145679374852,0.004380230278361624,0.003822503064836295,0.07101644668359935,0.05019359482085599,0.30491495657742596,0.05833014263769958,0.08425181240919216,0.03238918955502729,0.08534791222375634,-0.01768445751725743,-0.01768445751725743,-0.1511881861298586,-0.1511881861298586,-0.006962836738321019,-0.006962836738321019,-0.007099665643883497,-0.007099665643883497,0.08195587211195254,0.08195587211195254,0.3547855942022723,0.3547855942022723,0.6386529718447392,0.6386529718447392,0.41465055509099374,0.41465055509099374,0.5696396722119085,0.5696396722119085,-0.9095085685980178,-0.9095085685980178,0.7267575422520323,0.7267575422520323,,
serum_liver,SER-HCC-38,HCC,serum,Ag colloid SERS,biological_range,0.005859232280419194,0.019110068336483856,0.004379256539954872,0.0036867721009617347,0.0735426764670452,0.05706494051904953,0.2939547062382111,0.05623661536814807,0.08628265893665119,0.048443247781714834,0.07173168835254239,-0.0013806707685658226,-0.0013806707685658226,-0.0021420532744084383,-0.0021420532744084383,-0.007011523658658619,-0.007011523658658619,-0.013886213837611504,-0.013886213837611504,0.1707578613474058,0.1707578613474058,0.68216917118603,0.68216917118603,0.4573462661830912,0.4573462661830912,0.3099741916134182,0.3099741916134182,0.6273286367877493,0.6273286367877493,-0.13224085379807102,-0.13224085379807102,0.04594634869133432,0.04594634869133432,,
serum_liver,SER-HCC-39,HCC,serum,Ag colloid SERS,biological_range,0.00598932456291445,0.019404118276731823,0.004361244675058421,0.003808053820756167,0.0777739706321381,0.05661097118264281,0.2960229618423745,0.061444929445047064,0.08902568172954246,0.04916914988189886,0.07108213760051968,0.005123943356196998,0.005123943356196998,0.01256044373798993,0.01256044373798993,-0.00791211690348119,-0.00791211690348119,-0.007822127847889885,-0.007822127847889885,0.31949624665299264,0.31949624665299264,0.6605399137273568,0.6605399137273568,0.4915597739453566,0.4915597739453566,0.5703898954583678,0.5703898954583678,0.7052479392019105,0.7052479392019105,-0.09709582949259124,-0.09709582949259124,0.013468811090198984,0.013468811090198984,,
serum_liver,SER-HCC-4,HCC,serum,Ag colloid SERS,biological_range,0.005396890374971227,0.018347525571869673,0.004080076224484634,0.00369822595019012,0.07848978606976313,0.05862062337307653,0.3171232608506599,0.06064362527138422,0.06973501271657512,0.052995263892236286,0.057730441210615456,-0.024497766040964142,-0.024497766040964142,-0.04026919150511756,-0.04026919150511756,-0.021970539432170522,-0.021970539432170522,-0.013313521376192237,-0.013313521376192237,0.3446585795504552,0.3446585795504552,0.7562892984178119,0.7562892984178119,0.8406052412719751,0.8406052412719751,0.5303246867752256,0.5303246867752256,0.15727018397205497,0.15727018397205497,0.08814797935540002,0.08814797935540002,-0.6541160084050122,-0.6541160084050122,,
serum_liver,SER-HCC-40,HCC,serum,Ag colloid SERS,biological_range,0.005470612819255065,0.01622057907607019,0.0042184735863932355,0.003900297119397917,0.07172284326595134,0.056459186890205355,0.30768600368983756,0.05635772767309898,0.0836471619907575,0.03506937550834596,0.07033470750189175,-0.02081164382677224,-0.02081164382677224,-0.14661651629509168,-0.14661651629509168,-0.015050671336740455,-0.015050671336740455,-0.0032099629158023916,-0.0032099629158023916,0.10678711355841249,0.10678711355841249,0.6533081884189961,0.6533081884189961,0.6844922006611645,0.6844922006611645,0.31602980686096377,0.31602980686096377,0.552463752663971,0.552463752663971,-0.7797456150968358,-0.7797456150968358,-0.023902693841197642,-0.023902693841197642,,
serum_liver,SER-HCC-41,HCC,serum,Ag colloid SERS,biological_range,0.005336338397445329,0.033063251392532196,0.03953536252948967,0.03930054277988821,0.04208142045524509,0.05667032525513934,0.23081039606499398,0.011804383478838762,0.036716386328922816,0.0434697123490541,0.04618754837435179,-0.02752536491725907,-0.02752536491725907,0.6955170995280086,0.6955170995280086,1.7507937758180814,1.7507937758180814,1.7668023201087124,1.7668023201087124,-0.9351677104281231,-0.9351677104281231,0.6633678239236924,0.6633678239236924,-0.587199844029519,-0.587199844029519,-1.9116374028520473,-1.9116374028520473,-0.7806689179075326,-0.7806689179075326,-0.37303782024948784,-0.37303782024948784,-1.2312606502181955,-1.2312606502181955,,
serum_liver,SER-HCC-42,HCC,serum,Ag colloid SERS,biological_range,0.005779319803363784,0.01763084539960464,0.004357986323271359,0.003683680166281732,0.08604747178317922,0.06499544302311577,0.2817670838857505,0.053589899561195455,0.08744850242729628,0.05615481733266007,0.07980515822693394,-0.005376294621336304,-0.005376294621336304,-0.0761032001183692,-0.0761032001183692,-0.008075034492834293,-0.008075034492834293,-0.014040810571611648,-0.014040810571611648,0.6103262277452547,0.6103262277452547,1.0600160138710695,1.0600160138710695,0.25573612132473933,0.25573612132473933,0.17763840126578737,0.17763840126578737,0.6604460107120851,0.6604460107120851,0.24111982284504554,0.24111982284504554,0.44961984241091224,0.44961984241091224,,
serum_liver,SER-HCC-43,HCC,serum,Ag colloid SERS,biological_range,0.006309464226325139,0.01747662055365304,0.004326672787336698,0.003974686344878984,0.08321165806406255,0.0546256551642103,0.31941253289429716,0.055865872455880906,0.08321416819775901,0.03583976224795696,0.07164808463858736,0.02113092652673144,0.02113092652673144,-0.08381444241594929,-0.08381444241594929,-0.009640711289567346,-0.009640711289567346,0.0005094983582509469,0.0005094983582509469,0.5106417489187675,0.5106417489187675,0.5659500199706712,0.5659500199706712,0.8784748482379886,0.8784748482379886,0.29143704600005993,0.29143704600005993,0.540163973607253,0.540163973607253,-0.7424468379182276,-0.7424468379182276,0.04176616299358324,0.04176616299358324,,
serum_liver,SER-HCC-44,HCC,serum,Ag colloid SERS,biological_range,0.005578647769943301,0.017524721873129947,0.0045260349394577164,0.0037020360729249717,0.08219030368490524,0.04547667529843783,0.30447853172595335,0.056993691024088466,0.07807492314969232,0.04368194270724311,0.06608744548567688,-0.015409896292360465,-0.015409896292360465,-0.08140937644210387,-0.08140937644210387,0.00032739631648358997,0.00032739631648358997,-0.013123015239449651,-0.013123015239449651,0.4747391160000008,0.4747391160000008,0.1300491228587111,0.1300491228587111,0.6314335425762067,0.6314335425762067,0.34782797441043795,0.34782797441043795,0.39417671089891104,0.39417671089891104,-0.3627625488388904,-0.3627625488388904,-0.23626579465194086,-0.23626579465194086,,
serum_liver,SER-HCC-45,HCC,serum,Ag colloid SERS,biological_range,0.0063647414608670235,0.018454351955114034,0.004368648357692118,0.0038778759142740044,0.08574847953683826,0.06108599987233479,0.31315255758486127,0.05397740859535746,0.09230290098301687,0.05896465307688058,0.061741353209705446,0.023894788253825665,0.023894788253825665,-0.03492787234289953,-0.03492787234289953,-0.007541932771796319,-0.007541932771796319,-0.004331023171998019,-0.004331023171998019,0.5998160570493659,0.5998160570493659,0.8737515557964581,0.8737515557964581,0.7749210546885626,0.7749210546885626,0.19701385297388774,0.19701385297388774,0.798341820430591,0.798341820430591,0.3771598556538781,0.3771598556538781,-0.45357040845051266,-0.45357040845051266,,
serum_liver,SER-HCC-46,HCC,serum,Ag colloid SERS,biological_range,0.0063896386530845435,0.01716468832364712,0.004477731315478047,0.0038516698858186466,0.07821284836098913,0.048425702931178934,0.3045231944439751,0.060054201370310194,0.08487814993385323,0.05483902221288963,0.09371590182699947,0.025139647864701662,0.025139647864701662,-0.09941105391624519,-0.09941105391624519,-0.002087784882499888,-0.002087784882499888,-0.005641324594765911,-0.005641324594765911,0.33492366960893155,0.33492366960893155,0.2705548196226716,0.2705548196226716,0.6321723624042028,0.6321723624042028,0.5008534917215243,0.5008534917215243,0.5874316435815526,0.5874316435815526,0.1774147427059466,0.1774147427059466,1.1451570224141887,1.1451570224141887,,
serum_liver,SER-HCC-47,HCC,serum,Ag colloid SERS,biological_range,0.0034452054054229385,0.010082117142301193,0.002831060753100517,0.0029907943827511218,0.0410120363714319,0.035464144227883715,0.28333790598676656,0.035408016723759005,0.05573399926525047,0.03653816960652584,0.036278186848385366,-0.12208201451837858,-0.12208201451837858,-0.45353961298354156,-0.45353961298354156,-0.08442131300137637,-0.08442131300137637,-0.04868509974814215,-0.04868509974814215,-0.9727586827623229,-0.9727586827623229,-0.34699545916556146,-0.34699545916556146,0.28172098220850383,0.28172098220850383,-0.7314557406060351,-0.7314557406060351,-0.24044769283369755,-0.24044769283369755,-0.7086329894863157,-0.7086329894863157,-1.7267287265165165,-1.7267287265165165,,
serum_liver,SER-HCC-48,HCC,serum,Ag colloid SERS,biological_range,0.006035153178338249,0.016913896196790575,0.0048236871204907165,0.0036534798088362222,0.07032666404771161,0.04535795407595477,0.29940988395620516,0.05989136418337684,0.08376198548919453,0.05672183985219463,0.09119055802304171,0.007415374127386952,0.007415374127386952,-0.11195066025907248,-0.11195066025907248,0.015210005368133592,0.015210005368133592,-0.015550828443887128,-0.015550828443887128,0.05770864384780231,0.05770864384780231,0.12439267939224317,0.12439267939224317,0.5475869331603365,0.5475869331603365,0.4927116323748565,0.4927116323748565,0.5557254706934943,0.5557254706934943,0.26857258848072074,0.26857258848072074,1.0188898322163007,1.0188898322163007,,
serum_liver,SER-HCC-49,HCC,serum,Ag colloid SERS,biological_range,0.005527683668509163,0.017601556573600255,0.004258286674765316,0.0036858159076185283,0.07230770259397894,0.04274711723953318,0.29641891487222016,0.05585587346410336,0.07282689532719451,0.047787372458328196,0.07996074517821704,-0.01795810136406735,-0.01795810136406735,-0.07756764141858846,-0.07756764141858846,-0.013060016918136448,-0.013060016918136448,-0.013934023504771822,-0.013934023504771822,0.1273460793706666,0.1273460793706666,0.0,0.0,0.4981097100523098,0.4981097100523098,0.29093709641118265,0.29093709641118265,0.24509932516267566,0.24509932516267566,-0.16399548596671198,-0.16399548596671198,0.4573991899750669,0.4573991899750669,,
serum_liver,SER-HCC-5,HCC,serum,Ag colloid SERS,biological_range,0.005515870333991667,0.019193508116117856,0.004350048868532891,0.00363949994794033,0.07760130079819733,0.05824557079004763,0.3056644341067044,0.05697516755194037,0.08456622166231605,0.03914067052650775,0.05339438917559257,-0.018548768089942172,-0.018548768089942172,0.002029935707291604,0.002029935707291604,-0.00847190722975768,-0.00847190722975768,-0.01624982148868174,-0.01624982148868174,0.3134265593920099,0.3134265593920099,0.7384200102780403,0.7384200102780403,0.6510509826196138,0.6510509826196138,0.34690180080303307,0.34690180080303307,0.5785708957290663,0.5785708957290663,-0.582631207614339,-0.582631207614339,-0.8709186101561566,-0.8709186101561566,,
serum_liver,SER-HCC-50,HCC,serum,Ag colloid SERS,biological_range,0.0058600577954885606,0.018704778547758174,0.004526125456531253,0.0038788932230852803,0.07851459259912674,0.056846258852613046,0.29638285503700457,0.058059403234296376,0.08151394418060279,0.060696980222666744,0.08310351653201387,-0.0013393950150974825,-0.0013393950150974825,-0.02240654271069252,-0.02240654271069252,0.0003319221701604015,0.0003319221701604015,-0.0042801577314342245,-0.0042801577314342245,0.3455305782767593,0.3455305782767593,0.6717501369352041,0.6717501369352041,0.4975132008734775,0.4975132008734775,0.40111358492083343,0.40111358492083343,0.49186679222474794,0.49186679222474794,0.461031605891634,0.461031605891634,0.6145377576649083,0.6145377576649083,,
serum_liver,SER-HCC-6,HCC,serum,Ag colloid SERS,biological_range,0.005410407157357061,0.01597664991263479,0.003920138756239077,0.0037819478180865134,0.08167385606644027,0.05415398236555695,0.33638304937946617,0.05004656855314244,0.07829774581968746,0.04812258830793713,0.058699657319844833,-0.023821926921672443,-0.023821926921672443,-0.15881297446686174,-0.15881297446686174,-0.0299674128444484,-0.0299674128444484,-0.00912742798137257,-0.00912742798137257,0.4565849575160308,0.4565849575160308,0.5434772854043299,0.5434772854043299,1.1592046073287927,1.1592046073287927,0.0004718508631366969,0.0004718508631366969,0.40050629264831444,0.40050629264831444,-0.14776579166068748,-0.14776579166068748,-0.6056552029435432,-0.6056552029435432,,
serum_liver,SER-HCC-7,HCC,serum,Ag colloid SERS,biological_range,0.0067383104767859215,0.02064119969514584,0.004691027571372969,0.0036331223917849477,0.08378682744215939,0.06478219771053521,0.27971854099639476,0.055257933487522545,0.09481344749354201,0.04550537655130383,0.0528659156302575,0.04257323904977056,0.04257323904977056,0.07441451465869074,0.07441451465869074,0.008577027912246233,0.008577027912246233,-0.016568699296450853,-0.016568699296450853,0.5308600937649152,0.5308600937649152,1.0498559933635876,1.0498559933635876,0.2218487053277895,0.2218487053277895,0.2610400975821419,0.2610400975821419,0.8696573170737057,0.8696573170737057,-0.274479808297567,-0.274479808297567,-0.89734228742291,-0.89734228742291,,
serum_liver,SER-HCC-8,HCC,serum,Ag colloid SERS,biological_range,0.0058077098912815905,0.01609105369556188,0.004331819610169345,0.0036664441420663474,0.07441616588390255,0.04934204842175532,0.2990691368234993,0.053268202253055945,0.07921557655326616,0.058344582999144086,0.10402914475045703,-0.003956790225445985,-0.003956790225445985,-0.1530927853205072,-0.1530927853205072,-0.009383370147934963,-0.009383370147934963,-0.014902611782380866,-0.014902611782380866,0.2014627474592485,0.2014627474592485,0.3142138753061458,0.3142138753061458,0.5419502243094891,0.5419502243094891,0.16155353585881188,0.16155353585881188,0.42657852605449353,0.42657852605449353,0.3471387578396894,0.3471387578396894,1.6608191685870666,1.6608191685870666,,
serum_liver,SER-HCC-9,HCC,serum,Ag colloid SERS,biological_range,0.005158930086688642,0.015260578173882945,0.003910887280339199,0.0032901525541620433,0.07030586088531529,0.04903847453006095,0.2681494756284434,0.04886541765170895,0.08712676324399515,0.0632674199487294,0.05342292554759717,-0.036395780455093396,-0.036395780455093396,-0.19461656140445396,-0.19461656140445396,-0.030429986639442283,-0.030429986639442283,-0.03371719117759608,-0.03371719117759608,0.056977371413565785,0.056977371413565785,0.29975017184731545,0.29975017184731545,0.030470856781513345,0.030470856781513345,-0.058585694208537764,-0.058585694208537764,0.651306570534229,0.651306570534229,0.5854811241191482,0.5854811241191482,-0.8694917915559264,-0.8694917915559264,,
serum_liver,SER-LM-1,LM,serum,Ag colloid SERS,biological_range,0.0071130517990256594,0.022493511320070138,0.005045093593721136,0.0035675506335119114,0.055656740245844896,0.0377863136141221,0.3150659119849159,0.0677192150449136,0.08595903116224984,0.042822898852727956,0.08714674290672031,0.061310305161757464,0.061310305161757464,0.16703009590490567,0.16703009590490567,0.026280329029654572,0.026280329029654572,-0.01984728721010267,-0.01984728721010267,-0.45796828470196205,-0.45796828470196205,-0.23635626948998364,-0.23635626948998364,0.8065721550102344,0.8065721550102344,0.8841041754516946,0.8841041754516946,0.6181355486046868,0.6181355486046868,-0.40435371814223625,-0.40435371814223625,0.8166990764002304,0.8166990764002304,,
serum_liver,SER-LM-10,LM,serum,Ag colloid SERS,biological_range,0.007413469190236209,0.02532812831863962,0.00487630253321298,0.03314769415937632,0.0599744145944738,0.045873059737838374,0.26898197236039567,0.045615911929437085,0.04993603028721305,0.05662591717241935,0.07295227685348464,0.07633117472228496,0.07633117472228496,0.30876094583337976,0.30876094583337976,0.017840776004246755,0.017840776004246755,1.459159889083118,1.459159889083118,-0.3061934645562884,-0.3061934645562884,0.14893476205246722,0.14893476205246722,0.04424218820852627,0.04424218820852627,-0.22106098032213112,-0.22106098032213112,-0.4051469069118392,-0.4051469069118392,0.2639284292872229,0.2639284292872229,0.10697577373844705,0.10697577373844705,,
serum_liver,SER-LM-11,LM,serum,Ag colloid SERS,biological_range,0.007899174265576868,0.022201218764155452,0.011831873427286579,0.0029299378218267825,0.044217146402624724,0.03494954909633047,0.19790868758857127,0.02389263188251648,0.06718944982157458,0.04676997348060702,0.05589012152103341,0.10061642848931789,0.10061642848931789,0.1524154681091714,0.1524154681091714,0.3656193207079267,0.3656193207079267,-0.05172792779435911,-0.05172792779435911,-0.8600927058375321,-0.8600927058375321,-0.3715132177336713,-0.3715132177336713,-1.1314666435894518,-1.1314666435894518,-1.3072249826681612,-1.3072249826681612,0.08495999918472938,0.08495999918472938,-0.21325352199018707,-0.21325352199018707,-0.7461319928841144,-0.7461319928841144,,
serum_liver,SER-LM-12,LM,serum,Ag colloid SERS,biological_range,0.010950052658619558,0.025098624170173615,0.00692195220540757,0.021590416500602894,0.04494813058027376,0.07944265725751462,0.26839528562215914,0.04010951424378678,0.04630515049155745,0.06735000165086912,0.09043790055152533,0.2531603481414524,0.2531603481414524,0.2972857384100795,0.2972857384100795,0.12012325961397625,0.12012325961397625,0.8812960061444464,0.8812960061444464,-0.8343971616315994,-0.8343971616315994,1.7483499853013824,1.7483499853013824,0.034537096037003556,0.034537096037003556,-0.4963808646046463,-0.4963808646046463,-0.5082869980406299,-0.5082869980406299,0.7831419837783666,0.7831419837783666,0.9812569586404813,0.9812569586404813,,
serum_liver,SER-LM-14,LM,serum,Ag colloid SERS,biological_range,0.0095604484360043,0.02163535055515833,0.008787861889488971,0.0036838672703644083,0.056137696166297324,0.03434939787325762,0.2995409886795702,0.050711231481957386,0.04020994024445668,0.061943692162610746,0.11537295085524657,0.18368013701068947,0.18368013701068947,0.12412205765931529,0.12412205765931529,0.21341874381804632,0.21341874381804632,-0.014031455367477822,-0.014031455367477822,-0.4410617298229808,-0.4410617298229808,-0.40010727525466305,-0.40010727525466305,0.5497556943431853,0.5497556943431853,0.033704997303883946,0.033704997303883946,-0.6814297556409544,-0.6814297556409544,0.5213919787575559,0.5213919787575559,2.2280094738265435,2.2280094738265435,,
serum_liver,SER-LM-15,LM,serum,Ag colloid SERS,biological_range,0.012010280654390155,0.03238843731536074,0.012402448656160268,0.017091087919074488,0.04628071546577054,0.03336882086985662,0.2652138968302114,0.04268826474549138,0.013726388400393693,0.10441742441977603,0.11642332811767422,0.30617174792998225,0.30617174792998225,0.6617763956694356,0.6617763956694356,0.3941480821516112,0.3941480821516112,0.6563295770680261,0.6563295770680261,-0.7875541588957995,-0.7875541588957995,-0.44682662558015057,-0.44682662558015057,-0.018090088876206722,-0.018090088876206722,-0.3674433395194163,-0.3674433395194163,-1.4337311548442573,-1.4337311548442573,2.577785467830091,2.577785467830091,2.2805283369479263,2.2805283369479263,,
serum_liver,SER-LM-16,LM,serum,Ag colloid SERS,biological_range,0.007474922459995413,0.01802160002329838,0.0058874645637714135,0.003570065433743653,0.05455767194171294,0.02788171290068738,0.30637265845345657,0.05851390746453575,0.06217923924441564,0.0529917909464186,0.11002169167996215,0.07940383821024512,0.07940383821024512,-0.05656546893368225,-0.05656546893368225,0.06839887753216845,0.06839887753216845,-0.019721547198515595,-0.019721547198515595,-0.49660271627747216,-0.49660271627747216,-0.7082585361759127,-0.7082585361759127,0.6627665748008965,0.6627665748008965,0.423838796432802,0.423838796432802,-0.057361863445068564,-0.057361863445068564,0.0879798344152721,0.0879798344152721,1.9604465150623223,1.9604465150623223,,
serum_liver,SER-LM-17,LM,serum,Ag colloid SERS,biological_range,0.005949677962189782,0.011730757962336245,0.0040155391744856744,0.0028409523730967344,0.0908816304586741,0.02712915165043324,0.28279052346627115,0.05548089016511707,0.06529576267930194,0.019386406469737643,0.06051032812795672,0.003141613319963604,0.003141613319963604,-0.37110757198178895,-0.37110757198178895,-0.02519739193211851,-0.02519739193211851,-0.05617720023086152,-0.05617720023086152,0.7802564967480282,0.7802564967480282,-0.7441141319833454,-0.7441141319833454,0.27266606845596797,0.27266606845596797,0.27218793146186815,0.27218793146186815,0.031167233955454357,0.031167233955454357,-1.5390468044779433,-1.5390468044779433,-0.5151216625379491,-0.5151216625379491,,
serum_liver,SER-LM-18,LM,serum,Ag colloid SERS,biological_range,0.0034886514330904456,0.011932193967950302,0.11139995296121799,0.017520933279647214,0.03229755936337021,0.030802039231068976,0.08306591513246406,0.011737617077971028,0.05675627538720495,0.030828146930787417,0.036284470224777966,-0.11990971313500323,-0.11990971313500323,-0.3610357717010861,-0.3610357717010861,5.344023297404497,4.0,0.6778218450966624,0.6778218450966624,-1.2790898401786253,-1.2790898401786253,-0.5691203059088012,-0.5691203059088012,-3.0312193042169726,-3.0312193042169726,-1.9149757228954338,-1.9149757228954338,-0.21140854576434814,-0.21140854576434814,-0.9850874668501258,-0.9850874668501258,-1.7264145576968866,-1.7264145576968866,,
serum_liver,SER-LM-19,LM,serum,Ag colloid SERS,biological_range,0.005165648959262374,0.011616181809394428,0.0035657177751239294,0.0033589010965022616,0.07189054420302347,0.01799037082585336,0.3215044211532867,0.047132680937145066,0.056662542583001616,0.03536816815501514,0.0776632781762818,-0.03605983682640683,-0.03605983682640683,-0.37683637962887984,-0.37683637962887984,-0.04768846190020576,-0.04768846190020576,-0.030279764060585163,-0.030279764060585163,0.11268213423556635,0.11268213423556635,-1.1795290982843565,-1.1795290982843565,0.9130792922161217,0.9130792922161217,-0.14522252993673204,-0.14522252993673204,-0.21407115386799744,-0.21407115386799744,-0.7652793739510606,-0.7652793739510606,0.34252583987830487,0.34252583987830487,,
serum_liver,SER-LM-2,LM,serum,Ag colloid SERS,biological_range,0.016908235027324053,0.04598593519791388,0.006255374362550685,0.011766737959402302,0.04479858022544431,0.02445147083777825,0.14719827790245482,0.03276539511032089,0.032034861150107716,0.04167467091905039,0.06848308639903954,0.5510694665766771,0.5510694665766771,1.3416512897970927,1.3416512897970927,0.08679436747113202,0.08679436747113202,0.39011207908441686,0.39011207908441686,-0.839654153329959,-0.839654153329959,-0.8716915761946343,-0.8716915761946343,-1.9703286256051795,-1.9703286256051795,-0.863586821277941,-0.863586821277941,-0.9136540236503496,-0.9136540236503496,-0.4599459235196534,-0.4599459235196534,-0.11648374898380817,-0.11648374898380817,,
serum_liver,SER-LM-20,LM,serum,Ag colloid SERS,biological_range,0.008983695491508771,0.030542035262725295,0.007158479301584135,0.003855129899398851,0.09621351454473799,0.02414345429401726,0.2646457981736665,0.06321753627316483,0.0653006819673986,0.048132055643564604,0.09784100997431737,0.15484248978591303,0.15484248978591303,0.5694562930376635,0.5694562930376635,0.1319496144228045,0.1319496144228045,-0.0054683239157556855,-0.0054683239157556855,0.9676828014800897,0.9676828014800897,-0.8863669487192851,-0.8863669487192851,-0.027487693193731913,-0.027487693193731913,0.659020236864256,0.659020236864256,0.03130697304105717,0.03130697304105717,-0.14730742442266537,-0.14730742442266537,1.3514124297800834,1.3514124297800834,,
serum_liver,SER-LM-21,LM,serum,Ag colloid SERS,biological_range,0.008326433209587284,0.025091992644242694,0.006373976919549215,0.003155675998465948,0.06692372338963665,0.028748730714109858,0.27168306418645516,0.054982145624703126,0.07304324118832634,0.08178368820695377,0.08436559138154637,0.12197937568983871,0.12197937568983871,0.2969541621135335,0.2969541621135335,0.09272449532105853,0.09272449532105853,-0.040441018962400835,-0.040441018962400835,-0.061911472131935374,-0.061911472131935374,-0.6669496855469144,-0.6669496855469144,0.08892420235196727,0.08892420235196727,0.24725070444117092,0.24725070444117092,0.25124492432549345,0.25124492432549345,1.4819583457956003,1.4819583457956003,0.6776415001415333,0.6776415001415333,,
serum_liver,SER-LM-22,LM,serum,Ag colloid SERS,biological_range,0.00846933637219144,0.020085398590768376,0.006147263304946421,0.003894540283048546,0.06279182168252054,0.03853513364709849,0.28799032394451135,0.0695689636721025,0.07578795844804834,0.04664486526035806,0.09683465833980535,0.1291245338200465,0.1291245338200465,0.046624459439817585,0.046624459439817585,0.08138881459091879,0.08138881459091879,-0.003497804733270933,-0.003497804733270933,-0.20715601533290506,-0.20715601533290506,-0.20067892306025073,-0.20067892306025073,0.35868223283448436,0.35868223283448436,0.9765916068111394,0.9765916068111394,0.32921236038030693,0.32921236038030693,-0.21931071818833858,-0.21931071818833858,1.3010948480544828,1.3010948480544828,,
serum_liver,SER-LM-23,LM,serum,Ag colloid SERS,biological_range,0.008448206413539508,0.021928466538661102,0.006662684821876966,0.003976616638224927,0.06928175683990982,0.03914110337476791,0.29727639880499096,0.06694562140481745,0.0616927218927105,0.05992161804292062,0.1003854828121481,0.1280680358874499,0.1280680358874499,0.1387778568344539,0.1387778568344539,0.10715989043744607,0.10715989043744607,0.000606013025548132,0.000606013025548132,0.02097808227050423,0.02097808227050423,-0.1718076443177998,-0.1718076443177998,0.5122943848723929,0.5122943848723929,0.8454244934468873,0.8454244934468873,-0.07118205216369432,-0.07118205216369432,0.4234919395291604,0.4234919395291604,1.4786360716716198,1.4786360716716198,,
serum_liver,SER-LM-24,LM,serum,Ag colloid SERS,biological_range,0.007293658298859719,0.018684802201593107,0.0049429663081935245,0.0038094843955123383,0.06586774491410595,0.042633965823043955,0.27801813342023923,0.06681891156653383,0.08702113126424885,0.025051187500031644,0.08572912350767634,0.07034063015346043,0.07034063015346043,-0.02340536001894586,-0.02340536001894586,0.021173964753273995,0.021173964753273995,-0.007750599110081325,-0.007750599110081325,-0.09903121073664718,-0.09903121073664718,-0.005391071428811947,-0.005391071428811947,0.19372021497645028,0.19372021497645028,0.839089001532706,0.839089001532706,0.6483059501253174,0.6483059501253174,-1.2647827309280373,-1.2647827309280373,0.7458181064480318,0.7458181064480318,,
serum_liver,SER-LM-25,LM,serum,Ag colloid SERS,biological_range,0.00786755463972803,0.021646846419355457,0.005331640132098889,0.0033968761031505997,0.07848126646683609,0.028343866294601602,0.24477059476129545,0.05394548688589419,0.06496186090018578,0.03501026037075223,0.11368627847262994,0.09903544719687597,0.09903544719687597,0.12469685086917165,0.12469685086917165,0.040607655948542196,0.040607655948542196,-0.028381013728168255,-0.028381013728168255,0.3443590986036407,0.3443590986036407,-0.6862393513087333,-0.6862393513087333,-0.356267378285331,-0.356267378285331,0.19541776750072423,0.19541776750072423,0.021682298660347023,0.021682298660347023,-0.7826077130946606,-0.7826077130946606,2.143675854695712,2.143675854695712,,
serum_liver,SER-LM-26,LM,serum,Ag colloid SERS,biological_range,0.007983880224214082,0.026030812913272097,0.007288448433861869,0.00904892503249576,0.07324976003989174,0.029900633827304162,0.2732274016004758,0.056621742116894455,0.031167602747364007,0.12254722865961293,0.07670199506563381,0.10485172642117858,0.10485172642117858,0.34389517556500365,0.34389517556500365,0.13844807103669118,0.13844807103669118,0.25422143273908976,0.25422143273908976,0.16046126775112252,0.16046126775112252,-0.6120675448280417,-0.6120675448280417,0.11447094811965315,0.11447094811965315,0.3292305290507374,0.3292305290507374,-0.9382896810461749,-0.9382896810461749,3.455551781636215,3.455551781636215,0.29446168434590564,0.29446168434590564,,
serum_liver,SER-LM-27,LM,serum,Ag colloid SERS,biological_range,0.008733786005857237,0.02363114077231175,0.007641708402220737,0.004206577178166899,0.06407157760504278,0.028590453605698146,0.23702127592372307,0.059700103629875,0.05049140975264832,0.16339895866391438,0.08766798387397061,0.14234701550333634,0.14234701550333634,0.22391156851698635,0.22391156851698635,0.15611106945463463,0.15611106945463463,0.01210404002264672,0.01210404002264672,-0.1621700554647518,-0.1621700554647518,-0.6744907594765952,-0.6744907594765952,-0.48445819747994545,-0.48445819747994545,0.48314860469976445,0.48314860469976445,-0.38937059596246787,-0.38937059596246787,5.433414972220854,4.0,0.8427611247627455,0.8427611247627455,,
serum_liver,SER-LM-28,LM,serum,Ag colloid SERS,biological_range,0.0012172331315409301,0.011073376837503538,0.16581211009941985,0.04266395904701269,0.07165139063839439,0.014462227066028706,0.10848882384940535,0.018557632192539687,0.008812990075061783,0.006720135977113532,0.01790618058616822,-0.233480628212479,-0.233480628212479,-0.4039766282234243,-0.4039766282234243,8.06463115431459,4.0,1.9349731334649363,1.9349731334649363,0.10427541192907683,0.10427541192907683,-1.3476266405908046,-1.3476266405908046,-2.6106683418622545,-2.6106683418622545,-1.573974967167001,-1.573974967167001,-1.5733029334619735,-1.5733029334619735,-2.1522925633897874,-2.1522925633897874,-2.645329039627374,-2.645329039627374,,
serum_liver,SER-LM-29,LM,serum,Ag colloid SERS,biological_range,0.004703752832898822,0.0169844252015755,0.0037356904030067715,0.0029787493822076346,0.03577765290689595,0.021882957237379833,0.3292777879228733,0.04040098783843045,0.051638793154220056,0.02914200613125983,0.06486747123761025,-0.0591546431445844,-0.0591546431445844,-0.1084242100198262,-0.1084242100198262,-0.03918983050606366,-0.03918983050606366,-0.04928734977531651,-0.04928734977531651,-1.1567576471945786,-1.1567576471945786,-0.9940677754085571,-0.9940677754085571,1.0416679172268932,1.0416679172268932,-0.4818071848724629,-0.4818071848724629,-0.35677760603772074,-0.35677760603772074,-1.066723074967026,-1.066723074967026,-0.29726450705527263,-0.29726450705527263,,
serum_liver,SER-LM-3,LM,serum,Ag colloid SERS,biological_range,0.005369024107997363,0.025264444834544136,0.004153383526689737,0.003503451080365717,0.0536072622144705,0.0243740414408547,0.3273932569296183,0.05947992807167951,0.05828885698612172,0.0443425760971823,0.07834560484479516,-0.02589107938965737,-0.02589107938965737,0.3055767716286056,0.3055767716286056,-0.01830517432191538,-0.01830517432191538,-0.023052264867412388,-0.023052264867412388,-0.5300115039186074,-0.5300115039186074,-0.8753806807808279,-0.8753806807808279,1.010493619603248,1.010493619603248,0.47213982678999017,0.47213982678999017,-0.1678734758444579,-0.1678734758444579,-0.3307775517703628,-0.3307775517703628,0.3766421733039732,0.3766421733039732,,
serum_liver,SER-LM-30,LM,serum,Ag colloid SERS,biological_range,0.008432689784898613,0.02385726358002596,0.00843832280910768,0.004398528570989261,0.07215794162799428,0.036103751058340454,0.35032914350380656,0.06643679656670172,0.044589608704613815,0.0555127788233967,0.0878075498568377,0.12729220445540515,0.12729220445540515,0.23521770890269686,0.23521770890269686,0.19594178979898177,0.19594178979898177,0.021701609663764797,0.021701609663764797,0.1220816842723237,0.1220816842723237,-0.3165215489279757,-0.3165215489279757,1.3899037523551245,1.3899037523551245,0.8199832515411006,0.8199832515411006,-0.5570193015590026,-0.5570193015590026,0.21003510906973788,0.21003510906973788,0.8497394239060998,0.8497394239060998,,
serum_liver,SER-LM-31,LM,serum,Ag colloid SERS,biological_range,0.007029897392158869,0.022944425191813576,0.007257011151932362,0.010915290805380368,0.04789730084181005,0.020151341780497833,0.33708963399445807,0.04268816693946426,0.023586266670535417,0.03448616008336183,0.07192903553371516,0.05715258481841794,0.05715258481841794,0.1895757894920776,0.1895757894920776,0.13687620694021588,0.13687620694021588,0.3475397213833201,0.3475397213833201,-0.7307279754258866,-0.7307279754258866,-1.0765701682634865,-1.0765701682634865,1.1708930747314965,1.1708930747314965,-0.3674482298207722,-0.3674482298207722,-1.1536478691023293,-1.1536478691023293,-0.8079823708262952,-0.8079823708262952,0.05581370774997291,0.05581370774997291,,
serum_liver,SER-LM-32,LM,serum,Ag colloid SERS,biological_range,0.0075834165611650675,0.024132517538778143,0.007301137369428365,0.01802172900458763,0.06778445753859158,0.027125081558555867,0.32658645897139443,0.059559242861810205,0.04797033407793714,0.04939427898393122,0.07838525313019871,0.08482854326872787,0.08482854326872787,0.24898040684030592,0.24898040684030592,0.139082517815016,0.139082517815016,0.7028616313436832,0.7028616313436832,-0.031654958994866776,-0.031654958994866776,-0.7443080505105151,-0.7443080505105151,0.9971474025541042,0.9971474025541042,0.4761055662965249,0.4761055662965249,-0.4609851878703055,-0.4609851878703055,-0.08619605697396615,-0.08619605697396615,0.37862458757415074,0.37862458757415074,,
serum_liver,SER-LM-33,LM,serum,Ag colloid SERS,biological_range,0.007463156041538727,0.021007718284586918,0.0071937567566847885,0.00788327547010363,0.05993834316772036,0.027614957199139298,0.3253783481999313,0.06422275911283881,0.05473730611291087,0.05551688551507987,0.08760246218504524,0.07881551728741083,0.07881551728741083,0.09274044413074468,0.09274044413074468,0.13371348717783718,0.13371348717783718,0.19593895461948327,0.19593895461948327,-0.30746144677677223,-0.30746144677677223,-0.7209680460142232,-0.7209680460142232,0.9771625867634798,0.9771625867634798,0.7092813788479552,0.7092813788479552,-0.2687601207699648,-0.2687601207699648,0.21023393722987632,0.21023393722987632,0.8394850403164767,0.8394850403164767,,
serum_liver,SER-LM-34,LM,serum,Ag colloid SERS,biological_range,0.00980238095854905,0.03822604987760789,0.00959767004870455,0.06346837659097408,0.08470066520359866,0.024955415679411938,0.28453934356293314,0.06455111327481643,0.021978908551740353,0.056642117848057116,0.08941819514730538,0.195776763137927,0.195776763137927,0.9536570237817932,0.9536570237817932,0.2539091517788253,0.2539091517788253,2.975194010663006,2.975194010663006,0.5629833042448382,0.5629833042448382,-0.8476812480721642,-0.8476812480721642,0.30159540863592826,0.30159540863592826,0.7256990869468359,0.7256990869468359,-1.1993070680236173,-1.1993070680236173,0.2647127955797439,0.2647127955797439,0.9302716884294842,0.9302716884294842,,
serum_liver,SER-LM-35,LM,serum,Ag colloid SERS,biological_range,0.0032242900512413413,0.011093312300546552,0.1571413290296904,0.002618604240571927,0.03286601647247863,0.007608207623881509,0.0472961331663164,0.028890139790108786,0.010563872246287045,0.10170412610751263,0.015230432386510676,-0.13312778222745844,-0.13312778222745844,-0.4029798550712736,-0.4029798550712736,7.631092100828118,4.0,-0.06729460685710188,-0.06729460685710188,-1.2591074449053787,-1.2591074449053787,-1.6741847123635993,-1.6741847123635993,-3.622930362796886,-3.622930362796886,-1.0573495872885461,-1.0573495872885461,-1.5235667381431357,-1.5235667381431357,2.4464193578431668,2.4464193578431668,-2.7791164496102514,-2.7791164496102514,,
serum_liver,SER-LM-36,LM,serum,Ag colloid SERS,biological_range,0.006783422577797922,0.018510971790258433,0.005496264332677904,0.00325665531256376,0.11867651158167052,0.017341024527713217,0.285096391519001,0.05146791035925134,0.0659340336947323,0.04979708533952124,0.0787534491027634,0.0448288441003706,0.0448288441003706,-0.03209688058567958,-0.03209688058567958,0.04883886597749298,0.04883886597749298,-0.03539205325751025,-0.03539205325751025,1.757301716648131,1.757301716648131,-1.2104670430659978,-1.2104670430659978,0.31081021000308895,0.31081021000308895,0.07153894116858177,0.07153894116858177,0.04929819240115157,0.04929819240115157,-0.06669392417393141,-0.06669392417393141,0.3970343862023849,0.3970343862023849,,
serum_liver,SER-LM-37,LM,serum,Ag colloid SERS,biological_range,0.006693869445310392,0.01674082809293402,0.0058632744062176246,0.003128124135023439,0.12283436573106928,0.021749529597644462,0.2798555013670605,0.04779138286686992,0.05415964022646956,0.05910671803574771,0.09050960131395641,0.040351187475994074,0.040351187475994074,-0.12060406545190017,-0.12060406545190017,0.067189369654479,0.067189369654479,-0.04181861213452629,-0.04181861213452629,1.9034585396881398,1.9034585396881398,-1.000424902510538,-1.000424902510538,0.2241143318274651,0.2241143318274651,-0.1122874334504892,-0.1122874334504892,-0.28516950789449563,-0.28516950789449563,0.384038023427572,0.384038023427572,0.9848419967620355,0.9848419967620355,,
serum_liver,SER-LM-38,LM,serum,Ag colloid SERS,biological_range,0.008470501400827881,0.02459822642291121,0.006818220288252155,0.004317607630500462,0.07416793774795559,0.02902967725501119,0.2600473768055064,0.059600033863966416,0.061650871214769296,0.06141023795948153,0.10664560490471735,0.12918278525186855,0.12918278525186855,0.2722658510469593,0.2722658510469593,0.1149366637562055,0.1149366637562055,0.017655562639324857,0.017655562639324857,0.19273703596588165,0.19273703596588165,-0.6535640566553753,-0.6535640566553753,-0.10355572117683806,-0.10355572117683806,0.47814511640433544,0.47814511640433544,-0.07237087773203794,-0.07237087773203794,0.4955644450858891,0.4955644450858891,1.7916421763000823,1.7916421763000823,,
serum_liver,SER-LM-39,LM,serum,Ag colloid SERS,biological_range,0.009391051962339358,0.03048311799756872,0.009268131545826532,0.019074819139178908,0.13435252309008808,0.03375585854104956,0.2243652705059305,0.03426507553858216,0.01894417758555732,0.07041566581914412,0.09366329968747582,0.1752103133274424,0.1752103133274424,0.5665104297798347,0.5665104297798347,0.23743222663492436,0.23743222663492436,0.7555161380732471,0.7555161380732471,2.3083446242836083,2.3083446242836083,-0.4283863108604414,-0.4283863108604414,-0.6938164309252158,-0.6938164309252158,-0.7886027998648775,-0.7886027998648775,-1.2855127388304541,-1.2855127388304541,0.9315681168328774,0.9315681168328774,1.142526915438006,1.142526915438006,,
serum_liver,SER-LM-4,LM,serum,Ag colloid SERS,biological_range,0.0064351255508116965,0.014585255789041943,0.00420539153608077,0.0034375042954339634,0.060282711002608624,0.029475376828357984,0.34677066442261484,0.04298628446468883,0.06332573478936657,0.0498221493246662,0.06374051612473289,0.027413992751059314,0.027413992751059314,-0.22838268064650405,-0.22838268064650405,-0.01570477385236372,-0.01570477385236372,-0.02634960411400007,-0.02634960411400007,-0.29535623411275597,-0.29535623411275597,-0.6323288100251893,-0.6323288100251893,1.331038662652896,1.331038662652896,-0.35254235355954394,-0.35254235355954394,-0.024794094298186076,-0.024794094298186076,-0.06548043496252344,-0.06548043496252344,-0.3536122626991406,-0.3536122626991406,,
serum_liver,SER-LM-40,LM,serum,Ag colloid SERS,biological_range,0.006904165936046071,0.020063559146952237,0.0056327551280216815,0.004434127780448969,0.10198713656845335,0.01355552977199005,0.2570221369285783,0.05300428629054311,0.08015778713102883,0.023063180284087444,0.09476172168529542,0.05086601201277803,0.05086601201277803,0.04553248724901062,0.04553248724901062,0.05566340574468184,0.05566340574468184,0.0234815701367502,0.0234815701367502,1.170637071182428,1.170637071182428,-1.3908260103215266,-1.3908260103215266,-0.15359985876004736,-0.15359985876004736,0.14835773773317004,0.14835773773317004,0.4533433021754847,0.4533433021754847,-1.3610333987606764,-1.3610333987606764,1.1974480153289861,1.1974480153289861,,
serum_liver,SER-LM-41,LM,serum,Ag colloid SERS,biological_range,0.006406236954573002,0.01827655736945087,0.00432944318722733,0.0028153679074390675,0.1580180293144535,0.026097336979544736,0.25122611371716225,0.058153262910653425,0.08000585724357986,0.032618869844238854,0.07040275581257231,0.025969562939124603,0.025969562939124603,-0.04381760162605764,-0.04381760162605764,-0.00950219129503575,-0.00950219129503575,-0.057456423513744866,-0.057456423513744866,3.140234123314489,3.140234123314489,-0.7932746883833245,-0.7932746883833245,-0.24947886169124944,-0.24947886169124944,0.40580656873868587,0.40580656873868587,0.4490275265732675,0.4490275265732675,-0.8983884473794902,-0.8983884473794902,-0.020500278307169356,-0.020500278307169356,,
serum_liver,SER-LM-42,LM,serum,Ag colloid SERS,biological_range,0.007383992712159485,0.021035494680555884,0.005757048290436015,0.0029482742101191273,0.1267797196276301,0.022067737795709804,0.25204191558263095,0.0552950854737664,0.08588882049450881,0.039609111947482414,0.08287163211285577,0.07485735081844873,0.07485735081844873,0.09412926392919299,0.09412926392919299,0.061878063865398535,0.061878063865398535,-0.05081110837974188,-0.05081110837974188,2.0421455572145324,2.0421455572145324,-0.9852639511214126,-0.9852639511214126,-0.23598370016455084,-0.23598370016455084,0.26289769689433473,0.26289769689433473,0.6161411188585718,0.6161411188585718,-0.5599513102539727,-0.5599513102539727,0.6029435367070034,0.6029435367070034,,
serum_liver,SER-LM-43,LM,serum,Ag colloid SERS,biological_range,0.007678800764035031,0.019925885979030156,0.0052405256749901465,0.00307299568546765,0.10988970048164085,0.026462293380281932,0.2620183668583261,0.05945290471578857,0.07732927313705375,0.03817688684705078,0.07950314678698192,0.08959775341222603,0.08959775341222603,0.0386488288529066,0.0386488288529066,0.03605193309310509,0.03605193309310509,-0.044575034612315746,-0.044575034612315746,1.4484278723795128,1.4484278723795128,-0.7758864303674496,-0.7758864303674496,-0.07095120008391771,-0.07095120008391771,0.47078865899544303,0.47078865899544303,0.3729955056313211,0.3729955056313211,-0.6292934239533644,-0.6292934239533644,0.43451927041331107,0.43451927041331107,,
serum_liver,SER-LM-44,LM,serum,Ag colloid SERS,biological_range,0.007434655027475957,0.018765790564134174,0.005701578877973663,0.01206873381211745,0.05165225715309117,0.021308224701598374,0.30698892186844445,0.05186295825002224,0.07766870471949902,0.06558897616450418,0.08084263194006777,0.07739046658427236,0.07739046658427236,-0.0193559418918925,-0.0193559418918925,0.05910459324228092,0.05910459324228092,0.40521187172017425,0.40521187172017425,-0.5987338107940562,-0.5987338107940562,-1.021450765820835,-1.021450765820835,0.6729609304162496,0.6729609304162496,0.09129133570712662,0.09129133570712662,0.38263752252961775,0.38263752252961775,0.697880784637085,0.697880784637085,0.5014935280676036,0.5014935280676036,,
serum_liver,SER-LM-45,LM,serum,Ag colloid SERS,biological_range,0.007405330781092489,0.01734653275943977,0.00541426186385291,0.009029673139595807,0.04970576471706143,0.028676035180150623,0.3102279625660494,0.05826894115109284,0.0641985707065508,0.055429488852758335,0.09933842600931185,0.07592425426509895,0.07592425426509895,-0.09031883212661275,-0.09031883212661275,0.044738742536243284,0.044738742536243284,0.2532588380940921,0.2532588380940921,-0.6671568819983824,-0.6671568819983824,-0.6704132463956395,-0.6704132463956395,0.7265418049593788,0.7265418049593788,0.4115904807606565,0.4115904807606565,0.0,0.0,0.2060025707401948,0.2060025707401948,1.4262832315298075,1.4262832315298075,,
serum_liver,SER-LM-46,LM,serum,Ag colloid SERS,biological_range,0.006974184479044122,0.018469592905464457,0.004979248076990158,0.0035743865433884065,0.09661387279532911,0.02463269765511366,0.2951604540451694,0.058424525704311385,0.079374876068052,0.04577660100822932,0.0883892759954482,0.05436693916268057,0.05436693916268057,-0.034165824825378374,-0.034165824825378374,0.02298805319310565,0.02298805319310565,-0.019505491716277915,-0.019505491716277915,0.9817561883478603,0.9817561883478603,-0.8630570690237541,-0.8630570690237541,0.4772919933309639,0.4772919933309639,0.4193697084215839,0.4193697084215839,0.43110364596935347,0.43110364596935347,-0.2613482990644757,-0.2613482990644757,0.878825730836625,0.878825730836625,,
serum_liver,SER-LM-47,LM,serum,Ag colloid SERS,biological_range,0.0066272811055991965,0.015258420493835013,0.005171029110790037,0.0027459000996762945,0.14944684578261166,0.018984856231709597,0.2575245551669853,0.05313162617306991,0.08103909124892045,0.03261335267815436,0.06859153364580409,0.037021770490434314,0.037021770490434314,-0.19472444540685058,-0.19472444540685058,0.032577104883099596,0.032577104883099596,-0.06092981390188351,-0.06092981390188351,2.83894001589901,2.83894001589901,-1.1321470855422304,-1.1321470855422304,-0.14528875337005576,-0.14528875337005576,0.15472473185950997,0.15472473185950997,0.4783779472607558,0.4783779472607558,-0.8986555645790242,-0.8986555645790242,-0.11106138664558063,-0.11106138664558063,,
serum_liver,SER-LM-48,LM,serum,Ag colloid SERS,biological_range,0.006197213533214514,0.02038065972024221,0.005134287672940915,0.0033395420802641547,0.09255628387817001,0.05345811601855393,0.26630746864278343,0.06224725614341742,0.08794292505157379,0.04985965001028281,0.0699273093721133,0.015518391871200202,0.015518391871200202,0.06138751591350921,0.06138751591350921,0.030740032990643526,0.030740032990643526,-0.031247714872490503,-0.031247714872490503,0.8391238871594986,0.8391238871594986,0.510322904328093,0.510322904328093,0.0,0.0,0.6105062303768856,0.6105062303768856,0.6744907594765952,0.6744907594765952,-0.06366481477471338,-0.06366481477471338,-0.044272600330119705,-0.044272600330119705,,
serum_liver,SER-LM-49,LM,serum,Ag colloid SERS,biological_range,0.005940184856122146,0.020176000147477603,0.004459618788795764,0.00360075561124823,0.07675764607710348,0.06099215615695972,0.28717347426848855,0.06910522213374455,0.08904134825324998,0.04756092335232991,0.06172843519559662,0.002666958016581773,0.002666958016581773,0.05115453727527891,0.05115453727527891,-0.0029934112166140215,-0.0029934112166140215,-0.01818703832328673,-0.01818703832328673,0.2837704220319218,0.2837704220319218,0.8692803950418752,0.8692803950418752,0.34516973821101865,0.34516973821101865,0.9534045298932422,0.9534045298932422,0.7056929681683881,0.7056929681683881,-0.17495916733951172,-0.17495916733951172,-0.45421630915595396,-0.45421630915595396,,
serum_liver,SER-LM-5,LM,serum,Ag colloid SERS,biological_range,0.0071813806975512505,0.01782181089830871,0.005557112717198578,0.012178140724882651,0.06195397108378384,0.02327110795928528,0.31185012004027546,0.0541049417853413,0.07133241266227332,0.05010322944783013,0.09570791391439057,0.06472675008803701,0.06472675008803701,-0.06655492518316576,-0.06655492518316576,0.05188128520352665,0.05188128520352665,0.41068221735843424,0.41068221735843424,-0.2366081262760542,-0.2366081262760542,-0.9279296754364561,-0.9279296754364561,0.7533758660997575,0.7533758660997575,0.20339051247307977,0.20339051247307977,0.20264650740902765,0.20264650740902765,-0.05187175721124084,-0.05187175721124084,1.2447576267837435,1.2447576267837435,,
serum_liver,SER-LM-50,LM,serum,Ag colloid SERS,biological_range,0.00551898452928721,0.018051626186589044,0.004178912771937676,0.05857993347164077,0.11419745988693317,0.052862995909217024,0.2290026497887244,0.053505659584232715,0.10069989174132467,0.04954874837421626,0.05065329902150801,-0.01839305832516502,-0.01839305832516502,-0.055064160769149016,-0.055064160769149016,-0.01702871205951843,-0.01702871205951843,2.73077185469634,2.73077185469634,1.5998541625944513,1.5998541625944513,0.481968552984527,0.481968552984527,-0.6171039531400442,-0.6171039531400442,0.17342640241765037,0.17342640241765037,1.0368697918208147,1.0368697918208147,-0.07871732055118406,-0.07871732055118406,-1.0079731178603846,-1.0079731178603846,,
serum_liver,SER-LM-6,LM,serum,Ag colloid SERS,biological_range,0.007528652464709111,0.01851525150413223,0.005912645313639713,0.0037398813771904412,0.06379954077220655,0.02618663593460873,0.30708140222881725,0.06476833550919496,0.056624524430664916,0.04506738047237755,0.10453857571779561,0.08209033844593003,0.08209033844593003,-0.03188289489198977,-0.03188289489198977,0.06965791502558344,0.06965791502558344,-0.011230750026176177,-0.011230750026176177,-0.1717326898931286,-0.1717326898931286,-0.7890200616167731,-0.7890200616167731,0.6744907594765952,0.6744907594765952,0.7365601986657626,0.7365601986657626,-0.2151511113210773,-0.2151511113210773,-0.29568567453719685,-0.29568567453719685,1.6862907169539954,1.6862907169539954,,
serum_liver,SER-LM-7,LM,serum,Ag colloid SERS,biological_range,0.0077680503689420265,0.025370733116326098,0.005893372060338934,0.006487876003420554,0.08993193180120841,0.0258910698274827,0.305595352119652,0.054062521073449235,0.05511893203974545,0.036553349278850046,0.08881680805655277,0.09406023365757582,0.09406023365757582,0.31089118571770363,0.31089118571770363,0.06869425236054448,0.06869425236054448,0.12616898128532944,0.12616898128532944,0.7468727046203946,0.7468727046203946,-0.8031022361479604,-0.8031022361479604,0.6499082142424883,0.6499082142424883,0.20126947687847638,0.20126947687847638,-0.25791951598929314,-0.25791951598929314,-0.7078980557360921,-0.7078980557360921,0.9002023338918537,0.9002023338918537,,
serum_liver,SER-LM-8,LM,serum,Ag colloid SERS,biological_range,0.002982300996524748,0.006225010930266401,0.0028531495389681216,0.002337454075916051,0.016055690869566562,0.02177893700828934,0.1834942228955894,0.038082341286568185,0.05884448667753868,0.033278403793239666,0.029792506193007776,-0.1452272349632881,-0.1452272349632881,-0.6463949235852812,-0.6463949235852812,-0.08331687370799615,-0.08331687370799615,-0.08135211508989569,-0.08135211508989569,-1.850023743579547,-1.850023743579547,-0.9990237936579763,-0.9990237936579763,-1.3699136704798893,-1.3699136704798893,-0.5977395124655761,-0.5977395124655761,-0.15209005688490526,-0.15209005688490526,-0.8664566804620969,-0.8664566804620969,-2.0510127592853964,-2.0510127592853964,,
serum_liver,SER-LM-9,LM,serum,Ag colloid SERS,biological_range,0.007992697090969749,0.024003000845958376,0.0036265554250488816,0.009850497441282273,0.04166155513705721,0.08406605858723584,0.2133145862700827,0.024691702356706327,0.019957176526461333,0.10177298724565637,0.06722816476730929,0.10529256975896194,0.10529256975896194,0.2425045721993176,0.2425045721993176,-0.04464657940395815,-0.04464657940395815,0.2943000531784154,0.2943000531784154,-0.949926809426316,-0.949926809426316,1.968630805338355,1.968630805338355,-0.8766191126249298,-0.8766191126249298,-1.2672714589586689,-1.2672714589586689,-1.2567371227378417,-1.2567371227378417,2.4497533148232487,2.4497533148232487,-0.17922983057032035,-0.17922983057032035,,
ev_diabetes,impact_sample_001,Impact,extracellular_vesicle,Ag colloid SERS,biological_range,0.005200616197477333,0.037170456658731366,0.005307551822613473,0.004833158104762621,0.03320320383425213,0.06121356941460139,0.052227795767079775,0.020255480567070078,0.011298300012521316,0.15272315861925265,0.07749535496799963,-0.034311474915658856,-0.034311474915658856,0.900877362837967,0.900877362837967,0.039403240474271406,0.039403240474271406,0.043433086352432815,0.043433086352432815,-1.2472546401182787,-1.2472546401182787,0.8798295752843148,0.8798295752843148,-3.541349790099564,-3.541349790099564,-1.4890825484404815,-1.4890825484404815,-1.5027043160856632,-1.5027043160856632,4.916539140128677,4.0,0.33412967946419636,0.33412967946419636,,
ev_diabetes,impact_sample_002,Impact,extracellular_vesicle,Ag colloid SERS,biological_range,0.003703224046973362,0.026188053981649827,0.002770554531610319,0.00576489134181754,0.10392204744270743,0.04028219288224193,0.015320744496420563,0.005792797022261052,0.02569702532438858,0.07844890427355383,0.04572464641568211,-0.1091810824408574,-0.1091810824408574,0.3517572289838901,0.3517572289838901,-0.08744662407588628,-0.08744662407588628,0.09001974820517875,0.09001974820517875,1.2386530275111118,1.2386530275111118,-0.11744071518575357,-0.11744071518575357,-4.151873790416159,-4.0,-2.212216725680933,-2.212216725680933,-1.093688891619851,-1.093688891619851,1.3205026035362075,1.3205026035362075,-1.2544057481516795,-1.2544057481516795,,
ev_diabetes,impact_sample_003,Impact,extracellular_vesicle,Ag colloid SERS,biological_range,0.003715168737181803,0.07403800193634227,0.002537704013143228,0.00291834844390736,0.010391201781507245,0.07787034655984354,0.03059964450579864,0.006379838752337982,0.0032714382753972543,0.1256647423177648,0.06541545623459454,-0.10858384793043535,-0.10858384793043535,2.7442546267185124,2.7442546267185124,-0.09908914999924084,-0.09908914999924084,-0.05230739669033024,-0.05230739669033024,-2.04914177406055,-2.04914177406055,1.673437628545891,1.673437628545891,-3.8991270974941337,-3.8991270974941337,-2.1828646391770863,-2.1828646391770863,-1.7307182679757156,-1.7307182679757156,3.6064882416087607,3.6064882416087607,-0.2698652572060582,-0.2698652572060582,,
ev_diabetes,impact_sample_004,Impact,extracellular_vesicle,Ag colloid SERS,biological_range,0.0052877674145984,0.045957948684094876,0.005373816551868192,0.004558041593207384,0.016801915532007466,0.04704453334001868,0.06180325454472389,0.016228049335126612,0.012088705636034102,0.1492184762181996,0.07191407134390353,-0.02995391405960549,-0.02995391405960549,1.3402519641061426,1.3402519641061426,0.04271647693700736,0.04271647693700736,0.029677260774670956,0.029677260774670956,-1.8237924660942035,-1.8237924660942035,0.2047493339091361,0.2047493339091361,-3.382950590040969,-3.382950590040969,-1.690454110037655,-1.690454110037655,-1.4802517666690285,-1.4802517666690285,4.746857652588181,4.0,0.05506549825939136,0.05506549825939136,,
ev_diabetes,impact_sample_005,Impact,extracellular_vesicle,Ag colloid SERS,biological_range,0.004699664284511074,0.036155140459479665,0.0044772554495086745,0.012942478908154097,0.021693162370323614,0.04577291227891977,0.06486972869226225,0.01981287605871158,0.024263278944179772,0.13814100469499566,0.06387893228461422,-0.05935907056397183,-0.05935907056397183,0.850111552875382,0.850111552875382,-0.002111578180968507,-0.002111578180968507,0.4488991265220066,0.4488991265220066,-1.6518554348984,-1.6518554348984,0.1441632609860565,0.1441632609860565,-3.3322243467089563,-3.3322243467089563,-1.5112127738584062,-1.5112127738584062,-1.1344164123951868,-1.1344164123951868,4.210534633509486,4.0,-0.34669145470507395,-0.34669145470507395,,
ev_diabetes,impact_sample_006,Impact,extracellular_vesicle,Ag colloid SERS,biological_range,0.004436584230850351,0.04302146765011968,0.00323573555936748,0.006815299653848715,0.06187237254616254,0.04628540311681895,0.024430225633066103,0.004256806685013007,0.0406304612656577,0.11022263772165786,0.04671575982780062,-0.07251307324700794,-0.07251307324700794,1.1934279124073828,1.1934279124073828,-0.06418757268802824,-0.06418757268802824,0.1425401638067375,0.1425401638067375,-0.23947647677487194,-0.23947647677487194,0.16858076100020186,0.16858076100020186,-4.001182887922554,-4.0,-2.289016242543335,-2.289016242543335,-0.6694842826731792,-0.6694842826731792,2.8588486615326687,2.8588486615326687,-1.2048500775457538,-1.2048500775457538,,
ev_diabetes,impact_sample_007,Impact,extracellular_vesicle,Ag colloid SERS,biological_range,0.005390641242907829,0.032305917298147635,0.005006003050922305,0.005236062612433647,0.04660148653314232,0.04999114559149706,0.042822143493411145,0.014109582405052157,0.017671333258819935,0.1542438993893671,0.0648468301385011,-0.024810222644134055,-0.024810222644134055,0.6576503948087805,0.6576503948087805,0.024325801889713006,0.024325801889713006,0.0635783117359841,0.0635783117359841,-0.776278419428846,-0.776278419428846,0.34513995042647516,0.34513995042647516,-3.696940016194711,-3.696940016194711,-1.7963774565413773,-1.7963774565413773,-1.32166961739458,-1.32166961739458,4.99016679779003,4.0,-0.2982965620107303,-0.2982965620107303,,
ev_diabetes,impact_sample_008,Impact,extracellular_vesicle,Ag colloid SERS,biological_range,0.004239786292211306,0.03737586551006203,0.004182807145394979,0.019382536451354335,0.026501962863894703,0.05319273447032676,0.039349089543556294,0.027279031556420166,0.022658649431952373,0.12599391003940397,0.05238423605665587,-0.0823529701789602,-0.0823529701789602,0.9111478054045002,0.9111478054045002,-0.01683399338665327,-0.01683399338665327,0.7709020036820184,0.7709020036820184,-1.4828165563039672,-1.4828165563039672,0.49767886568702474,0.49767886568702474,-3.754391985880147,-3.754391985880147,-1.137904998972977,-1.137904998972977,-1.1799981015265941,-1.1799981015265941,3.622425111848776,3.622425111848776,-0.9214262661029915,-0.9214262661029915,,
ev_diabetes,impact_sample_009,Impact,extracellular_vesicle,Ag colloid SERS,biological_range,0.006282565985883805,0.018285370947347248,0.004248088940537298,0.006288836611393424,0.11954768342561883,0.01293496003179167,0.008679221532896325,0.00528828265087673,0.029541406249276602,0.08670494915086498,0.035173250111842455,0.01978601450466472,0.01978601450466472,-0.04337692273123882,-0.04337692273123882,-0.013569903629537337,-0.013569903629537337,0.11621701168397294,0.11621701168397294,1.7879251354738743,1.7879251354738743,-1.4203929030725986,-1.4203929030725986,-4.261739223396683,-4.0,-2.237442444250149,-2.237442444250149,-0.9844840098165026,-0.9844840098165026,1.7202244087309742,1.7202244087309742,-1.7819755633436622,-1.7819755633436622,,
ev_diabetes,impact_sample_010,Impact,extracellular_vesicle,Ag colloid SERS,biological_range,0.005756876030763262,0.04397440174578081,0.0050495787837028135,0.006734251795137303,0.017468593486541444,0.04995366976534091,0.022775950165307087,0.014937086511748833,0.010412153304206683,0.13436376375562792,0.0753765664091437,-0.006498483251362415,-0.006498483251362415,1.2410746171904392,1.2410746171904392,0.02650458852873844,0.02650458852873844,0.13848777087116693,0.13848777087116693,-1.8003574132221378,-1.8003574132221378,0.3433544238998956,0.3433544238998956,-4.028548251489401,-4.0,-1.7550022512065437,-1.7550022512065437,-1.5278765215545436,-1.5278765215545436,4.02765704631408,4.0,0.22819025152139988,0.22819025152139988,,
ev_diabetes,impact_sample_011,Impact,extracellular_vesicle,Ag colloid SERS,biological_range,0.005492453170661093,0.04513261539289645,0.0051775271157525156,0.004838525062607329,0.03484655253527733,0.04925563160793448,0.057008419272149884,0.01496112532498813,0.012112550643447585,0.18035600372691943,0.06568876645426318,-0.01971962625647084,-0.01971962625647084,1.2989852995462214,1.2989852995462214,0.032902005131223544,0.032902005131223544,0.0437014342446682,0.0437014342446682,-1.189487672673425,-1.189487672673425,0.3100965674507657,0.3100965674507657,-3.4622677370545056,-3.4622677370545056,-1.7538003105445787,-1.7538003105445787,-1.4795744167219065,-1.4795744167219065,6.2544013844895945,4.0,-0.25619974622262603,-0.25619974622262603,,
ev_diabetes,impact_sample_012,Impact,extracellular_vesicle,Ag colloid SERS,biological_range,0.00506049495080692,0.049381174608573365,0.0044550942722469304,0.004004586066161099,0.031826084471100115,0.05579848056308563,0.06869579893048036,0.015022058344357669,0.01550471989613221,0.1387385269979838,0.05046432215196397,-0.04131753724917952,-0.04131753724917952,1.511413260330067,1.511413260330067,-0.0032196370440557096,-0.0032196370440557096,0.0020044844223567233,0.0020044844223567233,-1.2956631181054838,-1.2956631181054838,0.6218289978486363,0.6218289978486363,-3.2689327092871876,-3.2689327092871876,-1.750753659576102,-1.750753659576102,-1.3832152240367626,-1.3832152240367626,4.239464066082089,4.0,-1.0174219613375866,-1.0174219613375866,,
ev_diabetes,impact_sample_013,Impact,extracellular_vesicle,Ag colloid SERS,biological_range,0.0050852505747385765,0.0489835132365692,0.0044545674990224314,0.0041354837686717084,0.027742968783294287,0.03517775623719114,0.0652429982381809,0.01573516615388813,0.010817011122039949,0.15718141857017193,0.05790326687313475,-0.040079756052596685,-0.040079756052596685,1.491530191729859,1.491530191729859,-0.00324597570528066,-0.00324597570528066,0.008549369547887183,0.008549369547887183,-1.4391927359302976,-1.4391927359302976,-0.36064034459503064,-0.36064034459503064,-3.326049645438476,-3.326049645438476,-1.715098269099579,-1.715098269099579,-1.5163759832344677,-1.5163759832344677,5.1323887075779,4.0,-0.6454747252790476,-0.6454747252790476,,
ev_diabetes,impact_sample_014,Impact,extracellular_vesicle,Ag colloid SERS,biological_range,0.0043110959623374025,0.03899511145716325,0.003315547942711373,0.002904508131618123,0.01601595439440302,0.036180662881009865,0.04655625093125826,0.011321582523015376,0.008063295998415085,0.15658697504829966,0.06815544542039283,-0.07878748667265538,-0.07878748667265538,0.9921101027595614,0.9921101027595614,-0.06019695352083359,-0.06019695352083359,-0.052999412304792076,-0.052999412304792076,-1.851420559523548,-1.851420559523548,-0.3128571040399137,-0.3128571040399137,-3.635169646249747,-3.635169646249747,-1.9357774506432164,-1.9357774506432164,-1.5945990158816046,-1.5945990158816046,5.103608336203937,4.0,-0.13286579791614364,-0.13286579791614364,,
ev_diabetes,impact_sample_015,Impact,extracellular_vesicle,Ag colloid SERS,biological_range,0.004098265454650048,0.031568157595148104,0.0036497093287122685,0.00448090971864472,0.03754352155459859,0.03932488151751395,0.07218581651159507,0.013633307835301468,0.009990851791332656,0.1460784014718733,0.05916171244679242,-0.08942901205702311,-0.08942901205702311,0.6207624096588039,0.6207624096588039,-0.04348888422078881,-0.04348888422078881,0.025820667046537762,0.025820667046537762,-1.0946838605295277,-1.0946838605295277,-0.1630515798747828,-0.1630515798747828,-3.2112001237394683,-3.2112001237394683,-1.8201911850289119,-1.8201911850289119,-1.5398441654524542,-1.5398441654524542,4.594828882795829,4.0,-0.5825524465961639,-0.5825524465961639,,
ev_diabetes,impact_sample_016,Impact,extracellular_vesicle,Ag colloid SERS,biological_range,0.006222319343482382,0.0447296761087505,0.006246221688845909,0.003718289777447579,0.04690331274857319,0.04506216880732669,0.027493891684996934,0.008407388424315348,0.032663571614013,0.16062358301910126,0.04204833708414134,0.016773682384593584,0.016773682384593584,1.2788383353389237,1.2788383353389237,0.08633673378589321,0.08633673378589321,-0.012310330013319288,-0.012310330013319288,-0.7656686290965072,-0.7656686290965072,0.11030006296515531,0.11030006296515531,-3.9505030966831507,-3.9505030966831507,-2.081487155578218,-2.081487155578218,-0.8957946457060828,-0.8957946457060828,5.299043347632545,4.0,-1.4382212147287181,-1.4382212147287181,,
ev_diabetes,impact_sample_017,Impact,extracellular_vesicle,Ag colloid SERS,biological_range,0.004421173720476068,0.039468666849063555,0.004519487013128045,0.004306122919668311,0.06962934485874421,0.05354715827377603,0.08172458565450204,0.012795516217958117,0.006586966278874201,0.14650775203688748,0.058132077959694974,-0.0732835987657221,-0.0732835987657221,1.0157878723545766,1.0157878723545766,0.0,0.0,0.01708132709771731,0.01708132709771731,0.03319649078946373,0.03319649078946373,0.5145653006937678,0.5145653006937678,-3.0534078511323686,-3.0534078511323686,-1.8620807658960794,-1.8620807658960794,-1.636536174471041,-1.636536174471041,4.615616170832563,4.0,-0.6340341709510363,-0.6340341709510363,,
ev_diabetes,impact_sample_018,Impact,extracellular_vesicle,Ag colloid SERS,biological_range,0.003484032356957003,0.036861315689267586,0.002927267108939162,0.034119117498348686,0.04098325730131248,0.03437523976315704,0.051767815565058786,0.020773206822447567,0.012209349125347425,0.10749250888650823,0.03131806331720507,-0.12014066694167534,-0.12014066694167534,0.8854203143647781,0.8854203143647781,-0.07961099520944413,-0.07961099520944413,1.507731056031736,1.507731056031736,-0.9737703241781982,-0.9737703241781982,-0.3988760447617022,-0.3988760447617022,-3.5489588768007696,-3.5489588768007696,-1.463196235671607,-1.463196235671607,-1.4768247238633814,-1.4768247238633814,2.726667690787303,2.726667690787303,-1.9747349030755315,-1.9747349030755315,,
ev_diabetes,impact_sample_019,Impact,extracellular_vesicle,Ag colloid SERS,biological_range,0.004837640676955281,0.06108478402833817,0.004180527316789834,0.0038657570234948697,0.02880067466970561,0.03135869545534496,0.03756267519043713,0.010465285015682663,0.009684767680900172,0.18610406585775274,0.06094237633022555,-0.052460250941761474,-0.052460250941761474,2.096593731318307,2.096593731318307,-0.016947984816910542,-0.016947984816910542,-0.004936967710954753,-0.004936967710954753,-1.4020122754057383,-1.4020122754057383,-0.5425985569154919,-0.5425985569154919,-3.7839432179493517,-3.7839432179493517,-1.9785923260098524,-1.9785923260098524,-1.5485389019405236,-1.5485389019405236,6.532697566917404,4.0,-0.49351925242450756,-0.49351925242450756,,
ev_diabetes,impact_sample_020,Impact,extracellular_vesicle,Ag colloid SERS,biological_range,0.007362234653885145,0.018386925824156925,0.0078118576024854254,0.003718943314654636,0.04879929236862293,0.06832277247846956,0.0590736176842156,0.011847005253402987,0.03375252899044701,0.1832296503058435,0.06955473958721006,0.07376944790473175,0.07376944790473175,-0.03829917889075496,-0.03829917889075496,0.16461852946786903,0.16461852946786903,-0.012277653152966446,-0.012277653152966446,-0.6990211835974525,-0.6990211835974525,1.218545807996188,1.218545807996188,-3.4281048019900022,-3.4281048019900022,-1.909506314123836,-1.909506314123836,-0.8648613266865,-0.8648613266865,6.393530860538832,4.0,-0.06290108957528184,-0.06290108957528184,,
ev_diabetes,impact_sample_021,Impact,extracellular_vesicle,Ag colloid SERS,biological_range,0.0054788559553129385,0.043877078491016894,0.0051667860358936765,0.0037743905987079537,0.03828627451893905,0.095424449920887,0.09980980897357414,0.017885328999791703,0.02102182886415472,0.12840099557175563,0.08190785751833018,-0.020399487023878584,-0.020399487023878584,1.2362084544522434,1.2362084544522434,0.03236495113828159,0.03236495113828159,-0.009505288950300552,-0.009505288950300552,-1.0685746201206867,-1.0685746201206867,2.50979856881875,2.50979856881875,-2.7542383833142567,-2.7542383833142567,-1.6075901268044,-1.6075901268044,-1.226494221482459,-1.226494221482459,3.738965730092505,3.738965730092505,0.5547548069807242,0.5547548069807242,,
ev_diabetes,impact_sample_022,Impact,extracellular_vesicle,Ag colloid SERS,biological_range,0.004970860605833114,0.0315961118542577,0.004614446112503593,0.003917134414312387,0.019922069031995025,0.024109264217250424,0.05158970862145406,0.014670316522272044,0.011304494623236199,0.17566984225462715,0.06759593919991594,-0.0457992544978698,-0.0457992544978698,0.6221601226142839,0.6221601226142839,0.004747954968777404,0.004747954968777404,-0.0023680981700788684,-0.0023680981700788684,-1.7141128798053749,-1.7141128798053749,-0.8879959265237665,-0.8879959265237665,-3.551905158336411,-3.551905158336411,-1.7683407506803832,-1.7683407506803832,-1.5025283497222477,-1.5025283497222477,6.0275178160285545,4.0,-0.16084110893998804,-0.16084110893998804,,
ev_diabetes,impact_sample_023,Impact,extracellular_vesicle,Ag colloid SERS,biological_range,0.004850344617902452,0.047983667711720066,0.0050336771081501185,0.005562974627500388,0.013467082754773072,0.07428448944733018,0.04326878835370905,0.015876813664875453,0.016367687677850632,0.11108532905015346,0.07142081328350706,-0.05182505389440292,-0.05182505389440292,1.441537915487402,1.441537915487402,0.02570950475110369,0.02570950475110369,0.07992391248932114,0.07992391248932114,-1.9410184549280711,-1.9410184549280711,1.5025903477351028,1.5025903477351028,-3.689551525447234,-3.689551525447234,-1.7080158935502125,-1.7080158935502125,-1.3587014475812198,-1.3587014475812198,2.9006164256711364,2.9006164256711364,0.03040259523956826,0.03040259523956826,,
ev_diabetes,impact_sample_024,Impact,extracellular_vesicle,Ag colloid SERS,biological_range,0.005311632329820335,0.043217551764000176,0.002175568561341742,0.06758329223993269,0.08035330427402874,0.06569509805948184,0.018035181313367524,0.011772104879564132,0.025840213168893754,0.11139351213016796,0.0780897473239257,-0.028760668298508745,-0.028760668298508745,1.2032321181014076,1.2032321181014076,-0.11719592258931513,-0.11719592258931513,3.180939793110936,3.180939793110936,0.4101649418772985,0.4101649418772985,1.0933509061208426,1.0933509061208426,-4.106971020700537,-4.0,-1.913251332815779,-1.913251332815779,-1.0896214456668154,-1.0896214456668154,2.915537310780714,2.915537310780714,0.36384929726050036,0.36384929726050036,,
ev_diabetes,impact_sample_025,Impact,extracellular_vesicle,Ag colloid SERS,biological_range,0.005299581724761968,0.03390628631275619,0.005228243377390037,0.0035562251744351097,0.029437942769257812,0.04281570901353993,0.07616293168480955,0.01773262419133175,0.0149130377836063,0.1517817072781051,0.06545342306024905,-0.029363198551427123,-0.029363198551427123,0.7376688455392083,0.7376688455392083,0.03543781821309963,0.03543781821309963,-0.020413560163942756,-0.020413560163942756,-1.3796110372890136,-1.3796110372890136,0.003268038214391408,0.003268038214391408,-3.145409870070488,-3.145409870070488,-1.6152253672273977,-1.6152253672273977,-1.400022761173689,-1.400022761173689,4.870958158535335,4.0,-0.2679669159233323,-0.2679669159233323,,
ev_diabetes,impact_sample_026,Impact,extracellular_vesicle,Ag colloid SERS,biological_range,0.003914006676819975,0.04494443577991172,0.0032105948980701332,0.0031272575504464645,0.029372374183365826,0.07441707922374781,0.0503813045055794,0.01463356897037662,0.009766468432267653,0.14606389982674753,0.07672680411277791,-0.09864195094852674,-0.09864195094852674,1.2895763188969849,1.2895763188969849,-0.06544460575289557,-0.06544460575289557,-0.04186194136337501,-0.04186194136337501,-1.3819159031791708,-1.3819159031791708,1.508907555045236,1.508907555045236,-3.5718948266903645,-3.5718948266903645,-1.7701781282751543,-1.7701781282751543,-1.5462180807028127,-1.5462180807028127,4.594126776175274,4.0,0.2957021367031104,0.2957021367031104,,
ev_diabetes,impact_sample_027,Impact,extracellular_vesicle,Ag colloid SERS,biological_range,0.005544334404229668,0.03983135795921867,0.005314646658545545,0.004201458786734184,0.029769292433670956,0.060933843845019,0.0683727321930272,0.015227426004438275,0.018672598237905416,0.16453872459061816,0.0651096923259677,-0.017125564578042124,-0.017125564578042124,1.0339224278623322,1.0339224278623322,0.039757982270875,0.039757982270875,0.011848120451010951,0.011848120451010951,-1.367963439146832,-1.367963439146832,0.8665021192711823,0.8665021192711823,-3.2742769454189955,-3.2742769454189955,-1.7404852765720713,-1.7404852765720713,-1.293227320486126,-1.293227320486126,5.488597484003652,4.0,-0.2851534526374003,-0.2851534526374003,,
ev_diabetes,impact_sample_028,Impact,extracellular_vesicle,Ag colloid SERS,biological_range,0.0054112430549790235,0.038464898688359346,0.0052548602039893776,0.0034687359646539376,0.029391536888102376,0.05745663952497198,0.0620315868773992,0.01541625305481061,0.01684101437898438,0.1583599940207725,0.07986329305550371,-0.02378013204057433,-0.02378013204057433,0.965599464319366,0.965599464319366,0.03676865954306664,0.03676865954306664,-0.02478802065300136,-0.02478802065300136,-1.3812422960865427,-1.3812422960865427,0.7008315740532861,0.7008315740532861,-3.3791734698336615,-3.3791734698336615,-1.7310439240534548,-1.7310439240534548,-1.3452559572769036,-1.3452559572769036,5.189450207808713,4.0,0.45252658383940075,0.45252658383940075,,
ev_diabetes,impact_sample_029,Impact,extracellular_vesicle,Ag colloid SERS,biological_range,0.004024882275847132,0.03299027998994913,0.002859210682254181,0.005994156813069401,0.07285848213923839,0.033461271087326445,0.018550012922815887,0.003949379371776896,0.0036759635067708635,0.10934871476820733,0.056271725900059494,-0.09309817099716891,-0.09309817099716891,0.6918685293988551,0.6918685293988551,-0.08301381654369318,-0.08301381654369318,0.10148302176777182,0.10148302176777182,0.14670707320018384,0.14670707320018384,-0.44242185769077547,-0.44242185769077547,-4.098454570784644,-4.0,-2.3043876082051407,-2.3043876082051407,-1.719227177227492,-1.719227177227492,2.81653711093604,2.81653711093604,-0.7270517739328103,-0.7270517739328103,,
ev_diabetes,impact_sample_030,Impact,extracellular_vesicle,Ag colloid SERS,biological_range,0.004856056612424075,0.0529410750993771,0.004064874992956622,0.003635806176947274,0.027361273933221405,0.055210169393873236,0.05989072185730413,0.014722517096778635,0.01503472531462631,0.13063367759165553,0.054952610320554755,-0.05153945416832176,-0.05153945416832176,1.6894082848702536,1.6894082848702536,-0.022730601008571136,-0.022730601008571136,-0.01643451003833453,-0.01643451003833453,-1.452610067239394,-1.452610067239394,0.5937990567838336,0.5937990567838336,-3.4145880974239566,-3.4145880974239566,-1.7657307219550533,-1.7657307219550533,-1.3965660609398618,-1.3965660609398618,3.8470624883687203,3.8470624883687203,-0.7930075529080471,-0.7930075529080471,,
ev_diabetes,impact_sample_031,Impact,extracellular_vesicle,Ag colloid SERS,biological_range,0.002928658640584348,0.040492080877785094,0.0019249633758245805,0.00373782203698579,0.07750903454897703,0.056226575297096404,0.015487928343247585,0.009933583831042576,0.002883530949503072,0.12468939992589062,0.06233917354570369,-0.14790935276030812,-0.14790935276030812,1.0669585737906535,1.0669585737906535,-0.1297261818651732,-0.1297261818651732,-0.011333717036408744,-0.011333717036408744,0.31018321766444945,0.31018321766444945,0.6422254662354915,0.6422254662354915,-4.149108200984356,-4.0,-2.0051773852418564,-2.0051773852418564,-1.7417373044610662,-1.7417373044610662,3.559266402658449,3.559266402658449,-0.42367939165060053,-0.42367939165060053,,
ev_diabetes,impact_sample_032,Impact,extracellular_vesicle,Ag colloid SERS,biological_range,0.005637219905409284,0.055732354025630135,0.004530675043557148,0.005404993266721675,0.029752027007207027,0.06817431248601917,0.06299357237880329,0.014284327287745008,0.014488960678220003,0.14795470913511236,0.060329478651277656,-0.012481289519061323,-0.012481289519061323,1.8289722311829057,1.8289722311829057,0.0005594015214551665,0.0005594015214551665,0.07202484445038553,0.07202484445038553,-1.3685703531437465,-1.3685703531437465,1.2114724681436801,1.2114724681436801,-3.363260108664364,-3.363260108664364,-1.787640212406735,-1.787640212406735,-1.4120692495613,-1.4120692495613,4.685671543827362,4.0,-0.5241641363719022,-0.5241641363719022,,
ev_diabetes,impact_sample_033,Impact,extracellular_vesicle,Ag colloid SERS,biological_range,0.007592352453559963,0.018887524422777614,0.005330140487918431,0.004735794015928893,0.10243580671326101,0.01934145139126069,0.01591202628688559,0.005354252106546209,0.029067682740426745,0.12539180475855977,0.05449962494586991,0.08527533788847265,0.08527533788847265,-0.013269248959720502,-0.013269248959720502,0.04053267373951932,0.04053267373951932,0.03856488191074643,0.03856488191074643,1.1864087169885877,1.1864087169885877,-1.1151571968076814,-1.1151571968076814,-4.1420926859496525,-4.0,-2.234143971466675,-2.234143971466675,-0.9979407719850235,-0.9979407719850235,3.593273791409887,3.593273791409887,-0.8156568216422896,-0.8156568216422896,,
ev_diabetes,impact_sample_034,Impact,extracellular_vesicle,Ag colloid SERS,biological_range,0.007763216954618428,0.015098127965540147,0.004706219787544385,0.004556138245373512,0.09268565099665388,0.012224085456368368,0.00868065994915192,0.005151462570089451,0.02227039887634161,0.12414591319384427,0.039746446195890475,0.09381856294139587,0.09381856294139587,-0.20273907182159384,-0.20273907182159384,0.009336638720817015,0.009336638720817015,0.02958209338297735,0.02958209338297735,0.8436713980543136,0.8436713980543136,-1.4542623475032685,-1.4542623475032685,-4.26171542882041,-4.0,-2.244283448289513,-2.244283448289513,-1.1910268879200219,-1.1910268879200219,3.5329531375464835,3.5329531375464835,-1.5533157591412612,-1.5533157591412612,,
ev_diabetes,impact_sample_035,Impact,extracellular_vesicle,Ag colloid SERS,biological_range,0.004229863124490282,0.050411710375785755,0.003422554673157938,0.015804311361405643,0.07631198494574896,0.0585476877425047,0.019407282768446082,0.009634287801556693,0.004116684382894067,0.10234404481986831,0.05818978816619218,-0.0828491285650114,-0.0828491285650114,1.5629400486906864,1.5629400486906864,-0.05484661699850532,-0.05484661699850532,0.5919907491845838,0.5919907491845838,0.2681045490188893,0.2681045490188893,0.7528142982249894,0.7528142982249894,-4.084273437437884,-4.0,-2.0201421867161504,-2.0201421867161504,-1.7067078998391036,-1.7067078998391036,2.477401440266637,2.477401440266637,-0.6311486606261761,-0.6311486606261761,,
ev_diabetes,impact_sample_036,Impact,extracellular_vesicle,Ag colloid SERS,biological_range,0.007476005865026504,0.02242753556349589,0.003411239006723974,0.004382888382056873,0.10122805489216193,0.011175906291382032,0.010832122839211233,0.0035664682491384006,0.009529349943803713,0.07860110028382176,0.04457699553013115,0.0794580084617997,0.0794580084617997,0.16373130807619332,0.16373130807619332,-0.055412400320203524,-0.055412400320203524,0.020919600217145402,0.020919600217145402,1.1439538441503587,1.1439538441503587,-1.5042025862025512,-1.5042025862025512,-4.226125489094827,-4.0,-2.323533164337065,-2.323533164337065,-1.552953754667496,-1.552953754667496,1.3278712727805968,1.3278712727805968,-1.3117882924292275,-1.3117882924292275,,
ev_diabetes,impact_sample_037,Impact,extracellular_vesicle,Ag colloid SERS,biological_range,0.008355981264817182,0.014492160449572281,0.004726547926313403,0.00351754868596229,0.09141372562762368,0.011618184804334518,0.02605026277682489,0.004634737292276736,0.025046769734383367,0.14936654328006435,0.045390069487545634,0.1234567784513336,0.1234567784513336,-0.23303744761998715,-0.23303744761998715,0.010353045659267915,0.010353045659267915,-0.022347384587583733,-0.022347384587583733,0.7989606976781768,0.7989606976781768,-1.4831303351540401,-1.4831303351540401,-3.9743839017229874,-3.9743839017229874,-2.2701197121801484,-2.2701197121801484,-1.1121602882467485,-1.1121602882467485,4.754026416098795,4.0,-1.2711345945585033,-1.2711345945585033,,
ev_diabetes,impact_sample_038,Impact,extracellular_vesicle,Ag colloid SERS,biological_range,0.005319849551541646,0.04723370050590365,0.0038734229736209717,0.005222581830020162,0.027396406324500883,0.043848408630247186,0.03661794667504424,0.01172674091860213,0.00869860229245173,0.138474695838065,0.04815844051145885,-0.028349807212443193,-0.028349807212443193,1.4040395551965812,1.4040395551965812,-0.03230320197535365,-0.03230320197535365,0.06290427261530988,0.06290427261530988,-1.4513750939789805,-1.4513750939789805,0.052470757640407345,0.052470757640407345,-3.7995711105219927,-3.7995711105219927,-1.9155195308638788,-1.9155195308638788,-1.5765522743893536,-1.5765522743893536,4.2266905081525294,4.0,-1.1327160433628425,-1.1327160433628425,,
ev_diabetes,impact_sample_039,Impact,extracellular_vesicle,Ag colloid SERS,biological_range,0.00557365766418349,0.060919990601177955,0.005298677495853017,0.004023883123167612,0.019037958690511492,0.04483636652695472,0.05314893649095982,0.014087835068544805,0.010119464215764755,0.16283468134833257,0.057936952424406385,-0.01565940158035099,-0.01565940158035099,2.088354059960296,2.088354059960296,0.03895952413624864,0.03895952413624864,0.0029693372726823705,0.0029693372726823705,-1.7451911124910349,-1.7451911124910349,0.09954176881344347,0.09954176881344347,-3.5261120916046735,-3.5261120916046735,-1.797464823366745,-1.797464823366745,-1.5361907541794912,-1.5361907541794912,5.40609511742759,4.0,-0.6437904477154657,-0.6437904477154657,,
ev_diabetes,strong_d_sample_001,Strong-D,extracellular_vesicle,Ag colloid SERS,biological_range,0.004430078886885196,0.03416421467770633,0.002921603337578789,0.006746295595272673,0.015221345139605585,0.04938708939390042,0.024586794146426262,0.013127459661643406,0.009052285459717101,0.1042078270359327,0.07509070147157468,-0.07283834044526571,-0.07283834044526571,0.7505652637867151,0.7505652637867151,-0.07989418377746277,-0.07989418377746277,0.13908996087793543,0.13908996087793543,-1.8793526514311432,-1.8793526514311432,0.3163598413540433,0.3163598413540433,-3.998592899510875,-3.998592899510875,-1.845483593711815,-1.845483593711815,-1.5665054217928789,-1.5665054217928789,2.5676376735921753,2.5676376735921753,0.21389700464294892,0.21389700464294892,,
ev_diabetes,strong_d_sample_002,Strong-D,extracellular_vesicle,Ag colloid SERS,biological_range,0.003803386953206727,0.03542364773399988,0.0023482327427208375,0.005275879677708653,0.04444907278383142,0.05481037217511071,0.02690926109536523,0.01174362219190985,0.007050120088796604,0.10884585342784765,0.06326801098201092,-0.10417293712918917,-0.10417293712918917,0.8135369166013926,0.8135369166013926,-0.10856271352036036,-0.10856271352036036,0.0655691649997344,0.0655691649997344,-0.851940033367951,-0.851940033367951,0.5747508165561523,0.5747508165561523,-3.960174175623374,-3.960174175623374,-1.9146754671984927,-1.9146754671984927,-1.62337965901184,-1.62337965901184,2.792190750697178,2.792190750697178,-0.3772375198352391,-0.3772375198352391,,
ev_diabetes,strong_d_sample_003,Strong-D,extracellular_vesicle,Ag colloid SERS,biological_range,0.0025386196904741173,0.031430073680690306,0.0025421924305028907,0.0036950552645624666,0.12053091563259796,0.04447683041623868,0.00926169609867011,0.0057083530127915024,0.013437809504763754,0.05339446168907617,0.044148300771852805,-0.16741130026581963,-0.16741130026581963,0.613858213935914,0.613858213935914,-0.0988647291312577,-0.0988647291312577,-0.01347205565757491,-0.01347205565757491,1.8224876984015483,1.8224876984015483,0.08241175918345345,0.08241175918345345,-4.25210380984465,-4.0,-2.21643892615441,-2.21643892615441,-1.4419286318383269,-1.4419286318383269,0.10747540142660612,0.10747540142660612,-1.3332230303431447,-1.3332230303431447,,
ev_diabetes,strong_d_sample_004,Strong-D,extracellular_vesicle,Ag colloid SERS,biological_range,0.004414220077004731,0.04449942413429284,0.003152348748992585,0.00864801651583488,0.029128072929471945,0.08802619757931104,0.020695279359045058,0.01501446493416158,0.005239734189402752,0.054785752891266894,0.08473198367788985,-0.07363128093928897,-0.07363128093928897,1.2673257366160409,1.2673257366160409,-0.06835691320677298,-0.06835691320677298,0.23417600690604573,0.23417600690604573,-1.3905035769769598,-1.3905035769769598,2.1573106543116465,2.1573106543116465,-4.062967134067293,-4.0,-1.7511333300859064,-1.7511333300859064,-1.6748061388598308,-1.6748061388598308,0.1748356737065693,0.1748356737065693,0.6959611149587076,0.6959611149587076,,
ev_diabetes,strong_d_sample_005,Strong-D,extracellular_vesicle,Ag colloid SERS,biological_range,0.0036108670108007074,0.029530074893538035,0.0027273695516420297,0.0063647041679228255,0.04625111896455453,0.07899237902925037,0.02033946534272563,0.01242647640790524,0.00451438863057198,0.050482973888984796,0.07001974625947013,-0.11379893424949014,-0.11379893424949014,0.5188582745783006,0.5188582745783006,-0.08960587307430075,-0.08960587307430075,0.12001038951044303,0.12001038951044303,-0.7885945346366027,-0.7885945346366027,1.726896589782974,1.726896589782974,-4.068853082392423,-4.0,-1.8805327563987235,-1.8805327563987235,-1.695410568432846,-1.695410568432846,-0.033486182061550546,-0.033486182061550546,-0.039650755962278295,-0.039650755962278295,,
ev_diabetes,strong_d_sample_006,Strong-D,extracellular_vesicle,Ag colloid SERS,biological_range,0.0026331845761832164,0.04688624517945634,0.0017765842949599697,0.003061230572107942,0.06193839421524636,0.056192456928725515,0.013325571992288307,0.013666363063915369,0.004193862788138242,0.10724461923884712,0.07867236600556413,-0.1626830559803647,-0.1626830559803647,1.3866667888742157,1.3866667888742157,-0.13714513590840374,-0.13714513590840374,-0.04516329028030114,-0.04516329028030114,-0.2371556841115493,-0.2371556841115493,0.6405999049599108,0.6405999049599108,-4.184878342571018,-4.0,-1.818538423598217,-1.818538423598217,-1.7045155420090308,-1.7045155420090308,2.7146659515859453,2.7146659515859453,0.3929802313424213,0.3929802313424213,,
ev_diabetes,strong_d_sample_007,Strong-D,extracellular_vesicle,Ag colloid SERS,biological_range,0.0026624662149334483,0.04242426610528189,0.0019700737654731533,0.0018960709010642026,0.03404608059044258,0.04043072660450716,0.01670651408844271,0.01399297675548149,0.006314146636697072,0.06438240075168014,0.10584699152532406,-0.1612189740428531,-0.1612189740428531,1.1635678351654932,1.1635678351654932,-0.12747066238274457,-0.12747066238274457,-0.10342127383248811,-0.10342127383248811,-1.2176258497681223,-1.2176258497681223,-0.11036386249433854,-0.11036386249433854,-4.128950106033088,-4.0,-1.8022077390199107,-1.8022077390199107,-1.644285988383785,-1.644285988383785,0.6394636479469655,0.6394636479469655,1.7517115073304181,1.7517115073304181,,
ev_diabetes,strong_d_sample_008,Strong-D,extracellular_vesicle,Ag colloid SERS,biological_range,0.004252525113682954,0.026812221555303804,0.0103858918332248,0.006435420645383044,0.08910223452292314,0.019611047859492855,0.02105672892975778,0.004164959912815552,0.0018317320834882007,0.11638538455208997,0.04847980918210694,-0.08171602910537783,-0.08171602910537783,0.38296560766658894,0.38296560766658894,0.2933202410048377,0.2933202410048377,0.12354621338345395,0.12354621338345395,0.7177071990682932,0.7177071990682932,-1.1023123393388978,-1.1023123393388978,-4.056987961247282,-4.0,-2.293608581153208,-2.293608581153208,-1.7716150853283188,-1.7716150853283188,3.157222074544073,3.157222074544073,-1.116647609830438,-1.116647609830438,,
ev_diabetes,strong_d_sample_009,Strong-D,extracellular_vesicle,Ag colloid SERS,biological_range,0.003272817115851318,0.02977854403916533,0.0021171041538786224,0.003964496377713965,0.05324149745091739,0.04362394435589127,0.020480954124674235,0.01286724396101519,0.007229236608573874,0.0876427952976654,0.06471639986932477,-0.1307014289969596,-0.1307014289969596,0.5312817318596653,0.5312817318596653,-0.12011914296247111,-0.12011914296247111,0.0,0.0,-0.5428688610793034,-0.5428688610793034,0.0417762124564819,0.0417762124564819,-4.066512545985933,-4.0,-1.8584943787432258,-1.8584943787432258,-1.6182916100506477,-1.6182916100506477,1.765630842485258,1.765630842485258,-0.3048180754695463,-0.3048180754695463,,
ev_diabetes,strong_d_sample_010,Strong-D,extracellular_vesicle,Ag colloid SERS,biological_range,0.004086609412650963,0.03908085769158685,0.0025939347060109333,0.004641215208083967,0.10026959455447224,0.042453284132100914,0.021434368957279636,0.012390625595668059,0.004974975628132958,0.11450321510445159,0.06262147455012729,-0.09001181415697737,-0.09001181415697737,0.9963974144807412,0.9963974144807412,-0.09627761535585556,-0.09627761535585556,0.033835941518500126,0.033835941518500126,1.1102620615786118,1.1102620615786118,-0.013999606186706247,-0.013999606186706247,-4.050740962575091,-4.0,-1.8823252970105824,-1.8823252970105824,-1.6823269667784988,-1.6823269667784988,3.0660956113922078,3.0660956113922078,-0.4095643414294206,-0.4095643414294206,,
ev_diabetes,strong_d_sample_011,Strong-D,extracellular_vesicle,Ag colloid SERS,biological_range,0.005192599304257335,0.051478906294774036,0.0033876675297079334,0.009417324783593866,0.0158170124726955,0.05784953733357073,0.025871297665038828,0.015826272240534078,0.014955002517585188,0.037658813309337194,0.07065564280299526,-0.03471231957665878,-0.03471231957665878,1.6162998446401005,1.6162998446401005,-0.056590974171005566,-0.056590974171005566,0.2726414202939951,0.2726414202939951,-1.8584137627965513,-1.8584137627965513,0.7195510935794185,0.7195510935794185,-3.9773443792524295,-3.9773443792524295,-1.7105429647672816,-1.7105429647672816,-1.398830695688085,-1.398830695688085,-0.6543762926630069,-0.6543762926630069,-0.007855928786022065,-0.007855928786022065,,
ev_diabetes,strong_d_sample_012,Strong-D,extracellular_vesicle,Ag colloid SERS,biological_range,0.003348821273498612,0.03338520022892722,0.0018419509442371511,0.005761018854148739,0.07209042212410839,0.03926710428498178,0.015466660675938732,0.009649525746529098,0.0031483197818299594,0.08683326359081837,0.03552744350179307,-0.12690122111459493,-0.12690122111459493,0.7116145413477598,0.7116145413477598,-0.13387680344454467,-0.13387680344454467,0.08982612382173873,0.08982612382173873,0.11970823974382173,0.11970823974382173,-0.1658043619185645,-0.1658043619185645,-4.149460015092387,-4.0,-2.0193802894675303,-2.0193802894675303,-1.7342156166517484,-1.7342156166517484,1.726436836150268,1.726436836150268,-1.7642658938461313,-1.7642658938461313,,
ev_diabetes,strong_d_sample_013,Strong-D,extracellular_vesicle,Ag colloid SERS,biological_range,0.002856303371719934,0.05716737194200656,0.02039355296801669,0.0028479207458397084,0.033748796362608594,0.06763578178592224,0.01342809695254091,0.0036404357589411413,0.0016891589537308962,0.08388452208367111,0.06390860682774036,-0.1515271162035288,-0.1515271162035288,1.9007231270017264,1.9007231270017264,0.7937032977444324,0.7937032977444324,-0.055828781593712816,-0.055828781593712816,-1.2280759802245744,-1.2280759802245744,1.1858143052950767,1.1858143052950767,-4.183182353682426,-4.0,-2.319834788846928,-2.319834788846928,-1.7756650694708067,-1.7756650694708067,1.5836715901026333,1.5836715901026333,-0.3452077275487672,-0.3452077275487672,,
ev_diabetes,strong_d_sample_014,Strong-D,extracellular_vesicle,Ag colloid SERS,biological_range,0.0051814883686213155,0.047128831634423,0.0017345895238663218,0.0058250870348378015,0.07927602407429836,0.03918377912390765,0.016261730120998383,0.005923266986857608,0.005073156217950054,0.08647684031637305,0.07830306578155005,-0.035267866358459736,-0.035267866358459736,1.398796111622549,1.398796111622549,-0.13924487446308614,-0.13924487446308614,0.09302953285619184,0.09302953285619184,0.37229640540175446,0.37229640540175446,-0.16977436873867946,-0.16977436873867946,-4.136307813509887,-4.0,-2.205693227451105,-2.205693227451105,-1.6795380132601447,-1.6795380132601447,1.7091803705190984,1.7091803705190984,0.3745152201417176,0.3745152201417176,,
ev_diabetes,strong_d_sample_015,Strong-D,extracellular_vesicle,Ag colloid SERS,biological_range,0.0027965403627969684,0.023908992664270594,0.005602635730459198,0.0045144105769520495,0.0976775112906141,0.016923215677312073,0.02205837936900373,0.014093739163975817,0.010731727782944393,0.12076166548410318,0.024728059248266814,-0.15451526664967707,-0.15451526664967707,0.23780416311492847,0.23780416311492847,0.05415743586655768,0.05415743586655768,0.027495709961904233,0.027495709961904233,1.0191451918453467,1.0191451918453467,-1.2303734430562878,-1.2303734430562878,-4.04041845455322,-4.0,-1.7971696185951944,-1.7971696185951944,-1.5187985727612836,-1.5187985727612836,3.369102574248125,3.369102574248125,-2.3042351065224445,-2.3042351065224445,,
ev_diabetes,strong_d_sample_016,Strong-D,extracellular_vesicle,Ag colloid SERS,biological_range,0.002168442599112995,0.055299204598757715,0.0045635040814066136,0.00864909059353515,0.09918698293918492,0.04308660105407136,0.010396282064255108,0.006575848720436487,0.0011545390797368126,0.03481786184245508,0.07798421482334493,-0.18592015483387575,-0.18592015483387575,1.8073147598392847,1.8073147598392847,0.0022008534139284462,0.0022008534139284462,0.23422971079105925,0.23422971079105925,1.0722061152680642,1.0722061152680642,0.016174622906953918,0.016174622906953918,-4.233335256450012,-4.0,-2.1730641407721607,-2.1730641407721607,-1.7908516759205684,-1.7908516759205684,-0.7919228135078258,-0.7919228135078258,0.3585726722314615,0.3585726722314615,,
ev_diabetes,strong_d_sample_017,Strong-D,extracellular_vesicle,Ag colloid SERS,biological_range,0.0019933092030787964,0.037176963455125674,0.0013201326980710735,0.0022364487480034377,0.03212637110148358,0.10860594750588758,0.010954843351102255,0.011641903240876125,0.002537055084642428,0.0518255679732125,0.06952833656440865,-0.1946768246355857,-0.1946768246355857,0.9012027026576824,0.9012027026576824,-0.15996771575284854,-0.15996771575284854,-0.08640238148552636,-0.08640238148552636,-1.2851074472422854,-1.2851074472422854,3.137827781570302,3.137827781570302,-4.224095421255186,-4.0,-1.919761414750179,-1.919761414750179,-1.751579423805918,-1.751579423805918,0.031516387445568554,0.031516387445568554,-0.06422124071535223,-0.06422124071535223,,
ev_diabetes,strong_d_sample_018,Strong-D,extracellular_vesicle,Ag colloid SERS,biological_range,0.004189987319225139,0.04076346810657222,0.001421313690700752,0.002419753544202539,0.057794366441462325,0.09525636851172194,0.01152097821058696,0.015308705669838323,0.01232853753220952,0.01536562314709411,0.0697702713328249,-0.08484291882826854,-0.08484291882826854,1.0805279352300097,1.0805279352300097,-0.1549086661213646,-0.1549086661213646,-0.07723714167557129,-0.07723714167557129,-0.3828264826154887,-0.3828264826154887,2.50179037138933,2.50179037138933,-4.214730302470796,-4.0,-1.7364212933020693,-1.7364212933020693,-1.4734390146586973,-1.4734390146586973,-1.7337156552300628,-1.7337156552300628,-0.05212450229453991,-0.05212450229453991,,
ev_diabetes,strong_d_sample_019,Strong-D,extracellular_vesicle,Ag colloid SERS,biological_range,0.002945555059379272,0.03236661527067307,0.0019529690871875794,0.006931385307959908,0.013713648699457208,0.06847073337611151,0.01932580457074834,0.008208426045486644,0.0023810533626159457,0.08137136807827365,0.0800136785819726,-0.1470645318205619,-0.1470645318205619,0.6606852934350522,0.6606852934350522,-0.12832589629702326,-0.12832589629702326,0.14834444651229717,0.14834444651229717,-1.9323511727555822,-1.9323511727555822,1.2255953685992127,1.2255953685992127,-4.085621266470125,-4.0,-2.0914352745196534,-2.0914352745196534,-1.7560108654210635,-1.7560108654210635,1.4619955974574599,1.4619955974574599,0.460045860162845,0.460045860162845,,
ev_diabetes,strong_d_sample_020,Strong-D,extracellular_vesicle,Ag colloid SERS,biological_range,0.004255839437394512,0.029129883491627064,0.002777261864892218,0.00590201690052836,0.020546606602935738,0.04820465272192994,0.025870817675852947,0.011528308437219609,0.00754384745803108,0.08935089243432569,0.07837438798901772,-0.0815503129197999,-0.0815503129197999,0.498848704482752,0.498848704482752,-0.08711125741179133,-0.08711125741179133,0.09687602614071975,0.09687602614071975,-1.692159145028262,-1.692159145028262,0.26002293673167265,0.26002293673167265,-3.977352319331839,-3.977352319331839,-1.9254411549330048,-1.9254411549330048,-1.6093546599147748,-1.6093546599147748,1.8483294810052833,1.8483294810052833,0.37808133051510096,0.37808133051510096,,
ev_diabetes,strong_d_sample_021,Strong-D,extracellular_vesicle,Ag colloid SERS,biological_range,0.004558070311915222,0.045964144474168335,0.0029717266897785147,0.007459393202926096,0.014384676560593132,0.03403125687787878,0.024708431985608566,0.01125256501288285,0.011165159760136956,0.0627176347912048,0.047583059713350674,-0.06643876919376442,-0.06643876919376442,1.3405617536098156,1.3405617536098156,-0.0773880161674765,-0.0773880161674765,0.17474484126060655,0.17474484126060655,-1.908763212035714,-1.908763212035714,-0.4152650247883069,-0.4152650247883069,-3.9965807414649004,-3.9965807414649004,-1.939228326149843,-1.939228326149843,-1.5064863464850897,-1.5064863464850897,0.5588629166238184,0.5588629166238184,-1.1614850832682513,-1.1614850832682513,,
ev_diabetes,strong_d_sample_022,Strong-D,extracellular_vesicle,Ag colloid SERS,biological_range,0.003691485780309927,0.04513105568818356,0.0025450078840291816,0.003271437950952371,0.03812650750950394,0.06439827942254234,0.015686549447319967,0.018408249517349765,0.012033429624188945,0.020498760845183425,0.09617645828451532,-0.10976799577402917,-0.10976799577402917,1.298907314310577,1.298907314310577,-0.09872395645494315,-0.09872395645494315,-0.03465292133807969,-0.03465292133807969,-1.074190747499521,-1.074190747499521,1.0315643008897784,1.0315643008897784,-4.145822570005163,-4.0,-1.5814441009264968,-1.5814441009264968,-1.4818219571517228,-1.4818219571517228,-1.485191440853237,-1.485191440853237,1.268184845289981,1.268184845289981,,
ev_diabetes,strong_d_sample_023,Strong-D,extracellular_vesicle,Ag colloid SERS,biological_range,0.0038480992423424163,0.04535231492798032,0.0024440231463630922,0.006963655863702331,0.0294151445496187,0.05938331921752186,0.022475301245972787,0.014273189168688086,0.006004811977653903,0.09460790543780036,0.0767367235835674,-0.1019373226724047,-0.1019373226724047,1.3099702763004148,1.3099702763004148,-0.10377319333824762,-0.10377319333824762,0.14995797429941832,0.14995797429941832,-1.3804124399437705,-1.3804124399437705,0.7926277544746514,0.7926277544746514,-4.03352164748294,-4.0,-1.7881971183595808,-1.7881971183595808,-1.6530730611371107,-1.6530730611371107,2.1028511992018575,2.1028511992018575,0.2961981102425848,0.2961981102425848,,
ev_diabetes,strong_d_sample_024,Strong-D,extracellular_vesicle,Ag colloid SERS,biological_range,0.00391378308381351,0.059743178870567216,0.002629047785317181,0.0038847796586100455,0.040785699160503855,0.09040483626481673,0.014657498711958017,0.017427989410857953,0.008184295181920945,0.04790013008101219,0.0753636703679022,-0.09865313059885003,-0.09865313059885003,2.0295134734297595,2.0295134734297595,-0.09452196139054318,-0.09452196139054318,-0.003985835955195964,-0.003985835955195964,-0.9807148848070154,-0.9807148848070154,2.2706403098720584,2.2706403098720584,-4.162845338008885,-4.0,-1.6304571062510875,-1.6304571062510875,-1.591161869097446,-1.591161869097446,-0.15853625201649696,-0.15853625201649696,0.22754544945932514,0.22754544945932514,,
adenine,Adenine_bAgNPs_10pg.CSV,10 pg/mL,reference_calibration,Ag colloid SERS,calibration_behavior,0.06653679667927295,0.03470341621986864,0.020552315395769568,0.02730160523542477,0.04335819166073112,0.022142679816830973,0.03228914380890875,0.04651646061789029,0.025386439886691734,0.027191020474931504,0.03810869568812611,3.032497549174122,3.032497549174122,0.7775253408948307,0.7775253408948307,0.8016414191320761,0.8016414191320761,1.1668554428855402,1.1668554428855402,-0.8902866692858348,-0.8902866692858348,-0.9816933569439882,-0.9816933569439882,-3.871179054029418,-3.871179054029418,-0.17603354589947084,-0.17603354589947084,-1.1025114944462122,-1.1025114944462122,-1.1611813198101233,-1.1611813198101233,-1.6352032845294795,-1.6352032845294795,0.01,
adenine,Adenine_bAgNPs_100pg.CSV,100 pg/mL,reference_calibration,Ag colloid SERS,calibration_behavior,0.06142603552674421,0.023422360533440906,0.020080736593276024,0.01599341727117272,0.046315234616005264,0.010520595270338093,0.021748108983109526,0.04005485842528386,0.019055098236981337,0.010226433569744349,0.038501494426220355,2.776959491547685,2.776959491547685,0.21347255657344408,0.21347255657344408,0.778062479007399,0.778062479007399,0.6014460446729376,0.6014460446729376,-0.7863407422748538,-0.7863407422748538,-1.535424718740963,-1.535424718740963,-4.045551010816974,-4.0,-0.49911365552979226,-0.49911365552979226,-1.282361886491683,-1.282361886491683,-1.9825328752940856,-1.9825328752940856,-1.6155633476247673,-1.6155633476247673,0.1,
adenine,Adenine_bAgNPs_10nano.CSV,10 ng/mL,reference_calibration,Ag colloid SERS,calibration_behavior,0.06272547293265744,0.028409126876325946,0.026641801668168263,0.017239548321261445,0.050212603398340175,0.008574470948627786,0.02585112953905058,0.03692764441531433,0.01553734985327451,0.008733237126434586,0.042628758509472196,2.8419313618433466,2.8419313618433466,0.4628108737176961,0.4628108737176961,1.106115732752011,1.106115732752011,0.663752597177374,0.663752597177374,-0.6493404967218087,-0.6493404967218087,-1.6281473337396684,-1.6281473337396684,-3.9776780045227587,-3.9776780045227587,-0.655474356028269,-0.655474356028269,-1.3822883256147294,-1.3822883256147294,-2.054826956382532,-2.054826956382532,-1.409200143462175,-1.409200143462175,10.0,
adenine,Adenine_bAgNPs_100nano.CSV,100 ng/mL,reference_calibration,Ag colloid SERS,calibration_behavior,0.09767074961236862,0.029979655448563864,0.022462109508614995,0.012864014891228206,0.05156521551448357,0.010380175521559416,0.02549056819300835,0.033700262856410465,0.01500023801475463,0.011895422781522702,0.04269446194730822,4.589195195828905,4.0,0.541337302329592,0.541337302329592,0.8971311247743474,0.8971311247743474,0.444975925675712,0.444975925675712,-0.6017934970923173,-0.6017934970923173,-1.5421149831598249,-1.5421149831598249,-3.98364248414837,-3.98364248414837,-0.816843433973462,-0.816843433973462,-1.3975457197145222,-1.3975457197145222,-1.901727672500674,-1.901727672500674,-1.4059149715703738,-1.4059149715703738,100.0,
adenine,Adenine_bAgNPs_1micro.CSV,1 µg/mL,reference_calibration,Ag colloid SERS,calibration_behavior,0.1511508480512359,0.030686349607719696,0.019196721947589673,0.00951197384321437,0.037843338155710275,0.01365400321092092,0.020317342277471794,0.025670999750731064,0.016871154058216986,0.0074225889224414495,0.030711996894838698,7.26320011777227,4.0,0.5766720102873836,0.5766720102873836,0.7338617467230815,0.7338617467230815,0.2773738732750202,0.2773738732750202,-1.084144712127828,-1.084144712127828,-1.386134267525999,-1.386134267525999,-4.069219046668437,-4.0,-1.218306589257432,-1.218306589257432,-1.3443997985942717,-1.3443997985942717,-2.11828284523255,-2.11828284523255,-2.00503822419385,-2.00503822419385,1000.0,
adenine,Adenine_bAgNPs_10micro.CSV,10 µg/mL,reference_calibration,Ag colloid SERS,calibration_behavior,0.16792504041058584,0.030008208791271168,0.015346956475617504,0.006872615208497887,0.035470932446991045,0.01714349210463556,0.018703584042407694,0.015388093347977068,0.015086907922724147,0.00495313439399205,0.03214891146540878,8.101909735739767,4.0,0.5427649694649572,0.5427649694649572,0.5413734731244729,0.5413734731244729,0.1454059415391961,0.1454059415391961,-1.1675394799309562,-1.1675394799309562,-1.2198784268149532,-1.2198784268149532,-4.095914165874517,-4.0,-1.7324519093951318,-1.7324519093951318,-1.3950837428083203,-1.3950837428083203,-2.237843099158842,-2.237843099158842,-1.9331924956653457,-1.9331924956653457,10000.0,
ergothioneine,erg_0,0.0uM,serum_calibration,Ag colloid SERS,calibration_behavior,0.08666058822209938,0.09097826880940403,0.007740170440122968,0.027968105065136563,0.08963493318011835,0.01762395661382894,0.03341242917428133,0.044010368373911174,0.015255616452954503,0.06497679124816945,0.025858183100935767,4.038687126315443,4.0,3.5912679703716006,3.5912679703716006,0.16103417134974615,0.16103417134974615,1.2001804343711298,1.2001804343711298,0.7364326138076701,0.7364326138076701,-1.196986813360717,-1.196986813360717,-3.8525974374777436,-3.8525974374777436,-0.3013381580984267,-0.3013381580984267,-1.3902913469810103,-1.3902913469810103,0.6682414520623786,0.6682414520623786,-2.2477289138889964,-2.2477289138889964,,0.0
ergothioneine,erg_1,0.0uM,serum_calibration,Ag colloid SERS,calibration_behavior,0.08393588882444661,0.0915768687152043,0.007395176878506488,0.02553394982900508,0.0935701210626901,0.018570052163806926,0.03497363822177502,0.042793300257027045,0.014921890846850918,0.06529885367360143,0.026359875364893617,3.9024521564328047,3.9024521564328047,3.6211979656616142,3.6211979656616142,0.14378449326892215,0.14378449326892215,1.0784726725645557,1.0784726725645557,0.8747622757717374,0.8747622757717374,-1.1519103234088817,-1.1519103234088817,-3.826771597694004,-3.826771597694004,-0.36219156394263313,-0.36219156394263313,-1.3997712778414921,-1.3997712778414921,0.6838343147456787,0.6838343147456787,-2.222644300691104,-2.222644300691104,,0.0
ergothioneine,erg_2,0.0uM,serum_calibration,Ag colloid SERS,calibration_behavior,0.08800364208349451,0.09009756457536029,0.005237579737849938,0.02715456479005457,0.08879578221578008,0.019200215883544213,0.03177156821113883,0.044490876449808425,0.0149021116552817,0.06344293714178209,0.030082796831550476,4.1058398193852,4.0,3.5472327586694137,3.5472327586694137,0.03590463623609468,0.03590463623609468,1.1595034206170303,1.1595034206170303,0.7069347924335421,0.7069347924335421,-1.1218863278606412,-1.1218863278606412,-3.8797408955620667,-3.8797408955620667,-0.2773127543035641,-0.2773127543035641,-1.4003331327460096,-1.4003331327460096,0.5939789036603595,0.5939789036603595,-2.036498227358261,-2.036498227358261,,0.0
ergothioneine,erg_3,0.0uM,serum_calibration,Ag colloid SERS,calibration_behavior,0.07910882183112111,0.0932027392028333,0.006162753055518881,0.02452567021106704,0.09419057003475251,0.016903300544447285,0.03418114902910867,0.04381708205490503,0.013154488458300407,0.06756315072158156,0.027777356504660327,3.66109880676653,3.66109880676653,3.7024914900430637,3.7024914900430637,0.08216330211954183,0.08216330211954183,1.0280586916676537,1.0280586916676537,0.8965722881860003,0.8965722881860003,-1.231322294666984,-1.231322294666984,-3.8398811162130024,-3.8398811162130024,-0.31100247404873377,-0.31100247404873377,-1.4499767524579898,-1.4499767524579898,0.7934617352558457,0.7934617352558457,-2.1517702437027686,-2.1517702437027686,,0.0
ergothioneine,erg_4,0.0uM,serum_calibration,Ag colloid SERS,calibration_behavior,0.08334112720611045,0.09314896866118513,0.007780312476502328,0.024070985777100297,0.091509238833867,0.017319334362868675,0.034169844965422566,0.04264360191333599,0.012332584983300593,0.06454931368606076,0.028771308506368734,3.872714075515997,3.872714075515997,3.6998029629606557,3.6998029629606557,0.16304127316871417,0.16304127316871417,1.0053244699693165,1.0053244699693165,0.8023181763874546,0.8023181763874546,-1.2115004656391106,-1.2115004656391106,-3.8400681103494576,-3.8400681103494576,-0.3696764811271857,-0.3696764811271857,-1.473324041291947,-1.473324041291947,0.6475448466846723,0.6475448466846723,-2.102072643617348,-2.102072643617348,,0.0
ergothioneine,erg_5,0.2uM,serum_calibration,Ag colloid SERS,calibration_behavior,0.07542715724345056,0.09296993501063136,0.006356712795548416,0.021481511036546518,0.10138798414824157,0.019596896784102712,0.032870391687942715,0.04192571853910561,0.015847925819266823,0.08256621386945182,0.02345577946818437,3.4770155773830025,3.4770155773830025,3.690851280432967,3.690851280432967,0.09186128912101856,0.09186128912101856,0.8758507329416276,0.8758507329416276,1.1495756748206658,1.1495756748206658,-1.1029865638478773,-1.1029865638478773,-3.861563932580648,-3.861563932580648,-0.40557064983870494,-0.40557064983870494,-1.37346599184505,-1.37346599184505,1.5198448368543578,1.5198448368543578,-2.3678490955265663,-2.3678490955265663,,0.2
ergothioneine,erg_6,0.2uM,serum_calibration,Ag colloid SERS,calibration_behavior,0.07272762116081134,0.09394118160500863,0.006584124128875701,0.021264016397393767,0.10384305259189852,0.022722287738241122,0.03212513555924652,0.0405807125488384,0.016053645942128256,0.08489859335699965,0.023439997003080307,3.3420387732510415,3.3420387732510415,3.7394136101518303,3.7394136101518303,0.10323185578738282,0.10323185578738282,0.8649760009839901,0.8649760009839901,1.235876201769781,1.235876201769781,-0.9540780799816806,-0.9540780799816806,-3.87389211208259,-3.87389211208259,-0.4728209493520652,-0.4728209493520652,-1.367622231265495,-1.367622231265495,1.6327685131444387,1.6327685131444387,-2.36863821878177,-2.36863821878177,,0.2
ergothioneine,erg_7,0.2uM,serum_calibration,Ag colloid SERS,calibration_behavior,0.06980860947119416,0.09540804947267209,0.006442982395821198,0.020530925419307126,0.10758664695825286,0.022151756064088767,0.033931519312030846,0.04061473401088822,0.016106030321686466,0.08690520787760753,0.025822138037924425,3.1960881887701826,3.1960881887701826,3.8127570035350034,3.8127570035350034,0.09617476913465765,0.09617476913465765,0.828321452079658,0.828321452079658,1.3674709714939535,1.3674709714939535,-0.9812609213741075,-0.9812609213741075,-3.8440105421145896,-3.8440105421145896,-0.47111987624957435,-0.47111987624957435,-1.3661341815405157,-1.3661341815405157,1.7299200657857852,1.7299200657857852,-2.2495311670395637,-2.2495311670395637,,0.2
ergothioneine,erg_8,0.2uM,serum_calibration,Ag colloid SERS,calibration_behavior,0.0726776833850852,0.09219247648595347,0.007391986171748772,0.02032203890023091,0.10302256501208784,0.022856498341140334,0.032486608971395416,0.04054480282558648,0.0145905936534419,0.08440949816769754,0.023192577583362645,3.339541884464735,3.339541884464735,3.6519783541990725,3.6519783541990725,0.14362495793103636,0.14362495793103636,0.8178771261258473,0.8178771261258473,1.2070344353922242,1.2070344353922242,-0.9476836487921915,-0.9476836487921915,-3.8679125448726603,-3.8679125448726603,-0.47461643551466143,-0.47461643551466143,-1.4091822263283584,-1.4091822263283584,1.6090886501004302,1.6090886501004302,-2.381009189767653,-2.381009189767653,,0.2
ergothioneine,erg_9,0.2uM,serum_calibration,Ag colloid SERS,calibration_behavior,0.0736216910782127,0.09357558472893285,0.006334052810147723,0.021480005107083325,0.10571967979565666,0.023527783196830417,0.03228281018001762,0.04142635741967139,0.014949694013773046,0.08472350841652976,0.023840646147933083,3.3867422691211098,3.3867422691211098,3.7211337663480415,3.7211337663480415,0.09072828985098391,0.09072828985098391,0.8757754364684679,0.8757754364684679,1.301843371438637,1.301843371438637,-0.9157004468280374,-0.9157004468280374,-3.871283826215599,-3.871283826215599,-0.43053870581041576,-0.43053870581041576,-1.3989814909767635,-1.3989814909767635,1.6242916613943503,1.6242916613943503,-2.348605761539131,-2.348605761539131,,0.2
ergothioneine,erg_10,0.4uM,serum_calibration,Ag colloid SERS,calibration_behavior,0.08355928967396598,0.08169080531273008,0.006569556900090294,0.026585176211123787,0.08886365073455484,0.03448936738464588,0.03310064144831498,0.047233197948309616,0.01603586129695719,0.0875959460171106,0.023956996134469808,3.8836221989087734,3.8836221989087734,3.126894795537903,3.126894795537903,0.10250349434811246,0.10250349434811246,1.131033991670491,1.131033991670491,0.7093205055278756,0.7093205055278756,-0.39343846228561064,-0.39343846228561064,-3.857755093891707,-3.857755093891707,-0.14019667937850455,-0.14019667937850455,-1.3681274283601033,-1.3681274283601033,1.7633626039674533,1.7633626039674533,-2.3427882622122946,-2.3427882622122946,,0.4
ergothioneine,erg_11,0.4uM,serum_calibration,Ag colloid SERS,calibration_behavior,0.07921431626557453,0.08595904655425697,0.006613638892805792,0.02671132166248006,0.09720351418227087,0.03045433680017537,0.0330266242071196,0.044862735108714025,0.01726986007903373,0.08848118915939063,0.021266764589758548,3.666373528489201,3.666373528489201,3.3403068576142476,3.3403068576142476,0.10470759398388735,0.10470759398388735,1.1373412642383047,1.1373412642383047,1.002483253019134,1.002483253019134,-0.585686502772077,-0.585686502772077,-3.8589795022535567,-3.8589795022535567,-0.25871982135828414,-0.25871982135828414,-1.333074010456135,-1.333074010456135,1.8062222289000764,1.8062222289000764,-2.4772998394478574,-2.4772998394478574,,0.4
ergothioneine,erg_12,0.4uM,serum_calibration,Ag colloid SERS,calibration_behavior,0.07922544983100129,0.08631975225650682,0.005372995128831929,0.024896550865827528,0.09343406697489767,0.03070686024225708,0.033552300326433,0.04670166744820209,0.015037809284348606,0.08720109096646418,0.025484169830860205,3.6669302067605387,3.6669302067605387,3.3583421427267397,3.3583421427267397,0.04267540578519421,0.04267540578519421,1.0466027244056781,1.0466027244056781,0.8699797046379658,0.8699797046379658,-0.5736550854381046,-0.5736550854381046,-3.850283660234629,-3.850283660234629,-0.1667732043838809,-0.1667732043838809,-1.396478456575053,-1.396478456575053,1.744245438789681,1.744245438789681,-2.266429577392775,-2.266429577392775,,0.4
ergothioneine,erg_13,0.4uM,serum_calibration,Ag colloid SERS,calibration_behavior,0.07602158899525582,0.0904618125718342,0.00648210470373711,0.023519114918782773,0.09601287114122485,0.028487778695647246,0.03445464945965981,0.04543829142909965,0.01573023504246365,0.08636067951866644,0.02590344975929231,3.5067371649732655,3.5067371649732655,3.5654451584931084,3.5654451584931084,0.09813088453045327,0.09813088453045327,0.9777309270534403,0.9777309270534403,0.960629787745672,0.960629787745672,-0.6793826803310191,-0.6793826803310191,-3.835356816080655,-3.835356816080655,-0.22994200533900283,-0.22994200533900283,-1.376809158825962,-1.376809158825962,1.7035563696273694,1.7035563696273694,-2.245465580971169,-2.245465580971169,,0.4
ergothioneine,erg_14,0.4uM,serum_calibration,Ag colloid SERS,calibration_behavior,0.07245305829406999,0.0922984022816524,0.007641860311468732,0.022177014210338342,0.10103025841194789,0.02614749715835791,0.034112086921565914,0.04530308005510377,0.015320823609120942,0.08609234027942018,0.023993770883056213,3.328310629913974,3.328310629913974,3.6572746439840187,3.6572746439840187,0.15611866491703438,0.15611866491703438,0.9106258916312188,0.9106258916312188,1.1370009054185468,1.1370009054185468,-0.7908848189919011,-0.7908848189919011,-3.841023555739208,-3.841023555739208,-0.2367025740387968,-0.2367025740387968,-1.3884390488032234,-1.3884390488032234,1.6905645500927067,1.6905645500927067,-2.3409495247829746,-2.3409495247829746,,0.4
ergothioneine,erg_15,0.6uM,serum_calibration,Ag colloid SERS,calibration_behavior,0.06705415693664807,0.08900420668743328,0.003954697557928653,0.019926008233598018,0.09966740459700922,0.038805058751192584,0.031512277141085517,0.04397492012586069,0.016411372838061558,0.09814083511973798,0.023885885212307795,3.058365562042878,3.058365562042878,3.4925648642730627,3.4925648642730627,-0.028239472759969582,-0.028239472759969582,0.7980755927942026,0.7980755927942026,1.0890938897556248,1.0890938897556248,-0.18781840781659637,-0.18781840781659637,-3.8840301415431235,-3.8840301415431235,-0.3031105705009508,-0.3031105705009508,-1.3574605110427747,-1.3574605110427747,2.2739002972961746,2.2739002972961746,-2.346343808320395,-2.346343808320395,,0.6
ergothioneine,erg_16,0.6uM,serum_calibration,Ag colloid SERS,calibration_behavior,0.07422611584726313,0.08038706148687474,0.004637128688942018,0.024540183809783914,0.09268802422296776,0.0452669581865116,0.029997937636341274,0.04647531520844878,0.015368490640620918,0.10265021821930231,0.023444427819241664,3.416963507573631,3.416963507573631,3.0617076042451363,3.0617076042451363,0.005882083790698664,0.005882083790698664,1.0287843716034974,1.0287843716034974,0.8437548216680164,0.8437548216680164,0.12005720260426045,0.12005720260426045,-3.909080655752285,-3.909080655752285,-0.17809081637154625,-0.17809081637154625,-1.3870850017817196,-1.3870850017817196,2.4922250253782816,2.4922250253782816,-2.368416677973702,-2.368416677973702,,0.6
ergothioneine,erg_17,0.6uM,serum_calibration,Ag colloid SERS,calibration_behavior,0.070479700993914,0.08495598734579762,0.005906565526809664,0.02134953510986868,0.09708427289764913,0.04433148287303489,0.029435724017394967,0.0440458362499849,0.01614259565440227,0.10222287065579731,0.023523485277755756,3.2296427649061745,3.2296427649061745,3.29015389719128,3.29015389719128,0.06935392568408098,0.06935392568408098,0.8692519366077357,0.8692519366077357,0.9982916852754598,0.9982916852754598,0.07548671121033719,0.07548671121033719,-3.918380908572657,-3.918380908572657,-0.29956476429474044,-0.29956476429474044,-1.3650954934096182,-1.3650954934096182,2.471534713967882,2.471534713967882,-2.364463805047997,-2.364463805047997,,0.6
ergothioneine,erg_18,0.6uM,serum_calibration,Ag colloid SERS,calibration_behavior,0.07005499008309532,0.08404973255129547,0.005060843801410938,0.021133740430334023,0.09836200261542301,0.040364195550337295,0.0315165383504399,0.045649575315559535,0.013977864292403257,0.10017121811327069,0.02346043799379873,3.2084072193652404,3.2084072193652404,3.244841157466172,3.244841157466172,0.02706783941414468,0.02706783941414468,0.8584622026310029,0.8584622026310029,1.0432064200264708,1.0432064200264708,-0.1135337182185756,-0.1135337182185756,-3.8839596517453296,-3.8839596517453296,-0.21937781101600862,-0.21937781101600862,-1.4265876392562187,-1.4265876392562187,2.3722026160786243,2.3722026160786243,-2.3676161692458484,-2.3676161692458484,,0.6
ergothioneine,erg_19,0.6uM,serum_calibration,Ag colloid SERS,calibration_behavior,0.07061152903973823,0.08680252718880128,0.004957333254686918,0.021848024216655073,0.09639490452220334,0.0403350533558779,0.03381378663512601,0.04523825512360246,0.015605693875103823,0.09856018961796081,0.02578325882677894,3.236234167197386,3.236234167197386,3.3824808893414633,3.3824808893414633,0.021892312077943656,0.021892312077943656,0.8941763919470553,0.8941763919470553,0.9740590190877871,0.9740590190877871,-0.11492219091116353,-0.11492219091116353,-3.845958100166431,-3.845958100166431,-0.23994382061386238,-0.23994382061386238,-1.3803469204908203,-1.3803469204908203,2.2942036192302444,2.2942036192302444,-2.251475127596838,-2.251475127596838,,0.6
ergothioneine,erg_20,0.8uM,serum_calibration,Ag colloid SERS,calibration_behavior,0.07265330572719637,0.08117818774923376,0.0068148752477410115,0.02098910612961321,0.09354700515218316,0.04611896942662626,0.02880202976650923,0.046549888326301525,0.014964078214515883,0.10373056939277477,0.025102618909599573,3.338323001570293,3.338323001570293,3.1012639173630867,3.1012639173630867,0.11476941173064834,0.11476941173064834,0.8512304875949622,0.8512304875949622,0.8739497056526389,0.8739497056526389,0.1606510687362519,0.1606510687362519,-3.9288636086450945,-3.9288636086450945,-0.1743621604789091,-0.1743621604789091,-1.3985728881424844,-1.3985728881424844,2.5445309330764645,2.5445309330764645,-2.2855071234558064,-2.2855071234558064,,0.8
ergothioneine,erg_21,0.8uM,serum_calibration,Ag colloid SERS,calibration_behavior,0.06927128493039693,0.07732623822002901,0.006502422724670351,0.021138657945562432,0.09085040607216746,0.05242008670641722,0.028732494351116737,0.04623955914079385,0.016536931597361228,0.10905829056884092,0.024022350363058456,3.169221961730321,3.169221961730321,2.9086664409028495,2.9086664409028495,0.09914678557711533,0.09914678557711533,0.8587080783924234,0.8587080783924234,0.7791588976093369,0.7791588976093369,0.4608662528732483,0.4608662528732483,-3.930013877726679,-3.930013877726679,-0.18987861975429293,-0.18987861975429293,-1.3538938432914267,-1.3538938432914267,2.8024760336323045,2.8024760336323045,-2.3395205507828623,-2.3395205507828623,,0.8
ergothioneine,erg_22,0.8uM,serum_calibration,Ag colloid SERS,calibration_behavior,0.06712625044759714,0.06849242500526143,0.00475803648332718,0.021238049528826915,0.08919131584130126,0.06582712179531229,0.026925540668517278,0.04393420942880564,0.01602145300109955,0.11921505009264835,0.020082233654252078,3.0619702375903315,3.0619702375903315,2.46697578016447,2.46697578016447,0.011927473509956753,0.011927473509956753,0.8636776575556474,0.8636776575556474,0.7208385841574609,0.7208385841574609,1.0996411445663183,1.0996411445663183,-3.959904875590398,-3.959904875590398,-0.3051461053537034,-0.3051461053537034,-1.368536715648971,-1.368536715648971,3.294222179894493,3.294222179894493,-2.5365263862231813,-2.5365263862231813,,0.8
ergothioneine,erg_23,0.8uM,serum_calibration,Ag colloid SERS,calibration_behavior,0.0643747775550747,0.077921595435743,0.004136958768525061,0.02155591703497252,0.0951891477710215,0.05706281224459411,0.028276595289742173,0.04438567068619143,0.01663176960547508,0.11169124259513379,0.019239487167348565,2.9243965929642095,2.9243965929642095,2.9384343016885484,2.9384343016885484,-0.019126412230149187,-0.019126412230149187,0.8795710328629276,0.8795710328629276,0.9316742769156108,0.9316742769156108,0.682067770072679,0.682067770072679,-3.937555453363535,-3.937555453363535,-0.28257304248441373,-0.28257304248441373,-1.351199840363806,-1.351199840363806,2.9299521257055545,2.9299521257055545,-2.5786637105683567,-2.5786637105683567,,0.8
ergothioneine,erg_24,0.8uM,serum_calibration,Ag colloid SERS,calibration_behavior,0.0661599397172896,0.07316367354204252,0.0037026888505382154,0.021127674663576172,0.09267651257934285,0.06145904331049117,0.028169050015732895,0.04420987196607822,0.016625320290956005,0.11838054903055518,0.020796840111218136,3.013654701074955,3.013654701074955,2.700538207003525,2.700538207003525,-0.04083990812949146,-0.04083990812949146,0.8581589142931103,0.8581589142931103,0.843350164554099,0.843350164554099,0.8915251187225766,0.8915251187225766,-3.9393344893104,-3.9393344893104,-0.29136297849007425,-0.29136297849007425,-1.351383041936056,-1.351383041936056,3.253819265916455,3.253819265916455,-2.500796063374878,-2.500796063374878,,0.8
ergothioneine,erg_25,1.0uM,serum_calibration,Ag colloid SERS,calibration_behavior,0.06292666305659547,0.0792025060051106,0.005037288835873557,0.019028538231044268,0.09528022396429145,0.05285716618729667,0.030012727490933304,0.04339949667205565,0.013599822295192692,0.1131250987160759,0.020700616556644753,2.851990868040248,2.851990868040248,3.0024798301569287,3.0024798301569287,0.02589009113727562,0.02589009113727562,0.753202092666515,0.753202092666515,0.934875785815301,0.934875785815301,0.481690797316433,0.481690797316433,-3.9088359989488084,-3.9088359989488084,-0.33188174319120284,-0.33188174319120284,-1.4373264376294013,-1.4373264376294013,2.9993732063282668,2.9993732063282668,-2.5056072411035473,-2.5056072411035473,,1.0
ergothioneine,erg_26,1.0uM,serum_calibration,Ag colloid SERS,calibration_behavior,0.06324643874937128,0.07608905063225259,0.003918822124897789,0.01735760137186136,0.09249589513773945,0.05402557241128626,0.028360646896785427,0.04362905267089487,0.014094336076016022,0.1164584332958585,0.022360076878196276,2.867979652679038,2.867979652679038,2.846807061514028,2.846807061514028,-0.030033244411512786,-0.030033244411512786,0.6696552497073698,0.6696552497073698,0.8370011031147542,0.8370011031147542,0.537359224693091,0.537359224693091,-3.9361650544668914,-3.9361650544668914,-0.32040394324924193,-0.32040394324924193,-1.4232790994389197,-1.4232790994389197,3.1607587771856265,3.1607587771856265,-2.422634225025971,-2.422634225025971,,1.0
ergothioneine,erg_27,1.0uM,serum_calibration,Ag colloid SERS,calibration_behavior,0.06279111971714076,0.0765287203016558,0.0051232375966684856,0.01840913822804274,0.09394169862357961,0.055207344791651645,0.028957313782987514,0.043261363066533644,0.014739226131698778,0.1146703014424348,0.022002406366567806,2.8452137010675123,2.8452137010675123,2.868790544984189,2.868790544984189,0.030187529177022044,0.030187529177022044,0.7222320925164387,0.7222320925164387,0.8878239642921055,0.8878239642921055,0.5936644793052033,0.5936644793052033,-3.926294868643887,-3.926294868643887,-0.33878842346730315,-0.33878842346730315,-1.4049601181301044,-1.4049601181301044,3.0741852055785928,3.0741852055785928,-2.4405177506073947,-2.4405177506073947,,1.0
ergothioneine,erg_28,1.0uM,serum_calibration,Ag colloid SERS,calibration_behavior,0.06606131366215826,0.07957663903598249,0.004389990612767883,0.021203674680976708,0.09294861315271623,0.04786299101803679,0.030773568681873555,0.04656947704236144,0.014088678371654013,0.11053777681465511,0.02575974842369331,3.008723398318387,3.008723398318387,3.021186481700523,3.021186481700523,-0.006474820018008073,-0.006474820018008073,0.861958915163137,0.861958915163137,0.8529150395888252,0.8529150395888252,0.24374454882167243,0.24374454882167243,-3.896250008155559,-3.896250008155559,-0.17338272467591342,-0.17338272467591342,-1.4234398142453353,-1.4234398142453353,2.874106326554147,2.874106326554147,-2.2526506477511195,-2.2526506477511195,,1.0
ergothioneine,erg_29,1.0uM,serum_calibration,Ag colloid SERS,calibration_behavior,0.06147651685664157,0.07912121241003597,0.006585700908116321,0.018872917996242952,0.09483414134319888,0.051097156614024364,0.029814789457177894,0.04432564521042125,0.015089147887053527,0.11575798019620848,0.024070263261798522,2.779483558042553,2.779483558042553,2.9984151504031975,2.9984151504031975,0.1033106947494138,0.1033106947494138,0.7454210809264493,0.7454210809264493,0.9191950966016889,0.9191950966016889,0.39783557376465833,0.39783557376465833,-3.912110330438933,-3.912110330438933,-0.285574316272923,-0.285574316272923,-1.3950201135674585,-1.3950201135674585,3.126845882863089,3.126845882863089,-2.337124905845859,-2.337124905845859,,1.0
ergothioneine,erg_30,1.2uM,serum_calibration,Ag colloid SERS,calibration_behavior,0.0657079008757169,0.06318974647364493,0.004611067499311278,0.02017949992296134,0.08415894483963796,0.06777540485869414,0.02421472868109357,0.04495593587558605,0.01479882161104526,0.1260060657040132,0.019098792591245303,2.9910527589963194,2.9910527589963194,2.2018418535836455,2.2018418535836455,0.0045790243091616695,0.0045790243091616695,0.8107501772623686,0.8107501772623686,0.5439407586124901,0.5439407586124901,1.1924666122813992,1.1924666122813992,-4.0047476826337185,-4.0,-0.25405978301468285,-0.25405978301468285,-1.4032672272836448,-1.4032672272836448,3.6230136362903402,3.6230136362903402,-2.5856984393735196,-2.5856984393735196,,1.2
ergothioneine,erg_31,1.2uM,serum_calibration,Ag colloid SERS,calibration_behavior,0.06435578951833572,0.07072588405756357,0.004529021358548567,0.017570212263633676,0.08768820998904638,0.06184852765309076,0.027928158051553555,0.04522767951331831,0.014760846397273462,0.12194218914158296,0.023072123640756264,2.92344719112726,2.92344719112726,2.5786487327795773,2.5786487327795773,0.00047671727102611625,0.00047671727102611625,0.6802857942959855,0.6802857942959855,0.6680014311057633,0.6680014311057633,0.9100820045001242,0.9100820045001242,-3.943319373514135,-3.943319373514135,-0.24047260112806979,-0.24047260112806979,-1.4043459650082442,-1.4043459650082442,3.426258398187472,3.426258398187472,-2.3870318868979714,-2.3870318868979714,,1.2
ergothioneine,erg_32,1.2uM,serum_calibration,Ag colloid SERS,calibration_behavior,0.05970956885545315,0.06018861927685256,0.005029043270971941,0.01881076874115276,0.08251247463929019,0.07401974342638512,0.024718365841041902,0.041412093499025596,0.015933444973779517,0.13289637289991998,0.01815788070356434,2.691136157983132,2.691136157983132,2.0517854937440267,2.0517854937440267,0.025477812892194796,0.025477812892194796,0.7423136181719396,0.7423136181719396,0.4860640642730137,0.4860640642730137,1.4899765886351937,1.4899765886351937,-3.9964164135939675,-3.9964164135939675,-0.43125190184270557,-0.43125190184270557,-1.3710367036597868,-1.3710367036597868,3.9566123596043714,3.9566123596043714,-2.632744033757568,-2.632744033757568,,1.2
ergothioneine,erg_33,1.2uM,serum_calibration,Ag colloid SERS,calibration_behavior,0.06148778090027586,0.07691125744117215,0.0034997375172100705,0.019030732876468354,0.09356426997910108,0.05421743826061842,0.03136423403890544,0.04536371174962007,0.0127902780463179,0.11419922353100954,0.02419196023808907,2.7800467602242676,2.7800467602242676,2.8879174019600065,2.8879174019600065,-0.050987474795898706,-0.050987474795898706,0.7533118249377194,0.7533118249377194,0.8745565985743218,0.8745565985743218,0.5465006259286457,0.5465006259286457,-3.8864791008571427,-3.8864791008571427,-0.23367098931298194,-0.23367098931298194,-1.4603226457940561,-1.4603226457940561,3.0513776608110295,3.0513776608110295,-2.331040057031331,-2.331040057031331,,1.2
ergothioneine,erg_34,1.2uM,serum_calibration,Ag colloid SERS,calibration_behavior,0.06308515498290088,0.07487499926518283,0.002990696630037245,0.018634362272338927,0.08990000347405588,0.05784615544090221,0.03045144926374113,0.04448312568949291,0.01376848743031751,0.11677966956488561,0.024778230526007673,2.859915464355518,2.859915464355518,2.7861044931605403,2.7861044931605403,-0.07643951915453998,-0.07643951915453998,0.733493294731248,0.733493294731248,0.7457503605712965,0.7457503605712965,0.719389964134412,0.719389964134412,-3.901578573537162,-3.901578573537162,-0.27770029231933974,-0.27770029231933974,-1.4325352744992315,-1.4325352744992315,3.1763116409669783,3.1763116409669783,-2.3017265426354014,-2.3017265426354014,,1.2
ergothioneine,erg_35,1.4uM,serum_calibration,Ag colloid SERS,calibration_behavior,0.06072953667571402,0.05956500246924978,0.0049980354463168165,0.018045791005057106,0.08013333638635069,0.07312270661861918,0.02213815670183833,0.04251069582934658,0.015948075541620036,0.13388199050931418,0.019309260656341642,2.7421345489961753,2.7421345489961753,2.0206046533638875,2.0206046533638875,0.02392742165943859,0.02392742165943859,0.704064731367157,0.704064731367157,0.4024326341823556,0.4024326341823556,1.4472374903986267,1.4472374903986267,-4.039098761575865,-4.0,-0.37632178532665644,-0.37632178532665644,-1.3706211024321884,-1.3706211024321884,4.004331679922203,4.0,-2.575175036118703,-2.575175036118703,,1.4
ergothioneine,erg_36,1.4uM,serum_calibration,Ag colloid SERS,calibration_behavior,0.06095246949625098,0.06093449353481316,0.004442487335230495,0.01865111143266099,0.08104533397879224,0.07397661082763848,0.024617781546904718,0.04332683087296254,0.015734944837612883,0.1336298376278578,0.019373133113074627,2.7532811900230234,2.7532811900230234,2.0890792066420567,2.0890792066420567,-0.0038499838948775032,-0.0038499838948775032,0.7343307527473512,0.7343307527473512,0.4344911590708895,0.4344911590708895,1.4879215465688351,1.4879215465688351,-3.9980802995862486,-3.9980802995862486,-0.3355150331458584,-0.3355150331458584,-1.376675370673165,-1.376675370673165,3.992123533472103,3.992123533472103,-2.5719814132820535,-2.5719814132820535,,1.4
ergothioneine,erg_37,1.4uM,serum_calibration,Ag colloid SERS,calibration_behavior,0.059380954707052666,0.06732432433493918,0.005166745429802219,0.018574866417701636,0.08501035906063532,0.06651915496227678,0.024951696986602545,0.0437454522560578,0.014305855645695281,0.12798872298074507,0.020361122170885777,2.6747054505631076,2.6747054505631076,2.408570746648358,2.408570746648358,0.03236292083370874,0.03236292083370874,0.7305185019993835,0.7305185019993835,0.573869657789979,0.573869657789979,1.1326128947217202,1.1326128947217202,-3.992556602000203,-3.992556602000203,-0.3145839639910955,-0.3145839639910955,-1.4172705976652327,-1.4172705976652327,3.7190052833216853,3.7190052833216853,-2.5225819603914963,-2.5225819603914963,,1.4
ergothioneine,erg_38,1.4uM,serum_calibration,Ag colloid SERS,calibration_behavior,0.05666406435602046,0.06156029852834566,0.0035614380916188727,0.017846335455972938,0.08138763391133637,0.07372917254488755,0.023298904751371755,0.04110986174044768,0.015550177216098008,0.1358626458718573,0.01862702374211692,2.5388609330114975,2.5388609330114975,2.1203694563186817,2.1203694563186817,-0.04790244607545859,-0.04790244607545859,0.6940919539129486,0.6940919539129486,0.44652368086453964,0.44652368086453964,1.4761324104013713,1.4761324104013713,-4.0198974296308165,-4.0,-0.44636348977160134,-0.44636348977160134,-1.3819239468842244,-1.3819239468842244,4.100226402970544,4.0,-2.6092868818299393,-2.6092868818299393,,1.4
ergothioneine,erg_39,1.4uM,serum_calibration,Ag colloid SERS,calibration_behavior,0.05791955033782524,0.07086764561924538,0.005248974982890494,0.01657093622090885,0.08986630445067231,0.06372892126942706,0.02711418116812834,0.04403277966852872,0.01509366828507282,0.12498866146819834,0.021620006883440176,2.6016352321017364,2.6016352321017364,2.585736810863668,2.585736810863668,0.03647439848812246,0.03647439848812246,0.6303219921597443,0.6303219921597443,0.7445657730364005,0.7445657730364005,0.999672896196265,0.999672896196265,-3.956784345814132,-3.956784345814132,-0.3002175933675494,-0.3002175933675494,-1.3948917054983712,-1.3948917054983712,3.573755345692825,3.573755345692825,-2.459637724763776,-2.459637724763776,,1.4
ergothioneine,erg_40,1.6uM,serum_calibration,Ag colloid SERS,calibration_behavior,0.0627531627441808,0.06276203845285434,0.00620635423721993,0.019773697864375092,0.08222068884717036,0.06720867575835002,0.0255930631966995,0.04455576339046068,0.014747445418382256,0.12921453751255704,0.02132301388592881,2.8433158524195146,2.8433158524195146,2.180456452544116,2.180456452544116,0.08434336120459428,0.08434336120459428,0.7904600743330563,0.7904600743330563,0.4758072147414798,0.4758072147414798,1.165464943583487,1.165464943583487,-3.981946990807353,-3.981946990807353,-0.2740684072709512,-0.2740684072709512,-1.4047266380852508,-1.4047266380852508,3.7783538945236925,3.7783538945236925,-2.4744873746393443,-2.4744873746393443,,1.6
ergothioneine,erg_41,1.6uM,serum_calibration,Ag colloid SERS,calibration_behavior,0.06059712749502446,0.06539636616156565,0.005529724124113019,0.018631248471779785,0.08643243358446973,0.06551742162804348,0.027369787776880313,0.04459170151425916,0.015766697847344528,0.1252807913239224,0.020260016996193935,2.7355140899616974,2.7355140899616974,2.312172837979681,2.312172837979681,0.050511855549248724,0.050511855549248724,0.7333376047032909,0.7333376047032909,0.6238583988716796,0.6238583988716796,1.0848855562134305,1.0848855562134305,-3.9525560489464633,-3.9525560489464633,-0.2722715010810273,-0.2722715010810273,-1.375773383138008,-1.375773383138008,3.5878990034631704,3.5878990034631704,-2.527637219126088,-2.527637219126088,,1.6
ergothioneine,erg_42,1.6uM,serum_calibration,Ag colloid SERS,calibration_behavior,0.05944543579695434,0.06766193642183743,0.004818049171160683,0.0176223514245677,0.08684998740062322,0.06287009361735572,0.027812344875645826,0.043802803785333765,0.014697184533690757,0.12660804680438675,0.021350761772912633,2.6779295050581915,2.6779295050581915,2.4254513509932707,2.4254513509932707,0.014928107901631934,0.014928107901631934,0.6828927523426866,0.6828927523426866,0.6385362439870623,0.6385362439870623,0.958754263791903,0.958754263791903,-3.9452351787873883,-3.9452351787873883,-0.31171638752729713,-0.31171638752729713,-1.4061543670432561,-1.4061543670432561,3.6521589444506337,3.6521589444506337,-2.4730999802901534,-2.4730999802901534,,1.6
ergothioneine,erg_43,1.6uM,serum_calibration,Ag colloid SERS,calibration_behavior,0.05783531118799109,0.07246378886877476,0.004343600180686942,0.017219081226854036,0.091501837354456,0.06113855598987693,0.028419619055259106,0.04379197936967097,0.015215701104100683,0.1236692476964769,0.018849278155791245,2.597423274610029,2.597423274610029,2.665543973340137,2.665543973340137,-0.008794341622055113,-0.008794341622055113,0.6627292424570035,0.6627292424570035,0.802057999700722,0.802057999700722,0.8762555790997606,0.8762555790997606,-3.9351895249445077,-3.9351895249445077,-0.3122576083104369,-0.3122576083104369,-1.391425196887897,-1.391425196887897,3.5098750661559857,3.5098750661559857,-2.598174161146223,-2.598174161146223,,1.6
ergothioneine,erg_44,1.6uM,serum_calibration,Ag colloid SERS,calibration_behavior,0.04891503533697805,0.04911029343703811,0.003655689967590799,0.01362422532167105,0.07026730534045889,0.08406423865533354,0.023823738576861854,0.03870965373079918,0.016123256943113944,0.14887179093893183,0.015340391655286464,2.151409482059377,2.151409482059377,1.4978692017533044,1.4978692017533044,-0.043189852276862284,-0.043189852276862284,0.4829864471978543,0.4829864471978543,0.05562206751296993,0.05562206751296993,1.9685440951301638,1.9685440951301638,-4.011215521008808,-4.0,-0.5663738902540263,-0.5663738902540263,-1.365644835871183,-1.365644835871183,4.730072658353931,4.0,-2.7736184861714617,-2.7736184861714617,,1.6
ergothioneine,erg_45,1.8uM,serum_calibration,Ag colloid SERS,calibration_behavior,0.056351421384955,0.06457807970997327,0.0057030624997622716,0.01594852059543884,0.08527429552945803,0.06980464506342253,0.02614306989356205,0.04247216539328419,0.016205510132355747,0.13426479581662798,0.019503554668126925,2.523228784458224,2.523228784458224,2.2712585154000626,2.2712585154000626,0.05917877433171134,0.05917877433171134,0.5992012108862438,0.5992012108862438,0.5831475483511723,0.5831475483511723,1.2891492630986745,1.2891492630986745,-3.9728486673919465,-3.9728486673919465,-0.3782483071297759,-0.3782483071297759,-1.3633083218824291,-1.3633083218824291,4.0228654489062015,4.0,-2.5654603355294388,-2.5654603355294388,,1.8
ergothioneine,erg_46,1.8uM,serum_calibration,Ag colloid SERS,calibration_behavior,0.054044276153972705,0.06855613611414252,0.005620087135319237,0.015725329041499068,0.08871691544846168,0.0687519083043767,0.026916478598654717,0.04263942987830196,0.014649146506096191,0.1306689330514066,0.017430851737051202,2.40787152290911,2.40787152290911,2.470161335608525,2.470161335608525,0.05503000610955961,0.05503000610955961,0.5880416331892551,0.5880416331892551,0.7041624690810359,0.7041624690810359,1.2389918789505712,1.2389918789505712,-3.9600547822058862,-3.9600547822058862,-0.36988508287888744,-0.36988508287888744,-1.4075189527146628,-1.4075189527146628,3.8487694044797736,3.8487694044797736,-2.669095482083225,-2.669095482083225,,1.8
ergothioneine,erg_47,1.8uM,serum_calibration,Ag colloid SERS,calibration_behavior,0.054067276694141776,0.0613296215348455,0.0032312937611231065,0.017031618852840005,0.08257102999058397,0.07444237813135139,0.026162804486957715,0.04136684620007111,0.01438924360675806,0.13526823368668028,0.019709499576280414,2.409021549917563,2.409021549917563,2.108835606643674,2.108835606643674,-0.0644096626002469,-0.0644096626002469,0.6533561237563019,0.6533561237563019,0.48812240105193294,0.48812240105193294,1.5101129152801633,1.5101129152801633,-3.972522213706547,-3.972522213706547,-0.4335142667904298,-0.4335142667904298,-1.4149018489356961,-1.4149018489356961,4.07144754878315,4.0,-2.555163090121764,-2.555163090121764,,1.8
ergothioneine,erg_48,1.8uM,serum_calibration,Ag colloid SERS,calibration_behavior,0.054908634394652316,0.06572020524801313,0.005228361354581134,0.015953124288783774,0.08497858724185023,0.07042491428313721,0.027141454301432843,0.043233309426061774,0.015735697047585033,0.13089019876948696,0.017924918581229018,2.45108943494309,2.45108943494309,2.328364792302055,2.328364792302055,0.035443717072654486,0.035443717072654486,0.5994313955534903,0.5994313955534903,0.5727528153205278,0.5727528153205278,1.318701837625161,1.318701837625161,-3.956333188057742,-3.956333188057742,-0.34019110549089665,-0.34019110549089665,-1.3766540031233032,-1.3766540031233032,3.8594821287409826,3.8594821287409826,-2.6443921398743337,-2.6443921398743337,,1.8
ergothioneine,erg_49,1.8uM,serum_calibration,Ag colloid SERS,calibration_behavior,0.05584353629963723,0.06998748940377862,0.0056150541913195864,0.01738656460570292,0.08735171710312557,0.06568343226209875,0.026440326805626628,0.04389922741131073,0.013851906663390715,0.12758927918994184,0.021834754504131488,2.497834530192336,2.497834530192336,2.54172900009033,2.54172900009033,0.054778358909577086,0.054778358909577086,0.6711034113994476,0.6711034113994476,0.6561730385228103,0.6561730385228103,1.0927950920716891,1.0927950920716891,-3.967931382677312,-3.967931382677312,-0.30689520622844896,-0.30689520622844896,-1.430165637445601,-1.430165637445601,3.699665951292072,3.699665951292072,-2.4489003437292105,-2.4489003437292105,,1.8
ergothioneine,erg_50,2.0uM,serum_calibration,Ag colloid SERS,calibration_behavior,0.056823126631817905,0.06420710785342894,0.004873467738821637,0.017512305117939764,0.08222219857872953,0.06741726211262306,0.02487546233451814,0.043566888804473604,0.01403425828404965,0.1324561436247287,0.02054457174484826,2.54681404680137,2.54681404680137,2.252709922572846,2.252709922572846,0.017699036284679615,0.017699036284679615,0.6773904370112899,0.6773904370112899,0.4758602848012758,0.4758602848012758,1.1754029891674633,1.1754029891674633,-3.993817691227082,-3.993817691227082,-0.32351213657030514,-0.32351213657030514,-1.4249856910329577,-1.4249856910329577,3.9352983717089534,3.9352983717089534,-2.5134094816933716,-2.5134094816933716,,2.0
ergothioneine,erg_51,2.0uM,serum_calibration,Ag colloid SERS,calibration_behavior,0.05493284321085778,0.06799659717177502,0.004859363849920776,0.016412889388156608,0.08813374677918194,0.06531223613227091,0.027257080368461077,0.04445575859782737,0.01582811435666879,0.1287521523829291,0.02059926638398984,2.452299875753363,2.452299875753363,2.44218438849015,2.44218438849015,0.016993841839636585,0.016993841839636585,0.6224196505221321,0.6224196505221321,0.6836629332782417,0.6836629332782417,1.0751095436968618,1.0751095436968618,-3.9544204779778913,-3.9544204779778913,-0.2790686469026169,-0.2790686469026169,-1.374028763452141,-1.374028763452141,3.7559672164645628,3.7559672164645628,-2.510674749736293,-2.510674749736293,,2.0
ergothioneine,erg_52,2.0uM,serum_calibration,Ag colloid SERS,calibration_behavior,0.05503472370317653,0.065425281664974,0.005779822431654343,0.017313586977656534,0.08611770895076983,0.06739218593081928,0.02646305996119307,0.04262071908493198,0.01571640522485838,0.13272644680133866,0.021256400633210933,2.457393900369301,2.457393900369301,2.3136186131500986,2.3136186131500986,0.06301677092631491,0.06301677092631491,0.6674545299971284,0.6674545299971284,0.6127952035451529,0.6127952035451529,1.174208240648527,1.174208240648527,-3.9675553261624077,-3.9675553261624077,-0.3708206225473864,-0.3708206225473864,-1.3772020136513432,-1.3772020136513432,3.9483852765538305,3.9483852765538305,-2.477818037275238,-2.477818037275238,,2.0
ergothioneine,erg_53,2.0uM,serum_calibration,Ag colloid SERS,calibration_behavior,0.05399159640946471,0.06968535167486846,0.005842354277053558,0.015277392294577051,0.08901718567643582,0.06531090323267483,0.027086352641532085,0.04283594828468277,0.013673050725786725,0.12750223796822846,0.019283917902870876,2.40523753568371,2.40523753568371,2.5266221136448217,2.5266221136448217,0.06614336319627567,0.06614336319627567,0.5656447958431543,0.5656447958431543,0.7147175633670022,0.7147175633670022,1.0750460380232,1.0750460380232,-3.957244691000093,-3.957244691000093,-0.3600591625598469,-0.3600591625598469,-1.4352462842148697,-1.4352462842148697,3.695451793691592,3.695451793691592,-2.576442173792241,-2.576442173792241,,2.0
ergothioneine,erg_54,2.0uM,serum_calibration,Ag colloid SERS,calibration_behavior,0.05272071618219154,0.07309149776250433,0.007340277350098616,0.014612411182355838,0.09305415470376002,0.06347998519103347,0.02631146712329453,0.04311648366337389,0.01404549400963364,0.12598795479044525,0.018926818358491457,2.3416935243200516,2.3416935243200516,2.6969294180266155,2.6969294180266155,0.14103951684852856,0.14103951684852856,0.5323957402320936,0.5323957402320936,0.8566250345152963,0.8566250345152963,0.9878123979235282,0.9878123979235282,-3.9700630059316326,-3.9700630059316326,-0.346032393625291,-0.346032393625291,-1.424666524928363,-1.424666524928363,3.6221367845807513,3.6221367845807513,-2.594297151011212,-2.594297151011212,,2.0
