component,analyte,loading,normalized_loading,contribution_pct,molecular_class,chemical_family,subfamily,molecular_weight,biochemical_role
0,riboflavin,0.3878504908253046,0.9999999999974217,11.45845132336596,cofactor/small-molecule,cofactor,unavailable,unavailable,unavailable
0,riboﬂavin,0.38686380891194294,0.9974560250980744,11.429301310813852,cofactor/small-molecule,cofactor,unavailable,unavailable,unavailable
0,tryptophan,0.1289133044056081,0.33237886106824804,3.8085470004761577,protein/peptide,amino_acid,aromatic amino acid,unavailable,unavailable
0,hemoglobin,0.10577602846802055,0.272723719499923,3.124991464625237,protein/peptide,protein,unavailable,unavailable,unavailable
0,myoglobin,0.09928088057866526,0.2559771946327827,2.9331022245990774,protein/peptide,protein,unavailable,unavailable,unavailable
0,histidine,0.09250842408814479,0.23851568136747278,2.733020324815699,protein/peptide,amino_acid,aromatic amino acid,unavailable,unavailable
0,leucine,0.09035318591380526,0.23295880255639315,2.669347099448935,protein/peptide,amino_acid,aliphatic/polar amino acid,unavailable,unavailable
0,(+)-glucose,0.07177745786645848,0.18506475965400643,2.120555540171321,carbohydrate,saccharide,monosaccharide,unavailable,unavailable
0,cytochrome c,0.06993929873216213,0.18032540988451096,2.0662499315330116,protein/peptide,protein,unavailable,unavailable,unavailable
0,horseradish peroxidase,0.06964004975787752,0.17955385233498442,2.0574090769085633,protein/peptide,protein,unavailable,unavailable,unavailable
0,lactalbumin,0.06628663925676496,0.1709077101218646,1.9583376772243746,protein/peptide,protein,unavailable,unavailable,unavailable
0,valine,0.05894909303116523,0.15198921859187503,1.7415610629159193,protein/peptide,amino_acid,aliphatic/polar amino acid,unavailable,unavailable
0,aspartic acid,0.05736146687317997,0.1478958212763196,1.6946570690283091,cofactor/small-molecule,organic_acid,unavailable,unavailable,unavailable
0,glutathione transferase,0.054966300768611934,0.14172033314050414,1.6238955388258616,protein/peptide,protein,unavailable,unavailable,unavailable
0,isoleucine,0.05451879473093119,0.14056652246276763,1.6106746553386035,protein/peptide,amino_acid,aliphatic/polar amino acid,unavailable,unavailable
0,α-chymotrypsinogen a (type ii),0.05447919374309418,0.14046441871719123,1.60950470453998,protein/peptide,protein,unavailable,unavailable,unavailable
0,(+)-lactose,0.04906367627327983,0.12650151910018484,1.4495114989450546,carbohydrate,saccharide,disaccharide,unavailable,unavailable
0,ferritin,0.04739056750646142,0.1221877208547478,1.4000820517307653,protein/peptide,protein,unavailable,unavailable,unavailable
0,t-rna,0.04717927156721938,0.12164293376735263,1.3938396354082336,nucleic,nucleic_acid,unavailable,unavailable,unavailable
0,b-dna,0.04708478107850729,0.12139930770280705,1.3910480580065274,nucleic,nucleic_acid,unavailable,unavailable,unavailable
0,asparagine,0.046171447334158094,0.11904444734823237,1.3640650052602397,protein/peptide,amino_acid,aliphatic/polar amino acid,unavailable,unavailable
0,albumin,0.041832107570288886,0.10785627080467723,1.2358658289383575,protein/peptide,protein,unavailable,unavailable,unavailable
0,melanin,0.041292386125553054,0.10646469993522707,1.2199205818677077,unassigned,unknown,unavailable,unavailable,unavailable
0,glutamate,0.04059101033512629,0.10465633354916809,1.1991995036581864,protein/peptide,amino_acid,aliphatic/polar amino acid,unavailable,unavailable
0,major proteinase,0.039425692791578995,0.10165178006500306,1.164771973811343,protein/peptide,protein,unavailable,unavailable,unavailable
0,alb,0.03918808592595068,0.10103915517152387,1.1577522412899113,protein/peptide,protein,unavailable,unavailable,unavailable
0,triosephosphate isomerase,0.037677097883848945,0.09714335491384565,1.113112403671634,protein/peptide,protein,unavailable,unavailable,unavailable
0,lactate,0.037596138471065715,0.09693461619957783,1.110720581274888,cofactor/small-molecule,organic_acid,unavailable,unavailable,unavailable
0,trypsinogen,0.03749556743058066,0.09667531256876176,1.1077493632432023,protein/peptide,protein,unavailable,unavailable,unavailable
0,carbonic anhydrase,0.035896773656199775,0.09255312164159624,1.0605154391585336,protein/peptide,protein,unavailable,unavailable,unavailable
0,ubiquitin,0.03323995019100994,0.08570299890608146,0.9820236412343527,protein/peptide,protein,unavailable,unavailable,unavailable
0,xanthine,0.032461253618870985,0.08369527533589863,0.9590182384345788,nucleic,purine,purine base/derivative,unavailable,unavailable
0,papain,0.03207908337523705,0.08270992079162634,0.9477276013527483,protein/peptide,protein,unavailable,unavailable,unavailable
0,malic acid,0.031817980919995006,0.08203671691173496,0.9400137274642918,cofactor/small-molecule,organic_acid,unavailable,unavailable,unavailable
0,elastase,0.031626357105045244,0.08154265072003952,0.9343524940562141,protein/peptide,protein,unavailable,unavailable,unavailable
0,acetyl-coa,0.03162009730185445,0.08152651098749088,0.9341675577164331,cofactor/small-molecule,cofactor,unavailable,unavailable,unavailable
0,glucosamine,0.03119302336840087,0.08042538067167328,0.9215503095919219,carbohydrate,saccharide,monosaccharide,unavailable,unavailable
0,cysteine,0.030509491342335646,0.07866302109695937,0.9013563981907426,protein/peptide,amino_acid,aliphatic/polar amino acid,unavailable,unavailable
0,glycogen,0.030220498902109948,0.07791790810352212,0.8928185572250122,carbohydrate,polysaccharide,unavailable,unavailable,unavailable
0,hydroxyproline,0.029475553072281127,0.0759972045142557,0.8708102686407321,protein/peptide,amino_acid,aliphatic/polar amino acid,unavailable,unavailable
0,keratin,0.028270619508400836,0.072890508526033,0.8352123438830941,protein/peptide,protein,unavailable,unavailable,unavailable
0,a-dna,0.025484883632122864,0.0657080092327021,0.7529120253501395,nucleic,nucleic_acid,unavailable,unavailable,unavailable
0,pepsinogen,0.025331474014512485,0.06531247120648086,0.7483797721301313,protein/peptide,protein,unavailable,unavailable,unavailable
0,xylanase,0.024752373167347196,0.0638193679080126,0.7312711206638315,protein/peptide,protein,unavailable,unavailable,unavailable
0,glucose,0.024552654043061777,0.06330442947423642,0.7253707236858616,carbohydrate,saccharide,monosaccharide,unavailable,unavailable
0,phenylalanine,0.0240847413446324,0.062098004035834875,0.7115469565246314,protein/peptide,amino_acid,aromatic amino acid,unavailable,unavailable
0,trypsin,0.02390953584453887,0.0616462694003565,0.7063707771929106,protein/peptide,protein,unavailable,unavailable,unavailable
0,amylose,0.02356272561826115,0.06075208405192791,0.6961247979038483,carbohydrate,polysaccharide,unavailable,unavailable,unavailable
0,lectin,0.023200227002120308,0.05981744912245148,0.6854153290592974,protein/peptide,protein,unavailable,unavailable,unavailable
0,cholesterol,0.02294549790849537,0.059160677764286525,0.6778897464211638,lipid,lipid,unavailable,unavailable,unavailable
0,pepsin,0.022770063972383032,0.058708354149229126,0.6727068182956064,protein/peptide,protein,unavailable,unavailable,unavailable
0,thaumatin,0.022577232121610516,0.05821117326295078,0.6670098953112633,protein/peptide,protein,unavailable,unavailable,unavailable
0,amylopectin,0.021825217652534357,0.05627224450853818,0.6447927745592947,carbohydrate,polysaccharide,unavailable,unavailable,unavailable
0,2-deoxy-d-ribose,0.02135608829199896,0.05506268213429462,0.6309330629714142,carbohydrate,saccharide,monosaccharide,unavailable,unavailable
0,lactose,0.020621536567576402,0.05316877780312408,0.6092318523815287,carbohydrate,saccharide,disaccharide,unavailable,unavailable
0,β-d-glucose,0.020346327587489003,0.05245920288547714,0.6011012227273689,carbohydrate,saccharide,monosaccharide,unavailable,unavailable
0,coenzyme a,0.02017769215246734,0.05202440793481874,0.5961191459495914,cofactor/small-molecule,cofactor,unavailable,unavailable,unavailable
0,insulin,0.019844215467377323,0.05116460063025775,0.5862670858027794,protein/peptide,protein,unavailable,unavailable,unavailable
0,serine,0.017081746440161114,0.04404209055857821,0.5046541508460451,protein/peptide,amino_acid,aliphatic/polar amino acid,unavailable,unavailable
0,elastin,0.01682649837986747,0.043383981141854655,0.49711323612905006,protein/peptide,protein,unavailable,unavailable,unavailable
0,phosphoenolpyruvate,0.015436383379237636,0.03979982943002303,0.45604440820336273,cofactor/small-molecule,organic_acid,unavailable,unavailable,unavailable
0,glucose oxidase,0.015003699343660075,0.0386842345144262,0.443261418166369,protein/peptide,protein,unavailable,unavailable,unavailable
0,mannose,0.013851623277201956,0.035713821704057826,0.40922508756837245,carbohydrate,saccharide,monosaccharide,unavailable,unavailable
0,(-)-fructose,0.012370672027803668,0.03189546570238521,0.36547264118781175,carbohydrate,saccharide,monosaccharide,unavailable,unavailable
0,methionine,0.012223669584726201,0.03151644737817404,0.3611296781691631,protein/peptide,amino_acid,aliphatic/polar amino acid,unavailable,unavailable
0,aspartate,0.011448611082079018,0.029518103890207988,0.3382317565848797,cofactor/small-molecule,organic_acid,unavailable,unavailable,unavailable
0,phosphatidylinositol,0.010693735241755502,0.02757179762483425,0.31593010098267504,lipid,lipid,unavailable,unavailable,unavailable
0,glycine,0.010578926926741153,0.027275785842640152,0.3125382643852524,protein/peptide,amino_acid,aliphatic/polar amino acid,unavailable,unavailable
0,fructose,0.010382402607151535,0.026769084615652073,0.3067322530403047,carbohydrate,saccharide,monosaccharide,unavailable,unavailable
0,cholesteryl oleate,0.00856162058624191,0.0220745384851818,0.2529400247188764,lipid,sterol,unavailable,unavailable,unavailable
0,hypoxanthine,0.00760401535050043,0.019605532364546683,0.22464903826841331,nucleic,purine,purine base/derivative,unavailable,unavailable
0,n-acetylglucosamine,0.007157982476869197,0.01845551996497237,0.2114716771665898,carbohydrate,saccharide,monosaccharide,unavailable,unavailable
0,glutathione,0.005826345649568421,0.015022143293297258,0.17213049769931885,cofactor/small-molecule,cofactor,unavailable,unavailable,unavailable
0,(+)-mannose,0.004965571158246065,0.012802797149146453,0.14670022793680138,carbohydrate,saccharide,monosaccharide,unavailable,unavailable
0,acetyl coenzyme a,0.004139059887973769,0.010671792316558935,0.1222822127926767,protein/peptide,protein,unavailable,unavailable,unavailable
0,cholesteryl palmitate,0.004081959677203326,0.010524570095313856,0.12059527413681781,lipid,sterol,unavailable,unavailable,unavailable
0,cholesteryl linoleate,0.003222109859553214,0.008307608049402232,0.09519232244792414,lipid,sterol,unavailable,unavailable,unavailable
0,superoxide dismutases,0.0031754272673244622,0.008187245710478033,0.09381315644619119,protein/peptide,protein,unavailable,unavailable,unavailable
0,12-methyltetradecanoic acid,0.002984811927964014,0.007695779684602065,0.08818171691158876,lipid,fatty_acid,saturated fatty acid,unavailable,unavailable
0,phosphate,0.002857283530832457,0.007366971548096006,0.0844140848846977,cofactor/small-molecule,organic_acid,unavailable,unavailable,unavailable
0,cholesteryl stearate,0.0026176921299054276,0.006749229901265583,0.07733572229405712,lipid,sterol,unavailable,unavailable,unavailable
0,arginine,0.00245840219655059,0.006338530579948561,0.07262974411219446,protein/peptide,amino_acid,aliphatic/polar amino acid,unavailable,unavailable
0,proline,0.0023255701655537572,0.005996048014788367,0.06870542431019475,protein/peptide,amino_acid,aliphatic/polar amino acid,unavailable,unavailable
0,α-phosphatidylethanolamine,0.0018118614544376545,0.004671546117106967,0.05352868378786746,lipid,phospholipid,unavailable,unavailable,unavailable
0,triolein,0.001301092795643072,0.003354624594830679,0.03843880262813271,lipid,lipid,unavailable,unavailable,unavailable
0,oleate,0.001227641813395334,0.0031652449653470274,0.036268805362051605,lipid,lipid,unavailable,unavailable,unavailable
0,alanine,0.0012220425933873365,0.0031508084230699542,0.03610338494509162,protein/peptide,amino_acid,aliphatic/polar amino acid,unavailable,unavailable
0,tri-11-eicosenoin,0.0009226962754246487,0.002378999891063358,0.027259654450112702,lipid,triglyceride,triacylglycerol,unavailable,unavailable
0,(+)-dextrose,0.0008241102408556629,0.002124814226997416,0.024347080391308142,carbohydrate,saccharide,monosaccharide,unavailable,unavailable
0,tripalmitolein,0.0007063364528276172,0.0018211565268946475,0.020867633415706337,lipid,triglyceride,triacylglycerol,unavailable,unavailable
0,tyrosine,0.0005244953511031492,0.0013523132328277492,0.015495415352340376,protein/peptide,amino_acid,aromatic amino acid,unavailable,unavailable
0,tripalmitin,0.0004714634225775173,0.0012155803169749191,0.013928667891734789,lipid,triglyceride,triacylglycerol,unavailable,unavailable
1,elaidic acid,0.6320960940113007,0.999999999998418,2.6839233734820445,lipid,fatty_acid,saturated fatty acid,unavailable,unavailable
1,tripalmitolein,0.6101211230756203,0.9652347623330626,2.590616139527191,lipid,triglyceride,triacylglycerol,unavailable,unavailable
1,tricaprylin,0.5581191695464129,0.8829656990975676,2.3698122777946242,lipid,triglyceride,triacylglycerol,unavailable,unavailable
1,tri-11-eicosenoin,0.5571733359414954,0.8814693544533321,2.36579620342917,lipid,triglyceride,triacylglycerol,unavailable,unavailable
1,tricaproin,0.5541740279336089,0.8767243354027506,2.3530609358916763,lipid,triglyceride,triacylglycerol,unavailable,unavailable
1,trierucin,0.5404251335667013,0.8549730629346122,2.2946821873113707,lipid,triglyceride,triacylglycerol,unavailable,unavailable
1,vaccenic acid,0.5222471666400446,0.8262148296551276,2.2174972928323906,lipid,fatty_acid,saturated fatty acid,unavailable,unavailable
1,trielaidin,0.49401974179984065,0.7815579727189818,2.0976417107150356,lipid,triglyceride,triacylglycerol,unavailable,unavailable
1,palmitoleic acid,0.49339547284127055,0.7805703555441824,2.0949910218955354,lipid,fatty_acid,unsaturated fatty acid,unavailable,unavailable
1,13-methylmyristicacid,0.48873513038532207,0.7731975169835668,2.0752028881537576,lipid,fatty_acid,saturated fatty acid,unavailable,unavailable
1,α-phosphatidylcholine,0.48435213203049354,0.7662634473122816,2.056592376489613,lipid,phospholipid,unavailable,unavailable,unavailable
1,cholesteryl oleate,0.4833339310324033,0.7646526147067086,2.0522690252087425,lipid,sterol,unavailable,unavailable,unavailable
1,triolein,0.4818009676656868,0.7622274085058828,2.0457599576008216,lipid,lipid,unavailable,unavailable,unavailable
1,12-methyltetradecanoic acid,0.4754409282322109,0.7521655848469121,2.018754793902613,lipid,fatty_acid,saturated fatty acid,unavailable,unavailable
1,α-phosphatidylethanolamine,0.4713324453599967,0.7456658090831747,2.0013098938078984,lipid,phospholipid,unavailable,unavailable,unavailable
1,cholesteryl stearate,0.4710781975252814,0.7452635793634791,2.0002303400616968,lipid,sterol,unavailable,unavailable,unavailable
1,tricaprin,0.47084163147047503,0.7448893228903775,1.9992258643658605,lipid,triglyceride,triacylglycerol,unavailable,unavailable
1,oleate,0.46114212843354235,0.72954434112445,1.9580411091385672,lipid,lipid,unavailable,unavailable,unavailable
1,cholesteryl palmitate,0.45548241662227923,0.7205904623315319,1.9340095845628908,lipid,sterol,unavailable,unavailable,unavailable
1,trimyristin,0.4543136032003856,0.7187413551578513,1.9290467225993684,lipid,triglyceride,triacylglycerol,unavailable,unavailable
1,triarachidin,0.45422839795999714,0.7186065572352006,1.9286849353040687,lipid,triglyceride,triacylglycerol,unavailable,unavailable
1,15-methylpalmiticacid,0.44276295060260745,0.7004677845612367,1.8800018593580623,lipid,fatty_acid,saturated fatty acid,unavailable,unavailable
1,trilaurin,0.4418585299761567,0.6990369568199832,1.8761616273398796,lipid,triglyceride,triacylglycerol,unavailable,unavailable
1,tripetroselinin,0.4402588868163676,0.6965062606569439,1.869369432756706,lipid,triglyceride,triacylglycerol,unavailable,unavailable
1,tristearin,0.43649544965063913,0.6905523602905619,1.853389620399965,lipid,triglyceride,triacylglycerol,unavailable,unavailable
1,tribehenin,0.4328732748323151,0.6848219423167188,1.8380096176601217,lipid,triglyceride,triacylglycerol,unavailable,unavailable
1,tripalmitin,0.4310072062777438,0.6818697510719887,1.8300861625753888,lipid,triglyceride,triacylglycerol,unavailable,unavailable
1,14-methylpentadecanoic acid,0.4237154565555958,0.6703339263908664,1.799124893081285,lipid,fatty_acid,saturated fatty acid,unavailable,unavailable
1,trilinolein,0.4231856844744061,0.6694958068609277,1.796875444485107,lipid,triglyceride,triacylglycerol,unavailable,unavailable
1,ceramide,0.4130406956855526,0.6534460497354612,1.7537991261972892,lipid,phospholipid,unavailable,unavailable,unavailable
1,14-methylhexadecanoic acid,0.4067851521527605,0.6435495425555412,1.7272376592612273,lipid,fatty_acid,saturated fatty acid,unavailable,unavailable
1,stearate,0.38786324991946375,0.6136143753989339,1.6468939644403897,lipid,lipid,unavailable,unavailable,unavailable
1,sphingomyelin,0.38581189651646525,0.6103690564950038,1.638183777179715,lipid,phospholipid,unavailable,unavailable,unavailable
1,lauric acid,0.36734053876307116,0.5811466677975116,1.5597531251254138,lipid,fatty_acid,saturated fatty acid,unavailable,unavailable
1,linoleic acid,0.35610508383330974,0.5633717518690756,1.5120466128033305,lipid,fatty_acid,unsaturated fatty acid,unavailable,unavailable
1,cholesteryl linoleate,0.3496762166646664,0.5532010401220129,1.4847492018203976,lipid,sterol,unavailable,unavailable,unavailable
1,arachidic acid,0.33199756392288404,0.5252327408250419,1.409684429620597,lipid,fatty_acid,saturated fatty acid,unavailable,unavailable
1,trilinolenin,0.27574967946090134,0.43624645377975585,1.1708520538999934,lipid,triglyceride,triacylglycerol,unavailable,unavailable
1,palmitic acid,0.2670857054585928,0.4225397182305563,1.1340642259853013,lipid,fatty_acid,saturated fatty acid,unavailable,unavailable
1,cholesterol,0.266427721695916,0.42149876295665145,1.1312703817949141,lipid,lipid,unavailable,unavailable,unavailable
1,α-linolenic acid,0.24540932845108884,0.38824686748707093,1.0420248423313843,lipid,fatty_acid,unsaturated fatty acid,unavailable,unavailable
1,keratin,0.23399358511501572,0.3701867284604074,0.99355281306931,protein/peptide,protein,unavailable,unavailable,unavailable
1,alb,0.18871767517918686,0.2985585213496263,0.8013081938037677,protein/peptide,protein,unavailable,unavailable,unavailable
1,myristic acid,0.16859213643403512,0.26671915556996667,0.7158537757907596,lipid,fatty_acid,saturated fatty acid,unavailable,unavailable
1,arachidonic acid,0.16408660501439581,0.25959123394172195,0.6967229803283351,lipid,fatty_acid,unsaturated fatty acid,unavailable,unavailable
1,ethinylestradiol,0.14624858844249414,0.23137081501985696,0.6209815383743669,lipid,sterol,unavailable,unavailable,unavailable
1,elastin,0.14579221900275152,0.23064882125329883,0.6190437624287902,protein/peptide,protein,unavailable,unavailable,unavailable
1,(+)-fucose,0.14227873640014435,0.22509035848808073,0.6041252742925681,carbohydrate,saccharide,monosaccharide,unavailable,unavailable
1,albumin,0.1254723422755248,0.19850200541356786,0.5327641720133769,protein/peptide,protein,unavailable,unavailable,unavailable
1,glucose oxidase,0.12231752609158403,0.19351096652909186,0.5193686060933529,protein/peptide,protein,unavailable,unavailable,unavailable
1,arginine,0.12231012612235101,0.1934992594970391,0.5193371853163924,protein/peptide,amino_acid,aliphatic/polar amino acid,unavailable,unavailable
1,estrone,0.11835853359239365,0.18724769020656276,0.5025584523767137,lipid,sterol,unavailable,unavailable,unavailable
1,lactalbumin,0.11689974645221686,0.18493983361008076,0.49636434211476116,protein/peptide,protein,unavailable,unavailable,unavailable
1,isoleucine,0.11502858080062629,0.18197957856450195,0.48841924440645157,protein/peptide,amino_acid,aliphatic/polar amino acid,unavailable,unavailable
1,glutathione transferase,0.11376458304310272,0.17997988616093052,0.4830522232247232,protein/peptide,protein,unavailable,unavailable,unavailable
1,carbonic anhydrase,0.11185254511732456,0.1769549696270515,0.4749335790366001,protein/peptide,protein,unavailable,unavailable,unavailable
1,ferritin,0.10763381497057867,0.1702807784926513,0.4570205614518685,protein/peptide,protein,unavailable,unavailable,unavailable
1,acetoacetate,0.10598585714008102,0.16767364668767992,0.45002321946274626,cofactor/small-molecule,organic_acid,unavailable,unavailable,unavailable
1,hypoxanthine,0.10591413653275868,0.16756018196609448,0.449718688844417,nucleic,purine,purine base/derivative,unavailable,unavailable
1,ubiquitin,0.1056285730134675,0.16710840964540424,0.4485061665534223,protein/peptide,protein,unavailable,unavailable,unavailable
1,estriol,0.10251362869720393,0.1621804495681775,0.43527989931854616,lipid,sterol,unavailable,unavailable,unavailable
1,estradiol,0.10238731311647815,0.16198061352754645,0.4347435546982315,lipid,sterol,unavailable,unavailable,unavailable
1,triosephosphate isomerase,0.10169365497729266,0.1608832200366574,0.4317982346581227,protein/peptide,protein,unavailable,unavailable,unavailable
1,horseradish peroxidase,0.09969524677414199,0.15772166244742195,0.42331285634775073,protein/peptide,protein,unavailable,unavailable,unavailable
1,pepsin,0.09850895624580241,0.1558449058283303,0.41827578539142546,protein/peptide,protein,unavailable,unavailable,unavailable
1,collagen,0.09692963419670246,0.1533463584333052,0.4115698756381544,protein/peptide,protein,unavailable,unavailable,unavailable
1,2-deoxy-d-ribose,0.09353282851825971,0.1479724829883849,0.39714680572532873,carbohydrate,saccharide,monosaccharide,unavailable,unavailable
1,α-chymotrypsinogen a (type ii),0.08911883549299537,0.14098937857265276,0.37840468856444986,protein/peptide,protein,unavailable,unavailable,unavailable
1,fumarate,0.0834814647834712,0.13207084425022034,0.3544680258392338,cofactor/small-molecule,organic_acid,unavailable,unavailable,unavailable
1,insulin,0.08133352234010811,0.12867271782022013,0.3453477148876948,protein/peptide,protein,unavailable,unavailable,unavailable
1,leucine,0.07877229087259259,0.12462075247542927,0.3344725503902541,protein/peptide,amino_acid,aliphatic/polar amino acid,unavailable,unavailable
1,elastase,0.07607855551147501,0.12035916094427647,0.32303476527154185,protein/peptide,protein,unavailable,unavailable,unavailable
1,major proteinase,0.07416278099603728,0.11732833298380428,0.31490025526741483,protein/peptide,protein,unavailable,unavailable,unavailable
1,methionine,0.07384039462723271,0.11681830551826787,0.3135313806315416,protein/peptide,amino_acid,aliphatic/polar amino acid,unavailable,unavailable
1,pyruvate,0.06851318648145852,0.10839046013805179,0.29091168942745127,cofactor/small-molecule,organic_acid,unavailable,unavailable,unavailable
1,diethylstilbestrol,0.06335891588926128,0.10023620852817404,0.2690263029384121,lipid,sterol,unavailable,unavailable,unavailable
1,valine,0.06295135478450031,0.09959143139915569,0.26729577053115045,protein/peptide,amino_acid,aliphatic/polar amino acid,unavailable,unavailable
1,superoxide dismutases,0.059718809922861354,0.09447742279783683,0.2535701633138608,protein/peptide,protein,unavailable,unavailable,unavailable
1,(+)-raffinose pentahydrate,0.05922630381926216,0.09369825945817284,0.25147894861477293,carbohydrate,saccharide,trisaccharide,unavailable,unavailable
1,trypsinogen,0.05776476098042869,0.09138604324187546,0.2452731374672984,protein/peptide,protein,unavailable,unavailable,unavailable
1,trypsin,0.05718351409521438,0.09046648861921551,0.242805123322344,protein/peptide,protein,unavailable,unavailable,unavailable
1,papain,0.054534537000990126,0.0862757063642429,0.23155738487503139,protein/peptide,protein,unavailable,unavailable,unavailable
1,pepsinogen,0.04654336356417899,0.07363336683310251,0.19762631431185404,protein/peptide,protein,unavailable,unavailable,unavailable
1,proline,0.04635465101021591,0.07333481641371105,0.19682502786308514,protein/peptide,amino_acid,aliphatic/polar amino acid,unavailable,unavailable
1,tubulin,0.04622941227641578,0.07313668398576774,0.19629325560868252,protein/peptide,protein,unavailable,unavailable,unavailable
1,lectin,0.04615903179022798,0.07302533938665617,0.1959944152366155,protein/peptide,protein,unavailable,unavailable,unavailable
1,glycerol,0.04610980922829165,0.07294746742635994,0.19578541286223722,carbohydrate,polyol,unavailable,unavailable,unavailable
1,ergothioneine,0.04543702222442681,0.07188309286331802,0.19292871309434478,cofactor/small-molecule,cofactor,unavailable,unavailable,unavailable
1,acetyl-coa,0.042599431388558096,0.06739391651379055,0.18088010776214614,cofactor/small-molecule,cofactor,unavailable,unavailable,unavailable
1,coenzyme a,0.04152801539088295,0.06569889576010386,0.17633080194278208,cofactor/small-molecule,cofactor,unavailable,unavailable,unavailable
1,thaumatin,0.04039953803002782,0.06391360176517977,0.17153920966126063,protein/peptide,protein,unavailable,unavailable,unavailable
1,phenylalanine,0.03802838279731337,0.06016234423459881,0.1614711218949679,protein/peptide,amino_acid,aromatic amino acid,unavailable,unavailable
1,phosphatidylinositol,0.03718466130388476,0.05882754482447591,0.15788862255922334,lipid,lipid,unavailable,unavailable,unavailable
1,citrate,0.03512468284477057,0.055568580754569635,0.14914181271864987,cofactor/small-molecule,organic_acid,unavailable,unavailable,unavailable
1,fructose,0.03268153130446072,0.05170342233411227,0.13876802369175703,carbohydrate,saccharide,monosaccharide,unavailable,unavailable
1,(-)-fructose,0.032428184337052135,0.05130261782067123,0.1376922950899338,carbohydrate,saccharide,monosaccharide,unavailable,unavailable
1,malic acid,0.032194011139794455,0.05093214693898734,0.13669797963138633,cofactor/small-molecule,organic_acid,unavailable,unavailable,unavailable
1,(+)-sucrose,0.03191301860615662,0.05048760609100613,0.13550486605902018,carbohydrate,saccharide,disaccharide,unavailable,unavailable
1,succinic acid,0.03184338486197731,0.05037744286608047,0.13520919640474358,cofactor/small-molecule,organic_acid,unavailable,unavailable,unavailable
1,(-)-ribose,0.028189104492401806,0.04459623269219765,0.11969287129202273,carbohydrate,saccharide,monosaccharide,unavailable,unavailable
1,(+)-maltose,0.027877101954538994,0.04410263284113333,0.11836808711460182,carbohydrate,saccharide,disaccharide,unavailable,unavailable
1,gluth,0.027789051565006835,0.04396333378460341,0.1179942191208766,unassigned,unknown,unavailable,unavailable,unavailable
1,t-rna,0.027294564914535985,0.04318103714465419,0.1158945948839171,nucleic,nucleic_acid,unavailable,unavailable,unavailable
1,histidine,0.025991469372092096,0.0411194905621206,0.11036156182552441,protein/peptide,amino_acid,aromatic amino acid,unavailable,unavailable
1,trypsin inhibitor,0.024668832744421058,0.03902702924144473,0.10474555597884644,protein/peptide,protein,unavailable,unavailable,unavailable
1,b-dna,0.023925096991053774,0.037850411065169766,0.10158760295387326,nucleic,nucleic_acid,unavailable,unavailable,unavailable
1,acetyl coenzyme a,0.023023689168744192,0.036424349694361736,0.09776016350873568,protein/peptide,protein,unavailable,unavailable,unavailable
1,phosphoenolpyruvate,0.02093598945875021,0.03312152955392696,0.0888956473354015,cofactor/small-molecule,organic_acid,unavailable,unavailable,unavailable
1,tryptophan,0.018873088617408388,0.029857942164472722,0.08013642885943019,protein/peptide,amino_acid,aromatic amino acid,unavailable,unavailable
1,mannose,0.017984204653275257,0.028451694012406412,0.07636216657517751,carbohydrate,saccharide,monosaccharide,unavailable,unavailable
1,glycine,0.017619633392811883,0.027874928447934693,0.07481417199566984,protein/peptide,amino_acid,aliphatic/polar amino acid,unavailable,unavailable
1,glutamate,0.017435672168993967,0.027583894813079903,0.0740330600206124,protein/peptide,amino_acid,aliphatic/polar amino acid,unavailable,unavailable
1,a-dna,0.017427565769659117,0.02757107018180684,0.07399863969298229,nucleic,nucleic_acid,unavailable,unavailable,unavailable
1,n-acetylglucosamine,0.012575023620689811,0.019894164415521762,0.05339441287079808,carbohydrate,saccharide,monosaccharide,unavailable,unavailable
1,alanine,0.01224680664308207,0.019374912705668046,0.052000781069998975,protein/peptide,amino_acid,aliphatic/polar amino acid,unavailable,unavailable
1,cellulose,0.011981857343970675,0.018955752863325723,0.05087578817190958,carbohydrate,polysaccharide,unavailable,unavailable,unavailable
1,xylanase,0.011637166201535857,0.0184104383997497,0.04941220593721775,protein/peptide,protein,unavailable,unavailable,unavailable
1,(+)-mannose,0.010879880603803859,0.017212383855661248,0.046196719343627304,carbohydrate,saccharide,monosaccharide,unavailable,unavailable
1,carotene,0.009113645920638862,0.014418133582805383,0.038697165724939,lipid,carotenoid,unavailable,unavailable,unavailable
1,amylopectin,0.00909518262026939,0.014388923941194922,0.038618769285089526,carbohydrate,polysaccharide,unavailable,unavailable,unavailable
1,fructose-6-phosphate,0.008774722496202035,0.013881943867907016,0.03725807361650032,carbohydrate,saccharide,monosaccharide,unavailable,unavailable
1,myoglobin,0.0056274693063790085,0.008902869927035963,0.023894620688280004,protein/peptide,protein,unavailable,unavailable,unavailable
1,lactate,0.0054599933490461355,0.008637916609147537,0.023183506285516516,cofactor/small-molecule,organic_acid,unavailable,unavailable,unavailable
1,(+)-lactose,0.005383083947495847,0.008516243018250784,0.02285694369097271,carbohydrate,saccharide,disaccharide,unavailable,unavailable
1,glutathione,0.005173134797676176,0.008184095498580167,0.021965485199483246,cofactor/small-molecule,cofactor,unavailable,unavailable,unavailable
1,n-acetyl- d-glucosamine,0.0031246395232481764,0.004943298262474899,0.01326743374877055,carbohydrate,saccharide,monosaccharide,unavailable,unavailable
2,superoxide dismutases,0.42938385874844553,0.9999999999976711,4.366600053275433,protein/peptide,protein,unavailable,unavailable,unavailable
2,ubiquitin,0.4188507414743154,0.9754692286156094,4.259483985651385,protein/peptide,protein,unavailable,unavailable,unavailable
2,trypsin,0.4029293879250719,0.9383896942436991,4.097572488887197,protein/peptide,protein,unavailable,unavailable,unavailable
2,major proteinase,0.3961806366692784,0.9226724027846098,4.0289413631644315,protein/peptide,protein,unavailable,unavailable,unavailable
2,elastin,0.38712710101678993,0.9015874563712623,3.936871835032384,protein/peptide,protein,unavailable,unavailable,unavailable
2,lectin,0.37996125654245355,0.8848987888111763,3.8639990983752472,protein/peptide,protein,unavailable,unavailable,unavailable
2,thaumatin,0.37715879664174956,0.8783720881828249,3.8354996070637086,protein/peptide,protein,unavailable,unavailable,unavailable
2,trypsinogen,0.3701768992347376,0.8621118183456067,3.7644975119260735,protein/peptide,protein,unavailable,unavailable,unavailable
2,trypsin inhibitor,0.3653150387826016,0.8507889417328344,3.7150550383053957,protein/peptide,protein,unavailable,unavailable,unavailable
2,pepsinogen,0.35723750665378606,0.8319770279540052,3.6329109345963557,protein/peptide,protein,unavailable,unavailable,unavailable
2,α-chymotrypsinogen a (type ii),0.348864498828847,0.8124769753685985,3.5477620039378475,protein/peptide,protein,unavailable,unavailable,unavailable
2,carbonic anhydrase,0.34815543876728267,0.8108256322938275,3.540551249179559,protein/peptide,protein,unavailable,unavailable,unavailable
2,collagen,0.3476878838246747,0.8097367349515526,3.5357964699867597,protein/peptide,protein,unavailable,unavailable,unavailable
2,elastase,0.33789050219626854,0.7869194319049491,3.436162433287626,protein/peptide,protein,unavailable,unavailable,unavailable
2,pepsin,0.2991769612613316,0.6967587513249016,3.042466800662525,protein/peptide,protein,unavailable,unavailable,unavailable
2,glutathione transferase,0.2894148396002715,0.6740235658675542,2.9431913386330137,protein/peptide,protein,unavailable,unavailable,unavailable
2,keratin,0.2694482518646006,0.627523010877382,2.740142012735118,protein/peptide,protein,unavailable,unavailable,unavailable
2,lactalbumin,0.26539586528452425,0.6180853329174357,2.698931447652324,protein/peptide,protein,unavailable,unavailable,unavailable
2,papain,0.2554188849506899,0.5948497591283052,2.597470989906585,protein/peptide,protein,unavailable,unavailable,unavailable
2,triosephosphate isomerase,0.2452217627219108,0.5711014928136896,2.493771808951744,protein/peptide,protein,unavailable,unavailable,unavailable
2,glucose oxidase,0.24247507297830675,0.5647046763343659,2.465839469772271,protein/peptide,protein,unavailable,unavailable,unavailable
2,ferritin,0.2338450482395332,0.5446060523108455,2.3780768170401996,protein/peptide,protein,unavailable,unavailable,unavailable
2,insulin,0.17387035120666786,0.4049298725691616,1.768166803137433,protein/peptide,protein,unavailable,unavailable,unavailable
2,cholesteryl linoleate,0.15863805226163105,0.3694550901928516,1.6132626165227428,lipid,sterol,unavailable,unavailable,unavailable
2,albumin,0.11747427028929736,0.2735879980012152,1.1946493666504074,protein/peptide,protein,unavailable,unavailable,unavailable
2,13-methylmyristicacid,0.10536267258221259,0.2453810743819644,1.0714810124715641,lipid,fatty_acid,saturated fatty acid,unavailable,unavailable
2,horseradish peroxidase,0.10142411723324438,0.23620850007877794,1.031428049030504,protein/peptide,protein,unavailable,unavailable,unavailable
2,trielaidin,0.09576728686437973,0.22303420334265978,0.9739011642005699,lipid,triglyceride,triacylglycerol,unavailable,unavailable
2,cholesteryl stearate,0.09264916349190602,0.21577234822413005,0.9421915472530458,lipid,sterol,unavailable,unavailable,unavailable
2,alb,0.07520339830299216,0.17514258342644157,0.7647776141224778,protein/peptide,protein,unavailable,unavailable,unavailable
2,ascorbate,0.07046279535750032,0.16410210566069935,0.7165682633222893,cofactor/small-molecule,organic_acid,unavailable,unavailable,unavailable
2,elaidic acid,0.06825624213646458,0.15896322310590985,0.694128818484717,lipid,fatty_acid,saturated fatty acid,unavailable,unavailable
2,cholesteryl palmitate,0.06788771127194254,0.15810494476821133,0.6903810602495888,lipid,sterol,unavailable,unavailable,unavailable
2,xanthine,0.06360490562386704,0.14813063958461894,0.6468272587034275,nucleic,purine,purine base/derivative,unavailable,unavailable
2,ergothioneine,0.05619482894296773,0.13087317512733657,0.5714708134846838,cofactor/small-molecule,cofactor,unavailable,unavailable,unavailable
2,xylanase,0.05451150914347564,0.12695286055287944,0.554352367654963,protein/peptide,protein,unavailable,unavailable,unavailable
2,cholesterol,0.05315629711623063,0.12379668222984702,0.5405705992214308,lipid,lipid,unavailable,unavailable,unavailable
2,14-methylhexadecanoic acid,0.05035061965894629,0.11726248817454253,0.5120383871113596,lipid,fatty_acid,saturated fatty acid,unavailable,unavailable
2,adenine,0.049748392222526465,0.11585994957382806,0.5059140619827448,nucleic,purine,purine base/derivative,unavailable,unavailable
2,(+)-sucrose,0.0452684845164872,0.10542660976667571,0.46035583982488654,carbohydrate,saccharide,disaccharide,unavailable,unavailable
2,lauric acid,0.043887457022358564,0.10221030932596797,0.4463115421491096,lipid,fatty_acid,saturated fatty acid,unavailable,unavailable
2,leucine,0.0404197024152239,0.0941341915668275,0.41104636591170596,protein/peptide,amino_acid,aliphatic/polar amino acid,unavailable,unavailable
2,15-methylpalmiticacid,0.03804568219739522,0.08860529202984241,0.3869038728988962,lipid,fatty_acid,saturated fatty acid,unavailable,unavailable
2,glycerol,0.03580163714220105,0.08337909404995136,0.3640831565214228,carbohydrate,polyol,unavailable,unavailable,unavailable
2,tristearin,0.03505112085699395,0.08163120281018066,0.35645081454070265,lipid,triglyceride,triacylglycerol,unavailable,unavailable
2,creatinine,0.03504777660096536,0.08162341431054228,0.3564168052777667,cofactor/small-molecule,small_nitrogenous,unavailable,unavailable,unavailable
2,(+)-raffinose pentahydrate,0.033838890639760366,0.07880801746557052,0.3441230932644929,carbohydrate,saccharide,trisaccharide,unavailable,unavailable
2,cholesteryl oleate,0.03344349903249113,0.07788718264793021,0.3401021759007175,lipid,sterol,unavailable,unavailable,unavailable
2,tribehenin,0.03114639786491948,0.07253742130789796,0.31674190774826744,lipid,triglyceride,triacylglycerol,unavailable,unavailable
2,stearate,0.03104855347908621,0.07230954971039956,0.3157468836184886,lipid,lipid,unavailable,unavailable,unavailable
2,triarachidin,0.03066475414786067,0.07141571235856399,0.31184385339033477,lipid,triglyceride,triacylglycerol,unavailable,unavailable
2,thymine,0.028942436590600508,0.06740457518569422,0.29432882159754575,nucleic,pyrimidine,pyrimidine base,unavailable,unavailable
2,trimyristin,0.02760876595868555,0.06429856501614759,0.2807661174256978,lipid,triglyceride,triacylglycerol,unavailable,unavailable
2,amylopectin,0.027316336093654095,0.06361751970186133,0.27779226492004555,carbohydrate,polysaccharide,unavailable,unavailable,unavailable
2,(+)-fucose,0.02680248722760289,0.062420807586161975,0.2725667017318652,carbohydrate,saccharide,monosaccharide,unavailable,unavailable
2,tripalmitin,0.026746409992263295,0.06229020827694966,0.27199642678129965,lipid,triglyceride,triacylglycerol,unavailable,unavailable
2,α-phosphatidylethanolamine,0.025760215631128167,0.059993442012825623,0.2619673670899911,lipid,phospholipid,unavailable,unavailable,unavailable
2,14-methylpentadecanoic acid,0.025758127054612685,0.0599885778883996,0.2619461274040132,lipid,fatty_acid,saturated fatty acid,unavailable,unavailable
2,glycogen,0.025722780004050812,0.05990625748943347,0.26158666714550116,carbohydrate,polysaccharide,unavailable,unavailable,unavailable
2,a-dna,0.025575215635954194,0.05956259210683993,0.26008601786755586,nucleic,nucleic_acid,unavailable,unavailable,unavailable
2,trilaurin,0.02125654722936885,0.04950476548251548,0.21616751159384331,lipid,triglyceride,triacylglycerol,unavailable,unavailable
2,melanin,0.02123186001397048,0.04944727097056463,0.2159164560548951,unassigned,unknown,unavailable,unavailable,unavailable
2,amylose,0.021098968601030242,0.049137777704266083,0.21456502274178438,carbohydrate,polysaccharide,unavailable,unavailable,unavailable
2,trilinolenin,0.020219143099298443,0.04708873584159748,0.20561767643507117,lipid,triglyceride,triacylglycerol,unavailable,unavailable
2,fructose-6-phosphate,0.018892983884463522,0.044000219150035574,0.1921313592851235,carbohydrate,saccharide,monosaccharide,unavailable,unavailable
2,tricaprin,0.01661938391721665,0.03870519018954183,0.1690100855440827,lipid,triglyceride,triacylglycerol,unavailable,unavailable
2,(-)-fructose,0.01574641819914014,0.03667212420373842,0.1601324995021404,carbohydrate,saccharide,monosaccharide,unavailable,unavailable
2,ure,0.014050942972031117,0.0327235006293754,0.14289043959192205,unassigned,unknown,unavailable,unavailable,unavailable
2,trierucin,0.013693811327442532,0.03189177014554047,0.13925860521688918,lipid,triglyceride,triacylglycerol,unavailable,unavailable
2,glutathione,0.013531484711312693,0.031513724690821684,0.13760783191416978,cofactor/small-molecule,cofactor,unavailable,unavailable,unavailable
2,proline,0.012683087832908321,0.029537877529553735,0.12898009759449294,protein/peptide,amino_acid,aliphatic/polar amino acid,unavailable,unavailable
2,aspartate,0.012560729439724376,0.029252914807526162,0.12773577935730293,cofactor/small-molecule,organic_acid,unavailable,unavailable,unavailable
2,ceramide,0.011901026560570394,0.027716520586571217,0.12102696027021335,lipid,phospholipid,unavailable,unavailable,unavailable
2,riboﬂavin,0.011355764921394841,0.026446650683301928,0.11548194628293192,cofactor/small-molecule,cofactor,unavailable,unavailable,unavailable
2,guanine,0.010456848059898962,0.024353146600232946,0.10634045124224926,nucleic,purine,purine base/derivative,unavailable,unavailable
2,phosphoenolpyruvate,0.010170759634836471,0.02368686998262625,0.10343108772830491,cofactor/small-molecule,organic_acid,unavailable,unavailable,unavailable
2,sphingomyelin,0.009234693334672231,0.021506847885637146,0.0939118031234285,lipid,phospholipid,unavailable,unavailable,unavailable
2,trilinolein,0.008797718978772089,0.020489170236615117,0.08946801184698135,lipid,triglyceride,triacylglycerol,unavailable,unavailable
2,valine,0.00866871683651856,0.020188734764659464,0.08815613029913091,protein/peptide,amino_acid,aliphatic/polar amino acid,unavailable,unavailable
2,tubulin,0.008461774898638058,0.019706783863004226,0.0860516434662821,protein/peptide,protein,unavailable,unavailable,unavailable
2,serine,0.007066636350165417,0.016457619927182563,0.07186384405098957,protein/peptide,amino_acid,aliphatic/polar amino acid,unavailable,unavailable
2,mannose,0.006858143055574375,0.01597205604222828,0.06974358076507463,carbohydrate,saccharide,monosaccharide,unavailable,unavailable
2,uracil,0.0060902232654708125,0.01418363345843558,0.06193425461538825,nucleic,pyrimidine,pyrimidine base,unavailable,unavailable
2,phosphate,0.005538835385081497,0.012899496038842773,0.05632694009056826,cofactor/small-molecule,organic_acid,unavailable,unavailable,unavailable
2,(+)-arabinose,0.004399635006277438,0.010246391233920875,0.04474189250802402,carbohydrate,saccharide,monosaccharide,unavailable,unavailable
2,malic acid,0.004085361318081693,0.009514473436379421,0.04154590021427883,cofactor/small-molecule,organic_acid,unavailable,unavailable,unavailable
2,galactose,0.004068926889157624,0.009476198991289814,0.04137877102031108,carbohydrate,saccharide,disaccharide,unavailable,unavailable
2,α-phosphatidylcholine,0.003798888451307199,0.008847301485368433,0.038632627137443594,lipid,phospholipid,unavailable,unavailable,unavailable
2,pyruvate,0.0036324583565568933,0.008459699363493094,0.03694012369140913,cofactor/small-molecule,organic_acid,unavailable,unavailable,unavailable
2,isoleucine,0.003428942556850395,0.00798572765831716,0.03487047881833201,protein/peptide,amino_acid,aliphatic/polar amino acid,unavailable,unavailable
2,(+)-mannose,0.0033826225629137144,0.007877852168838852,0.03439942970022783,carbohydrate,saccharide,monosaccharide,unavailable,unavailable
2,acetyl coenzyme a,0.0016424838718531432,0.0038252110282784688,0.016703166679909433,protein/peptide,protein,unavailable,unavailable,unavailable
2,glutamate,0.0011392673078731237,0.002653260677267121,0.011585728214735205,protein/peptide,amino_acid,aliphatic/polar amino acid,unavailable,unavailable
3,adenine,0.4714540578673902,0.9999999999978789,10.916991785290778,nucleic,purine,purine base/derivative,unavailable,unavailable
3,acetyl coenzyme a,0.3340815530944835,0.708619530405537,7.735993592350265,protein/peptide,protein,unavailable,unavailable,unavailable
3,estrone,0.31587890139153374,0.6700099322927318,7.314492926918497,lipid,sterol,unavailable,unavailable,unavailable
3,coenzyme a,0.2273447694141279,0.4822204107056235,5.264396262384003,cofactor/small-molecule,cofactor,unavailable,unavailable,unavailable
3,methionine,0.2211338389886009,0.4690464220170781,5.120575936091334,protein/peptide,amino_acid,aliphatic/polar amino acid,unavailable,unavailable
3,acetyl-coa,0.2001074705861835,0.4244474456131311,4.6336892770560345,cofactor/small-molecule,cofactor,unavailable,unavailable,unavailable
3,estradiol,0.16729924889550812,0.35485801024160646,3.8739819827604656,lipid,sterol,unavailable,unavailable,unavailable
3,estriol,0.16687602039755237,0.35396030135376844,3.8641817022063347,lipid,sterol,unavailable,unavailable,unavailable
3,ethinylestradiol,0.165687945613792,0.35144027895936575,3.836670638427833,lipid,sterol,unavailable,unavailable,unavailable
3,ergothioneine,0.1435618912293912,0.3045087614230856,3.3243196470119454,cofactor/small-molecule,cofactor,unavailable,unavailable,unavailable
3,hypoxanthine,0.135927245443997,0.28831493371500916,3.1475317629500865,nucleic,purine,purine base/derivative,unavailable,unavailable
3,t-rna,0.12223243166696954,0.25926689913249534,2.830414608033268,nucleic,nucleic_acid,unavailable,unavailable,unavailable
3,xanthine,0.1037054346172348,0.21996933293166165,2.401403400635936,nucleic,purine,purine base/derivative,unavailable,unavailable
3,α-phosphatidylcholine,0.09833261249615238,0.20857305363060985,2.2769903131232105,lipid,phospholipid,unavailable,unavailable,unavailable
3,β-carotene,0.08724906753101375,0.18506377466660803,2.0203397077945486,lipid,carotenoid,unavailable,unavailable,unavailable
3,a-dna,0.08437588217621611,0.17896946853678425,1.9538082178380742,nucleic,nucleic_acid,unavailable,unavailable,unavailable
3,b-dna,0.06917418253454212,0.1467251821891256,1.6017976086573746,nucleic,nucleic_acid,unavailable,unavailable,unavailable
3,sphingomyelin,0.06633953817076411,0.1407126252570792,1.5361585740214916,lipid,phospholipid,unavailable,unavailable,unavailable
3,histidine,0.052152441920443104,0.11062041157571675,1.2076421244601463,protein/peptide,amino_acid,aromatic amino acid,unavailable,unavailable
3,asparagine,0.04599575032169333,0.09756146872434679,1.0650777526268562,protein/peptide,amino_acid,aliphatic/polar amino acid,unavailable,unavailable
3,ascorbate,0.04453030697170091,0.09445312057136196,1.0311439413748251,cofactor/small-molecule,organic_acid,unavailable,unavailable,unavailable
3,ferritin,0.04290528887308189,0.09100629882595944,0.9935150166948242,protein/peptide,protein,unavailable,unavailable,unavailable
3,phosphatidylinositol,0.041005706311533045,0.08697709909833905,0.9495282763670033,lipid,lipid,unavailable,unavailable,unavailable
3,(+)-galactose,0.040806954017218934,0.08655552611366109,0.9449259675563638,carbohydrate,saccharide,disaccharide,unavailable,unavailable
3,(+)-fucose,0.03978229194037142,0.08438211799521075,0.9211988889811068,carbohydrate,saccharide,monosaccharide,unavailable,unavailable
3,diethylstilbestrol,0.039386009458412675,0.08354156423319527,0.912022570466069,lipid,sterol,unavailable,unavailable,unavailable
3,carotene,0.036886646045902964,0.07824017087196254,0.8541473026907735,lipid,carotenoid,unavailable,unavailable,unavailable
3,cholesterol,0.03604975691816646,0.07646504747707572,0.8347682951708757,lipid,lipid,unavailable,unavailable,unavailable
3,alb,0.03566752613281144,0.07565429873289645,0.825917357790717,protein/peptide,protein,unavailable,unavailable,unavailable
3,tyrosine,0.03243020394939111,0.06878762290438115,0.7509539141784016,protein/peptide,amino_acid,aromatic amino acid,unavailable,unavailable
3,triosephosphate isomerase,0.028221279457930664,0.05986008389773758,0.6534920441798041,protein/peptide,protein,unavailable,unavailable,unavailable
3,glycine,0.028066385282233253,0.05953153825662518,0.6499053141146793,protein/peptide,amino_acid,aliphatic/polar amino acid,unavailable,unavailable
3,tri-11-eicosenoin,0.02750332081843065,0.05833722365819238,0.6368669914545079,lipid,triglyceride,triacylglycerol,unavailable,unavailable
3,glucose oxidase,0.02738923888975317,0.0580952447701682,0.6342253099217285,protein/peptide,protein,unavailable,unavailable,unavailable
3,phosphoenolpyruvate,0.026042732196796377,0.05523917285714909,0.6030455963090331,cofactor/small-molecule,organic_acid,unavailable,unavailable,unavailable
3,2-deoxy-d-ribose,0.025401907826967298,0.053879921920320865,0.588206664997499,carbohydrate,saccharide,monosaccharide,unavailable,unavailable
3,albumin,0.025371299816690885,0.05381499934776989,0.5874979058062786,protein/peptide,protein,unavailable,unavailable,unavailable
3,cholesteryl palmitate,0.023574564812873917,0.0500039493126071,0.545892703878986,lipid,sterol,unavailable,unavailable,unavailable
3,cholesteryl oleate,0.022193258031031508,0.047074063019788275,0.513907159288379,lipid,sterol,unavailable,unavailable,unavailable
3,aspartic acid,0.02045718269614764,0.043391678053725465,0.47370659286350786,cofactor/small-molecule,organic_acid,unavailable,unavailable,unavailable
3,cholesteryl linoleate,0.019007042151868627,0.04031578864291922,0.440127133433202,lipid,sterol,unavailable,unavailable,unavailable
3,pepsin,0.01894732979855596,0.04018913292256622,0.4387444339745452,protein/peptide,protein,unavailable,unavailable,unavailable
3,n-acetylglucosamine,0.018391105678325345,0.039009327359442,0.4258645063336504,carbohydrate,saccharide,monosaccharide,unavailable,unavailable
3,cholesteryl stearate,0.018278217118133554,0.03876987972226989,0.42325045844562964,lipid,sterol,unavailable,unavailable,unavailable
3,major proteinase,0.018273956512047006,0.03876084256156369,0.42315179983643747,protein/peptide,protein,unavailable,unavailable,unavailable
3,(+)-arabinose,0.01714702326306858,0.03637050732068425,0.3970565296476103,carbohydrate,saccharide,monosaccharide,unavailable,unavailable
3,insulin,0.016995745628698256,0.03604963271615904,0.39355354422589267,protein/peptide,protein,unavailable,unavailable,unavailable
3,chitin,0.015155835228709343,0.03214700345826741,0.3509485726763639,carbohydrate,polysaccharide,unavailable,unavailable,unavailable
3,serine,0.014494696517516493,0.030744663823771334,0.3356392424063501,protein/peptide,amino_acid,aliphatic/polar amino acid,unavailable,unavailable
3,glycogen,0.014382981347100551,0.03050770506066079,0.3330523655360142,carbohydrate,polysaccharide,unavailable,unavailable,unavailable
3,keratin,0.012929480398305188,0.0274246879044035,0.29939509256717145,protein/peptide,protein,unavailable,unavailable,unavailable
3,cytochrome c,0.012858155421975359,0.027273400678979428,0.2977434911699939,protein/peptide,protein,unavailable,unavailable,unavailable
3,isoleucine,0.0127940388004308,0.027137403076510053,0.2962588064610133,protein/peptide,amino_acid,aliphatic/polar amino acid,unavailable,unavailable
3,pyruvate,0.012341433216549427,0.02617738252662283,0.28577827000416195,cofactor/small-molecule,organic_acid,unavailable,unavailable,unavailable
3,(-)-arabinose,0.011294727833110823,0.02395721840676961,0.2615407565456756,carbohydrate,saccharide,monosaccharide,unavailable,unavailable
3,trypsin inhibitor,0.010898115396542193,0.023115964778872435,0.2523567976005566,protein/peptide,protein,unavailable,unavailable,unavailable
3,triolein,0.010743944667450834,0.022788953638511442,0.24878681966752947,lipid,lipid,unavailable,unavailable,unavailable
3,ubiquitin,0.010725365249904839,0.022749544883329656,0.24835659461094048,protein/peptide,protein,unavailable,unavailable,unavailable
3,tricaprylin,0.010496864143079057,0.022264871768288678,0.2430654221954756,lipid,triglyceride,triacylglycerol,unavailable,unavailable
3,oleate,0.010384869525499307,0.02202732027051153,0.2404720744456535,lipid,lipid,unavailable,unavailable,unavailable
3,vaccenic acid,0.010346419816193357,0.021945764690144285,0.23958173284473774,lipid,fatty_acid,saturated fatty acid,unavailable,unavailable
3,galactose,0.010215892441031028,0.021668903407514775,0.23655924049659993,carbohydrate,saccharide,disaccharide,unavailable,unavailable
3,lactose,0.009661793255496104,0.020493605037955286,0.22372851785082612,carbohydrate,saccharide,disaccharide,unavailable,unavailable
3,elastin,0.009360439342321383,0.019854404021132463,0.21675036560100702,protein/peptide,protein,unavailable,unavailable,unavailable
3,valine,0.007243281855555608,0.015363706674421334,0.16772545955663057,protein/peptide,amino_acid,aliphatic/polar amino acid,unavailable,unavailable
3,myoglobin,0.007147482172452825,0.015160506210868369,0.16550712176525087,protein/peptide,protein,unavailable,unavailable,unavailable
3,lactalbumin,0.005928949176298427,0.012575878979821053,0.13729076751580863,protein/peptide,protein,unavailable,unavailable,unavailable
3,tubulin,0.0054684461127462725,0.011599107105941654,0.12662735699254152,protein/peptide,protein,unavailable,unavailable,unavailable
3,(+)-lactose,0.0052560202672918156,0.011148531186805633,0.1217084233846733,carbohydrate,saccharide,disaccharide,unavailable,unavailable
3,lectin,0.004763109191971427,0.010103018761800718,0.11029457282945099,protein/peptide,protein,unavailable,unavailable,unavailable
3,trypsinogen,0.003797605284191072,0.008055090884913331,0.08793736102055598,protein/peptide,protein,unavailable,unavailable,unavailable
3,n-acetyl- d-glucosamine,0.002767063001295655,0.005869210276408525,0.064074120373832,carbohydrate,saccharide,monosaccharide,unavailable,unavailable
3,elastase,0.0026516664384480747,0.005624442921198287,0.06140199716768881,protein/peptide,protein,unavailable,unavailable,unavailable
3,glutathione transferase,0.0026164618311783636,0.005549770518485531,0.060586799160684005,protein/peptide,protein,unavailable,unavailable,unavailable
3,hydroxyproline,0.0022707849281072188,0.0048165561208110864,0.052582303604398174,protein/peptide,amino_acid,aliphatic/polar amino acid,unavailable,unavailable
3,mannose,0.0021079272872828723,0.004471119194123715,0.04881117151340806,carbohydrate,saccharide,monosaccharide,unavailable,unavailable
3,thaumatin,0.00194562674640359,0.004126863930709291,0.0450529396306617,protein/peptide,protein,unavailable,unavailable,unavailable
3,horseradish peroxidase,0.0015985555838288793,0.0033906921727570065,0.03701615859651649,protein/peptide,protein,unavailable,unavailable,unavailable
3,melanin,0.001566611335311601,0.0033229353086805585,0.03627645746799528,unassigned,unknown,unavailable,unavailable,unavailable
3,α-phosphatidylethanolamine,0.001387802601917863,0.0029436645602173993,0.0321359618226131,lipid,phospholipid,unavailable,unavailable,unavailable
3,trypsin,0.0013609639472170075,0.0028867371581663857,0.03151448584206292,protein/peptide,protein,unavailable,unavailable,unavailable
3,tricaprin,0.0013220869200708113,0.0028042751950177964,0.030614249267768914,lipid,triglyceride,triacylglycerol,unavailable,unavailable
3,xylanase,0.0013049460794000373,0.0027679178015778635,0.030217335902249738,protein/peptide,protein,unavailable,unavailable,unavailable
3,(-)-ribose,0.0012151949660896193,0.002577546943988442,0.02813905881378286,carbohydrate,saccharide,monosaccharide,unavailable,unavailable
3,α-linolenic acid,0.0011154928431805985,0.0023660690253131654,0.02583035611282957,lipid,fatty_acid,unsaturated fatty acid,unavailable,unavailable
3,tripalmitin,0.0010915724635682889,0.0023153315691112563,0.025276455720265607,lipid,triglyceride,triacylglycerol,unavailable,unavailable
3,amylose,0.000982940338142754,0.002084912244868511,0.022760969850329965,carbohydrate,polysaccharide,unavailable,unavailable,unavailable
3,trierucin,0.000883038567270703,0.0018730108534079255,0.020447644100458167,lipid,triglyceride,triacylglycerol,unavailable,unavailable
3,trilinolein,0.0007574564075856882,0.0016066388547177116,0.017539663178919446,lipid,triglyceride,triacylglycerol,unavailable,unavailable
3,phosphate,0.0007428474272745581,0.001575651783830715,0.01720137758059516,cofactor/small-molecule,organic_acid,unavailable,unavailable,unavailable
4,(+)-galactosamine,0.3635421235341043,0.9999999999972493,6.8746216584581425,carbohydrate,saccharide,monosaccharide,unavailable,unavailable
4,galactose,0.2866187712356944,0.788405944402253,5.419992581059782,carbohydrate,saccharide,disaccharide,unavailable,unavailable
4,(-)-fructose,0.20244799062211677,0.5568762944263542,3.828313834755858,carbohydrate,saccharide,monosaccharide,unavailable,unavailable
4,fructose,0.19208498004339725,0.5283706277983744,3.6323481615658215,carbohydrate,saccharide,monosaccharide,unavailable,unavailable
4,(+)-fucose,0.1871382772286867,0.5147636686746049,3.538805465667544,carbohydrate,saccharide,monosaccharide,unavailable,unavailable
4,(+)-mannose,0.1559456073541228,0.4289615900289596,2.9489486374678395,carbohydrate,saccharide,monosaccharide,unavailable,unavailable
4,(-)-ribose,0.14671685872647872,0.4035759523540096,2.7744319828933772,carbohydrate,saccharide,monosaccharide,unavailable,unavailable
4,(+)-raffinose pentahydrate,0.12192919493177656,0.33539220639999057,2.3056945262017807,carbohydrate,saccharide,trisaccharide,unavailable,unavailable
4,(+)-lactose,0.12035170506971088,0.33105298472541245,2.275864018896793,carbohydrate,saccharide,disaccharide,unavailable,unavailable
4,glycerol,0.10863054673083454,0.29881144356671774,2.054215621744551,carbohydrate,polyol,unavailable,unavailable,unavailable
4,lactate,0.1057566557215302,0.2909061945645981,1.9998700257389252,cofactor/small-molecule,organic_acid,unavailable,unavailable,unavailable
4,malic acid,0.10019096543119103,0.2755965786218345,1.8946222083958368,cofactor/small-molecule,organic_acid,unavailable,unavailable,unavailable
4,α-linolenic acid,0.09893062501330066,0.2721297440068117,1.8707890320650438,lipid,fatty_acid,unsaturated fatty acid,unavailable,unavailable
4,mannose,0.09825954540139979,0.27028379667786057,1.8580988425770277,carbohydrate,saccharide,monosaccharide,unavailable,unavailable
4,(+)-galactose,0.09712471506958725,0.2671622042726191,1.8366390758190174,carbohydrate,saccharide,disaccharide,unavailable,unavailable
4,glutamate,0.09393192657276671,0.2583797598456193,1.7762630931467938,protein/peptide,amino_acid,aliphatic/polar amino acid,unavailable,unavailable
4,2-deoxy-d-ribose,0.09233550231179563,0.25398845507618195,1.7460745342698463,carbohydrate,saccharide,monosaccharide,unavailable,unavailable
4,phosphatidylinositol,0.08521799362659559,0.23441023229421384,1.6114816598984394,lipid,lipid,unavailable,unavailable,unavailable
4,triolein,0.08288841429474081,0.22800222843154777,1.5674290577565506,lipid,lipid,unavailable,unavailable,unavailable
4,histidine,0.07550338088186455,0.2076881219366421,1.4277772612740627,protein/peptide,amino_acid,aromatic amino acid,unavailable,unavailable
4,oleate,0.07257296148239525,0.1996273795638636,1.372362707174756,lipid,lipid,unavailable,unavailable,unavailable
4,collagen,0.07107866414655102,0.19551699664230943,1.3441053797176052,protein/peptide,protein,unavailable,unavailable,unavailable
4,α-phosphatidylethanolamine,0.07046473311082178,0.19382824863765089,1.3324958761090697,lipid,phospholipid,unavailable,unavailable,unavailable
4,gluth,0.06949494857765331,0.19116064983578926,1.3141571436096646,unassigned,unknown,unavailable,unavailable,unavailable
4,trilinolenin,0.06656127945283691,0.18309096840165656,1.2586811368455657,lipid,triglyceride,triacylglycerol,unavailable,unavailable
4,riboflavin,0.06439912880042133,0.17714351276325432,1.2177946295009743,cofactor/small-molecule,cofactor,unavailable,unavailable,unavailable
4,vaccenic acid,0.06343863397889146,0.17450146729080684,1.1996315664734056,lipid,fatty_acid,saturated fatty acid,unavailable,unavailable
4,α-phosphatidylcholine,0.0632327358889805,0.17393510076384486,1.1957380108805162,lipid,phospholipid,unavailable,unavailable,unavailable
4,lactose,0.0612444327054709,0.16846584959653796,1.1581389783500973,carbohydrate,saccharide,disaccharide,unavailable,unavailable
4,cellulose,0.060462288050727245,0.1663143942242195,1.14334853665031,carbohydrate,polysaccharide,unavailable,unavailable,unavailable
4,tryptophan,0.059371233503328236,0.16331321643280008,1.1227165748044778,protein/peptide,amino_acid,aromatic amino acid,unavailable,unavailable
4,hydroxyproline,0.056903687595255215,0.1565257061325398,1.0760550094871724,protein/peptide,amino_acid,aliphatic/polar amino acid,unavailable,unavailable
4,tri-11-eicosenoin,0.0532138241817281,0.1463759513320598,1.0062792853075613,lipid,triglyceride,triacylglycerol,unavailable,unavailable
4,hypoxanthine,0.05074679481424383,0.1395898618866477,0.9596274878297687,nucleic,purine,purine base/derivative,unavailable,unavailable
4,cytosine,0.048007710703898705,0.1320554279572034,0.9078311051540466,nucleic,pyrimidine,pyrimidine base,unavailable,unavailable
4,elastase,0.047537630807744514,0.13076237313433142,0.8989418424631325,protein/peptide,protein,unavailable,unavailable,unavailable
4,trilinolein,0.04699538031502096,0.12927079772224248,0.8886878258299341,lipid,triglyceride,triacylglycerol,unavailable,unavailable
4,coenzyme a,0.04682159929332281,0.12879277602833727,0.8854016075397915,cofactor/small-molecule,cofactor,unavailable,unavailable,unavailable
4,palmitoleic acid,0.04605483221628349,0.1266836199570044,0.870901957530698,lipid,fatty_acid,unsaturated fatty acid,unavailable,unavailable
4,pepsin,0.04582703850186474,0.1260570248537914,0.8665943532630542,protein/peptide,protein,unavailable,unavailable,unavailable
4,cholesteryl linoleate,0.041601315323361567,0.11443327369832142,0.7866854618169127,lipid,sterol,unavailable,unavailable,unavailable
4,(+)-xylose,0.039347226543375385,0.10823292266866001,0.744060394338242,carbohydrate,saccharide,monosaccharide,unavailable,unavailable
4,aspartate,0.03827775510769568,0.10529111382054056,0.7238365715158606,cofactor/small-molecule,organic_acid,unavailable,unavailable,unavailable
4,glucose oxidase,0.03636757907174189,0.10003676800394265,0.6877149319639483,protein/peptide,protein,unavailable,unavailable,unavailable
4,glycogen,0.03519037654098402,0.09679862184549838,0.6654539022497931,carbohydrate,polysaccharide,unavailable,unavailable,unavailable
4,tripalmitolein,0.03458678860072248,0.09513832472671552,0.6540399877175014,lipid,triglyceride,triacylglycerol,unavailable,unavailable
4,a-dna,0.03353378519429811,0.09224181469870307,0.634127577144931,nucleic,nucleic_acid,unavailable,unavailable,unavailable
4,aspartic acid,0.03202996115687676,0.08810522655645951,0.6056900987100641,cofactor/small-molecule,organic_acid,unavailable,unavailable,unavailable
4,xylanase,0.032025455702574944,0.08809283334530148,0.6056049000722189,protein/peptide,protein,unavailable,unavailable,unavailable
4,cholesteryl oleate,0.03068583521758739,0.08440792202894284,0.5802725289272127,lipid,sterol,unavailable,unavailable,unavailable
4,acetyl-coa,0.02957404194593267,0.08134969796169149,0.5592483955180109,cofactor/small-molecule,cofactor,unavailable,unavailable,unavailable
4,trypsinogen,0.029158540146912756,0.08020677181332786,0.5513912106644304,protein/peptide,protein,unavailable,unavailable,unavailable
4,trypsin,0.028564867283830817,0.07857374822500464,0.5401647913353397,protein/peptide,protein,unavailable,unavailable,unavailable
4,tricaprylin,0.028238404950743628,0.07767574408201111,0.5339913526045142,lipid,triglyceride,triacylglycerol,unavailable,unavailable
4,tubulin,0.027926888368573585,0.07681885140849962,0.5281005396722018,protein/peptide,protein,unavailable,unavailable,unavailable
4,linoleic acid,0.027267394271614544,0.07500477250466837,0.5156294335497373,lipid,fatty_acid,unsaturated fatty acid,unavailable,unavailable
4,thaumatin,0.026551235164973652,0.0730348244291141,0.5020867858434568,protein/peptide,protein,unavailable,unavailable,unavailable
4,pepsinogen,0.025528301545163196,0.07022102775030453,0.48274299825276157,protein/peptide,protein,unavailable,unavailable,unavailable
4,t-rna,0.025472033157182196,0.07006624957100073,0.4816789568290601,nucleic,nucleic_acid,unavailable,unavailable,unavailable
4,amylopectin,0.0254284110431155,0.0699462576601803,0.48085405784009183,carbohydrate,polysaccharide,unavailable,unavailable,unavailable
4,methionine,0.025278610183542754,0.06953419850699036,0.47802130706099866,protein/peptide,amino_acid,aliphatic/polar amino acid,unavailable,unavailable
4,glucosamine,0.02436348867818728,0.06701696199954858,0.46071625844743025,carbohydrate,saccharide,monosaccharide,unavailable,unavailable
4,n-acetylglucosamine,0.024241785393030846,0.06668219120607632,0.4584148359000003,carbohydrate,saccharide,monosaccharide,unavailable,unavailable
4,tyrosine,0.0237016929908373,0.06519655208139483,0.448201628996784,protein/peptide,amino_acid,aromatic amino acid,unavailable,unavailable
4,amylose,0.02115957349377566,0.05820391124973019,0.4001298688854713,carbohydrate,polysaccharide,unavailable,unavailable,unavailable
4,12-methyltetradecanoic acid,0.020420285203673814,0.05617034143142973,0.3861498457685577,lipid,fatty_acid,saturated fatty acid,unavailable,unavailable
4,sphingomyelin,0.020296835670562667,0.05583076721122461,0.38381540147967513,lipid,phospholipid,unavailable,unavailable,unavailable
4,isoleucine,0.020194288503426652,0.055548689398236005,0.38187622323712783,protein/peptide,amino_acid,aliphatic/polar amino acid,unavailable,unavailable
4,riboﬂavin,0.019736291524983466,0.05428887121268546,0.3732154498529988,cofactor/small-molecule,cofactor,unavailable,unavailable,unavailable
4,albumin,0.019729872109947793,0.05427121324509356,0.3730940580065469,protein/peptide,protein,unavailable,unavailable,unavailable
4,diethylstilbestrol,0.0190313332436636,0.052349733391558136,0.35988461098910485,lipid,sterol,unavailable,unavailable,unavailable
4,lectin,0.018965492983372943,0.05216862573984937,0.3586395644041519,protein/peptide,protein,unavailable,unavailable,unavailable
4,β-carotene,0.0180297736185341,0.04959473043511865,0.3409450079955977,lipid,carotenoid,unavailable,unavailable,unavailable
4,trypsin inhibitor,0.016980580038038765,0.04670870014434267,0.3211046416516083,protein/peptide,protein,unavailable,unavailable,unavailable
4,superoxide dismutases,0.016933577600387818,0.04657940993391562,0.32021582037077745,protein/peptide,protein,unavailable,unavailable,unavailable
4,arginine,0.016819028541018362,0.046264318361429954,0.3180496850221639,protein/peptide,amino_acid,aliphatic/polar amino acid,unavailable,unavailable
4,cholesterol,0.01635255322095415,0.044981178692419445,0.30922858526273317,lipid,lipid,unavailable,unavailable,unavailable
4,ceramide,0.016141029730948765,0.0443993383049878,0.30522865273351896,lipid,phospholipid,unavailable,unavailable,unavailable
4,α-chymotrypsinogen a (type ii),0.015249400382221256,0.04194672197525618,0.2883678433932114,protein/peptide,protein,unavailable,unavailable,unavailable
4,serine,0.014652992935344042,0.04030617633207812,0.2770897127828994,protein/peptide,amino_acid,aliphatic/polar amino acid,unavailable,unavailable
4,phosphate,0.014580935388027258,0.040107966708895826,0.2757270966144518,cofactor/small-molecule,organic_acid,unavailable,unavailable,unavailable
4,major proteinase,0.014399197757524677,0.039608058668706835,0.27229041797412173,protein/peptide,protein,unavailable,unavailable,unavailable
4,tricaproin,0.0143116355052312,0.039367200053914086,0.27063460612423673,lipid,triglyceride,triacylglycerol,unavailable,unavailable
4,trielaidin,0.013272309878337711,0.03650831367016569,0.25098084387139485,lipid,triglyceride,triacylglycerol,unavailable,unavailable
4,b-dna,0.013120153341964822,0.03608977472647105,0.24810354698415557,nucleic,nucleic_acid,unavailable,unavailable,unavailable
4,fructose-6-phosphate,0.013053912392375152,0.03590756489354842,0.24685092332035818,carbohydrate,saccharide,monosaccharide,unavailable,unavailable
4,proline,0.01242809211999219,0.034186113012546426,0.23501659293519583,protein/peptide,amino_acid,aliphatic/polar amino acid,unavailable,unavailable
4,estrone,0.012361828767294436,0.03400384155510594,0.23376354562615329,lipid,sterol,unavailable,unavailable,unavailable
4,tripetroselinin,0.011912666868862902,0.03276832613789965,0.22526984457964463,lipid,triglyceride,triacylglycerol,unavailable,unavailable
4,glutathione,0.011558897162952695,0.031795207252885364,0.21858002041645236,cofactor/small-molecule,cofactor,unavailable,unavailable,unavailable
4,carbonic anhydrase,0.01137674210363373,0.031294150985876526,0.21513544815115776,protein/peptide,protein,unavailable,unavailable,unavailable
4,arachidonic acid,0.011376611273096896,0.031293791108634346,0.21513297413127425,lipid,fatty_acid,unsaturated fatty acid,unavailable,unavailable
4,phosphoenolpyruvate,0.010843624507022517,0.029827697548714564,0.20505413559089603,cofactor/small-molecule,organic_acid,unavailable,unavailable,unavailable
4,stearate,0.01062770783263618,0.029233772772441734,0.20097112746042464,lipid,lipid,unavailable,unavailable,unavailable
4,acetyl coenzyme a,0.009981473532445865,0.027456167762308942,0.18875076555754844,protein/peptide,protein,unavailable,unavailable,unavailable
4,myristic acid,0.009594618849683502,0.02639204160548132,0.18143530083246934,lipid,fatty_acid,saturated fatty acid,unavailable,unavailable
4,(+)-maltose,0.008310481062876069,0.022859747261375046,0.15715211363036036,carbohydrate,saccharide,disaccharide,unavailable,unavailable
4,citrate,0.008206955481182941,0.0225749781108666,0.15519443346060888,cofactor/small-molecule,organic_acid,unavailable,unavailable,unavailable
4,lactalbumin,0.007898221615826264,0.02172573989232254,0.14935624201019942,protein/peptide,protein,unavailable,unavailable,unavailable
4,(+)-trehalose,0.00785641262552034,0.02161073536437576,0.14856562939155357,carbohydrate,saccharide,disaccharide,unavailable,unavailable
4,(+)-sucrose,0.007554848403859442,0.020781218777058533,0.14286301669431659,carbohydrate,saccharide,disaccharide,unavailable,unavailable
4,glucose,0.007460845607726517,0.020522644075401306,0.14108541344996955,carbohydrate,saccharide,monosaccharide,unavailable,unavailable
4,papain,0.00745267215211116,0.020500161245802694,0.1409308525026671,protein/peptide,protein,unavailable,unavailable,unavailable
4,n-acetyl- d-glucosamine,0.007116369019777725,0.01957508788961716,0.13457132317255394,carbohydrate,saccharide,monosaccharide,unavailable,unavailable
4,ferritin,0.006209803529496399,0.017081386523002937,0.11742806974785401,protein/peptide,protein,unavailable,unavailable,unavailable
4,elastin,0.00607768278036402,0.01671796027724184,0.11492965180748578,protein/peptide,protein,unavailable,unavailable,unavailable
4,triosephosphate isomerase,0.005966293950624063,0.016411561589087617,0.1128232767497718,protein/peptide,protein,unavailable,unavailable,unavailable
4,alanine,0.003928854071731571,0.010807149481130743,0.07429506388938044,protein/peptide,amino_acid,aliphatic/polar amino acid,unavailable,unavailable
4,ethinylestradiol,0.003904135640751125,0.010739156174770307,0.07382763563284352,lipid,sterol,unavailable,unavailable,unavailable
4,trierucin,0.003346067646076449,0.009204071356405956,0.06327450829291664,lipid,triglyceride,triacylglycerol,unavailable,unavailable
4,insulin,0.0017877461207170525,0.004917576272408015,0.03380647634950899,protein/peptide,protein,unavailable,unavailable,unavailable
4,(+)-arabinose,0.001615810742663274,0.004444631414238984,0.03055515938427481,carbohydrate,saccharide,monosaccharide,unavailable,unavailable
4,guanine,0.001476427499155966,0.004061228131692418,0.02791940687414899,nucleic,purine,purine base/derivative,unavailable,unavailable
4,tricaprin,0.000776504865147188,0.0021359419304602463,0.014683792656391295,lipid,triglyceride,triacylglycerol,unavailable,unavailable
4,adenine,0.0005619187979869572,0.001545677272616518,0.010625946455345252,nucleic,purine,purine base/derivative,unavailable,unavailable
5,tyrosine,0.49542838305074344,0.9999999999979816,15.63142453688809,protein/peptide,amino_acid,aromatic amino acid,unavailable,unavailable
5,(+)-raffinose pentahydrate,0.1769836575142427,0.3572335852541541,5.584069829953559,carbohydrate,saccharide,trisaccharide,unavailable,unavailable
5,acetoacetate,0.15425986813306794,0.31136663423047517,4.867104046288333,cofactor/small-molecule,organic_acid,unavailable,unavailable,unavailable
5,diethylstilbestrol,0.12739505383754315,0.25714120990164946,4.019483417909847,lipid,sterol,unavailable,unavailable,unavailable
5,phenylalanine,0.1137236282692254,0.2295460497614403,3.588131754593955,protein/peptide,amino_acid,aromatic amino acid,unavailable,unavailable
5,carotene,0.08996539564320374,0.18159112138274,2.838527910468915,lipid,carotenoid,unavailable,unavailable,unavailable
5,insulin,0.08766145740463205,0.176940725246007,2.765835594190791,protein/peptide,protein,unavailable,unavailable,unavailable
5,(+)-mannose,0.08709357093407134,0.17579447184190725,2.747918020604418,carbohydrate,saccharide,monosaccharide,unavailable,unavailable
5,estriol,0.08416153697073853,0.16987629261835924,2.655408448675561,lipid,sterol,unavailable,unavailable,unavailable
5,estradiol,0.08390039037274963,0.16934917990757692,2.647168926114517,lipid,sterol,unavailable,unavailable,unavailable
5,aspartate,0.0766349701517546,0.15468425462364097,2.417935253199107,cofactor/small-molecule,organic_acid,unavailable,unavailable,unavailable
5,mannose,0.07536829998128977,0.15212753762115033,2.377970124312415,carbohydrate,saccharide,monosaccharide,unavailable,unavailable
5,leucine,0.0643387333798535,0.12986485147164822,2.0299726257773467,protein/peptide,amino_acid,aliphatic/polar amino acid,unavailable,unavailable
5,isoleucine,0.06057644698455226,0.12227084490277487,1.911267485163131,protein/peptide,amino_acid,aliphatic/polar amino acid,unavailable,unavailable
5,valine,0.0592381250870076,0.11956950209859225,1.8690416489711994,protein/peptide,amino_acid,aliphatic/polar amino acid,unavailable,unavailable
5,β-carotene,0.05662363201535623,0.1142922649416361,1.7865509145888108,lipid,carotenoid,unavailable,unavailable,unavailable
5,fructose-6-phosphate,0.055519226639725056,0.11206307215936502,1.7517054558344947,carbohydrate,saccharide,monosaccharide,unavailable,unavailable
5,papain,0.05467078377793528,0.11035052824622962,1.7249359548901577,protein/peptide,protein,unavailable,unavailable,unavailable
5,(+)-galactose,0.0536109779350717,0.1082113576231511,1.6914976707239104,carbohydrate,saccharide,disaccharide,unavailable,unavailable
5,estrone,0.05165010514797819,0.10425342373366557,1.6296295258083007,lipid,sterol,unavailable,unavailable,unavailable
5,13-methylmyristicacid,0.047608838770811505,0.09609630856744668,1.5021221956485873,lipid,fatty_acid,saturated fatty acid,unavailable,unavailable
5,pyruvate,0.0472618565616367,0.0953959405202277,1.4911744453704139,cofactor/small-molecule,organic_acid,unavailable,unavailable,unavailable
5,cysteine,0.04490152908755632,0.09063172523740273,1.416702973699296,protein/peptide,amino_acid,aliphatic/polar amino acid,unavailable,unavailable
5,(+)-trehalose,0.044476239132360325,0.0897732965123945,1.4032845098640059,carbohydrate,saccharide,disaccharide,unavailable,unavailable
5,glycerol,0.04430432972254097,0.08942630506882716,1.397860539298926,carbohydrate,polyol,unavailable,unavailable,unavailable
5,ergothioneine,0.04204139812741766,0.08485867900512833,1.3264620371713507,cofactor/small-molecule,cofactor,unavailable,unavailable,unavailable
5,tubulin,0.03918832582290645,0.0790998803530672,1.2364438106183424,protein/peptide,protein,unavailable,unavailable,unavailable
5,major proteinase,0.0320498236195147,0.06469113340276139,1.0112145699930661,protein/peptide,protein,unavailable,unavailable,unavailable
5,pepsinogen,0.031963656701962224,0.06451720933926364,1.0084958891193467,protein/peptide,protein,unavailable,unavailable,unavailable
5,(+)-fucose,0.02910614414828342,0.058749448243145014,0.9183375667983875,carbohydrate,saccharide,monosaccharide,unavailable,unavailable
5,ethinylestradiol,0.028956820223865955,0.05844804459021407,0.9136261983424455,lipid,sterol,unavailable,unavailable,unavailable
5,(-)-fructose,0.0271267642681875,0.05475415861540241,0.8558854984791913,carbohydrate,saccharide,monosaccharide,unavailable,unavailable
5,proline,0.02691186191594716,0.054320387843294876,0.849105043388671,protein/peptide,amino_acid,aliphatic/polar amino acid,unavailable,unavailable
5,keratin,0.02626570069135381,0.05301614035425696,0.8287177971863079,protein/peptide,protein,unavailable,unavailable,unavailable
5,trypsin,0.024157568014310026,0.04876096897296045,0.7622034068479113,protein/peptide,protein,unavailable,unavailable,unavailable
5,15-methylpalmiticacid,0.023656594062978816,0.04774977549178502,0.7463970122546923,lipid,fatty_acid,saturated fatty acid,unavailable,unavailable
5,trypsinogen,0.02286803876796897,0.04615811194971563,0.7215170437086685,protein/peptide,protein,unavailable,unavailable,unavailable
5,alb,0.02277645436854581,0.04597325294172134,0.7186274340752361,protein/peptide,protein,unavailable,unavailable,unavailable
5,glutathione transferase,0.02211783271189789,0.044643854628707985,0.6978470446658596,protein/peptide,protein,unavailable,unavailable,unavailable
5,cholesterol,0.02086157914087649,0.04210816306561441,0.6582105733484583,lipid,lipid,unavailable,unavailable,unavailable
5,cholesteryl oleate,0.020192302618127628,0.040757258382628246,0.6370940087397889,lipid,sterol,unavailable,unavailable,unavailable
5,fructose,0.018861460303349138,0.038071012781234245,0.5951041633339662,carbohydrate,saccharide,monosaccharide,unavailable,unavailable
5,glucose oxidase,0.018547252429834682,0.037436798262520166,0.5851904869444683,protein/peptide,protein,unavailable,unavailable,unavailable
5,phosphoenolpyruvate,0.016786498549212846,0.03388279542203708,0.5296363597394589,cofactor/small-molecule,organic_acid,unavailable,unavailable,unavailable
5,albumin,0.016088521059560105,0.032473959122926936,0.5076142414450456,protein/peptide,protein,unavailable,unavailable,unavailable
5,hydroxyproline,0.015619925952752986,0.03152812088911267,0.49282944246904453,protein/peptide,amino_acid,aliphatic/polar amino acid,unavailable,unavailable
5,14-methylpentadecanoic acid,0.014757991293248139,0.029788344386612965,0.46563425735911435,lipid,fatty_acid,saturated fatty acid,unavailable,unavailable
5,(+)-dextrose,0.014685201371860556,0.029641421190692678,0.4633376385093633,carbohydrate,saccharide,monosaccharide,unavailable,unavailable
5,ubiquitin,0.013843356467222756,0.027942194958533353,0.43677631189021054,protein/peptide,protein,unavailable,unavailable,unavailable
5,ascorbate,0.013802676982057352,0.02786008523983935,0.43549282001869755,cofactor/small-molecule,organic_acid,unavailable,unavailable,unavailable
5,cholesteryl palmitate,0.013232102564527125,0.026708406335179916,0.41749043812975134,lipid,sterol,unavailable,unavailable,unavailable
5,cholesteryl stearate,0.013194278297585628,0.02663205974658015,0.4162970321914029,lipid,sterol,unavailable,unavailable,unavailable
5,ferritin,0.012402609957385536,0.025034112662233536,0.39131884292844793,protein/peptide,protein,unavailable,unavailable,unavailable
5,carbonic anhydrase,0.011603691109301572,0.023421530752487513,0.36611189049665127,protein/peptide,protein,unavailable,unavailable,unavailable
5,thaumatin,0.011524924277962837,0.023262543431548117,0.36362669218706006,protein/peptide,protein,unavailable,unavailable,unavailable
5,malic acid,0.01092220989493575,0.022045991446144123,0.3446102516319777,cofactor/small-molecule,organic_acid,unavailable,unavailable,unavailable
5,tricaprylin,0.009950728441231705,0.020085099646364898,0.31395871943866427,lipid,triglyceride,triacylglycerol,unavailable,unavailable
5,amylose,0.009352884472163755,0.01887837837338222,0.29509594692293994,carbohydrate,polysaccharide,unavailable,unavailable,unavailable
5,β-d-glucose,0.009265715815610795,0.018702432344581816,0.2923456598511757,carbohydrate,saccharide,monosaccharide,unavailable,unavailable
5,lactalbumin,0.008776662091726764,0.0177152993085786,0.2769153642909911,protein/peptide,protein,unavailable,unavailable,unavailable
5,phosphatidylinositol,0.008492796377853024,0.01714232908001563,0.2679590234013074,lipid,lipid,unavailable,unavailable,unavailable
5,trilinolenin,0.0078841431106205,0.01591378972285701,0.2487552031492467,lipid,triglyceride,triacylglycerol,unavailable,unavailable
5,xylanase,0.0077261824071273725,0.015594953118219786,0.24377133282425223,protein/peptide,protein,unavailable,unavailable,unavailable
5,lectin,0.007659635015466514,0.015460630188937981,0.2416716740916057,protein/peptide,protein,unavailable,unavailable,unavailable
5,b-dna,0.0067062499639591764,0.013536265166420156,0.21159110746063067,nucleic,nucleic_acid,unavailable,unavailable,unavailable
5,triolein,0.006539434573715311,0.013199555773195015,0.20632785998955985,lipid,lipid,unavailable,unavailable,unavailable
5,(-)-arabinose,0.006063844321739259,0.01223959815218326,0.19132235487807372,carbohydrate,saccharide,monosaccharide,unavailable,unavailable
5,trilinolein,0.006004318995857912,0.012119448948145569,0.18944425166198758,lipid,triglyceride,triacylglycerol,unavailable,unavailable
5,glycogen,0.004989427356633689,0.010070935633319547,0.15742307036840952,carbohydrate,polysaccharide,unavailable,unavailable,unavailable
5,t-rna,0.004846877189635332,0.009783204506329456,0.15292542296994105,nucleic,nucleic_acid,unavailable,unavailable,unavailable
5,glutathione,0.004624865858936352,0.009335084579627976,0.14592067015221694,cofactor/small-molecule,cofactor,unavailable,unavailable,unavailable
5,trypsin inhibitor,0.004534999396490728,0.009153693150473142,0.14308526371573915,protein/peptide,protein,unavailable,unavailable,unavailable
5,amylopectin,0.004269809516368246,0.008618419255810581,0.13471817022473823,carbohydrate,polysaccharide,unavailable,unavailable,unavailable
5,serine,0.0042059452878982825,0.008489512171245559,0.13270316886008576,protein/peptide,amino_acid,aliphatic/polar amino acid,unavailable,unavailable
5,stearate,0.004186713232320609,0.008450693128502775,0.1320963719228565,lipid,lipid,unavailable,unavailable,unavailable
5,(+)-arabinose,0.004151027138968794,0.008378662347520879,0.1309704282056026,carbohydrate,saccharide,monosaccharide,unavailable,unavailable
5,oleate,0.004034179392201063,0.00814281040450548,0.12728372635647153,lipid,lipid,unavailable,unavailable,unavailable
5,alanine,0.0038336385869807976,0.007738027771776664,0.12095639717911537,protein/peptide,amino_acid,aliphatic/polar amino acid,unavailable,unavailable
5,coenzyme a,0.003772247325944017,0.007614112261206554,0.11901942122668482,cofactor/small-molecule,cofactor,unavailable,unavailable,unavailable
5,linoleic acid,0.003725911741623211,0.007520585959714928,0.11755747190270127,lipid,fatty_acid,unsaturated fatty acid,unavailable,unavailable
5,vaccenic acid,0.0036538779571532913,0.007375188992294117,0.11528471017856591,lipid,fatty_acid,saturated fatty acid,unavailable,unavailable
5,uracil,0.003254546023626916,0.006569155371316313,0.10268525645803127,nucleic,pyrimidine,pyrimidine base,unavailable,unavailable
5,cytochrome c,0.0024712722680674325,0.004988152380057177,0.07797192750751986,protein/peptide,protein,unavailable,unavailable,unavailable
5,myoglobin,0.0024013048385363167,0.00484692625752433,0.07576436203050589,protein/peptide,protein,unavailable,unavailable,unavailable
5,tri-11-eicosenoin,0.0023158913300581675,0.004674522916496473,0.07306945221531613,lipid,triglyceride,triacylglycerol,unavailable,unavailable
5,hemoglobin,0.0018699700633199284,0.0037744508132563437,0.05900004305573151,protein/peptide,protein,unavailable,unavailable,unavailable
5,riboflavin,0.0018129527399658868,0.0036593638999817633,0.05720107065569289,cofactor/small-molecule,cofactor,unavailable,unavailable,unavailable
5,elastase,0.0016430112537955388,0.003316344622152865,0.051839190699601786,protein/peptide,protein,unavailable,unavailable,unavailable
5,glycine,0.0015587434015452745,0.0031462537369048487,0.049180427862429564,protein/peptide,amino_acid,aliphatic/polar amino acid,unavailable,unavailable
5,arachidonic acid,0.0014361067090705238,0.0028987170662778403,0.04531107707540315,lipid,fatty_acid,unsaturated fatty acid,unavailable,unavailable
5,12-methyltetradecanoic acid,0.001347130616120968,0.0027191228080694586,0.042503762980954776,lipid,fatty_acid,saturated fatty acid,unavailable,unavailable
5,triosephosphate isomerase,0.0010169156922108116,0.0020525987751182258,0.032085042857834235,protein/peptide,protein,unavailable,unavailable,unavailable
5,xanthine,0.0008956089395720226,0.0018077465284795434,0.028257653441806436,nucleic,purine,purine base/derivative,unavailable,unavailable
5,tripalmitin,0.0007587549820283531,0.0015315129451295637,0.023939729029108327,lipid,triglyceride,triacylglycerol,unavailable,unavailable
5,α-phosphatidylethanolamine,0.000750959861346152,0.0015157788431909853,0.02369378260199924,lipid,phospholipid,unavailable,unavailable,unavailable
5,acetyl coenzyme a,0.0006871335282270187,0.0013869482486942078,0.021679976886076365,protein/peptide,protein,unavailable,unavailable,unavailable
5,acetyl-coa,0.0006337040528051183,0.0012791032457640465,0.01999420586108967,cofactor/small-molecule,cofactor,unavailable,unavailable,unavailable
5,arginine,0.000506815980182571,0.0010229853547362028,0.015990718374932923,protein/peptide,amino_acid,aliphatic/polar amino acid,unavailable,unavailable
5,asparagine,0.0005029415387641652,0.001015164968276832,0.01586847459414372,protein/peptide,amino_acid,aliphatic/polar amino acid,unavailable,unavailable
5,pepsin,0.0004510902263558494,0.0009105054167006349,0.014232496711612546,protein/peptide,protein,unavailable,unavailable,unavailable
5,creatinine,0.0004009005290075321,0.0008091997606961113,0.012648944994614695,cofactor/small-molecule,small_nitrogenous,unavailable,unavailable,unavailable
6,urea,0.7776646019867931,0.9999999999987141,11.868286185869177,cofactor/small-molecule,small_nitrogenous,unavailable,unavailable,unavailable
6,ure,0.7318069212278917,0.9410315441352425,11.1684316757418,unassigned,unknown,unavailable,unavailable,unavailable
6,phenylalanine,0.4805678152288547,0.6179628261341361,7.334159672797875,protein/peptide,amino_acid,aromatic amino acid,unavailable,unavailable
6,β-carotene,0.23693338916033832,0.30467297669806687,3.615946080557958,lipid,carotenoid,unavailable,unavailable,unavailable
6,carotene,0.22245562166822297,0.28605599521902225,3.3949944164473465,lipid,carotenoid,unavailable,unavailable,unavailable
6,tryptophan,0.21629823039050855,0.2781381971580388,3.301023723097554,protein/peptide,amino_acid,aromatic amino acid,unavailable,unavailable
6,lectin,0.1915702579046102,0.2463404627328238,2.923639110876353,protein/peptide,protein,unavailable,unavailable,unavailable
6,carbonic anhydrase,0.17355953581864045,0.22318044999734318,2.648769451662941,protein/peptide,protein,unavailable,unavailable,unavailable
6,pepsinogen,0.14184598776309892,0.18239995417114982,2.1647748563954123,protein/peptide,protein,unavailable,unavailable,unavailable
6,thaumatin,0.14166622369541118,0.18216879530493907,2.1620313968168183,protein/peptide,protein,unavailable,unavailable,unavailable
6,alb,0.1355938423633666,0.17436031165205976,2.0693580781466463,protein/peptide,protein,unavailable,unavailable,unavailable
6,estriol,0.10913334048934492,0.14033471526206612,1.6655325625448056,lipid,sterol,unavailable,unavailable,unavailable
6,estradiol,0.10889172271501527,0.14002401862792327,1.6618451259738072,lipid,sterol,unavailable,unavailable,unavailable
6,insulin,0.10357235205733523,0.13318383245501123,1.5806638389089573,protein/peptide,protein,unavailable,unavailable,unavailable
6,superoxide dismutases,0.10192286789158976,0.13106275845790605,1.555490325689875,protein/peptide,protein,unavailable,unavailable,unavailable
6,horseradish peroxidase,0.09767676214547744,0.12560268513676112,1.4906886129186148,protein/peptide,protein,unavailable,unavailable,unavailable
6,α-chymotrypsinogen a (type ii),0.09710529904106874,0.12486783993106708,1.4819672597151128,protein/peptide,protein,unavailable,unavailable,unavailable
6,ubiquitin,0.09464282327007513,0.12170133889103098,1.4443863191640636,protein/peptide,protein,unavailable,unavailable,unavailable
6,lactalbumin,0.07780917427521133,0.10005492609066022,1.1874804971514712,protein/peptide,protein,unavailable,unavailable,unavailable
6,serine,0.07710791405614789,0.09915317459358687,1.176778252315655,protein/peptide,amino_acid,aliphatic/polar amino acid,unavailable,unavailable
6,elastase,0.07666904968327846,0.09858883828234467,1.1700805474687461,protein/peptide,protein,unavailable,unavailable,unavailable
6,ethinylestradiol,0.07489839638177442,0.0963119527239972,1.143057818049771,lipid,sterol,unavailable,unavailable,unavailable
6,albumin,0.07318289984762691,0.0941059933299827,1.1168768606471668,protein/peptide,protein,unavailable,unavailable,unavailable
6,ferritin,0.06342312292265764,0.08155588252383023,0.9679285539351884,protein/peptide,protein,unavailable,unavailable,unavailable
6,trypsinogen,0.0628601491977378,0.08083195382310138,0.959336760936763,protein/peptide,protein,unavailable,unavailable,unavailable
6,hemoglobin,0.06099124482554368,0.07842872707545592,0.9308145781261343,protein/peptide,protein,unavailable,unavailable,unavailable
6,myoglobin,0.05855268362943787,0.07529297782073532,0.8935986085639365,protein/peptide,protein,unavailable,unavailable,unavailable
6,acetoacetate,0.0573643551947075,0.07376490462350753,0.8754629985462576,cofactor/small-molecule,organic_acid,unavailable,unavailable,unavailable
6,ergothioneine,0.053963542310347605,0.06939179457623644,0.8235616769828776,cofactor/small-molecule,cofactor,unavailable,unavailable,unavailable
6,tubulin,0.05324538537863498,0.06846831557272137,0.8126015638825054,protein/peptide,protein,unavailable,unavailable,unavailable
6,urate,0.05311066511000115,0.06829507859075064,0.8105455378024979,nucleic,purine,purine base/derivative,unavailable,unavailable
6,glutathione transferase,0.05127792606050663,0.06593835688217622,0.7825752901046502,protein/peptide,protein,unavailable,unavailable,unavailable
6,triosephosphate isomerase,0.05103856016266723,0.06563055593916357,0.7789222204246911,protein/peptide,protein,unavailable,unavailable,unavailable
6,glucosamine,0.05058867681531067,0.06505205031320785,0.7720563500957043,carbohydrate,saccharide,monosaccharide,unavailable,unavailable
6,phosphoenolpyruvate,0.04721129179964319,0.06070906619507449,0.7205125716809465,cofactor/small-molecule,organic_acid,unavailable,unavailable,unavailable
6,n-acetylglucosamine,0.045388597094645516,0.05836526052314514,0.6926956152023899,carbohydrate,saccharide,monosaccharide,unavailable,unavailable
6,estrone,0.04537904372451853,0.05835297583112937,0.6925498169618411,lipid,sterol,unavailable,unavailable,unavailable
6,trypsin,0.04462804984015963,0.05738727174425274,0.6810885644879112,protein/peptide,protein,unavailable,unavailable,unavailable
6,n-acetyl- d-glucosamine,0.04355567892344484,0.0560083084817181,0.6647226338483292,carbohydrate,saccharide,monosaccharide,unavailable,unavailable
6,isoleucine,0.04012190656814402,0.051592815804638884,0.612318303105076,protein/peptide,amino_acid,aliphatic/polar amino acid,unavailable,unavailable
6,coenzyme a,0.039433631838583325,0.05070776236668968,0.601814235613694,cofactor/small-molecule,cofactor,unavailable,unavailable,unavailable
6,elastin,0.039048607031362176,0.05021265842826046,0.5959382003806575,protein/peptide,protein,unavailable,unavailable,unavailable
6,papain,0.03772695425958589,0.04851314327944437,0.5757678682172622,protein/peptide,protein,unavailable,unavailable,unavailable
6,galactose,0.0370385647621515,0.04762794226132577,0.5652620492021944,carbohydrate,saccharide,disaccharide,unavailable,unavailable
6,trypsin inhibitor,0.036904155028398965,0.04745510459659349,0.5632107623334517,protein/peptide,protein,unavailable,unavailable,unavailable
6,2-deoxy-d-ribose,0.035230711430867534,0.04530322113262466,0.5376715935443973,carbohydrate,saccharide,monosaccharide,unavailable,unavailable
6,cholesteryl oleate,0.03503594432981647,0.04505276984481599,0.5346991659850606,lipid,sterol,unavailable,unavailable,unavailable
6,lactose,0.03502432026329285,0.045037822441405945,0.5345217659236544,carbohydrate,saccharide,disaccharide,unavailable,unavailable
6,phosphatidylinositol,0.034311235079509415,0.04412086520565069,0.5236390550294936,lipid,lipid,unavailable,unavailable,unavailable
6,cholesterol,0.03382993632362511,0.0435019624619048,0.5162937401454881,lipid,lipid,unavailable,unavailable,unavailable
6,keratin,0.03268958593205966,0.04203558429752571,0.49889034443390523,protein/peptide,protein,unavailable,unavailable,unavailable
6,(+)-fucose,0.03261110750081574,0.041934668772962404,0.49769265010778924,carbohydrate,saccharide,monosaccharide,unavailable,unavailable
6,diethylstilbestrol,0.032485972446436674,0.04177375743141592,0.49578290825576093,lipid,sterol,unavailable,unavailable,unavailable
6,pepsin,0.03246728239416804,0.04174972386704786,0.49549767103577397,protein/peptide,protein,unavailable,unavailable,unavailable
6,alanine,0.03215284538225466,0.041345388873389094,0.49069890761606394,protein/peptide,amino_acid,aliphatic/polar amino acid,unavailable,unavailable
6,glutathione,0.030862366892209253,0.039685960777077645,0.47100434006414227,cofactor/small-molecule,cofactor,unavailable,unavailable,unavailable
6,acetyl-coa,0.027613126579062407,0.03550775811124787,0.4214162350834493,cofactor/small-molecule,cofactor,unavailable,unavailable,unavailable
6,(+)-galactosamine,0.02724687658960263,0.03503679673725245,0.4158267307143742,carbohydrate,saccharide,monosaccharide,unavailable,unavailable
6,(-)-ribose,0.024975736770515823,0.032116334865538686,0.3811658534259115,carbohydrate,saccharide,monosaccharide,unavailable,unavailable
6,hypoxanthine,0.02200872378307112,0.02830104871279275,0.33588494548408077,nucleic,purine,purine base/derivative,unavailable,unavailable
6,lactate,0.02171126318629767,0.027918543715120092,0.33134526670417064,cofactor/small-molecule,organic_acid,unavailable,unavailable,unavailable
6,major proteinase,0.020680730598740052,0.026593380418599374,0.31561784945803273,protein/peptide,protein,unavailable,unavailable,unavailable
6,(+)-arabinose,0.020547961618716047,0.026422652601382757,0.3135916028634145,carbohydrate,saccharide,monosaccharide,unavailable,unavailable
6,cytochrome c,0.020036665009533824,0.025765175576100526,0.305788477366721,protein/peptide,protein,unavailable,unavailable,unavailable
6,(+)-lactose,0.017520928392136304,0.022530186339137663,0.2673946992941898,carbohydrate,saccharide,disaccharide,unavailable,unavailable
6,(+)-maltose,0.017006140813825198,0.02186822027176716,0.25953829656129224,carbohydrate,saccharide,disaccharide,unavailable,unavailable
6,phosphate,0.016735217763967917,0.021519839942812015,0.25540361911572,cofactor/small-molecule,organic_acid,unavailable,unavailable,unavailable
6,palmitoleic acid,0.016623717497325673,0.021376461593897538,0.2537019638379434,lipid,fatty_acid,unsaturated fatty acid,unavailable,unavailable
6,glycogen,0.015897886962868566,0.02044311509387451,0.2426247404650765,carbohydrate,polysaccharide,unavailable,unavailable,unavailable
6,b-dna,0.015881623292624995,0.020422201617548083,0.24237653334289277,nucleic,nucleic_acid,unavailable,unavailable,unavailable
6,(+)-trehalose,0.01586896401088934,0.020405923029448155,0.2421833344006207,carbohydrate,saccharide,disaccharide,unavailable,unavailable
6,tricaprylin,0.015628705614447853,0.020096974421234072,0.23851664390160526,lipid,triglyceride,triacylglycerol,unavailable,unavailable
6,(+)-sucrose,0.015280918239418267,0.01964975414897196,0.23320890572226938,carbohydrate,saccharide,disaccharide,unavailable,unavailable
6,(-)-arabinose,0.014283271440678952,0.018366878734314765,0.2179833731602826,carbohydrate,saccharide,monosaccharide,unavailable,unavailable
6,oleate,0.012036511354534821,0.015477766795310245,0.18369456584512145,lipid,lipid,unavailable,unavailable,unavailable
6,glucose,0.01136313358387803,0.014611869377663143,0.17341784748486735,carbohydrate,saccharide,monosaccharide,unavailable,unavailable
6,triolein,0.011220618028070495,0.014428608425006626,0.17124285405204195,lipid,lipid,unavailable,unavailable,unavailable
6,cysteine,0.010903857629883449,0.014021285785687086,0.1664086323986079,protein/peptide,amino_acid,aliphatic/polar amino acid,unavailable,unavailable
6,(+)-galactose,0.009977976795819472,0.012830694325438893,0.15227835221791228,carbohydrate,saccharide,disaccharide,unavailable,unavailable
6,methionine,0.009883043887673533,0.012708619966000029,0.1508295387841333,protein/peptide,amino_acid,aliphatic/polar amino acid,unavailable,unavailable
6,cholesteryl palmitate,0.009268119625253651,0.01191788799639762,0.14144490547256383,lipid,sterol,unavailable,unavailable,unavailable
6,cholesteryl linoleate,0.009206937539037265,0.011839213866110605,0.140511178378892,lipid,sterol,unavailable,unavailable,unavailable
6,uracil,0.00850628099047415,0.010938238629778435,0.12981814642770695,nucleic,pyrimidine,pyrimidine base,unavailable,unavailable
6,amylopectin,0.00828675486557782,0.01065594967855808,0.12646786036751057,carbohydrate,polysaccharide,unavailable,unavailable,unavailable
6,xylanase,0.007564773195278428,0.009727552438341757,0.11544937622643796,protein/peptide,protein,unavailable,unavailable,unavailable
6,amylose,0.007380813891454166,0.009490998912112013,0.11264189127886323,carbohydrate,polysaccharide,unavailable,unavailable,unavailable
6,malic acid,0.007344470916878085,0.009444265430244401,0.11208724494159558,cofactor/small-molecule,organic_acid,unavailable,unavailable,unavailable
6,12-methyltetradecanoic acid,0.0073252431084909935,0.009419540364531053,0.11179380078574477,lipid,fatty_acid,saturated fatty acid,unavailable,unavailable
6,β-d-glucose,0.006962668316883819,0.00895330493259755,0.10626038524955853,carbohydrate,saccharide,monosaccharide,unavailable,unavailable
6,fructose-6-phosphate,0.006955714073850685,0.008944362461749119,0.10615425344632039,carbohydrate,saccharide,monosaccharide,unavailable,unavailable
6,riboflavin,0.006834175606675878,0.008788075976721843,0.10429940071503076,cofactor/small-molecule,cofactor,unavailable,unavailable,unavailable
6,arginine,0.006530309746701079,0.008397334442134715,0.09966196835783905,protein/peptide,amino_acid,aliphatic/polar amino acid,unavailable,unavailable
6,vaccenic acid,0.006527364611886063,0.008393547289154512,0.09961702134244028,lipid,fatty_acid,saturated fatty acid,unavailable,unavailable
6,acetyl coenzyme a,0.006164132807183444,0.00792646700316212,0.0940735788364978,protein/peptide,protein,unavailable,unavailable,unavailable
6,tri-11-eicosenoin,0.006130739083819666,0.007883525967555741,0.09356394233680305,lipid,triglyceride,triacylglycerol,unavailable,unavailable
6,glucose oxidase,0.00556015627877349,0.007149812740043897,0.08485602377432355,protein/peptide,protein,unavailable,unavailable,unavailable
6,a-dna,0.004872243371548454,0.0062652245699424715,0.07435747821491201,nucleic,nucleic_acid,unavailable,unavailable,unavailable
6,mannose,0.004432257377603023,0.005699445964588981,0.06764265580872621,carbohydrate,saccharide,monosaccharide,unavailable,unavailable
6,tripalmitin,0.004275238308303158,0.005497534923635711,0.06524631779060298,lipid,triglyceride,triacylglycerol,unavailable,unavailable
6,(+)-xylose,0.004149143677488764,0.005335389661408161,0.06332193141480114,carbohydrate,saccharide,monosaccharide,unavailable,unavailable
6,riboﬂavin,0.003902110674381876,0.0050177295770023065,0.05955185062324025,cofactor/small-molecule,cofactor,unavailable,unavailable,unavailable
6,glutamate,0.0032528294849633282,0.0041828179868914584,0.04964288093189286,protein/peptide,amino_acid,aliphatic/polar amino acid,unavailable,unavailable
6,histidine,0.00318625478395448,0.004097209485696115,0.04862685473976189,protein/peptide,amino_acid,aromatic amino acid,unavailable,unavailable
6,proline,0.003091645479699457,0.003975551248953448,0.047182979969229835,protein/peptide,amino_acid,aliphatic/polar amino acid,unavailable,unavailable
6,collagen,0.0030069352964131935,0.0038666223057178487,0.04589018009698378,protein/peptide,protein,unavailable,unavailable,unavailable
6,tricaprin,0.002571972330417981,0.0033073028190350275,0.039252016359690084,lipid,triglyceride,triacylglycerol,unavailable,unavailable
6,tripalmitolein,0.0019426689558234241,0.002498080728964333,0.029647937006791525,lipid,triglyceride,triacylglycerol,unavailable,unavailable
6,trilaurin,0.001352802610056838,0.001739570769453735,0.02064572373247613,lipid,triglyceride,triacylglycerol,unavailable,unavailable
6,glycine,0.0010346652096675756,0.0013304774410753193,0.015790487034545088,protein/peptide,amino_acid,aliphatic/polar amino acid,unavailable,unavailable
7,arachidonic acid,0.5546076641233431,0.999999999998197,6.7896390762552565,lipid,fatty_acid,unsaturated fatty acid,unavailable,unavailable
7,trilinolenin,0.494545509017849,0.8917033445592124,6.0543438726576495,lipid,triglyceride,triacylglycerol,unavailable,unavailable
7,α-linolenic acid,0.46219781876873584,0.8333779871190368,5.658335746644564,lipid,fatty_acid,unsaturated fatty acid,unavailable,unavailable
7,trilinolein,0.3965243608453087,0.7149637238990767,4.8543456378988985,lipid,triglyceride,triacylglycerol,unavailable,unavailable
7,linoleic acid,0.3760777102238622,0.6780968503521178,4.604032872644653,lipid,fatty_acid,unsaturated fatty acid,unavailable,unavailable
7,palmitoleic acid,0.24657030800756546,0.444585107558637,3.0185724190067105,lipid,fatty_acid,unsaturated fatty acid,unavailable,unavailable
7,ascorbate,0.2188740402976714,0.3946466204055194,2.679508115222221,cofactor/small-molecule,organic_acid,unavailable,unavailable,unavailable
7,fumarate,0.20028476221689284,0.36112873148465724,2.4519337468511417,cofactor/small-molecule,organic_acid,unavailable,unavailable,unavailable
7,tripalmitolein,0.19601355621665179,0.35342742067247296,2.399644626022254,lipid,triglyceride,triacylglycerol,unavailable,unavailable
7,vaccenic acid,0.1601395529717968,0.2887438514298885,1.960466536700348,lipid,fatty_acid,saturated fatty acid,unavailable,unavailable
7,oleate,0.15719009090502042,0.2834257459337569,1.9243585198120998,lipid,lipid,unavailable,unavailable,unavailable
7,α-phosphatidylethanolamine,0.15185619947502546,0.2738083320842449,1.859059750926817,lipid,phospholipid,unavailable,unavailable,unavailable
7,cholesteryl linoleate,0.13555020807310875,0.2444073835278237,1.6594379217288093,lipid,sterol,unavailable,unavailable,unavailable
7,keratin,0.134717011285986,0.24290506605004733,1.649237728276739,protein/peptide,protein,unavailable,unavailable,unavailable
7,triolein,0.13466879875986387,0.2428181351811812,1.648647499052552,lipid,lipid,unavailable,unavailable,unavailable
7,major proteinase,0.13185945197995802,0.23775266825449987,1.6142548068676155,protein/peptide,protein,unavailable,unavailable,unavailable
7,trypsin inhibitor,0.12573170540902848,0.22670387292166852,1.5392374743301416,protein/peptide,protein,unavailable,unavailable,unavailable
7,α-phosphatidylcholine,0.12202239078082384,0.22001569519145056,1.4938271614640317,lipid,phospholipid,unavailable,unavailable,unavailable
7,tri-11-eicosenoin,0.12177508844449192,0.21956979018088352,1.4907996273799824,lipid,triglyceride,triacylglycerol,unavailable,unavailable
7,melanin,0.11706262135501243,0.2110728519048503,1.4331084832323944,unassigned,unknown,unavailable,unavailable,unavailable
7,ubiquitin,0.11516159994753943,0.2076451650363782,1.4098357265290073,protein/peptide,protein,unavailable,unavailable,unavailable
7,trypsinogen,0.11461988641376142,0.20666841413872644,1.4032039404665313,protein/peptide,protein,unavailable,unavailable,unavailable
7,trypsin,0.11083924057507018,0.1998516207850673,1.3569203739376867,protein/peptide,protein,unavailable,unavailable,unavailable
7,elastin,0.10957740463901353,0.1975764341663448,1.3414726779654074,protein/peptide,protein,unavailable,unavailable,unavailable
7,α-chymotrypsinogen a (type ii),0.10715496626022218,0.19320859265334284,1.3118166105497862,protein/peptide,protein,unavailable,unavailable,unavailable
7,superoxide dismutases,0.10606737231340403,0.1912475776563083,1.2985020264967737,protein/peptide,protein,unavailable,unavailable,unavailable
7,glutathione transferase,0.1033775375313848,0.18639759999459285,1.2655724286457661,protein/peptide,protein,unavailable,unavailable,unavailable
7,tripetroselinin,0.10285276767918504,0.18545139984961595,1.2591480711674607,lipid,triglyceride,triacylglycerol,unavailable,unavailable
7,collagen,0.10240333062290902,0.18464103049241345,1.2536459557135888,protein/peptide,protein,unavailable,unavailable,unavailable
7,carbonic anhydrase,0.10037112982359875,0.18097681715609243,1.2287672696615235,protein/peptide,protein,unavailable,unavailable,unavailable
7,alb,0.09218294612540588,0.1662128962298986,1.1285255752221142,protein/peptide,protein,unavailable,unavailable,unavailable
7,elastase,0.0913855597033094,0.1647751475767936,1.1187637807851416,protein/peptide,protein,unavailable,unavailable,unavailable
7,pepsinogen,0.08738746576374239,0.15756627868047296,1.0698181628309937,protein/peptide,protein,unavailable,unavailable,unavailable
7,lectin,0.08684467286465648,0.15658758160468894,1.0631731629214218,protein/peptide,protein,unavailable,unavailable,unavailable
7,thaumatin,0.08480059628419821,0.15290195532744372,1.0381490907289193,protein/peptide,protein,unavailable,unavailable,unavailable
7,lactalbumin,0.0836884860016478,0.15089673550361332,1.024534371856534,protein/peptide,protein,unavailable,unavailable,unavailable
7,trierucin,0.08272239992826222,0.1491548084876733,1.0127073161211018,lipid,triglyceride,triacylglycerol,unavailable,unavailable
7,triosephosphate isomerase,0.0822391907626385,0.1482835454365457,1.0067917544634577,protein/peptide,protein,unavailable,unavailable,unavailable
7,albumin,0.08191292133243798,0.14769525672128667,1.0027974864142077,protein/peptide,protein,unavailable,unavailable,unavailable
7,urate,0.0802599503319472,0.1447148236919296,0.9825614218538866,nucleic,purine,purine base/derivative,unavailable,unavailable
7,cholesteryl oleate,0.0781363513309757,0.14088581241361556,0.9565638172551768,lipid,sterol,unavailable,unavailable,unavailable
7,succinic acid,0.07720583252355308,0.13920801589615886,0.9451721844582273,cofactor/small-molecule,organic_acid,unavailable,unavailable,unavailable
7,insulin,0.07366676913898336,0.13282681416834383,0.9018461278535086,protein/peptide,protein,unavailable,unavailable,unavailable
7,ferritin,0.06662032237294667,0.12012153217920622,0.8155818487850622,protein/peptide,protein,unavailable,unavailable,unavailable
7,pepsin,0.06563458760113629,0.1183441770585071,0.8035142490051594,protein/peptide,protein,unavailable,unavailable,unavailable
7,ceramide,0.05816881033811718,0.10488281013923337,0.7121164261500839,lipid,phospholipid,unavailable,unavailable,unavailable
7,gluth,0.05536112084643527,0.09982033142986518,0.6777440228821854,unassigned,unknown,unavailable,unavailable,unavailable
7,papain,0.04934112020382083,0.0889658102394318,0.6040457416534453,protein/peptide,protein,unavailable,unavailable,unavailable
7,sphingomyelin,0.048873167306717535,0.08812205540628838,0.5983169508675452,lipid,phospholipid,unavailable,unavailable,unavailable
7,cytosine,0.048194120047527746,0.08689768130705569,0.5900038926394251,nucleic,pyrimidine,pyrimidine base,unavailable,unavailable
7,diethylstilbestrol,0.04783969538434027,0.08625862655517615,0.5856649415241892,lipid,sterol,unavailable,unavailable,unavailable
7,malic acid,0.047445346705160735,0.08554758575158003,0.5808372310992725,cofactor/small-molecule,organic_acid,unavailable,unavailable,unavailable
7,glucose oxidase,0.04647049418479676,0.08378985216183034,0.5689028544326401,protein/peptide,protein,unavailable,unavailable,unavailable
7,chitin,0.04004135990522875,0.07219763175910869,0.4901958618056157,carbohydrate,polysaccharide,unavailable,unavailable,unavailable
7,estradiol,0.03785438097232115,0.06825434162019477,0.4634223449893855,lipid,sterol,unavailable,unavailable,unavailable
7,glutathione,0.03760042814588203,0.0677964452677524,0.46031339402196236,cofactor/small-molecule,cofactor,unavailable,unavailable,unavailable
7,estriol,0.03743024961042781,0.06748960036375543,0.458230027871431,lipid,sterol,unavailable,unavailable,unavailable
7,creatinine,0.03714211401570706,0.06697006986794866,0.45470260331578877,cofactor/small-molecule,small_nitrogenous,unavailable,unavailable,unavailable
7,histidine,0.035646806686187936,0.06427391648557515,0.43639669495521477,protein/peptide,amino_acid,aromatic amino acid,unavailable,unavailable
7,elaidic acid,0.032667836497645104,0.058902605590969576,0.39992743261441943,lipid,fatty_acid,saturated fatty acid,unavailable,unavailable
7,urea,0.029759502235134228,0.05365865666880173,0.3643229120985178,cofactor/small-molecule,small_nitrogenous,unavailable,unavailable,unavailable
7,uracil,0.028956010417594037,0.05220989952115429,0.3544863739568289,nucleic,pyrimidine,pyrimidine base,unavailable,unavailable
7,horseradish peroxidase,0.025963910791388548,0.046814915247127636,0.31785637791404886,protein/peptide,protein,unavailable,unavailable,unavailable
7,pyruvate,0.025624315562854025,0.046202599099151746,0.31369897226872223,cofactor/small-molecule,organic_acid,unavailable,unavailable,unavailable
7,thymine,0.02545932429737259,0.04590510723931253,0.31167910991228637,nucleic,pyrimidine,pyrimidine base,unavailable,unavailable
7,trielaidin,0.023116513852325042,0.04168084097579712,0.2829978666209636,lipid,triglyceride,triacylglycerol,unavailable,unavailable
7,n-acetylglucosamine,0.022463089041914044,0.040502666109709255,0.2749984845114973,carbohydrate,saccharide,monosaccharide,unavailable,unavailable
7,a-dna,0.021765713713121224,0.039245245100401914,0.2664610496913844,nucleic,nucleic_acid,unavailable,unavailable,unavailable
7,b-dna,0.01901510337512003,0.03428568446695112,0.2327874230133889,nucleic,nucleic_acid,unavailable,unavailable,unavailable
7,acetyl-coa,0.01830213741159285,0.03300015235182453,0.22405912393072863,cofactor/small-molecule,cofactor,unavailable,unavailable,unavailable
7,asparagine,0.0179554938954477,0.032375127602676045,0.21981543147027574,protein/peptide,amino_acid,aliphatic/polar amino acid,unavailable,unavailable
7,(+)-arabinose,0.01702062238705369,0.03068948283274655,0.20837051187165653,carbohydrate,saccharide,monosaccharide,unavailable,unavailable
7,n-acetyl- d-glucosamine,0.016622405344448667,0.02997146707428465,0.20349544402062777,carbohydrate,saccharide,monosaccharide,unavailable,unavailable
7,xanthine,0.015849928677918176,0.02857863261399976,0.19403860074230553,nucleic,purine,purine base/derivative,unavailable,unavailable
7,riboﬂavin,0.015730703418894647,0.028363660361115785,0.19257901673381125,cofactor/small-molecule,cofactor,unavailable,unavailable,unavailable
7,cholesteryl palmitate,0.015612758074590082,0.028150995892277646,0.19113510174605414,lipid,sterol,unavailable,unavailable,unavailable
7,coenzyme a,0.015239993434019886,0.02747887275968671,0.18657162826095142,cofactor/small-molecule,cofactor,unavailable,unavailable,unavailable
7,phosphatidylinositol,0.011291518659388808,0.02035947100950493,0.13823345993826996,lipid,lipid,unavailable,unavailable,unavailable
7,(-)-arabinose,0.01120225463148515,0.0201985211458845,0.13714066845491277,carbohydrate,saccharide,monosaccharide,unavailable,unavailable
7,glycine,0.01102900217874897,0.019886133734127894,0.13501967067711604,protein/peptide,amino_acid,aliphatic/polar amino acid,unavailable,unavailable
7,glutamate,0.010976435338210452,0.019791351703624376,0.1343761348990814,protein/peptide,amino_acid,aliphatic/polar amino acid,unavailable,unavailable
7,myristic acid,0.010779094030353329,0.019435530245281024,0.13196023562133888,lipid,fatty_acid,saturated fatty acid,unavailable,unavailable
7,lactose,0.01030021085582768,0.018572067286683532,0.12609763377673583,carbohydrate,saccharide,disaccharide,unavailable,unavailable
7,12-methyltetradecanoic acid,0.010292980216254912,0.018559029890988354,0.12600911456547106,lipid,fatty_acid,saturated fatty acid,unavailable,unavailable
7,glycogen,0.010122161858033192,0.01825103133764809,0.12391791555227816,carbohydrate,polysaccharide,unavailable,unavailable,unavailable
7,(+)-lactose,0.009424097196904353,0.016992367409462035,0.11537204176157775,carbohydrate,saccharide,disaccharide,unavailable,unavailable
7,acetyl coenzyme a,0.008794169659614872,0.0158565599224089,0.10766031886436457,protein/peptide,protein,unavailable,unavailable,unavailable
7,hydroxyproline,0.008479123056596758,0.015288506822177162,0.10380344333763629,protein/peptide,amino_acid,aliphatic/polar amino acid,unavailable,unavailable
7,xylanase,0.008285531343462276,0.014939446169652391,0.10143344749126668,protein/peptide,protein,unavailable,unavailable,unavailable
7,lactate,0.007994026681292654,0.014413840987780495,0.09786477800974057,cofactor/small-molecule,organic_acid,unavailable,unavailable,unavailable
7,ure,0.007354037464202288,0.013259891523160618,0.0900298776327195,unassigned,unknown,unavailable,unavailable,unavailable
7,estrone,0.007233385249840173,0.013042346360757193,0.08855282449721223,lipid,sterol,unavailable,unavailable,unavailable
7,palmitic acid,0.007049391729356529,0.012710591983049219,0.08630033201060337,lipid,fatty_acid,saturated fatty acid,unavailable,unavailable
7,tricaprylin,0.006917767755992497,0.012473263900733859,0.08468895998901936,lipid,triglyceride,triacylglycerol,unavailable,unavailable
7,(+)-fucose,0.00634471478063751,0.011440005595045337,0.07767350902083865,carbohydrate,saccharide,monosaccharide,unavailable,unavailable
7,tricaproin,0.0058995328561384595,0.010637308565602122,0.07222348590332715,lipid,triglyceride,triacylglycerol,unavailable,unavailable
7,(+)-raffinose pentahydrate,0.0046887817717627825,0.008454231838223494,0.05740118284862704,carbohydrate,saccharide,trisaccharide,unavailable,unavailable
7,glucose,0.004666387464866082,0.008413853191577746,0.05712702641151427,carbohydrate,saccharide,monosaccharide,unavailable,unavailable
7,valine,0.004469532371235688,0.008058908414640334,0.05471707948410297,protein/peptide,amino_acid,aliphatic/polar amino acid,unavailable,unavailable
7,tyrosine,0.004165336326157678,0.007510419699544233,0.050993039071194735,protein/peptide,amino_acid,aromatic amino acid,unavailable,unavailable
7,citrate,0.004150905631575007,0.007484400054457909,0.050816375072166006,cofactor/small-molecule,organic_acid,unavailable,unavailable,unavailable
7,isoleucine,0.004142402591733449,0.007469068423844792,0.05071227883385229,protein/peptide,amino_acid,aliphatic/polar amino acid,unavailable,unavailable
7,mannose,0.004081983485280938,0.007360128157849901,0.04997261374687441,carbohydrate,saccharide,monosaccharide,unavailable,unavailable
7,arachidic acid,0.003983402892074561,0.007182379815042517,0.0487657666528076,lipid,fatty_acid,saturated fatty acid,unavailable,unavailable
7,β-d-glucose,0.003269983899426054,0.005896030853790949,0.040031921479777854,carbohydrate,saccharide,monosaccharide,unavailable,unavailable
7,lauric acid,0.003000003818225285,0.005409236136254843,0.03672676104347411,lipid,fatty_acid,saturated fatty acid,unavailable,unavailable
7,(+)-glucose,0.002390708564422246,0.0043106302329898,0.02926762347324762,carbohydrate,saccharide,monosaccharide,unavailable,unavailable
7,(+)-galactosamine,0.002378651166238391,0.0042888898226712885,0.02912001393381496,carbohydrate,saccharide,monosaccharide,unavailable,unavailable
7,phosphoenolpyruvate,0.0019967644843308058,0.003600318952467868,0.0244448662467023,cofactor/small-molecule,organic_acid,unavailable,unavailable,unavailable
7,14-methylhexadecanoic acid,0.0019666144349538635,0.0035459561094578537,0.024075762163504516,lipid,fatty_acid,saturated fatty acid,unavailable,unavailable
7,cholesterol,0.0019185493045129102,0.0034592910062684807,0.02348733739234119,lipid,lipid,unavailable,unavailable,unavailable
7,hypoxanthine,0.0014407206105205052,0.0025977293566529142,0.017637644749497854,nucleic,purine,purine base/derivative,unavailable,unavailable
7,(+)-maltose,0.0013199839078894004,0.00238003185544414,0.01615955728848497,carbohydrate,saccharide,disaccharide,unavailable,unavailable
7,aspartic acid,0.001290116380852682,0.0023261784218031253,0.01579391191104476,cofactor/small-molecule,organic_acid,unavailable,unavailable,unavailable
7,arginine,0.0012683538145427217,0.0022869388517111383,0.015527489392612266,protein/peptide,amino_acid,aliphatic/polar amino acid,unavailable,unavailable
7,14-methylpentadecanoic acid,0.0008567250130287563,0.0015447406670468919,0.010488231595681099,lipid,fatty_acid,saturated fatty acid,unavailable,unavailable
8,melanin,0.6827449645901317,0.9999999999985354,16.37403894033853,unassigned,unknown,unavailable,unavailable,unavailable
8,myoglobin,0.3562953944473666,0.5218572276995663,8.544910567662326,protein/peptide,protein,unavailable,unavailable,unavailable
8,hemoglobin,0.31860099890190996,0.4666471602506907,7.640898773354394,protein/peptide,protein,unavailable,unavailable,unavailable
8,diethylstilbestrol,0.28549329484915537,0.4181551086504545,6.846888032154059,lipid,sterol,unavailable,unavailable,unavailable
8,horseradish peroxidase,0.27692488552616285,0.4056051672120379,6.641394802342156,protein/peptide,protein,unavailable,unavailable,unavailable
8,cytochrome c,0.2542129879120722,0.37233960130970734,6.0967031308842,protein/peptide,protein,unavailable,unavailable,unavailable
8,estriol,0.1529851205926919,0.22407359779549382,3.668989815810543,lipid,sterol,unavailable,unavailable,unavailable
8,estradiol,0.15297315191375185,0.22405606756156932,3.6687027750776298,lipid,sterol,unavailable,unavailable,unavailable
8,arachidonic acid,0.09629200694016443,0.1410365684612992,2.309338264000416,lipid,fatty_acid,unsaturated fatty acid,unavailable,unavailable
8,tryptophan,0.05355927651797983,0.07844697404696982,1.2844938077986912,protein/peptide,amino_acid,aromatic amino acid,unavailable,unavailable
8,estrone,0.05176031032000703,0.07581207186347275,1.241349816842064,lipid,sterol,unavailable,unavailable,unavailable
8,a-dna,0.048321419063425707,0.07077521119817186,1.1588760641712468,nucleic,nucleic_acid,unavailable,unavailable,unavailable
8,galactose,0.04579601688473036,0.06707631584241085,1.0983102075796902,carbohydrate,saccharide,disaccharide,unavailable,unavailable
8,aspartate,0.04125850965960519,0.06043033899827184,0.9894887239370103,cofactor/small-molecule,organic_acid,unavailable,unavailable,unavailable
8,alanine,0.04106618376377807,0.06014864392060503,0.9848762377659855,protein/peptide,amino_acid,aliphatic/polar amino acid,unavailable,unavailable
8,trilinolenin,0.04066447775006046,0.05956027485960702,0.9752422598498997,lipid,triglyceride,triacylglycerol,unavailable,unavailable
8,n-acetylglucosamine,0.040077822543830445,0.058701015199477055,0.9611727087150489,carbohydrate,saccharide,monosaccharide,unavailable,unavailable
8,chitin,0.03890553233233996,0.05698399014284772,0.9330580735762221,carbohydrate,polysaccharide,unavailable,unavailable,unavailable
8,b-dna,0.03812498297946734,0.05584073842609568,0.9143384254474879,nucleic,nucleic_acid,unavailable,unavailable,unavailable
8,glycogen,0.0381055382100529,0.055812258143672674,0.9138720881940611,carbohydrate,polysaccharide,unavailable,unavailable,unavailable
8,n-acetyl- d-glucosamine,0.03758938118299449,0.05505625545770997,0.9014932707750891,carbohydrate,saccharide,monosaccharide,unavailable,unavailable
8,ethinylestradiol,0.036293930970030856,0.05315884093230307,0.8704249314500669,lipid,sterol,unavailable,unavailable,unavailable
8,elastase,0.035457532700759145,0.05193378866147073,0.8503658778634787,protein/peptide,protein,unavailable,unavailable,unavailable
8,glutathione,0.03199004158038729,0.0468550384689323,0.7672062244424809,cofactor/small-molecule,cofactor,unavailable,unavailable,unavailable
8,asparagine,0.03189597637086424,0.046717263436670604,0.7649502906992183,protein/peptide,amino_acid,aliphatic/polar amino acid,unavailable,unavailable
8,urate,0.030965837776892626,0.045354911984501874,0.742643094970948,nucleic,purine,purine base/derivative,unavailable,unavailable
8,(+)-galactosamine,0.03087726053729221,0.045225175048758295,0.7405187773330792,carbohydrate,saccharide,monosaccharide,unavailable,unavailable
8,phenylalanine,0.02936210410508841,0.04300596214967647,0.7041812989065588,protein/peptide,amino_acid,aromatic amino acid,unavailable,unavailable
8,t-rna,0.029284148479026176,0.042891782433815924,0.7023117157928587,nucleic,nucleic_acid,unavailable,unavailable,unavailable
8,cellulose,0.028636904469828455,0.04194377982264276,0.686789084121944,carbohydrate,polysaccharide,unavailable,unavailable,unavailable
8,glucosamine,0.028383303839984633,0.04157233712735215,0.6807070669651423,carbohydrate,saccharide,monosaccharide,unavailable,unavailable
8,tricaproin,0.027756548071264053,0.04065434314537395,0.6656757977572128,lipid,triglyceride,triacylglycerol,unavailable,unavailable
8,carbonic anhydrase,0.027516279833485632,0.040302428081566324,0.6599135267987266,protein/peptide,protein,unavailable,unavailable,unavailable
8,pepsin,0.02706803305327993,0.039645891888034475,0.6491633776000787,protein/peptide,protein,unavailable,unavailable,unavailable
8,isoleucine,0.026167682244564918,0.0383271698828796,0.6275705721361597,protein/peptide,amino_acid,aliphatic/polar amino acid,unavailable,unavailable
8,glutamate,0.023634341158048088,0.034616646601270416,0.5668143194339693,protein/peptide,amino_acid,aliphatic/polar amino acid,unavailable,unavailable
8,ferritin,0.023318989456341505,0.034154758607859236,0.5592513474437688,protein/peptide,protein,unavailable,unavailable,unavailable
8,thaumatin,0.021268330686385634,0.031151208415169166,0.5100710996293282,protein/peptide,protein,unavailable,unavailable,unavailable
8,phosphatidylinositol,0.02114291090451013,0.03096750910081302,0.5070631999027428,lipid,lipid,unavailable,unavailable,unavailable
8,mannose,0.02011840712234773,0.029466943244899405,0.48249287614543496,carbohydrate,saccharide,monosaccharide,unavailable,unavailable
8,coenzyme a,0.019313891910600074,0.028288589315581966,0.463198463021262,cofactor/small-molecule,cofactor,unavailable,unavailable,unavailable
8,phosphoenolpyruvate,0.019075128939468656,0.02793887897934477,0.45747229235786685,cofactor/small-molecule,organic_acid,unavailable,unavailable,unavailable
8,albumin,0.019004946289687328,0.027836084153427074,0.4557891258754227,protein/peptide,protein,unavailable,unavailable,unavailable
8,insulin,0.01815993524892969,0.026598416964971602,0.43552351513644383,protein/peptide,protein,unavailable,unavailable,unavailable
8,riboﬂavin,0.01748007910368586,0.025602648148645043,0.4192187577623141,cofactor/small-molecule,cofactor,unavailable,unavailable,unavailable
8,proline,0.016446712648056833,0.02408910134973475,0.3944358835388959,protein/peptide,amino_acid,aliphatic/polar amino acid,unavailable,unavailable
8,papain,0.01607130782213242,0.02353925500096054,0.38543267801285086,protein/peptide,protein,unavailable,unavailable,unavailable
8,ergothioneine,0.01577000512739618,0.023097944247512978,0.37820663855109976,cofactor/small-molecule,cofactor,unavailable,unavailable,unavailable
8,acetyl-coa,0.015750580745938204,0.023069493826835603,0.3777407902550587,cofactor/small-molecule,cofactor,unavailable,unavailable,unavailable
8,trypsin,0.015614119108660547,0.022869621774524857,0.3744680774874324,protein/peptide,protein,unavailable,unavailable,unavailable
8,phosphate,0.015247360470007137,0.022332439286664185,0.3656722305131209,cofactor/small-molecule,organic_acid,unavailable,unavailable,unavailable
8,lectin,0.014822008802304457,0.021709437009441376,0.35547116696594017,protein/peptide,protein,unavailable,unavailable,unavailable
8,tricaprylin,0.01474797013351844,0.021600994365956843,0.3536955228987286,lipid,triglyceride,triacylglycerol,unavailable,unavailable
8,tricaprin,0.012520853006102834,0.018338989894419896,0.300283334658146,lipid,triglyceride,triacylglycerol,unavailable,unavailable
8,carotene,0.012451660480010273,0.01823764527866869,0.2986239139734396,lipid,carotenoid,unavailable,unavailable,unavailable
8,malic acid,0.01241365382510944,0.018181977852511112,0.2977124133698257,cofactor/small-molecule,organic_acid,unavailable,unavailable,unavailable
8,tripalmitin,0.01172935584563692,0.017179703189259193,0.2813011290048001,lipid,triglyceride,triacylglycerol,unavailable,unavailable
8,pepsinogen,0.011599544099146509,0.016989571070792162,0.2781878982932072,protein/peptide,protein,unavailable,unavailable,unavailable
8,hypoxanthine,0.011107064873254536,0.016268248686251548,0.26637693748018404,nucleic,purine,purine base/derivative,unavailable,unavailable
8,tyrosine,0.011034846910838938,0.016162472787254113,0.26464495879104827,protein/peptide,amino_acid,aromatic amino acid,unavailable,unavailable
8,trilaurin,0.01055220306772026,0.015455556049453322,0.2530698765987041,lipid,triglyceride,triacylglycerol,unavailable,unavailable
8,glutathione transferase,0.01034307532268482,0.015149251710525422,0.24805443742549665,protein/peptide,protein,unavailable,unavailable,unavailable
8,histidine,0.010163842997927375,0.01488673446901815,0.24375596989054,protein/peptide,amino_acid,aromatic amino acid,unavailable,unavailable
8,lactalbumin,0.009930429140740233,0.014544858850313404,0.238158085197108,protein/peptide,protein,unavailable,unavailable,unavailable
8,methionine,0.009875754117049745,0.014464777668428408,0.23684683280653282,protein/peptide,amino_acid,aliphatic/polar amino acid,unavailable,unavailable
8,β-carotene,0.00975045365125944,0.014281253113450045,0.2338417945968044,lipid,carotenoid,unavailable,unavailable,unavailable
8,leucine,0.009320253802692238,0.013651149823234158,0.2235244587863589,protein/peptide,amino_acid,aliphatic/polar amino acid,unavailable,unavailable
8,tribehenin,0.00928013931481495,0.013592395105209527,0.2225624067454936,lipid,triglyceride,triacylglycerol,unavailable,unavailable
8,(+)-trehalose,0.00889611080618811,0.01302991785741786,0.21335238238708487,carbohydrate,saccharide,disaccharide,unavailable,unavailable
8,arginine,0.008491171558715723,0.012436813157312324,0.20364086293184483,protein/peptide,amino_acid,aliphatic/polar amino acid,unavailable,unavailable
8,keratin,0.008461740341937425,0.012393705967505478,0.20293502412733794,protein/peptide,protein,unavailable,unavailable,unavailable
8,(+)-maltose,0.008136771815370956,0.011917732443832433,0.19514141511613395,carbohydrate,saccharide,disaccharide,unavailable,unavailable
8,guanine,0.007817393529878395,0.011449946810753729,0.18748187494436108,nucleic,purine,purine base/derivative,unavailable,unavailable
8,linoleic acid,0.007621412707055426,0.01116289845011099,0.18278173390942967,lipid,fatty_acid,unsaturated fatty acid,unavailable,unavailable
8,trimyristin,0.007406010952460555,0.01084740472146245,0.17761582731109835,lipid,triglyceride,triacylglycerol,unavailable,unavailable
8,xylanase,0.0071345572361296815,0.010449813043150423,0.17110564568805312,protein/peptide,protein,unavailable,unavailable,unavailable
8,gluth,0.006946049206269085,0.01017370990122028,0.1665847220905325,unassigned,unknown,unavailable,unavailable,unavailable
8,trypsin inhibitor,0.00690480516054603,0.01011330074719927,0.16559558025023813,protein/peptide,protein,unavailable,unavailable,unavailable
8,triosephosphate isomerase,0.006672451653345558,0.009772978197417273,0.16002312556782425,protein/peptide,protein,unavailable,unavailable,unavailable
8,collagen,0.006564994170431428,0.009615587826946388,0.1574460095128959,protein/peptide,protein,unavailable,unavailable,unavailable
8,serine,0.00647771349108333,0.009487749931575945,0.15535278683604628,protein/peptide,amino_acid,aliphatic/polar amino acid,unavailable,unavailable
8,stearate,0.005184287572683734,0.0075933003413483895,0.12433299547510647,lipid,lipid,unavailable,unavailable,unavailable
8,ure,0.004897639167765052,0.007173453370978796,0.11745840483328153,unassigned,unknown,unavailable,unavailable,unavailable
8,triarachidin,0.004388226313082474,0.006427328710817231,0.10524133059343133,lipid,triglyceride,triacylglycerol,unavailable,unavailable
8,glycine,0.004342017209051293,0.006359647356244585,0.10413311345812232,protein/peptide,amino_acid,aliphatic/polar amino acid,unavailable,unavailable
8,13-methylmyristicacid,0.004230698867028848,0.0061966020790244014,0.10146340373987683,lipid,fatty_acid,saturated fatty acid,unavailable,unavailable
8,(+)-xylose,0.0042110827041896655,0.006167870760806727,0.10099295601657271,carbohydrate,saccharide,monosaccharide,unavailable,unavailable
8,palmitic acid,0.004199389972395442,0.006150744699977812,0.10071253322966504,lipid,fatty_acid,saturated fatty acid,unavailable,unavailable
8,α-phosphatidylethanolamine,0.004028813641766736,0.00590090568325089,0.09662165944095652,lipid,phospholipid,unavailable,unavailable,unavailable
8,glucose,0.0038531787291714754,0.00564365748413683,0.09240946741132477,carbohydrate,saccharide,monosaccharide,unavailable,unavailable
8,12-methyltetradecanoic acid,0.0038457341553715363,0.005632753597347424,0.09223092674443374,lipid,fatty_acid,saturated fatty acid,unavailable,unavailable
8,arachidic acid,0.0035921002613370214,0.005261262180803025,0.08614811182392532,lipid,fatty_acid,saturated fatty acid,unavailable,unavailable
8,tristearin,0.003502052045938174,0.005129370742463712,0.083988516276657,lipid,triglyceride,triacylglycerol,unavailable,unavailable
8,glucose oxidase,0.00315157292570606,0.004616032470621602,0.07558309542393589,protein/peptide,protein,unavailable,unavailable,unavailable
8,15-methylpalmiticacid,0.0030007225496989577,0.00439508558147473,0.07196530245729303,lipid,fatty_acid,saturated fatty acid,unavailable,unavailable
8,α-chymotrypsinogen a (type ii),0.0028510725320342813,0.0041758968280955,0.06837629727417201,protein/peptide,protein,unavailable,unavailable,unavailable
8,trypsinogen,0.002530960525372148,0.0037070365314050145,0.06069916051857209,protein/peptide,protein,unavailable,unavailable,unavailable
8,amylose,0.0022392372067963516,0.0032797564580169993,0.05370285995847577,carbohydrate,polysaccharide,unavailable,unavailable,unavailable
8,amylopectin,0.001558956622979646,0.002283365976801077,0.037387923419239716,carbohydrate,polysaccharide,unavailable,unavailable,unavailable
8,(+)-fucose,0.0011890639040054946,0.0017415930774642575,0.028516912868665537,carbohydrate,saccharide,monosaccharide,unavailable,unavailable
8,14-methylhexadecanoic acid,0.0009637140215681796,0.0014115285671060334,0.02311242372322829,lipid,fatty_acid,saturated fatty acid,unavailable,unavailable
8,valine,0.0009262423216356696,0.001356644676523332,0.02221375276162854,protein/peptide,amino_acid,aliphatic/polar amino acid,unavailable,unavailable
8,α-linolenic acid,0.000723920330874841,0.0010603085609109802,0.017361533665156127,lipid,fatty_acid,unsaturated fatty acid,unavailable,unavailable
9,glycine,0.7107863006043631,0.9999999999985931,13.643331434102919,protein/peptide,amino_acid,aliphatic/polar amino acid,unavailable,unavailable
9,(+)-xylose,0.28593140403433637,0.40227478187299626,5.488368176682466,carbohydrate,saccharide,monosaccharide,unavailable,unavailable
9,proline,0.2504329099573792,0.3523322125709096,4.806985151022484,protein/peptide,amino_acid,aliphatic/polar amino acid,unavailable,unavailable
9,chitin,0.18827073002979353,0.264876700450539,3.613800613423386,carbohydrate,polysaccharide,unavailable,unavailable,unavailable
9,glucosamine,0.17993574161740045,0.2531502667737865,3.4538129922312,carbohydrate,saccharide,monosaccharide,unavailable,unavailable
9,gluth,0.16159030866971594,0.22734021256753623,3.1016778683626702,unassigned,unknown,unavailable,unavailable,unavailable
9,(-)-ribose,0.1540855517904049,0.2167818255067285,2.9576262942823237,carbohydrate,saccharide,monosaccharide,unavailable,unavailable
9,glutathione,0.15197249435367532,0.2138089805954944,2.9170667858561137,cofactor/small-molecule,cofactor,unavailable,unavailable,unavailable
9,(+)-maltose,0.09174201556405694,0.12907116454822218,1.7609606765195074,carbohydrate,saccharide,disaccharide,unavailable,unavailable
9,triosephosphate isomerase,0.09001401932517099,0.12664005939409323,1.7277923031505238,protein/peptide,protein,unavailable,unavailable,unavailable
9,trypsin inhibitor,0.08444137891585839,0.11879995273395293,1.6208271295073613,protein/peptide,protein,unavailable,unavailable,unavailable
9,acetyl-coa,0.0813730075244477,0.11448308367106101,1.561930654124619,cofactor/small-molecule,cofactor,unavailable,unavailable,unavailable
9,xanthine,0.07874848752126563,0.11079066585019584,1.5115537740012963,nucleic,purine,purine base/derivative,unavailable,unavailable
9,alb,0.07439597749658312,0.1046671516223955,1.428008639849854,protein/peptide,protein,unavailable,unavailable,unavailable
9,coenzyme a,0.07323448677340215,0.10303305889692829,1.4057141712022168,cofactor/small-molecule,cofactor,unavailable,unavailable,unavailable
9,isoleucine,0.07322085800160286,0.10301388467847798,1.405452570984909,protein/peptide,amino_acid,aliphatic/polar amino acid,unavailable,unavailable
9,albumin,0.06954048242810158,0.09783599144901257,1.3348088575248156,protein/peptide,protein,unavailable,unavailable,unavailable
9,lactalbumin,0.06792355354988872,0.09556114614482514,1.30377238907843,protein/peptide,protein,unavailable,unavailable,unavailable
9,(+)-trehalose,0.06364399163034967,0.08954026206772037,1.221627472088061,carbohydrate,saccharide,disaccharide,unavailable,unavailable
9,cellulose,0.06144660975907572,0.08644878173192536,1.1794493812447386,carbohydrate,polysaccharide,unavailable,unavailable,unavailable
9,galactose,0.05994627669708882,0.08433797422099121,1.1506509347794298,carbohydrate,saccharide,disaccharide,unavailable,unavailable
9,aspartate,0.056603880180806566,0.07963558123250002,1.0864946287039525,cofactor/small-molecule,organic_acid,unavailable,unavailable,unavailable
9,acetoacetate,0.05555306940974857,0.07815720331474466,1.0663246287871286,cofactor/small-molecule,organic_acid,unavailable,unavailable,unavailable
9,serine,0.054170616194567534,0.07621224009020919,1.0397888508876125,protein/peptide,amino_acid,aliphatic/polar amino acid,unavailable,unavailable
9,pepsin,0.05275122583149886,0.07421531026494413,1.0125440754308377,protein/peptide,protein,unavailable,unavailable,unavailable
9,myristic acid,0.05133783479562919,0.07222682084883424,0.9854144552736065,lipid,fatty_acid,saturated fatty acid,unavailable,unavailable
9,acetyl coenzyme a,0.05100755561480834,0.07176215350713172,0.9790748447241466,protein/peptide,protein,unavailable,unavailable,unavailable
9,n-acetylglucosamine,0.05074593669514451,0.07139408378006887,0.9740531474469614,carbohydrate,saccharide,monosaccharide,unavailable,unavailable
9,tricaprylin,0.0477154607625451,0.06713052955847174,0.9158840641143611,lipid,triglyceride,triacylglycerol,unavailable,unavailable
9,palmitoleic acid,0.047281542021745684,0.06652005248480014,0.9075551230653266,lipid,fatty_acid,unsaturated fatty acid,unavailable,unavailable
9,tricaprin,0.046754036484457445,0.06577790883791362,0.8974298113191258,lipid,triglyceride,triacylglycerol,unavailable,unavailable
9,glutamate,0.04595065387661653,0.06464763577671832,0.8820091213341783,protein/peptide,amino_acid,aliphatic/polar amino acid,unavailable,unavailable
9,palmitic acid,0.04561428946581016,0.06417440716986433,0.8755527066067615,lipid,fatty_acid,saturated fatty acid,unavailable,unavailable
9,urate,0.04553007168105496,0.06405592179010466,0.8739361713006025,nucleic,purine,purine base/derivative,unavailable,unavailable
9,(+)-galactosamine,0.04453290369192548,0.06265301350630655,0.8547958286130696,carbohydrate,saccharide,monosaccharide,unavailable,unavailable
9,valine,0.04327160451253222,0.060878501000481616,0.8305855663621055,protein/peptide,amino_acid,aliphatic/polar amino acid,unavailable,unavailable
9,oleate,0.043101300939808934,0.06063890216102981,0.8273166399842333,lipid,lipid,unavailable,unavailable,unavailable
9,glucose,0.04206674115683101,0.05918338763845557,0.807458572945575,carbohydrate,saccharide,monosaccharide,unavailable,unavailable
9,vaccenic acid,0.040716854122473424,0.057284241533349274,0.7815478931917877,lipid,fatty_acid,saturated fatty acid,unavailable,unavailable
9,glutathione transferase,0.04065684377634338,0.05719981342031595,0.7803960124633165,protein/peptide,protein,unavailable,unavailable,unavailable
9,keratin,0.040147816266094295,0.0564836663732843,0.7706253809450959,protein/peptide,protein,unavailable,unavailable,unavailable
9,triolein,0.03930938739072345,0.05530408697697803,0.7545319882884277,lipid,lipid,unavailable,unavailable,unavailable
9,lauric acid,0.038874376673439306,0.05469207360964997,0.7461820870758579,lipid,fatty_acid,saturated fatty acid,unavailable,unavailable
9,(+)-galactose,0.036555367300955946,0.05142947644013741,0.7016693925561693,carbohydrate,saccharide,disaccharide,unavailable,unavailable
9,cholesterol,0.03642825692516291,0.0512506457906373,0.6992295467344601,lipid,lipid,unavailable,unavailable,unavailable
9,trilaurin,0.035719313918764393,0.05025323910765154,0.6856215967838769,lipid,triglyceride,triacylglycerol,unavailable,unavailable
9,thaumatin,0.03563330482729193,0.050132233551692995,0.6839706778785644,protein/peptide,protein,unavailable,unavailable,unavailable
9,(+)-fucose,0.03382880723014914,0.047593499201289885,0.649333883712824,carbohydrate,saccharide,monosaccharide,unavailable,unavailable
9,phosphate,0.03376221397987399,0.0474998096490033,0.6480556460990636,cofactor/small-molecule,organic_acid,unavailable,unavailable,unavailable
9,n-acetyl- d-glucosamine,0.03266332169748666,0.04595378620784888,0.6269627358864718,carbohydrate,saccharide,monosaccharide,unavailable,unavailable
9,cytochrome c,0.03202457977267812,0.04505514490839708,0.6147022747976607,protein/peptide,protein,unavailable,unavailable,unavailable
9,tripalmitolein,0.030524583020964415,0.042944810549903976,0.5859102837079239,lipid,triglyceride,triacylglycerol,unavailable,unavailable
9,histidine,0.030501487253095604,0.04291231728455947,0.5854669673194519,protein/peptide,amino_acid,aromatic amino acid,unavailable,unavailable
9,glycogen,0.03030422805988159,0.042634794781599,0.5816806358311349,carbohydrate,polysaccharide,unavailable,unavailable,unavailable
9,(+)-mannose,0.030232984064535944,0.04253456213039994,0.5803131285503056,carbohydrate,saccharide,monosaccharide,unavailable,unavailable
9,phosphatidylinositol,0.02998521477042645,0.04218597733930524,0.5755572707125064,lipid,lipid,unavailable,unavailable,unavailable
9,phosphoenolpyruvate,0.02974588271337819,0.04184926283475665,0.5709633631282738,cofactor/small-molecule,organic_acid,unavailable,unavailable,unavailable
9,ferritin,0.027585714341842853,0.03881013789707065,0.5294995743337179,protein/peptide,protein,unavailable,unavailable,unavailable
9,ubiquitin,0.027200520014528867,0.038268210841096266,0.5221058838959414,protein/peptide,protein,unavailable,unavailable,unavailable
9,α-phosphatidylethanolamine,0.026234346986577745,0.03690890913940583,0.5035604802608125,lipid,phospholipid,unavailable,unavailable,unavailable
9,elastin,0.02622181064139073,0.03689127184789313,0.5033198488471045,protein/peptide,protein,unavailable,unavailable,unavailable
9,tyrosine,0.025385304804582787,0.035714397960347026,0.48726336834314926,protein/peptide,amino_acid,aromatic amino acid,unavailable,unavailable
9,trypsin,0.02475730262810749,0.03483086633355507,0.4752090535262975,protein/peptide,protein,unavailable,unavailable,unavailable
9,lactose,0.02470860701249343,0.03476235683137053,0.47427435568160714,carbohydrate,saccharide,disaccharide,unavailable,unavailable
9,papain,0.024697520473991357,0.03474675926218183,0.4740615528755991,protein/peptide,protein,unavailable,unavailable,unavailable
9,horseradish peroxidase,0.02404332221498336,0.03382637256022819,0.46150441205328696,protein/peptide,protein,unavailable,unavailable,unavailable
9,cholesteryl oleate,0.02240941252922169,0.03152763708323588,0.43014200206130615,lipid,sterol,unavailable,unavailable,unavailable
9,elaidic acid,0.021662663785958852,0.030477041788100272,0.41580838224664163,lipid,fatty_acid,saturated fatty acid,unavailable,unavailable
9,α-chymotrypsinogen a (type ii),0.02060479030680351,0.02898872739845268,0.3955028157505064,protein/peptide,protein,unavailable,unavailable,unavailable
9,melanin,0.020586870732131394,0.02896351648111106,0.39515885484945645,unassigned,unknown,unavailable,unavailable,unavailable
9,major proteinase,0.020486961305307732,0.028822954645945455,0.3932411231453037,protein/peptide,protein,unavailable,unavailable,unavailable
9,tricaproin,0.01988491644857879,0.02797594218071337,0.3816850513533095,lipid,triglyceride,triacylglycerol,unavailable,unavailable
9,trypsinogen,0.019005276855888955,0.026738383730387776,0.3648006312464188,protein/peptide,protein,unavailable,unavailable,unavailable
9,arginine,0.01862923411718955,0.02620933197688727,0.35758260282760795,protein/peptide,amino_acid,aliphatic/polar amino acid,unavailable,unavailable
9,trimyristin,0.0182024120858174,0.02560883921132801,0.3493898810032904,lipid,triglyceride,triacylglycerol,unavailable,unavailable
9,12-methyltetradecanoic acid,0.017554831521516375,0.024697762895212333,0.3369597648607452,lipid,fatty_acid,saturated fatty acid,unavailable,unavailable
9,14-methylpentadecanoic acid,0.016193128996407485,0.0227819936633783,0.31082229027953995,lipid,fatty_acid,saturated fatty acid,unavailable,unavailable
9,superoxide dismutases,0.015593579753692155,0.021938492259081812,0.29931412105557553,protein/peptide,protein,unavailable,unavailable,unavailable
9,creatinine,0.015371136915204761,0.02162553907146699,0.29504439699358154,cofactor/small-molecule,small_nitrogenous,unavailable,unavailable,unavailable
9,adenine,0.014729382322809638,0.02072265927222416,0.282726108647338,nucleic,purine,purine base/derivative,unavailable,unavailable
9,xylanase,0.014207653079601347,0.019988642250843836,0.2727116711463591,protein/peptide,protein,unavailable,unavailable,unavailable
9,citrate,0.013401528713569848,0.01885451183028714,0.25723835392918376,cofactor/small-molecule,organic_acid,unavailable,unavailable,unavailable
9,trielaidin,0.013246188995804844,0.018635965527927758,0.2542566542923929,lipid,triglyceride,triacylglycerol,unavailable,unavailable
9,insulin,0.012879559659404492,0.018120157420641363,0.24721931332827737,protein/peptide,protein,unavailable,unavailable,unavailable
9,hypoxanthine,0.011896678326249306,0.016737348927683516,0.22835319874893453,nucleic,purine,purine base/derivative,unavailable,unavailable
9,arachidic acid,0.011375784452747962,0.016004507181778017,0.21835479592078513,lipid,fatty_acid,saturated fatty acid,unavailable,unavailable
9,amylose,0.011337255663870355,0.01595030131308754,0.21761524728856643,carbohydrate,polysaccharide,unavailable,unavailable,unavailable
9,ergothioneine,0.010651666277910423,0.014985750666323482,0.2044555631297676,cofactor/small-molecule,cofactor,unavailable,unavailable,unavailable
9,cholesteryl linoleate,0.010454452709464157,0.014708292352512,0.20067010739528485,lipid,sterol,unavailable,unavailable,unavailable
9,ethinylestradiol,0.009130757173766164,0.012845994873550141,0.17526216566087818,lipid,sterol,unavailable,unavailable,unavailable
9,elastase,0.007734770278144339,0.010881991213894786,0.1484666127943714,protein/peptide,protein,unavailable,unavailable,unavailable
9,tri-11-eicosenoin,0.007458693966504345,0.010493581488770842,0.14316741018226914,lipid,triglyceride,triacylglycerol,unavailable,unavailable
9,estradiol,0.006782174556469432,0.009541791324190104,0.1301818215111565,lipid,sterol,unavailable,unavailable,unavailable
9,phenylalanine,0.006276744055437819,0.008830704882876943,0.12048023351401066,protein/peptide,amino_acid,aromatic amino acid,unavailable,unavailable
9,estriol,0.0062458628708053415,0.008787258372151883,0.11988747836853249,lipid,sterol,unavailable,unavailable,unavailable
9,carbonic anhydrase,0.005921433013422311,0.008330820400420127,0.11366014384107768,protein/peptide,protein,unavailable,unavailable,unavailable
9,mannose,0.0055644014093963285,0.00782851527197026,0.10680702849257688,carbohydrate,saccharide,monosaccharide,unavailable,unavailable
9,lectin,0.004836899099649303,0.0068049976420899065,0.09284283823945208,protein/peptide,protein,unavailable,unavailable,unavailable
9,stearate,0.0040236018937460875,0.005660775806060504,0.07723184049634321,lipid,lipid,unavailable,unavailable,unavailable
9,tripetroselinin,0.0034991186592772967,0.004922884214703019,0.06716454095300126,lipid,triglyceride,triacylglycerol,unavailable,unavailable
9,leucine,0.0032395191186258454,0.004557655537067624,0.062181605054775414,protein/peptide,amino_acid,aliphatic/polar amino acid,unavailable,unavailable
9,tripalmitin,0.002615024802055068,0.0036790590924837764,0.05019462256447668,lipid,triglyceride,triacylglycerol,unavailable,unavailable
9,amylopectin,0.0007026520052661786,0.0009885559199266267,0.013487196056722451,carbohydrate,polysaccharide,unavailable,unavailable,unavailable
10,(-)-arabinose,0.3533201865806604,0.9999999999971698,6.195761071270508,carbohydrate,saccharide,monosaccharide,unavailable,unavailable
10,(+)-dextrose,0.34656009619497014,0.9808669568187046,6.077217307170099,carbohydrate,saccharide,monosaccharide,unavailable,unavailable
10,β-d-glucose,0.329012908603478,0.9312032572682784,5.769512890839423,carbohydrate,saccharide,monosaccharide,unavailable,unavailable
10,(+)-glucose,0.2877788652368767,0.8144987922176488,5.046439909433237,carbohydrate,saccharide,monosaccharide,unavailable,unavailable
10,(+)-arabinose,0.28360362606438794,0.8026816378883596,4.973223644666423,carbohydrate,saccharide,monosaccharide,unavailable,unavailable
10,proline,0.27669154270319296,0.7831184099050713,4.8520145582988325,protein/peptide,amino_acid,aliphatic/polar amino acid,unavailable,unavailable
10,glucose,0.2376284721606684,0.6725584361870222,4.167011377093916,carbohydrate,saccharide,monosaccharide,unavailable,unavailable
10,(+)-raffinose pentahydrate,0.21594785935222896,0.6111959280942995,3.786823938216426,carbohydrate,saccharide,trisaccharide,unavailable,unavailable
10,(+)-trehalose,0.18038038286338576,0.5105295132116537,3.163118883700399,carbohydrate,saccharide,disaccharide,unavailable,unavailable
10,glycerol,0.17861295074654712,0.5055271607167726,3.132125502847754,carbohydrate,polyol,unavailable,unavailable,unavailable
10,leucine,0.1453669234632768,0.4114311295646256,2.549128976072574,protein/peptide,amino_acid,aliphatic/polar amino acid,unavailable,unavailable
10,14-methylhexadecanoic acid,0.1368575461252583,0.38734709004130846,2.399910021554643,lipid,fatty_acid,saturated fatty acid,unavailable,unavailable
10,(+)-sucrose,0.1267549085534141,0.3587536556565192,2.2227519338989365,carbohydrate,saccharide,disaccharide,unavailable,unavailable
10,(+)-maltose,0.1264435020563738,0.3578722837200524,2.21729116396565,carbohydrate,saccharide,disaccharide,unavailable,unavailable
10,hydroxyproline,0.10210013518652715,0.2889733988152117,1.790410135017083,protein/peptide,amino_acid,aliphatic/polar amino acid,unavailable,unavailable
10,lactose,0.10037107724361694,0.2840796565141032,1.7600896769749592,carbohydrate,saccharide,disaccharide,unavailable,unavailable
10,(+)-xylose,0.08854147026552556,0.25059839100096704,1.5526477554912113,carbohydrate,saccharide,monosaccharide,unavailable,unavailable
10,tricaproin,0.0800367242789182,0.2265274595637062,1.403510015542587,lipid,triglyceride,triacylglycerol,unavailable,unavailable
10,mannose,0.06840730578627918,0.19361278631745737,1.1995785643693126,carbohydrate,saccharide,monosaccharide,unavailable,unavailable
10,linoleic acid,0.06444788033630407,0.18240644826957458,1.1301467713405462,lipid,fatty_acid,unsaturated fatty acid,unavailable,unavailable
10,tricaprylin,0.05825571163634429,0.16488079042401407,1.0215619827123086,lipid,triglyceride,triacylglycerol,unavailable,unavailable
10,arginine,0.058242537187115105,0.16484350285956256,1.0213309578720369,protein/peptide,amino_acid,aliphatic/polar amino acid,unavailable,unavailable
10,oleate,0.05602439950663107,0.15856552111743707,0.9824340829879187,lipid,lipid,unavailable,unavailable,unavailable
10,fructose-6-phosphate,0.055883505858026886,0.1581667506708138,0.97996339657835,carbohydrate,saccharide,monosaccharide,unavailable,unavailable
10,phosphate,0.05383799761308302,0.15237736098228802,0.9440937213196657,cofactor/small-molecule,organic_acid,unavailable,unavailable,unavailable
10,(-)-ribose,0.051654282103092274,0.1461968041023713,0.905800467604196,carbohydrate,saccharide,monosaccharide,unavailable,unavailable
10,trilinolein,0.051362094277664534,0.14536982665663112,0.9006767129390459,lipid,triglyceride,triacylglycerol,unavailable,unavailable
10,creatinine,0.050794043716927105,0.14376207656956913,0.8907154775372672,cofactor/small-molecule,small_nitrogenous,unavailable,unavailable,unavailable
10,tubulin,0.05045281862702687,0.14279630924899353,0.8847318139685229,protein/peptide,protein,unavailable,unavailable,unavailable
10,palmitoleic acid,0.048147510089745826,0.1362716083549272,0.8443063261672682,lipid,fatty_acid,unsaturated fatty acid,unavailable,unavailable
10,(+)-lactose,0.04776033422321303,0.1351757868274943,0.8375168778065202,carbohydrate,saccharide,disaccharide,unavailable,unavailable
10,triolein,0.04655295516736428,0.1317585491442189,0.8163444895971438,lipid,lipid,unavailable,unavailable,unavailable
10,12-methyltetradecanoic acid,0.04596328975607076,0.13008962267557161,0.8060042199518568,lipid,fatty_acid,saturated fatty acid,unavailable,unavailable
10,cellulose,0.04521914081359254,0.1279834623973328,0.7929549540900517,carbohydrate,polysaccharide,unavailable,unavailable,unavailable
10,lactate,0.043968421623546104,0.1244435593927889,0.7710225608583627,cofactor/small-molecule,organic_acid,unavailable,unavailable,unavailable
10,phosphoenolpyruvate,0.042296081227851626,0.11971034442459187,0.7416966918163699,cofactor/small-molecule,organic_acid,unavailable,unavailable,unavailable
10,α-phosphatidylcholine,0.041767831738910056,0.11821524307175853,0.7324334010568551,lipid,phospholipid,unavailable,unavailable,unavailable
10,riboflavin,0.0387467005407058,0.10966455360384723,0.6794553721188975,cofactor/small-molecule,cofactor,unavailable,unavailable,unavailable
10,amylose,0.036974877482856286,0.10464977345502037,0.648384992491728,carbohydrate,polysaccharide,unavailable,unavailable,unavailable
10,b-dna,0.036246466839169336,0.10258815718923535,0.635611710688243,nucleic,nucleic_acid,unavailable,unavailable,unavailable
10,(+)-galactose,0.03612348895068198,0.10224009361076519,0.6334551919184244,carbohydrate,saccharide,disaccharide,unavailable,unavailable
10,chitin,0.035019817614099905,0.09911637926186259,0.6141014041576697,carbohydrate,polysaccharide,unavailable,unavailable,unavailable
10,α-phosphatidylethanolamine,0.03475545464669873,0.09836815434451818,0.6094655813422194,lipid,phospholipid,unavailable,unavailable,unavailable
10,histidine,0.03474216499696263,0.0983305407287645,0.6092325363659824,protein/peptide,amino_acid,aromatic amino acid,unavailable,unavailable
10,13-methylmyristicacid,0.033235191658793094,0.0940653631493305,0.5828065151571947,lipid,fatty_acid,saturated fatty acid,unavailable,unavailable
10,alanine,0.03146949637199214,0.08906792639406358,0.5518435910526879,protein/peptide,amino_acid,aliphatic/polar amino acid,unavailable,unavailable
10,glycogen,0.03077745908105388,0.08710925740989471,0.539708146009035,carbohydrate,polysaccharide,unavailable,unavailable,unavailable
10,collagen,0.030248952570728526,0.08561342861098399,0.5304403481674326,protein/peptide,protein,unavailable,unavailable,unavailable
10,elastase,0.02936136619869566,0.08310129823819047,0.5148757885976781,protein/peptide,protein,unavailable,unavailable,unavailable
10,2-deoxy-d-ribose,0.028985601651016556,0.08203777409790686,0.5082864471309338,carbohydrate,saccharide,monosaccharide,unavailable,unavailable
10,estrone,0.028661213743925832,0.08111966095461565,0.5025980374586922,lipid,sterol,unavailable,unavailable,unavailable
10,vaccenic acid,0.027360319254763576,0.07743774710262692,0.4797857789467043,lipid,fatty_acid,saturated fatty acid,unavailable,unavailable
10,glutamate,0.026277007498782725,0.07437165635230272,0.46078901323480925,protein/peptide,amino_acid,aliphatic/polar amino acid,unavailable,unavailable
10,glucose oxidase,0.0260698649964219,0.07378538217316535,0.4571565984986087,protein/peptide,protein,unavailable,unavailable,unavailable
10,xylanase,0.02441612308929326,0.06910480639534627,0.4281568693031834,protein/peptide,protein,unavailable,unavailable,unavailable
10,arachidonic acid,0.023660737942505873,0.06696684435560077,0.4149105673254366,lipid,fatty_acid,unsaturated fatty acid,unavailable,unavailable
10,ceramide,0.022143159270102207,0.06267165056244081,0.3882985728281381,lipid,phospholipid,unavailable,unavailable,unavailable
10,estradiol,0.021944417754584774,0.062109153645861434,0.38481347632967605,lipid,sterol,unavailable,unavailable,unavailable
10,estriol,0.021803306019540242,0.061709765950497146,0.3823389655943865,lipid,sterol,unavailable,unavailable,unavailable
10,trierucin,0.020777983862711808,0.0588078028140335,0.3643590953631722,lipid,triglyceride,triacylglycerol,unavailable,unavailable
10,coenzyme a,0.02056101031448171,0.05819370388487438,0.3605542851239684,cofactor/small-molecule,cofactor,unavailable,unavailable,unavailable
10,sphingomyelin,0.02002329567943938,0.0566718133859344,0.35112501521587297,lipid,phospholipid,unavailable,unavailable,unavailable
10,pepsin,0.019842689949706588,0.056160646074833,0.34795794468883595,protein/peptide,protein,unavailable,unavailable,unavailable
10,serine,0.019023025270515616,0.05384075406095983,0.3335844480596885,protein/peptide,amino_acid,aliphatic/polar amino acid,unavailable,unavailable
10,elastin,0.0176233446822205,0.04987924650647535,0.3090398937700001,protein/peptide,protein,unavailable,unavailable,unavailable
10,arachidic acid,0.015346953522311609,0.043436390291740595,0.26912149604684027,lipid,fatty_acid,saturated fatty acid,unavailable,unavailable
10,tripalmitolein,0.015306665136522244,0.043322362315645735,0.26841500595151396,lipid,triglyceride,triacylglycerol,unavailable,unavailable
10,pepsinogen,0.014384975839149466,0.04071371063828183,0.25225242344035237,protein/peptide,protein,unavailable,unavailable,unavailable
10,lectin,0.013896053243811346,0.03932991595598983,0.2436787622171522,protein/peptide,protein,unavailable,unavailable,unavailable
10,myristic acid,0.013819596655322727,0.03911352133323042,0.24233803283742342,lipid,fatty_acid,saturated fatty acid,unavailable,unavailable
10,glutathione,0.013445560794790447,0.038054889885785995,0.23577900532650592,cofactor/small-molecule,cofactor,unavailable,unavailable,unavailable
10,pyruvate,0.013393742426251479,0.03790822866883061,0.23487032746782605,cofactor/small-molecule,organic_acid,unavailable,unavailable,unavailable
10,tricaprin,0.01286105216395481,0.036400558621867266,0.22552916408250354,lipid,triglyceride,triacylglycerol,unavailable,unavailable
10,amylopectin,0.012749018365473114,0.03608347003554671,0.22356455896322888,carbohydrate,polysaccharide,unavailable,unavailable,unavailable
10,papain,0.012552052934862418,0.03552599996140145,0.22011060757943154,protein/peptide,protein,unavailable,unavailable,unavailable
10,diethylstilbestrol,0.011489143834454422,0.032517654724488886,0.20147161927157395,lipid,sterol,unavailable,unavailable,unavailable
10,tripetroselinin,0.010722353923988596,0.03034741385066719,0.18802532535023134,lipid,triglyceride,triacylglycerol,unavailable,unavailable
10,α-linolenic acid,0.010529950071896587,0.029802854384780177,0.18465136501048718,lipid,fatty_acid,unsaturated fatty acid,unavailable,unavailable
10,trypsinogen,0.01051319737267885,0.029755439320897702,0.18435759260349152,protein/peptide,protein,unavailable,unavailable,unavailable
10,phosphatidylinositol,0.01043617054978519,0.029537430767129835,0.18300686369284874,lipid,lipid,unavailable,unavailable,unavailable
10,cholesterol,0.010022603170643211,0.02836691350021904,0.17575461837725237,lipid,lipid,unavailable,unavailable,unavailable
10,ferritin,0.009791793204308738,0.027713653440080564,0.1717071751272191,protein/peptide,protein,unavailable,unavailable,unavailable
10,horseradish peroxidase,0.009196795393757277,0.02602963471387075,0.16127339746004826,protein/peptide,protein,unavailable,unavailable,unavailable
10,albumin,0.008690528660626648,0.02459675102265369,0.15239559246632212,protein/peptide,protein,unavailable,unavailable,unavailable
10,lauric acid,0.00821671149518843,0.02325570914779691,0.14408681742311732,lipid,fatty_acid,saturated fatty acid,unavailable,unavailable
10,insulin,0.008185542073265202,0.023167490520311203,0.1435402358851789,protein/peptide,protein,unavailable,unavailable,unavailable
10,myoglobin,0.008074177382449926,0.022852295705396382,0.14158736412105782,protein/peptide,protein,unavailable,unavailable,unavailable
10,tri-11-eicosenoin,0.007800010695224128,0.022076323378770114,0.13677962498735,lipid,triglyceride,triacylglycerol,unavailable,unavailable
10,guanine,0.00769367888417258,0.021775373093194026,0.13491500892358463,nucleic,purine,purine base/derivative,unavailable,unavailable
10,hypoxanthine,0.007062757771555549,0.0199896808611109,0.12385128650674256,nucleic,purine,purine base/derivative,unavailable,unavailable
10,glutathione transferase,0.006438147745611449,0.018221850859697332,0.11289823420332927,protein/peptide,protein,unavailable,unavailable,unavailable
10,acetyl-coa,0.006314297411856195,0.017871318004630387,0.11072641638569805,cofactor/small-molecule,cofactor,unavailable,unavailable,unavailable
10,hemoglobin,0.006007658346593824,0.017003439301663894,0.10534924730325829,protein/peptide,protein,unavailable,unavailable,unavailable
10,(+)-mannose,0.00579457716039705,0.01640035690136768,0.10161269284472406,carbohydrate,saccharide,monosaccharide,unavailable,unavailable
10,trypsin inhibitor,0.005498210182714815,0.01556155122612575,0.09641565329568463,protein/peptide,protein,unavailable,unavailable,unavailable
10,14-methylpentadecanoic acid,0.0053011700187413115,0.015003869634593013,0.09296039140069214,lipid,fatty_acid,saturated fatty acid,unavailable,unavailable
10,thaumatin,0.005182866751179425,0.014669036607625434,0.09088584596682488,protein/peptide,protein,unavailable,unavailable,unavailable
10,phenylalanine,0.004969357955909312,0.014064743947939641,0.08714179303027852,protein/peptide,amino_acid,aromatic amino acid,unavailable,unavailable
10,citrate,0.004689044030449024,0.01327137312989412,0.08222625700073613,cofactor/small-molecule,organic_acid,unavailable,unavailable,unavailable
10,carbonic anhydrase,0.004089482197506295,0.011574436878548184,0.07171244543418953,protein/peptide,protein,unavailable,unavailable,unavailable
10,trypsin,0.003309223108657017,0.0093660742701215,0.058029958353611355,protein/peptide,protein,unavailable,unavailable,unavailable
10,keratin,0.003075675046432065,0.008705064593645024,0.0539345003323537,protein/peptide,protein,unavailable,unavailable,unavailable
10,trilinolenin,0.0028517850880820737,0.008071390190503482,0.050008405133497656,lipid,triglyceride,triacylglycerol,unavailable,unavailable
10,palmitic acid,0.0028100131044184688,0.007953163196264221,0.04927589892501465,lipid,fatty_acid,saturated fatty acid,unavailable,unavailable
10,major proteinase,0.0027161586911860765,0.007687527614724358,0.04763008432976099,protein/peptide,protein,unavailable,unavailable,unavailable
10,adenine,0.0010880801364540008,0.003079586668910922,0.019080383198895906,nucleic,purine,purine base/derivative,unavailable,unavailable
10,cholesteryl linoleate,0.0007027737400746276,0.0019890562916144066,0.012323717540185096,lipid,sterol,unavailable,unavailable,unavailable
10,ure,0.0006824225804656665,0.0019314565269197917,0.01196684316037485,unassigned,unknown,unavailable,unavailable,unavailable
11,hydroxyproline,0.6139010013992005,0.9999999999983711,9.140950656627524,protein/peptide,amino_acid,aliphatic/polar amino acid,unavailable,unavailable
11,alanine,0.48216333183204546,0.7854089352066791,7.179384322010312,protein/peptide,amino_acid,aliphatic/polar amino acid,unavailable,unavailable
11,serine,0.44572694003517077,0.7260567078707248,6.636848540570531,protein/peptide,amino_acid,aliphatic/polar amino acid,unavailable,unavailable
11,(+)-arabinose,0.2682016813110487,0.43688099660910756,3.993507632828614,carbohydrate,saccharide,monosaccharide,unavailable,unavailable
11,(+)-sucrose,0.22868734130437476,0.37251501591100045,3.4051413793008187,carbohydrate,saccharide,disaccharide,unavailable,unavailable
11,glycerol,0.21300150574910132,0.34696393272414,3.1715801886659616,carbohydrate,polyol,unavailable,unavailable,unavailable
11,glucosamine,0.18617787088923746,0.3032701860146806,2.7721778059909608,carbohydrate,saccharide,monosaccharide,unavailable,unavailable
11,(-)-arabinose,0.1770959519893774,0.28847640187172296,2.6369485551151666,carbohydrate,saccharide,monosaccharide,unavailable,unavailable
11,tyrosine,0.17378282561410802,0.28307956041404053,2.5876162936487694,protein/peptide,amino_acid,aromatic amino acid,unavailable,unavailable
11,(+)-lactose,0.1608359671536871,0.26199007134187513,2.3948383146663064,carbohydrate,saccharide,disaccharide,unavailable,unavailable
11,leucine,0.15629652351952675,0.25459564842383675,2.3272462596381716,protein/peptide,amino_acid,aliphatic/polar amino acid,unavailable,unavailable
11,histidine,0.13741428968641112,0.223837865344727,2.046090882204318,protein/peptide,amino_acid,aromatic amino acid,unavailable,unavailable
11,glucose oxidase,0.13707964910163198,0.22329276021537245,2.041108103114206,protein/peptide,protein,unavailable,unavailable,unavailable
11,insulin,0.13333229240598327,0.21718858920554895,1.985310177113702,protein/peptide,protein,unavailable,unavailable,unavailable
11,lactate,0.11420770678573205,0.18603603272391528,1.700546195486823,cofactor/small-molecule,organic_acid,unavailable,unavailable,unavailable
11,amylose,0.11006127922549697,0.17928180435357902,1.6388061272298846,carbohydrate,polysaccharide,unavailable,unavailable,unavailable
11,glutamate,0.10511467400007928,0.17122414487080354,1.565151459489807,protein/peptide,amino_acid,aliphatic/polar amino acid,unavailable,unavailable
11,tricaproin,0.10217871257115856,0.16644167762897738,1.5214351624152658,lipid,triglyceride,triacylglycerol,unavailable,unavailable
11,isoleucine,0.09404722790036026,0.1531960815927243,1.400357822630058,protein/peptide,amino_acid,aliphatic/polar amino acid,unavailable,unavailable
11,xylanase,0.08851791051634973,0.14418922646233825,1.3180266043116726,protein/peptide,protein,unavailable,unavailable,unavailable
11,amylopectin,0.0880993099892694,0.14350735670463208,1.3117936665022236,carbohydrate,polysaccharide,unavailable,unavailable,unavailable
11,valine,0.08744456818935513,0.1424408300196765,1.3020445987010523,protein/peptide,amino_acid,aliphatic/polar amino acid,unavailable,unavailable
11,malic acid,0.07932160450616145,0.1292091140513581,1.1810941359319462,cofactor/small-molecule,organic_acid,unavailable,unavailable,unavailable
11,glutathione transferase,0.07699359746239585,0.12541696020496299,1.1464302447396517,protein/peptide,protein,unavailable,unavailable,unavailable
11,glycogen,0.07562186035813458,0.12318250041237006,1.1260051580313084,carbohydrate,polysaccharide,unavailable,unavailable,unavailable
11,major proteinase,0.07457623230053696,0.12147924849518353,1.1104358163004748,protein/peptide,protein,unavailable,unavailable,unavailable
11,phenylalanine,0.07321728410425998,0.11926562090184607,1.090201155697595,protein/peptide,amino_acid,aromatic amino acid,unavailable,unavailable
11,phosphatidylinositol,0.06723606869355826,0.10952265681307669,1.001141201712715,lipid,lipid,unavailable,unavailable,unavailable
11,papain,0.06344518629338071,0.10334758560203254,0.9446951804713074,protein/peptide,protein,unavailable,unavailable,unavailable
11,triolein,0.06289849439171184,0.10245706432837122,0.9365549694500788,lipid,lipid,unavailable,unavailable,unavailable
11,tri-11-eicosenoin,0.06115990771817956,0.09962503331756185,0.9106675137221893,lipid,triglyceride,triacylglycerol,unavailable,unavailable
11,(+)-mannose,0.05973759729732766,0.09730819327721682,0.889489393234062,carbohydrate,saccharide,monosaccharide,unavailable,unavailable
11,oleate,0.059674274867640556,0.09720504565318187,0.8885465258924087,lipid,lipid,unavailable,unavailable,unavailable
11,alb,0.058784121816704955,0.09575505119331731,0.8752921980823818,protein/peptide,protein,unavailable,unavailable,unavailable
11,tubulin,0.05842673234017778,0.0951728897768804,0.869970689300531,protein/peptide,protein,unavailable,unavailable,unavailable
11,tricaprylin,0.05550921941904156,0.09042047381000319,0.8265290894474667,lipid,triglyceride,triacylglycerol,unavailable,unavailable
11,trypsinogen,0.05432513909917505,0.08849169324576592,0.808898201482283,protein/peptide,protein,unavailable,unavailable,unavailable
11,tryptophan,0.05218917194245822,0.08501235838257941,0.7770937731799594,protein/peptide,amino_acid,aromatic amino acid,unavailable,unavailable
11,hypoxanthine,0.0493162011460331,0.08033249829133932,0.7343154030059437,nucleic,purine,purine base/derivative,unavailable,unavailable
11,ferritin,0.04855152824574339,0.07908690185389154,0.722929467433144,protein/peptide,protein,unavailable,unavailable,unavailable
11,vaccenic acid,0.047963070875903846,0.07812834767577916,0.7141673709893002,lipid,fatty_acid,saturated fatty acid,unavailable,unavailable
11,13-methylmyristicacid,0.04403238146484133,0.07172554103090106,0.6556396313844474,lipid,fatty_acid,saturated fatty acid,unavailable,unavailable
11,cholesteryl oleate,0.04222395416499384,0.06877974472869146,0.6287122527414297,lipid,sterol,unavailable,unavailable,unavailable
11,α-phosphatidylethanolamine,0.04182605195969619,0.0681315910290068,0.622787511754692,lipid,phospholipid,unavailable,unavailable,unavailable
11,trypsin,0.041705448616562814,0.0679351369706842,0.620991734901268,protein/peptide,protein,unavailable,unavailable,unavailable
11,t-rna,0.041516404345303536,0.06762719762732412,0.6181768765583746,nucleic,nucleic_acid,unavailable,unavailable,unavailable
11,lactose,0.041082665879566736,0.06692066927055729,0.6117185357116504,carbohydrate,saccharide,disaccharide,unavailable,unavailable
11,trilinolenin,0.038160643352136064,0.06216090748361435,0.5682097880798329,lipid,triglyceride,triacylglycerol,unavailable,unavailable
11,albumin,0.035272051968679406,0.05745560259427831,0.5251988282619539,protein/peptide,protein,unavailable,unavailable,unavailable
11,proline,0.03335804551142812,0.05433782553757735,0.49669938202823855,protein/peptide,amino_acid,aliphatic/polar amino acid,unavailable,unavailable
11,palmitoleic acid,0.03253257364248959,0.05299319201025654,0.484408153303732,lipid,fatty_acid,unsaturated fatty acid,unavailable,unavailable
11,stearate,0.03249745138573149,0.05293598041314562,0.4838851849175534,lipid,lipid,unavailable,unavailable,unavailable
11,ergothioneine,0.03207322435956341,0.052244945498394715,0.4775684688597983,cofactor/small-molecule,cofactor,unavailable,unavailable,unavailable
11,pepsinogen,0.029666259672353066,0.04832417540399761,0.4417289028908751,protein/peptide,protein,unavailable,unavailable,unavailable
11,cholesteryl stearate,0.0283502294772587,0.046180458107409506,0.42213328886097234,lipid,sterol,unavailable,unavailable,unavailable
11,tripalmitolein,0.027982801931427572,0.04558194540749032,0.4166623138036372,lipid,triglyceride,triacylglycerol,unavailable,unavailable
11,keratin,0.027259976376785754,0.04440451524693808,0.40589948280438665,protein/peptide,protein,unavailable,unavailable,unavailable
11,elastase,0.02717652802814052,0.04426858396737524,0.40465694168520855,protein/peptide,protein,unavailable,unavailable,unavailable
11,collagen,0.026632269534961988,0.043382026538836806,0.3965529639766589,protein/peptide,protein,unavailable,unavailable,unavailable
11,(+)-maltose,0.026310156247398717,0.04285732746385797,0.39175671562269143,carbohydrate,saccharide,disaccharide,unavailable,unavailable
11,guanine,0.025482534891407446,0.04150919257874846,0.3794334811594071,nucleic,purine,purine base/derivative,unavailable,unavailable
11,cholesterol,0.02405806885235513,0.0391888411934219,0.3582232636400652,lipid,lipid,unavailable,unavailable,unavailable
11,lactalbumin,0.024057858508555168,0.03918849855869825,0.35822013163296307,protein/peptide,protein,unavailable,unavailable,unavailable
11,arginine,0.022224634259635334,0.03620230983325462,0.33092352784226087,protein/peptide,amino_acid,aliphatic/polar amino acid,unavailable,unavailable
11,pyruvate,0.021583430489256275,0.03515783561197695,0.32137604052342666,cofactor/small-molecule,organic_acid,unavailable,unavailable,unavailable
11,(+)-glucose,0.021508103623783845,0.03503513363673888,0.32025442782230296,carbohydrate,saccharide,monosaccharide,unavailable,unavailable
11,cholesteryl palmitate,0.020790987308820476,0.03386700341162481,0.30957660707400264,lipid,sterol,unavailable,unavailable,unavailable
11,adenine,0.020759712230903133,0.033816058588524656,0.3091109229598328,nucleic,purine,purine base/derivative,unavailable,unavailable
11,n-acetylglucosamine,0.02042758098559168,0.03327504099032247,0.3041655077902914,carbohydrate,saccharide,monosaccharide,unavailable,unavailable
11,trilinolein,0.019412360543465314,0.0316213208631182,0.28904893370762075,lipid,triglyceride,triacylglycerol,unavailable,unavailable
11,a-dna,0.01909605355445012,0.031106079825404052,0.28433914080559847,nucleic,nucleic_acid,unavailable,unavailable,unavailable
11,trilaurin,0.018782818791416887,0.030595843219959853,0.27967509317202033,lipid,triglyceride,triacylglycerol,unavailable,unavailable
11,(+)-trehalose,0.01837867636420095,0.02993752465345783,0.2736574356392738,carbohydrate,saccharide,disaccharide,unavailable,unavailable
11,glutathione,0.017378307774094916,0.028307997111029378,0.25876200478029554,cofactor/small-molecule,cofactor,unavailable,unavailable,unavailable
11,mannose,0.016301764711671492,0.026554386903572445,0.24273234040294725,carbohydrate,saccharide,monosaccharide,unavailable,unavailable
11,tribehenin,0.016240202681489846,0.026454106842062147,0.24181568530883654,lipid,triglyceride,triacylglycerol,unavailable,unavailable
11,n-acetyl- d-glucosamine,0.015762847043970317,0.02567652929058273,0.23470788727905037,carbohydrate,saccharide,monosaccharide,unavailable,unavailable
11,trimyristin,0.015191588383058693,0.02474599055614724,0.22620187862348107,lipid,triglyceride,triacylglycerol,unavailable,unavailable
11,triarachidin,0.014775532168907196,0.024068265298813327,0.2200068254874315,lipid,triglyceride,triacylglycerol,unavailable,unavailable
11,glycine,0.01471197595745671,0.023964736861320106,0.21906047714874666,protein/peptide,amino_acid,aliphatic/polar amino acid,unavailable,unavailable
11,2-deoxy-d-ribose,0.014602938546098902,0.02378712286311989,0.21743691635526952,carbohydrate,saccharide,monosaccharide,unavailable,unavailable
11,tristearin,0.014254641817568723,0.023219772870636125,0.21225079806892896,lipid,triglyceride,triacylglycerol,unavailable,unavailable
11,cytochrome c,0.012883183455301539,0.020985767128441326,0.1918298618128705,protein/peptide,protein,unavailable,unavailable,unavailable
11,phosphoenolpyruvate,0.01270452554678502,0.020694746413197285,0.18916965581476394,cofactor/small-molecule,organic_acid,unavailable,unavailable,unavailable
11,tripalmitin,0.012201964768221048,0.019876111523503805,0.1816865546822699,lipid,triglyceride,triacylglycerol,unavailable,unavailable
11,pepsin,0.012100786209225388,0.019711299023174124,0.18018001174915846,protein/peptide,protein,unavailable,unavailable,unavailable
11,arachidonic acid,0.011906243322219073,0.019394402835413237,0.1772832793335581,lipid,fatty_acid,unsaturated fatty acid,unavailable,unavailable
11,phosphate,0.009188867977781732,0.014967996398154649,0.136821716504333,cofactor/small-molecule,organic_acid,unavailable,unavailable,unavailable
11,b-dna,0.00867765671775312,0.014135270504463924,0.12920981019959765,nucleic,nucleic_acid,unavailable,unavailable,unavailable
11,α-phosphatidylcholine,0.008622718392349106,0.014045779975406783,0.12839178168924947,lipid,phospholipid,unavailable,unavailable,unavailable
11,tricaprin,0.008589986058941087,0.013992461389293774,0.12790439912450852,lipid,triglyceride,triacylglycerol,unavailable,unavailable
11,glucose,0.008055354757061574,0.013121585953905798,0.11994376974154507,carbohydrate,saccharide,monosaccharide,unavailable,unavailable
11,riboflavin,0.006561600635590009,0.010688369330924938,0.09770185665395494,cofactor/small-molecule,cofactor,unavailable,unavailable,unavailable
11,elastin,0.006229289648398815,0.010147058946297366,0.09275376513814619,protein/peptide,protein,unavailable,unavailable,unavailable
11,acetyl-coa,0.006117375972335501,0.00996475972246802,0.09108737692837791,cofactor/small-molecule,cofactor,unavailable,unavailable,unavailable
11,acetyl coenzyme a,0.005098687763644526,0.00830539085620534,0.0759191680007021,protein/peptide,protein,unavailable,unavailable,unavailable
11,coenzyme a,0.005075613729199478,0.00826780493536074,0.07557559695287715,cofactor/small-molecule,cofactor,unavailable,unavailable,unavailable
11,cholesteryl linoleate,0.005057370533212784,0.0082380880983706,0.07530395681227878,lipid,sterol,unavailable,unavailable,unavailable
11,lectin,0.004857388875103655,0.007912332548773831,0.0723262414072873,protein/peptide,protein,unavailable,unavailable,unavailable
11,α-chymotrypsinogen a (type ii),0.00406979662140686,0.0066294021546216214,0.06059903797843514,protein/peptide,protein,unavailable,unavailable,unavailable
11,superoxide dismutases,0.0038747738425674787,0.006311724258031506,0.057695160000998946,protein/peptide,protein,unavailable,unavailable,unavailable
11,horseradish peroxidase,0.003672286956972214,0.005981887875400711,0.05468014190260542,protein/peptide,protein,unavailable,unavailable,unavailable
11,trypsin inhibitor,0.0036121666695222575,0.005883956307749196,0.05378495427497529,protein/peptide,protein,unavailable,unavailable,unavailable
11,creatinine,0.0023146375290011793,0.0037703758810001893,0.0344648198852174,cofactor/small-molecule,small_nitrogenous,unavailable,unavailable,unavailable
11,aspartate,0.0018440508215339995,0.00300382442336475,0.027457810835194527,cofactor/small-molecule,organic_acid,unavailable,unavailable,unavailable
11,ubiquitin,0.001781763885464415,0.00290236354298254,0.02653036193404125,protein/peptide,protein,unavailable,unavailable,unavailable
11,thaumatin,0.0015503503420164178,0.0025254077424215642,0.023084627561378232,protein/peptide,protein,unavailable,unavailable,unavailable
11,palmitic acid,0.0010509942707018622,0.0017119930873296,0.01564924433579278,lipid,fatty_acid,saturated fatty acid,unavailable,unavailable
12,(+)-dextrose,0.5744437802451804,0.9999999999982592,7.271698489472676,carbohydrate,saccharide,monosaccharide,unavailable,unavailable
12,β-d-glucose,0.5000273192097643,0.8704547536322448,6.329684517152924,carbohydrate,saccharide,monosaccharide,unavailable,unavailable
12,(+)-glucose,0.37237254388944324,0.6482314835576449,4.713743899822964,carbohydrate,saccharide,monosaccharide,unavailable,unavailable
12,glucose,0.3617472918919151,0.6297348919625986,4.579242262660639,carbohydrate,saccharide,monosaccharide,unavailable,unavailable
12,valine,0.3365299771077028,0.5858362274607298,4.260024410311976,protein/peptide,amino_acid,aliphatic/polar amino acid,unavailable,unavailable
12,(-)-ribose,0.3328762524838265,0.5794757710513829,4.213773089047691,carbohydrate,saccharide,monosaccharide,unavailable,unavailable
12,(+)-trehalose,0.3022194008566664,0.5261078825279455,3.8256978946847893,carbohydrate,saccharide,disaccharide,unavailable,unavailable
12,(+)-galactosamine,0.2899455164924729,0.5047413279820272,3.6703267522677296,carbohydrate,saccharide,monosaccharide,unavailable,unavailable
12,(+)-maltose,0.2567518426539202,0.44695730284326185,3.250138743949787,carbohydrate,saccharide,disaccharide,unavailable,unavailable
12,alanine,0.22160098631722186,0.3857661862441156,2.8051753938058543,protein/peptide,amino_acid,aliphatic/polar amino acid,unavailable,unavailable
12,urea,0.19257589577807263,0.33523889090685843,2.4377561366241416,cofactor/small-molecule,small_nitrogenous,unavailable,unavailable,unavailable
12,galactose,0.1923750709573554,0.33488929216869967,2.4352139600079465,carbohydrate,saccharide,disaccharide,unavailable,unavailable
12,(+)-sucrose,0.18656909685589051,0.32478216889376976,2.361718006956597,carbohydrate,saccharide,disaccharide,unavailable,unavailable
12,leucine,0.17042096678380958,0.29667127166173674,2.1573040380163446,protein/peptide,amino_acid,aliphatic/polar amino acid,unavailable,unavailable
12,isoleucine,0.15873646192617172,0.2763307174431317,2.0093936606296197,protein/peptide,amino_acid,aliphatic/polar amino acid,unavailable,unavailable
12,(+)-fucose,0.15865124497524138,0.27618237054851685,2.0083149267401295,carbohydrate,saccharide,monosaccharide,unavailable,unavailable
12,cytosine,0.15035745121480454,0.2617444150067535,1.903326467235832,nucleic,pyrimidine,pyrimidine base,unavailable,unavailable
12,fructose-6-phosphate,0.14347833660759948,0.24976915329488156,1.8162459747344213,carbohydrate,saccharide,monosaccharide,unavailable,unavailable
12,β-carotene,0.14252662361586513,0.2481123976218956,1.8041985470097233,lipid,carotenoid,unavailable,unavailable,unavailable
12,asparagine,0.1260069896928346,0.21935478113947682,1.5950818306733197,protein/peptide,amino_acid,aliphatic/polar amino acid,unavailable,unavailable
12,adenine,0.12374640053277837,0.2154195149954384,1.566465761797993,nucleic,purine,purine base/derivative,unavailable,unavailable
12,(+)-xylose,0.11520785807610756,0.2005554974008679,1.4583791075078714,carbohydrate,saccharide,monosaccharide,unavailable,unavailable
12,glucosamine,0.10393545241946929,0.18093233140226064,1.3156853609568788,carbohydrate,saccharide,monosaccharide,unavailable,unavailable
12,14-methylhexadecanoic acid,0.1027522995911603,0.17887268193090256,1.3007082110071349,lipid,fatty_acid,saturated fatty acid,unavailable,unavailable
12,methionine,0.10025632034985574,0.17452764534571244,1.2691124150338493,protein/peptide,amino_acid,aliphatic/polar amino acid,unavailable,unavailable
12,carotene,0.09988112499018427,0.1738744998638157,1.264362938019727,lipid,carotenoid,unavailable,unavailable,unavailable
12,2-deoxy-d-ribose,0.09945583931357115,0.17313415643729124,1.2589793838433685,carbohydrate,saccharide,monosaccharide,unavailable,unavailable
12,(+)-raffinose pentahydrate,0.09684040731785219,0.1685811747780624,1.2258714739892995,carbohydrate,saccharide,trisaccharide,unavailable,unavailable
12,mannose,0.0950014547929323,0.16537989975662895,1.202592767251515,carbohydrate,saccharide,monosaccharide,unavailable,unavailable
12,aspartate,0.0945397739518248,0.16457619910395646,1.1967484984294778,cofactor/small-molecule,organic_acid,unavailable,unavailable,unavailable
12,glutamate,0.08435682215752015,0.1468495700682296,1.067845796846716,protein/peptide,amino_acid,aliphatic/polar amino acid,unavailable,unavailable
12,tubulin,0.07848499953933334,0.13662781674770377,0.9935162886659566,protein/peptide,protein,unavailable,unavailable,unavailable
12,elastin,0.06968253771056525,0.12130436451188051,0.88208876418902,protein/peptide,protein,unavailable,unavailable,unavailable
12,(+)-mannose,0.06456230561616429,0.11239099079198983,0.8172733979738727,carbohydrate,saccharide,monosaccharide,unavailable,unavailable
12,alb,0.06324236611101168,0.11009322110495981,0.8005647096115113,protein/peptide,protein,unavailable,unavailable,unavailable
12,chitin,0.059691824250727714,0.10391238673547222,0.7556195456631494,carbohydrate,polysaccharide,unavailable,unavailable,unavailable
12,hypoxanthine,0.058345668842237026,0.10156898002661416,0.7385789986380964,nucleic,purine,purine base/derivative,unavailable,unavailable
12,phosphatidylinositol,0.05776856844762438,0.10056435535409124,0.7312736709244118,lipid,lipid,unavailable,unavailable,unavailable
12,pyruvate,0.05672450056374148,0.09874682695568912,0.7180571524151544,cofactor/small-molecule,organic_acid,unavailable,unavailable,unavailable
12,glutathione,0.05443409470828164,0.09475965547917269,0.6890636436120509,cofactor/small-molecule,cofactor,unavailable,unavailable,unavailable
12,ferritin,0.053660999365865526,0.0934138399807704,0.6792772790851929,protein/peptide,protein,unavailable,unavailable,unavailable
12,xanthine,0.053354838945033144,0.09288087151394989,0.6754016930900708,nucleic,purine,purine base/derivative,unavailable,unavailable
12,cysteine,0.046337082861406816,0.08066426072460713,0.5865661828665769,protein/peptide,amino_acid,aliphatic/polar amino acid,unavailable,unavailable
12,malic acid,0.045826583961388584,0.07977557689239738,0.5801039419862671,cofactor/small-molecule,organic_acid,unavailable,unavailable,unavailable
12,cholesterol,0.04426612750242744,0.07705911183067732,0.5603506271002178,lipid,lipid,unavailable,unavailable,unavailable
12,uracil,0.04174216049150964,0.07266535373334682,0.5284005429806956,nucleic,pyrimidine,pyrimidine base,unavailable,unavailable
12,13-methylmyristicacid,0.041257539407747214,0.07182171837610657,0.5222658810277753,lipid,fatty_acid,saturated fatty acid,unavailable,unavailable
12,tryptophan,0.03842699380061303,0.06689426384622874,0.4864349173658549,protein/peptide,amino_acid,aromatic amino acid,unavailable,unavailable
12,gluth,0.03780457008286988,0.06581073968051071,0.4785558563266824,unassigned,unknown,unavailable,unavailable,unavailable
12,estriol,0.03526709322290782,0.061393463443531325,0.4464347553865999,lipid,sterol,unavailable,unavailable,unavailable
12,estradiol,0.034791454746067235,0.06056546513769756,0.4404138013567721,lipid,sterol,unavailable,unavailable,unavailable
12,ure,0.03476217835330671,0.06051450037183661,0.44004320094584404,unassigned,unknown,unavailable,unavailable,unavailable
12,lactalbumin,0.03382756860719108,0.05888751827497223,0.42821227768965564,protein/peptide,protein,unavailable,unavailable,unavailable
12,glucose oxidase,0.030291562272083728,0.052731987556906175,0.38345111426511413,protein/peptide,protein,unavailable,unavailable,unavailable
12,albumin,0.030173145326564833,0.05252584563389998,0.38195211235497034,protein/peptide,protein,unavailable,unavailable,unavailable
12,major proteinase,0.029105531763516917,0.05066732857833993,0.3684375366893716,protein/peptide,protein,unavailable,unavailable,unavailable
12,glutathione transferase,0.027248860169244354,0.047435207945965986,0.3449345299691036,protein/peptide,protein,unavailable,unavailable,unavailable
12,n-acetylglucosamine,0.027092366603296173,0.047162781694120914,0.3429535284050657,carbohydrate,saccharide,monosaccharide,unavailable,unavailable
12,n-acetyl- d-glucosamine,0.027029778927920106,0.0470538281680696,0.3421612512142543,carbohydrate,saccharide,monosaccharide,unavailable,unavailable
12,insulin,0.026190169837308316,0.045592224579547896,0.3315329106073746,protein/peptide,protein,unavailable,unavailable,unavailable
12,triosephosphate isomerase,0.025244880180936295,0.04394665074120481,0.3195667938127586,protein/peptide,protein,unavailable,unavailable,unavailable
12,cholesteryl palmitate,0.023689718463379316,0.0412394028415226,0.2998805033499771,lipid,sterol,unavailable,unavailable,unavailable
12,lauric acid,0.019315203655108085,0.03362418450562816,0.2445049316797525,lipid,fatty_acid,saturated fatty acid,unavailable,unavailable
12,arginine,0.017376624717512144,0.030249478391193158,0.21996508632495856,protein/peptide,amino_acid,aliphatic/polar amino acid,unavailable,unavailable
12,phosphate,0.015188867729780458,0.02644099954093193,0.19227097642227717,cofactor/small-molecule,organic_acid,unavailable,unavailable,unavailable
12,phosphoenolpyruvate,0.015052179446002331,0.026203050609324475,0.19054068353573259,cofactor/small-molecule,organic_acid,unavailable,unavailable,unavailable
12,trypsin inhibitor,0.01447569691952698,0.02519950153054727,0.18324317721546396,protein/peptide,protein,unavailable,unavailable,unavailable
12,glycogen,0.014196314775426247,0.024713149073251964,0.1797065687863922,carbohydrate,polysaccharide,unavailable,unavailable,unavailable
12,elastase,0.013649561261074786,0.02376135268663751,0.1727853924395503,protein/peptide,protein,unavailable,unavailable,unavailable
12,tricaproin,0.013582238488698585,0.02364415623558124,0.17193317518343137,lipid,triglyceride,triacylglycerol,unavailable,unavailable
12,ethinylestradiol,0.010839145466643614,0.01886894042441969,0.13720924558244144,lipid,sterol,unavailable,unavailable,unavailable
12,trypsinogen,0.010616221977966854,0.018480872007034747,0.13438732905792636,protein/peptide,protein,unavailable,unavailable,unavailable
12,coenzyme a,0.009630913224182604,0.016765632347964902,0.12191462341996287,cofactor/small-molecule,cofactor,unavailable,unavailable,unavailable
12,cholesteryl stearate,0.009333555773652651,0.016247988218538487,0.11815047138592184,lipid,sterol,unavailable,unavailable,unavailable
12,pepsinogen,0.00895978369969438,0.015597320412895107,0.11341901128646813,protein/peptide,protein,unavailable,unavailable,unavailable
12,superoxide dismutases,0.008582615694372376,0.014940740921059775,0.1086445631874621,protein/peptide,protein,unavailable,unavailable,unavailable
12,carbonic anhydrase,0.007412973785011853,0.012904611451855204,0.09383844360185063,protein/peptide,protein,unavailable,unavailable,unavailable
12,serine,0.006910828851403752,0.012030470324601803,0.08748195288720508,protein/peptide,amino_acid,aliphatic/polar amino acid,unavailable,unavailable
12,histidine,0.006689279739205839,0.011644794441571148,0.08467743415114014,protein/peptide,amino_acid,aromatic amino acid,unavailable,unavailable
12,cytochrome c,0.006273400054818685,0.010920825101683915,0.07941294739584846,protein/peptide,protein,unavailable,unavailable,unavailable
12,tricaprin,0.006105918647608129,0.010629271057633196,0.0772928542941215,lipid,triglyceride,triacylglycerol,unavailable,unavailable
12,trierucin,0.005656537375393361,0.009846981671503567,0.07160428174666228,lipid,triglyceride,triacylglycerol,unavailable,unavailable
12,papain,0.005506303974097879,0.009585453204381688,0.06970252558733468,protein/peptide,protein,unavailable,unavailable,unavailable
12,pepsin,0.004593997715921575,0.007997297340312045,0.05815393498951219,protein/peptide,protein,unavailable,unavailable,unavailable
12,hemoglobin,0.004590138431914316,0.00799057904316971,0.058105081558330364,protein/peptide,protein,unavailable,unavailable,unavailable
12,trypsin,0.004520794451388558,0.007869864043877631,0.05722727848031992,protein/peptide,protein,unavailable,unavailable,unavailable
12,α-chymotrypsinogen a (type ii),0.003343815817103234,0.005820962698334426,0.042328285660828927,protein/peptide,protein,unavailable,unavailable,unavailable
12,acetyl-coa,0.003198736859000141,0.005568407160104177,0.04049177793496887,cofactor/small-molecule,cofactor,unavailable,unavailable,unavailable
12,cellulose,0.0030831602080808305,0.005367209662814225,0.039028730397837295,carbohydrate,polysaccharide,unavailable,unavailable,unavailable
12,proline,0.0027586573104353288,0.004802310348374029,0.034920952906311226,protein/peptide,amino_acid,aliphatic/polar amino acid,unavailable,unavailable
12,thaumatin,0.002622137833341012,0.004564655277871202,0.03319279688911728,protein/peptide,protein,unavailable,unavailable,unavailable
12,glycine,0.0022143142680666507,0.003854710146078519,0.028030289946642962,protein/peptide,amino_acid,aliphatic/polar amino acid,unavailable,unavailable
12,ascorbate,0.0015616768382651933,0.0027185895155761456,0.019768763273945725,cofactor/small-molecule,organic_acid,unavailable,unavailable,unavailable
12,horseradish peroxidase,0.0013873591148385767,0.0024151347138688106,0.017562131450743427,protein/peptide,protein,unavailable,unavailable,unavailable
12,citrate,0.001170335219925904,0.002037336394214856,0.014814895980385667,cofactor/small-molecule,organic_acid,unavailable,unavailable,unavailable
12,lectin,0.0011515414542027944,0.002004619936365742,0.014576991763262956,protein/peptide,protein,unavailable,unavailable,unavailable
12,aspartic acid,0.0008914911585812956,0.0015519206391254566,0.011285098967329698,cofactor/small-molecule,organic_acid,unavailable,unavailable,unavailable
13,thymine,0.8585121116010501,0.9999999999988353,18.659917594749988,nucleic,pyrimidine,pyrimidine base,unavailable,unavailable
13,cytochrome c,0.1839944853034943,0.21431786787509186,3.9991537536363886,protein/peptide,protein,unavailable,unavailable,unavailable
13,hemoglobin,0.16306849356177558,0.18994314856837272,3.5443234999773177,protein/peptide,protein,unavailable,unavailable,unavailable
13,b-dna,0.13627406153838706,0.1587328352119449,2.961941624639371,nucleic,nucleic_acid,unavailable,unavailable,unavailable
13,cholesteryl linoleate,0.12381566044506448,0.14422121571938556,2.6911560007415307,lipid,sterol,unavailable,unavailable,unavailable
13,myoglobin,0.11899806153822642,0.13860964793631952,2.5864446083320427,protein/peptide,protein,unavailable,unavailable,unavailable
13,trielaidin,0.11802404301055988,0.1374751053777423,2.56527413768123,lipid,triglyceride,triacylglycerol,unavailable,unavailable
13,cholesterol,0.11340805923634656,0.1320983800970709,2.464944887014176,lipid,lipid,unavailable,unavailable,unavailable
13,horseradish peroxidase,0.10754753990337682,0.12527201241539246,2.3375654286024434,protein/peptide,protein,unavailable,unavailable,unavailable
13,malic acid,0.10753062653748913,0.12525231162648207,2.3371978135048237,cofactor/small-molecule,organic_acid,unavailable,unavailable,unavailable
13,a-dna,0.1034993455792489,0.12055665165411715,2.2495771853674267,nucleic,nucleic_acid,unavailable,unavailable,unavailable
13,riboflavin,0.0933065355443366,0.10868400606512048,2.0280345970448184,cofactor/small-molecule,cofactor,unavailable,unavailable,unavailable
13,cholesteryl oleate,0.08715131115229094,0.10151436418253884,1.8942496703318208,lipid,sterol,unavailable,unavailable,unavailable
13,acetyl-coa,0.08369126362982222,0.09748408030452575,1.8190449052845594,cofactor/small-molecule,cofactor,unavailable,unavailable,unavailable
13,riboﬂavin,0.07474192975462512,0.0870598431222489,1.6245294984749183,cofactor/small-molecule,cofactor,unavailable,unavailable,unavailable
13,cholesteryl palmitate,0.07275337819835148,0.08474356647408042,1.5813079670934003,lipid,sterol,unavailable,unavailable,unavailable
13,elaidic acid,0.07116087812416001,0.08288861294148582,1.5466946870330545,lipid,fatty_acid,saturated fatty acid,unavailable,unavailable
13,phosphoenolpyruvate,0.07088167096679138,0.08256339078841962,1.540626068456845,cofactor/small-molecule,organic_acid,unavailable,unavailable,unavailable
13,2-deoxy-d-ribose,0.07069650859919921,0.08234771256432719,1.5366015305682936,carbohydrate,saccharide,monosaccharide,unavailable,unavailable
13,β-carotene,0.06931674777870468,0.0807405589763367,1.5066121770542493,lipid,carotenoid,unavailable,unavailable,unavailable
13,ascorbate,0.06651807882146805,0.0774806527741818,1.4457825959553534,cofactor/small-molecule,organic_acid,unavailable,unavailable,unavailable
13,chitin,0.06491958676625334,0.0756187197465489,1.4110390790927398,carbohydrate,polysaccharide,unavailable,unavailable,unavailable
13,tryptophan,0.06485340562626525,0.07554163156212644,1.4096006199238862,protein/peptide,amino_acid,aromatic amino acid,unavailable,unavailable
13,alanine,0.06440348309466153,0.07501755912852485,1.399821471499189,protein/peptide,amino_acid,aliphatic/polar amino acid,unavailable,unavailable
13,galactose,0.06437754182896348,0.07498734258836488,1.3992576333498048,carbohydrate,saccharide,disaccharide,unavailable,unavailable
13,pyruvate,0.06357824755542893,0.07405631987740627,1.381884826284456,cofactor/small-molecule,organic_acid,unavailable,unavailable,unavailable
13,guanine,0.06190283985882492,0.07210479505444534,1.3454695339038536,nucleic,purine,purine base/derivative,unavailable,unavailable
13,coenzyme a,0.06006199094333718,0.0699605633183868,1.305458346404907,cofactor/small-molecule,cofactor,unavailable,unavailable,unavailable
13,(+)-galactose,0.05843695089630226,0.06806770703240794,1.270137804089796,carbohydrate,saccharide,disaccharide,unavailable,unavailable
13,cholesteryl stearate,0.05164601180366273,0.06015758089572816,1.1225355022151011,lipid,sterol,unavailable,unavailable,unavailable
13,isoleucine,0.0493280545875866,0.057457610581097836,1.0721542786357694,protein/peptide,amino_acid,aliphatic/polar amino acid,unavailable,unavailable
13,glucosamine,0.04833186900411268,0.05629724770442862,1.0505020029770897,carbohydrate,saccharide,monosaccharide,unavailable,unavailable
13,(+)-raffinose pentahydrate,0.03996132609307873,0.0465471896704029,0.8685667235179277,carbohydrate,saccharide,trisaccharide,unavailable,unavailable
13,α-chymotrypsinogen a (type ii),0.03852329513032601,0.04487216267507113,0.8373108578160188,protein/peptide,protein,unavailable,unavailable,unavailable
13,carotene,0.03688937699102124,0.04296896513455448,0.8017973485434059,lipid,carotenoid,unavailable,unavailable,unavailable
13,succinic acid,0.03622026927281258,0.042189584495462444,0.787254170042988,cofactor/small-molecule,organic_acid,unavailable,unavailable,unavailable
13,hypoxanthine,0.033811770777986264,0.03938415116228341,0.7349050152282414,nucleic,purine,purine base/derivative,unavailable,unavailable
13,acetyl coenzyme a,0.03381121907962586,0.03938350854076072,0.7348930239635834,protein/peptide,protein,unavailable,unavailable,unavailable
13,phosphate,0.032983396339733025,0.03841925570296667,0.7169001454698217,cofactor/small-molecule,organic_acid,unavailable,unavailable,unavailable
13,proline,0.03252101208293644,0.03788066777794166,0.706850139171316,protein/peptide,amino_acid,aliphatic/polar amino acid,unavailable,unavailable
13,t-rna,0.03241423773870006,0.03775629638842553,0.7045293792917975,nucleic,nucleic_acid,unavailable,unavailable,unavailable
13,tyrosine,0.03186845517424934,0.03712056561995419,0.6926666955396616,protein/peptide,amino_acid,aromatic amino acid,unavailable,unavailable
13,(+)-trehalose,0.03102989816345938,0.036143809439747085,0.6744405057068129,carbohydrate,saccharide,disaccharide,unavailable,unavailable
13,sphingomyelin,0.029886908163789375,0.0348124479082981,0.6495974092411257,lipid,phospholipid,unavailable,unavailable,unavailable
13,gluth,0.028849781764130635,0.033604396926089616,0.6270552774628324,unassigned,unknown,unavailable,unavailable,unavailable
13,glutathione,0.027690198926749267,0.03225370795885128,0.6018515326379978,cofactor/small-molecule,cofactor,unavailable,unavailable,unavailable
13,aspartate,0.027358821249921787,0.03186771727526139,0.5946489782898607,cofactor/small-molecule,organic_acid,unavailable,unavailable,unavailable
13,superoxide dismutases,0.02730970153294665,0.03181050233756706,0.5935813522672947,protein/peptide,protein,unavailable,unavailable,unavailable
13,urate,0.02658479306315846,0.030966124652043844,0.5778253342365673,nucleic,purine,purine base/derivative,unavailable,unavailable
13,arginine,0.026134124718040448,0.0304411834904369,0.568029975418878,protein/peptide,amino_acid,aliphatic/polar amino acid,unavailable,unavailable
13,lectin,0.02556870368235333,0.02978257771418058,0.5557404459064944,protein/peptide,protein,unavailable,unavailable,unavailable
13,(+)-maltose,0.02458011981877483,0.0286310693659364,0.5342533950185663,carbohydrate,saccharide,disaccharide,unavailable,unavailable
13,methionine,0.02426195801537116,0.02826047261010269,0.5273380900938196,protein/peptide,amino_acid,aliphatic/polar amino acid,unavailable,unavailable
13,glycogen,0.02314907890024937,0.02696418441558314,0.5031494592050093,carbohydrate,polysaccharide,unavailable,unavailable,unavailable
13,mannose,0.02289394123092768,0.026666998544966142,0.49760399534896566,carbohydrate,saccharide,monosaccharide,unavailable,unavailable
13,trierucin,0.022556251325789346,0.02627365534039774,0.4902642435652559,lipid,triglyceride,triacylglycerol,unavailable,unavailable
13,(+)-galactosamine,0.02114759623623258,0.024632845536412443,0.45964686783419667,carbohydrate,saccharide,monosaccharide,unavailable,unavailable
13,α-phosphatidylethanolamine,0.02016143651610944,0.02348416084484427,0.43821250614715884,lipid,phospholipid,unavailable,unavailable,unavailable
13,(-)-ribose,0.016758040607761645,0.019519865102997608,0.36423907428299557,carbohydrate,saccharide,monosaccharide,unavailable,unavailable
13,trypsin inhibitor,0.01565329118593531,0.018233046423451214,0.3402271437632469,protein/peptide,protein,unavailable,unavailable,unavailable
13,n-acetylglucosamine,0.01555729325978234,0.018121227469640733,0.33814061129960976,carbohydrate,saccharide,monosaccharide,unavailable,unavailable
13,triosephosphate isomerase,0.013659400062528337,0.015910550215813307,0.2968895559145538,protein/peptide,protein,unavailable,unavailable,unavailable
13,phosphatidylinositol,0.013154414477535757,0.015322340011008816,0.2859136019644981,lipid,lipid,unavailable,unavailable,unavailable
13,glutamate,0.013117613008370234,0.01527947344143084,0.2851137153086026,protein/peptide,amino_acid,aliphatic/polar amino acid,unavailable,unavailable
13,ceramide,0.01141053444155766,0.013291058200989988,0.2480100507777881,lipid,phospholipid,unavailable,unavailable,unavailable
13,keratin,0.011038298309470536,0.012857475346355006,0.2399194304397934,protein/peptide,protein,unavailable,unavailable,unavailable
13,(+)-xylose,0.010810199053044017,0.012591783979461103,0.23496165142791092,carbohydrate,saccharide,monosaccharide,unavailable,unavailable
13,carbonic anhydrase,0.010767565343706466,0.012542123981935858,0.2340349999663333,protein/peptide,protein,unavailable,unavailable,unavailable
13,amylopectin,0.01038584060360499,0.012097488740402515,0.22573814299958975,carbohydrate,polysaccharide,unavailable,unavailable,unavailable
13,thaumatin,0.009671496617928918,0.01126541662863807,0.2102117459611575,protein/peptide,protein,unavailable,unavailable,unavailable
13,pepsinogen,0.009492897959775596,0.011057383852233735,0.20632987149644103,protein/peptide,protein,unavailable,unavailable,unavailable
13,(+)-sucrose,0.00892185649744853,0.010392231369688722,0.19391818098419322,carbohydrate,saccharide,disaccharide,unavailable,unavailable
13,fructose-6-phosphate,0.00867858439793683,0.010108866585168986,0.18863061745579468,carbohydrate,saccharide,monosaccharide,unavailable,unavailable
13,ferritin,0.00812038962001919,0.009458677996826292,0.1764981519762591,protein/peptide,protein,unavailable,unavailable,unavailable
13,glycine,0.007236302988046475,0.008428888643799065,0.15728236750879773,protein/peptide,amino_acid,aliphatic/polar amino acid,unavailable,unavailable
13,acetoacetate,0.006908645223306462,0.00804723093587392,0.1501606661295051,cofactor/small-molecule,organic_acid,unavailable,unavailable,unavailable
13,lactalbumin,0.006838258819711625,0.007965244435458114,0.14863080478786242,protein/peptide,protein,unavailable,unavailable,unavailable
13,tri-11-eicosenoin,0.006685313840197154,0.007787093216101332,0.1453065177152568,lipid,triglyceride,triacylglycerol,unavailable,unavailable
13,adenine,0.006437181934273387,0.007498067700246077,0.13991332540661133,nucleic,purine,purine base/derivative,unavailable,unavailable
13,glucose,0.006002949791098866,0.006992271524156947,0.13047521044103752,carbohydrate,saccharide,monosaccharide,unavailable,unavailable
13,ethinylestradiol,0.005958497855108347,0.006940493645441214,0.12950903949096984,lipid,sterol,unavailable,unavailable,unavailable
13,phenylalanine,0.005857958317901777,0.006823384596136184,0.12732379428133592,protein/peptide,amino_acid,aromatic amino acid,unavailable,unavailable
13,tribehenin,0.0057560425081284,0.006704672456381749,0.12510863553601914,lipid,triglyceride,triacylglycerol,unavailable,unavailable
13,trypsinogen,0.005175050614605058,0.006027929652556692,0.11248067058378881,protein/peptide,protein,unavailable,unavailable,unavailable
13,lactose,0.00517178198329904,0.006024122331423017,0.11240962628517762,carbohydrate,saccharide,disaccharide,unavailable,unavailable
13,ubiquitin,0.005012896066548632,0.005839051073134169,0.10895621185634699,protein/peptide,protein,unavailable,unavailable,unavailable
13,tripalmitin,0.004915560848174859,0.0057256744334125255,0.10684061310196899,lipid,triglyceride,triacylglycerol,unavailable,unavailable
13,albumin,0.004153638062180105,0.004838182252815391,0.0902800821460222,protein/peptide,protein,unavailable,unavailable,unavailable
13,valine,0.004120365016999296,0.004799425612424239,0.08955688643007312,protein/peptide,amino_acid,aliphatic/polar amino acid,unavailable,unavailable
13,collagen,0.0036499541271560313,0.004251488217615165,0.0793324197958419,protein/peptide,protein,unavailable,unavailable,unavailable
13,citrate,0.0028666374086237763,0.003339076257496716,0.06230688780754748,cofactor/small-molecule,organic_acid,unavailable,unavailable,unavailable
13,trypsin,0.002837129866667851,0.003304705697597611,0.06166553599214403,protein/peptide,protein,unavailable,unavailable,unavailable
13,14-methylpentadecanoic acid,0.002786048340290226,0.00324520563267447,0.06055526968379464,lipid,fatty_acid,saturated fatty acid,unavailable,unavailable
13,triarachidin,0.0027281000638264452,0.0031777071365197158,0.059295753307775916,lipid,triglyceride,triacylglycerol,unavailable,unavailable
13,histidine,0.0020015047304791024,0.0023313645823168873,0.043503070989402516,protein/peptide,amino_acid,aromatic amino acid,unavailable,unavailable
13,amylose,0.0019580723401238596,0.0022807742764047265,0.0425590600499873,carbohydrate,polysaccharide,unavailable,unavailable,unavailable
13,elastase,0.0014130513719388324,0.0016459306197812039,0.030712929731828813,protein/peptide,protein,unavailable,unavailable,unavailable
13,trilaurin,0.00119235932050495,0.0013888672091997808,0.02591614767374849,lipid,triglyceride,triacylglycerol,unavailable,unavailable
13,leucine,0.001076030998430313,0.0012533672896266493,0.02338773034041566,protein/peptide,amino_acid,aliphatic/polar amino acid,unavailable,unavailable
14,phosphate,0.5754044074861193,0.9999999999982622,7.525976723229217,cofactor/small-molecule,organic_acid,unavailable,unavailable,unavailable
14,succinic acid,0.5197426486216273,0.9032649765256829,6.79795118825229,cofactor/small-molecule,organic_acid,unavailable,unavailable,unavailable
14,aspartic acid,0.4830042608060865,0.8394170335181153,6.317433055350435,cofactor/small-molecule,organic_acid,unavailable,unavailable,unavailable
14,citrate,0.3162142834719125,0.5495513752716451,4.135910858520194,cofactor/small-molecule,organic_acid,unavailable,unavailable,unavailable
14,asparagine,0.30350619567633325,0.5274658861265803,3.969695981293015,protein/peptide,amino_acid,aliphatic/polar amino acid,unavailable,unavailable
14,amylopectin,0.25135879359979124,0.4368384919008776,3.2876363218622737,carbohydrate,polysaccharide,unavailable,unavailable,unavailable
14,amylose,0.23889394460020247,0.4151757294378219,3.124602875804189,carbohydrate,polysaccharide,unavailable,unavailable,unavailable
14,xylanase,0.2376761054364771,0.41305923684951545,3.10867420184968,protein/peptide,protein,unavailable,unavailable,unavailable
14,valine,0.19843720167241474,0.34486562683629923,2.595450680216352,protein/peptide,amino_acid,aliphatic/polar amino acid,unavailable,unavailable
14,galactose,0.1716144486736837,0.29825014622872065,2.244623658220963,carbohydrate,saccharide,disaccharide,unavailable,unavailable
14,glutamate,0.1644025666488327,0.2857165577976789,2.150296163430244,protein/peptide,amino_acid,aliphatic/polar amino acid,unavailable,unavailable
14,alb,0.1616288439079427,0.28089608248536196,2.114017378434782,protein/peptide,protein,unavailable,unavailable,unavailable
14,adenine,0.14799465295352077,0.2572011111278005,1.9356895755398817,nucleic,purine,purine base/derivative,unavailable,unavailable
14,guanine,0.13710269319228124,0.23827188566564875,1.7932286653227223,nucleic,purine,purine base/derivative,unavailable,unavailable
14,(+)-galactosamine,0.13642817871197416,0.23709964146395276,1.7844063827468026,carbohydrate,saccharide,monosaccharide,unavailable,unavailable
14,acetoacetate,0.13605565456721677,0.23645222872273958,1.7795339695261017,cofactor/small-molecule,organic_acid,unavailable,unavailable,unavailable
14,papain,0.1303047793498642,0.22645773590599605,1.7043156492266776,protein/peptide,protein,unavailable,unavailable,unavailable
14,glycogen,0.12945893859500587,0.2249877423782227,1.6932525121533386,carbohydrate,polysaccharide,unavailable,unavailable,unavailable
14,carotene,0.12293473281579631,0.21364927208790674,1.6079194486712463,lipid,carotenoid,unavailable,unavailable,unavailable
14,albumin,0.11477666163338922,0.19947129382382867,1.5012163142731596,protein/peptide,protein,unavailable,unavailable,unavailable
14,collagen,0.11272614775147587,0.19590768906996822,1.4743967078447702,protein/peptide,protein,unavailable,unavailable,unavailable
14,(+)-xylose,0.10736937653719626,0.18659811280573094,1.4043330535768717,carbohydrate,saccharide,monosaccharide,unavailable,unavailable
14,estrone,0.10510057434628534,0.18265514302414873,1.374658354780236,lipid,sterol,unavailable,unavailable,unavailable
14,leucine,0.1043815006017201,0.1814054589146621,1.3652532612608337,protein/peptide,amino_acid,aliphatic/polar amino acid,unavailable,unavailable
14,ethinylestradiol,0.10324149687730642,0.17942423716943381,1.3503426325226642,lipid,sterol,unavailable,unavailable,unavailable
14,glutathione transferase,0.09874401263032807,0.17160802271494333,1.2915179844742988,protein/peptide,protein,unavailable,unavailable,unavailable
14,β-carotene,0.09528504046665033,0.16559664685707737,1.2462765096933388,lipid,carotenoid,unavailable,unavailable,unavailable
14,triosephosphate isomerase,0.09120696035269787,0.15850931825672465,1.192937439617115,protein/peptide,protein,unavailable,unavailable,unavailable
14,hypoxanthine,0.09107144777820553,0.15827380985128134,1.1911650088396208,nucleic,purine,purine base/derivative,unavailable,unavailable
14,phosphatidylinositol,0.08331105928482153,0.14478696756713058,1.0896633477390623,lipid,lipid,unavailable,unavailable,unavailable
14,chitin,0.07480978153696348,0.13001252782137948,0.9784712581135936,carbohydrate,polysaccharide,unavailable,unavailable,unavailable
14,aspartate,0.07394498096720269,0.12850958387707168,0.967160136972395,cofactor/small-molecule,organic_acid,unavailable,unavailable,unavailable
14,glutathione,0.0699127108881514,0.12150186890898369,0.9144202372394482,cofactor/small-molecule,cofactor,unavailable,unavailable,unavailable
14,ubiquitin,0.06709747389510971,0.11660924564018346,0.877598468402864,protein/peptide,protein,unavailable,unavailable,unavailable
14,estradiol,0.06687555428934025,0.11622356975226557,0.8746958806476781,lipid,sterol,unavailable,unavailable,unavailable
14,estriol,0.06664646360157321,0.1158254311826159,0.8716994990398698,lipid,sterol,unavailable,unavailable,unavailable
14,(+)-arabinose,0.06558878237921752,0.11398727838330949,0.8578656038585271,carbohydrate,saccharide,monosaccharide,unavailable,unavailable
14,elastin,0.06500338808273928,0.112969916873976,0.8502089648201605,protein/peptide,protein,unavailable,unavailable,unavailable
14,(-)-ribose,0.06385886915066324,0.11098084811262547,0.8352392796213082,carbohydrate,saccharide,monosaccharide,unavailable,unavailable
14,trypsin inhibitor,0.05192851192944344,0.09024698325864994,0.6791966953474367,protein/peptide,protein,unavailable,unavailable,unavailable
14,(+)-sucrose,0.0441974701471453,0.07681114286239575,0.5780788732680291,carbohydrate,saccharide,disaccharide,unavailable,unavailable
14,(-)-arabinose,0.04416187421671394,0.07674928040536869,0.5776132978564009,carbohydrate,saccharide,monosaccharide,unavailable,unavailable
14,ferritin,0.042465336229124316,0.07380085323742488,0.5554235036202806,protein/peptide,protein,unavailable,unavailable,unavailable
14,14-methylpentadecanoic acid,0.041134599517778626,0.07148815508282223,0.5380181911408557,lipid,fatty_acid,saturated fatty acid,unavailable,unavailable
14,cholesteryl stearate,0.041116003645424115,0.0714558371650021,0.5377749672435977,lipid,sterol,unavailable,unavailable,unavailable
14,horseradish peroxidase,0.04007395368803479,0.06964485006822244,0.5241455205071418,protein/peptide,protein,unavailable,unavailable,unavailable
14,keratin,0.04000453166074221,0.06952420096232531,0.5232375181444799,protein/peptide,protein,unavailable,unavailable,unavailable
14,glycerol,0.03752801926152201,0.06522024992024777,0.49084608278383,carbohydrate,polyol,unavailable,unavailable,unavailable
14,α-linolenic acid,0.03693626889059324,0.06419184213742762,0.48310630974832436,lipid,fatty_acid,unsaturated fatty acid,unavailable,unavailable
14,15-methylpalmiticacid,0.03663400573092861,0.06366653653369639,0.47915287200205436,lipid,fatty_acid,saturated fatty acid,unavailable,unavailable
14,arachidonic acid,0.03578515695133309,0.06219131533526558,0.46805039160103046,lipid,fatty_acid,unsaturated fatty acid,unavailable,unavailable
14,tubulin,0.0354653824519229,0.0616355766317567,0.46386791505421776,protein/peptide,protein,unavailable,unavailable,unavailable
14,(+)-raffinose pentahydrate,0.035237647981557416,0.0612397950433604,0.46088927203245933,carbohydrate,saccharide,trisaccharide,unavailable,unavailable
14,lactalbumin,0.03521499417101339,0.06120042480175422,0.4605929725105429,protein/peptide,protein,unavailable,unavailable,unavailable
14,cholesterol,0.03462071036140406,0.06016761413524463,0.45282006347487525,lipid,lipid,unavailable,unavailable,unavailable
14,n-acetyl- d-glucosamine,0.032842804424129596,0.05707777694571239,0.4295660207078472,carbohydrate,saccharide,monosaccharide,unavailable,unavailable
14,isoleucine,0.032471877002458356,0.05643313916253805,0.4247144917567547,protein/peptide,amino_acid,aliphatic/polar amino acid,unavailable,unavailable
14,insulin,0.03177579488664093,0.05522341239166168,0.41561011623765604,protein/peptide,protein,unavailable,unavailable,unavailable
14,coenzyme a,0.03112624730897038,0.05409455837313369,0.4071143871702758,cofactor/small-molecule,cofactor,unavailable,unavailable,unavailable
14,proline,0.03098443455421168,0.053848100833161036,0.4052595534611741,protein/peptide,amino_acid,aliphatic/polar amino acid,unavailable,unavailable
14,pyruvate,0.030740484426205028,0.053424137921455124,0.4020688184561574,cofactor/small-molecule,organic_acid,unavailable,unavailable,unavailable
14,cysteine,0.030239758195954026,0.05255392173309162,0.39551959167834505,protein/peptide,amino_acid,aliphatic/polar amino acid,unavailable,unavailable
14,superoxide dismutases,0.027940161228809036,0.048557433459413483,0.36544211395593257,protein/peptide,protein,unavailable,unavailable,unavailable
14,13-methylmyristicacid,0.0272701068014465,0.047392940420007044,0.3566781664469821,lipid,fatty_acid,saturated fatty acid,unavailable,unavailable
14,pepsin,0.026263992384059003,0.04564440599048928,0.3435187370306436,protein/peptide,protein,unavailable,unavailable,unavailable
14,histidine,0.025376945496046292,0.04410279998874421,0.3319166461450995,protein/peptide,amino_acid,aromatic amino acid,unavailable,unavailable
14,cholesteryl palmitate,0.024956728843885913,0.04337250205099373,0.32642044086455757,lipid,sterol,unavailable,unavailable,unavailable
14,ergothioneine,0.023634905826373967,0.04107529507740701,0.30913171465287403,cofactor/small-molecule,cofactor,unavailable,unavailable,unavailable
14,riboflavin,0.02200409712270554,0.038241099366619145,0.2878016237043714,cofactor/small-molecule,cofactor,unavailable,unavailable,unavailable
14,tripetroselinin,0.020621929494818125,0.035839019003829506,0.2697236228066592,lipid,triglyceride,triacylglycerol,unavailable,unavailable
14,tricaprylin,0.018940282272754745,0.03291647061841238,0.24772859168546052,lipid,triglyceride,triacylglycerol,unavailable,unavailable
14,n-acetylglucosamine,0.017980346725883996,0.031248190823575668,0.235173156781664,carbohydrate,saccharide,monosaccharide,unavailable,unavailable
14,(+)-mannose,0.01744760061500115,0.03032232702421857,0.22820512737880982,carbohydrate,saccharide,monosaccharide,unavailable,unavailable
14,linoleic acid,0.014978764736532504,0.026031717069994482,0.19591409673480764,lipid,fatty_acid,unsaturated fatty acid,unavailable,unavailable
14,tricaprin,0.014734568245399102,0.025607326001806725,0.19272013943407465,lipid,triglyceride,triacylglycerol,unavailable,unavailable
14,cytochrome c,0.014575961896610113,0.025331682738172982,0.19064565464804856,protein/peptide,protein,unavailable,unavailable,unavailable
14,trilinolenin,0.014074710640724125,0.02446055410348798,0.1840895608204594,lipid,triglyceride,triacylglycerol,unavailable,unavailable
14,(+)-maltose,0.013820884790612937,0.024019428094009383,0.18076965674110673,carbohydrate,saccharide,disaccharide,unavailable,unavailable
14,trilinolein,0.011554486477911702,0.02008063603192048,0.1511263993641341,lipid,triglyceride,triacylglycerol,unavailable,unavailable
14,stearate,0.0110458201051547,0.019196620605312215,0.1444733198404932,lipid,lipid,unavailable,unavailable,unavailable
14,triolein,0.010997446267476077,0.0191125513193471,0.14384061635118012,lipid,lipid,unavailable,unavailable,unavailable
14,arginine,0.010725989048429458,0.018640783610385476,0.1402901035547576,protein/peptide,amino_acid,aliphatic/polar amino acid,unavailable,unavailable
14,methionine,0.010618926719717802,0.018454719118493217,0.13888978651975456,protein/peptide,amino_acid,aliphatic/polar amino acid,unavailable,unavailable
14,tripalmitin,0.010281077129549468,0.017867567567736463,0.13447089761574357,lipid,triglyceride,triacylglycerol,unavailable,unavailable
14,hemoglobin,0.009909575410618791,0.017221931708683726,0.12961185716882215,protein/peptide,protein,unavailable,unavailable,unavailable
14,acetyl-coa,0.008527007045733004,0.014819154901805102,0.11152861484910719,cofactor/small-molecule,cofactor,unavailable,unavailable,unavailable
14,riboﬂavin,0.0073577730830433246,0.01278713368772385,0.09623567049079712,cofactor/small-molecule,cofactor,unavailable,unavailable,unavailable
14,glucose oxidase,0.00732325493573051,0.012727144318744978,0.09578419189622013,protein/peptide,protein,unavailable,unavailable,unavailable
14,myoglobin,0.007212533727301492,0.012534721030031296,0.09433601870435125,protein/peptide,protein,unavailable,unavailable,unavailable
14,cholesteryl linoleate,0.006963521046717181,0.012101959867022852,0.09107906826482642,lipid,sterol,unavailable,unavailable,unavailable
14,trypsinogen,0.006951590382844004,0.012081225469235944,0.09092302166971172,protein/peptide,protein,unavailable,unavailable,unavailable
14,glucose,0.0069408008874705185,0.012062474317466697,0.09078190093796237,carbohydrate,saccharide,monosaccharide,unavailable,unavailable
14,phenylalanine,0.006474930389665146,0.011252834190030236,0.08468856818467264,protein/peptide,amino_acid,aromatic amino acid,unavailable,unavailable
14,trypsin,0.006235849801333828,0.010837334090933985,0.08156152411036939,protein/peptide,protein,unavailable,unavailable,unavailable
14,uracil,0.005966465586014267,0.010369169072011027,0.0780381250753189,nucleic,pyrimidine,pyrimidine base,unavailable,unavailable
14,trilaurin,0.005281641701829374,0.00917900807346111,0.06908100110332142,lipid,triglyceride,triacylglycerol,unavailable,unavailable
14,oleate,0.005176795099023085,0.008996794309642077,0.067709664558165,lipid,lipid,unavailable,unavailable,unavailable
14,serine,0.00453695189036406,0.007884805592952678,0.05934086335985254,protein/peptide,amino_acid,aliphatic/polar amino acid,unavailable,unavailable
14,α-phosphatidylcholine,0.003986091272657022,0.006927460444845919,0.052135906059092116,lipid,phospholipid,unavailable,unavailable,unavailable
14,major proteinase,0.0037954759528934273,0.006596188530200633,0.04964276134040778,protein/peptide,protein,unavailable,unavailable,unavailable
14,glycine,0.0031234590444133405,0.005428284878897562,0.04085314564571118,protein/peptide,amino_acid,aliphatic/polar amino acid,unavailable,unavailable
14,malic acid,0.00298246746441017,0.005183254465211815,0.039009052455825824,cofactor/small-molecule,organic_acid,unavailable,unavailable,unavailable
14,trimyristin,0.0028140529547588515,0.004890565519037748,0.03680628225976948,lipid,triglyceride,triacylglycerol,unavailable,unavailable
14,(-)-fructose,0.0017067848929236207,0.0029662353480700925,0.022323818185234028,carbohydrate,saccharide,monosaccharide,unavailable,unavailable
14,lectin,0.001695647116318635,0.002946878915515768,0.022178142124385174,protein/peptide,protein,unavailable,unavailable,unavailable
14,lauric acid,0.0016353951413832547,0.0028421665181976624,0.02139007905953421,lipid,fatty_acid,saturated fatty acid,unavailable,unavailable
14,thymine,0.0013593041814442012,0.0023623457932491244,0.01777895945224227,nucleic,pyrimidine,pyrimidine base,unavailable,unavailable
14,diethylstilbestrol,0.0009184144449063454,0.00159611993400816,0.012012361470848444,lipid,sterol,unavailable,unavailable,unavailable
15,guanine,0.6622229591411244,0.99999999999849,15.652005512480738,nucleic,purine,purine base/derivative,unavailable,unavailable
15,xanthine,0.5815759781106783,0.8782177816125251,13.745869558978605,nucleic,purine,purine base/derivative,unavailable,unavailable
15,cysteine,0.2169602311628028,0.327624145565511,5.127974932420914,protein/peptide,amino_acid,aliphatic/polar amino acid,unavailable,unavailable
15,(+)-galactose,0.15062908418338367,0.22745977333452144,3.560201626104925,carbohydrate,saccharide,disaccharide,unavailable,unavailable
15,methionine,0.11639000021928857,0.17575651615894713,2.7509419597784044,protein/peptide,amino_acid,aliphatic/polar amino acid,unavailable,unavailable
15,tyrosine,0.11216179618739965,0.16937165140378016,2.651006021433936,protein/peptide,amino_acid,aromatic amino acid,unavailable,unavailable
15,histidine,0.08512807272417745,0.12854896005788816,2.0120490314527704,protein/peptide,amino_acid,aromatic amino acid,unavailable,unavailable
15,papain,0.07611199956081012,0.11493409962621846,1.7989491609242982,protein/peptide,protein,unavailable,unavailable,unavailable
15,phosphatidylinositol,0.07151037577708076,0.10798534661153815,1.6901872404334906,lipid,lipid,unavailable,unavailable,unavailable
15,glutathione,0.0652118378444998,0.09847414219672837,1.541317816502332,cofactor/small-molecule,cofactor,unavailable,unavailable,unavailable
15,proline,0.06363682835017802,0.096095774801611,1.504091596923194,protein/peptide,amino_acid,aliphatic/polar amino acid,unavailable,unavailable
15,(+)-dextrose,0.06348681194713304,0.09586924021688545,1.5005458763542971,carbohydrate,saccharide,monosaccharide,unavailable,unavailable
15,ethinylestradiol,0.06237967885971864,0.0941973968110805,1.474378174150594,lipid,sterol,unavailable,unavailable,unavailable
15,gluth,0.062276197271669824,0.09404113284194408,1.4719323296442648,unassigned,unknown,unavailable,unavailable,unavailable
15,(+)-sucrose,0.062091385515955784,0.09376205499789975,1.4675642016908652,carbohydrate,saccharide,disaccharide,unavailable,unavailable
15,hydroxyproline,0.05897742840682127,0.08905977600538569,1.3939641049787013,protein/peptide,amino_acid,aliphatic/polar amino acid,unavailable,unavailable
15,trypsinogen,0.05853142737049837,0.08838628525704215,1.3834226240730079,protein/peptide,protein,unavailable,unavailable,unavailable
15,β-d-glucose,0.052069940642249665,0.07862901749843222,1.230701815328264,carbohydrate,saccharide,monosaccharide,unavailable,unavailable
15,trypsin,0.05153122119888514,0.07781551588854783,1.2179688836459224,protein/peptide,protein,unavailable,unavailable,unavailable
15,(+)-raffinose pentahydrate,0.04948483764562068,0.07472534282068041,1.169601477753069,carbohydrate,saccharide,trisaccharide,unavailable,unavailable
15,(+)-galactosamine,0.04879698334818563,0.0736866378227049,1.1533436613988903,carbohydrate,saccharide,monosaccharide,unavailable,unavailable
15,carbonic anhydrase,0.04811049868038205,0.07265000105509285,1.137118216997762,protein/peptide,protein,unavailable,unavailable,unavailable
15,glucose,0.046680223774864374,0.07049019235958867,1.1033128793897755,carbohydrate,saccharide,monosaccharide,unavailable,unavailable
15,riboﬂavin,0.042792287568821155,0.06461915428642999,1.0114193591045728,cofactor/small-molecule,cofactor,unavailable,unavailable,unavailable
15,(+)-glucose,0.042434674042348984,0.06407913446148245,1.0029669658276323,carbohydrate,saccharide,monosaccharide,unavailable,unavailable
15,acetoacetate,0.04199349629523823,0.06341292719545488,0.9925394860272985,cofactor/small-molecule,organic_acid,unavailable,unavailable,unavailable
15,lactose,0.0413501309787534,0.06244140346979264,0.9773331913177041,carbohydrate,saccharide,disaccharide,unavailable,unavailable
15,chitin,0.04104424078758798,0.061979489265607264,0.9701033076474905,carbohydrate,polysaccharide,unavailable,unavailable,unavailable
15,horseradish peroxidase,0.04062024469898687,0.06133922742818868,0.9600819258387688,protein/peptide,protein,unavailable,unavailable,unavailable
15,major proteinase,0.03914448709589682,0.05911073688324923,0.9252015795448125,protein/peptide,protein,unavailable,unavailable,unavailable
15,myoglobin,0.038804904593028336,0.058597945083779766,0.9171753594727494,protein/peptide,protein,unavailable,unavailable,unavailable
15,elastase,0.03678741434526265,0.05555140279781125,0.8694908628186925,protein/peptide,protein,unavailable,unavailable,unavailable
15,hypoxanthine,0.0367632090870441,0.05551485127406174,0.8689187581674749,nucleic,purine,purine base/derivative,unavailable,unavailable
15,cholesterol,0.03557519930576232,0.0537208787684561,0.840839490620454,lipid,lipid,unavailable,unavailable,unavailable
15,(+)-maltose,0.03504814337818532,0.05292498983059781,0.8283822325777548,carbohydrate,saccharide,disaccharide,unavailable,unavailable
15,lectin,0.034743145851521086,0.05246442360821956,0.8211734475262171,protein/peptide,protein,unavailable,unavailable,unavailable
15,α-chymotrypsinogen a (type ii),0.034382798111085335,0.05192027494127729,0.8126564295916148,protein/peptide,protein,unavailable,unavailable,unavailable
15,thaumatin,0.0335313046810719,0.05063446414559527,0.7925309119295622,protein/peptide,protein,unavailable,unavailable,unavailable
15,estrone,0.033185840954806124,0.05011279131396572,0.7843656858931727,lipid,sterol,unavailable,unavailable,unavailable
15,pepsinogen,0.03186541202061769,0.04811885722279651,0.753156618506622,protein/peptide,protein,unavailable,unavailable,unavailable
15,insulin,0.031544844442018286,0.04763477920319012,0.7455798266752605,protein/peptide,protein,unavailable,unavailable,unavailable
15,trypsin inhibitor,0.02799634587165732,0.0422763141705705,0.6617091024461362,protein/peptide,protein,unavailable,unavailable,unavailable
15,(+)-lactose,0.027411266821083233,0.04139280652031925,0.6478804358340639,carbohydrate,saccharide,disaccharide,unavailable,unavailable
15,acetyl coenzyme a,0.027234758488652026,0.04112626738875567,0.6437085638775326,protein/peptide,protein,unavailable,unavailable,unavailable
15,citrate,0.02717892307146929,0.04104195225529206,0.6423888629437725,cofactor/small-molecule,organic_acid,unavailable,unavailable,unavailable
15,keratin,0.027152667685177743,0.04100230490400487,0.6417683023828694,protein/peptide,protein,unavailable,unavailable,unavailable
15,glycogen,0.026985213624520103,0.040749438315273834,0.6378104331421229,carbohydrate,polysaccharide,unavailable,unavailable,unavailable
15,acetyl-coa,0.0262680144685849,0.03966642066082057,0.620859034844481,cofactor/small-molecule,cofactor,unavailable,unavailable,unavailable
15,pepsin,0.02564030110806999,0.038718532412838236,0.6060226827618233,protein/peptide,protein,unavailable,unavailable,unavailable
15,galactose,0.024886217408450068,0.03757981668392905,0.5881994978957613,carbohydrate,saccharide,disaccharide,unavailable,unavailable
15,albumin,0.024778921436954506,0.03741779274619883,0.5856634983292502,protein/peptide,protein,unavailable,unavailable,unavailable
15,lactalbumin,0.024375103408865575,0.0368080011004787,0.5761190361289598,protein/peptide,protein,unavailable,unavailable,unavailable
15,lactate,0.02418167564538105,0.03651591252092371,0.5715472640716254,cofactor/small-molecule,organic_acid,unavailable,unavailable,unavailable
15,(+)-arabinose,0.02338531939509428,0.035313362474458376,0.5527249441152876,carbohydrate,saccharide,monosaccharide,unavailable,unavailable
15,alanine,0.02097733928475371,0.031677154944807065,0.49581100381657534,protein/peptide,amino_acid,aliphatic/polar amino acid,unavailable,unavailable
15,ergothioneine,0.019913123349031673,0.030070119246285415,0.47065767220452315,cofactor/small-molecule,cofactor,unavailable,unavailable,unavailable
15,cholesteryl linoleate,0.01853227340127204,0.027984945471053495,0.43802052078006365,lipid,sterol,unavailable,unavailable,unavailable
15,ferritin,0.018082248110403803,0.02730537783502466,0.4273839243948207,protein/peptide,protein,unavailable,unavailable,unavailable
15,tryptophan,0.017546995767741675,0.026497111774066096,0.41473293955312707,protein/peptide,amino_acid,aromatic amino acid,unavailable,unavailable
15,arginine,0.01694069264832506,0.025581554391093376,0.400402630347824,protein/peptide,amino_acid,aliphatic/polar amino acid,unavailable,unavailable
15,triosephosphate isomerase,0.0162513356115765,0.02454058015842469,0.3841092959197187,protein/peptide,protein,unavailable,unavailable,unavailable
15,a-dna,0.015608630339627541,0.023570053143200768,0.36891860172739943,nucleic,nucleic_acid,unavailable,unavailable,unavailable
15,(-)-ribose,0.014675147329584262,0.02216043271679248,0.34685521504271816,carbohydrate,saccharide,monosaccharide,unavailable,unavailable
15,α-linolenic acid,0.013592084299391932,0.02052493667238565,0.3212564219399834,lipid,fatty_acid,unsaturated fatty acid,unavailable,unavailable
15,ceramide,0.01352251684568526,0.020419885265232997,0.31961215673613375,lipid,phospholipid,unavailable,unavailable,unavailable
15,(-)-arabinose,0.013518174312874007,0.020413327756540037,0.31950951857392323,carbohydrate,saccharide,monosaccharide,unavailable,unavailable
15,coenzyme a,0.013474376912914258,0.02034719081677509,0.3184743428281421,cofactor/small-molecule,cofactor,unavailable,unavailable,unavailable
15,tri-11-eicosenoin,0.013249531029683657,0.020007658820599846,0.31315998615233553,lipid,triglyceride,triacylglycerol,unavailable,unavailable
15,asparagine,0.013018927766785387,0.019659432804399798,0.3077095506271749,protein/peptide,amino_acid,aliphatic/polar amino acid,unavailable,unavailable
15,hemoglobin,0.013000690595310588,0.019631893482147326,0.3072785050034687,protein/peptide,protein,unavailable,unavailable,unavailable
15,cholesteryl oleate,0.011311217878060885,0.01708067913065712,0.2673468839103636,lipid,sterol,unavailable,unavailable,unavailable
15,cytochrome c,0.011189469850212814,0.016896831642183162,0.26446930200730917,protein/peptide,protein,unavailable,unavailable,unavailable
15,tripetroselinin,0.009274096485659933,0.014004492531751008,0.21919839430679308,lipid,triglyceride,triacylglycerol,unavailable,unavailable
15,glycine,0.008747718969716147,0.01320962803984985,0.2067571708978622,protein/peptide,amino_acid,aliphatic/polar amino acid,unavailable,unavailable
15,phosphoenolpyruvate,0.008644259632955427,0.013053397671614436,0.2043118523130209,cofactor/small-molecule,organic_acid,unavailable,unavailable,unavailable
15,superoxide dismutases,0.00804778367807712,0.012152679950122248,0.1902138135710148,protein/peptide,protein,unavailable,unavailable,unavailable
15,myristic acid,0.007014487302289396,0.010592334810282478,0.16579128284083333,lipid,fatty_acid,saturated fatty acid,unavailable,unavailable
15,succinic acid,0.006866537323090787,0.010368920660778706,0.1622944033412288,cofactor/small-molecule,organic_acid,unavailable,unavailable,unavailable
15,glutathione transferase,0.005189741068823974,0.007836848597860477,0.12266239745437438,protein/peptide,protein,unavailable,unavailable,unavailable
15,palmitic acid,0.004145036566927331,0.006259276441120392,0.09797022936070512,lipid,fatty_acid,saturated fatty acid,unavailable,unavailable
15,tripalmitolein,0.004074904074451668,0.006153371788453991,0.09631260915337075,lipid,triglyceride,triacylglycerol,unavailable,unavailable
15,b-dna,0.0036219835417910496,0.0054694321478722845,0.08560758212876564,nucleic,nucleic_acid,unavailable,unavailable,unavailable
15,arachidic acid,0.003158327340611173,0.004769280945352035,0.07464881164733213,lipid,fatty_acid,saturated fatty acid,unavailable,unavailable
15,valine,0.0031315304727128485,0.004728815921407474,0.07401545286948823,protein/peptide,amino_acid,aliphatic/polar amino acid,unavailable,unavailable
15,phosphate,0.0023835959213679833,0.003599385808755119,0.056337606520265135,cofactor/small-molecule,organic_acid,unavailable,unavailable,unavailable
15,triolein,0.00220735651585187,0.0033332527744302106,0.05217209079995216,lipid,lipid,unavailable,unavailable,unavailable
15,fructose,0.0021249926493909915,0.0032088779467021344,0.05022537531073552,carbohydrate,saccharide,monosaccharide,unavailable,unavailable
15,trilinolein,0.0010917054300761165,0.0016485466337355088,0.025803060998848715,lipid,triglyceride,triacylglycerol,unavailable,unavailable
15,tricaprylin,0.0006565627675324775,0.0009914527403021797,0.015518223756597282,lipid,triglyceride,triacylglycerol,unavailable,unavailable
15,glutamate,0.0005777460378209276,0.0008724343211678552,0.013655346804217282,protein/peptide,amino_acid,aliphatic/polar amino acid,unavailable,unavailable
16,myristic acid,0.5626032670894274,0.9999999999982225,4.659672351863596,lipid,fatty_acid,saturated fatty acid,unavailable,unavailable
16,arachidic acid,0.5249532991869634,0.9330790094800276,4.347842462586082,lipid,fatty_acid,saturated fatty acid,unavailable,unavailable
16,palmitic acid,0.5121951019212958,0.9104019330889711,4.24217471670539,lipid,fatty_acid,saturated fatty acid,unavailable,unavailable
16,lauric acid,0.5049276099936851,0.897484318932204,4.181982867166954,lipid,fatty_acid,saturated fatty acid,unavailable,unavailable
16,tribehenin,0.49908307312806166,0.8870959383316981,4.133576417302054,lipid,triglyceride,triacylglycerol,unavailable,unavailable
16,triarachidin,0.49312027602148584,0.8764973558929342,4.084190495743111,lipid,triglyceride,triacylglycerol,unavailable,unavailable
16,tristearin,0.49212039060416457,0.8747201080954012,4.075909103318522,lipid,triglyceride,triacylglycerol,unavailable,unavailable
16,tripalmitin,0.470834328278831,0.83688516548048,3.899610667281114,lipid,triglyceride,triacylglycerol,unavailable,unavailable
16,trimyristin,0.4588748654446465,0.8156278007729582,3.8005583126798177,lipid,triglyceride,triacylglycerol,unavailable,unavailable
16,trilaurin,0.43806177482759356,0.7786335424127279,3.6281771898206476,lipid,triglyceride,triacylglycerol,unavailable,unavailable
16,14-methylpentadecanoic acid,0.42426582701104226,0.7541119147871033,3.5139144395506263,lipid,fatty_acid,saturated fatty acid,unavailable,unavailable
16,15-methylpalmiticacid,0.40865755120642905,0.726368962128237,3.3846413700868165,lipid,fatty_acid,saturated fatty acid,unavailable,unavailable
16,stearate,0.38669912929003863,0.6873389329747428,3.2027742223475273,lipid,lipid,unavailable,unavailable,unavailable
16,tricaprin,0.3631418624766887,0.6454670346205452,3.0076648952660823,lipid,triglyceride,triacylglycerol,unavailable,unavailable
16,tripetroselinin,0.31881993144420473,0.5666869534779305,2.640575529287618,lipid,triglyceride,triacylglycerol,unavailable,unavailable
16,sphingomyelin,0.30725058478518513,0.5461230013365718,2.544754250049312,lipid,phospholipid,unavailable,unavailable,unavailable
16,trierucin,0.2899063335577239,0.5152944366231829,2.401103239406441,lipid,triglyceride,triacylglycerol,unavailable,unavailable
16,12-methyltetradecanoic acid,0.2671540467226747,0.47485335110884613,2.2126610313555997,lipid,fatty_acid,saturated fatty acid,unavailable,unavailable
16,ceramide,0.25294034393023235,0.449589184290281,2.094938291738053,lipid,phospholipid,unavailable,unavailable,unavailable
16,trielaidin,0.24255391559875206,0.4311278120604413,2.008914345981054,lipid,triglyceride,triacylglycerol,unavailable,unavailable
16,13-methylmyristicacid,0.16680910962178067,0.29649509588604894,1.3815700007658236,lipid,fatty_acid,saturated fatty acid,unavailable,unavailable
16,14-methylhexadecanoic acid,0.15345396260601435,0.2727569702885313,1.2709581132338086,lipid,fatty_acid,saturated fatty acid,unavailable,unavailable
16,glucose oxidase,0.13947912359340126,0.24791737224480556,1.155213724997849,protein/peptide,protein,unavailable,unavailable,unavailable
16,ascorbate,0.13712295377591333,0.24372939475638258,1.1356991220847825,cofactor/small-molecule,organic_acid,unavailable,unavailable,unavailable
16,(+)-galactose,0.1345372836728063,0.2391334916495998,1.1142837194462247,carbohydrate,saccharide,disaccharide,unavailable,unavailable
16,fumarate,0.11530335465912964,0.20494611639110316,0.9549817521711393,cofactor/small-molecule,organic_acid,unavailable,unavailable,unavailable
16,hemoglobin,0.11458759213170258,0.2036738832397944,0.9490535625308512,protein/peptide,protein,unavailable,unavailable,unavailable
16,acetyl coenzyme a,0.10698515910801182,0.19016092754188726,0.8860876164732436,protein/peptide,protein,unavailable,unavailable,unavailable
16,2-deoxy-d-ribose,0.10596229551200244,0.18834283714703542,0.8776159109271486,carbohydrate,saccharide,monosaccharide,unavailable,unavailable
16,cytochrome c,0.10068913469102542,0.1789700497328282,0.8339417925531946,protein/peptide,protein,unavailable,unavailable,unavailable
16,myoglobin,0.09174305144834646,0.16306882098784645,0.7598472766094126,protein/peptide,protein,unavailable,unavailable,unavailable
16,arginine,0.0877601031025493,0.15598932362481924,0.7268591384817649,protein/peptide,amino_acid,aliphatic/polar amino acid,unavailable,unavailable
16,α-phosphatidylethanolamine,0.08651743944689089,0.15378054929244644,0.7165669737936833,lipid,phospholipid,unavailable,unavailable,unavailable
16,acetyl-coa,0.08615870943165488,0.153142924102157,0.7135958493236344,cofactor/small-molecule,cofactor,unavailable,unavailable,unavailable
16,(+)-raffinose pentahydrate,0.0844024566793954,0.1500212700788127,0.6990499643789474,carbohydrate,saccharide,trisaccharide,unavailable,unavailable
16,a-dna,0.08136115927704587,0.14461551156255315,0.6738609008798367,nucleic,nucleic_acid,unavailable,unavailable,unavailable
16,α-phosphatidylcholine,0.07783758350093281,0.1383525266454273,0.6446774432213149,lipid,phospholipid,unavailable,unavailable,unavailable
16,diethylstilbestrol,0.0776337534195906,0.13799022856920684,0.642989252892414,lipid,sterol,unavailable,unavailable,unavailable
16,phosphate,0.07282397327686811,0.12944107781934208,0.6031530115112845,cofactor/small-molecule,organic_acid,unavailable,unavailable,unavailable
16,(+)-glucose,0.07025721836225592,0.12487879554201638,0.5818942709221948,carbohydrate,saccharide,monosaccharide,unavailable,unavailable
16,(-)-ribose,0.06821847554978787,0.121255029147961,0.5650087068461725,carbohydrate,saccharide,monosaccharide,unavailable,unavailable
16,glucose,0.06772421849526954,0.12037651122346611,0.5609151011627798,carbohydrate,saccharide,monosaccharide,unavailable,unavailable
16,glycerol,0.06699411026064307,0.11907877927391254,0.5548680954773043,carbohydrate,polyol,unavailable,unavailable,unavailable
16,coenzyme a,0.061416930938165096,0.10916561372952982,0.5086759920706152,cofactor/small-molecule,cofactor,unavailable,unavailable,unavailable
16,vaccenic acid,0.05644177642692065,0.10032251806644547,0.46747006370438293,lipid,fatty_acid,saturated fatty acid,unavailable,unavailable
16,cholesteryl stearate,0.05519432350835902,0.09810523105172017,0.4571382327057029,lipid,sterol,unavailable,unavailable,unavailable
16,tricaprylin,0.05320759160522981,0.09457391152454458,0.44068344073929755,lipid,triglyceride,triacylglycerol,unavailable,unavailable
16,t-rna,0.0524533861164941,0.0932333478754279,0.4344368533675841,nucleic,nucleic_acid,unavailable,unavailable,unavailable
16,cellulose,0.05117387564343569,0.09095908011357227,0.4238395107569119,carbohydrate,polysaccharide,unavailable,unavailable,unavailable
16,oleate,0.05102282325462202,0.09069059182413369,0.42258844329781353,lipid,lipid,unavailable,unavailable,unavailable
16,cholesteryl palmitate,0.050316563648742756,0.08943524965462982,0.41673896009843747,lipid,sterol,unavailable,unavailable,unavailable
16,tricaproin,0.04883394565559547,0.08679996813411034,0.40445941165787397,lipid,triglyceride,triacylglycerol,unavailable,unavailable
16,triolein,0.04876840174792387,0.08668346701954951,0.40391655463539267,lipid,lipid,unavailable,unavailable,unavailable
16,hypoxanthine,0.04744234800368646,0.08432647085225874,0.39293372476119987,nucleic,purine,purine base/derivative,unavailable,unavailable
16,tri-11-eicosenoin,0.045088186198231156,0.08014206250776022,0.3734357528893981,lipid,triglyceride,triacylglycerol,unavailable,unavailable
16,cysteine,0.04393346275418273,0.07808959763314224,0.3638719390599525,protein/peptide,amino_acid,aliphatic/polar amino acid,unavailable,unavailable
16,chitin,0.042327057834136046,0.07523429085834442,0.35056714502531466,carbohydrate,polysaccharide,unavailable,unavailable,unavailable
16,(+)-maltose,0.04204510807807113,0.07473313885202378,0.34823194087737724,carbohydrate,saccharide,disaccharide,unavailable,unavailable
16,galactose,0.04199852464377552,0.07465033905859826,0.3478461209692117,carbohydrate,saccharide,disaccharide,unavailable,unavailable
16,riboflavin,0.04068659736901984,0.07231845200515032,0.3369802913385723,cofactor/small-molecule,cofactor,unavailable,unavailable,unavailable
16,glucosamine,0.03703395190903373,0.06582605198963634,0.30672783448898927,carbohydrate,saccharide,monosaccharide,unavailable,unavailable
16,fructose-6-phosphate,0.03296228827603443,0.05858886750960938,0.27300492606201143,carbohydrate,saccharide,monosaccharide,unavailable,unavailable
16,tubulin,0.0329465502432958,0.05856089392029835,0.2728745783013162,protein/peptide,protein,unavailable,unavailable,unavailable
16,adenine,0.03239808202133973,0.0575860182769475,0.26833197721948093,nucleic,purine,purine base/derivative,unavailable,unavailable
16,n-acetylglucosamine,0.032273105459108366,0.057363878503608294,0.26729687865940116,carbohydrate,saccharide,monosaccharide,unavailable,unavailable
16,β-d-glucose,0.030180598278593717,0.05364454855492828,0.2499660197300478,carbohydrate,saccharide,monosaccharide,unavailable,unavailable
16,serine,0.030011881457118993,0.05334466259381884,0.24856864940835163,protein/peptide,amino_acid,aliphatic/polar amino acid,unavailable,unavailable
16,aspartate,0.029250359873178717,0.05199109494057968,0.242261467638165,cofactor/small-molecule,organic_acid,unavailable,unavailable,unavailable
16,glutathione transferase,0.027945733249000678,0.049672184439179506,0.23145610448832526,protein/peptide,protein,unavailable,unavailable,unavailable
16,b-dna,0.027782883869887993,0.04938272757207868,0.23010733032763606,nucleic,nucleic_acid,unavailable,unavailable,unavailable
16,trypsin inhibitor,0.022763941619284633,0.04046180132762325,0.1885387369532589,protein/peptide,protein,unavailable,unavailable,unavailable
16,citrate,0.022130613312446173,0.03933609100227481,0.18329329567401606,cofactor/small-molecule,organic_acid,unavailable,unavailable,unavailable
16,major proteinase,0.020472058571481048,0.03638809045200686,0.16955657901662946,protein/peptide,protein,unavailable,unavailable,unavailable
16,albumin,0.01941046770114007,0.03450116420674859,0.16076412096157805,protein/peptide,protein,unavailable,unavailable,unavailable
16,ubiquitin,0.01886092262990949,0.033524374516079675,0.15621260104637463,protein/peptide,protein,unavailable,unavailable,unavailable
16,tripalmitolein,0.016779316760362897,0.029824421118524985,0.13897203049657464,lipid,triglyceride,triacylglycerol,unavailable,unavailable
16,elastase,0.01650429334167753,0.029335580340710658,0.13669419263972565,protein/peptide,protein,unavailable,unavailable,unavailable
16,(+)-sucrose,0.016031133253302972,0.02849456124954618,0.1327753192332301,carbohydrate,saccharide,disaccharide,unavailable,unavailable
16,glycogen,0.01596677742519916,0.028380171888750895,0.13224230229138403,carbohydrate,polysaccharide,unavailable,unavailable,unavailable
16,palmitoleic acid,0.015511168863766196,0.02757034978482107,0.1284687966237675,lipid,fatty_acid,unsaturated fatty acid,unavailable,unavailable
16,n-acetyl- d-glucosamine,0.01549834471456072,0.027547555482058134,0.12836258264140288,carbohydrate,saccharide,monosaccharide,unavailable,unavailable
16,tryptophan,0.01522475709616716,0.027061266769572597,0.12609663657280662,protein/peptide,amino_acid,aromatic amino acid,unavailable,unavailable
16,phosphatidylinositol,0.012341704796948875,0.02193678124333606,0.10221821304863464,lipid,lipid,unavailable,unavailable,unavailable
16,(+)-arabinose,0.01221958525802623,0.021719719690255854,0.10120677733109244,carbohydrate,saccharide,monosaccharide,unavailable,unavailable
16,histidine,0.012100021241750941,0.021507200454643112,0.10021650732466679,protein/peptide,amino_acid,aromatic amino acid,unavailable,unavailable
16,(+)-trehalose,0.012010682534565482,0.02134840523888213,0.0994765736481758,carbohydrate,saccharide,disaccharide,unavailable,unavailable
16,leucine,0.011116308072841407,0.01975869804370453,0.09206905898323497,protein/peptide,amino_acid,aliphatic/polar amino acid,unavailable,unavailable
16,glycine,0.010627329510002375,0.018889562381965763,0.08801917157020496,protein/peptide,amino_acid,aliphatic/polar amino acid,unavailable,unavailable
16,alb,0.010205215353128821,0.018139274956411752,0.0845230779973938,protein/peptide,protein,unavailable,unavailable,unavailable
16,urate,0.009679242209607551,0.017204383223128002,0.08016678883581793,nucleic,purine,purine base/derivative,unavailable,unavailable
16,ure,0.009523324545110675,0.016927247142309945,0.0788754255023239,unassigned,unknown,unavailable,unavailable,unavailable
16,estradiol,0.009463363827910529,0.016820669877819033,0.07837881036963748,lipid,sterol,unavailable,unavailable,unavailable
16,lactalbumin,0.009440418117328122,0.016779884990982038,0.0781887661600689,protein/peptide,protein,unavailable,unavailable,unavailable
16,succinic acid,0.008639436030150853,0.015356178208546083,0.0715547590287796,cofactor/small-molecule,organic_acid,unavailable,unavailable,unavailable
16,superoxide dismutases,0.00779970986294271,0.013863605704388951,0.06459986019799445,protein/peptide,protein,unavailable,unavailable,unavailable
16,estriol,0.007608207398810674,0.013523219369410104,0.06301377140393852,lipid,sterol,unavailable,unavailable,unavailable
16,glutamate,0.007574503594751057,0.013463312493586364,0.06273462499097561,protein/peptide,amino_acid,aliphatic/polar amino acid,unavailable,unavailable
16,valine,0.007300635874353581,0.012976525913384267,0.06046635902194563,protein/peptide,amino_acid,aliphatic/polar amino acid,unavailable,unavailable
16,alanine,0.00669555901586229,0.01190103116622341,0.055454905884016754,protein/peptide,amino_acid,aliphatic/polar amino acid,unavailable,unavailable
16,trypsin,0.006027717774432888,0.010713975774804825,0.049923616696483125,protein/peptide,protein,unavailable,unavailable,unavailable
16,pepsinogen,0.0055646378816771565,0.009890873742087159,0.046088230911859075,protein/peptide,protein,unavailable,unavailable,unavailable
16,cholesterol,0.005146612472521343,0.009147853867144583,0.04262600174369786,lipid,lipid,unavailable,unavailable,unavailable
16,riboﬂavin,0.004793240252288758,0.008519751897420708,0.039699252361219246,cofactor/small-molecule,cofactor,unavailable,unavailable,unavailable
16,phenylalanine,0.003800791166830739,0.006755721818835148,0.031479450176163735,protein/peptide,amino_acid,aromatic amino acid,unavailable,unavailable
16,horseradish peroxidase,0.0026496603154675634,0.004709642603340379,0.02194539142598306,protein/peptide,protein,unavailable,unavailable,unavailable
16,cholesteryl oleate,0.002578884687509409,0.004583842359903864,0.02135920350978318,lipid,sterol,unavailable,unavailable,unavailable
16,hydroxyproline,0.0021488708011510233,0.0038195135486222384,0.01779768168011509,protein/peptide,amino_acid,aliphatic/polar amino acid,unavailable,unavailable
16,pepsin,0.001655006694942989,0.002941694070676236,0.013707330528795497,protein/peptide,protein,unavailable,unavailable,unavailable
17,uracil,0.8861817047676448,0.9999999999988716,16.909690847999276,nucleic,pyrimidine,pyrimidine base,unavailable,unavailable
17,cytosine,0.4335171901510618,0.48919672773456774,8.272165429853748,nucleic,pyrimidine,pyrimidine base,unavailable,unavailable
17,t-rna,0.2801900395371553,0.31617673670018326,5.346450870935398,nucleic,nucleic_acid,unavailable,unavailable,unavailable
17,riboﬂavin,0.22708738357097072,0.2562537483554305,4.3331716633362225,cofactor/small-molecule,cofactor,unavailable,unavailable,unavailable
17,b-dna,0.16829036502382733,0.18990503202473905,3.2112353820213624,nucleic,nucleic_acid,unavailable,unavailable,unavailable
17,a-dna,0.15820336694412723,0.17852249272673637,3.018760161426718,nucleic,nucleic_acid,unavailable,unavailable,unavailable
17,(+)-galactose,0.13907731316013108,0.15693995081566253,2.65380604999606,carbohydrate,saccharide,disaccharide,unavailable,unavailable
17,urate,0.1214449906605397,0.13704299017575103,2.317354596759967,nucleic,purine,purine base/derivative,unavailable,unavailable
17,riboflavin,0.11071597609108991,0.12493597587866531,2.1126287279037093,cofactor/small-molecule,cofactor,unavailable,unavailable,unavailable
17,glucose oxidase,0.1037554980168444,0.11708151664441303,1.9798122504741402,protein/peptide,protein,unavailable,unavailable,unavailable
17,ethinylestradiol,0.09737883355891083,0.10988585414808749,1.8581358222145952,lipid,sterol,unavailable,unavailable,unavailable
17,(+)-sucrose,0.08902321555436914,0.10045706774956543,1.6986979591435865,carbohydrate,saccharide,disaccharide,unavailable,unavailable
17,arachidonic acid,0.08681578777912946,0.097966125132085,1.656576889561839,lipid,fatty_acid,unsaturated fatty acid,unavailable,unavailable
17,n-acetyl- d-glucosamine,0.08526715546811102,0.0962185915250549,1.6270266365204376,carbohydrate,saccharide,monosaccharide,unavailable,unavailable
17,guanine,0.08466894736867103,0.09554355152341532,1.6156119187826665,nucleic,purine,purine base/derivative,unavailable,unavailable
17,2-deoxy-d-ribose,0.0838302997889377,0.094597190776832,1.5996092511272426,carbohydrate,saccharide,monosaccharide,unavailable,unavailable
17,proline,0.07602533602626746,0.08578978285961723,1.4506787060747517,protein/peptide,amino_acid,aliphatic/polar amino acid,unavailable,unavailable
17,α-linolenic acid,0.07529234084230313,0.08496264415880678,1.4366920463556154,lipid,fatty_acid,unsaturated fatty acid,unavailable,unavailable
17,n-acetylglucosamine,0.06709150927594566,0.07570852446503759,1.28020774326342,carbohydrate,saccharide,monosaccharide,unavailable,unavailable
17,myoglobin,0.06579499994456944,0.07424549569294768,1.2554683790256236,protein/peptide,protein,unavailable,unavailable,unavailable
17,glucosamine,0.06390571704011093,0.07211355943846164,1.2194179960545826,carbohydrate,saccharide,monosaccharide,unavailable,unavailable
17,phosphoenolpyruvate,0.06242022597603551,0.07043727673472061,1.1910725737604415,cofactor/small-molecule,organic_acid,unavailable,unavailable,unavailable
17,estradiol,0.06029425356760839,0.06803825134637528,1.150505796106975,lipid,sterol,unavailable,unavailable,unavailable
17,estriol,0.06005062728034102,0.0677633344913371,1.1458570370793697,lipid,sterol,unavailable,unavailable,unavailable
17,(+)-mannose,0.059129259144653355,0.06672362882969946,1.1282759357681427,carbohydrate,saccharide,monosaccharide,unavailable,unavailable
17,estrone,0.05783668176991977,0.0652650370219719,1.1036115992260174,lipid,sterol,unavailable,unavailable,unavailable
17,aspartate,0.05644552444804247,0.06369520397939007,1.077066207792955,cofactor/small-molecule,organic_acid,unavailable,unavailable,unavailable
17,ergothioneine,0.05603661335704774,0.06323377367813884,1.0692635640508885,cofactor/small-molecule,cofactor,unavailable,unavailable,unavailable
17,hemoglobin,0.055887647758594866,0.06306567542283605,1.0664210745216267,protein/peptide,protein,unavailable,unavailable,unavailable
17,glutathione,0.052666719020086614,0.059431061075489365,1.0049608695562224,cofactor/small-molecule,cofactor,unavailable,unavailable,unavailable
17,(+)-maltose,0.04938496367070928,0.055727807745254904,0.9423400006100634,carbohydrate,saccharide,disaccharide,unavailable,unavailable
17,citrate,0.04811870863546358,0.05429891903266714,0.9181779342239813,cofactor/small-molecule,organic_acid,unavailable,unavailable,unavailable
17,pepsin,0.04785618619360096,0.054002679062410526,0.9131686079101159,protein/peptide,protein,unavailable,unavailable,unavailable
17,collagen,0.04390996651322576,0.04954961976414231,0.8378687518485065,protein/peptide,protein,unavailable,unavailable,unavailable
17,pyruvate,0.04100453097266549,0.046271019534724574,0.7824286355548107,cofactor/small-molecule,organic_acid,unavailable,unavailable,unavailable
17,trilinolenin,0.0382917541822631,0.04320982251857695,0.7306647403868782,lipid,triglyceride,triacylglycerol,unavailable,unavailable
17,mannose,0.03793534620420052,0.04280763865927958,0.7238639356620967,carbohydrate,saccharide,monosaccharide,unavailable,unavailable
17,galactose,0.036473397795851216,0.041157922353377084,0.6959677429423506,carbohydrate,saccharide,disaccharide,unavailable,unavailable
17,(+)-galactosamine,0.03510390969197176,0.03961254165265839,0.6698358330507035,carbohydrate,saccharide,monosaccharide,unavailable,unavailable
17,trypsinogen,0.03456952889039016,0.03900952671937096,0.6596390369520748,protein/peptide,protein,unavailable,unavailable,unavailable
17,superoxide dismutases,0.03418283994072449,0.038573172698987954,0.6522604253671082,protein/peptide,protein,unavailable,unavailable,unavailable
17,acetyl coenzyme a,0.033961406539272904,0.038323299111821765,0.6480351402570426,protein/peptide,protein,unavailable,unavailable,unavailable
17,diethylstilbestrol,0.033876436747393025,0.03822741607629683,0.6464137877687464,lipid,sterol,unavailable,unavailable,unavailable
17,(+)-arabinose,0.03336099211398453,0.037645769411019464,0.6365783224761252,carbohydrate,saccharide,monosaccharide,unavailable,unavailable
17,linoleic acid,0.0316951654466736,0.03576598938583171,0.6047918233879201,lipid,fatty_acid,unsaturated fatty acid,unavailable,unavailable
17,adenine,0.030816597176390643,0.03477458066507469,0.5880274084158896,nucleic,purine,purine base/derivative,unavailable,unavailable
17,tryptophan,0.029598373753826613,0.033399892589244834,0.5647818580411496,protein/peptide,amino_acid,aromatic amino acid,unavailable,unavailable
17,gluth,0.029397062364743168,0.03317272542025436,0.5609405314427011,unassigned,unknown,unavailable,unavailable,unavailable
17,(+)-xylose,0.027734637102216384,0.031296783665215766,0.5292189363161095,carbohydrate,saccharide,monosaccharide,unavailable,unavailable
17,cellulose,0.026682548672460137,0.030109568420199042,0.5091434935528223,carbohydrate,polysaccharide,unavailable,unavailable,unavailable
17,tyrosine,0.02416538906168611,0.027269113017848817,0.4611122708314964,protein/peptide,amino_acid,aromatic amino acid,unavailable,unavailable
17,cytochrome c,0.024103894366987736,0.027199720144618123,0.4599388587981096,protein/peptide,protein,unavailable,unavailable,unavailable
17,lectin,0.02290753718810834,0.025849706741676422,0.4371105495136842,protein/peptide,protein,unavailable,unavailable,unavailable
17,(-)-arabinose,0.022364190359759766,0.025236574214312378,0.4267426680270941,carbohydrate,saccharide,monosaccharide,unavailable,unavailable
17,coenzyme a,0.02192736007636544,0.02474363887041655,0.418407283753754,cofactor/small-molecule,cofactor,unavailable,unavailable,unavailable
17,keratin,0.021663973888261016,0.024446424217160773,0.4133814758516978,protein/peptide,protein,unavailable,unavailable,unavailable
17,(+)-trehalose,0.02064872244796947,0.02330077718469738,0.39400893871179227,carbohydrate,saccharide,disaccharide,unavailable,unavailable
17,carotene,0.02033592144428997,0.0229478010377105,0.3880402211895194,lipid,carotenoid,unavailable,unavailable,unavailable
17,amylose,0.018886728424836283,0.021312478381357507,0.3603874206338301,carbohydrate,polysaccharide,unavailable,unavailable,unavailable
17,thaumatin,0.01755507260457082,0.01980978901968408,0.33497740808732646,protein/peptide,protein,unavailable,unavailable,unavailable
17,carbonic anhydrase,0.014398048372475774,0.01624728686565998,0.27473659801737943,protein/peptide,protein,unavailable,unavailable,unavailable
17,glycerol,0.013444560050087206,0.015171335605035058,0.2565425948326764,carbohydrate,polyol,unavailable,unavailable,unavailable
17,elastase,0.013277732626904765,0.014983081410342564,0.2533592745995837,protein/peptide,protein,unavailable,unavailable,unavailable
17,creatinine,0.012902920487714672,0.014560129619334936,0.246207290570029,cofactor/small-molecule,small_nitrogenous,unavailable,unavailable,unavailable
17,stearate,0.012635357140847606,0.014258201306634192,0.24110177614399556,lipid,lipid,unavailable,unavailable,unavailable
17,trypsin,0.010645765614051353,0.012013073116681686,0.20313735253772766,protein/peptide,protein,unavailable,unavailable,unavailable
17,β-carotene,0.010432584633815677,0.01177251186486558,0.19906953613950504,lipid,carotenoid,unavailable,unavailable,unavailable
17,pepsinogen,0.010166799154458507,0.011472589763193939,0.19399794612174964,protein/peptide,protein,unavailable,unavailable,unavailable
17,(-)-ribose,0.009993184241985911,0.011276676316167945,0.19068511029957047,carbohydrate,saccharide,monosaccharide,unavailable,unavailable
17,alanine,0.009913598233338176,0.01118686853947895,0.1891664885600117,protein/peptide,amino_acid,aliphatic/polar amino acid,unavailable,unavailable
17,horseradish peroxidase,0.009726759807246913,0.010976033193763887,0.18560132804413487,protein/peptide,protein,unavailable,unavailable,unavailable
17,amylopectin,0.009497197038058175,0.010716986129314874,0.1812209222692154,carbohydrate,polysaccharide,unavailable,unavailable,unavailable
17,phosphatidylinositol,0.008895849481166658,0.010038403448521988,0.16974629892218818,lipid,lipid,unavailable,unavailable,unavailable
17,α-chymotrypsinogen a (type ii),0.008697966383565464,0.009815104889618816,0.16597038932432753,protein/peptide,protein,unavailable,unavailable,unavailable
17,histidine,0.008621462782294373,0.009728775414682225,0.164510584592078,protein/peptide,amino_acid,aromatic amino acid,unavailable,unavailable
17,fructose-6-phosphate,0.008620356621896802,0.009727527182641754,0.16448947737416705,carbohydrate,saccharide,monosaccharide,unavailable,unavailable
17,14-methylpentadecanoic acid,0.008469115002076925,0.009556860581191928,0.16160355790556855,lipid,fatty_acid,saturated fatty acid,unavailable,unavailable
17,fructose,0.008107648293593752,0.009148968264595818,0.1547062249326463,carbohydrate,saccharide,monosaccharide,unavailable,unavailable
17,xylanase,0.008060975150285553,0.009096300574598332,0.15381563057710954,protein/peptide,protein,unavailable,unavailable,unavailable
17,glycogen,0.007784439156853788,0.008784247197797962,0.14853890444733509,carbohydrate,polysaccharide,unavailable,unavailable,unavailable
17,tripalmitin,0.007566069056476623,0.008537830352130656,0.14437207176735709,lipid,triglyceride,triacylglycerol,unavailable,unavailable
17,hydroxyproline,0.007523509088843677,0.008489804120711155,0.14355996304145793,protein/peptide,amino_acid,aliphatic/polar amino acid,unavailable,unavailable
17,major proteinase,0.006855202948633507,0.007735662913988044,0.13080766838001864,protein/peptide,protein,unavailable,unavailable,unavailable
17,acetyl-coa,0.006460380050117346,0.007290130246825572,0.12327384871560818,cofactor/small-molecule,cofactor,unavailable,unavailable,unavailable
17,ubiquitin,0.005733803991300203,0.006470235122713492,0.10940967563907526,protein/peptide,protein,unavailable,unavailable,unavailable
17,serine,0.005027854208790596,0.0056736154467364195,0.09593908319485442,protein/peptide,amino_acid,aliphatic/polar amino acid,unavailable,unavailable
17,hypoxanthine,0.004929200037653813,0.00556229045480089,0.09405661199756647,nucleic,purine,purine base/derivative,unavailable,unavailable
17,isoleucine,0.004263744945870579,0.00481136647588963,0.08135871966381321,protein/peptide,amino_acid,aliphatic/polar amino acid,unavailable,unavailable
17,thymine,0.004073350767153412,0.004596518688248975,0.07772570999542905,nucleic,pyrimidine,pyrimidine base,unavailable,unavailable
17,12-methyltetradecanoic acid,0.004001656913973275,0.004515616709801052,0.07635768255088161,lipid,fatty_acid,saturated fatty acid,unavailable,unavailable
17,glutamate,0.0030698338543867394,0.0034641133278509512,0.05857708543645965,protein/peptide,amino_acid,aliphatic/polar amino acid,unavailable,unavailable
17,ceramide,0.0027368446154269073,0.003088356034320766,0.05222314576897612,lipid,phospholipid,unavailable,unavailable,unavailable
17,trilinolein,0.0025992764039863407,0.002933119009340114,0.0495981356683872,lipid,triglyceride,triacylglycerol,unavailable,unavailable
17,glucose,0.0022435093713725524,0.0025316584164398483,0.04280956115478155,carbohydrate,saccharide,monosaccharide,unavailable,unavailable
17,tristearin,0.0019387841761126432,0.002187795308433727,0.03699494230435929,lipid,triglyceride,triacylglycerol,unavailable,unavailable
17,phosphate,0.0016353052686902917,0.0018453385574205916,0.031204104515910377,cofactor/small-molecule,organic_acid,unavailable,unavailable,unavailable
17,glycine,0.0014826810136182801,0.001673111739544841,0.028291802269893477,protein/peptide,amino_acid,aliphatic/polar amino acid,unavailable,unavailable
17,(-)-fructose,0.000894901052826281,0.0010098392327563483,0.017076069232109903,carbohydrate,saccharide,monosaccharide,unavailable,unavailable
18,cellulose,0.6046344776416894,0.9999999999983461,6.201369059588719,carbohydrate,polysaccharide,unavailable,unavailable,unavailable
18,lactose,0.5483936951716756,0.9069838314707395,5.624541470039175,carbohydrate,saccharide,disaccharide,unavailable,unavailable
18,lactate,0.5289415466797861,0.8748120827346629,5.425032582834079,cofactor/small-molecule,organic_acid,unavailable,unavailable,unavailable
18,(+)-lactose,0.5040597612804083,0.8336603020813576,5.169835203543267,carbohydrate,saccharide,disaccharide,unavailable,unavailable
18,amylopectin,0.4941618715391628,0.8172902634758272,5.06831855263049,carbohydrate,polysaccharide,unavailable,unavailable,unavailable
18,amylose,0.4674101005151319,0.7730457289459257,4.7939418651404,carbohydrate,polysaccharide,unavailable,unavailable,unavailable
18,xylanase,0.449042242650513,0.7426672795789127,4.605553889157211,protein/peptide,protein,unavailable,unavailable,unavailable
18,chitin,0.3665136268213856,0.6061738792176155,3.759107939317207,carbohydrate,polysaccharide,unavailable,unavailable,unavailable
18,(+)-mannose,0.31815984197858077,0.5262019513326501,3.263172500094903,carbohydrate,saccharide,monosaccharide,unavailable,unavailable
18,carotene,0.2939158770514212,0.4861050567233972,3.0145168584790807,lipid,carotenoid,unavailable,unavailable,unavailable
18,glycogen,0.263304865430585,0.435477755845385,2.700558281243168,carbohydrate,polysaccharide,unavailable,unavailable,unavailable
18,β-carotene,0.24631494198259407,0.4073782609005546,2.5263029427019386,lipid,carotenoid,unavailable,unavailable,unavailable
18,n-acetyl- d-glucosamine,0.23368511350467938,0.38648989124099586,2.396766453389685,carbohydrate,saccharide,monosaccharide,unavailable,unavailable
18,(+)-maltose,0.22914706675425794,0.37898445296676103,2.350222460697115,carbohydrate,saccharide,disaccharide,unavailable,unavailable
18,mannose,0.2251738815337642,0.37241323454073916,2.3094719100661165,carbohydrate,saccharide,monosaccharide,unavailable,unavailable
18,(+)-xylose,0.22218319396372488,0.3674669609148963,2.278798241842504,carbohydrate,saccharide,monosaccharide,unavailable,unavailable
18,glucosamine,0.2189068599635175,0.3620482590026584,2.2451948714607624,carbohydrate,saccharide,monosaccharide,unavailable,unavailable
18,n-acetylglucosamine,0.21615676194189337,0.3574998944562865,2.2169887842911145,carbohydrate,saccharide,monosaccharide,unavailable,unavailable
18,glycerol,0.19275450175968328,0.31879508841636406,1.97696599765736,carbohydrate,polyol,unavailable,unavailable,unavailable
18,ascorbate,0.17743990464941004,0.29346640195114493,1.8198934650916665,cofactor/small-molecule,organic_acid,unavailable,unavailable,unavailable
18,(+)-trehalose,0.17001755171208235,0.2811906333474995,1.7437668934902233,carbohydrate,saccharide,disaccharide,unavailable,unavailable
18,(+)-glucose,0.13148042841441065,0.2174544014211995,1.348514996847042,carbohydrate,saccharide,monosaccharide,unavailable,unavailable
18,glucose,0.12311831944163307,0.20362437802362673,1.2627499176558046,carbohydrate,saccharide,monosaccharide,unavailable,unavailable
18,aspartate,0.10891960183236234,0.1801412355064686,1.1171222842277468,cofactor/small-molecule,organic_acid,unavailable,unavailable,unavailable
18,(+)-fucose,0.10716276090961224,0.17723561072370803,1.0991034326011315,carbohydrate,saccharide,monosaccharide,unavailable,unavailable
18,14-methylhexadecanoic acid,0.10040550931457247,0.16605984777121396,1.029798402010122,lipid,fatty_acid,saturated fatty acid,unavailable,unavailable
18,b-dna,0.08348262784286246,0.13807123300070356,0.8562306723512443,nucleic,nucleic_acid,unavailable,unavailable,unavailable
18,(+)-raffinose pentahydrate,0.08103965419805177,0.1340308189404019,0.8311745736097207,carbohydrate,saccharide,trisaccharide,unavailable,unavailable
18,acetyl-coa,0.078905166356587,0.13050060701833852,0.8092824266224095,cofactor/small-molecule,cofactor,unavailable,unavailable,unavailable
18,isoleucine,0.07440511415885113,0.1230580076229478,0.7631281210088434,protein/peptide,amino_acid,aliphatic/polar amino acid,unavailable,unavailable
18,glycine,0.07400005999532808,0.12238809186640302,0.7589737261636688,protein/peptide,amino_acid,aliphatic/polar amino acid,unavailable,unavailable
18,phosphatidylinositol,0.07228957434284461,0.1195591336846728,0.7414303124245876,lipid,lipid,unavailable,unavailable,unavailable
18,trypsin inhibitor,0.06629497572267176,0.10964471622779173,0.6799473507635374,protein/peptide,protein,unavailable,unavailable,unavailable
18,(+)-arabinose,0.06546325935299405,0.10826914735034306,0.6714169404875799,carbohydrate,saccharide,monosaccharide,unavailable,unavailable
18,urate,0.061531192213411225,0.1017659337808607,0.6310881130698277,nucleic,purine,purine base/derivative,unavailable,unavailable
18,hemoglobin,0.06109654520100475,0.10104707465443269,0.6266302023249867,protein/peptide,protein,unavailable,unavailable,unavailable
18,acetyl coenzyme a,0.060807933189109015,0.1005697416167585,0.6236700839940296,protein/peptide,protein,unavailable,unavailable,unavailable
18,(+)-sucrose,0.06038935280259533,0.0998774549510268,0.6193769588847882,carbohydrate,saccharide,disaccharide,unavailable,unavailable
18,cytochrome c,0.059642098296429594,0.09864157685641485,0.6117128227074254,protein/peptide,protein,unavailable,unavailable,unavailable
18,myoglobin,0.05848323073741879,0.09672493531204093,0.599827021135803,protein/peptide,protein,unavailable,unavailable,unavailable
18,coenzyme a,0.05694477174441752,0.09418049061050933,0.5840479804898644,cofactor/small-molecule,cofactor,unavailable,unavailable,unavailable
18,asparagine,0.05662942009774017,0.09365893311033695,0.5808136099454937,protein/peptide,amino_acid,aliphatic/polar amino acid,unavailable,unavailable
18,(+)-galactose,0.05412473144847143,0.08951644911069163,0.5551245378402093,carbohydrate,saccharide,disaccharide,unavailable,unavailable
18,triosephosphate isomerase,0.05164300298273109,0.08541193877013689,0.5296709544094892,protein/peptide,protein,unavailable,unavailable,unavailable
18,a-dna,0.05147038635345439,0.08512644954373735,0.5279005303540462,nucleic,nucleic_acid,unavailable,unavailable,unavailable
18,pepsin,0.05045342339924441,0.08344450286055308,0.5174701582330521,protein/peptide,protein,unavailable,unavailable,unavailable
18,β-d-glucose,0.04886453764650458,0.08081665775497048,0.5011739209018735,carbohydrate,saccharide,monosaccharide,unavailable,unavailable
18,cholesteryl palmitate,0.04660384307511905,0.07707771355814039,0.4779873480440842,lipid,sterol,unavailable,unavailable,unavailable
18,12-methyltetradecanoic acid,0.041016901395222835,0.06783751656891439,0.42068547633049846,lipid,fatty_acid,saturated fatty acid,unavailable,unavailable
18,aspartic acid,0.04070568654630781,0.06732280088460811,0.4174935344113513,cofactor/small-molecule,organic_acid,unavailable,unavailable,unavailable
18,cholesteryl stearate,0.03948037462717618,0.06529626755837636,0.40492625334381155,lipid,sterol,unavailable,unavailable,unavailable
18,t-rna,0.03902305263218147,0.06453990646435194,0.40023577905744406,nucleic,nucleic_acid,unavailable,unavailable,unavailable
18,cholesterol,0.03832128918675605,0.06337926566172783,0.3930382170947428,lipid,lipid,unavailable,unavailable,unavailable
18,pepsinogen,0.03772918280932559,0.06239998578384372,0.3869653411593444,protein/peptide,protein,unavailable,unavailable,unavailable
18,tubulin,0.029527468398957032,0.04883523763659137,0.30284533169772115,protein/peptide,protein,unavailable,unavailable,unavailable
18,horseradish peroxidase,0.0294701922504136,0.04874050908461277,0.3022578849864204,protein/peptide,protein,unavailable,unavailable,unavailable
18,riboflavin,0.027059978339350282,0.044754276079078406,0.2775377829615474,cofactor/small-molecule,cofactor,unavailable,unavailable,unavailable
18,albumin,0.026910186080060003,0.04450653589086705,0.27600145462355424,protein/peptide,protein,unavailable,unavailable,unavailable
18,elaidic acid,0.023809445623283368,0.0393782466989149,0.24419904069990636,lipid,fatty_acid,saturated fatty acid,unavailable,unavailable
18,ethinylestradiol,0.023703579399164874,0.03920315541974862,0.243113235058679,lipid,sterol,unavailable,unavailable,unavailable
18,glutamate,0.022297313478818925,0.03687734375609918,0.22869001856926896,protein/peptide,amino_acid,aliphatic/polar amino acid,unavailable,unavailable
18,phosphoenolpyruvate,0.021145587712944725,0.0349725139647772,0.21687746603756244,cofactor/small-molecule,organic_acid,unavailable,unavailable,unavailable
18,alb,0.020466530874049402,0.033849427432327404,0.20991279196397597,protein/peptide,protein,unavailable,unavailable,unavailable
18,ceramide,0.019774335313789117,0.03270461087644893,0.20281336199543454,lipid,phospholipid,unavailable,unavailable,unavailable
18,acetoacetate,0.01915074360281287,0.031673257663831174,0.19641756009318878,cofactor/small-molecule,organic_acid,unavailable,unavailable,unavailable
18,hypoxanthine,0.018132849639769053,0.02998977119277792,0.18597763917934568,nucleic,purine,purine base/derivative,unavailable,unavailable
18,13-methylmyristicacid,0.01660891100470398,0.027469341592060298,0.170347525036558,lipid,fatty_acid,saturated fatty acid,unavailable,unavailable
18,estriol,0.014932473044839335,0.02469669460970389,0.15315331782698252,lipid,sterol,unavailable,unavailable,unavailable
18,(-)-arabinose,0.014839484780678614,0.024542902082815152,0.15219959360913715,carbohydrate,saccharide,monosaccharide,unavailable,unavailable
18,estradiol,0.014436225145377147,0.023875954281767368,0.14806360415135184,lipid,sterol,unavailable,unavailable,unavailable
18,tricaprylin,0.01440094189207311,0.023817599598717213,0.1477017252254019,lipid,triglyceride,triacylglycerol,unavailable,unavailable
18,cholesteryl oleate,0.014063862098491095,0.023260106094714263,0.1442445022587506,lipid,sterol,unavailable,unavailable,unavailable
18,tricaproin,0.014038303739431823,0.02321783533443788,0.1439823656738469,lipid,triglyceride,triacylglycerol,unavailable,unavailable
18,serine,0.013902166748823663,0.022992679483023446,0.1425860911432978,protein/peptide,amino_acid,aliphatic/polar amino acid,unavailable,unavailable
18,triolein,0.013851672524647854,0.022909167500093405,0.14206820251624966,lipid,lipid,unavailable,unavailable,unavailable
18,oleate,0.013800914503405093,0.022825219225359468,0.1415476082827079,lipid,lipid,unavailable,unavailable,unavailable
18,thaumatin,0.013756633165761138,0.022751982684471827,0.14109344146401526,protein/peptide,protein,unavailable,unavailable,unavailable
18,palmitic acid,0.012671653483127668,0.02095754369239926,0.12996546301923845,lipid,fatty_acid,saturated fatty acid,unavailable,unavailable
18,ferritin,0.012510702783321026,0.02069134865100145,0.12831468932569537,protein/peptide,protein,unavailable,unavailable,unavailable
18,lectin,0.010038799853394776,0.01660308868348595,0.10296188045554766,protein/peptide,protein,unavailable,unavailable,unavailable
18,arginine,0.009796849714481607,0.01620292933455754,0.10048034465019375,protein/peptide,amino_acid,aliphatic/polar amino acid,unavailable,unavailable
18,papain,0.00969401935897247,0.016032859053567203,0.09942567607170298,protein/peptide,protein,unavailable,unavailable,unavailable
18,lactalbumin,0.009048244616377822,0.014964817507024318,0.0928023562706057,protein/peptide,protein,unavailable,unavailable,unavailable
18,cholesteryl linoleate,0.00831243185886057,0.01374786282659327,0.08525557116844643,lipid,sterol,unavailable,unavailable,unavailable
18,riboﬂavin,0.008005382312622846,0.013240036102198014,0.0821063502321442,cofactor/small-molecule,cofactor,unavailable,unavailable,unavailable
18,major proteinase,0.007430324949055642,0.012288953448411546,0.0762083356898315,protein/peptide,protein,unavailable,unavailable,unavailable
18,trypsin,0.007263283993205007,0.012012685782528707,0.07449509793445803,protein/peptide,protein,unavailable,unavailable,unavailable
18,xanthine,0.007008255378274042,0.011590896049456829,0.07187942413412958,nucleic,purine,purine base/derivative,unavailable,unavailable
18,α-phosphatidylcholine,0.005459167643106276,0.009028872558492088,0.055991370927295066,lipid,phospholipid,unavailable,unavailable,unavailable
18,ubiquitin,0.0053413247546052435,0.008833973172402709,0.05478272790466557,protein/peptide,protein,unavailable,unavailable,unavailable
18,elastin,0.005317893186733039,0.00879521989461485,0.05454240452683389,protein/peptide,protein,unavailable,unavailable,unavailable
18,elastase,0.004836952245889473,0.007999795619904899,0.04960968504039365,protein/peptide,protein,unavailable,unavailable,unavailable
18,glutathione,0.004738852458312205,0.007837549186390664,0.048603535027568194,cofactor/small-molecule,cofactor,unavailable,unavailable,unavailable
18,superoxide dismutases,0.003935704298339396,0.006509229036497671,0.04036613154877991,protein/peptide,protein,unavailable,unavailable,unavailable
18,α-phosphatidylethanolamine,0.0033179922641533213,0.005487600173065385,0.03403063392469766,lipid,phospholipid,unavailable,unavailable,unavailable
18,(-)-fructose,0.0032144479656270194,0.0053163491075786905,0.03296864286576511,carbohydrate,saccharide,monosaccharide,unavailable,unavailable
18,palmitoleic acid,0.0026421361097617884,0.004369807226446598,0.02709878733049795,lipid,fatty_acid,unsaturated fatty acid,unavailable,unavailable
18,adenine,0.002499479871717687,0.004133869245204972,0.025635648833641885,nucleic,purine,purine base/derivative,unavailable,unavailable
18,histidine,0.00246318952774995,0.004073848943171876,0.025263440789666063,protein/peptide,amino_acid,aromatic amino acid,unavailable,unavailable
18,phenylalanine,0.0022018701881467775,0.0036416550321961287,0.022583246842393986,protein/peptide,amino_acid,aromatic amino acid,unavailable,unavailable
18,α-chymotrypsinogen a (type ii),0.0017566213207911635,0.0029052615848830974,0.018016599302535522,protein/peptide,protein,unavailable,unavailable,unavailable
18,carbonic anhydrase,0.0016875536771521326,0.002791031175945275,0.017308214378883177,protein/peptide,protein,unavailable,unavailable,unavailable
18,fructose-6-phosphate,0.001355166297743373,0.0022412984172302075,0.013899118657939566,carbohydrate,saccharide,monosaccharide,unavailable,unavailable
18,leucine,0.0011854956338494672,0.001960681498798088,0.01215890958237461,protein/peptide,amino_acid,aliphatic/polar amino acid,unavailable,unavailable
18,diethylstilbestrol,0.0010717956870783419,0.001772634090032363,0.010992758199917081,lipid,sterol,unavailable,unavailable,unavailable
19,creatinine,0.8428222806273938,0.9999999999988135,13.928054214265487,cofactor/small-molecule,small_nitrogenous,unavailable,unavailable,unavailable
19,tubulin,0.5341758155413711,0.6337941317155246,8.827519027227622,protein/peptide,protein,unavailable,unavailable,unavailable
19,gluth,0.2154708483012452,0.25565395369068056,3.560762127099342,unassigned,unknown,unavailable,unavailable,unavailable
19,ergothioneine,0.20416482959129412,0.24223947833827117,3.3739245871348342,cofactor/small-molecule,cofactor,unavailable,unavailable,unavailable
19,cysteine,0.17989924298187684,0.2134486084631591,2.972923790637935,protein/peptide,amino_acid,aliphatic/polar amino acid,unavailable,unavailable
19,(-)-arabinose,0.175389938015303,0.20809836432484352,2.8984053002198307,carbohydrate,saccharide,monosaccharide,unavailable,unavailable
19,mannose,0.17529423834136146,0.20798481764229712,2.896823815869473,carbohydrate,saccharide,monosaccharide,unavailable,unavailable
19,phosphatidylinositol,0.15974665303280353,0.18953776698178787,2.639892294176293,lipid,lipid,unavailable,unavailable,unavailable
19,riboﬂavin,0.1440396123796702,0.17090152418879664,2.3803256942049886,cofactor/small-molecule,cofactor,unavailable,unavailable,unavailable
19,succinic acid,0.14394272386985632,0.1707865669646691,2.378724563755017,cofactor/small-molecule,organic_acid,unavailable,unavailable,unavailable
19,(+)-mannose,0.13918839565025806,0.16514560524726707,2.300156943134352,carbohydrate,saccharide,monosaccharide,unavailable,unavailable
19,riboflavin,0.13265086425368652,0.15738889123195024,2.192121009804338,cofactor/small-molecule,cofactor,unavailable,unavailable,unavailable
19,b-dna,0.1325303687426535,0.15724592454276498,2.190129762006529,nucleic,nucleic_acid,unavailable,unavailable,unavailable
19,(+)-fucose,0.131742528640543,0.15631116033420242,2.1771103154320994,carbohydrate,saccharide,monosaccharide,unavailable,unavailable
19,(+)-trehalose,0.12367907752920923,0.1467439582126332,2.0438578056038894,carbohydrate,saccharide,disaccharide,unavailable,unavailable
19,hypoxanthine,0.12244220081324979,0.14527641666278565,2.0234178073359015,nucleic,purine,purine base/derivative,unavailable,unavailable
19,methionine,0.12153981450989797,0.14420574456014615,2.008505428244619,protein/peptide,amino_acid,aliphatic/polar amino acid,unavailable,unavailable
19,cytochrome c,0.11556029256041551,0.13711110303616528,1.9096908764677172,protein/peptide,protein,unavailable,unavailable,unavailable
19,glutathione,0.11362591767584984,0.13481598705617073,1.8777243766702882,cofactor/small-molecule,cofactor,unavailable,unavailable,unavailable
19,citrate,0.1091411430776103,0.12949484794853375,1.8036112626973841,cofactor/small-molecule,organic_acid,unavailable,unavailable,unavailable
19,2-deoxy-d-ribose,0.09759349495026944,0.11579368176824348,1.612780677339414,carbohydrate,saccharide,monosaccharide,unavailable,unavailable
19,(+)-xylose,0.08238072405955617,0.09774388498383611,1.361382129169415,carbohydrate,saccharide,monosaccharide,unavailable,unavailable
19,ferritin,0.08047111016451207,0.09547814766419581,1.329824816946143,protein/peptide,protein,unavailable,unavailable,unavailable
19,(+)-galactose,0.0803141964681862,0.09529197117131896,1.327231740659929,carbohydrate,saccharide,disaccharide,unavailable,unavailable
19,cholesterol,0.07790827257736477,0.09243736712712163,1.28747266077204,lipid,lipid,unavailable,unavailable,unavailable
19,malic acid,0.07348114656529493,0.08718462747627964,1.2143122181416042,cofactor/small-molecule,organic_acid,unavailable,unavailable,unavailable
19,elastin,0.07305271073895725,0.08667629275829111,1.207232104630458,protein/peptide,protein,unavailable,unavailable,unavailable
19,a-dna,0.06537513905547676,0.07756693262396216,1.0803564428221053,nucleic,nucleic_acid,unavailable,unavailable,unavailable
19,(+)-arabinose,0.06536021289053,0.07754922288219356,1.0801097805786313,carbohydrate,saccharide,monosaccharide,unavailable,unavailable
19,leucine,0.06497671730127702,0.07709420929502658,1.0737723266683346,protein/peptide,amino_acid,aliphatic/polar amino acid,unavailable,unavailable
19,trypsin inhibitor,0.059665461122610626,0.07079245826074398,0.9860011966179388,protein/peptide,protein,unavailable,unavailable,unavailable
19,phenylalanine,0.058747767907204006,0.06970362466379351,0.970835863249281,protein/peptide,amino_acid,aromatic amino acid,unavailable,unavailable
19,diethylstilbestrol,0.056791919771907076,0.06738303089183166,0.938514507384071,lipid,sterol,unavailable,unavailable,unavailable
19,insulin,0.05643650088486418,0.06696133002414945,0.9326410348367835,protein/peptide,protein,unavailable,unavailable,unavailable
19,carotene,0.055169996949308193,0.06545863608182545,0.9117114321406217,lipid,carotenoid,unavailable,unavailable,unavailable
19,albumin,0.05012252868125552,0.059469866700587244,0.8282995275219038,protein/peptide,protein,unavailable,unavailable,unavailable
19,hemoglobin,0.0491918795856821,0.05836566108457109,0.812920091838316,protein/peptide,protein,unavailable,unavailable,unavailable
19,proline,0.04761626599620159,0.056496211705152975,0.7868822995309248,protein/peptide,amino_acid,aliphatic/polar amino acid,unavailable,unavailable
19,cholesteryl palmitate,0.047448175978418855,0.056296774621385555,0.7841045290158738,lipid,sterol,unavailable,unavailable,unavailable
19,pyruvate,0.04460895365044032,0.05292806642128712,0.7371849785728064,cofactor/small-molecule,organic_acid,unavailable,unavailable,unavailable
19,glycogen,0.04348062586097111,0.051589317060475315,0.7185388048960841,carbohydrate,polysaccharide,unavailable,unavailable,unavailable
19,glycerol,0.040030820518079754,0.04749615836951233,0.6615290687406922,carbohydrate,polyol,unavailable,unavailable,unavailable
19,glycine,0.03740193832480189,0.044377016583989265,0.6180854928498946,protein/peptide,amino_acid,aliphatic/polar amino acid,unavailable,unavailable
19,t-rna,0.037007855403507234,0.04390944123583777,0.6115730780515788,nucleic,nucleic_acid,unavailable,unavailable,unavailable
19,serine,0.034554137334181785,0.04099812988856775,0.5710241757721474,protein/peptide,amino_acid,aliphatic/polar amino acid,unavailable,unavailable
19,12-methyltetradecanoic acid,0.032910937159066504,0.03904848971781889,0.5438694817756153,lipid,fatty_acid,saturated fatty acid,unavailable,unavailable
19,14-methylpentadecanoic acid,0.030131533698269902,0.03575075599069871,0.4979384676400192,lipid,fatty_acid,saturated fatty acid,unavailable,unavailable
19,cholesteryl linoleate,0.02890385176405257,0.034294123955173984,0.4776504176789707,lipid,sterol,unavailable,unavailable,unavailable
19,coenzyme a,0.028441797045855335,0.03374590076646956,0.47001473538516897,cofactor/small-molecule,cofactor,unavailable,unavailable,unavailable
19,β-carotene,0.027537745545868336,0.03267325292508483,0.4550748380975299,lipid,carotenoid,unavailable,unavailable,unavailable
19,ethinylestradiol,0.024731337289499177,0.029343478284722037,0.4086975563852155,lipid,sterol,unavailable,unavailable,unavailable
19,phosphate,0.023918048722702062,0.028378519733566105,0.39525756137018064,cofactor/small-molecule,organic_acid,unavailable,unavailable,unavailable
19,glucose oxidase,0.022004731435892374,0.02610838837754268,0.3636390487699449,protein/peptide,protein,unavailable,unavailable,unavailable
19,cellulose,0.02146857047246658,0.025472238888203075,0.35477872419403506,carbohydrate,polysaccharide,unavailable,unavailable,unavailable
19,myoglobin,0.02007196434397653,0.023815180027052935,0.3316991185396795,protein/peptide,protein,unavailable,unavailable,unavailable
19,cholesteryl oleate,0.019946908076634927,0.02366680204723925,0.32963250199262883,lipid,sterol,unavailable,unavailable,unavailable
19,alb,0.01959094114692285,0.023244450932545565,0.32374997276971273,protein/peptide,protein,unavailable,unavailable,unavailable
19,cholesteryl stearate,0.019499514610593703,0.02313597428399164,0.32223910412767004,lipid,sterol,unavailable,unavailable,unavailable
19,superoxide dismutases,0.017918500168773378,0.021260116848612086,0.2961120600694396,protein/peptide,protein,unavailable,unavailable,unavailable
19,tricaproin,0.014575333071444357,0.01729348334334166,0.24086457355984559,lipid,triglyceride,triacylglycerol,unavailable,unavailable
19,galactose,0.01429533827656781,0.016961272388183013,0.23623752136581755,carbohydrate,saccharide,disaccharide,unavailable,unavailable
19,elastase,0.012913511966112998,0.015321749629690502,0.2134021594999847,protein/peptide,protein,unavailable,unavailable,unavailable
19,glucosamine,0.012701031399441128,0.0150696436145132,0.2098908132528486,carbohydrate,saccharide,monosaccharide,unavailable,unavailable
19,chitin,0.011693629864081633,0.013874372015133562,0.19324300561589747,carbohydrate,polysaccharide,unavailable,unavailable,unavailable
19,trierucin,0.011545976365366396,0.013699182651837246,0.19080295866614083,lipid,triglyceride,triacylglycerol,unavailable,unavailable
19,13-methylmyristicacid,0.011081239570271396,0.013147777206375482,0.18312295372769902,lipid,fatty_acid,saturated fatty acid,unavailable,unavailable
19,thaumatin,0.010686540183120942,0.012679470427802693,0.17660035152682144,protein/peptide,protein,unavailable,unavailable,unavailable
19,14-methylhexadecanoic acid,0.010523631774113732,0.012486181269754155,0.1739082096544885,lipid,fatty_acid,saturated fatty acid,unavailable,unavailable
19,triosephosphate isomerase,0.010041975346204298,0.011914700853324824,0.1659485994320603,protein/peptide,protein,unavailable,unavailable,unavailable
19,pepsin,0.009837796821880122,0.011672445126326312,0.16257444853270475,protein/peptide,protein,unavailable,unavailable,unavailable
19,tricaprylin,0.00911928526221282,0.01081993852299875,0.15070069034352504,lipid,triglyceride,triacylglycerol,unavailable,unavailable
19,cytosine,0.008810057461799957,0.010453042906306807,0.14559054830325724,nucleic,pyrimidine,pyrimidine base,unavailable,unavailable
19,tricaprin,0.008762577815239996,0.010396708792162885,0.14480592370734713,lipid,triglyceride,triacylglycerol,unavailable,unavailable
19,palmitic acid,0.007877702298377472,0.00934681305826893,0.13018291900632872,lipid,fatty_acid,saturated fatty acid,unavailable,unavailable
19,lauric acid,0.00781695564429063,0.009274737775634553,0.1291790505622874,lipid,fatty_acid,saturated fatty acid,unavailable,unavailable
19,trypsinogen,0.006797408720565154,0.008065055797406214,0.11233053438748321,protein/peptide,protein,unavailable,unavailable,unavailable
19,myristic acid,0.006096258242329712,0.007233147939307498,0.10074367663859704,lipid,fatty_acid,saturated fatty acid,unavailable,unavailable
19,histidine,0.005306977489693825,0.00629667441365816,0.08770042260311327,protein/peptide,amino_acid,aromatic amino acid,unavailable,unavailable
19,lectin,0.004770662616217591,0.005660342311620745,0.07883755458764811,protein/peptide,protein,unavailable,unavailable,unavailable
19,collagen,0.00433036493202556,0.0051379336208303775,0.07156141802030778,protein/peptide,protein,unavailable,unavailable,unavailable
19,glutamate,0.003249254880746243,0.0038552076225650492,0.053695540774399274,protein/peptide,amino_acid,aliphatic/polar amino acid,unavailable,unavailable
19,trilaurin,0.0026312602908805686,0.003121963373961526,0.04348287512753893,lipid,triglyceride,triacylglycerol,unavailable,unavailable
19,trypsin,0.002016343474943728,0.002392370872588201,0.033321071214077624,protein/peptide,protein,unavailable,unavailable,unavailable
19,arginine,0.0018295309969928446,0.0021707197816706715,0.030233902803123533,protein/peptide,amino_acid,aliphatic/polar amino acid,unavailable,unavailable
19,horseradish peroxidase,0.0015109473825807484,0.001792723587532845,0.024969151318379613,protein/peptide,protein,unavailable,unavailable,unavailable
19,ascorbate,0.0014637465425190988,0.0017367202744423824,0.02418913413747624,cofactor/small-molecule,organic_acid,unavailable,unavailable,unavailable
19,15-methylpalmiticacid,0.001400602107814791,0.0016618000496742044,0.023145641185158865,lipid,fatty_acid,saturated fatty acid,unavailable,unavailable
19,tripalmitin,0.0012339711611657701,0.0014640941388565836,0.020391982540807034,lipid,triglyceride,triacylglycerol,unavailable,unavailable
19,trilinolenin,0.0009968748452279484,0.0011827817894001279,0.016473848886430473,lipid,triglyceride,triacylglycerol,unavailable,unavailable
19,trilinolein,0.0008394205636571828,0.000995963897669299,0.013871839162205619,lipid,triglyceride,triacylglycerol,unavailable,unavailable
19,uracil,0.0006950931915465217,0.0008247209495082073,0.011486758096404452,nucleic,pyrimidine,pyrimidine base,unavailable,unavailable
20,fructose,0.6280183689230463,0.9999999999984077,11.187295935165526,carbohydrate,saccharide,monosaccharide,unavailable,unavailable
20,(-)-fructose,0.5761339496983009,0.9173839145586833,10.263045338344938,carbohydrate,saccharide,monosaccharide,unavailable,unavailable
20,urate,0.34125520581239827,0.5433841153357575,6.078998904738914,nucleic,purine,purine base/derivative,unavailable,unavailable
20,ascorbate,0.2682238197634942,0.4270955007622296,4.778043759612384,cofactor/small-molecule,organic_acid,unavailable,unavailable,unavailable
20,cysteine,0.2126637529637229,0.33862664451689445,3.788316483748627,protein/peptide,amino_acid,aliphatic/polar amino acid,unavailable,unavailable
20,acetyl coenzyme a,0.19077735021514286,0.3037767040827047,3.398439886787834,protein/peptide,protein,unavailable,unavailable,unavailable
20,2-deoxy-d-ribose,0.18946234673727294,0.3016828107462361,3.3750148823760515,carbohydrate,saccharide,monosaccharide,unavailable,unavailable
20,diethylstilbestrol,0.18231591966410782,0.29030348264567635,3.247710971371542,lipid,sterol,unavailable,unavailable,unavailable
20,phenylalanine,0.1382414182475943,0.22012320831385346,2.4625834736090884,protein/peptide,amino_acid,aromatic amino acid,unavailable,unavailable
20,ethinylestradiol,0.12681936808833122,0.20193576233383867,2.259115133125502,lipid,sterol,unavailable,unavailable,unavailable
20,acetyl-coa,0.10553935957074378,0.1680513895661353,1.8800406273951373,cofactor/small-molecule,cofactor,unavailable,unavailable,unavailable
20,adenine,0.0976514479223087,0.15549138807772492,1.7395281737979473,nucleic,purine,purine base/derivative,unavailable,unavailable
20,(-)-arabinose,0.0963125409098669,0.15335943290142065,1.7156773603200852,carbohydrate,saccharide,monosaccharide,unavailable,unavailable
20,(+)-fucose,0.09399885074443212,0.14967532065260422,1.674462106334142,carbohydrate,saccharide,monosaccharide,unavailable,unavailable
20,fructose-6-phosphate,0.09057911016092784,0.1442300331375859,1.6135440634514733,carbohydrate,saccharide,monosaccharide,unavailable,unavailable
20,(-)-ribose,0.08460731522969381,0.13472108367570118,1.5071646317886662,carbohydrate,saccharide,monosaccharide,unavailable,unavailable
20,(+)-sucrose,0.07731696974958192,0.12311259284031036,1.3772970094522856,carbohydrate,saccharide,disaccharide,unavailable,unavailable
20,lactose,0.07638717663881836,0.12163207386702533,1.3607340055604922,carbohydrate,saccharide,disaccharide,unavailable,unavailable
20,estriol,0.0688288521462963,0.10959687734009671,1.226092700375651,lipid,sterol,unavailable,unavailable,unavailable
20,hypoxanthine,0.06861083474897772,0.10924972603353206,1.2222090159748267,nucleic,purine,purine base/derivative,unavailable,unavailable
20,phosphatidylinositol,0.0670229110481032,0.10672125906592564,1.193922307745878,lipid,lipid,unavailable,unavailable,unavailable
20,estradiol,0.06694730262330646,0.10660086700649228,1.1925754461487508,lipid,sterol,unavailable,unavailable,unavailable
20,(+)-arabinose,0.06222385528333229,0.09907967403873462,1.108433634632826,carbohydrate,saccharide,monosaccharide,unavailable,unavailable
20,n-acetylglucosamine,0.058908615529323326,0.09380078425134065,1.0493771323720327,carbohydrate,saccharide,monosaccharide,unavailable,unavailable
20,serine,0.058825284688705494,0.09366809571109844,1.0478927064051355,protein/peptide,amino_acid,aliphatic/polar amino acid,unavailable,unavailable
20,lactate,0.0572029873717996,0.09108489528706419,1.0189936788015734,cofactor/small-molecule,organic_acid,unavailable,unavailable,unavailable
20,(+)-galactose,0.056388143148365114,0.08978741058955364,1.004478333519151,carbohydrate,saccharide,disaccharide,unavailable,unavailable
20,pyruvate,0.055443046384156536,0.08828252345412196,0.9876427157860264,cofactor/small-molecule,organic_acid,unavailable,unavailable,unavailable
20,cholesteryl stearate,0.05489569934696325,0.08741097723146764,0.9778924702720013,lipid,sterol,unavailable,unavailable,unavailable
20,t-rna,0.05300562331961075,0.08440139005873784,0.9442233279279413,nucleic,nucleic_acid,unavailable,unavailable,unavailable
20,estrone,0.05282655455263186,0.08411625705015136,0.9410334605799952,lipid,sterol,unavailable,unavailable,unavailable
20,cholesterol,0.05209818849294587,0.08295647240733292,0.9280586065597044,lipid,lipid,unavailable,unavailable,unavailable
20,glutathione,0.05148017521725184,0.08197240361846478,0.917049537798059,cofactor/small-molecule,cofactor,unavailable,unavailable,unavailable
20,cholesteryl palmitate,0.04810290207940368,0.07659473744663882,0.8568879948932177,lipid,sterol,unavailable,unavailable,unavailable
20,n-acetyl- d-glucosamine,0.04618163139702627,0.07353547870924068,0.8226631620556493,carbohydrate,saccharide,monosaccharide,unavailable,unavailable
20,cholesteryl oleate,0.04564896911331026,0.07268731516805543,0.8131745055189767,lipid,sterol,unavailable,unavailable,unavailable
20,15-methylpalmiticacid,0.04521922446308078,0.07200302841547884,0.8055191871133769,lipid,fatty_acid,saturated fatty acid,unavailable,unavailable
20,proline,0.044881228554298755,0.07146483411176588,0.7994982481671101,protein/peptide,amino_acid,aliphatic/polar amino acid,unavailable,unavailable
20,(+)-maltose,0.04207571743313828,0.06699759038135236,0.7495218705403817,carbohydrate,saccharide,disaccharide,unavailable,unavailable
20,thymine,0.04105975331933587,0.06537986044847952,0.7314238470381289,nucleic,pyrimidine,pyrimidine base,unavailable,unavailable
20,aspartate,0.038818279139658164,0.0618107384441058,0.6914950229464253,cofactor/small-molecule,organic_acid,unavailable,unavailable,unavailable
20,acetoacetate,0.038460687927503956,0.06124134234066562,0.6851250202328999,cofactor/small-molecule,organic_acid,unavailable,unavailable,unavailable
20,lectin,0.033856608889948465,0.05391022072802324,0.603109593215451,protein/peptide,protein,unavailable,unavailable,unavailable
20,(+)-lactose,0.03215696815555686,0.051203865598150974,0.5728327974718684,carbohydrate,saccharide,disaccharide,unavailable,unavailable
20,albumin,0.031960696224268864,0.05089133981705916,0.5693364790714199,protein/peptide,protein,unavailable,unavailable,unavailable
20,riboflavin,0.028853509852422386,0.0459437355341305,0.5139861657881166,cofactor/small-molecule,cofactor,unavailable,unavailable,unavailable
20,ferritin,0.028483004858467015,0.045353776685331006,0.5073861215570165,protein/peptide,protein,unavailable,unavailable,unavailable
20,pepsinogen,0.028034110994570094,0.044638998446175374,0.49938968586755317,protein/peptide,protein,unavailable,unavailable,unavailable
20,glycogen,0.027475890027131446,0.04375013755442308,0.48944573602630925,carbohydrate,polysaccharide,unavailable,unavailable,unavailable
20,gluth,0.026397240007181962,0.04203259221924844,0.4702310480796169,unassigned,unknown,unavailable,unavailable,unavailable
20,riboﬂavin,0.025439382607591782,0.04050738619505009,0.4531681169247855,cofactor/small-molecule,cofactor,unavailable,unavailable,unavailable
20,glycerol,0.022787208830468034,0.03628430306824984,0.40592323622639187,carbohydrate,polyol,unavailable,unavailable,unavailable
20,histidine,0.02234015457222782,0.03557245405178536,0.39795957061803444,protein/peptide,amino_acid,aromatic amino acid,unavailable,unavailable
20,malic acid,0.019458260483149678,0.030983584949094055,0.34662253395840764,cofactor/small-molecule,organic_acid,unavailable,unavailable,unavailable
20,leucine,0.01916811453368566,0.03052158261951075,0.34145397717461506,protein/peptide,amino_acid,aliphatic/polar amino acid,unavailable,unavailable
20,superoxide dismutases,0.018673789775808473,0.029734464308426807,0.3326482516925173,protein/peptide,protein,unavailable,unavailable,unavailable
20,cholesteryl linoleate,0.017164965231391764,0.02733194772757949,0.30577058771339355,lipid,sterol,unavailable,unavailable,unavailable
20,isoleucine,0.01684958422371459,0.026829763359600727,0.3001525025747921,protein/peptide,amino_acid,aliphatic/polar amino acid,unavailable,unavailable
20,glucose oxidase,0.016017815473104997,0.025505329566311175,0.28533566978270447,protein/peptide,protein,unavailable,unavailable,unavailable
20,collagen,0.015022673555609227,0.02392075502719268,0.2676085654822291,protein/peptide,protein,unavailable,unavailable,unavailable
20,phosphate,0.014393995973430563,0.022919705355260715,0.256409526556508,cofactor/small-molecule,organic_acid,unavailable,unavailable,unavailable
20,keratin,0.013434408124323645,0.02139174391879679,0.23931576978923821,protein/peptide,protein,unavailable,unavailable,unavailable
20,12-methyltetradecanoic acid,0.01318144791865708,0.020988952825122333,0.2348096266242459,lipid,fatty_acid,saturated fatty acid,unavailable,unavailable
20,thaumatin,0.011465495838741034,0.018256624974814537,0.2042422663709093,protein/peptide,protein,unavailable,unavailable,unavailable
20,amylopectin,0.011254204586307746,0.017920183776772382,0.20047839912362408,carbohydrate,polysaccharide,unavailable,unavailable,unavailable
20,tricaprylin,0.011193767611536228,0.017823949370643365,0.19940179634311217,lipid,triglyceride,triacylglycerol,unavailable,unavailable
20,(+)-xylose,0.011151733538880984,0.01775701809166301,0.1986530163178386,carbohydrate,saccharide,monosaccharide,unavailable,unavailable
20,trimyristin,0.01081356337413209,0.01721854631841175,0.1926289732377338,lipid,triglyceride,triacylglycerol,unavailable,unavailable
20,coenzyme a,0.010784974604173882,0.017173024130888496,0.1921197030542943,cofactor/small-molecule,cofactor,unavailable,unavailable,unavailable
20,methionine,0.010780912681021652,0.017166556289574895,0.1920473453994572,protein/peptide,amino_acid,aliphatic/polar amino acid,unavailable,unavailable
20,phosphoenolpyruvate,0.010724042296926318,0.01707600100184857,0.1910342765971671,cofactor/small-molecule,organic_acid,unavailable,unavailable,unavailable
20,tristearin,0.010190542513470922,0.016226503901358633,0.18153070113790604,lipid,triglyceride,triacylglycerol,unavailable,unavailable
20,elastin,0.009873181723379861,0.015721167105820662,0.17587734885928552,protein/peptide,protein,unavailable,unavailable,unavailable
20,a-dna,0.009705321368598686,0.015453881365327493,0.17288714418113382,nucleic,nucleic_acid,unavailable,unavailable,unavailable
20,tripalmitin,0.009420522993687362,0.01500039403278457,0.16781384718911924,lipid,triglyceride,triacylglycerol,unavailable,unavailable
20,tricaprin,0.009312473579935128,0.014828345858561019,0.1658890933489724,lipid,triglyceride,triacylglycerol,unavailable,unavailable
20,valine,0.009003797930800488,0.01433683850080096,0.1603904550833906,protein/peptide,amino_acid,aliphatic/polar amino acid,unavailable,unavailable
20,pepsin,0.008854528838417648,0.014099155815438467,0.1577314285435713,protein/peptide,protein,unavailable,unavailable,unavailable
20,glucosamine,0.008848362531272325,0.014089337142210983,0.15762158414048458,carbohydrate,saccharide,monosaccharide,unavailable,unavailable
20,stearate,0.00832997795715839,0.013263908142415867,0.14838726564629423,lipid,lipid,unavailable,unavailable,unavailable
20,trypsinogen,0.008245704961929863,0.01312971939985901,0.14688605647214056,protein/peptide,protein,unavailable,unavailable,unavailable
20,galactose,0.008025256900582766,0.012778697722380404,0.14295907308652286,carbohydrate,saccharide,disaccharide,unavailable,unavailable
20,ubiquitin,0.00784085244200696,0.012485068638104193,0.13967415762554802,protein/peptide,protein,unavailable,unavailable,unavailable
20,13-methylmyristicacid,0.007439739006725704,0.011846371658637712,0.13252886550334878,lipid,fatty_acid,saturated fatty acid,unavailable,unavailable
20,glucose,0.007202213700621899,0.011468157711630483,0.12829767415136517,carbohydrate,saccharide,monosaccharide,unavailable,unavailable
20,14-methylpentadecanoic acid,0.006590788821751201,0.010494579693652724,0.11740596874825873,lipid,fatty_acid,saturated fatty acid,unavailable,unavailable
20,glutathione transferase,0.006494275891241153,0.01034090117836439,0.11568672171884854,protein/peptide,protein,unavailable,unavailable,unavailable
20,triosephosphate isomerase,0.0064517105092431574,0.010273123890144429,0.11492847713784762,protein/peptide,protein,unavailable,unavailable,unavailable
20,trypsin inhibitor,0.00640498479452191,0.010198722062055705,0.11409612186890043,protein/peptide,protein,unavailable,unavailable,unavailable
20,alanine,0.0063495924769804545,0.010110520314650838,0.1131093828186819,protein/peptide,amino_acid,aliphatic/polar amino acid,unavailable,unavailable
20,trilaurin,0.00580662556675341,0.009245948612461165,0.10343716332910083,lipid,triglyceride,triacylglycerol,unavailable,unavailable
20,tricaproin,0.005491663271955134,0.008744430965233925,0.09782653699285283,lipid,triglyceride,triacylglycerol,unavailable,unavailable
20,tribehenin,0.0051849297205080035,0.008256016029262162,0.09236249456497307,lipid,triglyceride,triacylglycerol,unavailable,unavailable
20,lauric acid,0.004985747793250165,0.007938856632158717,0.08881433853095251,lipid,fatty_acid,saturated fatty acid,unavailable,unavailable
20,insulin,0.004861364351901769,0.007740799620607453,0.0865986161306905,protein/peptide,protein,unavailable,unavailable,unavailable
20,papain,0.004436881743669977,0.007064891670718922,0.07903703387034443,protein/peptide,protein,unavailable,unavailable,unavailable
20,carbonic anhydrase,0.004250632372275941,0.006768324913104604,0.07571925378837527,protein/peptide,protein,unavailable,unavailable,unavailable
20,tyrosine,0.004238794249741189,0.006749474950873351,0.0755083736825272,protein/peptide,amino_acid,aromatic amino acid,unavailable,unavailable
20,lactalbumin,0.003120904587539964,0.004969447936509978,0.05559468470022331,protein/peptide,protein,unavailable,unavailable,unavailable
20,glutamate,0.002358194807847778,0.0037549774410069563,0.04200804386248226,protein/peptide,amino_acid,aliphatic/polar amino acid,unavailable,unavailable
20,arginine,0.0014007102248789832,0.0022303650564851354,0.02495175393039112,protein/peptide,amino_acid,aliphatic/polar amino acid,unavailable,unavailable
21,fructose-6-phosphate,0.5265714681284761,0.999999999998101,9.399056083396077,carbohydrate,saccharide,monosaccharide,unavailable,unavailable
21,arginine,0.4801049702593925,0.9117565217972309,8.569650682790584,protein/peptide,amino_acid,aliphatic/polar amino acid,unavailable,unavailable
21,n-acetyl- d-glucosamine,0.33819478192942587,0.6422580834673496,6.036619746535561,carbohydrate,saccharide,monosaccharide,unavailable,unavailable
21,histidine,0.3057287343476908,0.5806025446720875,5.457115879545789,protein/peptide,amino_acid,aromatic amino acid,unavailable,unavailable
21,ergothioneine,0.2954632350025566,0.5611075663710412,5.273881485149317,cofactor/small-molecule,cofactor,unavailable,unavailable,unavailable
21,n-acetylglucosamine,0.24243142691834216,0.4603960556000575,4.327288347167496,carbohydrate,saccharide,monosaccharide,unavailable,unavailable
21,ure,0.19692253368922663,0.3739711427752601,3.5149757445230665,unassigned,unknown,unavailable,unavailable,unavailable
21,malic acid,0.15313682167355186,0.2908186845321019,2.7334211260218875,cofactor/small-molecule,organic_acid,unavailable,unavailable,unavailable
21,serine,0.13797344022867694,0.26202224879140495,2.4627618114926517,protein/peptide,amino_acid,aliphatic/polar amino acid,unavailable,unavailable
21,(-)-fructose,0.12792988693602203,0.24294876323334325,2.283489051026244,carbohydrate,saccharide,monosaccharide,unavailable,unavailable
21,fumarate,0.12599235920089752,0.2392692480062704,2.248905081047211,cofactor/small-molecule,organic_acid,unavailable,unavailable,unavailable
21,fructose,0.10720316694966485,0.20358711673171245,1.9135267280219028,carbohydrate,saccharide,monosaccharide,unavailable,unavailable
21,phosphate,0.10143490799684036,0.19263274623891896,1.810565985401642,cofactor/small-molecule,organic_acid,unavailable,unavailable,unavailable
21,phosphoenolpyruvate,0.08577106105495882,0.16288588775924523,1.5309735942458118,cofactor/small-molecule,organic_acid,unavailable,unavailable,unavailable
21,cellulose,0.08521056692467271,0.16182146599656005,1.5209690344019273,carbohydrate,polysaccharide,unavailable,unavailable,unavailable
21,cytosine,0.07911590511218416,0.15024723119394448,1.4121821523695424,nucleic,pyrimidine,pyrimidine base,unavailable,unavailable
21,mannose,0.07903225040595212,0.15008836442790185,1.410688954725717,carbohydrate,saccharide,monosaccharide,unavailable,unavailable
21,isoleucine,0.06726235273151655,0.1277364171865418,1.2006017490306646,protein/peptide,amino_acid,aliphatic/polar amino acid,unavailable,unavailable
21,estriol,0.06551721765692671,0.1244222705222931,1.169451898664732,lipid,sterol,unavailable,unavailable,unavailable
21,estradiol,0.06515904550351165,0.12374207386316269,1.1630586921178145,lipid,sterol,unavailable,unavailable,unavailable
21,cholesteryl linoleate,0.06319081739666285,0.12000425625249633,1.1279267347655892,lipid,sterol,unavailable,unavailable,unavailable
21,xanthine,0.06279530856728582,0.11925315435405512,1.1208670858977816,nucleic,purine,purine base/derivative,unavailable,unavailable
21,estrone,0.06115935002286612,0.11614634237612727,1.0916659858766158,lipid,sterol,unavailable,unavailable,unavailable
21,tyrosine,0.06039356061918408,0.11469204898951,1.077997000774062,protein/peptide,amino_acid,aromatic amino acid,unavailable,unavailable
21,(-)-arabinose,0.06015356060775181,0.1142362703802268,1.0737131120637888,carbohydrate,saccharide,monosaccharide,unavailable,unavailable
21,ethinylestradiol,0.056804698059388745,0.10787652103744694,1.013937471314546,lipid,sterol,unavailable,unavailable,unavailable
21,(+)-arabinose,0.05571060579463656,0.10579875509118575,0.9944084326574294,carbohydrate,saccharide,monosaccharide,unavailable,unavailable
21,cholesterol,0.05371312475351539,0.1020053838927485,0.9587543240181107,lipid,lipid,unavailable,unavailable,unavailable
21,thaumatin,0.052728293751005594,0.10013511354557572,0.9411755481338876,protein/peptide,protein,unavailable,unavailable,unavailable
21,(+)-galactose,0.05229281695301869,0.09930810937929638,0.9334024895938111,carbohydrate,saccharide,disaccharide,unavailable,unavailable
21,linoleic acid,0.05223305802373607,0.09919462254436608,0.932335820467572,lipid,fatty_acid,unsaturated fatty acid,unavailable,unavailable
21,ubiquitin,0.0518020284897018,0.09837606407676545,0.9246421435230405,protein/peptide,protein,unavailable,unavailable,unavailable
21,12-methyltetradecanoic acid,0.05106475426271405,0.09697592321914028,0.9114821410775422,lipid,fatty_acid,saturated fatty acid,unavailable,unavailable
21,glutathione,0.05084747354456957,0.09656329030737938,0.9076037811980391,cofactor/small-molecule,cofactor,unavailable,unavailable,unavailable
21,α-chymotrypsinogen a (type ii),0.05017628453431051,0.09528865039450429,0.8956233691707685,protein/peptide,protein,unavailable,unavailable,unavailable
21,horseradish peroxidase,0.04472927506452603,0.08494435755020392,0.7983967805839318,protein/peptide,protein,unavailable,unavailable,unavailable
21,myoglobin,0.04444861472313548,0.08441136182525982,0.7933871238729624,protein/peptide,protein,unavailable,unavailable,unavailable
21,(+)-mannose,0.043480185859923914,0.08257224041093085,0.7761011185554768,carbohydrate,saccharide,monosaccharide,unavailable,unavailable
21,albumin,0.040720196123025916,0.07733080614427333,0.7268365839256352,protein/peptide,protein,unavailable,unavailable,unavailable
21,a-dna,0.037608705662870216,0.0714218447810446,0.6712979246779224,nucleic,nucleic_acid,unavailable,unavailable,unavailable
21,14-methylhexadecanoic acid,0.035940950320652094,0.06825464822149223,0.641529266587494,lipid,fatty_acid,saturated fatty acid,unavailable,unavailable
21,trypsin,0.03546850331423166,0.06735743476612083,0.6330963070016646,protein/peptide,protein,unavailable,unavailable,unavailable
21,hypoxanthine,0.03464741632265295,0.06579812697738813,0.6184402856440618,nucleic,purine,purine base/derivative,unavailable,unavailable
21,α-phosphatidylcholine,0.03444687620564924,0.06541728576372328,0.6148607377179505,lipid,phospholipid,unavailable,unavailable,unavailable
21,hemoglobin,0.03313084364318864,0.06291803800323313,0.591370167850757,protein/peptide,protein,unavailable,unavailable,unavailable
21,coenzyme a,0.02846153236456045,0.054050654255278,0.5080251306905735,cofactor/small-molecule,cofactor,unavailable,unavailable,unavailable
21,superoxide dismutases,0.027102197495644253,0.05146917206114218,0.48376163476955647,protein/peptide,protein,unavailable,unavailable,unavailable
21,triolein,0.025893411428625356,0.04917359370154585,0.4621853650238392,lipid,lipid,unavailable,unavailable,unavailable
21,tri-11-eicosenoin,0.024370481398902098,0.04628143162688367,0.4350017714817666,lipid,triglyceride,triacylglycerol,unavailable,unavailable
21,oleate,0.02410288181720508,0.045773239296130155,0.4302252432638534,lipid,lipid,unavailable,unavailable,unavailable
21,hydroxyproline,0.02396573754411063,0.045512791699944155,0.427777281700511,protein/peptide,amino_acid,aliphatic/polar amino acid,unavailable,unavailable
21,aspartate,0.023770612826382646,0.045142234748916946,0.4242943961357073,cofactor/small-molecule,organic_acid,unavailable,unavailable,unavailable
21,t-rna,0.022614037263356063,0.042945808180012535,0.4036500596314743,nucleic,nucleic_acid,unavailable,unavailable,unavailable
21,vaccenic acid,0.021078158245793024,0.04002905497456657,0.37623533267201037,lipid,fatty_acid,saturated fatty acid,unavailable,unavailable
21,diethylstilbestrol,0.020912341321749378,0.03971415579358231,0.37327557760931823,lipid,sterol,unavailable,unavailable,unavailable
21,tripetroselinin,0.020823052283845456,0.03954458899532585,0.37168180976262083,lipid,triglyceride,triacylglycerol,unavailable,unavailable
21,palmitoleic acid,0.02063513570047664,0.03918772084970386,0.3683275860475358,lipid,fatty_acid,unsaturated fatty acid,unavailable,unavailable
21,cytochrome c,0.020159593378940636,0.03828462915120136,0.3598393765248452,protein/peptide,protein,unavailable,unavailable,unavailable
21,cholesteryl stearate,0.02004972753528845,0.038075985405191984,0.3578783222546496,lipid,sterol,unavailable,unavailable,unavailable
21,asparagine,0.019867363030744514,0.03772966108725706,0.3546232005673291,protein/peptide,amino_acid,aliphatic/polar amino acid,unavailable,unavailable
21,insulin,0.018859157612248285,0.035815000913819166,0.3366272022165073,protein/peptide,protein,unavailable,unavailable,unavailable
21,thymine,0.01811443426564211,0.034400713601117565,0.3233342364463642,nucleic,pyrimidine,pyrimidine base,unavailable,unavailable
21,trypsin inhibitor,0.017854151947267995,0.03390641732012325,0.3186883179794757,protein/peptide,protein,unavailable,unavailable,unavailable
21,collagen,0.017731737184063918,0.033673942203993376,0.31650327132497286,protein/peptide,protein,unavailable,unavailable,unavailable
21,tripalmitolein,0.017542255103884727,0.03331410105868354,0.31312110421908584,lipid,triglyceride,triacylglycerol,unavailable,unavailable
21,trilinolein,0.016294270748932378,0.030944082114464012,0.29084516324361304,lipid,triglyceride,triacylglycerol,unavailable,unavailable
21,α-linolenic acid,0.01584527123026361,0.03009139725429919,0.2828307304214459,lipid,fatty_acid,unsaturated fatty acid,unavailable,unavailable
21,methionine,0.01562454240223694,0.02967221611482204,0.2788908233823908,protein/peptide,amino_acid,aliphatic/polar amino acid,unavailable,unavailable
21,pyruvate,0.01505699990852949,0.028594408964116524,0.2687604535258051,cofactor/small-molecule,organic_acid,unavailable,unavailable,unavailable
21,cholesteryl oleate,0.014602654902801005,0.02773157261002685,0.2606506062429078,lipid,sterol,unavailable,unavailable,unavailable
21,chitin,0.014475273879599551,0.02748966618153397,0.2583769141545649,carbohydrate,polysaccharide,unavailable,unavailable,unavailable
21,phosphatidylinositol,0.014114498217359148,0.026804525257507122,0.2519372361845945,lipid,lipid,unavailable,unavailable,unavailable
21,lactalbumin,0.013966688539150994,0.02652382323099358,0.24929890209466585,protein/peptide,protein,unavailable,unavailable,unavailable
21,pepsin,0.013820984032886474,0.02624711908904282,0.2466981443459577,protein/peptide,protein,unavailable,unavailable,unavailable
21,ferritin,0.013516721290921303,0.025669300577443637,0.2412671957494022,protein/peptide,protein,unavailable,unavailable,unavailable
21,elastase,0.013429637652841386,0.025503922004257242,0.2397127932650283,protein/peptide,protein,unavailable,unavailable,unavailable
21,glycogen,0.013076640892270465,0.024833553816962815,0.23341196507611145,carbohydrate,polysaccharide,unavailable,unavailable,unavailable
21,leucine,0.012099442481546322,0.022977778352721627,0.21596942740948505,protein/peptide,amino_acid,aliphatic/polar amino acid,unavailable,unavailable
21,glutathione transferase,0.012023949980380621,0.022834412246248235,0.21462192133428093,protein/peptide,protein,unavailable,unavailable,unavailable
21,valine,0.009850907157379385,0.0187076356270735,0.17583411644693628,protein/peptide,amino_acid,aliphatic/polar amino acid,unavailable,unavailable
21,tricaproin,0.0095358290564933,0.018109277911253222,0.17021011871799802,lipid,triglyceride,triacylglycerol,unavailable,unavailable
21,α-phosphatidylethanolamine,0.008944745898107159,0.01698676521514033,0.15965955893288875,lipid,phospholipid,unavailable,unavailable,unavailable
21,pepsinogen,0.007099305749086224,0.013482131446097665,0.12671930958583044,protein/peptide,protein,unavailable,unavailable,unavailable
21,13-methylmyristicacid,0.006328440858315082,0.012018199316410764,0.11295972939659167,lipid,fatty_acid,saturated fatty acid,unavailable,unavailable
21,major proteinase,0.006089789684988619,0.01156498225515559,0.10869991681989426,protein/peptide,protein,unavailable,unavailable,unavailable
21,palmitic acid,0.005820041845534741,0.011052710216543065,0.10388504319901035,lipid,fatty_acid,saturated fatty acid,unavailable,unavailable
21,sphingomyelin,0.005528765590035794,0.010499554048523482,0.09868589735290795,lipid,phospholipid,unavailable,unavailable,unavailable
21,glutamate,0.005287044029465844,0.010040506084096904,0.09437127979028553,protein/peptide,amino_acid,aliphatic/polar amino acid,unavailable,unavailable
21,glucosamine,0.0047947768525157105,0.009105652589852716,0.08558453936810893,carbohydrate,saccharide,monosaccharide,unavailable,unavailable
21,trypsinogen,0.004579308472762688,0.008696461449059568,0.08173852888695803,protein/peptide,protein,unavailable,unavailable,unavailable
21,acetyl-coa,0.0026148913893340197,0.004965881267025005,0.04667459653234263,cofactor/small-molecule,cofactor,unavailable,unavailable,unavailable
21,alb,0.002356074895397084,0.0044743687001623875,0.042054842350698146,protein/peptide,protein,unavailable,unavailable,unavailable
21,myristic acid,0.0020248631238485486,0.003845371894230063,0.036142866095452,lipid,fatty_acid,saturated fatty acid,unavailable,unavailable
21,cholesteryl palmitate,0.0018853825443385934,0.0035804874712182582,0.03365320254794131,lipid,sterol,unavailable,unavailable,unavailable
21,(+)-xylose,0.0009819504443578896,0.001864799944148213,0.017527359259396212,carbohydrate,saccharide,monosaccharide,unavailable,unavailable
21,glucose oxidase,0.0006959079807319007,0.0013215831522432342,0.012421634166829123,protein/peptide,protein,unavailable,unavailable,unavailable
22,fumarate,0.47493805913960874,0.9999999999978945,5.590144661353683,cofactor/small-molecule,organic_acid,unavailable,unavailable,unavailable
22,asparagine,0.3384494942746348,0.7126181778041807,3.9836387022440176,protein/peptide,amino_acid,aliphatic/polar amino acid,unavailable,unavailable
22,acetoacetate,0.3232225583930771,0.6805572898873216,3.8044137008169523,cofactor/small-molecule,organic_acid,unavailable,unavailable,unavailable
22,glutamate,0.3131357213054507,0.6593190738852636,3.685689001016121,protein/peptide,amino_acid,aliphatic/polar amino acid,unavailable,unavailable
22,aspartate,0.30832353926822686,0.6491868430719837,3.629048365027542,cofactor/small-molecule,organic_acid,unavailable,unavailable,unavailable
22,tryptophan,0.3041941115938941,0.6404921773258759,3.5804439257245804,protein/peptide,amino_acid,aromatic amino acid,unavailable,unavailable
22,gluth,0.27162151214038743,0.5719093404135296,3.19705594609773,unassigned,unknown,unavailable,unavailable,unavailable
22,methionine,0.2221240490912368,0.46769056472999027,2.614457913596349,protein/peptide,amino_acid,aliphatic/polar amino acid,unavailable,unavailable
22,ceramide,0.17822070326801748,0.37525041389713937,2.09770409792227,lipid,phospholipid,unavailable,unavailable,unavailable
22,aspartic acid,0.17789812409244296,0.3745712112740474,2.093907257004807,cofactor/small-molecule,organic_acid,unavailable,unavailable,unavailable
22,succinic acid,0.17553916749693171,0.36960433917333657,2.0661417234473336,cofactor/small-molecule,organic_acid,unavailable,unavailable,unavailable
22,glutathione,0.16925470292375414,0.3563721619404797,1.9921719385308376,cofactor/small-molecule,cofactor,unavailable,unavailable,unavailable
22,myristic acid,0.16813784347708124,0.35402057224330147,1.9790262119394344,lipid,fatty_acid,saturated fatty acid,unavailable,unavailable
22,papain,0.16595591276784816,0.3494264348242425,1.953344319172703,protein/peptide,protein,unavailable,unavailable,unavailable
22,cysteine,0.16295688400555197,0.34311186663039667,1.918044969495047,protein/peptide,amino_acid,aliphatic/polar amino acid,unavailable,unavailable
22,pyruvate,0.16251993151601146,0.34219184668015057,1.912901924881829,cofactor/small-molecule,organic_acid,unavailable,unavailable,unavailable
22,elaidic acid,0.1503468398211874,0.31656094290113773,1.7696214649556092,lipid,fatty_acid,saturated fatty acid,unavailable,unavailable
22,urate,0.1457988894265714,0.30698506177919643,1.7160909042239185,nucleic,purine,purine base/derivative,unavailable,unavailable
22,triosephosphate isomerase,0.13380540246844577,0.28173232254867947,1.5749244388295902,protein/peptide,protein,unavailable,unavailable,unavailable
22,malic acid,0.1302786303724026,0.27430657085713295,1.5334134126544663,cofactor/small-molecule,organic_acid,unavailable,unavailable,unavailable
22,palmitic acid,0.1294806798834618,0.27262645600092483,1.5240213275605534,lipid,fatty_acid,saturated fatty acid,unavailable,unavailable
22,lactalbumin,0.12116703102915923,0.2551217547155699,1.42616751512143,protein/peptide,protein,unavailable,unavailable,unavailable
22,elastase,0.11993561755303483,0.2525289671879656,1.4116734577659376,protein/peptide,protein,unavailable,unavailable,unavailable
22,α-chymotrypsinogen a (type ii),0.1195507988655532,0.2517187169246408,1.4071440415820424,protein/peptide,protein,unavailable,unavailable,unavailable
22,coenzyme a,0.11001832899127328,0.23164774200313476,1.2949443882761857,cofactor/small-molecule,cofactor,unavailable,unavailable,unavailable
22,pepsin,0.10975044715918747,0.23108370670015116,1.2917913493383901,protein/peptide,protein,unavailable,unavailable,unavailable
22,sphingomyelin,0.10675431478236856,0.22477523695519042,1.2565260908722125,lipid,phospholipid,unavailable,unavailable,unavailable
22,arachidic acid,0.10559256842107032,0.22232913616596245,1.2428520336041478,lipid,fatty_acid,saturated fatty acid,unavailable,unavailable
22,stearate,0.1043990118232061,0.21981605772364107,1.2288035615662125,lipid,lipid,unavailable,unavailable,unavailable
22,insulin,0.09904267923291621,0.20853809739344123,1.1657581318352543,protein/peptide,protein,unavailable,unavailable,unavailable
22,collagen,0.09384081952437158,0.19758538554306374,1.1045308881573925,protein/peptide,protein,unavailable,unavailable,unavailable
22,arginine,0.09020138953895311,0.18992242841555126,1.0616938492807562,protein/peptide,amino_acid,aliphatic/polar amino acid,unavailable,unavailable
22,pepsinogen,0.0895993341137014,0.18865477800585126,1.0546075001104942,protein/peptide,protein,unavailable,unavailable,unavailable
22,melanin,0.08825709587032081,0.18582864475005503,1.0388090063782975,unassigned,unknown,unavailable,unavailable,unavailable
22,acetyl-coa,0.08806916878335214,0.18543295717911426,1.0365970556160342,cofactor/small-molecule,cofactor,unavailable,unavailable,unavailable
22,trypsin,0.08496903860078603,0.17890551613095795,1.0001077158883056,protein/peptide,protein,unavailable,unavailable,unavailable
22,cholesteryl stearate,0.08209147511541315,0.17284669765980873,0.9662380441576282,lipid,sterol,unavailable,unavailable,unavailable
22,carbonic anhydrase,0.08152094371438265,0.17164542227231322,0.9595227409633905,protein/peptide,protein,unavailable,unavailable,unavailable
22,trypsinogen,0.07870381487878607,0.16571385123609406,0.9263644008017601,protein/peptide,protein,unavailable,unavailable,unavailable
22,cholesteryl palmitate,0.07431268721087003,0.15646816628117236,0.8746796844103376,lipid,sterol,unavailable,unavailable,unavailable
22,hydroxyproline,0.07047487207007026,0.148387501725158,0.8295076005822488,protein/peptide,amino_acid,aliphatic/polar amino acid,unavailable,unavailable
22,keratin,0.0694466775050535,0.14622259928108505,0.8174054827421374,protein/peptide,protein,unavailable,unavailable,unavailable
22,thaumatin,0.06898746559824555,0.14525571128807205,0.8120004389898575,protein/peptide,protein,unavailable,unavailable,unavailable
22,acetyl coenzyme a,0.0675182197689996,0.14216215876902458,0.7947070328908508,protein/peptide,protein,unavailable,unavailable,unavailable
22,isoleucine,0.06639178686594259,0.1397904117982822,0.7814486242242454,protein/peptide,amino_acid,aliphatic/polar amino acid,unavailable,unavailable
22,linoleic acid,0.06559790174450784,0.13811885672671925,0.7721043895647695,lipid,fatty_acid,unsaturated fatty acid,unavailable,unavailable
22,major proteinase,0.0622955058118241,0.1311655375114528,0.7332343292747779,protein/peptide,protein,unavailable,unavailable,unavailable
22,alanine,0.06197624233192987,0.13049331621069638,0.7294765149590983,protein/peptide,amino_acid,aliphatic/polar amino acid,unavailable,unavailable
22,tripetroselinin,0.061215196343790315,0.12889090517310411,0.7205188054519889,lipid,triglyceride,triacylglycerol,unavailable,unavailable
22,cytochrome c,0.05938552702927473,0.12503846740926952,0.6989831210532463,protein/peptide,protein,unavailable,unavailable,unavailable
22,lectin,0.058282035359533406,0.12271502407070435,0.685994736678181,protein/peptide,protein,unavailable,unavailable,unavailable
22,α-phosphatidylcholine,0.0561409715986381,0.11820693355302818,0.6607938585378413,lipid,phospholipid,unavailable,unavailable,unavailable
22,glycine,0.05521744910532804,0.11626242210456444,0.6499237582452477,protein/peptide,amino_acid,aliphatic/polar amino acid,unavailable,unavailable
22,glycogen,0.053070728588974256,0.11174242107487599,0.6246562986197686,carbohydrate,polysaccharide,unavailable,unavailable,unavailable
22,hypoxanthine,0.052813905383746286,0.11120167012791528,0.6216334226004877,nucleic,purine,purine base/derivative,unavailable,unavailable
22,α-phosphatidylethanolamine,0.05084950114532604,0.10706554289908296,0.5985118730535025,lipid,phospholipid,unavailable,unavailable,unavailable
22,ferritin,0.047619669025963186,0.10026500953014812,0.5604959077467139,protein/peptide,protein,unavailable,unavailable,unavailable
22,tricaprylin,0.047017744768432616,0.09899763529903315,0.5534111024546942,lipid,triglyceride,triacylglycerol,unavailable,unavailable
22,tri-11-eicosenoin,0.046658792738963416,0.0982418482599428,0.5491861435729941,lipid,triglyceride,triacylglycerol,unavailable,unavailable
22,glutathione transferase,0.04584577907026623,0.09653001731051683,0.5396167609299005,protein/peptide,protein,unavailable,unavailable,unavailable
22,tripalmitolein,0.04441900067074086,0.09352588156677986,0.5228232075400321,lipid,triglyceride,triacylglycerol,unavailable,unavailable
22,superoxide dismutases,0.04394312161295046,0.09252390025862467,0.5172219870794603,protein/peptide,protein,unavailable,unavailable,unavailable
22,serine,0.04201192265079021,0.08845768799158774,0.4944912722829051,protein/peptide,amino_acid,aliphatic/polar amino acid,unavailable,unavailable
22,vaccenic acid,0.040086805098179946,0.08440428036177233,0.47183213726075457,lipid,fatty_acid,saturated fatty acid,unavailable,unavailable
22,α-linolenic acid,0.03942689925837081,0.08301482372188286,0.4640648736430777,lipid,fatty_acid,unsaturated fatty acid,unavailable,unavailable
22,tricaproin,0.03867886024126037,0.08143979935246508,0.4552602595728563,lipid,triglyceride,triacylglycerol,unavailable,unavailable
22,phosphoenolpyruvate,0.037054618940311514,0.07801989802072534,0.43614251640083485,cofactor/small-molecule,organic_acid,unavailable,unavailable,unavailable
22,glucose,0.034157951740063384,0.07192085595724113,0.4020479889702052,carbohydrate,saccharide,monosaccharide,unavailable,unavailable
22,n-acetyl- d-glucosamine,0.031061175432871974,0.06540047662020722,0.3655981252292075,carbohydrate,saccharide,monosaccharide,unavailable,unavailable
22,n-acetylglucosamine,0.03061849203627749,0.06446839002896727,0.36038762634725724,carbohydrate,saccharide,monosaccharide,unavailable,unavailable
22,palmitoleic acid,0.030605603009569174,0.06444125169700955,0.3602359191457454,lipid,fatty_acid,unsaturated fatty acid,unavailable,unavailable
22,oleate,0.02850822710507559,0.06002514760906018,0.33554925845446104,lipid,lipid,unavailable,unavailable,unavailable
22,cholesteryl oleate,0.02848008321801072,0.05996588959315007,0.33521799757317805,lipid,sterol,unavailable,unavailable,unavailable
22,amylose,0.02793833930017682,0.05882522733749893,0.3288415305543288,carbohydrate,polysaccharide,unavailable,unavailable,unavailable
22,valine,0.02779452411898902,0.05852241904824953,0.327148788412764,protein/peptide,amino_acid,aliphatic/polar amino acid,unavailable,unavailable
22,leucine,0.027100225354466538,0.057060546807943494,0.31897671111301884,protein/peptide,amino_acid,aliphatic/polar amino acid,unavailable,unavailable
22,amylopectin,0.024010443858567376,0.050554895309956445,0.28260917812284236,carbohydrate,polysaccharide,unavailable,unavailable,unavailable
22,ethinylestradiol,0.023022790099453568,0.04847535306206638,0.2709842361277158,lipid,sterol,unavailable,unavailable,unavailable
22,xylanase,0.02175275718568886,0.04580125085163749,0.25603561793214125,protein/peptide,protein,unavailable,unavailable,unavailable
22,thymine,0.021202504604820163,0.044642673284987285,0.24955900173315382,nucleic,pyrimidine,pyrimidine base,unavailable,unavailable
22,proline,0.020289355914080355,0.04272000426917471,0.23881100379883638,protein/peptide,amino_acid,aliphatic/polar amino acid,unavailable,unavailable
22,lactate,0.019820189259915647,0.04173215618007093,0.2332887900772928,cofactor/small-molecule,organic_acid,unavailable,unavailable,unavailable
22,uracil,0.018607515266118868,0.03917882533943228,0.2190153013097969,nucleic,pyrimidine,pyrimidine base,unavailable,unavailable
22,myoglobin,0.017063246588709252,0.03592730938342753,0.2008388567469924,protein/peptide,protein,unavailable,unavailable,unavailable
22,mannose,0.016439666788330906,0.034614338589916686,0.19349916007511897,carbohydrate,saccharide,monosaccharide,unavailable,unavailable
22,triolein,0.014407837555412268,0.03033624549163942,0.16958400078095992,lipid,lipid,unavailable,unavailable,unavailable
22,arachidonic acid,0.014033079944741908,0.029547179205083072,0.16517300609170346,lipid,fatty_acid,unsaturated fatty acid,unavailable,unavailable
22,trilinolein,0.013666608676860792,0.028775560125862007,0.1608595438153881,lipid,triglyceride,triacylglycerol,unavailable,unavailable
22,citrate,0.01253896731092881,0.026401268690948523,0.14758691122598078,cofactor/small-molecule,organic_acid,unavailable,unavailable,unavailable
22,horseradish peroxidase,0.012448135396693627,0.026210018668999253,0.14651779593679504,protein/peptide,protein,unavailable,unavailable,unavailable
22,histidine,0.011464656389525507,0.02413926651881844,0.13494199185945072,protein/peptide,amino_acid,aromatic amino acid,unavailable,unavailable
22,estrone,0.010644361120506629,0.02241210388522536,0.1252869028839605,lipid,sterol,unavailable,unavailable,unavailable
22,ubiquitin,0.008553480486088432,0.018009675833446134,0.10067669321326132,protein/peptide,protein,unavailable,unavailable,unavailable
22,phenylalanine,0.00816069706571191,0.017182655524550998,0.09605353004865037,protein/peptide,amino_acid,aromatic amino acid,unavailable,unavailable
22,(+)-lactose,0.008123329849964733,0.01710397744216107,0.09561370818641185,carbohydrate,saccharide,disaccharide,unavailable,unavailable
22,12-methyltetradecanoic acid,0.005495020890017256,0.011569973777128728,0.06467782714235444,lipid,fatty_acid,saturated fatty acid,unavailable,unavailable
22,elastin,0.005012497574693699,0.010554002734090667,0.05899840204001334,protein/peptide,protein,unavailable,unavailable,unavailable
22,chitin,0.004967938938419651,0.010460182844493534,0.05847393528505203,carbohydrate,polysaccharide,unavailable,unavailable,unavailable
22,hemoglobin,0.0022906930748198364,0.004823140682734085,0.026962054138600467,protein/peptide,protein,unavailable,unavailable,unavailable
22,(-)-ribose,0.002175986557713695,0.004581621783798714,0.025611928555098046,carbohydrate,saccharide,monosaccharide,unavailable,unavailable
22,creatinine,0.001963892852783616,0.004135050487082973,0.023115530404843498,cofactor/small-molecule,small_nitrogenous,unavailable,unavailable,unavailable
22,guanine,0.0011756775745851713,0.002475433484342226,0.013838031277060979,nucleic,purine,purine base/derivative,unavailable,unavailable
22,phosphate,0.0011516537313065174,0.0024248503760478,0.01355526438427362,cofactor/small-molecule,organic_acid,unavailable,unavailable,unavailable
22,ergothioneine,0.0010937142742749116,0.0023028566635699115,0.012873301883745202,cofactor/small-molecule,cofactor,unavailable,unavailable,unavailable
22,(+)-trehalose,0.000893889323153273,0.0018821176908221432,0.010521310161410878,carbohydrate,saccharide,disaccharide,unavailable,unavailable
23,phosphoenolpyruvate,0.4350606915357605,0.9999999999977015,11.661904345159424,cofactor/small-molecule,organic_acid,unavailable,unavailable,unavailable
23,citrate,0.394975283508656,0.9078624918134728,10.587405538111136,cofactor/small-molecule,organic_acid,unavailable,unavailable,unavailable
23,pyruvate,0.3377136578842787,0.7762449342214214,9.052494171325593,cofactor/small-molecule,organic_acid,unavailable,unavailable,unavailable
23,cytosine,0.23199756530872306,0.5332533364235699,6.218749401123083,nucleic,pyrimidine,pyrimidine base,unavailable,unavailable
23,a-dna,0.19671518330875445,0.4521557270869483,5.272996838416121,nucleic,nucleic_acid,unavailable,unavailable,unavailable
23,aspartic acid,0.1863617102895244,0.428357959969311,4.9954695546612164,cofactor/small-molecule,organic_acid,unavailable,unavailable,unavailable
23,t-rna,0.18546603666912292,0.4262992273882596,4.971460812228678,nucleic,nucleic_acid,unavailable,unavailable,unavailable
23,b-dna,0.17006141232642866,0.3908912380149134,4.558536227101343,nucleic,nucleic_acid,unavailable,unavailable,unavailable
23,malic acid,0.14156985828500543,0.32540254966482873,3.794813407870944,cofactor/small-molecule,organic_acid,unavailable,unavailable,unavailable
23,urate,0.08383916171441756,0.1927068184861136,2.247328483850222,nucleic,purine,purine base/derivative,unavailable,unavailable
23,phosphatidylinositol,0.08188142266130517,0.18820689677129013,2.1948508272511247,lipid,lipid,unavailable,unavailable,unavailable
23,glycogen,0.07071528804190949,0.1625412026816824,1.8955399578253076,carbohydrate,polysaccharide,unavailable,unavailable,unavailable
23,valine,0.07066854165914183,0.16243375472401345,1.8942869100208868,protein/peptide,amino_acid,aliphatic/polar amino acid,unavailable,unavailable
23,acetoacetate,0.061045064113239615,0.1403139040155771,1.6363273269293024,cofactor/small-molecule,organic_acid,unavailable,unavailable,unavailable
23,coenzyme a,0.05520782426875283,0.12689683380436598,1.4798587375335106,cofactor/small-molecule,cofactor,unavailable,unavailable,unavailable
23,tricaproin,0.051021728810222634,0.11727496830384537,1.3676494624441917,lipid,triglyceride,triacylglycerol,unavailable,unavailable
23,acetyl-coa,0.05051407490087225,0.11610811062346703,1.3540416797911736,cofactor/small-molecule,cofactor,unavailable,unavailable,unavailable
23,n-acetylglucosamine,0.050421158720105726,0.11589454000544977,1.351551039672914,carbohydrate,saccharide,monosaccharide,unavailable,unavailable
23,estrone,0.04771089047789639,0.10966490746237656,1.278901660849935,lipid,sterol,unavailable,unavailable,unavailable
23,2-deoxy-d-ribose,0.0415536365217424,0.09551227525282256,1.1138550177895146,carbohydrate,saccharide,monosaccharide,unavailable,unavailable
23,tricaprylin,0.03965216665285548,0.09114168993937957,1.0628856699316667,lipid,triglyceride,triacylglycerol,unavailable,unavailable
23,riboflavin,0.03828712467850313,0.08800410017108626,1.026295398179395,cofactor/small-molecule,cofactor,unavailable,unavailable,unavailable
23,superoxide dismutases,0.03774404881556364,0.08675582407190298,1.0117381217143375,protein/peptide,protein,unavailable,unavailable,unavailable
23,acetyl coenzyme a,0.03428401468220708,0.07880283222349048,0.9189910915201049,protein/peptide,protein,unavailable,unavailable,unavailable
23,lactate,0.033159395224606966,0.07621786079426843,0.8888454019774782,cofactor/small-molecule,organic_acid,unavailable,unavailable,unavailable
23,trypsin inhibitor,0.031362655449443076,0.07208800073079709,0.8406833689582708,protein/peptide,protein,unavailable,unavailable,unavailable
23,n-acetyl- d-glucosamine,0.031037508464608548,0.0713406406700984,0.83196772741899,carbohydrate,saccharide,monosaccharide,unavailable,unavailable
23,fructose-6-phosphate,0.028506613082939752,0.06552330200700535,0.7641264803864454,carbohydrate,saccharide,monosaccharide,unavailable,unavailable
23,hypoxanthine,0.027964809912606896,0.06427795122980907,0.749603318746579,nucleic,purine,purine base/derivative,unavailable,unavailable
23,methionine,0.02616816462254751,0.06014830834317384,0.7014438184228602,protein/peptide,amino_acid,aliphatic/polar amino acid,unavailable,unavailable
23,isoleucine,0.02604985387466482,0.0598763675537985,0.6982724709496105,protein/peptide,amino_acid,aliphatic/polar amino acid,unavailable,unavailable
23,lactose,0.025682571444112477,0.05903215791202416,0.6884273788599543,carbohydrate,saccharide,disaccharide,unavailable,unavailable
23,melanin,0.025208273942820304,0.05794197093232527,0.6757137225843383,unassigned,unknown,unavailable,unavailable,unavailable
23,tricaprin,0.025085092018345148,0.05765883359799143,0.672411802074786,lipid,triglyceride,triacylglycerol,unavailable,unavailable
23,collagen,0.024181742492115146,0.055582457718021415,0.6481973051779238,protein/peptide,protein,unavailable,unavailable,unavailable
23,albumin,0.023054281037095444,0.05299095387280575,0.6179754352248364,protein/peptide,protein,unavailable,unavailable,unavailable
23,cholesterol,0.022154615872241407,0.050923046607554645,0.5938596985027624,lipid,lipid,unavailable,unavailable,unavailable
23,cysteine,0.020694707014726522,0.04756740247349586,0.5547264975948837,protein/peptide,amino_acid,aliphatic/polar amino acid,unavailable,unavailable
23,trilaurin,0.01750412269895411,0.04023374908251186,0.4692021332484775,lipid,triglyceride,triacylglycerol,unavailable,unavailable
23,tri-11-eicosenoin,0.017470995562351814,0.040157605369124924,0.4683141525464718,lipid,triglyceride,triacylglycerol,unavailable,unavailable
23,glutathione,0.015890145819610416,0.03652397499641214,0.425939102714132,cofactor/small-molecule,cofactor,unavailable,unavailable,unavailable
23,histidine,0.014968438292074376,0.0344054027018656,0.4012325152667685,protein/peptide,amino_acid,aromatic amino acid,unavailable,unavailable
23,mannose,0.014139405107792961,0.032499845154588626,0.37901008542617676,carbohydrate,saccharide,monosaccharide,unavailable,unavailable
23,(+)-lactose,0.012652861369267682,0.02908297995062277,0.3391629302571317,carbohydrate,saccharide,disaccharide,unavailable,unavailable
23,glutamate,0.012269568454528167,0.028201969732518224,0.3288886733664648,protein/peptide,amino_acid,aliphatic/polar amino acid,unavailable,unavailable
23,riboﬂavin,0.010674249915082642,0.02453508239822379,0.2861257840293482,cofactor/small-molecule,cofactor,unavailable,unavailable,unavailable
23,lectin,0.009449284672653324,0.02171946318403465,0.253290302081006,protein/peptide,protein,unavailable,unavailable,unavailable
23,(+)-fucose,0.009362984369474778,0.0215210993583493,0.25097700212031826,carbohydrate,saccharide,monosaccharide,unavailable,unavailable
23,trypsin,0.009089564927879603,0.020892636601510986,0.24364792956555784,protein/peptide,protein,unavailable,unavailable,unavailable
23,thaumatin,0.008736534157002353,0.020081184825368574,0.23418485657145355,protein/peptide,protein,unavailable,unavailable,unavailable
23,ubiquitin,0.008682523731201316,0.01995704024772297,0.23273709438197696,protein/peptide,protein,unavailable,unavailable,unavailable
23,trierucin,0.008486466477262004,0.01950639679095196,0.22748173349532935,lipid,triglyceride,triacylglycerol,unavailable,unavailable
23,lactalbumin,0.008405202750261338,0.019319609686114656,0.22530344014580247,protein/peptide,protein,unavailable,unavailable,unavailable
23,elastin,0.00817339381845162,0.018786789929425302,0.21908974711006585,protein/peptide,protein,unavailable,unavailable,unavailable
23,tristearin,0.006164906316366169,0.01417022138816985,0.1652517663789488,lipid,triglyceride,triacylglycerol,unavailable,unavailable
23,gluth,0.006067188344120803,0.013945613708951124,0.16263241310870577,unassigned,unknown,unavailable,unavailable,unavailable
23,phenylalanine,0.006014843622120829,0.013825297801266895,0.16122930050208803,protein/peptide,amino_acid,aromatic amino acid,unavailable,unavailable
23,hydroxyproline,0.00601260330889222,0.013820148374365798,0.16116924837813493,protein/peptide,amino_acid,aliphatic/polar amino acid,unavailable,unavailable
23,pepsin,0.005727290606480736,0.013164348602146256,0.15352137416491568,protein/peptide,protein,unavailable,unavailable,unavailable
23,phosphate,0.005651699341226551,0.012990599820137992,0.15149513248904273,cofactor/small-molecule,organic_acid,unavailable,unavailable,unavailable
23,triolein,0.005464184114829166,0.012559590468925344,0.14646874266332002,lipid,lipid,unavailable,unavailable,unavailable
23,ferritin,0.005391214931024666,0.012391868619482336,0.14451278649851793,protein/peptide,protein,unavailable,unavailable,unavailable
23,tripalmitin,0.004851479669717327,0.011151270992974555,0.13004505564731914,lipid,triglyceride,triacylglycerol,unavailable,unavailable
23,trimyristin,0.004775137646054629,0.010975796570330126,0.127998689715413,lipid,triglyceride,triacylglycerol,unavailable,unavailable
23,glucose,0.0045357534024258244,0.010425564733058803,0.12158193866147878,carbohydrate,saccharide,monosaccharide,unavailable,unavailable
23,glutathione transferase,0.004282511805512609,0.009843481355177219,0.11479373798770084,protein/peptide,protein,unavailable,unavailable,unavailable
23,α-chymotrypsinogen a (type ii),0.003789269268050019,0.008709748643724216,0.1015722555537273,protein/peptide,protein,unavailable,unavailable,unavailable
23,serine,0.0035709626907196946,0.008207964452283702,0.09572049631122141,protein/peptide,amino_acid,aliphatic/polar amino acid,unavailable,unavailable
23,elastase,0.002039697730158317,0.004688306183106347,0.05467457824833137,protein/peptide,protein,unavailable,unavailable,unavailable
23,triosephosphate isomerase,0.0017871946017715228,0.004107920197199691,0.047906172397401345,protein/peptide,protein,unavailable,unavailable,unavailable
23,carbonic anhydrase,0.001170046537789322,0.002689386930490959,0.03136337313057957,protein/peptide,protein,unavailable,unavailable,unavailable
23,glucosamine,0.0008998736720053056,0.002068386525168916,0.02412132580539203,carbohydrate,saccharide,monosaccharide,unavailable,unavailable
23,stearate,0.0007885061717562914,0.001812404997958007,0.021136093720923718,lipid,lipid,unavailable,unavailable,unavailable
23,trilinolein,0.0004777689166973004,0.0010981661317405673,0.012806708383481677,lipid,triglyceride,triacylglycerol,unavailable,unavailable
