chemical_class,molecule,band_cm,observed,reconstructed,residual
acylglycerol,tri-11-eicosenoin,530.0,0.01734,0.00515,0.01219
acylglycerol,tri-11-eicosenoin,690.0,0.01864,0.00476,0.01388
acylglycerol,tri-11-eicosenoin,726.0,0.0188,0.01018,0.00862
acylglycerol,tri-11-eicosenoin,802.0,0.01153,0.00468,0.00684
acylglycerol,tri-11-eicosenoin,872.0,0.03721,0.02907,0.00814
acylglycerol,tri-11-eicosenoin,924.0,0.01231,0.01079,0.00153
acylglycerol,tri-11-eicosenoin,974.0,0.01469,0.01168,0.00301
acylglycerol,tri-11-eicosenoin,1066.0,0.0441,0.04631,-0.00221
acylglycerol,tri-11-eicosenoin,1304.0,0.11589,0.1057,0.0102
acylglycerol,tri-11-eicosenoin,1370.0,0.01669,0.00669,0.01001
acylglycerol,tri-11-eicosenoin,1440.0,0.22147,0.21849,0.00298
acylglycerol,tri-11-eicosenoin,1656.0,0.1134,0.11379,-0.00039
acylglycerol,triarachidin,890.0,0.02587,0.03816,-0.01229
acylglycerol,triarachidin,1062.0,0.11578,0.12087,-0.00509
acylglycerol,triarachidin,1132.0,0.12592,0.11912,0.00681
acylglycerol,triarachidin,1298.0,0.25106,0.24414,0.00691
acylglycerol,triarachidin,1368.0,0.01471,0.01287,0.00184
acylglycerol,triarachidin,1444.0,0.18524,0.17816,0.00708
acylglycerol,triarachidin,1466.0,0.14612,0.13757,0.00855
acylglycerol,triarachidin,1742.0,0.02011,0.02925,-0.00915
acylglycerol,tribehenin,890.0,0.02329,0.03811,-0.01483
acylglycerol,tribehenin,1062.0,0.113,0.12074,-0.00773
acylglycerol,tribehenin,1132.0,0.12596,0.11898,0.00697
acylglycerol,tribehenin,1176.0,0.01291,0.01116,0.00175
acylglycerol,tribehenin,1296.0,0.25455,0.23928,0.01526
acylglycerol,tribehenin,1368.0,0.01469,0.01286,0.00183
acylglycerol,tribehenin,1444.0,0.17752,0.17796,-0.00044
acylglycerol,tribehenin,1466.0,0.1465,0.13742,0.00908
acylglycerol,tribehenin,1742.0,0.02152,0.02922,-0.0077
acylglycerol,tricaprin,606.0,0.02292,0.01148,0.01144
acylglycerol,tricaprin,892.0,0.05975,0.0367,0.02305
acylglycerol,tricaprin,960.0,0.01288,0.00629,0.00659
acylglycerol,tricaprin,996.0,0.01341,0.00426,0.00916
acylglycerol,tricaprin,1064.0,0.11123,0.10028,0.01095
acylglycerol,tricaprin,1126.0,0.11528,0.07995,0.03533
acylglycerol,tricaprin,1182.0,0.01444,0.01038,0.00406
acylglycerol,tricaprin,1246.0,0.01699,0.01094,0.00605
acylglycerol,tricaprin,1300.0,0.20048,0.19163,0.00885
acylglycerol,tricaprin,1366.0,0.00922,0.01182,-0.0026
acylglycerol,tricaprin,1442.0,0.1992,0.20136,-0.00216
acylglycerol,tricaprin,1744.0,0.06013,0.04119,0.01894
acylglycerol,tricaproin,614.0,0.01088,0.00937,0.00151
acylglycerol,tricaproin,848.0,0.05008,0.03117,0.01891
acylglycerol,tricaproin,904.0,0.0302,0.0214,0.00879
acylglycerol,tricaproin,982.0,0.01046,0.00377,0.00669
acylglycerol,tricaproin,1068.0,0.04964,0.04892,0.00073
acylglycerol,tricaproin,1116.0,0.05495,0.04347,0.01147
acylglycerol,tricaproin,1306.0,0.09834,0.10758,-0.00924
acylglycerol,tricaproin,1362.0,0.02189,0.0102,0.01169
acylglycerol,tricaproin,1444.0,0.22254,0.2234,-0.00087
acylglycerol,tricaproin,1594.0,0.01323,0.0071,0.00613
acylglycerol,tricaproin,1744.0,0.09095,0.06679,0.02416
acylglycerol,tricaprylin,620.0,0.01164,0.00827,0.00337
acylglycerol,tricaprylin,726.0,0.01092,0.00895,0.00197
acylglycerol,tricaprylin,844.0,0.03422,0.02961,0.00461
acylglycerol,tricaprylin,874.0,0.03484,0.0258,0.00904
acylglycerol,tricaprylin,1036.0,0.02757,0.01806,0.00952
acylglycerol,tricaprylin,1076.0,0.04469,0.04538,-0.00069
acylglycerol,tricaprylin,1120.0,0.04471,0.04377,0.00094
acylglycerol,tricaprylin,1306.0,0.10303,0.10863,-0.00559
acylglycerol,tricaprylin,1440.0,0.22011,0.23194,-0.01183
acylglycerol,tricaprylin,1744.0,0.07254,0.06744,0.00511
acylglycerol,trielaidin,550.0,0.01104,0.00226,0.00877
acylglycerol,trielaidin,806.0,0.01167,0.00434,0.00733
acylglycerol,trielaidin,892.0,0.02795,0.03207,-0.00411
acylglycerol,trielaidin,1064.0,0.08457,0.07913,0.00544
acylglycerol,trielaidin,1100.0,0.0636,0.01923,0.04437
acylglycerol,trielaidin,1124.0,0.04904,0.05304,-0.004
acylglycerol,trielaidin,1264.0,0.02204,0.01712,0.00492
acylglycerol,trielaidin,1298.0,0.15576,0.16072,-0.00496
acylglycerol,trielaidin,1440.0,0.23016,0.20198,0.02819
acylglycerol,trielaidin,1672.0,0.13706,0.01502,0.12204
acylglycerol,trielaidin,1742.0,0.03516,0.04553,-0.01038
acylglycerol,trierucin,606.0,0.01407,0.01088,0.00319
acylglycerol,trierucin,802.0,0.01175,0.00422,0.00753
acylglycerol,trierucin,890.0,0.0284,0.03212,-0.00372
acylglycerol,trierucin,1062.0,0.07741,0.08425,-0.00684
acylglycerol,trierucin,1112.0,0.09704,0.02254,0.0745
acylglycerol,trierucin,1274.0,0.04809,0.0259,0.02219
acylglycerol,trierucin,1298.0,0.19421,0.17682,0.01739
acylglycerol,trierucin,1370.0,0.01043,0.00957,0.00086
acylglycerol,trierucin,1440.0,0.21344,0.19907,0.01437
acylglycerol,trierucin,1660.0,0.09439,0.06793,0.02647
acylglycerol,trierucin,1738.0,0.03023,0.03333,-0.0031
acylglycerol,trilaurin,606.0,0.0178,0.01131,0.00649
acylglycerol,trilaurin,892.0,0.05337,0.0378,0.01557
acylglycerol,trilaurin,954.0,0.01021,0.0058,0.00441
acylglycerol,trilaurin,1062.0,0.11146,0.11242,-0.00096
acylglycerol,trilaurin,1086.0,0.02712,0.00837,0.01875
acylglycerol,trilaurin,1128.0,0.12437,0.10416,0.0202
acylglycerol,trilaurin,1182.0,0.01607,0.01196,0.00411
acylglycerol,trilaurin,1248.0,0.01732,0.01347,0.00385
acylglycerol,trilaurin,1298.0,0.22075,0.22705,-0.00631
acylglycerol,trilaurin,1368.0,0.01402,0.01263,0.00139
acylglycerol,trilaurin,1442.0,0.17927,0.19067,-0.01141
acylglycerol,trilaurin,1742.0,0.05309,0.03519,0.0179
acylglycerol,trilinolein,838.0,0.0261,0.0149,0.0112
acylglycerol,trilinolein,972.0,0.02419,0.01974,0.00445
acylglycerol,trilinolein,1074.0,0.03385,0.03494,-0.00108
acylglycerol,trilinolein,1266.0,0.08234,0.08025,0.0021
acylglycerol,trilinolein,1304.0,0.06684,0.06924,-0.0024
acylglycerol,trilinolein,1440.0,0.13844,0.13809,0.00036
acylglycerol,trilinolein,1656.0,0.28342,0.27127,0.01215
acylglycerol,trilinolein,1746.0,0.02299,0.01611,0.00688
acylglycerol,trilinolenin,866.0,0.04507,0.03095,0.01412
acylglycerol,trilinolenin,1086.0,0.02143,0.03082,-0.00939
acylglycerol,trilinolenin,1268.0,0.08073,0.08461,-0.00388
acylglycerol,trilinolenin,1442.0,0.08411,0.09419,-0.01008
acylglycerol,trilinolenin,1656.0,0.28582,0.30012,-0.0143
acylglycerol,trimyristin,606.0,0.01295,0.01125,0.0017
acylglycerol,trimyristin,890.0,0.04722,0.03794,0.00928
acylglycerol,trimyristin,1064.0,0.11855,0.1141,0.00445
acylglycerol,trimyristin,1094.0,0.02621,0.01025,0.01596
acylglycerol,trimyristin,1130.0,0.13662,0.11468,0.02194
acylglycerol,trimyristin,1180.0,0.01614,0.01295,0.00318
acylglycerol,trimyristin,1248.0,0.01542,0.01385,0.00157
acylglycerol,trimyristin,1298.0,0.21758,0.23375,-0.01617
acylglycerol,trimyristin,1368.0,0.01316,0.01275,0.00041
acylglycerol,trimyristin,1442.0,0.18966,0.1873,0.00235
acylglycerol,trimyristin,1742.0,0.03962,0.03321,0.00641
acylglycerol,triolein,604.0,0.01204,0.00947,0.00257
acylglycerol,triolein,728.0,0.01176,0.01006,0.0017
acylglycerol,triolein,872.0,0.0429,0.02882,0.01408
acylglycerol,triolein,972.0,0.01794,0.01319,0.00475
acylglycerol,triolein,1082.0,0.07248,0.04087,0.03161
acylglycerol,triolein,1118.0,0.02533,0.03154,-0.0062
acylglycerol,triolein,1266.0,0.06154,0.0499,0.01164
acylglycerol,triolein,1302.0,0.11902,0.10255,0.01647
acylglycerol,triolein,1440.0,0.20961,0.20783,0.00178
acylglycerol,triolein,1656.0,0.13956,0.13719,0.00237
acylglycerol,triolein,1746.0,0.03139,0.04694,-0.01555
acylglycerol,tripalmitin,890.0,0.03245,0.038,-0.00555
acylglycerol,tripalmitin,1062.0,0.11308,0.11915,-0.00607
acylglycerol,tripalmitin,1100.0,0.02774,0.0125,0.01525
acylglycerol,tripalmitin,1130.0,0.13245,0.12088,0.01156
acylglycerol,tripalmitin,1180.0,0.01797,0.0135,0.00447
acylglycerol,tripalmitin,1250.0,0.02413,0.01513,0.009
acylglycerol,tripalmitin,1298.0,0.2375,0.24117,-0.00367
acylglycerol,tripalmitin,1368.0,0.01811,0.01277,0.00534
acylglycerol,tripalmitin,1444.0,0.18067,0.18082,-0.00015
acylglycerol,tripalmitin,1744.0,0.03159,0.02889,0.0027
acylglycerol,tripalmitolein,890.0,0.02406,0.0222,0.00186
acylglycerol,tripalmitolein,972.0,0.01474,0.01447,0.00027
acylglycerol,tripalmitolein,1082.0,0.04364,0.04266,0.00098
acylglycerol,tripalmitolein,1266.0,0.05365,0.05548,-0.00183
acylglycerol,tripalmitolein,1304.0,0.09904,0.10001,-0.00098
acylglycerol,tripalmitolein,1440.0,0.21575,0.20662,0.00912
acylglycerol,tripalmitolein,1656.0,0.16081,0.15764,0.00317
acylglycerol,tripalmitolein,1746.0,0.03785,0.04571,-0.00787
acylglycerol,tripetroselinin,468.0,0.01111,0.00324,0.00787
acylglycerol,tripetroselinin,606.0,0.00999,0.0106,-0.00061
acylglycerol,tripetroselinin,892.0,0.0403,0.0309,0.0094
acylglycerol,tripetroselinin,964.0,0.02151,0.00927,0.01225
acylglycerol,tripetroselinin,1064.0,0.10489,0.08789,0.01699
acylglycerol,tripetroselinin,1128.0,0.07304,0.07323,-0.00019
acylglycerol,tripetroselinin,1252.0,0.03639,0.02874,0.00765
acylglycerol,tripetroselinin,1298.0,0.20304,0.18611,0.01693
acylglycerol,tripetroselinin,1438.0,0.19859,0.18307,0.01551
acylglycerol,tripetroselinin,1548.0,0.01064,0.00314,0.0075
acylglycerol,tripetroselinin,1656.0,0.11183,0.10482,0.00701
acylglycerol,tripetroselinin,1744.0,0.02915,0.03307,-0.00392
acylglycerol,tristearin,890.0,0.03298,0.03817,-0.0052
acylglycerol,tristearin,1062.0,0.12575,0.12084,0.00492
acylglycerol,tristearin,1106.0,0.02394,0.01537,0.00857
acylglycerol,tristearin,1132.0,0.13041,0.11897,0.01144
acylglycerol,tristearin,1182.0,0.0156,0.01314,0.00246
acylglycerol,tristearin,1250.0,0.01192,0.01458,-0.00265
acylglycerol,tristearin,1298.0,0.23737,0.24416,-0.00679
acylglycerol,tristearin,1368.0,0.01166,0.01287,-0.00121
acylglycerol,tristearin,1444.0,0.17918,0.1786,0.00058
acylglycerol,tristearin,1742.0,0.02757,0.02933,-0.00175
carboxylic_acid_metabolite,acetoacetate,498.0,0.02135,0.00918,0.01217
carboxylic_acid_metabolite,acetoacetate,552.0,0.03312,0.01957,0.01355
carboxylic_acid_metabolite,acetoacetate,580.0,0.03066,0.01822,0.01245
carboxylic_acid_metabolite,acetoacetate,640.0,0.09502,0.03092,0.0641
carboxylic_acid_metabolite,acetoacetate,718.0,0.01692,0.01139,0.00553
carboxylic_acid_metabolite,acetoacetate,760.0,0.06454,0.02893,0.03561
carboxylic_acid_metabolite,acetoacetate,830.0,0.15959,0.04575,0.11383
carboxylic_acid_metabolite,acetoacetate,902.0,0.04687,0.02346,0.02341
carboxylic_acid_metabolite,acetoacetate,930.0,0.07512,0.06993,0.00519
carboxylic_acid_metabolite,acetoacetate,1006.0,0.06747,0.01627,0.05119
carboxylic_acid_metabolite,acetoacetate,1088.0,0.04394,0.02472,0.01922
carboxylic_acid_metabolite,acetoacetate,1158.0,0.05603,0.01866,0.03737
carboxylic_acid_metabolite,ascorbate,452.0,0.04094,0.02841,0.01253
carboxylic_acid_metabolite,ascorbate,566.0,0.07782,0.04172,0.0361
carboxylic_acid_metabolite,ascorbate,588.0,0.03854,0.02128,0.01725
carboxylic_acid_metabolite,ascorbate,628.0,0.13269,0.07533,0.05737
carboxylic_acid_metabolite,ascorbate,710.0,0.0411,0.02368,0.01742
carboxylic_acid_metabolite,ascorbate,822.0,0.09139,0.04024,0.05115
carboxylic_acid_metabolite,ascorbate,872.0,0.02285,0.05751,-0.03466
carboxylic_acid_metabolite,ascorbate,1028.0,0.03509,0.04026,-0.00517
carboxylic_acid_metabolite,ascorbate,1066.0,0.02294,0.0191,0.00384
carboxylic_acid_metabolite,ascorbate,1130.0,0.16022,0.10858,0.05164
carboxylic_acid_metabolite,ascorbate,1258.0,0.09991,0.07696,0.02295
carboxylic_acid_metabolite,ascorbate,1298.0,0.03683,0.02485,0.01198
carboxylic_acid_metabolite,citrate,520.0,0.04569,0.01766,0.02804
carboxylic_acid_metabolite,citrate,570.0,0.05849,0.01653,0.04196
carboxylic_acid_metabolite,citrate,682.0,0.05137,0.03238,0.01899
carboxylic_acid_metabolite,citrate,784.0,0.26276,0.06921,0.19355
carboxylic_acid_metabolite,citrate,904.0,0.06666,0.02435,0.04231
carboxylic_acid_metabolite,citrate,944.0,0.20995,0.0709,0.13905
carboxylic_acid_metabolite,citrate,1056.0,0.06208,0.01269,0.0494
carboxylic_acid_metabolite,citrate,1078.0,0.0538,0.01656,0.03725
carboxylic_acid_metabolite,citrate,1106.0,0.02406,0.00848,0.01558
carboxylic_acid_metabolite,citrate,1166.0,0.03756,0.01917,0.0184
carboxylic_acid_metabolite,citrate,1226.0,0.02317,0.01264,0.01052
carboxylic_acid_metabolite,citrate,1256.0,0.02449,0.00494,0.01955
carboxylic_acid_metabolite,fumarate,768.0,0.0506,0.02833,0.02227
carboxylic_acid_metabolite,fumarate,914.0,0.06759,0.01733,0.05026
carboxylic_acid_metabolite,fumarate,980.0,0.0999,0.02414,0.07576
carboxylic_acid_metabolite,fumarate,1294.0,0.13411,0.03612,0.09799
carboxylic_acid_metabolite,fumarate,1430.0,0.34528,0.11607,0.22921
carboxylic_acid_metabolite,fumarate,1564.0,0.01745,0.00443,0.01302
carboxylic_acid_metabolite,fumarate,1658.0,0.23924,0.07066,0.16858
carboxylic_acid_metabolite,lactate,476.0,0.13858,0.07252,0.06606
carboxylic_acid_metabolite,lactate,554.0,0.03923,0.02337,0.01585
carboxylic_acid_metabolite,lactate,632.0,0.03526,0.0696,-0.03435
carboxylic_acid_metabolite,lactate,780.0,0.02573,0.01305,0.01267
carboxylic_acid_metabolite,lactate,852.0,0.11106,0.05948,0.05159
carboxylic_acid_metabolite,lactate,876.0,0.09659,0.0664,0.03019
carboxylic_acid_metabolite,lactate,900.0,0.04,0.01928,0.02072
carboxylic_acid_metabolite,lactate,916.0,0.05934,0.03166,0.02768
carboxylic_acid_metabolite,lactate,954.0,0.03779,0.02401,0.01378
carboxylic_acid_metabolite,lactate,1020.0,0.06806,0.03955,0.02851
carboxylic_acid_metabolite,lactate,1054.0,0.07788,0.03888,0.039
carboxylic_acid_metabolite,lactate,1088.0,0.21433,0.10788,0.10645
carboxylic_acid_metabolite,malic acid,534.0,0.02709,0.00596,0.02113
carboxylic_acid_metabolite,malic acid,610.0,0.08978,0.01354,0.07624
carboxylic_acid_metabolite,malic acid,750.0,0.08892,0.01033,0.07859
carboxylic_acid_metabolite,malic acid,868.0,0.12663,0.01718,0.10945
carboxylic_acid_metabolite,malic acid,912.0,0.0301,0.01565,0.01445
carboxylic_acid_metabolite,malic acid,964.0,0.16888,0.014,0.15489
carboxylic_acid_metabolite,malic acid,1034.0,0.05281,0.01857,0.03424
carboxylic_acid_metabolite,malic acid,1098.0,0.06008,0.02131,0.03877
carboxylic_acid_metabolite,malic acid,1180.0,0.04153,0.00552,0.03601
carboxylic_acid_metabolite,malic acid,1310.0,0.01093,0.00934,0.00159
carboxylic_acid_metabolite,malic acid,1352.0,0.05718,0.01697,0.04021
carboxylic_acid_metabolite,malic acid,1386.0,0.02902,0.01161,0.01742
carboxylic_acid_metabolite,pyruvate,452.0,0.02999,0.00972,0.02027
carboxylic_acid_metabolite,pyruvate,540.0,0.04507,0.01152,0.03355
carboxylic_acid_metabolite,pyruvate,612.0,0.04312,0.01595,0.02717
carboxylic_acid_metabolite,pyruvate,698.0,0.03701,0.01305,0.02396
carboxylic_acid_metabolite,pyruvate,794.0,0.14349,0.02959,0.1139
carboxylic_acid_metabolite,pyruvate,834.0,0.05992,0.03094,0.02898
carboxylic_acid_metabolite,pyruvate,936.0,0.0444,0.11108,-0.06668
carboxylic_acid_metabolite,pyruvate,978.0,0.04138,0.02022,0.02115
carboxylic_acid_metabolite,pyruvate,1152.0,0.02147,0.01108,0.01039
carboxylic_acid_metabolite,pyruvate,1218.0,0.01239,0.00941,0.00298
carboxylic_acid_metabolite,pyruvate,1332.0,0.02125,0.01254,0.00871
carboxylic_acid_metabolite,pyruvate,1372.0,0.02717,0.01641,0.01076
carboxylic_acid_metabolite,succinic acid,582.0,0.02102,0.01808,0.00294
carboxylic_acid_metabolite,succinic acid,684.0,0.09045,0.03745,0.05299
carboxylic_acid_metabolite,succinic acid,936.0,0.40081,0.15178,0.24903
carboxylic_acid_metabolite,succinic acid,1086.0,0.06319,0.02276,0.04043
carboxylic_acid_metabolite,succinic acid,1230.0,0.02719,0.01368,0.01351
carboxylic_acid_metabolite,succinic acid,1294.0,0.04759,0.04351,0.00408
carboxylic_acid_metabolite,succinic acid,1374.0,0.03573,0.01743,0.0183
carboxylic_acid_metabolite,succinic acid,1420.0,0.19405,0.11134,0.0827
carboxylic_acid_metabolite,succinic acid,1656.0,0.08722,0.07863,0.00858
chromophore_pigment,carotene,952.0,0.02019,0.01137,0.00882
chromophore_pigment,carotene,1006.0,0.08162,0.07299,0.00863
chromophore_pigment,carotene,1156.0,0.27192,0.27861,-0.00669
chromophore_pigment,carotene,1208.0,0.03649,0.02586,0.01063
chromophore_pigment,carotene,1448.0,0.0153,0.00939,0.0059
chromophore_pigment,carotene,1520.0,0.31785,0.26135,0.0565
chromophore_pigment,melanin,1368.0,0.04566,0.05612,-0.01046
chromophore_pigment,melanin,1612.0,0.14382,0.0804,0.06341
chromophore_pigment,riboflavin,520.0,0.02646,0.01265,0.01381
chromophore_pigment,riboflavin,598.0,0.02684,0.013,0.01384
chromophore_pigment,riboflavin,674.0,0.02725,0.01301,0.01424
chromophore_pigment,riboflavin,742.0,0.07053,0.03368,0.03685
chromophore_pigment,riboflavin,786.0,0.0344,0.01753,0.01688
chromophore_pigment,riboflavin,868.0,0.01925,0.01013,0.00912
chromophore_pigment,riboflavin,1060.0,0.03295,0.01805,0.0149
chromophore_pigment,riboflavin,1156.0,0.04917,0.04139,0.00778
chromophore_pigment,riboflavin,1180.0,0.0864,0.04274,0.04366
chromophore_pigment,riboflavin,1224.0,0.12851,0.0605,0.06801
chromophore_pigment,riboflavin,1346.0,0.29771,0.16095,0.13676
chromophore_pigment,riboflavin,1402.0,0.05438,0.04429,0.01009
chromophore_pigment,β-carotene,1008.0,0.06647,0.07105,-0.00458
chromophore_pigment,β-carotene,1156.0,0.28453,0.27872,0.00581
chromophore_pigment,β-carotene,1214.0,0.02421,0.02004,0.00418
chromophore_pigment,β-carotene,1270.0,0.02512,0.01981,0.00531
chromophore_pigment,β-carotene,1514.0,0.24196,0.22494,0.01701
fatty_acid,12-methyltetradecanoic acid,666.0,0.01333,0.00972,0.0036
fatty_acid,12-methyltetradecanoic acid,770.0,0.02209,0.00664,0.01545
fatty_acid,12-methyltetradecanoic acid,818.0,0.05995,0.04969,0.01026
fatty_acid,12-methyltetradecanoic acid,838.0,0.01539,0.00568,0.00971
fatty_acid,12-methyltetradecanoic acid,906.0,0.06552,0.04281,0.02272
fatty_acid,12-methyltetradecanoic acid,988.0,0.02121,0.00701,0.01421
fatty_acid,12-methyltetradecanoic acid,1018.0,0.0235,0.009,0.0145
fatty_acid,12-methyltetradecanoic acid,1062.0,0.17123,0.1371,0.03412
fatty_acid,12-methyltetradecanoic acid,1098.0,0.13917,0.07433,0.06485
fatty_acid,12-methyltetradecanoic acid,1142.0,0.13605,0.06599,0.07005
fatty_acid,12-methyltetradecanoic acid,1296.0,0.147,0.17013,-0.02313
fatty_acid,12-methyltetradecanoic acid,1346.0,0.01841,0.0049,0.01351
fatty_acid,13-methylmyristicacid,674.0,0.01113,0.01135,-0.00022
fatty_acid,13-methylmyristicacid,808.0,0.01705,0.00994,0.00711
fatty_acid,13-methylmyristicacid,828.0,0.06186,0.03066,0.0312
fatty_acid,13-methylmyristicacid,912.0,0.04027,0.04767,-0.0074
fatty_acid,13-methylmyristicacid,944.0,0.01508,0.00712,0.00796
fatty_acid,13-methylmyristicacid,1068.0,0.11011,0.14945,-0.03934
fatty_acid,13-methylmyristicacid,1104.0,0.06205,0.06864,-0.00659
fatty_acid,13-methylmyristicacid,1142.0,0.12268,0.09601,0.02667
fatty_acid,13-methylmyristicacid,1180.0,0.01961,0.01022,0.00938
fatty_acid,13-methylmyristicacid,1304.0,0.21497,0.15865,0.05633
fatty_acid,13-methylmyristicacid,1454.0,0.23612,0.20532,0.0308
fatty_acid,13-methylmyristicacid,1476.0,0.15525,0.12173,0.03352
fatty_acid,14-methylhexadecanoic acid,460.0,0.01355,0.01006,0.0035
fatty_acid,14-methylhexadecanoic acid,672.0,0.0134,0.01181,0.00159
fatty_acid,14-methylhexadecanoic acid,776.0,0.02204,0.01327,0.00877
fatty_acid,14-methylhexadecanoic acid,822.0,0.01935,0.01972,-0.00037
fatty_acid,14-methylhexadecanoic acid,840.0,0.0221,0.01491,0.00719
fatty_acid,14-methylhexadecanoic acid,912.0,0.06357,0.05575,0.00782
fatty_acid,14-methylhexadecanoic acid,1036.0,0.01593,0.01035,0.00557
fatty_acid,14-methylhexadecanoic acid,1070.0,0.22293,0.18598,0.03695
fatty_acid,14-methylhexadecanoic acid,1112.0,0.16242,0.10526,0.05716
fatty_acid,14-methylhexadecanoic acid,1148.0,0.14135,0.09875,0.0426
fatty_acid,14-methylhexadecanoic acid,1304.0,0.11793,0.17253,-0.0546
fatty_acid,14-methylhexadecanoic acid,1350.0,0.01193,0.00649,0.00544
fatty_acid,14-methylpentadecanoic acid,576.0,0.01112,0.00554,0.00558
fatty_acid,14-methylpentadecanoic acid,668.0,0.01785,0.01203,0.00582
fatty_acid,14-methylpentadecanoic acid,814.0,0.0493,0.04461,0.00468
fatty_acid,14-methylpentadecanoic acid,904.0,0.05204,0.04731,0.00473
fatty_acid,14-methylpentadecanoic acid,952.0,0.0241,0.01679,0.00731
fatty_acid,14-methylpentadecanoic acid,1062.0,0.1847,0.17454,0.01017
fatty_acid,14-methylpentadecanoic acid,1102.0,0.08348,0.08364,-0.00016
fatty_acid,14-methylpentadecanoic acid,1136.0,0.15679,0.14016,0.01663
fatty_acid,14-methylpentadecanoic acid,1172.0,0.01685,0.01879,-0.00194
fatty_acid,14-methylpentadecanoic acid,1296.0,0.21632,0.20963,0.00669
fatty_acid,14-methylpentadecanoic acid,1370.0,0.01383,0.01204,0.0018
fatty_acid,14-methylpentadecanoic acid,1412.0,0.03322,0.02264,0.01058
fatty_acid,15-methylpalmiticacid,466.0,0.01168,0.00821,0.00347
fatty_acid,15-methylpalmiticacid,820.0,0.08645,0.05147,0.03498
fatty_acid,15-methylpalmiticacid,904.0,0.03166,0.04765,-0.01599
fatty_acid,15-methylpalmiticacid,952.0,0.02517,0.01735,0.00782
fatty_acid,15-methylpalmiticacid,1062.0,0.14618,0.17166,-0.02548
fatty_acid,15-methylpalmiticacid,1104.0,0.07793,0.07403,0.0039
fatty_acid,15-methylpalmiticacid,1136.0,0.15931,0.14266,0.01664
fatty_acid,15-methylpalmiticacid,1172.0,0.02142,0.0187,0.00272
fatty_acid,15-methylpalmiticacid,1296.0,0.21999,0.20539,0.0146
fatty_acid,15-methylpalmiticacid,1370.0,0.01122,0.01204,-0.00082
fatty_acid,15-methylpalmiticacid,1448.0,0.20646,0.19728,0.00918
fatty_acid,15-methylpalmiticacid,1464.0,0.15223,0.13781,0.01443
fatty_acid,arachidic acid,894.0,0.03896,0.04959,-0.01063
fatty_acid,arachidic acid,1064.0,0.1849,0.17825,0.00665
fatty_acid,arachidic acid,1108.0,0.03677,0.01768,0.01909
fatty_acid,arachidic acid,1130.0,0.11925,0.15957,-0.04032
fatty_acid,arachidic acid,1172.0,0.03289,0.01697,0.01592
fatty_acid,arachidic acid,1296.0,0.22841,0.2263,0.00211
fatty_acid,arachidic acid,1372.0,0.01045,0.00953,0.00092
fatty_acid,arachidic acid,1418.0,0.05627,0.05509,0.00118
fatty_acid,arachidic acid,1440.0,0.19606,0.1798,0.01626
fatty_acid,arachidic acid,1464.0,0.10543,0.10963,-0.0042
fatty_acid,arachidic acid,1630.0,0.01134,0.00913,0.00221
fatty_acid,arachidonic acid,852.0,0.0218,0.01937,0.00243
fatty_acid,arachidonic acid,972.0,0.01874,0.02909,-0.01036
fatty_acid,arachidonic acid,1260.0,0.08176,0.10035,-0.01859
fatty_acid,arachidonic acid,1438.0,0.05856,0.04569,0.01288
fatty_acid,arachidonic acid,1650.0,0.29214,0.28939,0.00274
fatty_acid,elaidic acid,800.0,0.01594,0.00963,0.00631
fatty_acid,elaidic acid,908.0,0.04223,0.03214,0.01008
fatty_acid,elaidic acid,1064.0,0.01916,0.02725,-0.00809
fatty_acid,elaidic acid,1096.0,0.05146,0.06352,-0.01206
fatty_acid,elaidic acid,1122.0,0.03353,0.02232,0.01122
fatty_acid,elaidic acid,1164.0,0.02746,0.01192,0.01554
fatty_acid,elaidic acid,1302.0,0.04667,0.07178,-0.02511
fatty_acid,elaidic acid,1440.0,0.3235,0.30291,0.0206
fatty_acid,elaidic acid,1466.0,0.12171,0.10533,0.01638
fatty_acid,elaidic acid,1670.0,0.10638,0.06807,0.03831
fatty_acid,lauric acid,464.0,0.01601,0.00521,0.0108
fatty_acid,lauric acid,666.0,0.01159,0.00848,0.00311
fatty_acid,lauric acid,890.0,0.04283,0.04447,-0.00164
fatty_acid,lauric acid,906.0,0.08087,0.03754,0.04333
fatty_acid,lauric acid,1018.0,0.01537,0.00429,0.01108
fatty_acid,lauric acid,1062.0,0.1439,0.16745,-0.02354
fatty_acid,lauric acid,1084.0,0.03141,0.01088,0.02053
fatty_acid,lauric acid,1128.0,0.20281,0.14401,0.0588
fatty_acid,lauric acid,1296.0,0.23582,0.21002,0.0258
fatty_acid,lauric acid,1408.0,0.01482,0.02638,-0.01156
fatty_acid,lauric acid,1444.0,0.1836,0.16202,0.02158
fatty_acid,lauric acid,1656.0,0.01686,0.0097,0.00717
fatty_acid,linoleic acid,838.0,0.02622,0.01813,0.00809
fatty_acid,linoleic acid,970.0,0.03537,0.02671,0.00866
fatty_acid,linoleic acid,1074.0,0.03365,0.03019,0.00346
fatty_acid,linoleic acid,1260.0,0.08719,0.08983,-0.00264
fatty_acid,linoleic acid,1302.0,0.06032,0.06044,-0.00012
fatty_acid,linoleic acid,1438.0,0.13347,0.12973,0.00374
fatty_acid,linoleic acid,1652.0,0.26589,0.2613,0.00459
fatty_acid,myristic acid,892.0,0.08252,0.06787,0.01465
fatty_acid,myristic acid,986.0,0.01166,0.00256,0.00911
fatty_acid,myristic acid,1062.0,0.20906,0.18731,0.02175
fatty_acid,myristic acid,1092.0,0.04286,0.01002,0.03284
fatty_acid,myristic acid,1128.0,0.18952,0.21217,-0.02265
fatty_acid,myristic acid,1176.0,0.01225,0.0202,-0.00794
fatty_acid,myristic acid,1296.0,0.22222,0.23721,-0.01499
fatty_acid,myristic acid,1370.0,0.00955,0.00915,0.0004
fatty_acid,myristic acid,1436.0,0.14187,0.13721,0.00466
fatty_acid,myristic acid,1458.0,0.0747,0.07089,0.00381
fatty_acid,myristic acid,1628.0,0.01405,0.0127,0.00135
fatty_acid,oleate,728.0,0.01119,0.0081,0.00309
fatty_acid,oleate,860.0,0.03829,0.02368,0.01461
fatty_acid,oleate,972.0,0.01883,0.01685,0.00198
fatty_acid,oleate,1084.0,0.0792,0.03906,0.04014
fatty_acid,oleate,1120.0,0.02435,0.02422,0.00013
fatty_acid,oleate,1268.0,0.05829,0.04914,0.00915
fatty_acid,oleate,1302.0,0.11826,0.09577,0.02249
fatty_acid,oleate,1440.0,0.20562,0.22545,-0.01983
fatty_acid,oleate,1656.0,0.15902,0.14343,0.01558
fatty_acid,palmitic acid,672.0,0.01154,0.00841,0.00313
fatty_acid,palmitic acid,894.0,0.06384,0.05268,0.01116
fatty_acid,palmitic acid,1064.0,0.16635,0.17762,-0.01127
fatty_acid,palmitic acid,1100.0,0.04346,0.01731,0.02615
fatty_acid,palmitic acid,1130.0,0.20273,0.16905,0.03367
fatty_acid,palmitic acid,1176.0,0.01812,0.01868,-0.00056
fatty_acid,palmitic acid,1298.0,0.2084,0.21194,-0.00354
fatty_acid,palmitic acid,1370.0,0.01103,0.00942,0.00161
fatty_acid,palmitic acid,1422.0,0.09619,0.06264,0.03356
fatty_acid,palmitic acid,1438.0,0.16586,0.15482,0.01104
fatty_acid,palmitic acid,1466.0,0.09774,0.0956,0.00215
fatty_acid,palmitic acid,1644.0,0.01091,0.00799,0.00291
fatty_acid,palmitoleic acid,892.0,0.03156,0.01694,0.01462
fatty_acid,palmitoleic acid,1018.0,0.01764,0.01233,0.00531
fatty_acid,palmitoleic acid,1084.0,0.06227,0.04056,0.02172
fatty_acid,palmitoleic acid,1264.0,0.05416,0.06702,-0.01285
fatty_acid,palmitoleic acid,1306.0,0.08996,0.0831,0.00686
fatty_acid,palmitoleic acid,1442.0,0.18645,0.20373,-0.01728
fatty_acid,palmitoleic acid,1654.0,0.20365,0.19151,0.01215
fatty_acid,stearate,556.0,0.0152,0.00351,0.01169
fatty_acid,stearate,848.0,0.02821,0.00686,0.02136
fatty_acid,stearate,866.0,0.04238,0.00863,0.03374
fatty_acid,stearate,890.0,0.03004,0.03902,-0.00898
fatty_acid,stearate,1062.0,0.1575,0.1503,0.0072
fatty_acid,stearate,1100.0,0.04552,0.03966,0.00587
fatty_acid,stearate,1130.0,0.13277,0.11766,0.01511
fatty_acid,stearate,1174.0,0.03314,0.01615,0.01699
fatty_acid,stearate,1296.0,0.19136,0.19271,-0.00135
fatty_acid,stearate,1418.0,0.07224,0.04854,0.0237
fatty_acid,stearate,1442.0,0.25051,0.20426,0.04625
fatty_acid,stearate,1462.0,0.14434,0.11782,0.02652
fatty_acid,vaccenic acid,720.0,0.01261,0.00757,0.00503
fatty_acid,vaccenic acid,858.0,0.03654,0.0231,0.01344
fatty_acid,vaccenic acid,888.0,0.03857,0.02223,0.01634
fatty_acid,vaccenic acid,972.0,0.0199,0.0163,0.0036
fatty_acid,vaccenic acid,1020.0,0.01916,0.01222,0.00695
fatty_acid,vaccenic acid,1080.0,0.06136,0.04026,0.0211
fatty_acid,vaccenic acid,1208.0,0.01109,0.00513,0.00596
fatty_acid,vaccenic acid,1266.0,0.06285,0.04928,0.01357
fatty_acid,vaccenic acid,1302.0,0.12681,0.09382,0.03299
fatty_acid,vaccenic acid,1440.0,0.2222,0.23751,-0.01531
fatty_acid,vaccenic acid,1656.0,0.15612,0.13897,0.01715
fatty_acid,α-linolenic acid,726.0,0.01387,0.01126,0.00261
fatty_acid,α-linolenic acid,866.0,0.04805,0.02965,0.01841
fatty_acid,α-linolenic acid,970.0,0.03226,0.02849,0.00378
fatty_acid,α-linolenic acid,1068.0,0.02693,0.01784,0.00909
fatty_acid,α-linolenic acid,1262.0,0.1251,0.09852,0.02658
fatty_acid,α-linolenic acid,1438.0,0.08669,0.08292,0.00377
fatty_acid,α-linolenic acid,1652.0,0.27449,0.28563,-0.01114
free_amino_acid,alanine,532.0,0.12646,0.06198,0.06447
free_amino_acid,alanine,652.0,0.03972,0.0174,0.02232
free_amino_acid,alanine,774.0,0.04081,0.02458,0.01624
free_amino_acid,alanine,850.0,0.2738,0.28321,-0.0094
free_amino_acid,alanine,920.0,0.04428,0.03993,0.00434
free_amino_acid,alanine,1020.0,0.08431,0.03512,0.04919
free_amino_acid,alanine,1114.0,0.07353,0.02694,0.04659
free_amino_acid,alanine,1148.0,0.04672,0.01958,0.02714
free_amino_acid,alanine,1236.0,0.01575,0.0145,0.00125
free_amino_acid,alanine,1306.0,0.11998,0.04382,0.07616
free_amino_acid,alanine,1360.0,0.1619,0.07866,0.08323
free_amino_acid,alanine,1412.0,0.07431,0.04569,0.02862
free_amino_acid,arginine,490.0,0.03247,0.02778,0.00469
free_amino_acid,arginine,552.0,0.06717,0.05167,0.0155
free_amino_acid,arginine,576.0,0.04106,0.02752,0.01354
free_amino_acid,arginine,612.0,0.05255,0.0339,0.01865
free_amino_acid,arginine,850.0,0.04847,0.02605,0.02242
free_amino_acid,arginine,880.0,0.03812,0.03111,0.00701
free_amino_acid,arginine,922.0,0.04331,0.06291,-0.0196
free_amino_acid,arginine,982.0,0.23157,0.15958,0.07199
free_amino_acid,arginine,1032.0,0.02789,0.03008,-0.00219
free_amino_acid,arginine,1068.0,0.14543,0.10578,0.03965
free_amino_acid,arginine,1100.0,0.07795,0.05398,0.02397
free_amino_acid,arginine,1190.0,0.0514,0.03594,0.01546
free_amino_acid,asparagine,548.0,0.07965,0.07383,0.00581
free_amino_acid,asparagine,586.0,0.0368,0.0168,0.02
free_amino_acid,asparagine,666.0,0.01221,0.02053,-0.00832
free_amino_acid,asparagine,758.0,0.07763,0.08207,-0.00444
free_amino_acid,asparagine,882.0,0.04653,0.03079,0.01574
free_amino_acid,asparagine,900.0,0.02554,0.00236,0.02318
free_amino_acid,asparagine,948.0,0.18895,0.13415,0.0548
free_amino_acid,asparagine,990.0,0.02995,0.01203,0.01791
free_amino_acid,asparagine,1078.0,0.08809,0.05224,0.03585
free_amino_acid,asparagine,1118.0,0.074,0.04969,0.02431
free_amino_acid,asparagine,1166.0,0.10907,0.04511,0.06397
free_amino_acid,asparagine,1270.0,0.04791,0.01953,0.02838
free_amino_acid,aspartate,460.0,0.02991,0.01962,0.01029
free_amino_acid,aspartate,554.0,0.04347,0.03282,0.01065
free_amino_acid,aspartate,598.0,0.023,0.00866,0.01434
free_amino_acid,aspartate,664.0,0.01056,0.01928,-0.00872
free_amino_acid,aspartate,784.0,0.07313,0.02093,0.0522
free_amino_acid,aspartate,804.0,0.03505,0.01602,0.01903
free_amino_acid,aspartate,826.0,0.05752,0.02875,0.02877
free_amino_acid,aspartate,868.0,0.07059,0.04012,0.03048
free_amino_acid,aspartate,896.0,0.02686,0.03358,-0.00671
free_amino_acid,aspartate,940.0,0.13608,0.07498,0.0611
free_amino_acid,aspartate,992.0,0.02566,0.02015,0.00551
free_amino_acid,aspartate,1084.0,0.05342,0.03078,0.02263
free_amino_acid,cysteine,452.0,0.06178,0.05664,0.00514
free_amino_acid,cysteine,536.0,0.06131,0.06148,-0.00016
free_amino_acid,cysteine,640.0,0.29846,0.27591,0.02255
free_amino_acid,cysteine,692.0,0.20188,0.18558,0.0163
free_amino_acid,cysteine,772.0,0.07069,0.06423,0.00646
free_amino_acid,cysteine,822.0,0.06555,0.05727,0.00828
free_amino_acid,cysteine,868.0,0.04982,0.05946,-0.00964
free_amino_acid,cysteine,942.0,0.04956,0.03562,0.01394
free_amino_acid,cysteine,1006.0,0.03273,0.03155,0.00118
free_amino_acid,cysteine,1066.0,0.03491,0.02709,0.00782
free_amino_acid,cysteine,1106.0,0.01779,0.01172,0.00607
free_amino_acid,cysteine,1200.0,0.06975,0.06043,0.00932
free_amino_acid,glutamate,502.0,0.04698,0.02157,0.02541
free_amino_acid,glutamate,538.0,0.06968,0.06142,0.00826
free_amino_acid,glutamate,576.0,0.01858,0.00981,0.00877
free_amino_acid,glutamate,666.0,0.01625,0.01821,-0.00196
free_amino_acid,glutamate,708.0,0.02761,0.01562,0.01199
free_amino_acid,glutamate,764.0,0.04416,0.03444,0.00972
free_amino_acid,glutamate,804.0,0.04123,0.01833,0.0229
free_amino_acid,glutamate,866.0,0.18178,0.04299,0.13878
free_amino_acid,glutamate,920.0,0.10212,0.04361,0.05851
free_amino_acid,glutamate,942.0,0.07546,0.05666,0.0188
free_amino_acid,glutamate,970.0,0.02295,0.0201,0.00286
free_amino_acid,glutamate,1000.0,0.01535,0.01036,0.00499
free_amino_acid,glycine,504.0,0.09868,0.06739,0.03129
free_amino_acid,glycine,602.0,0.03729,0.02654,0.01075
free_amino_acid,glycine,694.0,0.03289,0.02071,0.01218
free_amino_acid,glycine,894.0,0.28585,0.24848,0.03736
free_amino_acid,glycine,1036.0,0.05283,0.07346,-0.02063
free_amino_acid,glycine,1138.0,0.02382,0.01926,0.00456
free_amino_acid,glycine,1326.0,0.18943,0.11167,0.07776
free_amino_acid,glycine,1412.0,0.08046,0.06361,0.01684
free_amino_acid,glycine,1442.0,0.06131,0.06055,0.00076
free_amino_acid,glycine,1570.0,0.02114,0.01146,0.00968
free_amino_acid,histidine,538.0,0.03422,0.03341,0.00081
free_amino_acid,histidine,624.0,0.03312,0.01736,0.01576
free_amino_acid,histidine,654.0,0.05749,0.02892,0.02857
free_amino_acid,histidine,728.0,0.02581,0.01863,0.00718
free_amino_acid,histidine,780.0,0.02767,0.00784,0.01983
free_amino_acid,histidine,804.0,0.03646,0.02068,0.01578
free_amino_acid,histidine,852.0,0.08368,0.10174,-0.01806
free_amino_acid,histidine,926.0,0.07252,0.05088,0.02165
free_amino_acid,histidine,976.0,0.07615,0.08353,-0.00738
free_amino_acid,histidine,1062.0,0.05995,0.06725,-0.0073
free_amino_acid,histidine,1088.0,0.09303,0.05035,0.04268
free_amino_acid,histidine,1114.0,0.05764,0.02549,0.03214
free_amino_acid,hydroxyproline,466.0,0.04288,0.01707,0.0258
free_amino_acid,hydroxyproline,618.0,0.02637,0.01874,0.00763
free_amino_acid,hydroxyproline,758.0,0.03103,0.00223,0.0288
free_amino_acid,hydroxyproline,852.0,0.36257,0.30274,0.05983
free_amino_acid,hydroxyproline,880.0,0.05987,0.01454,0.04533
free_amino_acid,hydroxyproline,958.0,0.03982,0.0247,0.01512
free_amino_acid,hydroxyproline,1066.0,0.087,0.03353,0.05347
free_amino_acid,hydroxyproline,1186.0,0.04349,0.0217,0.02179
free_amino_acid,hydroxyproline,1226.0,0.03953,0.02138,0.01815
free_amino_acid,hydroxyproline,1282.0,0.03987,0.01532,0.02455
free_amino_acid,hydroxyproline,1324.0,0.08682,0.06178,0.02504
free_amino_acid,hydroxyproline,1354.0,0.05181,0.07038,-0.01857
free_amino_acid,isoleucine,452.0,0.01429,0.01871,-0.00442
free_amino_acid,isoleucine,490.0,0.04541,0.02148,0.02393
free_amino_acid,isoleucine,536.0,0.10076,0.05428,0.04648
free_amino_acid,isoleucine,556.0,0.06906,0.02782,0.04124
free_amino_acid,isoleucine,674.0,0.03289,0.01648,0.01641
free_amino_acid,isoleucine,710.0,0.04272,0.01808,0.02464
free_amino_acid,isoleucine,748.0,0.05934,0.02631,0.03303
free_amino_acid,isoleucine,768.0,0.05666,0.03035,0.02631
free_amino_acid,isoleucine,800.0,0.02838,0.02332,0.00506
free_amino_acid,isoleucine,824.0,0.07248,0.0532,0.01928
free_amino_acid,isoleucine,852.0,0.07851,0.09532,-0.01681
free_amino_acid,isoleucine,874.0,0.05611,0.03759,0.01852
free_amino_acid,leucine,456.0,0.08138,0.02591,0.05547
free_amino_acid,leucine,536.0,0.09859,0.06871,0.02988
free_amino_acid,leucine,670.0,0.04807,0.0186,0.02946
free_amino_acid,leucine,770.0,0.02681,0.03495,-0.00814
free_amino_acid,leucine,848.0,0.147,0.15505,-0.00805
free_amino_acid,leucine,922.0,0.07334,0.04649,0.02685
free_amino_acid,leucine,946.0,0.05354,0.06595,-0.01241
free_amino_acid,leucine,962.0,0.07022,0.03217,0.03805
free_amino_acid,leucine,1004.0,0.01656,0.00204,0.01452
free_amino_acid,leucine,1030.0,0.03361,0.02112,0.01249
free_amino_acid,leucine,1082.0,0.03986,0.02712,0.01274
free_amino_acid,leucine,1130.0,0.06112,0.03158,0.02954
free_amino_acid,methionine,452.0,0.02229,0.03098,-0.00869
free_amino_acid,methionine,544.0,0.0811,0.05922,0.02189
free_amino_acid,methionine,646.0,0.09617,0.07085,0.02532
free_amino_acid,methionine,682.0,0.07088,0.03714,0.03374
free_amino_acid,methionine,700.0,0.07761,0.04387,0.03373
free_amino_acid,methionine,720.0,0.23611,0.0527,0.1834
free_amino_acid,methionine,764.0,0.07043,0.03897,0.03145
free_amino_acid,methionine,804.0,0.03367,0.02572,0.00795
free_amino_acid,methionine,876.0,0.07985,0.0469,0.03295
free_amino_acid,methionine,954.0,0.03374,0.02183,0.01192
free_amino_acid,methionine,1034.0,0.02638,0.01802,0.00836
free_amino_acid,methionine,1070.0,0.04104,0.05051,-0.00946
free_amino_acid,phenylalanine,468.0,0.06549,0.04961,0.01588
free_amino_acid,phenylalanine,526.0,0.02208,0.02263,-0.00055
free_amino_acid,phenylalanine,622.0,0.06987,0.06103,0.00884
free_amino_acid,phenylalanine,748.0,0.05046,0.06066,-0.0102
free_amino_acid,phenylalanine,832.0,0.07223,0.0665,0.00573
free_amino_acid,phenylalanine,854.0,0.03805,0.03392,0.00412
free_amino_acid,phenylalanine,1004.0,0.40242,0.36298,0.03944
free_amino_acid,phenylalanine,1034.0,0.08881,0.07559,0.01322
free_amino_acid,phenylalanine,1158.0,0.03147,0.02242,0.00904
free_amino_acid,phenylalanine,1186.0,0.03671,0.02573,0.01098
free_amino_acid,phenylalanine,1214.0,0.07982,0.06827,0.01155
free_amino_acid,phenylalanine,1308.0,0.04333,0.04023,0.00311
free_amino_acid,proline,452.0,0.07815,0.03395,0.0442
free_amino_acid,proline,576.0,0.01754,0.01019,0.00735
free_amino_acid,proline,642.0,0.05289,0.03303,0.01986
free_amino_acid,proline,792.0,0.02646,0.01684,0.00962
free_amino_acid,proline,842.0,0.11504,0.06157,0.05347
free_amino_acid,proline,900.0,0.23571,0.15816,0.07755
free_amino_acid,proline,918.0,0.13029,0.06531,0.06498
free_amino_acid,proline,952.0,0.04292,0.00764,0.03528
free_amino_acid,proline,986.0,0.04627,0.0273,0.01897
free_amino_acid,proline,1034.0,0.08771,0.06612,0.02159
free_amino_acid,proline,1056.0,0.07414,0.03571,0.03843
free_amino_acid,proline,1084.0,0.04089,0.01871,0.02218
free_amino_acid,serine,514.0,0.09204,0.03121,0.06082
free_amino_acid,serine,610.0,0.07921,0.02833,0.05088
free_amino_acid,serine,812.0,0.08521,0.02759,0.05762
free_amino_acid,serine,852.0,0.27397,0.26822,0.00574
free_amino_acid,serine,922.0,0.03397,0.04331,-0.00934
free_amino_acid,serine,970.0,0.06394,0.02665,0.03729
free_amino_acid,serine,1008.0,0.0909,0.07396,0.01694
free_amino_acid,serine,1126.0,0.03642,0.01658,0.01984
free_amino_acid,serine,1218.0,0.03568,0.02272,0.01297
free_amino_acid,serine,1300.0,0.04523,0.03297,0.01226
free_amino_acid,serine,1326.0,0.11482,0.05978,0.05504
free_amino_acid,serine,1414.0,0.04799,0.03839,0.0096
free_amino_acid,tryptophan,534.0,0.03248,0.04185,-0.00937
free_amino_acid,tryptophan,576.0,0.03392,0.01009,0.02383
free_amino_acid,tryptophan,594.0,0.03616,0.01361,0.02255
free_amino_acid,tryptophan,626.0,0.02219,0.02098,0.00121
free_amino_acid,tryptophan,706.0,0.02701,0.01415,0.01286
free_amino_acid,tryptophan,756.0,0.20732,0.0824,0.12492
free_amino_acid,tryptophan,802.0,0.01976,0.01268,0.00709
free_amino_acid,tryptophan,874.0,0.08595,0.03905,0.0469
free_amino_acid,tryptophan,926.0,0.01199,0.02675,-0.01476
free_amino_acid,tryptophan,986.0,0.01916,0.0074,0.01176
free_amino_acid,tryptophan,1010.0,0.2054,0.1092,0.0962
free_amino_acid,tryptophan,1076.0,0.02839,0.02818,0.0002
free_amino_acid,tyrosine,490.0,0.0269,0.02127,0.00563
free_amino_acid,tyrosine,526.0,0.02804,0.02258,0.00547
free_amino_acid,tyrosine,642.0,0.09854,0.09189,0.00665
free_amino_acid,tyrosine,714.0,0.02791,0.02284,0.00508
free_amino_acid,tyrosine,796.0,0.06066,0.05439,0.00627
free_amino_acid,tyrosine,828.0,0.36328,0.33758,0.0257
free_amino_acid,tyrosine,846.0,0.10702,0.11112,-0.0041
free_amino_acid,tyrosine,984.0,0.06731,0.06096,0.00635
free_amino_acid,tyrosine,1044.0,0.03726,0.042,-0.00475
free_amino_acid,tyrosine,1178.0,0.11965,0.12161,-0.00196
free_amino_acid,tyrosine,1200.0,0.08315,0.07623,0.00693
free_amino_acid,tyrosine,1214.0,0.05863,0.04778,0.01085
free_amino_acid,valine,472.0,0.01436,0.01086,0.0035
free_amino_acid,valine,540.0,0.19888,0.08214,0.11674
free_amino_acid,valine,664.0,0.03672,0.02002,0.0167
free_amino_acid,valine,716.0,0.03331,0.02086,0.01245
free_amino_acid,valine,754.0,0.05491,0.05689,-0.00199
free_amino_acid,valine,776.0,0.11901,0.04636,0.07264
free_amino_acid,valine,824.0,0.06305,0.0518,0.01125
free_amino_acid,valine,850.0,0.08964,0.08764,0.002
free_amino_acid,valine,902.0,0.03664,0.01867,0.01797
free_amino_acid,valine,946.0,0.14419,0.10278,0.0414
free_amino_acid,valine,964.0,0.07203,0.0309,0.04113
free_amino_acid,valine,1034.0,0.03216,0.01375,0.01841
mono_oligosaccharide,(+)-arabinose,512.0,0.03525,0.04784,-0.0126
mono_oligosaccharide,(+)-arabinose,580.0,0.04612,0.05183,-0.00571
mono_oligosaccharide,(+)-arabinose,612.0,0.04336,0.04289,0.00046
mono_oligosaccharide,(+)-arabinose,700.0,0.06937,0.07016,-0.00079
mono_oligosaccharide,(+)-arabinose,844.0,0.27165,0.28966,-0.01801
mono_oligosaccharide,(+)-arabinose,898.0,0.02286,0.01159,0.01126
mono_oligosaccharide,(+)-arabinose,928.0,0.05418,0.04293,0.01125
mono_oligosaccharide,(+)-arabinose,994.0,0.06418,0.05376,0.01042
mono_oligosaccharide,(+)-arabinose,1052.0,0.06044,0.07169,-0.01125
mono_oligosaccharide,(+)-arabinose,1096.0,0.05613,0.06099,-0.00486
mono_oligosaccharide,(+)-arabinose,1138.0,0.05834,0.04671,0.01163
mono_oligosaccharide,(+)-arabinose,1258.0,0.13906,0.11744,0.02163
mono_oligosaccharide,(+)-fucose,530.0,0.07631,0.1165,-0.04019
mono_oligosaccharide,(+)-fucose,598.0,0.01431,0.02325,-0.00895
mono_oligosaccharide,(+)-fucose,620.0,0.02002,0.03431,-0.01428
mono_oligosaccharide,(+)-fucose,670.0,0.08299,0.02634,0.05664
mono_oligosaccharide,(+)-fucose,700.0,0.03064,0.01268,0.01796
mono_oligosaccharide,(+)-fucose,774.0,0.04909,0.01452,0.03456
mono_oligosaccharide,(+)-fucose,816.0,0.17606,0.06626,0.1098
mono_oligosaccharide,(+)-fucose,878.0,0.21736,0.1238,0.09356
mono_oligosaccharide,(+)-fucose,914.0,0.02569,0.01741,0.00829
mono_oligosaccharide,(+)-fucose,964.0,0.0548,0.01756,0.03724
mono_oligosaccharide,(+)-fucose,998.0,0.09789,0.02917,0.06872
mono_oligosaccharide,(+)-fucose,1028.0,0.04949,0.02531,0.02418
mono_oligosaccharide,(+)-galactosamine,462.0,0.06056,0.0507,0.00986
mono_oligosaccharide,(+)-galactosamine,530.0,0.22695,0.18558,0.04137
mono_oligosaccharide,(+)-galactosamine,606.0,0.03439,0.03513,-0.00074
mono_oligosaccharide,(+)-galactosamine,660.0,0.01615,0.02753,-0.01138
mono_oligosaccharide,(+)-galactosamine,706.0,0.01352,0.02232,-0.0088
mono_oligosaccharide,(+)-galactosamine,872.0,0.17942,0.16075,0.01867
mono_oligosaccharide,(+)-galactosamine,948.0,0.06382,0.05129,0.01253
mono_oligosaccharide,(+)-galactosamine,998.0,0.02067,0.04704,-0.02637
mono_oligosaccharide,(+)-galactosamine,1020.0,0.06971,0.04356,0.02616
mono_oligosaccharide,(+)-galactosamine,1038.0,0.02213,0.02138,0.00075
mono_oligosaccharide,(+)-galactosamine,1062.0,0.07504,0.09297,-0.01793
mono_oligosaccharide,(+)-galactosamine,1096.0,0.03549,0.03587,-0.00038
mono_oligosaccharide,(+)-galactose,462.0,0.04987,0.04358,0.00629
mono_oligosaccharide,(+)-galactose,528.0,0.15282,0.15311,-0.00029
mono_oligosaccharide,(+)-galactose,604.0,0.04684,0.03315,0.01368
mono_oligosaccharide,(+)-galactose,654.0,0.03533,0.01843,0.0169
mono_oligosaccharide,(+)-galactose,700.0,0.03421,0.02185,0.01236
mono_oligosaccharide,(+)-galactose,822.0,0.03465,0.03504,-0.00039
mono_oligosaccharide,(+)-galactose,872.0,0.15632,0.13067,0.02565
mono_oligosaccharide,(+)-galactose,936.0,0.05964,0.03692,0.02272
mono_oligosaccharide,(+)-galactose,996.0,0.03688,0.04089,-0.00401
mono_oligosaccharide,(+)-galactose,1020.0,0.05538,0.04258,0.0128
mono_oligosaccharide,(+)-galactose,1038.0,0.06802,0.03089,0.03713
mono_oligosaccharide,(+)-galactose,1062.0,0.12796,0.07859,0.04937
mono_oligosaccharide,(+)-glucose,542.0,0.1796,0.17449,0.00511
mono_oligosaccharide,(+)-glucose,650.0,0.03013,0.02508,0.00504
mono_oligosaccharide,(+)-glucose,772.0,0.03026,0.01682,0.01344
mono_oligosaccharide,(+)-glucose,842.0,0.13595,0.11448,0.02146
mono_oligosaccharide,(+)-glucose,916.0,0.09948,0.0933,0.00619
mono_oligosaccharide,(+)-glucose,1022.0,0.04129,0.03297,0.00832
mono_oligosaccharide,(+)-glucose,1074.0,0.11176,0.08856,0.02321
mono_oligosaccharide,(+)-glucose,1120.0,0.13163,0.13339,-0.00177
mono_oligosaccharide,(+)-glucose,1150.0,0.0474,0.06815,-0.02075
mono_oligosaccharide,(+)-glucose,1206.0,0.01269,0.01426,-0.00157
mono_oligosaccharide,(+)-glucose,1272.0,0.04211,0.04265,-0.00054
mono_oligosaccharide,(+)-glucose,1346.0,0.11357,0.07715,0.03642
mono_oligosaccharide,(+)-lactose,478.0,0.14022,0.03791,0.1023
mono_oligosaccharide,(+)-lactose,554.0,0.03472,0.04483,-0.01011
mono_oligosaccharide,(+)-lactose,632.0,0.03623,0.03157,0.00466
mono_oligosaccharide,(+)-lactose,700.0,0.01385,0.01444,-0.00059
mono_oligosaccharide,(+)-lactose,778.0,0.01907,0.01045,0.00862
mono_oligosaccharide,(+)-lactose,850.0,0.08811,0.07375,0.01436
mono_oligosaccharide,(+)-lactose,876.0,0.07622,0.04047,0.03575
mono_oligosaccharide,(+)-lactose,914.0,0.09979,0.04581,0.05398
mono_oligosaccharide,(+)-lactose,952.0,0.0425,0.01037,0.03213
mono_oligosaccharide,(+)-lactose,1020.0,0.09984,0.04138,0.05845
mono_oligosaccharide,(+)-lactose,1052.0,0.09306,0.04847,0.04459
mono_oligosaccharide,(+)-lactose,1086.0,0.1545,0.06556,0.08894
mono_oligosaccharide,(+)-maltose,462.0,0.16614,0.03726,0.12888
mono_oligosaccharide,(+)-maltose,520.0,0.06699,0.05963,0.00735
mono_oligosaccharide,(+)-maltose,552.0,0.15263,0.07701,0.07562
mono_oligosaccharide,(+)-maltose,644.0,0.02711,0.02149,0.00562
mono_oligosaccharide,(+)-maltose,718.0,0.01005,0.00679,0.00327
mono_oligosaccharide,(+)-maltose,780.0,0.01241,0.00699,0.00543
mono_oligosaccharide,(+)-maltose,848.0,0.05075,0.04613,0.00462
mono_oligosaccharide,(+)-maltose,900.0,0.07527,0.03,0.04527
mono_oligosaccharide,(+)-maltose,1026.0,0.03788,0.0337,0.00418
mono_oligosaccharide,(+)-maltose,1064.0,0.06522,0.0509,0.01432
mono_oligosaccharide,(+)-maltose,1116.0,0.13027,0.10584,0.02443
mono_oligosaccharide,(+)-maltose,1150.0,0.11917,0.0635,0.05567
mono_oligosaccharide,(+)-mannose,476.0,0.0486,0.02158,0.02702
mono_oligosaccharide,(+)-mannose,498.0,0.06282,0.03421,0.02862
mono_oligosaccharide,(+)-mannose,530.0,0.12127,0.09954,0.02173
mono_oligosaccharide,(+)-mannose,576.0,0.04023,0.02559,0.01464
mono_oligosaccharide,(+)-mannose,606.0,0.01816,0.02681,-0.00865
mono_oligosaccharide,(+)-mannose,664.0,0.05761,0.01745,0.04016
mono_oligosaccharide,(+)-mannose,684.0,0.05569,0.01491,0.04078
mono_oligosaccharide,(+)-mannose,774.0,0.01211,0.00977,0.00234
mono_oligosaccharide,(+)-mannose,830.0,0.13778,0.038,0.09979
mono_oligosaccharide,(+)-mannose,844.0,0.05626,0.06168,-0.00543
mono_oligosaccharide,(+)-mannose,860.0,0.04185,0.02689,0.01496
mono_oligosaccharide,(+)-mannose,882.0,0.12193,0.04686,0.07507
mono_oligosaccharide,(+)-raffinose pentahydrate,506.0,0.0601,0.01439,0.04571
mono_oligosaccharide,(+)-raffinose pentahydrate,540.0,0.03487,0.07527,-0.0404
mono_oligosaccharide,(+)-raffinose pentahydrate,620.0,0.02857,0.03363,-0.00506
mono_oligosaccharide,(+)-raffinose pentahydrate,654.0,0.02316,0.01537,0.00779
mono_oligosaccharide,(+)-raffinose pentahydrate,708.0,0.03851,0.02073,0.01778
mono_oligosaccharide,(+)-raffinose pentahydrate,752.0,0.02691,0.00644,0.02047
mono_oligosaccharide,(+)-raffinose pentahydrate,834.0,0.21938,0.07094,0.14844
mono_oligosaccharide,(+)-raffinose pentahydrate,876.0,0.05287,0.06562,-0.01275
mono_oligosaccharide,(+)-raffinose pentahydrate,936.0,0.02911,0.03076,-0.00165
mono_oligosaccharide,(+)-raffinose pentahydrate,968.0,0.03235,0.00802,0.02433
mono_oligosaccharide,(+)-raffinose pentahydrate,996.0,0.02212,0.03093,-0.00881
mono_oligosaccharide,(+)-raffinose pentahydrate,1052.0,0.12097,0.068,0.05297
mono_oligosaccharide,(+)-sucrose,526.0,0.09249,0.04189,0.0506
mono_oligosaccharide,(+)-sucrose,586.0,0.0336,0.02467,0.00893
mono_oligosaccharide,(+)-sucrose,642.0,0.06441,0.01722,0.04718
mono_oligosaccharide,(+)-sucrose,736.0,0.02518,0.00859,0.01658
mono_oligosaccharide,(+)-sucrose,848.0,0.19879,0.10752,0.09126
mono_oligosaccharide,(+)-sucrose,922.0,0.05778,0.04147,0.01631
mono_oligosaccharide,(+)-sucrose,942.0,0.03723,0.01193,0.0253
mono_oligosaccharide,(+)-sucrose,1010.0,0.03224,0.01931,0.01292
mono_oligosaccharide,(+)-sucrose,1036.0,0.09364,0.04577,0.04786
mono_oligosaccharide,(+)-sucrose,1088.0,0.02744,0.04787,-0.02043
mono_oligosaccharide,(+)-sucrose,1126.0,0.11873,0.09203,0.0267
mono_oligosaccharide,(+)-sucrose,1162.0,0.05499,0.01297,0.04201
mono_oligosaccharide,(+)-trehalose,522.0,0.19471,0.10421,0.09051
mono_oligosaccharide,(+)-trehalose,540.0,0.09852,0.09441,0.00412
mono_oligosaccharide,(+)-trehalose,604.0,0.04389,0.02864,0.01525
mono_oligosaccharide,(+)-trehalose,670.0,0.0397,0.01436,0.02533
mono_oligosaccharide,(+)-trehalose,696.0,0.0387,0.02109,0.01761
mono_oligosaccharide,(+)-trehalose,730.0,0.01353,0.0067,0.00682
mono_oligosaccharide,(+)-trehalose,802.0,0.03696,0.00471,0.03225
mono_oligosaccharide,(+)-trehalose,836.0,0.15933,0.0867,0.07262
mono_oligosaccharide,(+)-trehalose,910.0,0.13996,0.11357,0.0264
mono_oligosaccharide,(+)-trehalose,956.0,0.02409,0.01193,0.01217
mono_oligosaccharide,(+)-trehalose,1018.0,0.06117,0.03695,0.02422
mono_oligosaccharide,(+)-trehalose,1060.0,0.0787,0.05809,0.02061
mono_oligosaccharide,(+)-xylose,526.0,0.14982,0.17617,-0.02635
mono_oligosaccharide,(+)-xylose,564.0,0.04343,0.02889,0.01454
mono_oligosaccharide,(+)-xylose,608.0,0.03594,0.03576,0.00018
mono_oligosaccharide,(+)-xylose,758.0,0.03544,0.02722,0.00823
mono_oligosaccharide,(+)-xylose,902.0,0.25466,0.19782,0.05684
mono_oligosaccharide,(+)-xylose,930.0,0.07521,0.04637,0.02884
mono_oligosaccharide,(+)-xylose,1016.0,0.03211,0.04071,-0.0086
mono_oligosaccharide,(+)-xylose,1086.0,0.14925,0.14158,0.00767
mono_oligosaccharide,(+)-xylose,1114.0,0.11562,0.10875,0.00687
mono_oligosaccharide,(+)-xylose,1150.0,0.06017,0.07547,-0.0153
mono_oligosaccharide,(+)-xylose,1194.0,0.01484,0.01105,0.00379
mono_oligosaccharide,(+)-xylose,1244.0,0.03411,0.03622,-0.00211
mono_oligosaccharide,(-)-arabinose,512.0,0.06349,0.04139,0.02209
mono_oligosaccharide,(-)-arabinose,580.0,0.07433,0.04472,0.02961
mono_oligosaccharide,(-)-arabinose,614.0,0.06522,0.04416,0.02106
mono_oligosaccharide,(-)-arabinose,698.0,0.09715,0.07157,0.02558
mono_oligosaccharide,(-)-arabinose,842.0,0.34716,0.30214,0.04501
mono_oligosaccharide,(-)-arabinose,896.0,0.03649,0.0168,0.0197
mono_oligosaccharide,(-)-arabinose,936.0,0.05371,0.04934,0.00437
mono_oligosaccharide,(-)-arabinose,992.0,0.06725,0.05237,0.01488
mono_oligosaccharide,(-)-arabinose,1052.0,0.05658,0.07101,-0.01443
mono_oligosaccharide,(-)-arabinose,1094.0,0.05737,0.05316,0.00421
mono_oligosaccharide,(-)-arabinose,1138.0,0.04215,0.03283,0.00933
mono_oligosaccharide,(-)-arabinose,1258.0,0.12378,0.11338,0.0104
mono_oligosaccharide,(-)-fructose,466.0,0.05383,0.02188,0.03196
mono_oligosaccharide,(-)-fructose,526.0,0.08159,0.0485,0.03309
mono_oligosaccharide,(-)-fructose,594.0,0.07508,0.02607,0.04901
mono_oligosaccharide,(-)-fructose,626.0,0.25452,0.10701,0.14751
mono_oligosaccharide,(-)-fructose,818.0,0.14365,0.09787,0.04578
mono_oligosaccharide,(-)-fructose,872.0,0.14167,0.10599,0.03568
mono_oligosaccharide,(-)-fructose,926.0,0.04774,0.04434,0.00339
mono_oligosaccharide,(-)-fructose,978.0,0.067,0.03018,0.03682
mono_oligosaccharide,(-)-fructose,1048.0,0.05529,0.06783,-0.01255
mono_oligosaccharide,(-)-fructose,1084.0,0.10534,0.08189,0.02345
mono_oligosaccharide,(-)-fructose,1142.0,0.03847,0.03135,0.00712
mono_oligosaccharide,(-)-fructose,1178.0,0.04503,0.01429,0.03074
mono_oligosaccharide,(-)-ribose,464.0,0.02263,0.04293,-0.02029
mono_oligosaccharide,(-)-ribose,544.0,0.18183,0.12467,0.05715
mono_oligosaccharide,(-)-ribose,600.0,0.04522,0.0175,0.02772
mono_oligosaccharide,(-)-ribose,632.0,0.05312,0.02398,0.02914
mono_oligosaccharide,(-)-ribose,658.0,0.0206,0.02188,-0.00127
mono_oligosaccharide,(-)-ribose,728.0,0.02414,0.00796,0.01619
mono_oligosaccharide,(-)-ribose,806.0,0.02346,0.0251,-0.00165
mono_oligosaccharide,(-)-ribose,886.0,0.14371,0.04985,0.09386
mono_oligosaccharide,(-)-ribose,924.0,0.08087,0.03274,0.04813
mono_oligosaccharide,(-)-ribose,946.0,0.03019,0.0217,0.00849
mono_oligosaccharide,(-)-ribose,1004.0,0.03852,0.01688,0.02163
mono_oligosaccharide,(-)-ribose,1030.0,0.03512,0.02726,0.00786
mono_oligosaccharide,2-deoxy-d-ribose,538.0,0.06946,0.03494,0.03452
mono_oligosaccharide,2-deoxy-d-ribose,624.0,0.0604,0.11931,-0.05892
mono_oligosaccharide,2-deoxy-d-ribose,674.0,0.06367,0.04538,0.01829
mono_oligosaccharide,2-deoxy-d-ribose,754.0,0.02977,0.01526,0.01452
mono_oligosaccharide,2-deoxy-d-ribose,806.0,0.22294,0.11191,0.11103
mono_oligosaccharide,2-deoxy-d-ribose,876.0,0.05388,0.07777,-0.02389
mono_oligosaccharide,2-deoxy-d-ribose,898.0,0.0327,0.01948,0.01322
mono_oligosaccharide,2-deoxy-d-ribose,920.0,0.07059,0.05959,0.011
mono_oligosaccharide,2-deoxy-d-ribose,984.0,0.01676,0.02282,-0.00606
mono_oligosaccharide,2-deoxy-d-ribose,1014.0,0.06026,0.02762,0.03264
mono_oligosaccharide,2-deoxy-d-ribose,1040.0,0.08288,0.06352,0.01936
mono_oligosaccharide,2-deoxy-d-ribose,1080.0,0.04149,0.09046,-0.04896
mono_oligosaccharide,glucosamine,500.0,0.1812,0.07187,0.10932
mono_oligosaccharide,glucosamine,524.0,0.15848,0.10974,0.04874
mono_oligosaccharide,glucosamine,556.0,0.04598,0.0558,-0.00982
mono_oligosaccharide,glucosamine,572.0,0.07114,0.06246,0.00868
mono_oligosaccharide,glucosamine,692.0,0.03744,0.02196,0.01548
mono_oligosaccharide,glucosamine,734.0,0.02082,0.01136,0.00947
mono_oligosaccharide,glucosamine,766.0,0.03839,0.0149,0.02348
mono_oligosaccharide,glucosamine,854.0,0.14915,0.10415,0.045
mono_oligosaccharide,glucosamine,886.0,0.09037,0.03569,0.05468
mono_oligosaccharide,glucosamine,910.0,0.04504,0.0462,-0.00115
mono_oligosaccharide,glucosamine,998.0,0.08364,0.04689,0.03675
mono_oligosaccharide,glucosamine,1038.0,0.07487,0.0718,0.00307
mono_oligosaccharide,glycerol,486.0,0.08704,0.02162,0.06542
mono_oligosaccharide,glycerol,550.0,0.01353,0.0327,-0.01917
mono_oligosaccharide,glycerol,674.0,0.03328,0.02965,0.00363
mono_oligosaccharide,glycerol,822.0,0.0789,0.04338,0.03552
mono_oligosaccharide,glycerol,850.0,0.14489,0.09309,0.0518
mono_oligosaccharide,glycerol,926.0,0.05287,0.04994,0.00293
mono_oligosaccharide,glycerol,976.0,0.01763,0.02481,-0.00719
mono_oligosaccharide,glycerol,1058.0,0.1234,0.05386,0.06954
mono_oligosaccharide,glycerol,1112.0,0.08069,0.0509,0.02979
mono_oligosaccharide,glycerol,1250.0,0.04049,0.04913,-0.00864
mono_oligosaccharide,glycerol,1468.0,0.10272,0.09473,0.00799
mono_oligosaccharide,n-acetylglucosamine,480.0,0.04714,0.05052,-0.00338
mono_oligosaccharide,n-acetylglucosamine,512.0,0.11048,0.06326,0.04722
mono_oligosaccharide,n-acetylglucosamine,554.0,0.03868,0.05157,-0.01289
mono_oligosaccharide,n-acetylglucosamine,578.0,0.13283,0.06917,0.06366
mono_oligosaccharide,n-acetylglucosamine,628.0,0.0354,0.02315,0.01225
mono_oligosaccharide,n-acetylglucosamine,700.0,0.02378,0.01511,0.00868
mono_oligosaccharide,n-acetylglucosamine,790.0,0.07501,0.028,0.04702
mono_oligosaccharide,n-acetylglucosamine,866.0,0.07914,0.04342,0.03573
mono_oligosaccharide,n-acetylglucosamine,928.0,0.06586,0.02615,0.03971
mono_oligosaccharide,n-acetylglucosamine,974.0,0.16371,0.0598,0.10391
mono_oligosaccharide,n-acetylglucosamine,1002.0,0.06626,0.05198,0.01428
mono_oligosaccharide,n-acetylglucosamine,1020.0,0.07313,0.04776,0.02537
mono_oligosaccharide,β-d-glucose,542.0,0.21901,0.20174,0.01727
mono_oligosaccharide,β-d-glucose,650.0,0.02853,0.02807,0.00046
mono_oligosaccharide,β-d-glucose,770.0,0.02798,0.01688,0.0111
mono_oligosaccharide,β-d-glucose,840.0,0.16797,0.1255,0.04247
mono_oligosaccharide,β-d-glucose,914.0,0.13438,0.10686,0.02753
mono_oligosaccharide,β-d-glucose,1000.0,0.02767,0.01005,0.01762
mono_oligosaccharide,β-d-glucose,1022.0,0.04679,0.03197,0.01483
mono_oligosaccharide,β-d-glucose,1054.0,0.07231,0.08004,-0.00773
mono_oligosaccharide,β-d-glucose,1074.0,0.10291,0.10058,0.00233
mono_oligosaccharide,β-d-glucose,1120.0,0.13999,0.14353,-0.00355
mono_oligosaccharide,β-d-glucose,1150.0,0.06178,0.07285,-0.01107
mono_oligosaccharide,β-d-glucose,1204.0,0.02029,0.01486,0.00543
nucleic_acid_polymer,a-dna,500.0,0.02889,0.02914,-0.00026
nucleic_acid_polymer,a-dna,536.0,0.01254,0.00657,0.00597
nucleic_acid_polymer,a-dna,596.0,0.01655,0.01481,0.00174
nucleic_acid_polymer,a-dna,664.0,0.04245,0.0313,0.01115
nucleic_acid_polymer,a-dna,706.0,0.01088,0.00947,0.0014
nucleic_acid_polymer,a-dna,728.0,0.02153,0.03569,-0.01416
nucleic_acid_polymer,a-dna,780.0,0.12394,0.13057,-0.00663
nucleic_acid_polymer,a-dna,806.0,0.13062,0.08754,0.04307
nucleic_acid_polymer,a-dna,884.0,0.01561,0.0104,0.0052
nucleic_acid_polymer,a-dna,960.0,0.02671,0.0097,0.01701
nucleic_acid_polymer,a-dna,1010.0,0.02533,0.02114,0.00419
nucleic_acid_polymer,a-dna,1056.0,0.03309,0.02051,0.01258
nucleic_acid_polymer,b-dna,498.0,0.03908,0.02814,0.01094
nucleic_acid_polymer,b-dna,598.0,0.0089,0.01387,-0.00497
nucleic_acid_polymer,b-dna,684.0,0.05531,0.02346,0.03185
nucleic_acid_polymer,b-dna,730.0,0.04799,0.0347,0.0133
nucleic_acid_polymer,b-dna,754.0,0.02409,0.00987,0.01422
nucleic_acid_polymer,b-dna,784.0,0.13619,0.13866,-0.00247
nucleic_acid_polymer,b-dna,838.0,0.0351,0.01201,0.0231
nucleic_acid_polymer,b-dna,898.0,0.02029,0.01193,0.00837
nucleic_acid_polymer,b-dna,920.0,0.01735,0.00941,0.00793
nucleic_acid_polymer,b-dna,1020.0,0.03315,0.01606,0.01708
nucleic_acid_polymer,b-dna,1094.0,0.10732,0.08936,0.01796
nucleic_acid_polymer,b-dna,1144.0,0.01208,0.00564,0.00644
nucleic_acid_polymer,t-rna,500.0,0.01918,0.0286,-0.00942
nucleic_acid_polymer,t-rna,558.0,0.0208,0.0089,0.0119
nucleic_acid_polymer,t-rna,596.0,0.019,0.01454,0.00446
nucleic_acid_polymer,t-rna,628.0,0.01417,0.00781,0.00636
nucleic_acid_polymer,t-rna,670.0,0.0308,0.03373,-0.00293
nucleic_acid_polymer,t-rna,724.0,0.04381,0.02417,0.01964
nucleic_acid_polymer,t-rna,786.0,0.1656,0.13765,0.02795
nucleic_acid_polymer,t-rna,814.0,0.09384,0.06308,0.03076
nucleic_acid_polymer,t-rna,868.0,0.01602,0.00662,0.0094
nucleic_acid_polymer,t-rna,914.0,0.01364,0.00871,0.00494
nucleic_acid_polymer,t-rna,1000.0,0.01166,0.01751,-0.00584
nucleic_acid_polymer,t-rna,1040.0,0.00948,0.00431,0.00516
peptide_protein,albumin,510.0,0.0326,0.02605,0.00654
peptide_protein,albumin,622.0,0.023,0.01901,0.00399
peptide_protein,albumin,646.0,0.02576,0.01622,0.00953
peptide_protein,albumin,744.0,0.01951,0.01885,0.00066
peptide_protein,albumin,828.0,0.02633,0.0314,-0.00507
peptide_protein,albumin,852.0,0.03522,0.03561,-0.00039
peptide_protein,albumin,896.0,0.02924,0.02019,0.00905
peptide_protein,albumin,940.0,0.05238,0.04238,0.01
peptide_protein,albumin,1004.0,0.11026,0.10097,0.00929
peptide_protein,albumin,1032.0,0.04243,0.03241,0.01002
peptide_protein,albumin,1102.0,0.03832,0.03325,0.00507
peptide_protein,albumin,1176.0,0.02708,0.01734,0.00973
peptide_protein,carbonic anhydrase,542.0,0.00983,0.00781,0.00202
peptide_protein,carbonic anhydrase,620.0,0.01479,0.0142,0.00059
peptide_protein,carbonic anhydrase,646.0,0.01438,0.01152,0.00286
peptide_protein,carbonic anhydrase,760.0,0.05758,0.04825,0.00934
peptide_protein,carbonic anhydrase,830.0,0.02732,0.02267,0.00466
peptide_protein,carbonic anhydrase,856.0,0.02388,0.02023,0.00366
peptide_protein,carbonic anhydrase,880.0,0.02749,0.02697,0.00053
peptide_protein,carbonic anhydrase,1004.0,0.13745,0.12772,0.00973
peptide_protein,carbonic anhydrase,1126.0,0.03074,0.02815,0.00259
peptide_protein,carbonic anhydrase,1236.0,0.06089,0.05804,0.00285
peptide_protein,carbonic anhydrase,1342.0,0.05512,0.06106,-0.00594
peptide_protein,carbonic anhydrase,1450.0,0.13765,0.12931,0.00834
peptide_protein,collagen,478.0,0.00887,0.00861,0.00026
peptide_protein,collagen,538.0,0.01822,0.01006,0.00816
peptide_protein,collagen,756.0,0.0162,0.01028,0.00592
peptide_protein,collagen,816.0,0.02363,0.01066,0.01297
peptide_protein,collagen,856.0,0.04279,0.03818,0.00461
peptide_protein,collagen,920.0,0.03881,0.01738,0.02142
peptide_protein,collagen,1004.0,0.03226,0.01709,0.01516
peptide_protein,collagen,1032.0,0.03274,0.02509,0.00765
peptide_protein,collagen,1098.0,0.03391,0.03168,0.00223
peptide_protein,collagen,1168.0,0.01336,0.00991,0.00344
peptide_protein,collagen,1248.0,0.07665,0.07451,0.00214
peptide_protein,collagen,1452.0,0.14258,0.13953,0.00305
peptide_protein,cytochrome c,600.0,0.01505,0.01259,0.00246
peptide_protein,cytochrome c,640.0,0.00997,0.00665,0.00332
peptide_protein,cytochrome c,686.0,0.05691,0.04444,0.01247
peptide_protein,cytochrome c,750.0,0.13541,0.128,0.00741
peptide_protein,cytochrome c,794.0,0.01229,0.01208,0.00021
peptide_protein,cytochrome c,834.0,0.01316,0.01081,0.00235
peptide_protein,cytochrome c,914.0,0.02327,0.02028,0.00299
peptide_protein,cytochrome c,978.0,0.02106,0.02191,-0.00085
peptide_protein,cytochrome c,1130.0,0.08132,0.09465,-0.01332
peptide_protein,cytochrome c,1176.0,0.02728,0.03096,-0.00369
peptide_protein,cytochrome c,1232.0,0.02664,0.03073,-0.00409
peptide_protein,cytochrome c,1314.0,0.09793,0.08531,0.01262
peptide_protein,elastase,512.0,0.01367,0.0116,0.00207
peptide_protein,elastase,644.0,0.01061,0.01594,-0.00533
peptide_protein,elastase,686.0,0.01367,0.01048,0.0032
peptide_protein,elastase,762.0,0.04751,0.04818,-0.00068
peptide_protein,elastase,856.0,0.0455,0.03583,0.00968
peptide_protein,elastase,1008.0,0.06917,0.06828,0.00089
peptide_protein,elastase,1066.0,0.04424,0.01383,0.0304
peptide_protein,elastase,1126.0,0.03322,0.02864,0.00458
peptide_protein,elastase,1174.0,0.00957,0.00683,0.00274
peptide_protein,elastase,1238.0,0.06192,0.06307,-0.00115
peptide_protein,elastase,1342.0,0.05664,0.05815,-0.00151
peptide_protein,elastase,1452.0,0.13597,0.13635,-0.00038
peptide_protein,elastin,528.0,0.03717,0.02173,0.01544
peptide_protein,elastin,622.0,0.01245,0.01007,0.00239
peptide_protein,elastin,666.0,0.03729,0.02022,0.01707
peptide_protein,elastin,758.0,0.02559,0.01368,0.01191
peptide_protein,elastin,854.0,0.02521,0.0247,0.00051
peptide_protein,elastin,904.0,0.03005,0.01695,0.01309
peptide_protein,elastin,934.0,0.02677,0.02114,0.00563
peptide_protein,elastin,958.0,0.02336,0.02468,-0.00132
peptide_protein,elastin,1004.0,0.07128,0.06363,0.00765
peptide_protein,elastin,1030.0,0.03754,0.02903,0.00851
peptide_protein,elastin,1106.0,0.04794,0.03158,0.01636
peptide_protein,elastin,1160.0,0.01985,0.00914,0.01071
peptide_protein,ferritin,466.0,0.01348,0.00502,0.00846
peptide_protein,ferritin,488.0,0.02105,0.01053,0.01052
peptide_protein,ferritin,542.0,0.03199,0.01708,0.01492
peptide_protein,ferritin,700.0,0.03948,0.01454,0.02494
peptide_protein,ferritin,758.0,0.02393,0.03264,-0.00871
peptide_protein,ferritin,836.0,0.04133,0.03004,0.01129
peptide_protein,ferritin,854.0,0.04594,0.03545,0.01049
peptide_protein,ferritin,886.0,0.01967,0.01603,0.00364
peptide_protein,ferritin,930.0,0.01863,0.02295,-0.00432
peptide_protein,ferritin,1004.0,0.08206,0.08386,-0.0018
peptide_protein,ferritin,1034.0,0.02541,0.02843,-0.00303
peptide_protein,ferritin,1102.0,0.02664,0.02366,0.00298
peptide_protein,glucose oxidase,536.0,0.01915,0.01886,0.00029
peptide_protein,glucose oxidase,760.0,0.0153,0.01678,-0.00147
peptide_protein,glucose oxidase,848.0,0.06314,0.06479,-0.00165
peptide_protein,glucose oxidase,934.0,0.01664,0.01455,0.00209
peptide_protein,glucose oxidase,1004.0,0.03279,0.03207,0.00073
peptide_protein,glucose oxidase,1066.0,0.02702,0.02728,-0.00026
peptide_protein,glucose oxidase,1144.0,0.05656,0.0492,0.00736
peptide_protein,glucose oxidase,1204.0,0.00644,0.00598,0.00046
peptide_protein,glucose oxidase,1234.0,0.07796,0.07746,0.0005
peptide_protein,glucose oxidase,1282.0,0.11714,0.11589,0.00125
peptide_protein,glucose oxidase,1340.0,0.03304,0.03596,-0.00292
peptide_protein,glucose oxidase,1398.0,0.01402,0.01468,-0.00066
peptide_protein,glutathione transferase,526.0,0.01997,0.0226,-0.00263
peptide_protein,glutathione transferase,646.0,0.0173,0.02202,-0.00472
peptide_protein,glutathione transferase,762.0,0.04215,0.02883,0.01331
peptide_protein,glutathione transferase,832.0,0.03223,0.03239,-0.00016
peptide_protein,glutathione transferase,854.0,0.05668,0.04475,0.01194
peptide_protein,glutathione transferase,938.0,0.03466,0.02614,0.00852
peptide_protein,glutathione transferase,1004.0,0.06961,0.07199,-0.00238
peptide_protein,glutathione transferase,1034.0,0.01992,0.02215,-0.00222
peptide_protein,glutathione transferase,1128.0,0.03933,0.03169,0.00764
peptide_protein,glutathione transferase,1174.0,0.01282,0.01503,-0.00221
peptide_protein,glutathione transferase,1208.0,0.03521,0.03111,0.00409
peptide_protein,glutathione transferase,1248.0,0.044,0.03528,0.00872
peptide_protein,hemoglobin,674.0,0.02863,0.01821,0.01042
peptide_protein,hemoglobin,750.0,0.08113,0.08564,-0.00451
peptide_protein,hemoglobin,794.0,0.00681,0.00748,-0.00068
peptide_protein,hemoglobin,918.0,0.0164,0.0144,0.002
peptide_protein,hemoglobin,998.0,0.04299,0.03517,0.00782
peptide_protein,hemoglobin,1066.0,0.01083,0.00395,0.00688
peptide_protein,hemoglobin,1130.0,0.09802,0.07696,0.02106
peptide_protein,hemoglobin,1172.0,0.03779,0.03184,0.00595
peptide_protein,hemoglobin,1226.0,0.05188,0.0455,0.00638
peptide_protein,hemoglobin,1308.0,0.04642,0.05802,-0.0116
peptide_protein,hemoglobin,1364.0,0.11638,0.10757,0.00881
peptide_protein,hemoglobin,1434.0,0.01203,0.01133,0.0007
peptide_protein,horseradish peroxidase,514.0,0.02429,0.01649,0.0078
peptide_protein,horseradish peroxidase,624.0,0.00624,0.00595,0.00029
peptide_protein,horseradish peroxidase,712.0,0.0129,0.01085,0.00205
peptide_protein,horseradish peroxidase,756.0,0.04264,0.02988,0.01276
peptide_protein,horseradish peroxidase,854.0,0.01255,0.00896,0.00359
peptide_protein,horseradish peroxidase,898.0,0.01599,0.01411,0.00188
peptide_protein,horseradish peroxidase,938.0,0.02159,0.01769,0.0039
peptide_protein,horseradish peroxidase,1004.0,0.08542,0.08606,-0.00063
peptide_protein,horseradish peroxidase,1034.0,0.00798,0.00862,-0.00064
peptide_protein,horseradish peroxidase,1100.0,0.02119,0.01826,0.00293
peptide_protein,horseradish peroxidase,1134.0,0.03365,0.03984,-0.00619
peptide_protein,horseradish peroxidase,1174.0,0.01601,0.02417,-0.00816
peptide_protein,insulin,514.0,0.04992,0.04081,0.00911
peptide_protein,insulin,624.0,0.01931,0.01854,0.00077
peptide_protein,insulin,648.0,0.04012,0.05122,-0.0111
peptide_protein,insulin,730.0,0.0262,0.01797,0.00823
peptide_protein,insulin,834.0,0.0884,0.09085,-0.00245
peptide_protein,insulin,856.0,0.09112,0.09365,-0.00253
peptide_protein,insulin,898.0,0.01393,0.00875,0.00518
peptide_protein,insulin,966.0,0.03019,0.02563,0.00456
peptide_protein,insulin,1010.0,0.13714,0.12018,0.01696
peptide_protein,insulin,1038.0,0.04626,0.03841,0.00785
peptide_protein,insulin,1134.0,0.03155,0.03054,0.00101
peptide_protein,insulin,1210.0,0.07342,0.074,-0.00058
peptide_protein,keratin,510.0,0.0164,0.01992,-0.00353
peptide_protein,keratin,620.0,0.01094,0.00991,0.00103
peptide_protein,keratin,640.0,0.02641,0.01546,0.01095
peptide_protein,keratin,754.0,0.01648,0.02164,-0.00516
peptide_protein,keratin,826.0,0.0306,0.01955,0.01104
peptide_protein,keratin,850.0,0.03342,0.02767,0.00574
peptide_protein,keratin,932.0,0.01572,0.01929,-0.00357
peptide_protein,keratin,998.0,0.06503,0.0387,0.02633
peptide_protein,keratin,1028.0,0.02307,0.01874,0.00433
peptide_protein,keratin,1122.0,0.02716,0.02129,0.00587
peptide_protein,keratin,1168.0,0.01199,0.01059,0.00141
peptide_protein,keratin,1234.0,0.05288,0.03597,0.01691
peptide_protein,lactalbumin,510.0,0.03055,0.01779,0.01276
peptide_protein,lactalbumin,646.0,0.01498,0.02102,-0.00603
peptide_protein,lactalbumin,764.0,0.06486,0.05572,0.00914
peptide_protein,lactalbumin,858.0,0.03193,0.03197,-4e-05
peptide_protein,lactalbumin,882.0,0.03805,0.03157,0.00647
peptide_protein,lactalbumin,956.0,0.02906,0.01607,0.01299
peptide_protein,lactalbumin,1006.0,0.07887,0.07522,0.00366
peptide_protein,lactalbumin,1130.0,0.0439,0.03029,0.01361
peptide_protein,lactalbumin,1174.0,0.00625,0.00971,-0.00346
peptide_protein,lactalbumin,1208.0,0.02933,0.02831,0.00101
peptide_protein,lactalbumin,1266.0,0.03339,0.03271,0.00068
peptide_protein,lactalbumin,1342.0,0.09209,0.08586,0.00623
peptide_protein,lectin,568.0,0.01086,0.00927,0.0016
peptide_protein,lectin,624.0,0.02304,0.01758,0.00546
peptide_protein,lectin,764.0,0.03691,0.03515,0.00176
peptide_protein,lectin,834.0,0.02535,0.02787,-0.00252
peptide_protein,lectin,880.0,0.02021,0.02063,-0.00043
peptide_protein,lectin,1004.0,0.14927,0.1465,0.00277
peptide_protein,lectin,1088.0,0.02235,0.0194,0.00295
peptide_protein,lectin,1128.0,0.02217,0.0309,-0.00873
peptide_protein,lectin,1158.0,0.00816,0.00537,0.00279
peptide_protein,lectin,1236.0,0.06427,0.06528,-0.00101
peptide_protein,lectin,1340.0,0.04717,0.04705,0.00011
peptide_protein,lectin,1452.0,0.11721,0.1168,0.00041
peptide_protein,major proteinase,532.0,0.01407,0.01745,-0.00339
peptide_protein,major proteinase,646.0,0.02895,0.02052,0.00844
peptide_protein,major proteinase,762.0,0.01959,0.01799,0.00161
peptide_protein,major proteinase,830.0,0.03614,0.02846,0.00767
peptide_protein,major proteinase,856.0,0.05254,0.04359,0.00895
peptide_protein,major proteinase,898.0,0.01417,0.013,0.00117
peptide_protein,major proteinase,962.0,0.01488,0.02101,-0.00613
peptide_protein,major proteinase,1004.0,0.04769,0.05523,-0.00754
peptide_protein,major proteinase,1106.0,0.03555,0.02543,0.01012
peptide_protein,major proteinase,1128.0,0.039,0.02698,0.01202
peptide_protein,major proteinase,1174.0,0.01875,0.01454,0.00421
peptide_protein,major proteinase,1268.0,0.05472,0.04294,0.01178
peptide_protein,myoglobin,678.0,0.01608,0.01871,-0.00263
peptide_protein,myoglobin,750.0,0.06529,0.07425,-0.00896
peptide_protein,myoglobin,1004.0,0.03929,0.04208,-0.00279
peptide_protein,myoglobin,1132.0,0.0736,0.07367,-7e-05
peptide_protein,myoglobin,1172.0,0.03914,0.03258,0.00657
peptide_protein,myoglobin,1226.0,0.05608,0.04951,0.00657
peptide_protein,myoglobin,1306.0,0.06226,0.05077,0.01149
peptide_protein,myoglobin,1366.0,0.10206,0.11424,-0.01219
peptide_protein,myoglobin,1430.0,0.02234,0.01496,0.00737
peptide_protein,myoglobin,1468.0,0.01362,0.01386,-0.00024
peptide_protein,myoglobin,1588.0,0.15657,0.14933,0.00724
peptide_protein,papain,500.0,0.05936,0.03583,0.02353
peptide_protein,papain,622.0,0.01577,0.00864,0.00713
peptide_protein,papain,646.0,0.05326,0.03805,0.01521
peptide_protein,papain,762.0,0.04125,0.03895,0.0023
peptide_protein,papain,830.0,0.06081,0.05311,0.0077
peptide_protein,papain,856.0,0.06437,0.07173,-0.00736
peptide_protein,papain,928.0,0.07345,0.02737,0.04608
peptide_protein,papain,1006.0,0.05444,0.04911,0.00533
peptide_protein,papain,1130.0,0.02767,0.03333,-0.00566
peptide_protein,papain,1176.0,0.01874,0.01654,0.0022
peptide_protein,papain,1206.0,0.04229,0.04242,-0.00014
peptide_protein,papain,1248.0,0.04705,0.04522,0.00182
peptide_protein,pepsin,550.0,0.01683,0.00928,0.00754
peptide_protein,pepsin,680.0,0.012,0.01514,-0.00314
peptide_protein,pepsin,766.0,0.02465,0.03408,-0.00943
peptide_protein,pepsin,886.0,0.03422,0.02314,0.01108
peptide_protein,pepsin,974.0,0.01585,0.00965,0.0062
peptide_protein,pepsin,1004.0,0.05352,0.05127,0.00225
peptide_protein,pepsin,1042.0,0.03188,0.01896,0.01292
peptide_protein,pepsin,1088.0,0.05113,0.02387,0.02726
peptide_protein,pepsin,1244.0,0.07358,0.06234,0.01124
peptide_protein,pepsin,1334.0,0.06645,0.05378,0.01266
peptide_protein,pepsin,1450.0,0.15011,0.13789,0.01222
peptide_protein,pepsin,1556.0,0.03461,0.04103,-0.00643
peptide_protein,pepsinogen,574.0,0.01282,0.00847,0.00434
peptide_protein,pepsinogen,644.0,0.02263,0.01715,0.00548
peptide_protein,pepsinogen,760.0,0.04312,0.03516,0.00796
peptide_protein,pepsinogen,828.0,0.0405,0.03521,0.00529
peptide_protein,pepsinogen,854.0,0.04102,0.03793,0.00309
peptide_protein,pepsinogen,1004.0,0.12614,0.12074,0.0054
peptide_protein,pepsinogen,1034.0,0.0335,0.0321,0.0014
peptide_protein,pepsinogen,1128.0,0.03489,0.03198,0.00291
peptide_protein,pepsinogen,1206.0,0.04178,0.03598,0.0058
peptide_protein,pepsinogen,1244.0,0.0602,0.0601,0.0001
peptide_protein,pepsinogen,1344.0,0.05493,0.05294,0.00199
peptide_protein,pepsinogen,1456.0,0.1229,0.12031,0.0026
peptide_protein,superoxide dismutases,494.0,0.01443,0.00253,0.0119
peptide_protein,superoxide dismutases,548.0,0.01128,0.00622,0.00506
peptide_protein,superoxide dismutases,624.0,0.01689,0.01165,0.00524
peptide_protein,superoxide dismutases,670.0,0.01355,0.00686,0.0067
peptide_protein,superoxide dismutases,744.0,0.02019,0.01512,0.00507
peptide_protein,superoxide dismutases,856.0,0.02384,0.02352,0.00031
peptide_protein,superoxide dismutases,1006.0,0.08924,0.0931,-0.00385
peptide_protein,superoxide dismutases,1032.0,0.03808,0.03283,0.00525
peptide_protein,superoxide dismutases,1126.0,0.02987,0.02814,0.00173
peptide_protein,superoxide dismutases,1168.0,0.01749,0.00771,0.00978
peptide_protein,superoxide dismutases,1240.0,0.06919,0.06896,0.00024
peptide_protein,superoxide dismutases,1318.0,0.03312,0.02939,0.00373
peptide_protein,thaumatin,504.0,0.02175,0.01073,0.01102
peptide_protein,thaumatin,624.0,0.01172,0.01454,-0.00282
peptide_protein,thaumatin,760.0,0.02374,0.03334,-0.0096
peptide_protein,thaumatin,852.0,0.028,0.02783,0.00017
peptide_protein,thaumatin,882.0,0.02148,0.02056,0.00092
peptide_protein,thaumatin,978.0,0.02365,0.01264,0.01101
peptide_protein,thaumatin,1004.0,0.12255,0.11955,0.003
peptide_protein,thaumatin,1092.0,0.02896,0.01955,0.00941
peptide_protein,thaumatin,1124.0,0.01915,0.0271,-0.00795
peptide_protein,thaumatin,1176.0,0.01264,0.00791,0.00474
peptide_protein,thaumatin,1238.0,0.06048,0.06271,-0.00223
peptide_protein,thaumatin,1336.0,0.05215,0.04516,0.00699
peptide_protein,triosephosphate isomerase,498.0,0.05299,0.02737,0.02562
peptide_protein,triosephosphate isomerase,530.0,0.02666,0.01817,0.00848
peptide_protein,triosephosphate isomerase,568.0,0.01764,0.01249,0.00515
peptide_protein,triosephosphate isomerase,620.0,0.01405,0.01108,0.00296
peptide_protein,triosephosphate isomerase,644.0,0.01567,0.01332,0.00235
peptide_protein,triosephosphate isomerase,710.0,0.03884,0.01651,0.02233
peptide_protein,triosephosphate isomerase,760.0,0.04754,0.04963,-0.00209
peptide_protein,triosephosphate isomerase,828.0,0.01518,0.01243,0.00275
peptide_protein,triosephosphate isomerase,878.0,0.04487,0.03212,0.01275
peptide_protein,triosephosphate isomerase,926.0,0.03189,0.02464,0.00725
peptide_protein,triosephosphate isomerase,1004.0,0.06778,0.06491,0.00286
peptide_protein,triosephosphate isomerase,1034.0,0.02498,0.01989,0.00509
peptide_protein,trypsin,512.0,0.01814,0.01608,0.00205
peptide_protein,trypsin,644.0,0.02368,0.0212,0.00248
peptide_protein,trypsin,760.0,0.03442,0.03202,0.0024
peptide_protein,trypsin,854.0,0.04467,0.04154,0.00313
peptide_protein,trypsin,1006.0,0.04999,0.06178,-0.01179
peptide_protein,trypsin,1128.0,0.03627,0.02471,0.01156
peptide_protein,trypsin,1172.0,0.01033,0.00993,0.0004
peptide_protein,trypsin,1238.0,0.06361,0.0619,0.00171
peptide_protein,trypsin,1342.0,0.05242,0.04946,0.00296
peptide_protein,trypsin,1450.0,0.13033,0.13818,-0.00785
peptide_protein,trypsin,1552.0,0.03918,0.0304,0.00878
peptide_protein,trypsin,1614.0,0.04177,0.03531,0.00646
peptide_protein,trypsin inhibitor,510.0,0.04957,0.01712,0.03245
peptide_protein,trypsin inhibitor,668.0,0.02267,0.01588,0.0068
peptide_protein,trypsin inhibitor,836.0,0.0268,0.02046,0.00634
peptide_protein,trypsin inhibitor,896.0,0.02583,0.01068,0.01516
peptide_protein,trypsin inhibitor,952.0,0.02511,0.02181,0.0033
peptide_protein,trypsin inhibitor,1004.0,0.06529,0.06019,0.00511
peptide_protein,trypsin inhibitor,1034.0,0.0257,0.03133,-0.00564
peptide_protein,trypsin inhibitor,1126.0,0.04764,0.03127,0.01637
peptide_protein,trypsin inhibitor,1262.0,0.05009,0.0507,-0.00061
peptide_protein,trypsin inhibitor,1324.0,0.05202,0.04002,0.01201
peptide_protein,trypsin inhibitor,1384.0,0.01741,0.00595,0.01146
peptide_protein,trypsin inhibitor,1454.0,0.11514,0.14111,-0.02597
peptide_protein,trypsinogen,508.0,0.02291,0.01656,0.00635
peptide_protein,trypsinogen,644.0,0.02867,0.0201,0.00857
peptide_protein,trypsinogen,760.0,0.03577,0.03572,5e-05
peptide_protein,trypsinogen,854.0,0.0485,0.04085,0.00765
peptide_protein,trypsinogen,962.0,0.02302,0.0125,0.01053
peptide_protein,trypsinogen,1006.0,0.06119,0.0703,-0.00911
peptide_protein,trypsinogen,1126.0,0.02982,0.02785,0.00197
peptide_protein,trypsinogen,1242.0,0.07646,0.06138,0.01508
peptide_protein,trypsinogen,1342.0,0.06389,0.05184,0.01205
peptide_protein,trypsinogen,1452.0,0.13322,0.13712,-0.0039
peptide_protein,trypsinogen,1550.0,0.03491,0.03059,0.00432
peptide_protein,trypsinogen,1616.0,0.02981,0.03399,-0.00419
peptide_protein,tubulin,542.0,0.03731,0.0395,-0.00219
peptide_protein,tubulin,676.0,0.27755,0.27389,0.00366
peptide_protein,tubulin,712.0,0.06552,0.06653,-0.00101
peptide_protein,tubulin,830.0,0.08994,0.0874,0.00254
peptide_protein,tubulin,950.0,0.03056,0.02942,0.00114
peptide_protein,tubulin,1002.0,0.05805,0.05907,-0.00102
peptide_protein,tubulin,1038.0,0.07637,0.07843,-0.00207
peptide_protein,tubulin,1130.0,0.04677,0.04303,0.00374
peptide_protein,tubulin,1258.0,0.0164,0.01602,0.00038
peptide_protein,tubulin,1320.0,0.01904,0.01688,0.00215
peptide_protein,tubulin,1418.0,0.04773,0.04881,-0.00108
peptide_protein,tubulin,1458.0,0.05777,0.0594,-0.00163
peptide_protein,ubiquitin,624.0,0.01014,0.01398,-0.00384
peptide_protein,ubiquitin,750.0,0.01538,0.02165,-0.00627
peptide_protein,ubiquitin,836.0,0.03072,0.01632,0.01441
peptide_protein,ubiquitin,960.0,0.02881,0.01943,0.00938
peptide_protein,ubiquitin,1004.0,0.09427,0.10252,-0.00826
peptide_protein,ubiquitin,1128.0,0.03755,0.02844,0.00911
peptide_protein,ubiquitin,1172.0,0.01375,0.01053,0.00322
peptide_protein,ubiquitin,1240.0,0.05611,0.05433,0.00177
peptide_protein,ubiquitin,1320.0,0.0616,0.04663,0.01497
peptide_protein,ubiquitin,1454.0,0.146,0.14354,0.00246
peptide_protein,ubiquitin,1672.0,0.14557,0.14341,0.00216
peptide_protein,xylanase,482.0,0.14129,0.13794,0.00335
peptide_protein,xylanase,582.0,0.02783,0.02929,-0.00147
peptide_protein,xylanase,714.0,0.01274,0.01404,-0.0013
peptide_protein,xylanase,764.0,0.01385,0.01175,0.0021
peptide_protein,xylanase,860.0,0.06415,0.06087,0.00328
peptide_protein,xylanase,942.0,0.09594,0.0993,-0.00336
peptide_protein,xylanase,1086.0,0.07769,0.08042,-0.00273
peptide_protein,xylanase,1130.0,0.10045,0.09799,0.00246
peptide_protein,xylanase,1258.0,0.0376,0.03815,-0.00055
peptide_protein,xylanase,1340.0,0.07731,0.07601,0.00131
peptide_protein,xylanase,1384.0,0.04499,0.04252,0.00247
peptide_protein,xylanase,1464.0,0.075,0.07254,0.00246
peptide_protein,α-chymotrypsinogen a (type ii),510.0,0.01815,0.00968,0.00846
peptide_protein,α-chymotrypsinogen a (type ii),622.0,0.00991,0.00988,4e-05
peptide_protein,α-chymotrypsinogen a (type ii),760.0,0.06166,0.05833,0.00332
peptide_protein,α-chymotrypsinogen a (type ii),878.0,0.03484,0.03361,0.00123
peptide_protein,α-chymotrypsinogen a (type ii),976.0,0.02995,0.01114,0.01881
peptide_protein,α-chymotrypsinogen a (type ii),1006.0,0.08156,0.08426,-0.00271
peptide_protein,α-chymotrypsinogen a (type ii),1128.0,0.03059,0.02885,0.00174
peptide_protein,α-chymotrypsinogen a (type ii),1238.0,0.05978,0.05796,0.00182
peptide_protein,α-chymotrypsinogen a (type ii),1344.0,0.06485,0.06182,0.00303
peptide_protein,α-chymotrypsinogen a (type ii),1452.0,0.13486,0.13851,-0.00365
peptide_protein,α-chymotrypsinogen a (type ii),1550.0,0.06074,0.05302,0.00771
peptide_protein,α-chymotrypsinogen a (type ii),1670.0,0.13328,0.12918,0.0041
phosphate_metabolite,fructose-6-phosphate,534.0,0.07266,0.0438,0.02886
phosphate_metabolite,fructose-6-phosphate,622.0,0.04952,0.02341,0.02611
phosphate_metabolite,fructose-6-phosphate,716.0,0.01302,0.0107,0.00233
phosphate_metabolite,fructose-6-phosphate,832.0,0.08231,0.03956,0.04276
phosphate_metabolite,fructose-6-phosphate,972.0,0.23706,0.1236,0.11346
phosphate_metabolite,fructose-6-phosphate,1070.0,0.07707,0.06189,0.01517
phosphate_metabolite,fructose-6-phosphate,1266.0,0.0358,0.02653,0.00926
phosphate_metabolite,fructose-6-phosphate,1346.0,0.03494,0.03242,0.00252
phosphate_metabolite,fructose-6-phosphate,1460.0,0.07475,0.04035,0.0344
phosphate_metabolite,phosphate,462.0,0.02034,0.0118,0.00853
phosphate_metabolite,phosphate,504.0,0.03996,0.02352,0.01644
phosphate_metabolite,phosphate,560.0,0.08423,0.05151,0.03272
phosphate_metabolite,phosphate,578.0,0.05916,0.03082,0.02834
phosphate_metabolite,phosphate,860.0,0.03694,0.02053,0.01642
phosphate_metabolite,phosphate,936.0,0.24201,0.08831,0.1537
phosphate_metabolite,phosphate,1066.0,0.08884,0.06248,0.02636
phosphate_metabolite,phosphate,1132.0,0.07289,0.0398,0.03309
phosphate_metabolite,phosphate,1378.0,0.0221,0.04457,-0.02247
phosphate_metabolite,phosphoenolpyruvate,488.0,0.02401,0.00958,0.01443
phosphate_metabolite,phosphoenolpyruvate,534.0,0.03295,0.0336,-0.00065
phosphate_metabolite,phosphoenolpyruvate,654.0,0.02111,0.01126,0.00985
phosphate_metabolite,phosphoenolpyruvate,736.0,0.07439,0.02108,0.0533
phosphate_metabolite,phosphoenolpyruvate,782.0,0.20987,0.0573,0.15258
phosphate_metabolite,phosphoenolpyruvate,808.0,0.02762,0.02371,0.00392
phosphate_metabolite,phosphoenolpyruvate,844.0,0.04631,0.03009,0.01622
phosphate_metabolite,phosphoenolpyruvate,914.0,0.04162,0.03408,0.00754
phosphate_metabolite,phosphoenolpyruvate,978.0,0.053,0.08269,-0.02969
phosphate_metabolite,phosphoenolpyruvate,1034.0,0.07558,0.02868,0.04691
phosphate_metabolite,phosphoenolpyruvate,1216.0,0.04004,0.01184,0.0282
phosphate_metabolite,phosphoenolpyruvate,1268.0,0.02932,0.02008,0.00925
phospholipid_sphingolipid,ceramide,888.0,0.02489,0.0247,0.00019
phospholipid_sphingolipid,ceramide,1058.0,0.08971,0.06528,0.02442
phospholipid_sphingolipid,ceramide,1126.0,0.06444,0.04336,0.02109
phospholipid_sphingolipid,ceramide,1292.0,0.14972,0.11837,0.03136
phospholipid_sphingolipid,ceramide,1432.0,0.21483,0.17437,0.04046
phospholipid_sphingolipid,ceramide,1672.0,0.04175,0.04582,-0.00407
phospholipid_sphingolipid,phosphatidylinositol,470.0,0.06048,0.06002,0.00046
phospholipid_sphingolipid,phosphatidylinositol,486.0,0.05666,0.05569,0.00097
phospholipid_sphingolipid,phosphatidylinositol,530.0,0.08711,0.08608,0.00103
phospholipid_sphingolipid,phosphatidylinositol,568.0,0.03653,0.03619,0.00033
phospholipid_sphingolipid,phosphatidylinositol,598.0,0.06149,0.06111,0.00038
phospholipid_sphingolipid,phosphatidylinositol,624.0,0.04176,0.04139,0.00038
phospholipid_sphingolipid,phosphatidylinositol,650.0,0.0695,0.06851,0.00099
phospholipid_sphingolipid,phosphatidylinositol,664.0,0.06883,0.06797,0.00086
phospholipid_sphingolipid,phosphatidylinositol,710.0,0.02782,0.02765,0.00017
phospholipid_sphingolipid,phosphatidylinositol,796.0,0.04369,0.04294,0.00075
phospholipid_sphingolipid,phosphatidylinositol,862.0,0.08129,0.08232,-0.00103
phospholipid_sphingolipid,phosphatidylinositol,928.0,0.0593,0.05951,-0.00021
phospholipid_sphingolipid,sphingomyelin,720.0,0.06525,0.03742,0.02783
phospholipid_sphingolipid,sphingomyelin,878.0,0.0266,0.02815,-0.00155
phospholipid_sphingolipid,sphingomyelin,958.0,0.01595,0.00882,0.00714
phospholipid_sphingolipid,sphingomyelin,1064.0,0.11484,0.07555,0.03929
phospholipid_sphingolipid,sphingomyelin,1104.0,0.04713,0.04352,0.00361
phospholipid_sphingolipid,sphingomyelin,1130.0,0.07911,0.04373,0.03538
phospholipid_sphingolipid,sphingomyelin,1296.0,0.17045,0.13048,0.03997
phospholipid_sphingolipid,sphingomyelin,1370.0,0.01191,0.00591,0.006
phospholipid_sphingolipid,sphingomyelin,1436.0,0.1814,0.19148,-0.01008
phospholipid_sphingolipid,sphingomyelin,1672.0,0.05082,0.04704,0.00378
phospholipid_sphingolipid,α-phosphatidylcholine,720.0,0.07793,0.03785,0.04008
phospholipid_sphingolipid,α-phosphatidylcholine,876.0,0.03984,0.03145,0.00839
phospholipid_sphingolipid,α-phosphatidylcholine,964.0,0.02037,0.01099,0.00938
phospholipid_sphingolipid,α-phosphatidylcholine,1088.0,0.06462,0.05152,0.0131
phospholipid_sphingolipid,α-phosphatidylcholine,1300.0,0.09882,0.11487,-0.01604
phospholipid_sphingolipid,α-phosphatidylcholine,1440.0,0.18649,0.18451,0.00198
phospholipid_sphingolipid,α-phosphatidylcholine,1658.0,0.11532,0.07693,0.03839
phospholipid_sphingolipid,α-phosphatidylcholine,1740.0,0.02386,0.01272,0.01114
phospholipid_sphingolipid,α-phosphatidylethanolamine,760.0,0.03266,0.01495,0.01771
phospholipid_sphingolipid,α-phosphatidylethanolamine,882.0,0.03879,0.03118,0.00762
phospholipid_sphingolipid,α-phosphatidylethanolamine,1084.0,0.07489,0.0495,0.02539
phospholipid_sphingolipid,α-phosphatidylethanolamine,1300.0,0.11319,0.11301,0.00018
phospholipid_sphingolipid,α-phosphatidylethanolamine,1440.0,0.18215,0.18123,0.00092
phospholipid_sphingolipid,α-phosphatidylethanolamine,1658.0,0.12321,0.07587,0.04734
phospholipid_sphingolipid,α-phosphatidylethanolamine,1742.0,0.0226,0.01298,0.00962
polysaccharide,amylopectin,478.0,0.21259,0.16817,0.04442
polysaccharide,amylopectin,576.0,0.02557,0.02988,-0.00432
polysaccharide,amylopectin,614.0,0.01969,0.01708,0.00261
polysaccharide,amylopectin,716.0,0.01576,0.01327,0.00249
polysaccharide,amylopectin,770.0,0.01932,0.01924,8e-05
polysaccharide,amylopectin,866.0,0.06785,0.07174,-0.00388
polysaccharide,amylopectin,940.0,0.10704,0.10202,0.00502
polysaccharide,amylopectin,1050.0,0.03567,0.0401,-0.00444
polysaccharide,amylopectin,1082.0,0.06558,0.07132,-0.00574
polysaccharide,amylopectin,1130.0,0.09229,0.0914,0.0009
polysaccharide,amylopectin,1262.0,0.03485,0.03286,0.00199
polysaccharide,amylopectin,1338.0,0.07273,0.08103,-0.00829
polysaccharide,amylose,480.0,0.16613,0.16322,0.00291
polysaccharide,amylose,580.0,0.03488,0.03173,0.00314
polysaccharide,amylose,712.0,0.01282,0.01463,-0.00182
polysaccharide,amylose,762.0,0.01417,0.01712,-0.00295
polysaccharide,amylose,860.0,0.07618,0.07142,0.00475
polysaccharide,amylose,938.0,0.10193,0.09783,0.0041
polysaccharide,amylose,1048.0,0.03822,0.0407,-0.00248
polysaccharide,amylose,1082.0,0.07295,0.07254,0.0004
polysaccharide,amylose,1128.0,0.10003,0.09327,0.00676
polysaccharide,amylose,1260.0,0.03735,0.03404,0.00331
polysaccharide,amylose,1338.0,0.07866,0.08133,-0.00267
polysaccharide,amylose,1384.0,0.05587,0.05484,0.00104
polysaccharide,cellulose,460.0,0.05786,0.05883,-0.00098
polysaccharide,cellulose,522.0,0.04499,0.03131,0.01368
polysaccharide,cellulose,576.0,0.03417,0.0208,0.01337
polysaccharide,cellulose,896.0,0.07122,0.08729,-0.01607
polysaccharide,cellulose,968.0,0.02127,0.016,0.00527
polysaccharide,cellulose,1096.0,0.29034,0.20229,0.08806
polysaccharide,cellulose,1120.0,0.13712,0.13637,0.00075
polysaccharide,cellulose,1150.0,0.05987,0.07385,-0.01398
polysaccharide,cellulose,1266.0,0.03374,0.03823,-0.00449
polysaccharide,cellulose,1338.0,0.04443,0.03919,0.00524
polysaccharide,cellulose,1378.0,0.0709,0.07824,-0.00734
polysaccharide,cellulose,1464.0,0.03221,0.02447,0.00774
polysaccharide,chitin,498.0,0.08866,0.04876,0.0399
polysaccharide,chitin,566.0,0.02331,0.01736,0.00596
polysaccharide,chitin,650.0,0.0201,0.01228,0.00783
polysaccharide,chitin,712.0,0.029,0.01543,0.01357
polysaccharide,chitin,896.0,0.10246,0.08257,0.01989
polysaccharide,chitin,954.0,0.11974,0.06034,0.05939
polysaccharide,chitin,1058.0,0.05734,0.04595,0.01139
polysaccharide,chitin,1108.0,0.18079,0.14463,0.03616
polysaccharide,chitin,1150.0,0.09196,0.07469,0.01727
polysaccharide,chitin,1204.0,0.03616,0.01807,0.01809
polysaccharide,chitin,1262.0,0.04589,0.03726,0.00863
polysaccharide,chitin,1328.0,0.07423,0.05507,0.01916
polysaccharide,glycogen,484.0,0.08444,0.12027,-0.03584
polysaccharide,glycogen,588.0,0.03978,0.02297,0.01681
polysaccharide,glycogen,666.0,0.02774,0.00888,0.01886
polysaccharide,glycogen,690.0,0.01747,0.00492,0.01255
polysaccharide,glycogen,726.0,0.015,0.00986,0.00514
polysaccharide,glycogen,774.0,0.02528,0.01577,0.00952
polysaccharide,glycogen,858.0,0.07087,0.05692,0.01395
polysaccharide,glycogen,940.0,0.07113,0.08097,-0.00984
polysaccharide,glycogen,1010.0,0.03312,0.01977,0.01336
polysaccharide,glycogen,1036.0,0.06187,0.03419,0.02767
polysaccharide,glycogen,1084.0,0.0788,0.06983,0.00897
polysaccharide,glycogen,1130.0,0.08683,0.09129,-0.00447
purine,adenine,536.0,0.12953,0.05695,0.07258
purine,adenine,560.0,0.01664,0.04217,-0.02553
purine,adenine,622.0,0.07901,0.09629,-0.01728
purine,adenine,722.0,0.26888,0.13777,0.13111
purine,adenine,898.0,0.03941,0.02446,0.01495
purine,adenine,942.0,0.10072,0.04478,0.05594
purine,adenine,1024.0,0.04274,0.03632,0.00641
purine,adenine,1126.0,0.08893,0.04821,0.04072
purine,adenine,1162.0,0.0146,0.00854,0.00607
purine,adenine,1248.0,0.1408,0.0486,0.09219
purine,adenine,1308.0,0.03823,0.02671,0.01151
purine,adenine,1334.0,0.22637,0.09033,0.13604
purine,guanine,496.0,0.06107,0.03119,0.02989
purine,guanine,562.0,0.0406,0.0172,0.02339
purine,guanine,650.0,0.35546,0.3067,0.04877
purine,guanine,710.0,0.02115,0.01374,0.0074
purine,guanine,848.0,0.03009,0.01867,0.01142
purine,guanine,938.0,0.11683,0.06344,0.05339
purine,guanine,1186.0,0.03088,0.01776,0.01312
purine,guanine,1230.0,0.13863,0.07468,0.06395
purine,guanine,1264.0,0.09124,0.08489,0.00634
purine,guanine,1360.0,0.05997,0.03107,0.02889
purine,guanine,1390.0,0.07395,0.03654,0.03741
purine,guanine,1422.0,0.05881,0.04209,0.01672
purine,hypoxanthine,468.0,0.03646,0.03956,-0.0031
purine,hypoxanthine,528.0,0.05551,0.03577,0.01974
purine,hypoxanthine,560.0,0.0525,0.04867,0.00383
purine,hypoxanthine,598.0,0.03672,0.01758,0.01914
purine,hypoxanthine,618.0,0.04849,0.07824,-0.02975
purine,hypoxanthine,664.0,0.0476,0.02172,0.02588
purine,hypoxanthine,720.0,0.17215,0.14837,0.02377
purine,hypoxanthine,796.0,0.02694,0.02609,0.00085
purine,hypoxanthine,862.0,0.0558,0.02658,0.02922
purine,hypoxanthine,890.0,0.05552,0.02886,0.02666
purine,hypoxanthine,932.0,0.05535,0.02864,0.02671
purine,hypoxanthine,964.0,0.08169,0.03725,0.04444
purine,urate,470.0,0.0749,0.03502,0.03988
purine,urate,500.0,0.03689,0.00928,0.0276
purine,urate,560.0,0.06499,0.03959,0.0254
purine,urate,624.0,0.19801,0.09685,0.10116
purine,urate,656.0,0.01674,0.00841,0.00833
purine,urate,706.0,0.02133,0.01053,0.0108
purine,urate,782.0,0.0569,0.02177,0.03513
purine,urate,882.0,0.02207,0.02589,-0.00382
purine,urate,998.0,0.10573,0.03525,0.07048
purine,urate,1038.0,0.21153,0.0881,0.12343
purine,urate,1120.0,0.07096,0.04612,0.02484
purine,urate,1232.0,0.05497,0.01274,0.04223
purine,xanthine,482.0,0.02001,0.01231,0.0077
purine,xanthine,542.0,0.06847,0.04584,0.02264
purine,xanthine,654.0,0.28405,0.24047,0.04358
purine,xanthine,838.0,0.01859,0.0129,0.00569
purine,xanthine,958.0,0.10817,0.05522,0.05295
purine,xanthine,1034.0,0.0231,0.01323,0.00986
purine,xanthine,1128.0,0.02899,0.01677,0.01221
purine,xanthine,1208.0,0.08552,0.04425,0.04126
purine,xanthine,1264.0,0.0736,0.08053,-0.00693
purine,xanthine,1330.0,0.27362,0.13538,0.13824
purine,xanthine,1434.0,0.08987,0.04979,0.04007
purine,xanthine,1490.0,0.02257,0.01744,0.00514
pyrimidine,cytosine,536.0,0.07264,0.05436,0.01828
pyrimidine,cytosine,550.0,0.11189,0.072,0.03989
pyrimidine,cytosine,600.0,0.10793,0.05085,0.05709
pyrimidine,cytosine,792.0,0.27597,0.2754,0.00057
pyrimidine,cytosine,972.0,0.04997,0.02671,0.02326
pyrimidine,cytosine,1110.0,0.04341,0.02396,0.01945
pyrimidine,cytosine,1252.0,0.09151,0.05677,0.03474
pyrimidine,cytosine,1276.0,0.26094,0.12274,0.1382
pyrimidine,cytosine,1362.0,0.0451,0.04017,0.00493
pyrimidine,cytosine,1462.0,0.02333,0.02606,-0.00273
pyrimidine,cytosine,1536.0,0.026,0.01271,0.01329
pyrimidine,cytosine,1654.0,0.04125,0.04256,-0.00131
pyrimidine,thymine,480.0,0.07446,0.00653,0.06793
pyrimidine,thymine,558.0,0.06183,0.02451,0.03733
pyrimidine,thymine,618.0,0.12129,0.00977,0.11152
pyrimidine,thymine,742.0,0.16232,0.01303,0.14929
pyrimidine,thymine,806.0,0.07255,0.0125,0.06005
pyrimidine,thymine,984.0,0.08132,0.0129,0.06843
pyrimidine,thymine,1156.0,0.02774,0.00327,0.02446
pyrimidine,thymine,1216.0,0.01908,0.00291,0.01617
pyrimidine,thymine,1248.0,0.02356,0.02365,-0.0001
pyrimidine,thymine,1370.0,0.26745,0.02568,0.24178
pyrimidine,thymine,1410.0,0.02634,0.00339,0.02295
pyrimidine,thymine,1434.0,0.01887,0.00211,0.01676
pyrimidine,uracil,534.0,0.04713,0.04987,-0.00273
pyrimidine,uracil,556.0,0.09383,0.07083,0.023
pyrimidine,uracil,578.0,0.08096,0.03695,0.04401
pyrimidine,uracil,790.0,0.33716,0.26827,0.0689
pyrimidine,uracil,986.0,0.02866,0.03129,-0.00263
pyrimidine,uracil,1102.0,0.03764,0.03204,0.00559
pyrimidine,uracil,1236.0,0.28183,0.1407,0.14113
pyrimidine,uracil,1396.0,0.07588,0.03679,0.03909
pyrimidine,uracil,1420.0,0.04036,0.01971,0.02066
pyrimidine,uracil,1458.0,0.02545,0.0255,-5e-05
pyrimidine,uracil,1506.0,0.02654,0.01655,0.00999
pyrimidine,uracil,1646.0,0.04584,0.03391,0.01193
small_nitrogenous,creatinine,578.0,0.07126,0.06737,0.00389
small_nitrogenous,creatinine,606.0,0.24708,0.22204,0.02504
small_nitrogenous,creatinine,674.0,0.22952,0.20624,0.02328
small_nitrogenous,creatinine,838.0,0.10581,0.09564,0.01017
small_nitrogenous,creatinine,904.0,0.13209,0.11842,0.01367
small_nitrogenous,creatinine,1036.0,0.01342,0.01475,-0.00133
small_nitrogenous,creatinine,1136.0,0.01863,0.01781,0.00083
small_nitrogenous,creatinine,1178.0,0.02656,0.02834,-0.00178
small_nitrogenous,creatinine,1208.0,0.02395,0.02215,0.00179
small_nitrogenous,creatinine,1246.0,0.04759,0.04297,0.00461
small_nitrogenous,creatinine,1416.0,0.04876,0.04434,0.00442
small_nitrogenous,creatinine,1478.0,0.03061,0.02898,0.00163
small_nitrogenous,urea,548.0,0.06253,0.00698,0.05555
small_nitrogenous,urea,1010.0,0.38369,0.04103,0.34266
small_nitrogenous,urea,1650.0,0.02024,0.01842,0.00181
sterol_steroid,cholesterol,458.0,0.03108,0.01366,0.01741
sterol_steroid,cholesterol,492.0,0.03676,0.01709,0.01966
sterol_steroid,cholesterol,548.0,0.07549,0.02168,0.05381
sterol_steroid,cholesterol,572.0,0.03424,0.02104,0.0132
sterol_steroid,cholesterol,608.0,0.06357,0.02175,0.04183
sterol_steroid,cholesterol,648.0,0.02361,0.00954,0.01407
sterol_steroid,cholesterol,702.0,0.12138,0.07019,0.05119
sterol_steroid,cholesterol,742.0,0.05282,0.03024,0.02258
sterol_steroid,cholesterol,806.0,0.0554,0.02425,0.03115
sterol_steroid,cholesterol,880.0,0.05731,0.0306,0.02671
sterol_steroid,cholesterol,916.0,0.03561,0.01952,0.01609
sterol_steroid,cholesterol,960.0,0.04631,0.03171,0.0146
sterol_steroid,cholesteryl linoleate,460.0,0.01481,0.0114,0.00341
sterol_steroid,cholesteryl linoleate,572.0,0.01745,0.02025,-0.00281
sterol_steroid,cholesteryl linoleate,610.0,0.02281,0.02392,-0.0011
sterol_steroid,cholesteryl linoleate,706.0,0.05143,0.06785,-0.01641
sterol_steroid,cholesteryl linoleate,744.0,0.02618,0.02261,0.00357
sterol_steroid,cholesteryl linoleate,836.0,0.02171,0.02128,0.00042
sterol_steroid,cholesteryl linoleate,884.0,0.03399,0.03362,0.00037
sterol_steroid,cholesteryl linoleate,926.0,0.02046,0.03273,-0.01228
sterol_steroid,cholesteryl linoleate,962.0,0.03292,0.02451,0.00841
sterol_steroid,cholesteryl linoleate,1032.0,0.04286,0.03384,0.00902
sterol_steroid,cholesteryl linoleate,1098.0,0.03789,0.01793,0.01997
sterol_steroid,cholesteryl linoleate,1202.0,0.0199,0.01545,0.00445
sterol_steroid,cholesteryl oleate,572.0,0.02254,0.02146,0.00107
sterol_steroid,cholesteryl oleate,630.0,0.01776,0.01383,0.00392
sterol_steroid,cholesteryl oleate,704.0,0.06019,0.07802,-0.01782
sterol_steroid,cholesteryl oleate,742.0,0.02513,0.02426,0.00087
sterol_steroid,cholesteryl oleate,814.0,0.03848,0.0278,0.01069
sterol_steroid,cholesteryl oleate,880.0,0.03907,0.03501,0.00406
sterol_steroid,cholesteryl oleate,924.0,0.02672,0.03236,-0.00564
sterol_steroid,cholesteryl oleate,960.0,0.02789,0.02625,0.00164
sterol_steroid,cholesteryl oleate,1030.0,0.0487,0.03773,0.01098
sterol_steroid,cholesteryl oleate,1092.0,0.03758,0.02705,0.01053
sterol_steroid,cholesteryl oleate,1136.0,0.02229,0.05112,-0.02883
sterol_steroid,cholesteryl oleate,1200.0,0.02001,0.0174,0.00261
sterol_steroid,cholesteryl palmitate,490.0,0.01374,0.01255,0.00118
sterol_steroid,cholesteryl palmitate,570.0,0.02016,0.02067,-0.00051
sterol_steroid,cholesteryl palmitate,614.0,0.02587,0.02172,0.00415
sterol_steroid,cholesteryl palmitate,702.0,0.09693,0.08053,0.0164
sterol_steroid,cholesteryl palmitate,846.0,0.02256,0.02348,-0.00092
sterol_steroid,cholesteryl palmitate,882.0,0.02958,0.03698,-0.00739
sterol_steroid,cholesteryl palmitate,924.0,0.04523,0.03284,0.01239
sterol_steroid,cholesteryl palmitate,1028.0,0.0299,0.03694,-0.00703
sterol_steroid,cholesteryl palmitate,1064.0,0.02604,0.02352,0.00252
sterol_steroid,cholesteryl palmitate,1092.0,0.0201,0.02735,-0.00725
sterol_steroid,cholesteryl palmitate,1132.0,0.08446,0.05202,0.03244
sterol_steroid,cholesteryl palmitate,1182.0,0.03814,0.02589,0.01224
sterol_steroid,cholesteryl stearate,574.0,0.01437,0.01954,-0.00517
sterol_steroid,cholesteryl stearate,618.0,0.01653,0.0152,0.00132
sterol_steroid,cholesteryl stearate,704.0,0.07051,0.07794,-0.00742
sterol_steroid,cholesteryl stearate,830.0,0.02404,0.02072,0.00332
sterol_steroid,cholesteryl stearate,886.0,0.02384,0.03282,-0.00899
sterol_steroid,cholesteryl stearate,928.0,0.04365,0.03159,0.01206
sterol_steroid,cholesteryl stearate,962.0,0.01657,0.02365,-0.00708
sterol_steroid,cholesteryl stearate,1032.0,0.0315,0.03582,-0.00432
sterol_steroid,cholesteryl stearate,1068.0,0.04622,0.02487,0.02135
sterol_steroid,cholesteryl stearate,1136.0,0.09152,0.05066,0.04086
sterol_steroid,cholesteryl stearate,1184.0,0.02195,0.02422,-0.00227
sterol_steroid,cholesteryl stearate,1300.0,0.04969,0.05317,-0.00348
sterol_steroid,diethylstilbestrol,506.0,0.01428,0.00695,0.00733
sterol_steroid,diethylstilbestrol,556.0,0.02269,0.03264,-0.00995
sterol_steroid,diethylstilbestrol,614.0,0.03066,0.02278,0.00788
sterol_steroid,diethylstilbestrol,636.0,0.05918,0.03821,0.02097
sterol_steroid,diethylstilbestrol,674.0,0.02265,0.0157,0.00695
sterol_steroid,diethylstilbestrol,738.0,0.02123,0.04908,-0.02785
sterol_steroid,diethylstilbestrol,816.0,0.16252,0.14676,0.01576
sterol_steroid,diethylstilbestrol,958.0,0.03354,0.02441,0.00913
sterol_steroid,diethylstilbestrol,1006.0,0.03357,0.07382,-0.04025
sterol_steroid,diethylstilbestrol,1052.0,0.03663,0.02905,0.00758
sterol_steroid,diethylstilbestrol,1112.0,0.09529,0.07801,0.01727
sterol_steroid,diethylstilbestrol,1172.0,0.05977,0.04299,0.01678
sterol_steroid,estradiol,486.0,0.02295,0.01588,0.00707
sterol_steroid,estradiol,500.0,0.03911,0.04241,-0.0033
sterol_steroid,estradiol,520.0,0.02901,0.02954,-0.00053
sterol_steroid,estradiol,550.0,0.07559,0.04915,0.02644
sterol_steroid,estradiol,574.0,0.02231,0.01616,0.00615
sterol_steroid,estradiol,628.0,0.02819,0.03002,-0.00182
sterol_steroid,estradiol,736.0,0.1094,0.09118,0.01822
sterol_steroid,estradiol,790.0,0.02436,0.02203,0.00233
sterol_steroid,estradiol,816.0,0.09542,0.10729,-0.01188
sterol_steroid,estradiol,904.0,0.04713,0.02827,0.01886
sterol_steroid,estradiol,932.0,0.04028,0.03644,0.00384
sterol_steroid,estradiol,966.0,0.06398,0.04817,0.01581
sterol_steroid,estriol,486.0,0.02227,0.01588,0.00639
sterol_steroid,estriol,500.0,0.03928,0.04249,-0.00321
sterol_steroid,estriol,520.0,0.0301,0.02959,0.00051
sterol_steroid,estriol,550.0,0.0761,0.04913,0.02697
sterol_steroid,estriol,574.0,0.02193,0.01615,0.00578
sterol_steroid,estriol,628.0,0.02858,0.03003,-0.00144
sterol_steroid,estriol,676.0,0.00809,0.01176,-0.00367
sterol_steroid,estriol,736.0,0.10955,0.09126,0.01828
sterol_steroid,estriol,790.0,0.0239,0.02207,0.00183
sterol_steroid,estriol,816.0,0.0956,0.10724,-0.01163
sterol_steroid,estriol,904.0,0.04669,0.02829,0.0184
sterol_steroid,estriol,932.0,0.03999,0.03646,0.00353
sterol_steroid,estrone,514.0,0.07001,0.0361,0.03391
sterol_steroid,estrone,590.0,0.07631,0.07165,0.00466
sterol_steroid,estrone,648.0,0.03489,0.03132,0.00357
sterol_steroid,estrone,724.0,0.22899,0.14919,0.0798
sterol_steroid,estrone,792.0,0.03878,0.03718,0.0016
sterol_steroid,estrone,830.0,0.04527,0.0375,0.00778
sterol_steroid,estrone,900.0,0.02128,0.01814,0.00315
sterol_steroid,estrone,938.0,0.04526,0.03747,0.00779
sterol_steroid,estrone,966.0,0.0619,0.05522,0.00669
sterol_steroid,estrone,1004.0,0.0441,0.06369,-0.01959
sterol_steroid,estrone,1056.0,0.01305,0.00652,0.00654
sterol_steroid,estrone,1112.0,0.02209,0.02535,-0.00326
sterol_steroid,ethinylestradiol,456.0,0.0406,0.02225,0.01835
sterol_steroid,ethinylestradiol,500.0,0.12678,0.07824,0.04853
sterol_steroid,ethinylestradiol,524.0,0.06853,0.05068,0.01785
sterol_steroid,ethinylestradiol,544.0,0.02248,0.02254,-6e-05
sterol_steroid,ethinylestradiol,594.0,0.12564,0.07541,0.05024
sterol_steroid,ethinylestradiol,618.0,0.07175,0.03073,0.04102
sterol_steroid,ethinylestradiol,714.0,0.18832,0.10282,0.0855
sterol_steroid,ethinylestradiol,734.0,0.13472,0.1276,0.00712
sterol_steroid,ethinylestradiol,790.0,0.03567,0.03605,-0.00038
sterol_steroid,ethinylestradiol,828.0,0.03184,0.03729,-0.00544
sterol_steroid,ethinylestradiol,878.0,0.01886,0.01112,0.00774
sterol_steroid,ethinylestradiol,930.0,0.07693,0.05717,0.01976
sulfur_thiol_cofactor,acetyl-coa,534.0,0.03731,0.04311,-0.0058
sulfur_thiol_cofactor,acetyl-coa,566.0,0.02827,0.02589,0.00238
sulfur_thiol_cofactor,acetyl-coa,632.0,0.07863,0.04291,0.03572
sulfur_thiol_cofactor,acetyl-coa,724.0,0.18295,0.14604,0.03691
sulfur_thiol_cofactor,acetyl-coa,806.0,0.06326,0.05641,0.00685
sulfur_thiol_cofactor,acetyl-coa,882.0,0.05115,0.05702,-0.00587
sulfur_thiol_cofactor,acetyl-coa,950.0,0.02371,0.02313,0.00058
sulfur_thiol_cofactor,acetyl-coa,1052.0,0.05064,0.04547,0.00517
sulfur_thiol_cofactor,acetyl-coa,1124.0,0.0681,0.05052,0.01758
sulfur_thiol_cofactor,acetyl-coa,1206.0,0.02536,0.00848,0.01688
sulfur_thiol_cofactor,acetyl-coa,1250.0,0.02657,0.03377,-0.00721
sulfur_thiol_cofactor,acetyl-coa,1334.0,0.11518,0.09476,0.02042
sulfur_thiol_cofactor,coenzyme a,496.0,0.01844,0.03011,-0.01167
sulfur_thiol_cofactor,coenzyme a,530.0,0.04442,0.04677,-0.00235
sulfur_thiol_cofactor,coenzyme a,558.0,0.03808,0.02792,0.01016
sulfur_thiol_cofactor,coenzyme a,664.0,0.05008,0.03836,0.01172
sulfur_thiol_cofactor,coenzyme a,724.0,0.17252,0.142,0.03052
sulfur_thiol_cofactor,coenzyme a,804.0,0.06761,0.05401,0.0136
sulfur_thiol_cofactor,coenzyme a,888.0,0.05486,0.05592,-0.00106
sulfur_thiol_cofactor,coenzyme a,1048.0,0.05612,0.04759,0.00854
sulfur_thiol_cofactor,coenzyme a,1078.0,0.04478,0.03325,0.01153
sulfur_thiol_cofactor,coenzyme a,1126.0,0.04846,0.04866,-0.0002
sulfur_thiol_cofactor,coenzyme a,1210.0,0.02833,0.02235,0.00598
sulfur_thiol_cofactor,coenzyme a,1242.0,0.03354,0.03513,-0.00159
sulfur_thiol_cofactor,ergothioneine,454.0,0.02001,0.01973,0.00028
sulfur_thiol_cofactor,ergothioneine,506.0,0.07895,0.0823,-0.00335
sulfur_thiol_cofactor,ergothioneine,550.0,0.03046,0.03125,-0.00079
sulfur_thiol_cofactor,ergothioneine,638.0,0.01888,0.01716,0.00173
sulfur_thiol_cofactor,ergothioneine,668.0,0.02127,0.02476,-0.00349
sulfur_thiol_cofactor,ergothioneine,716.0,0.05637,0.05258,0.00379
sulfur_thiol_cofactor,ergothioneine,846.0,0.0244,0.02467,-0.00027
sulfur_thiol_cofactor,ergothioneine,908.0,0.05657,0.05837,-0.0018
sulfur_thiol_cofactor,ergothioneine,962.0,0.08983,0.0895,0.00033
sulfur_thiol_cofactor,ergothioneine,1008.0,0.03948,0.03971,-0.00022
sulfur_thiol_cofactor,ergothioneine,1088.0,0.0353,0.03393,0.00137
sulfur_thiol_cofactor,ergothioneine,1206.0,0.28337,0.28097,0.00241
sulfur_thiol_cofactor,glutathione,510.0,0.09996,0.03632,0.06363
sulfur_thiol_cofactor,glutathione,624.0,0.036,0.02726,0.00874
sulfur_thiol_cofactor,glutathione,678.0,0.07823,0.02019,0.05805
sulfur_thiol_cofactor,glutathione,776.0,0.02613,0.00592,0.02022
sulfur_thiol_cofactor,glutathione,826.0,0.02302,0.01474,0.00828
sulfur_thiol_cofactor,glutathione,886.0,0.05474,0.04078,0.01396
sulfur_thiol_cofactor,glutathione,916.0,0.0732,0.02804,0.04516
sulfur_thiol_cofactor,glutathione,988.0,0.02744,0.01628,0.01115
sulfur_thiol_cofactor,glutathione,1036.0,0.04836,0.03723,0.01113
sulfur_thiol_cofactor,glutathione,1074.0,0.01442,0.02094,-0.00652
sulfur_thiol_cofactor,glutathione,1124.0,0.0102,0.03492,-0.02472
sulfur_thiol_cofactor,glutathione,1172.0,0.01791,0.00572,0.01218
