axis,recall,precision
acylglycerol,1.0,0.06133333333333333
acylglycerol,1.0,0.06149732620320856
acylglycerol,1.0,0.06166219839142091
acylglycerol,1.0,0.06182795698924731
acylglycerol,1.0,0.06199460916442048
acylglycerol,1.0,0.062162162162162166
acylglycerol,1.0,0.06233062330623306
acylglycerol,1.0,0.0625
acylglycerol,1.0,0.06267029972752043
acylglycerol,1.0,0.06284153005464481
acylglycerol,1.0,0.06301369863013699
acylglycerol,1.0,0.06318681318681318
acylglycerol,1.0,0.06336088154269973
acylglycerol,1.0,0.06353591160220995
acylglycerol,1.0,0.06371191135734072
acylglycerol,1.0,0.06388888888888888
acylglycerol,1.0,0.06406685236768803
acylglycerol,1.0,0.06424581005586592
acylglycerol,1.0,0.06442577030812324
acylglycerol,1.0,0.06460674157303371
acylglycerol,1.0,0.0647887323943662
acylglycerol,1.0,0.06497175141242938
acylglycerol,1.0,0.06515580736543909
acylglycerol,1.0,0.06534090909090909
acylglycerol,1.0,0.06552706552706553
acylglycerol,1.0,0.06571428571428571
acylglycerol,1.0,0.0659025787965616
acylglycerol,1.0,0.06609195402298851
acylglycerol,1.0,0.06628242074927954
acylglycerol,1.0,0.06647398843930635
acylglycerol,1.0,0.06666666666666667
acylglycerol,1.0,0.06686046511627906
acylglycerol,1.0,0.06705539358600583
acylglycerol,1.0,0.06725146198830409
acylglycerol,1.0,0.06744868035190615
acylglycerol,1.0,0.06764705882352941
acylglycerol,1.0,0.06784660766961652
acylglycerol,1.0,0.06804733727810651
acylglycerol,1.0,0.06824925816023739
acylglycerol,1.0,0.06845238095238096
acylglycerol,1.0,0.06865671641791045
acylglycerol,1.0,0.0688622754491018
acylglycerol,1.0,0.06906906906906907
acylglycerol,1.0,0.06927710843373494
acylglycerol,1.0,0.06948640483383686
acylglycerol,1.0,0.0696969696969697
acylglycerol,1.0,0.06990881458966565
acylglycerol,1.0,0.0701219512195122
acylglycerol,1.0,0.07033639143730887
acylglycerol,1.0,0.0705521472392638
acylglycerol,1.0,0.07076923076923076
acylglycerol,1.0,0.07098765432098765
acylglycerol,1.0,0.07120743034055728
acylglycerol,1.0,0.07142857142857142
acylglycerol,1.0,0.07165109034267912
acylglycerol,1.0,0.071875
acylglycerol,1.0,0.07210031347962383
acylglycerol,1.0,0.07232704402515723
acylglycerol,1.0,0.07255520504731862
acylglycerol,1.0,0.07278481012658228
acylglycerol,1.0,0.07301587301587302
acylglycerol,1.0,0.0732484076433121
acylglycerol,1.0,0.07348242811501597
acylglycerol,1.0,0.07371794871794872
acylglycerol,1.0,0.07395498392282958
acylglycerol,1.0,0.07419354838709677
acylglycerol,1.0,0.0744336569579288
acylglycerol,1.0,0.07467532467532467
acylglycerol,1.0,0.0749185667752443
acylglycerol,1.0,0.07516339869281045
acylglycerol,1.0,0.07540983606557378
acylglycerol,1.0,0.0756578947368421
acylglycerol,1.0,0.07590759075907591
acylglycerol,1.0,0.076158940397351
acylglycerol,1.0,0.07641196013289037
acylglycerol,1.0,0.07666666666666666
acylglycerol,1.0,0.07692307692307693
acylglycerol,1.0,0.07718120805369127
acylglycerol,1.0,0.07744107744107744
acylglycerol,1.0,0.0777027027027027
acylglycerol,1.0,0.07796610169491526
acylglycerol,1.0,0.0782312925170068
acylglycerol,1.0,0.07849829351535836
acylglycerol,1.0,0.07876712328767123
acylglycerol,1.0,0.07903780068728522
acylglycerol,1.0,0.07931034482758621
acylglycerol,1.0,0.07958477508650519
acylglycerol,1.0,0.0798611111111111
acylglycerol,1.0,0.08013937282229965
acylglycerol,1.0,0.08041958041958042
acylglycerol,1.0,0.08070175438596491
acylglycerol,1.0,0.08098591549295775
acylglycerol,1.0,0.0812720848056537
acylglycerol,1.0,0.08156028368794327
acylglycerol,1.0,0.08185053380782918
acylglycerol,1.0,0.08214285714285714
acylglycerol,1.0,0.08243727598566308
acylglycerol,1.0,0.08273381294964029
acylglycerol,1.0,0.08303249097472924
acylglycerol,1.0,0.08333333333333333
acylglycerol,1.0,0.08363636363636363
acylglycerol,1.0,0.08394160583941605
acylglycerol,1.0,0.08424908424908426
acylglycerol,1.0,0.08455882352941177
acylglycerol,1.0,0.08487084870848709
acylglycerol,1.0,0.08518518518518518
acylglycerol,1.0,0.08550185873605948
acylglycerol,1.0,0.08582089552238806
acylglycerol,1.0,0.08614232209737828
acylglycerol,1.0,0.08646616541353383
acylglycerol,1.0,0.08679245283018867
acylglycerol,1.0,0.08712121212121213
acylglycerol,1.0,0.08745247148288973
acylglycerol,1.0,0.08778625954198473
acylglycerol,1.0,0.08812260536398467
acylglycerol,1.0,0.08846153846153847
acylglycerol,1.0,0.0888030888030888
acylglycerol,1.0,0.08914728682170543
acylglycerol,1.0,0.08949416342412451
acylglycerol,1.0,0.08984375
acylglycerol,1.0,0.09019607843137255
acylglycerol,1.0,0.09055118110236221
acylglycerol,1.0,0.09090909090909091
acylglycerol,1.0,0.09126984126984126
acylglycerol,1.0,0.09163346613545817
acylglycerol,1.0,0.092
acylglycerol,1.0,0.09236947791164658
acylglycerol,1.0,0.09274193548387097
acylglycerol,1.0,0.0931174089068826
acylglycerol,1.0,0.09349593495934959
acylglycerol,1.0,0.09387755102040816
acylglycerol,1.0,0.0942622950819672
acylglycerol,1.0,0.09465020576131687
acylglycerol,1.0,0.09504132231404959
acylglycerol,1.0,0.0954356846473029
acylglycerol,1.0,0.09583333333333334
acylglycerol,1.0,0.09623430962343096
acylglycerol,1.0,0.09663865546218488
acylglycerol,1.0,0.0970464135021097
acylglycerol,1.0,0.09745762711864407
acylglycerol,1.0,0.09787234042553192
acylglycerol,1.0,0.09829059829059829
acylglycerol,1.0,0.09871244635193133
acylglycerol,1.0,0.09913793103448276
acylglycerol,1.0,0.09956709956709957
acylglycerol,1.0,0.1
acylglycerol,1.0,0.10043668122270742
acylglycerol,1.0,0.10087719298245613
acylglycerol,1.0,0.1013215859030837
acylglycerol,1.0,0.10176991150442478
acylglycerol,1.0,0.10222222222222223
acylglycerol,1.0,0.10267857142857142
acylglycerol,1.0,0.1031390134529148
acylglycerol,1.0,0.1036036036036036
acylglycerol,1.0,0.10407239819004525
acylglycerol,1.0,0.10454545454545454
acylglycerol,1.0,0.1050228310502283
acylglycerol,1.0,0.10550458715596331
acylglycerol,1.0,0.10599078341013825
acylglycerol,1.0,0.10648148148148148
acylglycerol,1.0,0.10697674418604651
acylglycerol,1.0,0.10747663551401869
acylglycerol,1.0,0.107981220657277
acylglycerol,1.0,0.10849056603773585
acylglycerol,1.0,0.10900473933649289
acylglycerol,1.0,0.10952380952380952
acylglycerol,1.0,0.11004784688995216
acylglycerol,1.0,0.11057692307692307
acylglycerol,1.0,0.1111111111111111
acylglycerol,1.0,0.11165048543689321
acylglycerol,1.0,0.11219512195121951
acylglycerol,1.0,0.11274509803921569
acylglycerol,1.0,0.11330049261083744
acylglycerol,1.0,0.11386138613861387
acylglycerol,1.0,0.11442786069651742
acylglycerol,1.0,0.115
acylglycerol,1.0,0.11557788944723618
acylglycerol,1.0,0.11616161616161616
acylglycerol,1.0,0.116751269035533
acylglycerol,1.0,0.11734693877551021
acylglycerol,1.0,0.11794871794871795
acylglycerol,1.0,0.11855670103092783
acylglycerol,1.0,0.11917098445595854
acylglycerol,1.0,0.11979166666666667
acylglycerol,1.0,0.12041884816753927
acylglycerol,1.0,0.12105263157894737
acylglycerol,1.0,0.12169312169312169
acylglycerol,1.0,0.12234042553191489
acylglycerol,1.0,0.12299465240641712
acylglycerol,1.0,0.12365591397849462
acylglycerol,1.0,0.12432432432432433
acylglycerol,1.0,0.125
acylglycerol,1.0,0.12568306010928962
acylglycerol,1.0,0.12637362637362637
acylglycerol,1.0,0.1270718232044199
acylglycerol,1.0,0.12777777777777777
acylglycerol,1.0,0.12849162011173185
acylglycerol,1.0,0.12921348314606743
acylglycerol,1.0,0.12994350282485875
acylglycerol,1.0,0.13068181818181818
acylglycerol,1.0,0.13142857142857142
acylglycerol,1.0,0.13218390804597702
acylglycerol,1.0,0.1329479768786127
acylglycerol,1.0,0.13372093023255813
acylglycerol,1.0,0.13450292397660818
acylglycerol,1.0,0.13529411764705881
acylglycerol,1.0,0.13609467455621302
acylglycerol,1.0,0.13690476190476192
acylglycerol,1.0,0.1377245508982036
acylglycerol,1.0,0.13855421686746988
acylglycerol,1.0,0.1393939393939394
acylglycerol,1.0,0.1402439024390244
acylglycerol,1.0,0.1411042944785276
acylglycerol,1.0,0.1419753086419753
acylglycerol,1.0,0.14285714285714285
acylglycerol,1.0,0.14375
acylglycerol,1.0,0.14465408805031446
acylglycerol,1.0,0.14556962025316456
acylglycerol,1.0,0.1464968152866242
acylglycerol,1.0,0.14743589743589744
acylglycerol,1.0,0.14838709677419354
acylglycerol,1.0,0.14935064935064934
acylglycerol,1.0,0.1503267973856209
acylglycerol,1.0,0.1513157894736842
acylglycerol,1.0,0.152317880794702
acylglycerol,1.0,0.15333333333333332
acylglycerol,1.0,0.15436241610738255
acylglycerol,1.0,0.1554054054054054
acylglycerol,1.0,0.1564625850340136
acylglycerol,1.0,0.15753424657534246
acylglycerol,1.0,0.15862068965517243
acylglycerol,1.0,0.1597222222222222
acylglycerol,1.0,0.16083916083916083
acylglycerol,1.0,0.1619718309859155
acylglycerol,1.0,0.16312056737588654
acylglycerol,1.0,0.16428571428571428
acylglycerol,1.0,0.16546762589928057
acylglycerol,1.0,0.16666666666666666
acylglycerol,1.0,0.1678832116788321
acylglycerol,1.0,0.16911764705882354
acylglycerol,1.0,0.17037037037037037
acylglycerol,1.0,0.17164179104477612
acylglycerol,1.0,0.17293233082706766
acylglycerol,1.0,0.17424242424242425
acylglycerol,1.0,0.17557251908396945
acylglycerol,1.0,0.17692307692307693
acylglycerol,1.0,0.17829457364341086
acylglycerol,1.0,0.1796875
acylglycerol,1.0,0.18110236220472442
acylglycerol,1.0,0.18253968253968253
acylglycerol,1.0,0.184
acylglycerol,1.0,0.18548387096774194
acylglycerol,1.0,0.18699186991869918
acylglycerol,1.0,0.1885245901639344
acylglycerol,1.0,0.19008264462809918
acylglycerol,1.0,0.19166666666666668
acylglycerol,1.0,0.19327731092436976
acylglycerol,1.0,0.19491525423728814
acylglycerol,1.0,0.19658119658119658
acylglycerol,1.0,0.19827586206896552
acylglycerol,1.0,0.2
acylglycerol,1.0,0.20175438596491227
acylglycerol,1.0,0.20353982300884957
acylglycerol,1.0,0.20535714285714285
acylglycerol,1.0,0.2072072072072072
acylglycerol,1.0,0.20909090909090908
acylglycerol,1.0,0.21100917431192662
acylglycerol,1.0,0.21296296296296297
acylglycerol,1.0,0.21495327102803738
acylglycerol,1.0,0.2169811320754717
acylglycerol,1.0,0.21904761904761905
acylglycerol,1.0,0.22115384615384615
acylglycerol,1.0,0.22330097087378642
acylglycerol,1.0,0.22549019607843138
acylglycerol,1.0,0.22772277227722773
acylglycerol,1.0,0.23
acylglycerol,1.0,0.23232323232323232
acylglycerol,1.0,0.23469387755102042
acylglycerol,1.0,0.23711340206185566
acylglycerol,1.0,0.23958333333333334
acylglycerol,1.0,0.24210526315789474
acylglycerol,1.0,0.24468085106382978
acylglycerol,1.0,0.24731182795698925
acylglycerol,1.0,0.25
acylglycerol,1.0,0.25274725274725274
acylglycerol,1.0,0.25555555555555554
acylglycerol,1.0,0.25842696629213485
acylglycerol,1.0,0.26136363636363635
acylglycerol,1.0,0.26436781609195403
acylglycerol,1.0,0.26744186046511625
acylglycerol,1.0,0.27058823529411763
acylglycerol,1.0,0.27380952380952384
acylglycerol,1.0,0.27710843373493976
acylglycerol,1.0,0.2804878048780488
acylglycerol,1.0,0.2839506172839506
acylglycerol,1.0,0.2875
acylglycerol,1.0,0.2911392405063291
acylglycerol,1.0,0.2948717948717949
acylglycerol,1.0,0.2987012987012987
acylglycerol,1.0,0.3026315789473684
acylglycerol,1.0,0.30666666666666664
acylglycerol,1.0,0.3108108108108108
acylglycerol,1.0,0.3150684931506849
acylglycerol,1.0,0.3194444444444444
acylglycerol,1.0,0.323943661971831
acylglycerol,1.0,0.32857142857142857
acylglycerol,1.0,0.3333333333333333
acylglycerol,1.0,0.3382352941176471
acylglycerol,1.0,0.34328358208955223
acylglycerol,1.0,0.3484848484848485
acylglycerol,1.0,0.35384615384615387
acylglycerol,1.0,0.359375
acylglycerol,1.0,0.36507936507936506
acylglycerol,1.0,0.3709677419354839
acylglycerol,1.0,0.3770491803278688
acylglycerol,1.0,0.38333333333333336
acylglycerol,1.0,0.3898305084745763
acylglycerol,1.0,0.39655172413793105
acylglycerol,1.0,0.40350877192982454
acylglycerol,1.0,0.4107142857142857
acylglycerol,1.0,0.41818181818181815
acylglycerol,1.0,0.42592592592592593
acylglycerol,1.0,0.4339622641509434
acylglycerol,1.0,0.4423076923076923
acylglycerol,1.0,0.45098039215686275
acylglycerol,1.0,0.46
acylglycerol,1.0,0.46938775510204084
acylglycerol,1.0,0.4791666666666667
acylglycerol,1.0,0.48936170212765956
acylglycerol,1.0,0.5
acylglycerol,1.0,0.5111111111111111
acylglycerol,1.0,0.5227272727272727
acylglycerol,1.0,0.5348837209302325
acylglycerol,1.0,0.5476190476190477
acylglycerol,1.0,0.5609756097560976
acylglycerol,1.0,0.575
acylglycerol,1.0,0.5897435897435898
acylglycerol,1.0,0.6052631578947368
acylglycerol,1.0,0.6216216216216216
acylglycerol,1.0,0.6388888888888888
acylglycerol,1.0,0.6571428571428571
acylglycerol,1.0,0.6764705882352942
acylglycerol,1.0,0.696969696969697
acylglycerol,1.0,0.71875
acylglycerol,1.0,0.7419354838709677
acylglycerol,1.0,0.7666666666666667
acylglycerol,1.0,0.7931034482758621
acylglycerol,1.0,0.8214285714285714
acylglycerol,1.0,0.8518518518518519
acylglycerol,1.0,0.8846153846153846
acylglycerol,1.0,0.92
acylglycerol,0.9565217391304348,0.9166666666666666
acylglycerol,0.9130434782608695,0.9130434782608695
acylglycerol,0.8695652173913043,0.9090909090909091
acylglycerol,0.8695652173913043,0.9523809523809523
acylglycerol,0.8695652173913043,1.0
acylglycerol,0.8260869565217391,1.0
acylglycerol,0.782608695652174,1.0
acylglycerol,0.7391304347826086,1.0
acylglycerol,0.6956521739130435,1.0
acylglycerol,0.6521739130434783,1.0
acylglycerol,0.6086956521739131,1.0
acylglycerol,0.5652173913043478,1.0
acylglycerol,0.5217391304347826,1.0
acylglycerol,0.4782608695652174,1.0
acylglycerol,0.43478260869565216,1.0
acylglycerol,0.391304347826087,1.0
acylglycerol,0.34782608695652173,1.0
acylglycerol,0.30434782608695654,1.0
acylglycerol,0.2608695652173913,1.0
acylglycerol,0.21739130434782608,1.0
acylglycerol,0.17391304347826086,1.0
acylglycerol,0.13043478260869565,1.0
acylglycerol,0.08695652173913043,1.0
acylglycerol,0.043478260869565216,1.0
acylglycerol,0.0,1.0
carboxylic_acid_metabolite,1.0,0.06133333333333333
carboxylic_acid_metabolite,1.0,0.06149732620320856
carboxylic_acid_metabolite,1.0,0.06166219839142091
carboxylic_acid_metabolite,1.0,0.06182795698924731
carboxylic_acid_metabolite,1.0,0.06199460916442048
carboxylic_acid_metabolite,1.0,0.062162162162162166
carboxylic_acid_metabolite,1.0,0.06233062330623306
carboxylic_acid_metabolite,1.0,0.0625
carboxylic_acid_metabolite,1.0,0.06267029972752043
carboxylic_acid_metabolite,1.0,0.06284153005464481
carboxylic_acid_metabolite,1.0,0.06301369863013699
carboxylic_acid_metabolite,1.0,0.06318681318681318
carboxylic_acid_metabolite,1.0,0.06336088154269973
carboxylic_acid_metabolite,1.0,0.06353591160220995
carboxylic_acid_metabolite,1.0,0.06371191135734072
carboxylic_acid_metabolite,1.0,0.06388888888888888
carboxylic_acid_metabolite,1.0,0.06406685236768803
carboxylic_acid_metabolite,1.0,0.06424581005586592
carboxylic_acid_metabolite,1.0,0.06442577030812324
carboxylic_acid_metabolite,1.0,0.06460674157303371
carboxylic_acid_metabolite,1.0,0.0647887323943662
carboxylic_acid_metabolite,1.0,0.06497175141242938
carboxylic_acid_metabolite,1.0,0.06515580736543909
carboxylic_acid_metabolite,1.0,0.06534090909090909
carboxylic_acid_metabolite,1.0,0.06552706552706553
carboxylic_acid_metabolite,1.0,0.06571428571428571
carboxylic_acid_metabolite,1.0,0.0659025787965616
carboxylic_acid_metabolite,1.0,0.06609195402298851
carboxylic_acid_metabolite,1.0,0.06628242074927954
carboxylic_acid_metabolite,1.0,0.06647398843930635
carboxylic_acid_metabolite,1.0,0.06666666666666667
carboxylic_acid_metabolite,1.0,0.06686046511627906
carboxylic_acid_metabolite,1.0,0.06705539358600583
carboxylic_acid_metabolite,1.0,0.06725146198830409
carboxylic_acid_metabolite,1.0,0.06744868035190615
carboxylic_acid_metabolite,1.0,0.06764705882352941
carboxylic_acid_metabolite,1.0,0.06784660766961652
carboxylic_acid_metabolite,1.0,0.06804733727810651
carboxylic_acid_metabolite,1.0,0.06824925816023739
carboxylic_acid_metabolite,1.0,0.06845238095238096
carboxylic_acid_metabolite,1.0,0.06865671641791045
carboxylic_acid_metabolite,1.0,0.0688622754491018
carboxylic_acid_metabolite,1.0,0.06906906906906907
carboxylic_acid_metabolite,1.0,0.06927710843373494
carboxylic_acid_metabolite,1.0,0.06948640483383686
carboxylic_acid_metabolite,1.0,0.0696969696969697
carboxylic_acid_metabolite,1.0,0.06990881458966565
carboxylic_acid_metabolite,1.0,0.0701219512195122
carboxylic_acid_metabolite,1.0,0.07033639143730887
carboxylic_acid_metabolite,1.0,0.0705521472392638
carboxylic_acid_metabolite,1.0,0.07076923076923076
carboxylic_acid_metabolite,1.0,0.07098765432098765
carboxylic_acid_metabolite,1.0,0.07120743034055728
carboxylic_acid_metabolite,1.0,0.07142857142857142
carboxylic_acid_metabolite,1.0,0.07165109034267912
carboxylic_acid_metabolite,1.0,0.071875
carboxylic_acid_metabolite,1.0,0.07210031347962383
carboxylic_acid_metabolite,1.0,0.07232704402515723
carboxylic_acid_metabolite,1.0,0.07255520504731862
carboxylic_acid_metabolite,1.0,0.07278481012658228
carboxylic_acid_metabolite,1.0,0.07301587301587302
carboxylic_acid_metabolite,1.0,0.0732484076433121
carboxylic_acid_metabolite,1.0,0.07348242811501597
carboxylic_acid_metabolite,1.0,0.07371794871794872
carboxylic_acid_metabolite,1.0,0.07395498392282958
carboxylic_acid_metabolite,1.0,0.07419354838709677
carboxylic_acid_metabolite,1.0,0.0744336569579288
carboxylic_acid_metabolite,1.0,0.07467532467532467
carboxylic_acid_metabolite,1.0,0.0749185667752443
carboxylic_acid_metabolite,1.0,0.07516339869281045
carboxylic_acid_metabolite,1.0,0.07540983606557378
carboxylic_acid_metabolite,1.0,0.0756578947368421
carboxylic_acid_metabolite,1.0,0.07590759075907591
carboxylic_acid_metabolite,1.0,0.076158940397351
carboxylic_acid_metabolite,1.0,0.07641196013289037
carboxylic_acid_metabolite,1.0,0.07666666666666666
carboxylic_acid_metabolite,1.0,0.07692307692307693
carboxylic_acid_metabolite,1.0,0.07718120805369127
carboxylic_acid_metabolite,1.0,0.07744107744107744
carboxylic_acid_metabolite,1.0,0.0777027027027027
carboxylic_acid_metabolite,1.0,0.07796610169491526
carboxylic_acid_metabolite,1.0,0.0782312925170068
carboxylic_acid_metabolite,1.0,0.07849829351535836
carboxylic_acid_metabolite,1.0,0.07876712328767123
carboxylic_acid_metabolite,1.0,0.07903780068728522
carboxylic_acid_metabolite,1.0,0.07931034482758621
carboxylic_acid_metabolite,1.0,0.07958477508650519
carboxylic_acid_metabolite,1.0,0.0798611111111111
carboxylic_acid_metabolite,1.0,0.08013937282229965
carboxylic_acid_metabolite,1.0,0.08041958041958042
carboxylic_acid_metabolite,1.0,0.08070175438596491
carboxylic_acid_metabolite,1.0,0.08098591549295775
carboxylic_acid_metabolite,1.0,0.0812720848056537
carboxylic_acid_metabolite,1.0,0.08156028368794327
carboxylic_acid_metabolite,1.0,0.08185053380782918
carboxylic_acid_metabolite,1.0,0.08214285714285714
carboxylic_acid_metabolite,1.0,0.08243727598566308
carboxylic_acid_metabolite,1.0,0.08273381294964029
carboxylic_acid_metabolite,1.0,0.08303249097472924
carboxylic_acid_metabolite,1.0,0.08333333333333333
carboxylic_acid_metabolite,1.0,0.08363636363636363
carboxylic_acid_metabolite,1.0,0.08394160583941605
carboxylic_acid_metabolite,1.0,0.08424908424908426
carboxylic_acid_metabolite,1.0,0.08455882352941177
carboxylic_acid_metabolite,1.0,0.08487084870848709
carboxylic_acid_metabolite,1.0,0.08518518518518518
carboxylic_acid_metabolite,1.0,0.08550185873605948
carboxylic_acid_metabolite,1.0,0.08582089552238806
carboxylic_acid_metabolite,1.0,0.08614232209737828
carboxylic_acid_metabolite,1.0,0.08646616541353383
carboxylic_acid_metabolite,1.0,0.08679245283018867
carboxylic_acid_metabolite,1.0,0.08712121212121213
carboxylic_acid_metabolite,1.0,0.08745247148288973
carboxylic_acid_metabolite,1.0,0.08778625954198473
carboxylic_acid_metabolite,1.0,0.08812260536398467
carboxylic_acid_metabolite,1.0,0.08846153846153847
carboxylic_acid_metabolite,1.0,0.0888030888030888
carboxylic_acid_metabolite,1.0,0.08914728682170543
carboxylic_acid_metabolite,1.0,0.08949416342412451
carboxylic_acid_metabolite,1.0,0.08984375
carboxylic_acid_metabolite,1.0,0.09019607843137255
carboxylic_acid_metabolite,1.0,0.09055118110236221
carboxylic_acid_metabolite,1.0,0.09090909090909091
carboxylic_acid_metabolite,1.0,0.09126984126984126
carboxylic_acid_metabolite,1.0,0.09163346613545817
carboxylic_acid_metabolite,1.0,0.092
carboxylic_acid_metabolite,1.0,0.09236947791164658
carboxylic_acid_metabolite,1.0,0.09274193548387097
carboxylic_acid_metabolite,1.0,0.0931174089068826
carboxylic_acid_metabolite,1.0,0.09349593495934959
carboxylic_acid_metabolite,1.0,0.09387755102040816
carboxylic_acid_metabolite,1.0,0.0942622950819672
carboxylic_acid_metabolite,1.0,0.09465020576131687
carboxylic_acid_metabolite,1.0,0.09504132231404959
carboxylic_acid_metabolite,1.0,0.0954356846473029
carboxylic_acid_metabolite,1.0,0.09583333333333334
carboxylic_acid_metabolite,1.0,0.09623430962343096
carboxylic_acid_metabolite,1.0,0.09663865546218488
carboxylic_acid_metabolite,1.0,0.0970464135021097
carboxylic_acid_metabolite,1.0,0.09745762711864407
carboxylic_acid_metabolite,1.0,0.09787234042553192
carboxylic_acid_metabolite,1.0,0.09829059829059829
carboxylic_acid_metabolite,1.0,0.09871244635193133
carboxylic_acid_metabolite,1.0,0.09913793103448276
carboxylic_acid_metabolite,1.0,0.09956709956709957
carboxylic_acid_metabolite,1.0,0.1
carboxylic_acid_metabolite,1.0,0.10043668122270742
carboxylic_acid_metabolite,1.0,0.10087719298245613
carboxylic_acid_metabolite,1.0,0.1013215859030837
carboxylic_acid_metabolite,1.0,0.10176991150442478
carboxylic_acid_metabolite,1.0,0.10222222222222223
carboxylic_acid_metabolite,1.0,0.10267857142857142
carboxylic_acid_metabolite,1.0,0.1031390134529148
carboxylic_acid_metabolite,1.0,0.1036036036036036
carboxylic_acid_metabolite,1.0,0.10407239819004525
carboxylic_acid_metabolite,1.0,0.10454545454545454
carboxylic_acid_metabolite,1.0,0.1050228310502283
carboxylic_acid_metabolite,1.0,0.10550458715596331
carboxylic_acid_metabolite,1.0,0.10599078341013825
carboxylic_acid_metabolite,1.0,0.10648148148148148
carboxylic_acid_metabolite,1.0,0.10697674418604651
carboxylic_acid_metabolite,1.0,0.10747663551401869
carboxylic_acid_metabolite,1.0,0.107981220657277
carboxylic_acid_metabolite,1.0,0.10849056603773585
carboxylic_acid_metabolite,1.0,0.10900473933649289
carboxylic_acid_metabolite,1.0,0.10952380952380952
carboxylic_acid_metabolite,1.0,0.11004784688995216
carboxylic_acid_metabolite,1.0,0.11057692307692307
carboxylic_acid_metabolite,1.0,0.1111111111111111
carboxylic_acid_metabolite,1.0,0.11165048543689321
carboxylic_acid_metabolite,1.0,0.11219512195121951
carboxylic_acid_metabolite,1.0,0.11274509803921569
carboxylic_acid_metabolite,1.0,0.11330049261083744
carboxylic_acid_metabolite,1.0,0.11386138613861387
carboxylic_acid_metabolite,1.0,0.11442786069651742
carboxylic_acid_metabolite,1.0,0.115
carboxylic_acid_metabolite,1.0,0.11557788944723618
carboxylic_acid_metabolite,1.0,0.11616161616161616
carboxylic_acid_metabolite,1.0,0.116751269035533
carboxylic_acid_metabolite,1.0,0.11734693877551021
carboxylic_acid_metabolite,1.0,0.11794871794871795
carboxylic_acid_metabolite,1.0,0.11855670103092783
carboxylic_acid_metabolite,1.0,0.11917098445595854
carboxylic_acid_metabolite,1.0,0.11979166666666667
carboxylic_acid_metabolite,1.0,0.12041884816753927
carboxylic_acid_metabolite,1.0,0.12105263157894737
carboxylic_acid_metabolite,1.0,0.12169312169312169
carboxylic_acid_metabolite,1.0,0.12234042553191489
carboxylic_acid_metabolite,1.0,0.12299465240641712
carboxylic_acid_metabolite,1.0,0.12365591397849462
carboxylic_acid_metabolite,1.0,0.12432432432432433
carboxylic_acid_metabolite,1.0,0.125
carboxylic_acid_metabolite,1.0,0.12568306010928962
carboxylic_acid_metabolite,1.0,0.12637362637362637
carboxylic_acid_metabolite,1.0,0.1270718232044199
carboxylic_acid_metabolite,1.0,0.12777777777777777
carboxylic_acid_metabolite,1.0,0.12849162011173185
carboxylic_acid_metabolite,1.0,0.12921348314606743
carboxylic_acid_metabolite,1.0,0.12994350282485875
carboxylic_acid_metabolite,1.0,0.13068181818181818
carboxylic_acid_metabolite,1.0,0.13142857142857142
carboxylic_acid_metabolite,1.0,0.13218390804597702
carboxylic_acid_metabolite,1.0,0.1329479768786127
carboxylic_acid_metabolite,1.0,0.13372093023255813
carboxylic_acid_metabolite,1.0,0.13450292397660818
carboxylic_acid_metabolite,1.0,0.13529411764705881
carboxylic_acid_metabolite,1.0,0.13609467455621302
carboxylic_acid_metabolite,1.0,0.13690476190476192
carboxylic_acid_metabolite,1.0,0.1377245508982036
carboxylic_acid_metabolite,1.0,0.13855421686746988
carboxylic_acid_metabolite,1.0,0.1393939393939394
carboxylic_acid_metabolite,1.0,0.1402439024390244
carboxylic_acid_metabolite,1.0,0.1411042944785276
carboxylic_acid_metabolite,1.0,0.1419753086419753
carboxylic_acid_metabolite,1.0,0.14285714285714285
carboxylic_acid_metabolite,1.0,0.14375
carboxylic_acid_metabolite,1.0,0.14465408805031446
carboxylic_acid_metabolite,1.0,0.14556962025316456
carboxylic_acid_metabolite,1.0,0.1464968152866242
carboxylic_acid_metabolite,1.0,0.14743589743589744
carboxylic_acid_metabolite,1.0,0.14838709677419354
carboxylic_acid_metabolite,1.0,0.14935064935064934
carboxylic_acid_metabolite,1.0,0.1503267973856209
carboxylic_acid_metabolite,1.0,0.1513157894736842
carboxylic_acid_metabolite,1.0,0.152317880794702
carboxylic_acid_metabolite,1.0,0.15333333333333332
carboxylic_acid_metabolite,1.0,0.15436241610738255
carboxylic_acid_metabolite,1.0,0.1554054054054054
carboxylic_acid_metabolite,1.0,0.1564625850340136
carboxylic_acid_metabolite,1.0,0.15753424657534246
carboxylic_acid_metabolite,1.0,0.15862068965517243
carboxylic_acid_metabolite,1.0,0.1597222222222222
carboxylic_acid_metabolite,1.0,0.16083916083916083
carboxylic_acid_metabolite,1.0,0.1619718309859155
carboxylic_acid_metabolite,1.0,0.16312056737588654
carboxylic_acid_metabolite,1.0,0.16428571428571428
carboxylic_acid_metabolite,1.0,0.16546762589928057
carboxylic_acid_metabolite,1.0,0.16666666666666666
carboxylic_acid_metabolite,1.0,0.1678832116788321
carboxylic_acid_metabolite,1.0,0.16911764705882354
carboxylic_acid_metabolite,1.0,0.17037037037037037
carboxylic_acid_metabolite,1.0,0.17164179104477612
carboxylic_acid_metabolite,1.0,0.17293233082706766
carboxylic_acid_metabolite,1.0,0.17424242424242425
carboxylic_acid_metabolite,1.0,0.17557251908396945
carboxylic_acid_metabolite,1.0,0.17692307692307693
carboxylic_acid_metabolite,1.0,0.17829457364341086
carboxylic_acid_metabolite,1.0,0.1796875
carboxylic_acid_metabolite,1.0,0.18110236220472442
carboxylic_acid_metabolite,1.0,0.18253968253968253
carboxylic_acid_metabolite,1.0,0.184
carboxylic_acid_metabolite,1.0,0.18548387096774194
carboxylic_acid_metabolite,1.0,0.18699186991869918
carboxylic_acid_metabolite,1.0,0.1885245901639344
carboxylic_acid_metabolite,1.0,0.19008264462809918
carboxylic_acid_metabolite,1.0,0.19166666666666668
carboxylic_acid_metabolite,1.0,0.19327731092436976
carboxylic_acid_metabolite,1.0,0.19491525423728814
carboxylic_acid_metabolite,1.0,0.19658119658119658
carboxylic_acid_metabolite,1.0,0.19827586206896552
carboxylic_acid_metabolite,1.0,0.2
carboxylic_acid_metabolite,1.0,0.20175438596491227
carboxylic_acid_metabolite,1.0,0.20353982300884957
carboxylic_acid_metabolite,1.0,0.20535714285714285
carboxylic_acid_metabolite,1.0,0.2072072072072072
carboxylic_acid_metabolite,1.0,0.20909090909090908
carboxylic_acid_metabolite,1.0,0.21100917431192662
carboxylic_acid_metabolite,1.0,0.21296296296296297
carboxylic_acid_metabolite,1.0,0.21495327102803738
carboxylic_acid_metabolite,1.0,0.2169811320754717
carboxylic_acid_metabolite,1.0,0.21904761904761905
carboxylic_acid_metabolite,1.0,0.22115384615384615
carboxylic_acid_metabolite,1.0,0.22330097087378642
carboxylic_acid_metabolite,1.0,0.22549019607843138
carboxylic_acid_metabolite,1.0,0.22772277227722773
carboxylic_acid_metabolite,1.0,0.23
carboxylic_acid_metabolite,1.0,0.23232323232323232
carboxylic_acid_metabolite,1.0,0.23469387755102042
carboxylic_acid_metabolite,1.0,0.23711340206185566
carboxylic_acid_metabolite,1.0,0.23958333333333334
carboxylic_acid_metabolite,1.0,0.24210526315789474
carboxylic_acid_metabolite,1.0,0.24468085106382978
carboxylic_acid_metabolite,1.0,0.24731182795698925
carboxylic_acid_metabolite,1.0,0.25
carboxylic_acid_metabolite,1.0,0.25274725274725274
carboxylic_acid_metabolite,1.0,0.25555555555555554
carboxylic_acid_metabolite,1.0,0.25842696629213485
carboxylic_acid_metabolite,1.0,0.26136363636363635
carboxylic_acid_metabolite,1.0,0.26436781609195403
carboxylic_acid_metabolite,1.0,0.26744186046511625
carboxylic_acid_metabolite,1.0,0.27058823529411763
carboxylic_acid_metabolite,1.0,0.27380952380952384
carboxylic_acid_metabolite,1.0,0.27710843373493976
carboxylic_acid_metabolite,1.0,0.2804878048780488
carboxylic_acid_metabolite,1.0,0.2839506172839506
carboxylic_acid_metabolite,1.0,0.2875
carboxylic_acid_metabolite,1.0,0.2911392405063291
carboxylic_acid_metabolite,1.0,0.2948717948717949
carboxylic_acid_metabolite,1.0,0.2987012987012987
carboxylic_acid_metabolite,1.0,0.3026315789473684
carboxylic_acid_metabolite,1.0,0.30666666666666664
carboxylic_acid_metabolite,1.0,0.3108108108108108
carboxylic_acid_metabolite,1.0,0.3150684931506849
carboxylic_acid_metabolite,1.0,0.3194444444444444
carboxylic_acid_metabolite,1.0,0.323943661971831
carboxylic_acid_metabolite,1.0,0.32857142857142857
carboxylic_acid_metabolite,1.0,0.3333333333333333
carboxylic_acid_metabolite,1.0,0.3382352941176471
carboxylic_acid_metabolite,1.0,0.34328358208955223
carboxylic_acid_metabolite,1.0,0.3484848484848485
carboxylic_acid_metabolite,1.0,0.35384615384615387
carboxylic_acid_metabolite,1.0,0.359375
carboxylic_acid_metabolite,1.0,0.36507936507936506
carboxylic_acid_metabolite,1.0,0.3709677419354839
carboxylic_acid_metabolite,1.0,0.3770491803278688
carboxylic_acid_metabolite,1.0,0.38333333333333336
carboxylic_acid_metabolite,1.0,0.3898305084745763
carboxylic_acid_metabolite,1.0,0.39655172413793105
carboxylic_acid_metabolite,1.0,0.40350877192982454
carboxylic_acid_metabolite,1.0,0.4107142857142857
carboxylic_acid_metabolite,1.0,0.41818181818181815
carboxylic_acid_metabolite,1.0,0.42592592592592593
carboxylic_acid_metabolite,1.0,0.4339622641509434
carboxylic_acid_metabolite,1.0,0.4423076923076923
carboxylic_acid_metabolite,1.0,0.45098039215686275
carboxylic_acid_metabolite,1.0,0.46
carboxylic_acid_metabolite,1.0,0.46938775510204084
carboxylic_acid_metabolite,1.0,0.4791666666666667
carboxylic_acid_metabolite,1.0,0.48936170212765956
carboxylic_acid_metabolite,1.0,0.5
carboxylic_acid_metabolite,1.0,0.5111111111111111
carboxylic_acid_metabolite,1.0,0.5227272727272727
carboxylic_acid_metabolite,1.0,0.5348837209302325
carboxylic_acid_metabolite,1.0,0.5476190476190477
carboxylic_acid_metabolite,1.0,0.5609756097560976
carboxylic_acid_metabolite,1.0,0.575
carboxylic_acid_metabolite,1.0,0.5897435897435898
carboxylic_acid_metabolite,1.0,0.6052631578947368
carboxylic_acid_metabolite,1.0,0.6216216216216216
carboxylic_acid_metabolite,1.0,0.6388888888888888
carboxylic_acid_metabolite,1.0,0.6571428571428571
carboxylic_acid_metabolite,1.0,0.6764705882352942
carboxylic_acid_metabolite,1.0,0.696969696969697
carboxylic_acid_metabolite,1.0,0.71875
carboxylic_acid_metabolite,1.0,0.7419354838709677
carboxylic_acid_metabolite,1.0,0.7666666666666667
carboxylic_acid_metabolite,1.0,0.7931034482758621
carboxylic_acid_metabolite,1.0,0.8214285714285714
carboxylic_acid_metabolite,1.0,0.8518518518518519
carboxylic_acid_metabolite,1.0,0.8846153846153846
carboxylic_acid_metabolite,1.0,0.92
carboxylic_acid_metabolite,0.9565217391304348,0.9166666666666666
carboxylic_acid_metabolite,0.9130434782608695,0.9130434782608695
carboxylic_acid_metabolite,0.9130434782608695,0.9545454545454546
carboxylic_acid_metabolite,0.9130434782608695,1.0
carboxylic_acid_metabolite,0.8695652173913043,1.0
carboxylic_acid_metabolite,0.8260869565217391,1.0
carboxylic_acid_metabolite,0.782608695652174,1.0
carboxylic_acid_metabolite,0.7391304347826086,1.0
carboxylic_acid_metabolite,0.6956521739130435,1.0
carboxylic_acid_metabolite,0.6521739130434783,1.0
carboxylic_acid_metabolite,0.6086956521739131,1.0
carboxylic_acid_metabolite,0.5652173913043478,1.0
carboxylic_acid_metabolite,0.5217391304347826,1.0
carboxylic_acid_metabolite,0.4782608695652174,1.0
carboxylic_acid_metabolite,0.43478260869565216,1.0
carboxylic_acid_metabolite,0.391304347826087,1.0
carboxylic_acid_metabolite,0.34782608695652173,1.0
carboxylic_acid_metabolite,0.30434782608695654,1.0
carboxylic_acid_metabolite,0.2608695652173913,1.0
carboxylic_acid_metabolite,0.21739130434782608,1.0
carboxylic_acid_metabolite,0.17391304347826086,1.0
carboxylic_acid_metabolite,0.13043478260869565,1.0
carboxylic_acid_metabolite,0.08695652173913043,1.0
carboxylic_acid_metabolite,0.043478260869565216,1.0
carboxylic_acid_metabolite,0.0,1.0
chromophore_pigment,1.0,0.02666666666666667
chromophore_pigment,1.0,0.026954177897574125
chromophore_pigment,1.0,0.02702702702702703
chromophore_pigment,1.0,0.02710027100271003
chromophore_pigment,1.0,0.02717391304347826
chromophore_pigment,1.0,0.027247956403269755
chromophore_pigment,1.0,0.0273224043715847
chromophore_pigment,1.0,0.0273972602739726
chromophore_pigment,1.0,0.027472527472527472
chromophore_pigment,1.0,0.027548209366391185
chromophore_pigment,1.0,0.027624309392265192
chromophore_pigment,1.0,0.027700831024930747
chromophore_pigment,1.0,0.027777777777777776
chromophore_pigment,1.0,0.027855153203342618
chromophore_pigment,1.0,0.027932960893854747
chromophore_pigment,1.0,0.028011204481792718
chromophore_pigment,1.0,0.028089887640449437
chromophore_pigment,1.0,0.028169014084507043
chromophore_pigment,1.0,0.02824858757062147
chromophore_pigment,1.0,0.028328611898016998
chromophore_pigment,1.0,0.028409090909090908
chromophore_pigment,1.0,0.02849002849002849
chromophore_pigment,1.0,0.02857142857142857
chromophore_pigment,1.0,0.02865329512893983
chromophore_pigment,1.0,0.028735632183908046
chromophore_pigment,1.0,0.02881844380403458
chromophore_pigment,1.0,0.028901734104046242
chromophore_pigment,1.0,0.028985507246376812
chromophore_pigment,1.0,0.029069767441860465
chromophore_pigment,1.0,0.029154518950437316
chromophore_pigment,1.0,0.029239766081871343
chromophore_pigment,1.0,0.02932551319648094
chromophore_pigment,1.0,0.029411764705882353
chromophore_pigment,1.0,0.029498525073746312
chromophore_pigment,1.0,0.029585798816568046
chromophore_pigment,1.0,0.02967359050445104
chromophore_pigment,1.0,0.02976190476190476
chromophore_pigment,1.0,0.029850746268656716
chromophore_pigment,1.0,0.029940119760479042
chromophore_pigment,1.0,0.03003003003003003
chromophore_pigment,1.0,0.030120481927710843
chromophore_pigment,1.0,0.030211480362537766
chromophore_pigment,1.0,0.030303030303030304
chromophore_pigment,1.0,0.030395136778115502
chromophore_pigment,1.0,0.03048780487804878
chromophore_pigment,1.0,0.03058103975535168
chromophore_pigment,1.0,0.03067484662576687
chromophore_pigment,1.0,0.03076923076923077
chromophore_pigment,1.0,0.030864197530864196
chromophore_pigment,1.0,0.030959752321981424
chromophore_pigment,1.0,0.031055900621118012
chromophore_pigment,1.0,0.03115264797507788
chromophore_pigment,1.0,0.03125
chromophore_pigment,1.0,0.03134796238244514
chromophore_pigment,1.0,0.031446540880503145
chromophore_pigment,1.0,0.031545741324921134
chromophore_pigment,1.0,0.03164556962025317
chromophore_pigment,1.0,0.031746031746031744
chromophore_pigment,1.0,0.03184713375796178
chromophore_pigment,1.0,0.03194888178913738
chromophore_pigment,1.0,0.03205128205128205
chromophore_pigment,1.0,0.03215434083601286
chromophore_pigment,1.0,0.03225806451612903
chromophore_pigment,1.0,0.032362459546925564
chromophore_pigment,1.0,0.032467532467532464
chromophore_pigment,1.0,0.03257328990228013
chromophore_pigment,1.0,0.032679738562091505
chromophore_pigment,1.0,0.03278688524590164
chromophore_pigment,1.0,0.03289473684210526
chromophore_pigment,1.0,0.033003300330033
chromophore_pigment,1.0,0.033112582781456956
chromophore_pigment,1.0,0.03322259136212625
chromophore_pigment,1.0,0.03333333333333333
chromophore_pigment,1.0,0.033444816053511704
chromophore_pigment,1.0,0.03355704697986577
chromophore_pigment,1.0,0.03367003367003367
chromophore_pigment,1.0,0.033783783783783786
chromophore_pigment,1.0,0.03389830508474576
chromophore_pigment,1.0,0.034013605442176874
chromophore_pigment,1.0,0.034129692832764506
chromophore_pigment,1.0,0.03424657534246575
chromophore_pigment,1.0,0.03436426116838488
chromophore_pigment,1.0,0.034482758620689655
chromophore_pigment,1.0,0.03460207612456748
chromophore_pigment,1.0,0.034722222222222224
chromophore_pigment,1.0,0.03484320557491289
chromophore_pigment,1.0,0.03496503496503497
chromophore_pigment,1.0,0.03508771929824561
chromophore_pigment,1.0,0.035211267605633804
chromophore_pigment,1.0,0.0353356890459364
chromophore_pigment,1.0,0.03546099290780142
chromophore_pigment,1.0,0.03558718861209965
chromophore_pigment,1.0,0.03571428571428571
chromophore_pigment,1.0,0.035842293906810034
chromophore_pigment,1.0,0.03597122302158273
chromophore_pigment,1.0,0.036101083032490974
chromophore_pigment,1.0,0.036231884057971016
chromophore_pigment,1.0,0.03636363636363636
chromophore_pigment,1.0,0.0364963503649635
chromophore_pigment,1.0,0.03663003663003663
chromophore_pigment,1.0,0.03676470588235294
chromophore_pigment,1.0,0.03690036900369004
chromophore_pigment,1.0,0.037037037037037035
chromophore_pigment,1.0,0.03717472118959108
chromophore_pigment,1.0,0.03731343283582089
chromophore_pigment,1.0,0.03745318352059925
chromophore_pigment,1.0,0.03759398496240601
chromophore_pigment,1.0,0.03773584905660377
chromophore_pigment,1.0,0.03787878787878788
chromophore_pigment,1.0,0.03802281368821293
chromophore_pigment,1.0,0.03816793893129771
chromophore_pigment,1.0,0.038314176245210725
chromophore_pigment,1.0,0.038461538461538464
chromophore_pigment,1.0,0.03861003861003861
chromophore_pigment,1.0,0.03875968992248062
chromophore_pigment,1.0,0.038910505836575876
chromophore_pigment,1.0,0.0390625
chromophore_pigment,1.0,0.0392156862745098
chromophore_pigment,1.0,0.03937007874015748
chromophore_pigment,1.0,0.039525691699604744
chromophore_pigment,1.0,0.03968253968253968
chromophore_pigment,1.0,0.0398406374501992
chromophore_pigment,1.0,0.04
chromophore_pigment,1.0,0.040160642570281124
chromophore_pigment,1.0,0.04032258064516129
chromophore_pigment,1.0,0.04048582995951417
chromophore_pigment,1.0,0.04065040650406504
chromophore_pigment,1.0,0.04081632653061224
chromophore_pigment,1.0,0.040983606557377046
chromophore_pigment,1.0,0.0411522633744856
chromophore_pigment,1.0,0.04132231404958678
chromophore_pigment,1.0,0.04149377593360996
chromophore_pigment,1.0,0.041666666666666664
chromophore_pigment,1.0,0.04184100418410042
chromophore_pigment,1.0,0.04201680672268908
chromophore_pigment,1.0,0.04219409282700422
chromophore_pigment,1.0,0.0423728813559322
chromophore_pigment,1.0,0.0425531914893617
chromophore_pigment,1.0,0.042735042735042736
chromophore_pigment,1.0,0.04291845493562232
chromophore_pigment,1.0,0.04310344827586207
chromophore_pigment,1.0,0.04329004329004329
chromophore_pigment,1.0,0.043478260869565216
chromophore_pigment,1.0,0.043668122270742356
chromophore_pigment,1.0,0.043859649122807015
chromophore_pigment,1.0,0.04405286343612335
chromophore_pigment,1.0,0.04424778761061947
chromophore_pigment,1.0,0.044444444444444446
chromophore_pigment,1.0,0.044642857142857144
chromophore_pigment,1.0,0.04484304932735426
chromophore_pigment,1.0,0.04504504504504504
chromophore_pigment,1.0,0.04524886877828054
chromophore_pigment,1.0,0.045454545454545456
chromophore_pigment,1.0,0.045662100456621
chromophore_pigment,1.0,0.045871559633027525
chromophore_pigment,1.0,0.04608294930875576
chromophore_pigment,1.0,0.046296296296296294
chromophore_pigment,1.0,0.046511627906976744
chromophore_pigment,1.0,0.04672897196261682
chromophore_pigment,1.0,0.046948356807511735
chromophore_pigment,1.0,0.04716981132075472
chromophore_pigment,1.0,0.04739336492890995
chromophore_pigment,1.0,0.047619047619047616
chromophore_pigment,1.0,0.04784688995215311
chromophore_pigment,1.0,0.04807692307692308
chromophore_pigment,1.0,0.04830917874396135
chromophore_pigment,1.0,0.04854368932038835
chromophore_pigment,1.0,0.04878048780487805
chromophore_pigment,1.0,0.049019607843137254
chromophore_pigment,1.0,0.04926108374384237
chromophore_pigment,1.0,0.04950495049504951
chromophore_pigment,1.0,0.04975124378109453
chromophore_pigment,1.0,0.05
chromophore_pigment,1.0,0.05025125628140704
chromophore_pigment,1.0,0.050505050505050504
chromophore_pigment,1.0,0.050761421319796954
chromophore_pigment,1.0,0.05102040816326531
chromophore_pigment,1.0,0.05128205128205128
chromophore_pigment,1.0,0.05154639175257732
chromophore_pigment,1.0,0.05181347150259067
chromophore_pigment,1.0,0.052083333333333336
chromophore_pigment,1.0,0.05235602094240838
chromophore_pigment,1.0,0.05263157894736842
chromophore_pigment,1.0,0.05291005291005291
chromophore_pigment,1.0,0.05319148936170213
chromophore_pigment,1.0,0.053475935828877004
chromophore_pigment,1.0,0.053763440860215055
chromophore_pigment,1.0,0.05405405405405406
chromophore_pigment,1.0,0.05434782608695652
chromophore_pigment,1.0,0.0546448087431694
chromophore_pigment,1.0,0.054945054945054944
chromophore_pigment,1.0,0.055248618784530384
chromophore_pigment,1.0,0.05555555555555555
chromophore_pigment,1.0,0.055865921787709494
chromophore_pigment,1.0,0.056179775280898875
chromophore_pigment,1.0,0.05649717514124294
chromophore_pigment,1.0,0.056818181818181816
chromophore_pigment,1.0,0.05714285714285714
chromophore_pigment,1.0,0.05747126436781609
chromophore_pigment,1.0,0.057803468208092484
chromophore_pigment,1.0,0.05813953488372093
chromophore_pigment,1.0,0.05847953216374269
chromophore_pigment,1.0,0.058823529411764705
chromophore_pigment,1.0,0.05917159763313609
chromophore_pigment,1.0,0.05952380952380952
chromophore_pigment,1.0,0.059880239520958084
chromophore_pigment,1.0,0.060240963855421686
chromophore_pigment,1.0,0.06060606060606061
chromophore_pigment,1.0,0.06097560975609756
chromophore_pigment,1.0,0.06134969325153374
chromophore_pigment,1.0,0.06172839506172839
chromophore_pigment,1.0,0.062111801242236024
chromophore_pigment,1.0,0.0625
chromophore_pigment,1.0,0.06289308176100629
chromophore_pigment,1.0,0.06329113924050633
chromophore_pigment,1.0,0.06369426751592357
chromophore_pigment,1.0,0.0641025641025641
chromophore_pigment,1.0,0.06451612903225806
chromophore_pigment,1.0,0.06493506493506493
chromophore_pigment,1.0,0.06535947712418301
chromophore_pigment,1.0,0.06578947368421052
chromophore_pigment,1.0,0.06622516556291391
chromophore_pigment,1.0,0.06666666666666667
chromophore_pigment,1.0,0.06711409395973154
chromophore_pigment,1.0,0.06756756756756757
chromophore_pigment,1.0,0.06802721088435375
chromophore_pigment,1.0,0.0684931506849315
chromophore_pigment,1.0,0.06896551724137931
chromophore_pigment,1.0,0.06944444444444445
chromophore_pigment,1.0,0.06993006993006994
chromophore_pigment,1.0,0.07042253521126761
chromophore_pigment,1.0,0.07092198581560284
chromophore_pigment,1.0,0.07142857142857142
chromophore_pigment,1.0,0.07194244604316546
chromophore_pigment,1.0,0.07246376811594203
chromophore_pigment,1.0,0.072992700729927
chromophore_pigment,1.0,0.07352941176470588
chromophore_pigment,1.0,0.07407407407407407
chromophore_pigment,1.0,0.07462686567164178
chromophore_pigment,1.0,0.07518796992481203
chromophore_pigment,1.0,0.07575757575757576
chromophore_pigment,1.0,0.07633587786259542
chromophore_pigment,1.0,0.07692307692307693
chromophore_pigment,1.0,0.07751937984496124
chromophore_pigment,1.0,0.078125
chromophore_pigment,1.0,0.07874015748031496
chromophore_pigment,1.0,0.07936507936507936
chromophore_pigment,1.0,0.08
chromophore_pigment,1.0,0.08064516129032258
chromophore_pigment,1.0,0.08130081300813008
chromophore_pigment,1.0,0.08196721311475409
chromophore_pigment,1.0,0.08264462809917356
chromophore_pigment,1.0,0.08333333333333333
chromophore_pigment,1.0,0.08403361344537816
chromophore_pigment,1.0,0.0847457627118644
chromophore_pigment,1.0,0.08547008547008547
chromophore_pigment,1.0,0.08620689655172414
chromophore_pigment,1.0,0.08695652173913043
chromophore_pigment,1.0,0.08771929824561403
chromophore_pigment,1.0,0.08849557522123894
chromophore_pigment,1.0,0.08928571428571429
chromophore_pigment,1.0,0.09009009009009009
chromophore_pigment,1.0,0.09090909090909091
chromophore_pigment,1.0,0.09174311926605505
chromophore_pigment,1.0,0.09259259259259259
chromophore_pigment,1.0,0.09345794392523364
chromophore_pigment,1.0,0.09433962264150944
chromophore_pigment,1.0,0.09523809523809523
chromophore_pigment,1.0,0.09615384615384616
chromophore_pigment,1.0,0.0970873786407767
chromophore_pigment,1.0,0.09803921568627451
chromophore_pigment,1.0,0.09900990099009901
chromophore_pigment,1.0,0.1
chromophore_pigment,1.0,0.10101010101010101
chromophore_pigment,1.0,0.10204081632653061
chromophore_pigment,1.0,0.10309278350515463
chromophore_pigment,1.0,0.10416666666666667
chromophore_pigment,1.0,0.10526315789473684
chromophore_pigment,1.0,0.10638297872340426
chromophore_pigment,1.0,0.10752688172043011
chromophore_pigment,1.0,0.10869565217391304
chromophore_pigment,1.0,0.10989010989010989
chromophore_pigment,1.0,0.1111111111111111
chromophore_pigment,1.0,0.11235955056179775
chromophore_pigment,1.0,0.11363636363636363
chromophore_pigment,1.0,0.11494252873563218
chromophore_pigment,1.0,0.11627906976744186
chromophore_pigment,1.0,0.11764705882352941
chromophore_pigment,1.0,0.11904761904761904
chromophore_pigment,1.0,0.12048192771084337
chromophore_pigment,1.0,0.12195121951219512
chromophore_pigment,1.0,0.12345679012345678
chromophore_pigment,1.0,0.125
chromophore_pigment,1.0,0.12658227848101267
chromophore_pigment,1.0,0.1282051282051282
chromophore_pigment,1.0,0.12987012987012986
chromophore_pigment,1.0,0.13157894736842105
chromophore_pigment,1.0,0.13333333333333333
chromophore_pigment,1.0,0.13513513513513514
chromophore_pigment,1.0,0.136986301369863
chromophore_pigment,1.0,0.1388888888888889
chromophore_pigment,1.0,0.14084507042253522
chromophore_pigment,1.0,0.14285714285714285
chromophore_pigment,1.0,0.14492753623188406
chromophore_pigment,1.0,0.14705882352941177
chromophore_pigment,1.0,0.14925373134328357
chromophore_pigment,1.0,0.15151515151515152
chromophore_pigment,1.0,0.15384615384615385
chromophore_pigment,1.0,0.15625
chromophore_pigment,1.0,0.15873015873015872
chromophore_pigment,1.0,0.16129032258064516
chromophore_pigment,1.0,0.16393442622950818
chromophore_pigment,1.0,0.16666666666666666
chromophore_pigment,1.0,0.1694915254237288
chromophore_pigment,1.0,0.1724137931034483
chromophore_pigment,1.0,0.17543859649122806
chromophore_pigment,1.0,0.17857142857142858
chromophore_pigment,1.0,0.18181818181818182
chromophore_pigment,1.0,0.18518518518518517
chromophore_pigment,1.0,0.18867924528301888
chromophore_pigment,1.0,0.19230769230769232
chromophore_pigment,1.0,0.19607843137254902
chromophore_pigment,1.0,0.2
chromophore_pigment,1.0,0.20408163265306123
chromophore_pigment,1.0,0.20833333333333334
chromophore_pigment,1.0,0.2127659574468085
chromophore_pigment,1.0,0.21739130434782608
chromophore_pigment,1.0,0.2222222222222222
chromophore_pigment,1.0,0.22727272727272727
chromophore_pigment,1.0,0.23255813953488372
chromophore_pigment,1.0,0.23809523809523808
chromophore_pigment,1.0,0.24390243902439024
chromophore_pigment,1.0,0.25
chromophore_pigment,1.0,0.2564102564102564
chromophore_pigment,1.0,0.2631578947368421
chromophore_pigment,1.0,0.2702702702702703
chromophore_pigment,1.0,0.2777777777777778
chromophore_pigment,1.0,0.2857142857142857
chromophore_pigment,1.0,0.29411764705882354
chromophore_pigment,1.0,0.30303030303030304
chromophore_pigment,1.0,0.3125
chromophore_pigment,1.0,0.3225806451612903
chromophore_pigment,1.0,0.3333333333333333
chromophore_pigment,1.0,0.3448275862068966
chromophore_pigment,1.0,0.35714285714285715
chromophore_pigment,1.0,0.37037037037037035
chromophore_pigment,1.0,0.38461538461538464
chromophore_pigment,1.0,0.4
chromophore_pigment,1.0,0.4166666666666667
chromophore_pigment,1.0,0.43478260869565216
chromophore_pigment,1.0,0.45454545454545453
chromophore_pigment,1.0,0.47619047619047616
chromophore_pigment,1.0,0.5
chromophore_pigment,1.0,0.5263157894736842
chromophore_pigment,1.0,0.5555555555555556
chromophore_pigment,1.0,0.5882352941176471
chromophore_pigment,1.0,0.625
chromophore_pigment,1.0,0.6666666666666666
chromophore_pigment,1.0,0.7142857142857143
chromophore_pigment,1.0,0.7692307692307693
chromophore_pigment,1.0,0.8333333333333334
chromophore_pigment,1.0,0.9090909090909091
chromophore_pigment,1.0,1.0
chromophore_pigment,0.9,1.0
chromophore_pigment,0.8,1.0
chromophore_pigment,0.7,1.0
chromophore_pigment,0.6,1.0
chromophore_pigment,0.5,1.0
chromophore_pigment,0.4,1.0
chromophore_pigment,0.3,1.0
chromophore_pigment,0.2,1.0
chromophore_pigment,0.1,1.0
chromophore_pigment,0.0,1.0
fatty_acid,1.0,0.072
fatty_acid,1.0,0.07219251336898395
fatty_acid,1.0,0.07238605898123325
fatty_acid,1.0,0.07258064516129033
fatty_acid,1.0,0.07277628032345014
fatty_acid,1.0,0.07297297297297298
fatty_acid,1.0,0.07317073170731707
fatty_acid,1.0,0.07336956521739131
fatty_acid,1.0,0.07356948228882834
fatty_acid,1.0,0.07377049180327869
fatty_acid,1.0,0.07397260273972603
fatty_acid,1.0,0.07417582417582418
fatty_acid,1.0,0.0743801652892562
fatty_acid,1.0,0.07458563535911603
fatty_acid,1.0,0.07479224376731301
fatty_acid,1.0,0.075
fatty_acid,1.0,0.07520891364902507
fatty_acid,1.0,0.07541899441340782
fatty_acid,1.0,0.07563025210084033
fatty_acid,1.0,0.07584269662921349
fatty_acid,1.0,0.07605633802816901
fatty_acid,1.0,0.07627118644067797
fatty_acid,1.0,0.0764872521246459
fatty_acid,1.0,0.07670454545454546
fatty_acid,1.0,0.07692307692307693
fatty_acid,1.0,0.07714285714285714
fatty_acid,1.0,0.07736389684813753
fatty_acid,1.0,0.07758620689655173
fatty_acid,1.0,0.07780979827089338
fatty_acid,1.0,0.07803468208092486
fatty_acid,1.0,0.0782608695652174
fatty_acid,1.0,0.07848837209302326
fatty_acid,1.0,0.07871720116618076
fatty_acid,1.0,0.07894736842105263
fatty_acid,1.0,0.07917888563049853
fatty_acid,1.0,0.07941176470588235
fatty_acid,1.0,0.07964601769911504
fatty_acid,1.0,0.07988165680473373
fatty_acid,1.0,0.08011869436201781
fatty_acid,1.0,0.08035714285714286
fatty_acid,1.0,0.08059701492537313
fatty_acid,1.0,0.08083832335329341
fatty_acid,1.0,0.08108108108108109
fatty_acid,1.0,0.08132530120481928
fatty_acid,1.0,0.08157099697885196
fatty_acid,1.0,0.08181818181818182
fatty_acid,1.0,0.08206686930091185
fatty_acid,1.0,0.08231707317073171
fatty_acid,1.0,0.08256880733944955
fatty_acid,1.0,0.08282208588957055
fatty_acid,1.0,0.08307692307692308
fatty_acid,1.0,0.08333333333333333
fatty_acid,1.0,0.08359133126934984
fatty_acid,1.0,0.08385093167701864
fatty_acid,1.0,0.08411214953271028
fatty_acid,1.0,0.084375
fatty_acid,1.0,0.08463949843260188
fatty_acid,1.0,0.08490566037735849
fatty_acid,1.0,0.08517350157728706
fatty_acid,1.0,0.08544303797468354
fatty_acid,1.0,0.08571428571428572
fatty_acid,1.0,0.08598726114649681
fatty_acid,1.0,0.08626198083067092
fatty_acid,1.0,0.08653846153846154
fatty_acid,1.0,0.08681672025723473
fatty_acid,1.0,0.08709677419354839
fatty_acid,1.0,0.08737864077669903
fatty_acid,1.0,0.08766233766233766
fatty_acid,1.0,0.08794788273615635
fatty_acid,1.0,0.08823529411764706
fatty_acid,1.0,0.08852459016393442
fatty_acid,1.0,0.08881578947368421
fatty_acid,1.0,0.0891089108910891
fatty_acid,1.0,0.08940397350993377
fatty_acid,1.0,0.08970099667774087
fatty_acid,1.0,0.09
fatty_acid,1.0,0.0903010033444816
fatty_acid,1.0,0.09060402684563758
fatty_acid,1.0,0.09090909090909091
fatty_acid,1.0,0.09121621621621621
fatty_acid,1.0,0.09152542372881356
fatty_acid,1.0,0.09183673469387756
fatty_acid,1.0,0.09215017064846416
fatty_acid,1.0,0.09246575342465753
fatty_acid,1.0,0.09278350515463918
fatty_acid,1.0,0.09310344827586207
fatty_acid,1.0,0.09342560553633218
fatty_acid,1.0,0.09375
fatty_acid,1.0,0.09407665505226481
fatty_acid,1.0,0.0944055944055944
fatty_acid,1.0,0.09473684210526316
fatty_acid,1.0,0.09507042253521127
fatty_acid,1.0,0.09540636042402827
fatty_acid,1.0,0.09574468085106383
fatty_acid,1.0,0.09608540925266904
fatty_acid,1.0,0.09642857142857143
fatty_acid,1.0,0.0967741935483871
fatty_acid,1.0,0.09712230215827339
fatty_acid,1.0,0.09747292418772563
fatty_acid,1.0,0.09782608695652174
fatty_acid,1.0,0.09818181818181818
fatty_acid,1.0,0.09854014598540146
fatty_acid,1.0,0.0989010989010989
fatty_acid,1.0,0.09926470588235294
fatty_acid,1.0,0.0996309963099631
fatty_acid,1.0,0.1
fatty_acid,1.0,0.10037174721189591
fatty_acid,1.0,0.10074626865671642
fatty_acid,1.0,0.10112359550561797
fatty_acid,1.0,0.10150375939849623
fatty_acid,1.0,0.1018867924528302
fatty_acid,1.0,0.10227272727272728
fatty_acid,1.0,0.10266159695817491
fatty_acid,1.0,0.10305343511450382
fatty_acid,1.0,0.10344827586206896
fatty_acid,1.0,0.10384615384615385
fatty_acid,1.0,0.10424710424710425
fatty_acid,1.0,0.10465116279069768
fatty_acid,1.0,0.10505836575875487
fatty_acid,1.0,0.10546875
fatty_acid,1.0,0.10588235294117647
fatty_acid,1.0,0.1062992125984252
fatty_acid,1.0,0.1067193675889328
fatty_acid,1.0,0.10714285714285714
fatty_acid,1.0,0.10756972111553785
fatty_acid,1.0,0.108
fatty_acid,1.0,0.10843373493975904
fatty_acid,1.0,0.10887096774193548
fatty_acid,1.0,0.10931174089068826
fatty_acid,1.0,0.10975609756097561
fatty_acid,1.0,0.11020408163265306
fatty_acid,1.0,0.11065573770491803
fatty_acid,1.0,0.1111111111111111
fatty_acid,1.0,0.1115702479338843
fatty_acid,1.0,0.11203319502074689
fatty_acid,1.0,0.1125
fatty_acid,1.0,0.11297071129707113
fatty_acid,1.0,0.1134453781512605
fatty_acid,1.0,0.11392405063291139
fatty_acid,1.0,0.11440677966101695
fatty_acid,1.0,0.1148936170212766
fatty_acid,1.0,0.11538461538461539
fatty_acid,1.0,0.11587982832618025
fatty_acid,1.0,0.11637931034482758
fatty_acid,1.0,0.11688311688311688
fatty_acid,1.0,0.11739130434782609
fatty_acid,1.0,0.11790393013100436
fatty_acid,1.0,0.11842105263157894
fatty_acid,1.0,0.11894273127753303
fatty_acid,1.0,0.11946902654867257
fatty_acid,1.0,0.12
fatty_acid,1.0,0.12053571428571429
fatty_acid,1.0,0.1210762331838565
fatty_acid,1.0,0.12162162162162163
fatty_acid,1.0,0.12217194570135746
fatty_acid,1.0,0.12272727272727273
fatty_acid,1.0,0.1232876712328767
fatty_acid,1.0,0.12385321100917432
fatty_acid,1.0,0.12442396313364056
fatty_acid,1.0,0.125
fatty_acid,1.0,0.12558139534883722
fatty_acid,1.0,0.1261682242990654
fatty_acid,1.0,0.1267605633802817
fatty_acid,1.0,0.12735849056603774
fatty_acid,1.0,0.12796208530805686
fatty_acid,1.0,0.12857142857142856
fatty_acid,1.0,0.1291866028708134
fatty_acid,1.0,0.12980769230769232
fatty_acid,1.0,0.13043478260869565
fatty_acid,1.0,0.13106796116504854
fatty_acid,1.0,0.13170731707317074
fatty_acid,1.0,0.1323529411764706
fatty_acid,1.0,0.1330049261083744
fatty_acid,1.0,0.13366336633663367
fatty_acid,1.0,0.13432835820895522
fatty_acid,1.0,0.135
fatty_acid,1.0,0.135678391959799
fatty_acid,1.0,0.13636363636363635
fatty_acid,1.0,0.13705583756345177
fatty_acid,1.0,0.1377551020408163
fatty_acid,1.0,0.13846153846153847
fatty_acid,1.0,0.13917525773195877
fatty_acid,1.0,0.13989637305699482
fatty_acid,1.0,0.140625
fatty_acid,1.0,0.14136125654450263
fatty_acid,1.0,0.14210526315789473
fatty_acid,1.0,0.14285714285714285
fatty_acid,1.0,0.14361702127659576
fatty_acid,1.0,0.1443850267379679
fatty_acid,1.0,0.14516129032258066
fatty_acid,1.0,0.14594594594594595
fatty_acid,1.0,0.14673913043478262
fatty_acid,1.0,0.14754098360655737
fatty_acid,1.0,0.14835164835164835
fatty_acid,1.0,0.14917127071823205
fatty_acid,1.0,0.15
fatty_acid,1.0,0.15083798882681565
fatty_acid,1.0,0.15168539325842698
fatty_acid,1.0,0.15254237288135594
fatty_acid,1.0,0.1534090909090909
fatty_acid,1.0,0.15428571428571428
fatty_acid,1.0,0.15517241379310345
fatty_acid,1.0,0.15606936416184972
fatty_acid,1.0,0.1569767441860465
fatty_acid,1.0,0.15789473684210525
fatty_acid,1.0,0.1588235294117647
fatty_acid,1.0,0.15976331360946747
fatty_acid,1.0,0.16071428571428573
fatty_acid,1.0,0.16167664670658682
fatty_acid,1.0,0.16265060240963855
fatty_acid,1.0,0.16363636363636364
fatty_acid,1.0,0.16463414634146342
fatty_acid,1.0,0.1656441717791411
fatty_acid,1.0,0.16666666666666666
fatty_acid,1.0,0.16770186335403728
fatty_acid,1.0,0.16875
fatty_acid,1.0,0.16981132075471697
fatty_acid,1.0,0.17088607594936708
fatty_acid,1.0,0.17197452229299362
fatty_acid,1.0,0.17307692307692307
fatty_acid,1.0,0.17419354838709677
fatty_acid,1.0,0.17532467532467533
fatty_acid,1.0,0.17647058823529413
fatty_acid,1.0,0.17763157894736842
fatty_acid,1.0,0.17880794701986755
fatty_acid,1.0,0.18
fatty_acid,1.0,0.18120805369127516
fatty_acid,1.0,0.18243243243243243
fatty_acid,1.0,0.1836734693877551
fatty_acid,1.0,0.18493150684931506
fatty_acid,1.0,0.18620689655172415
fatty_acid,1.0,0.1875
fatty_acid,1.0,0.1888111888111888
fatty_acid,1.0,0.19014084507042253
fatty_acid,1.0,0.19148936170212766
fatty_acid,1.0,0.19285714285714287
fatty_acid,1.0,0.19424460431654678
fatty_acid,1.0,0.1956521739130435
fatty_acid,1.0,0.19708029197080293
fatty_acid,1.0,0.19852941176470587
fatty_acid,1.0,0.2
fatty_acid,1.0,0.20149253731343283
fatty_acid,1.0,0.20300751879699247
fatty_acid,1.0,0.20454545454545456
fatty_acid,1.0,0.20610687022900764
fatty_acid,1.0,0.2076923076923077
fatty_acid,1.0,0.20930232558139536
fatty_acid,1.0,0.2109375
fatty_acid,1.0,0.2125984251968504
fatty_acid,1.0,0.21428571428571427
fatty_acid,1.0,0.216
fatty_acid,1.0,0.21774193548387097
fatty_acid,1.0,0.21951219512195122
fatty_acid,1.0,0.22131147540983606
fatty_acid,1.0,0.2231404958677686
fatty_acid,1.0,0.225
fatty_acid,1.0,0.226890756302521
fatty_acid,1.0,0.2288135593220339
fatty_acid,1.0,0.23076923076923078
fatty_acid,1.0,0.23275862068965517
fatty_acid,1.0,0.23478260869565218
fatty_acid,1.0,0.23684210526315788
fatty_acid,1.0,0.23893805309734514
fatty_acid,1.0,0.24107142857142858
fatty_acid,1.0,0.24324324324324326
fatty_acid,1.0,0.24545454545454545
fatty_acid,1.0,0.24770642201834864
fatty_acid,1.0,0.25
fatty_acid,1.0,0.2523364485981308
fatty_acid,1.0,0.25471698113207547
fatty_acid,1.0,0.2571428571428571
fatty_acid,1.0,0.25961538461538464
fatty_acid,1.0,0.2621359223300971
fatty_acid,1.0,0.2647058823529412
fatty_acid,1.0,0.26732673267326734
fatty_acid,1.0,0.27
fatty_acid,1.0,0.2727272727272727
fatty_acid,1.0,0.2755102040816326
fatty_acid,1.0,0.27835051546391754
fatty_acid,1.0,0.28125
fatty_acid,1.0,0.28421052631578947
fatty_acid,1.0,0.2872340425531915
fatty_acid,1.0,0.2903225806451613
fatty_acid,1.0,0.29347826086956524
fatty_acid,1.0,0.2967032967032967
fatty_acid,1.0,0.3
fatty_acid,1.0,0.30337078651685395
fatty_acid,1.0,0.3068181818181818
fatty_acid,1.0,0.3103448275862069
fatty_acid,1.0,0.313953488372093
fatty_acid,1.0,0.3176470588235294
fatty_acid,1.0,0.32142857142857145
fatty_acid,1.0,0.3253012048192771
fatty_acid,1.0,0.32926829268292684
fatty_acid,1.0,0.3333333333333333
fatty_acid,1.0,0.3375
fatty_acid,1.0,0.34177215189873417
fatty_acid,1.0,0.34615384615384615
fatty_acid,1.0,0.35064935064935066
fatty_acid,1.0,0.35526315789473684
fatty_acid,1.0,0.36
fatty_acid,1.0,0.36486486486486486
fatty_acid,1.0,0.3698630136986301
fatty_acid,1.0,0.375
fatty_acid,1.0,0.38028169014084506
fatty_acid,1.0,0.38571428571428573
fatty_acid,1.0,0.391304347826087
fatty_acid,1.0,0.39705882352941174
fatty_acid,1.0,0.40298507462686567
fatty_acid,1.0,0.4090909090909091
fatty_acid,1.0,0.4153846153846154
fatty_acid,1.0,0.421875
fatty_acid,1.0,0.42857142857142855
fatty_acid,1.0,0.43548387096774194
fatty_acid,1.0,0.4426229508196721
fatty_acid,1.0,0.45
fatty_acid,1.0,0.4576271186440678
fatty_acid,1.0,0.46551724137931033
fatty_acid,1.0,0.47368421052631576
fatty_acid,1.0,0.48214285714285715
fatty_acid,1.0,0.4909090909090909
fatty_acid,1.0,0.5
fatty_acid,1.0,0.5094339622641509
fatty_acid,1.0,0.5192307692307693
fatty_acid,1.0,0.5294117647058824
fatty_acid,1.0,0.54
fatty_acid,1.0,0.5510204081632653
fatty_acid,1.0,0.5625
fatty_acid,0.9629629629629629,0.5531914893617021
fatty_acid,0.9629629629629629,0.5652173913043478
fatty_acid,0.9629629629629629,0.5777777777777777
fatty_acid,0.9629629629629629,0.5909090909090909
fatty_acid,0.9629629629629629,0.6046511627906976
fatty_acid,0.9629629629629629,0.6190476190476191
fatty_acid,0.9629629629629629,0.6341463414634146
fatty_acid,0.9629629629629629,0.65
fatty_acid,0.9629629629629629,0.6666666666666666
fatty_acid,0.9629629629629629,0.6842105263157895
fatty_acid,0.9629629629629629,0.7027027027027027
fatty_acid,0.9629629629629629,0.7222222222222222
fatty_acid,0.9629629629629629,0.7428571428571429
fatty_acid,0.9629629629629629,0.7647058823529411
fatty_acid,0.9629629629629629,0.7878787878787878
fatty_acid,0.9629629629629629,0.8125
fatty_acid,0.9629629629629629,0.8387096774193549
fatty_acid,0.9259259259259259,0.8333333333333334
fatty_acid,0.9259259259259259,0.8620689655172413
fatty_acid,0.8888888888888888,0.8571428571428571
fatty_acid,0.8518518518518519,0.8518518518518519
fatty_acid,0.8148148148148148,0.8461538461538461
fatty_acid,0.7777777777777778,0.84
fatty_acid,0.7777777777777778,0.875
fatty_acid,0.7407407407407407,0.8695652173913043
fatty_acid,0.7407407407407407,0.9090909090909091
fatty_acid,0.7407407407407407,0.9523809523809523
fatty_acid,0.7037037037037037,0.95
fatty_acid,0.6666666666666666,0.9473684210526315
fatty_acid,0.6296296296296297,0.9444444444444444
fatty_acid,0.5925925925925926,0.9411764705882353
fatty_acid,0.5555555555555556,0.9375
fatty_acid,0.5185185185185185,0.9333333333333333
fatty_acid,0.48148148148148145,0.9285714285714286
fatty_acid,0.48148148148148145,1.0
fatty_acid,0.4444444444444444,1.0
fatty_acid,0.4074074074074074,1.0
fatty_acid,0.37037037037037035,1.0
fatty_acid,0.3333333333333333,1.0
fatty_acid,0.2962962962962963,1.0
fatty_acid,0.25925925925925924,1.0
fatty_acid,0.2222222222222222,1.0
fatty_acid,0.18518518518518517,1.0
fatty_acid,0.14814814814814814,1.0
fatty_acid,0.1111111111111111,1.0
fatty_acid,0.07407407407407407,1.0
fatty_acid,0.037037037037037035,1.0
fatty_acid,0.0,1.0
free_amino_acid,1.0,0.2
free_amino_acid,1.0,0.20053475935828877
free_amino_acid,1.0,0.20107238605898123
free_amino_acid,1.0,0.20161290322580644
free_amino_acid,1.0,0.20215633423180593
free_amino_acid,1.0,0.20270270270270271
free_amino_acid,1.0,0.2032520325203252
free_amino_acid,1.0,0.20380434782608695
free_amino_acid,1.0,0.20435967302452315
free_amino_acid,1.0,0.20491803278688525
free_amino_acid,1.0,0.2054794520547945
free_amino_acid,1.0,0.20604395604395603
free_amino_acid,1.0,0.2066115702479339
free_amino_acid,1.0,0.20718232044198895
free_amino_acid,1.0,0.2077562326869806
free_amino_acid,1.0,0.20833333333333334
free_amino_acid,1.0,0.20891364902506965
free_amino_acid,1.0,0.20949720670391062
free_amino_acid,1.0,0.21008403361344538
free_amino_acid,1.0,0.21067415730337077
free_amino_acid,1.0,0.2112676056338028
free_amino_acid,1.0,0.211864406779661
free_amino_acid,1.0,0.21246458923512748
free_amino_acid,1.0,0.21306818181818182
free_amino_acid,1.0,0.21367521367521367
free_amino_acid,1.0,0.21428571428571427
free_amino_acid,1.0,0.2148997134670487
free_amino_acid,1.0,0.21551724137931033
free_amino_acid,1.0,0.21613832853025935
free_amino_acid,1.0,0.21676300578034682
free_amino_acid,1.0,0.21739130434782608
free_amino_acid,1.0,0.2180232558139535
free_amino_acid,1.0,0.21865889212827988
free_amino_acid,1.0,0.21929824561403508
free_amino_acid,1.0,0.21994134897360704
free_amino_acid,1.0,0.22058823529411764
free_amino_acid,1.0,0.22123893805309736
free_amino_acid,1.0,0.22189349112426035
free_amino_acid,1.0,0.22255192878338279
free_amino_acid,1.0,0.22321428571428573
free_amino_acid,1.0,0.22388059701492538
free_amino_acid,1.0,0.2245508982035928
free_amino_acid,1.0,0.22522522522522523
free_amino_acid,1.0,0.22590361445783133
free_amino_acid,1.0,0.22658610271903323
free_amino_acid,1.0,0.22727272727272727
free_amino_acid,1.0,0.22796352583586627
free_amino_acid,1.0,0.22865853658536586
free_amino_acid,1.0,0.22935779816513763
free_amino_acid,1.0,0.23006134969325154
free_amino_acid,1.0,0.23076923076923078
free_amino_acid,1.0,0.23148148148148148
free_amino_acid,1.0,0.23219814241486067
free_amino_acid,1.0,0.2329192546583851
free_amino_acid,1.0,0.2336448598130841
free_amino_acid,1.0,0.234375
free_amino_acid,1.0,0.23510971786833856
free_amino_acid,1.0,0.2358490566037736
free_amino_acid,1.0,0.23659305993690852
free_amino_acid,1.0,0.23734177215189872
free_amino_acid,1.0,0.23809523809523808
free_amino_acid,1.0,0.23885350318471338
free_amino_acid,1.0,0.23961661341853036
free_amino_acid,1.0,0.2403846153846154
free_amino_acid,1.0,0.24115755627009647
free_amino_acid,1.0,0.24193548387096775
free_amino_acid,1.0,0.24271844660194175
free_amino_acid,1.0,0.2435064935064935
free_amino_acid,1.0,0.24429967426710097
free_amino_acid,1.0,0.24509803921568626
free_amino_acid,1.0,0.2459016393442623
free_amino_acid,1.0,0.24671052631578946
free_amino_acid,1.0,0.24752475247524752
free_amino_acid,1.0,0.24834437086092714
free_amino_acid,1.0,0.24916943521594684
free_amino_acid,1.0,0.25
free_amino_acid,1.0,0.2508361204013378
free_amino_acid,1.0,0.2516778523489933
free_amino_acid,1.0,0.25252525252525254
free_amino_acid,1.0,0.2533783783783784
free_amino_acid,1.0,0.2542372881355932
free_amino_acid,1.0,0.25510204081632654
free_amino_acid,1.0,0.25597269624573377
free_amino_acid,1.0,0.2568493150684932
free_amino_acid,1.0,0.25773195876288657
free_amino_acid,1.0,0.25862068965517243
free_amino_acid,1.0,0.25951557093425603
free_amino_acid,1.0,0.2604166666666667
free_amino_acid,1.0,0.2613240418118467
free_amino_acid,1.0,0.26223776223776224
free_amino_acid,1.0,0.2631578947368421
free_amino_acid,1.0,0.2640845070422535
free_amino_acid,1.0,0.26501766784452296
free_amino_acid,1.0,0.26595744680851063
free_amino_acid,1.0,0.2669039145907473
free_amino_acid,1.0,0.26785714285714285
free_amino_acid,1.0,0.26881720430107525
free_amino_acid,1.0,0.2697841726618705
free_amino_acid,1.0,0.27075812274368233
free_amino_acid,1.0,0.2717391304347826
free_amino_acid,1.0,0.2727272727272727
free_amino_acid,1.0,0.2737226277372263
free_amino_acid,1.0,0.27472527472527475
free_amino_acid,1.0,0.2757352941176471
free_amino_acid,1.0,0.2767527675276753
free_amino_acid,1.0,0.2777777777777778
free_amino_acid,1.0,0.2788104089219331
free_amino_acid,1.0,0.2798507462686567
free_amino_acid,1.0,0.2808988764044944
free_amino_acid,1.0,0.2819548872180451
free_amino_acid,1.0,0.2830188679245283
free_amino_acid,1.0,0.2840909090909091
free_amino_acid,1.0,0.28517110266159695
free_amino_acid,1.0,0.2862595419847328
free_amino_acid,1.0,0.28735632183908044
free_amino_acid,1.0,0.28846153846153844
free_amino_acid,1.0,0.28957528957528955
free_amino_acid,1.0,0.29069767441860467
free_amino_acid,1.0,0.2918287937743191
free_amino_acid,1.0,0.29296875
free_amino_acid,1.0,0.29411764705882354
free_amino_acid,1.0,0.2952755905511811
free_amino_acid,1.0,0.2964426877470356
free_amino_acid,1.0,0.2976190476190476
free_amino_acid,1.0,0.29880478087649404
free_amino_acid,1.0,0.3
free_amino_acid,1.0,0.30120481927710846
free_amino_acid,1.0,0.3024193548387097
free_amino_acid,1.0,0.30364372469635625
free_amino_acid,1.0,0.3048780487804878
free_amino_acid,1.0,0.30612244897959184
free_amino_acid,1.0,0.3073770491803279
free_amino_acid,1.0,0.30864197530864196
free_amino_acid,1.0,0.30991735537190085
free_amino_acid,1.0,0.3112033195020747
free_amino_acid,1.0,0.3125
free_amino_acid,1.0,0.3138075313807531
free_amino_acid,1.0,0.31512605042016806
free_amino_acid,1.0,0.31645569620253167
free_amino_acid,1.0,0.3177966101694915
free_amino_acid,1.0,0.3191489361702128
free_amino_acid,1.0,0.32051282051282054
free_amino_acid,1.0,0.3218884120171674
free_amino_acid,1.0,0.3232758620689655
free_amino_acid,1.0,0.3246753246753247
free_amino_acid,1.0,0.32608695652173914
free_amino_acid,1.0,0.32751091703056767
free_amino_acid,1.0,0.32894736842105265
free_amino_acid,1.0,0.3303964757709251
free_amino_acid,1.0,0.33185840707964603
free_amino_acid,1.0,0.3333333333333333
free_amino_acid,1.0,0.33482142857142855
free_amino_acid,1.0,0.336322869955157
free_amino_acid,1.0,0.33783783783783783
free_amino_acid,1.0,0.3393665158371041
free_amino_acid,1.0,0.3409090909090909
free_amino_acid,1.0,0.3424657534246575
free_amino_acid,1.0,0.3440366972477064
free_amino_acid,1.0,0.3456221198156682
free_amino_acid,1.0,0.3472222222222222
free_amino_acid,1.0,0.3488372093023256
free_amino_acid,1.0,0.35046728971962615
free_amino_acid,1.0,0.352112676056338
free_amino_acid,1.0,0.35377358490566035
free_amino_acid,1.0,0.35545023696682465
free_amino_acid,1.0,0.35714285714285715
free_amino_acid,1.0,0.3588516746411483
free_amino_acid,1.0,0.3605769230769231
free_amino_acid,1.0,0.36231884057971014
free_amino_acid,1.0,0.3640776699029126
free_amino_acid,1.0,0.36585365853658536
free_amino_acid,1.0,0.36764705882352944
free_amino_acid,1.0,0.3694581280788177
free_amino_acid,1.0,0.3712871287128713
free_amino_acid,1.0,0.373134328358209
free_amino_acid,1.0,0.375
free_amino_acid,1.0,0.3768844221105528
free_amino_acid,1.0,0.3787878787878788
free_amino_acid,1.0,0.38071065989847713
free_amino_acid,1.0,0.3826530612244898
free_amino_acid,1.0,0.38461538461538464
free_amino_acid,1.0,0.3865979381443299
free_amino_acid,1.0,0.38860103626943004
free_amino_acid,1.0,0.390625
free_amino_acid,1.0,0.39267015706806285
free_amino_acid,1.0,0.39473684210526316
free_amino_acid,1.0,0.3968253968253968
free_amino_acid,1.0,0.39893617021276595
free_amino_acid,1.0,0.40106951871657753
free_amino_acid,1.0,0.4032258064516129
free_amino_acid,1.0,0.40540540540540543
free_amino_acid,1.0,0.4076086956521739
free_amino_acid,1.0,0.4098360655737705
free_amino_acid,1.0,0.41208791208791207
free_amino_acid,1.0,0.4143646408839779
free_amino_acid,1.0,0.4166666666666667
free_amino_acid,1.0,0.41899441340782123
free_amino_acid,1.0,0.42134831460674155
free_amino_acid,1.0,0.423728813559322
free_amino_acid,1.0,0.42613636363636365
free_amino_acid,1.0,0.42857142857142855
free_amino_acid,1.0,0.43103448275862066
free_amino_acid,1.0,0.43352601156069365
free_amino_acid,1.0,0.436046511627907
free_amino_acid,1.0,0.43859649122807015
free_amino_acid,1.0,0.4411764705882353
free_amino_acid,1.0,0.4437869822485207
free_amino_acid,1.0,0.44642857142857145
free_amino_acid,1.0,0.4491017964071856
free_amino_acid,1.0,0.45180722891566266
free_amino_acid,1.0,0.45454545454545453
free_amino_acid,1.0,0.4573170731707317
free_amino_acid,1.0,0.4601226993865031
free_amino_acid,1.0,0.46296296296296297
free_amino_acid,1.0,0.4658385093167702
free_amino_acid,1.0,0.46875
free_amino_acid,1.0,0.4716981132075472
free_amino_acid,1.0,0.47468354430379744
free_amino_acid,1.0,0.47770700636942676
free_amino_acid,1.0,0.4807692307692308
free_amino_acid,1.0,0.4838709677419355
free_amino_acid,1.0,0.487012987012987
free_amino_acid,1.0,0.49019607843137253
free_amino_acid,1.0,0.4934210526315789
free_amino_acid,1.0,0.4966887417218543
free_amino_acid,1.0,0.5
free_amino_acid,1.0,0.5033557046979866
free_amino_acid,1.0,0.5067567567567568
free_amino_acid,1.0,0.5102040816326531
free_amino_acid,1.0,0.5136986301369864
free_amino_acid,1.0,0.5172413793103449
free_amino_acid,1.0,0.5208333333333334
free_amino_acid,1.0,0.5244755244755245
free_amino_acid,1.0,0.528169014084507
free_amino_acid,1.0,0.5319148936170213
free_amino_acid,1.0,0.5357142857142857
free_amino_acid,1.0,0.539568345323741
free_amino_acid,1.0,0.5434782608695652
free_amino_acid,1.0,0.5474452554744526
free_amino_acid,1.0,0.5514705882352942
free_amino_acid,1.0,0.5555555555555556
free_amino_acid,1.0,0.5597014925373134
free_amino_acid,1.0,0.5639097744360902
free_amino_acid,1.0,0.5681818181818182
free_amino_acid,1.0,0.5725190839694656
free_amino_acid,1.0,0.5769230769230769
free_amino_acid,1.0,0.5813953488372093
free_amino_acid,1.0,0.5859375
free_amino_acid,1.0,0.5905511811023622
free_amino_acid,1.0,0.5952380952380952
free_amino_acid,1.0,0.6
free_amino_acid,1.0,0.6048387096774194
free_amino_acid,1.0,0.6097560975609756
free_amino_acid,1.0,0.6147540983606558
free_amino_acid,1.0,0.6198347107438017
free_amino_acid,1.0,0.625
free_amino_acid,1.0,0.6302521008403361
free_amino_acid,1.0,0.635593220338983
free_amino_acid,1.0,0.6410256410256411
free_amino_acid,1.0,0.646551724137931
free_amino_acid,1.0,0.6521739130434783
free_amino_acid,1.0,0.6578947368421053
free_amino_acid,1.0,0.6637168141592921
free_amino_acid,1.0,0.6696428571428571
free_amino_acid,1.0,0.6756756756756757
free_amino_acid,1.0,0.6818181818181818
free_amino_acid,1.0,0.6880733944954128
free_amino_acid,1.0,0.6944444444444444
free_amino_acid,1.0,0.7009345794392523
free_amino_acid,1.0,0.7075471698113207
free_amino_acid,1.0,0.7142857142857143
free_amino_acid,1.0,0.7211538461538461
free_amino_acid,1.0,0.7281553398058253
free_amino_acid,1.0,0.7352941176470589
free_amino_acid,1.0,0.7425742574257426
free_amino_acid,1.0,0.75
free_amino_acid,1.0,0.7575757575757576
free_amino_acid,1.0,0.7653061224489796
free_amino_acid,1.0,0.7731958762886598
free_amino_acid,1.0,0.78125
free_amino_acid,1.0,0.7894736842105263
free_amino_acid,1.0,0.7978723404255319
free_amino_acid,1.0,0.8064516129032258
free_amino_acid,1.0,0.8152173913043478
free_amino_acid,1.0,0.8241758241758241
free_amino_acid,1.0,0.8333333333333334
free_amino_acid,1.0,0.8426966292134831
free_amino_acid,1.0,0.8522727272727273
free_amino_acid,1.0,0.8620689655172413
free_amino_acid,1.0,0.872093023255814
free_amino_acid,1.0,0.8823529411764706
free_amino_acid,1.0,0.8928571428571429
free_amino_acid,1.0,0.9036144578313253
free_amino_acid,1.0,0.9146341463414634
free_amino_acid,1.0,0.9259259259259259
free_amino_acid,1.0,0.9375
free_amino_acid,0.9866666666666667,0.9367088607594937
free_amino_acid,0.9866666666666667,0.9487179487179487
free_amino_acid,0.9733333333333334,0.948051948051948
free_amino_acid,0.96,0.9473684210526315
free_amino_acid,0.9466666666666667,0.9466666666666667
free_amino_acid,0.9333333333333333,0.9459459459459459
free_amino_acid,0.92,0.9452054794520548
free_amino_acid,0.9066666666666666,0.9444444444444444
free_amino_acid,0.8933333333333333,0.9436619718309859
free_amino_acid,0.88,0.9428571428571428
free_amino_acid,0.8666666666666667,0.9420289855072463
free_amino_acid,0.8533333333333334,0.9411764705882353
free_amino_acid,0.8533333333333334,0.9552238805970149
free_amino_acid,0.84,0.9545454545454546
free_amino_acid,0.8266666666666667,0.9538461538461539
free_amino_acid,0.8133333333333334,0.953125
free_amino_acid,0.8133333333333334,0.9682539682539683
free_amino_acid,0.8133333333333334,0.9838709677419355
free_amino_acid,0.8,0.9836065573770492
free_amino_acid,0.7866666666666666,0.9833333333333333
free_amino_acid,0.7733333333333333,0.9830508474576272
free_amino_acid,0.76,0.9827586206896551
free_amino_acid,0.7466666666666667,0.9824561403508771
free_amino_acid,0.7333333333333333,0.9821428571428571
free_amino_acid,0.72,0.9818181818181818
free_amino_acid,0.7066666666666667,0.9814814814814815
free_amino_acid,0.6933333333333334,0.9811320754716981
free_amino_acid,0.68,0.9807692307692307
free_amino_acid,0.6666666666666666,0.9803921568627451
free_amino_acid,0.6533333333333333,0.98
free_amino_acid,0.64,0.9795918367346939
free_amino_acid,0.64,1.0
free_amino_acid,0.6266666666666667,1.0
free_amino_acid,0.6133333333333333,1.0
free_amino_acid,0.6,1.0
free_amino_acid,0.5866666666666667,1.0
free_amino_acid,0.5733333333333334,1.0
free_amino_acid,0.56,1.0
free_amino_acid,0.5466666666666666,1.0
free_amino_acid,0.5333333333333333,1.0
free_amino_acid,0.52,1.0
free_amino_acid,0.5066666666666667,1.0
free_amino_acid,0.49333333333333335,1.0
free_amino_acid,0.48,1.0
free_amino_acid,0.4666666666666667,1.0
free_amino_acid,0.4533333333333333,1.0
free_amino_acid,0.44,1.0
free_amino_acid,0.4266666666666667,1.0
free_amino_acid,0.41333333333333333,1.0
free_amino_acid,0.4,1.0
free_amino_acid,0.38666666666666666,1.0
free_amino_acid,0.37333333333333335,1.0
free_amino_acid,0.36,1.0
free_amino_acid,0.3466666666666667,1.0
free_amino_acid,0.3333333333333333,1.0
free_amino_acid,0.32,1.0
free_amino_acid,0.30666666666666664,1.0
free_amino_acid,0.29333333333333333,1.0
free_amino_acid,0.28,1.0
free_amino_acid,0.26666666666666666,1.0
free_amino_acid,0.25333333333333335,1.0
free_amino_acid,0.24,1.0
free_amino_acid,0.22666666666666666,1.0
free_amino_acid,0.21333333333333335,1.0
free_amino_acid,0.2,1.0
free_amino_acid,0.18666666666666668,1.0
free_amino_acid,0.17333333333333334,1.0
free_amino_acid,0.16,1.0
free_amino_acid,0.14666666666666667,1.0
free_amino_acid,0.13333333333333333,1.0
free_amino_acid,0.12,1.0
free_amino_acid,0.10666666666666667,1.0
free_amino_acid,0.09333333333333334,1.0
free_amino_acid,0.08,1.0
free_amino_acid,0.06666666666666667,1.0
free_amino_acid,0.05333333333333334,1.0
free_amino_acid,0.04,1.0
free_amino_acid,0.02666666666666667,1.0
free_amino_acid,0.013333333333333334,1.0
free_amino_acid,0.0,1.0
mono_oligosaccharide,1.0,0.11466666666666667
mono_oligosaccharide,1.0,0.11497326203208556
mono_oligosaccharide,1.0,0.11528150134048257
mono_oligosaccharide,1.0,0.11559139784946236
mono_oligosaccharide,1.0,0.11590296495956873
mono_oligosaccharide,1.0,0.11621621621621622
mono_oligosaccharide,1.0,0.11653116531165311
mono_oligosaccharide,1.0,0.11684782608695653
mono_oligosaccharide,1.0,0.11716621253405994
mono_oligosaccharide,1.0,0.11748633879781421
mono_oligosaccharide,1.0,0.1178082191780822
mono_oligosaccharide,1.0,0.11813186813186813
mono_oligosaccharide,1.0,0.1184573002754821
mono_oligosaccharide,1.0,0.11878453038674033
mono_oligosaccharide,1.0,0.11911357340720222
mono_oligosaccharide,1.0,0.11944444444444445
mono_oligosaccharide,1.0,0.11977715877437325
mono_oligosaccharide,1.0,0.12011173184357542
mono_oligosaccharide,1.0,0.12044817927170869
mono_oligosaccharide,1.0,0.12078651685393259
mono_oligosaccharide,1.0,0.12112676056338029
mono_oligosaccharide,1.0,0.12146892655367232
mono_oligosaccharide,1.0,0.12181303116147309
mono_oligosaccharide,1.0,0.12215909090909091
mono_oligosaccharide,1.0,0.1225071225071225
mono_oligosaccharide,1.0,0.12285714285714286
mono_oligosaccharide,1.0,0.12320916905444126
mono_oligosaccharide,1.0,0.1235632183908046
mono_oligosaccharide,1.0,0.1239193083573487
mono_oligosaccharide,1.0,0.12427745664739884
mono_oligosaccharide,1.0,0.1246376811594203
mono_oligosaccharide,1.0,0.125
mono_oligosaccharide,1.0,0.12536443148688048
mono_oligosaccharide,1.0,0.12573099415204678
mono_oligosaccharide,1.0,0.12609970674486803
mono_oligosaccharide,1.0,0.1264705882352941
mono_oligosaccharide,1.0,0.12684365781710916
mono_oligosaccharide,1.0,0.12721893491124261
mono_oligosaccharide,1.0,0.12759643916913946
mono_oligosaccharide,1.0,0.12797619047619047
mono_oligosaccharide,1.0,0.12835820895522387
mono_oligosaccharide,1.0,0.12874251497005987
mono_oligosaccharide,1.0,0.12912912912912913
mono_oligosaccharide,1.0,0.12951807228915663
mono_oligosaccharide,1.0,0.1299093655589124
mono_oligosaccharide,1.0,0.1303030303030303
mono_oligosaccharide,1.0,0.13069908814589665
mono_oligosaccharide,1.0,0.13109756097560976
mono_oligosaccharide,1.0,0.13149847094801223
mono_oligosaccharide,1.0,0.13190184049079753
mono_oligosaccharide,1.0,0.13230769230769232
mono_oligosaccharide,1.0,0.13271604938271606
mono_oligosaccharide,1.0,0.13312693498452013
mono_oligosaccharide,1.0,0.13354037267080746
mono_oligosaccharide,1.0,0.13395638629283488
mono_oligosaccharide,1.0,0.134375
mono_oligosaccharide,1.0,0.13479623824451412
mono_oligosaccharide,1.0,0.13522012578616352
mono_oligosaccharide,1.0,0.13564668769716087
mono_oligosaccharide,1.0,0.1360759493670886
mono_oligosaccharide,1.0,0.1365079365079365
mono_oligosaccharide,1.0,0.13694267515923567
mono_oligosaccharide,1.0,0.13738019169329074
mono_oligosaccharide,1.0,0.13782051282051283
mono_oligosaccharide,1.0,0.1382636655948553
mono_oligosaccharide,1.0,0.13870967741935483
mono_oligosaccharide,1.0,0.13915857605177995
mono_oligosaccharide,1.0,0.1396103896103896
mono_oligosaccharide,1.0,0.14006514657980457
mono_oligosaccharide,1.0,0.14052287581699346
mono_oligosaccharide,1.0,0.14098360655737704
mono_oligosaccharide,1.0,0.14144736842105263
mono_oligosaccharide,1.0,0.1419141914191419
mono_oligosaccharide,1.0,0.1423841059602649
mono_oligosaccharide,1.0,0.14285714285714285
mono_oligosaccharide,1.0,0.14333333333333334
mono_oligosaccharide,1.0,0.14381270903010032
mono_oligosaccharide,1.0,0.14429530201342283
mono_oligosaccharide,1.0,0.1447811447811448
mono_oligosaccharide,1.0,0.14527027027027026
mono_oligosaccharide,1.0,0.14576271186440679
mono_oligosaccharide,1.0,0.14625850340136054
mono_oligosaccharide,1.0,0.14675767918088736
mono_oligosaccharide,1.0,0.14726027397260275
mono_oligosaccharide,1.0,0.14776632302405499
mono_oligosaccharide,1.0,0.1482758620689655
mono_oligosaccharide,1.0,0.14878892733564014
mono_oligosaccharide,1.0,0.14930555555555555
mono_oligosaccharide,1.0,0.14982578397212543
mono_oligosaccharide,1.0,0.15034965034965034
mono_oligosaccharide,1.0,0.15087719298245614
mono_oligosaccharide,1.0,0.15140845070422534
mono_oligosaccharide,1.0,0.1519434628975265
mono_oligosaccharide,1.0,0.1524822695035461
mono_oligosaccharide,1.0,0.15302491103202848
mono_oligosaccharide,1.0,0.15357142857142858
mono_oligosaccharide,1.0,0.15412186379928317
mono_oligosaccharide,1.0,0.15467625899280577
mono_oligosaccharide,1.0,0.1552346570397112
mono_oligosaccharide,1.0,0.15579710144927536
mono_oligosaccharide,1.0,0.15636363636363637
mono_oligosaccharide,1.0,0.15693430656934307
mono_oligosaccharide,1.0,0.1575091575091575
mono_oligosaccharide,1.0,0.15808823529411764
mono_oligosaccharide,1.0,0.15867158671586715
mono_oligosaccharide,1.0,0.15925925925925927
mono_oligosaccharide,1.0,0.15985130111524162
mono_oligosaccharide,1.0,0.16044776119402984
mono_oligosaccharide,1.0,0.16104868913857678
mono_oligosaccharide,1.0,0.16165413533834586
mono_oligosaccharide,1.0,0.16226415094339622
mono_oligosaccharide,1.0,0.16287878787878787
mono_oligosaccharide,1.0,0.1634980988593156
mono_oligosaccharide,1.0,0.16412213740458015
mono_oligosaccharide,1.0,0.16475095785440613
mono_oligosaccharide,1.0,0.16538461538461538
mono_oligosaccharide,1.0,0.16602316602316602
mono_oligosaccharide,1.0,0.16666666666666666
mono_oligosaccharide,1.0,0.16731517509727625
mono_oligosaccharide,1.0,0.16796875
mono_oligosaccharide,1.0,0.16862745098039217
mono_oligosaccharide,1.0,0.16929133858267717
mono_oligosaccharide,1.0,0.16996047430830039
mono_oligosaccharide,1.0,0.17063492063492064
mono_oligosaccharide,1.0,0.17131474103585656
mono_oligosaccharide,1.0,0.172
mono_oligosaccharide,1.0,0.17269076305220885
mono_oligosaccharide,1.0,0.17338709677419356
mono_oligosaccharide,1.0,0.17408906882591094
mono_oligosaccharide,1.0,0.17479674796747968
mono_oligosaccharide,1.0,0.17551020408163265
mono_oligosaccharide,1.0,0.1762295081967213
mono_oligosaccharide,1.0,0.17695473251028807
mono_oligosaccharide,1.0,0.17768595041322313
mono_oligosaccharide,1.0,0.17842323651452283
mono_oligosaccharide,1.0,0.17916666666666667
mono_oligosaccharide,1.0,0.1799163179916318
mono_oligosaccharide,1.0,0.18067226890756302
mono_oligosaccharide,1.0,0.18143459915611815
mono_oligosaccharide,1.0,0.18220338983050846
mono_oligosaccharide,1.0,0.1829787234042553
mono_oligosaccharide,1.0,0.18376068376068377
mono_oligosaccharide,1.0,0.18454935622317598
mono_oligosaccharide,1.0,0.1853448275862069
mono_oligosaccharide,1.0,0.18614718614718614
mono_oligosaccharide,1.0,0.18695652173913044
mono_oligosaccharide,1.0,0.18777292576419213
mono_oligosaccharide,1.0,0.18859649122807018
mono_oligosaccharide,1.0,0.1894273127753304
mono_oligosaccharide,1.0,0.1902654867256637
mono_oligosaccharide,1.0,0.19111111111111112
mono_oligosaccharide,1.0,0.19196428571428573
mono_oligosaccharide,1.0,0.19282511210762332
mono_oligosaccharide,1.0,0.19369369369369369
mono_oligosaccharide,1.0,0.19457013574660634
mono_oligosaccharide,1.0,0.19545454545454546
mono_oligosaccharide,1.0,0.1963470319634703
mono_oligosaccharide,1.0,0.19724770642201836
mono_oligosaccharide,1.0,0.19815668202764977
mono_oligosaccharide,1.0,0.19907407407407407
mono_oligosaccharide,1.0,0.2
mono_oligosaccharide,1.0,0.20093457943925233
mono_oligosaccharide,1.0,0.20187793427230047
mono_oligosaccharide,1.0,0.2028301886792453
mono_oligosaccharide,1.0,0.2037914691943128
mono_oligosaccharide,1.0,0.20476190476190476
mono_oligosaccharide,1.0,0.20574162679425836
mono_oligosaccharide,1.0,0.20673076923076922
mono_oligosaccharide,1.0,0.20772946859903382
mono_oligosaccharide,1.0,0.2087378640776699
mono_oligosaccharide,1.0,0.2097560975609756
mono_oligosaccharide,1.0,0.2107843137254902
mono_oligosaccharide,1.0,0.21182266009852216
mono_oligosaccharide,1.0,0.21287128712871287
mono_oligosaccharide,1.0,0.21393034825870647
mono_oligosaccharide,1.0,0.215
mono_oligosaccharide,1.0,0.21608040201005024
mono_oligosaccharide,1.0,0.21717171717171718
mono_oligosaccharide,1.0,0.2182741116751269
mono_oligosaccharide,1.0,0.2193877551020408
mono_oligosaccharide,1.0,0.2205128205128205
mono_oligosaccharide,1.0,0.22164948453608246
mono_oligosaccharide,1.0,0.22279792746113988
mono_oligosaccharide,1.0,0.22395833333333334
mono_oligosaccharide,1.0,0.225130890052356
mono_oligosaccharide,1.0,0.22631578947368422
mono_oligosaccharide,1.0,0.2275132275132275
mono_oligosaccharide,1.0,0.22872340425531915
mono_oligosaccharide,1.0,0.22994652406417113
mono_oligosaccharide,1.0,0.23118279569892472
mono_oligosaccharide,1.0,0.23243243243243245
mono_oligosaccharide,1.0,0.23369565217391305
mono_oligosaccharide,1.0,0.23497267759562843
mono_oligosaccharide,1.0,0.23626373626373626
mono_oligosaccharide,1.0,0.23756906077348067
mono_oligosaccharide,1.0,0.2388888888888889
mono_oligosaccharide,1.0,0.24022346368715083
mono_oligosaccharide,1.0,0.24157303370786518
mono_oligosaccharide,1.0,0.24293785310734464
mono_oligosaccharide,1.0,0.24431818181818182
mono_oligosaccharide,1.0,0.24571428571428572
mono_oligosaccharide,1.0,0.2471264367816092
mono_oligosaccharide,1.0,0.24855491329479767
mono_oligosaccharide,1.0,0.25
mono_oligosaccharide,1.0,0.25146198830409355
mono_oligosaccharide,1.0,0.2529411764705882
mono_oligosaccharide,1.0,0.25443786982248523
mono_oligosaccharide,1.0,0.25595238095238093
mono_oligosaccharide,1.0,0.25748502994011974
mono_oligosaccharide,1.0,0.25903614457831325
mono_oligosaccharide,1.0,0.2606060606060606
mono_oligosaccharide,1.0,0.2621951219512195
mono_oligosaccharide,1.0,0.26380368098159507
mono_oligosaccharide,1.0,0.2654320987654321
mono_oligosaccharide,1.0,0.2670807453416149
mono_oligosaccharide,1.0,0.26875
mono_oligosaccharide,1.0,0.27044025157232704
mono_oligosaccharide,1.0,0.2721518987341772
mono_oligosaccharide,1.0,0.27388535031847133
mono_oligosaccharide,1.0,0.27564102564102566
mono_oligosaccharide,1.0,0.27741935483870966
mono_oligosaccharide,1.0,0.2792207792207792
mono_oligosaccharide,1.0,0.28104575163398693
mono_oligosaccharide,1.0,0.28289473684210525
mono_oligosaccharide,1.0,0.2847682119205298
mono_oligosaccharide,1.0,0.2866666666666667
mono_oligosaccharide,1.0,0.28859060402684567
mono_oligosaccharide,1.0,0.2905405405405405
mono_oligosaccharide,1.0,0.2925170068027211
mono_oligosaccharide,1.0,0.2945205479452055
mono_oligosaccharide,1.0,0.296551724137931
mono_oligosaccharide,1.0,0.2986111111111111
mono_oligosaccharide,1.0,0.3006993006993007
mono_oligosaccharide,1.0,0.3028169014084507
mono_oligosaccharide,1.0,0.3049645390070922
mono_oligosaccharide,1.0,0.30714285714285716
mono_oligosaccharide,1.0,0.30935251798561153
mono_oligosaccharide,1.0,0.3115942028985507
mono_oligosaccharide,1.0,0.31386861313868614
mono_oligosaccharide,1.0,0.3161764705882353
mono_oligosaccharide,1.0,0.31851851851851853
mono_oligosaccharide,1.0,0.3208955223880597
mono_oligosaccharide,1.0,0.3233082706766917
mono_oligosaccharide,1.0,0.32575757575757575
mono_oligosaccharide,1.0,0.3282442748091603
mono_oligosaccharide,1.0,0.33076923076923076
mono_oligosaccharide,1.0,0.3333333333333333
mono_oligosaccharide,1.0,0.3359375
mono_oligosaccharide,1.0,0.33858267716535434
mono_oligosaccharide,1.0,0.3412698412698413
mono_oligosaccharide,1.0,0.344
mono_oligosaccharide,1.0,0.3467741935483871
mono_oligosaccharide,1.0,0.34959349593495936
mono_oligosaccharide,1.0,0.3524590163934426
mono_oligosaccharide,1.0,0.35537190082644626
mono_oligosaccharide,1.0,0.35833333333333334
mono_oligosaccharide,1.0,0.36134453781512604
mono_oligosaccharide,1.0,0.3644067796610169
mono_oligosaccharide,1.0,0.36752136752136755
mono_oligosaccharide,1.0,0.3706896551724138
mono_oligosaccharide,1.0,0.3739130434782609
mono_oligosaccharide,1.0,0.37719298245614036
mono_oligosaccharide,1.0,0.3805309734513274
mono_oligosaccharide,1.0,0.38392857142857145
mono_oligosaccharide,1.0,0.38738738738738737
mono_oligosaccharide,1.0,0.39090909090909093
mono_oligosaccharide,1.0,0.3944954128440367
mono_oligosaccharide,1.0,0.39814814814814814
mono_oligosaccharide,1.0,0.40186915887850466
mono_oligosaccharide,1.0,0.4056603773584906
mono_oligosaccharide,1.0,0.4095238095238095
mono_oligosaccharide,1.0,0.41346153846153844
mono_oligosaccharide,1.0,0.4174757281553398
mono_oligosaccharide,1.0,0.4215686274509804
mono_oligosaccharide,1.0,0.42574257425742573
mono_oligosaccharide,1.0,0.43
mono_oligosaccharide,1.0,0.43434343434343436
mono_oligosaccharide,1.0,0.4387755102040816
mono_oligosaccharide,1.0,0.44329896907216493
mono_oligosaccharide,1.0,0.4479166666666667
mono_oligosaccharide,1.0,0.45263157894736844
mono_oligosaccharide,1.0,0.4574468085106383
mono_oligosaccharide,1.0,0.46236559139784944
mono_oligosaccharide,1.0,0.4673913043478261
mono_oligosaccharide,1.0,0.4725274725274725
mono_oligosaccharide,1.0,0.4777777777777778
mono_oligosaccharide,1.0,0.48314606741573035
mono_oligosaccharide,1.0,0.48863636363636365
mono_oligosaccharide,1.0,0.4942528735632184
mono_oligosaccharide,1.0,0.5
mono_oligosaccharide,1.0,0.5058823529411764
mono_oligosaccharide,1.0,0.5119047619047619
mono_oligosaccharide,1.0,0.5180722891566265
mono_oligosaccharide,1.0,0.524390243902439
mono_oligosaccharide,1.0,0.5308641975308642
mono_oligosaccharide,1.0,0.5375
mono_oligosaccharide,1.0,0.5443037974683544
mono_oligosaccharide,1.0,0.5512820512820513
mono_oligosaccharide,1.0,0.5584415584415584
mono_oligosaccharide,1.0,0.5657894736842105
mono_oligosaccharide,1.0,0.5733333333333334
mono_oligosaccharide,1.0,0.581081081081081
mono_oligosaccharide,1.0,0.589041095890411
mono_oligosaccharide,1.0,0.5972222222222222
mono_oligosaccharide,1.0,0.6056338028169014
mono_oligosaccharide,1.0,0.6142857142857143
mono_oligosaccharide,1.0,0.6231884057971014
mono_oligosaccharide,1.0,0.6323529411764706
mono_oligosaccharide,1.0,0.6417910447761194
mono_oligosaccharide,1.0,0.6515151515151515
mono_oligosaccharide,1.0,0.6615384615384615
mono_oligosaccharide,1.0,0.671875
mono_oligosaccharide,1.0,0.6825396825396826
mono_oligosaccharide,1.0,0.6935483870967742
mono_oligosaccharide,1.0,0.7049180327868853
mono_oligosaccharide,1.0,0.7166666666666667
mono_oligosaccharide,1.0,0.7288135593220338
mono_oligosaccharide,1.0,0.7413793103448276
mono_oligosaccharide,1.0,0.7543859649122807
mono_oligosaccharide,1.0,0.7678571428571429
mono_oligosaccharide,1.0,0.7818181818181819
mono_oligosaccharide,1.0,0.7962962962962963
mono_oligosaccharide,1.0,0.8113207547169812
mono_oligosaccharide,1.0,0.8269230769230769
mono_oligosaccharide,1.0,0.8431372549019608
mono_oligosaccharide,1.0,0.86
mono_oligosaccharide,1.0,0.8775510204081632
mono_oligosaccharide,1.0,0.8958333333333334
mono_oligosaccharide,1.0,0.9148936170212766
mono_oligosaccharide,1.0,0.9347826086956522
mono_oligosaccharide,0.9767441860465116,0.9333333333333333
mono_oligosaccharide,0.9534883720930233,0.9318181818181818
mono_oligosaccharide,0.9302325581395349,0.9302325581395349
mono_oligosaccharide,0.9069767441860465,0.9285714285714286
mono_oligosaccharide,0.8837209302325582,0.926829268292683
mono_oligosaccharide,0.8604651162790697,0.925
mono_oligosaccharide,0.8604651162790697,0.9487179487179487
mono_oligosaccharide,0.8604651162790697,0.9736842105263158
mono_oligosaccharide,0.8604651162790697,1.0
mono_oligosaccharide,0.8372093023255814,1.0
mono_oligosaccharide,0.813953488372093,1.0
mono_oligosaccharide,0.7906976744186046,1.0
mono_oligosaccharide,0.7674418604651163,1.0
mono_oligosaccharide,0.7441860465116279,1.0
mono_oligosaccharide,0.7209302325581395,1.0
mono_oligosaccharide,0.6976744186046512,1.0
mono_oligosaccharide,0.6744186046511628,1.0
mono_oligosaccharide,0.6511627906976745,1.0
mono_oligosaccharide,0.627906976744186,1.0
mono_oligosaccharide,0.6046511627906976,1.0
mono_oligosaccharide,0.5813953488372093,1.0
mono_oligosaccharide,0.5581395348837209,1.0
mono_oligosaccharide,0.5348837209302325,1.0
mono_oligosaccharide,0.5116279069767442,1.0
mono_oligosaccharide,0.4883720930232558,1.0
mono_oligosaccharide,0.46511627906976744,1.0
mono_oligosaccharide,0.4418604651162791,1.0
mono_oligosaccharide,0.4186046511627907,1.0
mono_oligosaccharide,0.3953488372093023,1.0
mono_oligosaccharide,0.37209302325581395,1.0
mono_oligosaccharide,0.3488372093023256,1.0
mono_oligosaccharide,0.32558139534883723,1.0
mono_oligosaccharide,0.3023255813953488,1.0
mono_oligosaccharide,0.27906976744186046,1.0
mono_oligosaccharide,0.2558139534883721,1.0
mono_oligosaccharide,0.23255813953488372,1.0
mono_oligosaccharide,0.20930232558139536,1.0
mono_oligosaccharide,0.18604651162790697,1.0
mono_oligosaccharide,0.16279069767441862,1.0
mono_oligosaccharide,0.13953488372093023,1.0
mono_oligosaccharide,0.11627906976744186,1.0
mono_oligosaccharide,0.09302325581395349,1.0
mono_oligosaccharide,0.06976744186046512,1.0
mono_oligosaccharide,0.046511627906976744,1.0
mono_oligosaccharide,0.023255813953488372,1.0
mono_oligosaccharide,0.0,1.0
nucleic_acid_polymer,1.0,0.008
nucleic_acid_polymer,1.0,0.00804289544235925
nucleic_acid_polymer,1.0,0.008064516129032258
nucleic_acid_polymer,1.0,0.008086253369272238
nucleic_acid_polymer,1.0,0.008108108108108109
nucleic_acid_polymer,1.0,0.008130081300813009
nucleic_acid_polymer,1.0,0.008152173913043478
nucleic_acid_polymer,1.0,0.008174386920980926
nucleic_acid_polymer,1.0,0.00819672131147541
nucleic_acid_polymer,1.0,0.00821917808219178
nucleic_acid_polymer,1.0,0.008241758241758242
nucleic_acid_polymer,1.0,0.008264462809917356
nucleic_acid_polymer,1.0,0.008287292817679558
nucleic_acid_polymer,1.0,0.008310249307479225
nucleic_acid_polymer,1.0,0.008333333333333333
nucleic_acid_polymer,1.0,0.008356545961002786
nucleic_acid_polymer,1.0,0.008379888268156424
nucleic_acid_polymer,1.0,0.008403361344537815
nucleic_acid_polymer,1.0,0.008426966292134831
nucleic_acid_polymer,1.0,0.008450704225352112
nucleic_acid_polymer,1.0,0.00847457627118644
nucleic_acid_polymer,1.0,0.0084985835694051
nucleic_acid_polymer,1.0,0.008522727272727272
nucleic_acid_polymer,1.0,0.008547008547008548
nucleic_acid_polymer,1.0,0.008571428571428572
nucleic_acid_polymer,1.0,0.008595988538681949
nucleic_acid_polymer,1.0,0.008620689655172414
nucleic_acid_polymer,1.0,0.008645533141210375
nucleic_acid_polymer,1.0,0.008670520231213872
nucleic_acid_polymer,1.0,0.008695652173913044
nucleic_acid_polymer,1.0,0.00872093023255814
nucleic_acid_polymer,1.0,0.008746355685131196
nucleic_acid_polymer,1.0,0.008771929824561403
nucleic_acid_polymer,1.0,0.008797653958944282
nucleic_acid_polymer,1.0,0.008823529411764706
nucleic_acid_polymer,1.0,0.008849557522123894
nucleic_acid_polymer,1.0,0.008875739644970414
nucleic_acid_polymer,1.0,0.008902077151335312
nucleic_acid_polymer,1.0,0.008928571428571428
nucleic_acid_polymer,1.0,0.008955223880597015
nucleic_acid_polymer,1.0,0.008982035928143712
nucleic_acid_polymer,1.0,0.009009009009009009
nucleic_acid_polymer,1.0,0.009036144578313253
nucleic_acid_polymer,1.0,0.00906344410876133
nucleic_acid_polymer,1.0,0.00909090909090909
nucleic_acid_polymer,1.0,0.00911854103343465
nucleic_acid_polymer,1.0,0.009146341463414634
nucleic_acid_polymer,1.0,0.009174311926605505
nucleic_acid_polymer,1.0,0.009202453987730062
nucleic_acid_polymer,1.0,0.009230769230769232
nucleic_acid_polymer,1.0,0.009259259259259259
nucleic_acid_polymer,1.0,0.009287925696594427
nucleic_acid_polymer,1.0,0.009316770186335404
nucleic_acid_polymer,1.0,0.009345794392523364
nucleic_acid_polymer,1.0,0.009375
nucleic_acid_polymer,1.0,0.009404388714733543
nucleic_acid_polymer,1.0,0.009433962264150943
nucleic_acid_polymer,1.0,0.00946372239747634
nucleic_acid_polymer,1.0,0.00949367088607595
nucleic_acid_polymer,1.0,0.009523809523809525
nucleic_acid_polymer,1.0,0.009554140127388535
nucleic_acid_polymer,1.0,0.009584664536741214
nucleic_acid_polymer,1.0,0.009615384615384616
nucleic_acid_polymer,1.0,0.00964630225080386
nucleic_acid_polymer,1.0,0.00967741935483871
nucleic_acid_polymer,1.0,0.009708737864077669
nucleic_acid_polymer,1.0,0.00974025974025974
nucleic_acid_polymer,1.0,0.009771986970684038
nucleic_acid_polymer,1.0,0.00980392156862745
nucleic_acid_polymer,1.0,0.009836065573770493
nucleic_acid_polymer,1.0,0.009868421052631578
nucleic_acid_polymer,1.0,0.009900990099009901
nucleic_acid_polymer,1.0,0.009933774834437087
nucleic_acid_polymer,1.0,0.009966777408637873
nucleic_acid_polymer,1.0,0.01
nucleic_acid_polymer,1.0,0.010033444816053512
nucleic_acid_polymer,1.0,0.010067114093959731
nucleic_acid_polymer,1.0,0.010101010101010102
nucleic_acid_polymer,1.0,0.010135135135135136
nucleic_acid_polymer,1.0,0.010169491525423728
nucleic_acid_polymer,1.0,0.01020408163265306
nucleic_acid_polymer,1.0,0.010238907849829351
nucleic_acid_polymer,1.0,0.010273972602739725
nucleic_acid_polymer,1.0,0.010309278350515464
nucleic_acid_polymer,1.0,0.010344827586206896
nucleic_acid_polymer,1.0,0.010380622837370242
nucleic_acid_polymer,1.0,0.010416666666666666
nucleic_acid_polymer,1.0,0.010452961672473868
nucleic_acid_polymer,1.0,0.01048951048951049
nucleic_acid_polymer,1.0,0.010526315789473684
nucleic_acid_polymer,1.0,0.01056338028169014
nucleic_acid_polymer,1.0,0.01060070671378092
nucleic_acid_polymer,1.0,0.010638297872340425
nucleic_acid_polymer,1.0,0.010676156583629894
nucleic_acid_polymer,1.0,0.010714285714285714
nucleic_acid_polymer,1.0,0.010752688172043012
nucleic_acid_polymer,1.0,0.01079136690647482
nucleic_acid_polymer,1.0,0.010830324909747292
nucleic_acid_polymer,1.0,0.010869565217391304
nucleic_acid_polymer,1.0,0.01090909090909091
nucleic_acid_polymer,1.0,0.010948905109489052
nucleic_acid_polymer,1.0,0.01098901098901099
nucleic_acid_polymer,1.0,0.011029411764705883
nucleic_acid_polymer,1.0,0.01107011070110701
nucleic_acid_polymer,1.0,0.011111111111111112
nucleic_acid_polymer,1.0,0.011152416356877323
nucleic_acid_polymer,1.0,0.011194029850746268
nucleic_acid_polymer,1.0,0.011235955056179775
nucleic_acid_polymer,1.0,0.011278195488721804
nucleic_acid_polymer,1.0,0.011320754716981131
nucleic_acid_polymer,1.0,0.011363636363636364
nucleic_acid_polymer,1.0,0.011406844106463879
nucleic_acid_polymer,1.0,0.011450381679389313
nucleic_acid_polymer,1.0,0.011494252873563218
nucleic_acid_polymer,1.0,0.011538461538461539
nucleic_acid_polymer,1.0,0.011583011583011582
nucleic_acid_polymer,1.0,0.011627906976744186
nucleic_acid_polymer,1.0,0.011673151750972763
nucleic_acid_polymer,1.0,0.01171875
nucleic_acid_polymer,1.0,0.011764705882352941
nucleic_acid_polymer,1.0,0.011811023622047244
nucleic_acid_polymer,1.0,0.011857707509881422
nucleic_acid_polymer,1.0,0.011904761904761904
nucleic_acid_polymer,1.0,0.01195219123505976
nucleic_acid_polymer,1.0,0.012
nucleic_acid_polymer,1.0,0.012048192771084338
nucleic_acid_polymer,1.0,0.012096774193548387
nucleic_acid_polymer,1.0,0.012145748987854251
nucleic_acid_polymer,1.0,0.012195121951219513
nucleic_acid_polymer,1.0,0.012244897959183673
nucleic_acid_polymer,1.0,0.012295081967213115
nucleic_acid_polymer,1.0,0.012345679012345678
nucleic_acid_polymer,1.0,0.012396694214876033
nucleic_acid_polymer,1.0,0.012448132780082987
nucleic_acid_polymer,1.0,0.0125
nucleic_acid_polymer,1.0,0.012552301255230125
nucleic_acid_polymer,1.0,0.012605042016806723
nucleic_acid_polymer,1.0,0.012658227848101266
nucleic_acid_polymer,1.0,0.012711864406779662
nucleic_acid_polymer,1.0,0.01276595744680851
nucleic_acid_polymer,1.0,0.01282051282051282
nucleic_acid_polymer,1.0,0.012875536480686695
nucleic_acid_polymer,1.0,0.01293103448275862
nucleic_acid_polymer,1.0,0.012987012987012988
nucleic_acid_polymer,1.0,0.013043478260869565
nucleic_acid_polymer,1.0,0.013100436681222707
nucleic_acid_polymer,1.0,0.013157894736842105
nucleic_acid_polymer,1.0,0.013215859030837005
nucleic_acid_polymer,1.0,0.01327433628318584
nucleic_acid_polymer,1.0,0.013333333333333334
nucleic_acid_polymer,1.0,0.013392857142857142
nucleic_acid_polymer,1.0,0.013452914798206279
nucleic_acid_polymer,1.0,0.013513513513513514
nucleic_acid_polymer,1.0,0.013574660633484163
nucleic_acid_polymer,1.0,0.013636363636363636
nucleic_acid_polymer,1.0,0.0136986301369863
nucleic_acid_polymer,1.0,0.013761467889908258
nucleic_acid_polymer,1.0,0.013824884792626729
nucleic_acid_polymer,1.0,0.013888888888888888
nucleic_acid_polymer,1.0,0.013953488372093023
nucleic_acid_polymer,1.0,0.014018691588785047
nucleic_acid_polymer,1.0,0.014084507042253521
nucleic_acid_polymer,1.0,0.014150943396226415
nucleic_acid_polymer,1.0,0.014218009478672985
nucleic_acid_polymer,1.0,0.014285714285714285
nucleic_acid_polymer,1.0,0.014354066985645933
nucleic_acid_polymer,1.0,0.014423076923076924
nucleic_acid_polymer,1.0,0.014492753623188406
nucleic_acid_polymer,1.0,0.014563106796116505
nucleic_acid_polymer,1.0,0.014634146341463415
nucleic_acid_polymer,1.0,0.014705882352941176
nucleic_acid_polymer,1.0,0.014778325123152709
nucleic_acid_polymer,1.0,0.01485148514851485
nucleic_acid_polymer,1.0,0.014925373134328358
nucleic_acid_polymer,1.0,0.015
nucleic_acid_polymer,1.0,0.01507537688442211
nucleic_acid_polymer,1.0,0.015151515151515152
nucleic_acid_polymer,1.0,0.015228426395939087
nucleic_acid_polymer,1.0,0.015306122448979591
nucleic_acid_polymer,1.0,0.015384615384615385
nucleic_acid_polymer,1.0,0.015463917525773196
nucleic_acid_polymer,1.0,0.015544041450777202
nucleic_acid_polymer,1.0,0.015625
nucleic_acid_polymer,1.0,0.015706806282722512
nucleic_acid_polymer,1.0,0.015789473684210527
nucleic_acid_polymer,1.0,0.015873015873015872
nucleic_acid_polymer,1.0,0.015957446808510637
nucleic_acid_polymer,1.0,0.016042780748663103
nucleic_acid_polymer,1.0,0.016129032258064516
nucleic_acid_polymer,1.0,0.016216216216216217
nucleic_acid_polymer,1.0,0.016304347826086956
nucleic_acid_polymer,1.0,0.01639344262295082
nucleic_acid_polymer,1.0,0.016483516483516484
nucleic_acid_polymer,1.0,0.016574585635359115
nucleic_acid_polymer,1.0,0.016666666666666666
nucleic_acid_polymer,1.0,0.01675977653631285
nucleic_acid_polymer,1.0,0.016853932584269662
nucleic_acid_polymer,1.0,0.01694915254237288
nucleic_acid_polymer,1.0,0.017045454545454544
nucleic_acid_polymer,1.0,0.017142857142857144
nucleic_acid_polymer,1.0,0.017241379310344827
nucleic_acid_polymer,1.0,0.017341040462427744
nucleic_acid_polymer,1.0,0.01744186046511628
nucleic_acid_polymer,1.0,0.017543859649122806
nucleic_acid_polymer,1.0,0.01764705882352941
nucleic_acid_polymer,1.0,0.01775147928994083
nucleic_acid_polymer,1.0,0.017857142857142856
nucleic_acid_polymer,1.0,0.017964071856287425
nucleic_acid_polymer,1.0,0.018072289156626505
nucleic_acid_polymer,1.0,0.01818181818181818
nucleic_acid_polymer,1.0,0.018292682926829267
nucleic_acid_polymer,1.0,0.018404907975460124
nucleic_acid_polymer,1.0,0.018518518518518517
nucleic_acid_polymer,1.0,0.018633540372670808
nucleic_acid_polymer,1.0,0.01875
nucleic_acid_polymer,1.0,0.018867924528301886
nucleic_acid_polymer,1.0,0.0189873417721519
nucleic_acid_polymer,1.0,0.01910828025477707
nucleic_acid_polymer,1.0,0.019230769230769232
nucleic_acid_polymer,1.0,0.01935483870967742
nucleic_acid_polymer,1.0,0.01948051948051948
nucleic_acid_polymer,1.0,0.0196078431372549
nucleic_acid_polymer,1.0,0.019736842105263157
nucleic_acid_polymer,1.0,0.019867549668874173
nucleic_acid_polymer,1.0,0.02
nucleic_acid_polymer,1.0,0.020134228187919462
nucleic_acid_polymer,1.0,0.02027027027027027
nucleic_acid_polymer,1.0,0.02040816326530612
nucleic_acid_polymer,1.0,0.02054794520547945
nucleic_acid_polymer,1.0,0.020689655172413793
nucleic_acid_polymer,1.0,0.020833333333333332
nucleic_acid_polymer,1.0,0.02097902097902098
nucleic_acid_polymer,1.0,0.02112676056338028
nucleic_acid_polymer,1.0,0.02127659574468085
nucleic_acid_polymer,1.0,0.02142857142857143
nucleic_acid_polymer,1.0,0.02158273381294964
nucleic_acid_polymer,1.0,0.021739130434782608
nucleic_acid_polymer,1.0,0.021897810218978103
nucleic_acid_polymer,1.0,0.022058823529411766
nucleic_acid_polymer,1.0,0.022222222222222223
nucleic_acid_polymer,1.0,0.022388059701492536
nucleic_acid_polymer,1.0,0.022556390977443608
nucleic_acid_polymer,1.0,0.022727272727272728
nucleic_acid_polymer,1.0,0.022900763358778626
nucleic_acid_polymer,1.0,0.023076923076923078
nucleic_acid_polymer,1.0,0.023255813953488372
nucleic_acid_polymer,1.0,0.0234375
nucleic_acid_polymer,1.0,0.023622047244094488
nucleic_acid_polymer,1.0,0.023809523809523808
nucleic_acid_polymer,1.0,0.024
nucleic_acid_polymer,1.0,0.024193548387096774
nucleic_acid_polymer,1.0,0.024390243902439025
nucleic_acid_polymer,1.0,0.02459016393442623
nucleic_acid_polymer,1.0,0.024793388429752067
nucleic_acid_polymer,1.0,0.025
nucleic_acid_polymer,1.0,0.025210084033613446
nucleic_acid_polymer,1.0,0.025423728813559324
nucleic_acid_polymer,1.0,0.02564102564102564
nucleic_acid_polymer,1.0,0.02586206896551724
nucleic_acid_polymer,1.0,0.02608695652173913
nucleic_acid_polymer,1.0,0.02631578947368421
nucleic_acid_polymer,1.0,0.02654867256637168
nucleic_acid_polymer,1.0,0.026785714285714284
nucleic_acid_polymer,1.0,0.02702702702702703
nucleic_acid_polymer,1.0,0.02727272727272727
nucleic_acid_polymer,1.0,0.027522935779816515
nucleic_acid_polymer,1.0,0.027777777777777776
nucleic_acid_polymer,1.0,0.028037383177570093
nucleic_acid_polymer,1.0,0.02830188679245283
nucleic_acid_polymer,1.0,0.02857142857142857
nucleic_acid_polymer,1.0,0.028846153846153848
nucleic_acid_polymer,1.0,0.02912621359223301
nucleic_acid_polymer,1.0,0.029411764705882353
nucleic_acid_polymer,1.0,0.0297029702970297
nucleic_acid_polymer,1.0,0.03
nucleic_acid_polymer,1.0,0.030303030303030304
nucleic_acid_polymer,1.0,0.030612244897959183
nucleic_acid_polymer,1.0,0.030927835051546393
nucleic_acid_polymer,1.0,0.03125
nucleic_acid_polymer,1.0,0.031578947368421054
nucleic_acid_polymer,1.0,0.031914893617021274
nucleic_acid_polymer,1.0,0.03225806451612903
nucleic_acid_polymer,1.0,0.03260869565217391
nucleic_acid_polymer,1.0,0.03296703296703297
nucleic_acid_polymer,1.0,0.03333333333333333
nucleic_acid_polymer,1.0,0.033707865168539325
nucleic_acid_polymer,1.0,0.03409090909090909
nucleic_acid_polymer,1.0,0.034482758620689655
nucleic_acid_polymer,1.0,0.03488372093023256
nucleic_acid_polymer,1.0,0.03529411764705882
nucleic_acid_polymer,1.0,0.03571428571428571
nucleic_acid_polymer,1.0,0.03614457831325301
nucleic_acid_polymer,1.0,0.036585365853658534
nucleic_acid_polymer,1.0,0.037037037037037035
nucleic_acid_polymer,1.0,0.0375
nucleic_acid_polymer,1.0,0.0379746835443038
nucleic_acid_polymer,1.0,0.038461538461538464
nucleic_acid_polymer,1.0,0.03896103896103896
nucleic_acid_polymer,1.0,0.039473684210526314
nucleic_acid_polymer,1.0,0.04
nucleic_acid_polymer,1.0,0.04054054054054054
nucleic_acid_polymer,1.0,0.0410958904109589
nucleic_acid_polymer,1.0,0.041666666666666664
nucleic_acid_polymer,1.0,0.04225352112676056
nucleic_acid_polymer,1.0,0.04285714285714286
nucleic_acid_polymer,1.0,0.043478260869565216
nucleic_acid_polymer,1.0,0.04411764705882353
nucleic_acid_polymer,1.0,0.04477611940298507
nucleic_acid_polymer,1.0,0.045454545454545456
nucleic_acid_polymer,1.0,0.046153846153846156
nucleic_acid_polymer,1.0,0.046875
nucleic_acid_polymer,1.0,0.047619047619047616
nucleic_acid_polymer,1.0,0.04838709677419355
nucleic_acid_polymer,1.0,0.04918032786885246
nucleic_acid_polymer,1.0,0.05
nucleic_acid_polymer,1.0,0.05084745762711865
nucleic_acid_polymer,1.0,0.05172413793103448
nucleic_acid_polymer,1.0,0.05263157894736842
nucleic_acid_polymer,1.0,0.05357142857142857
nucleic_acid_polymer,1.0,0.05454545454545454
nucleic_acid_polymer,1.0,0.05555555555555555
nucleic_acid_polymer,1.0,0.05660377358490566
nucleic_acid_polymer,1.0,0.057692307692307696
nucleic_acid_polymer,1.0,0.058823529411764705
nucleic_acid_polymer,1.0,0.06
nucleic_acid_polymer,1.0,0.061224489795918366
nucleic_acid_polymer,1.0,0.0625
nucleic_acid_polymer,1.0,0.06382978723404255
nucleic_acid_polymer,1.0,0.06521739130434782
nucleic_acid_polymer,1.0,0.06666666666666667
nucleic_acid_polymer,1.0,0.06818181818181818
nucleic_acid_polymer,1.0,0.06976744186046512
nucleic_acid_polymer,1.0,0.07142857142857142
nucleic_acid_polymer,1.0,0.07317073170731707
nucleic_acid_polymer,1.0,0.075
nucleic_acid_polymer,1.0,0.07692307692307693
nucleic_acid_polymer,1.0,0.07894736842105263
nucleic_acid_polymer,1.0,0.08108108108108109
nucleic_acid_polymer,1.0,0.08333333333333333
nucleic_acid_polymer,1.0,0.08571428571428572
nucleic_acid_polymer,1.0,0.08823529411764706
nucleic_acid_polymer,1.0,0.09090909090909091
nucleic_acid_polymer,1.0,0.09375
nucleic_acid_polymer,1.0,0.0967741935483871
nucleic_acid_polymer,1.0,0.1
nucleic_acid_polymer,1.0,0.10344827586206896
nucleic_acid_polymer,1.0,0.10714285714285714
nucleic_acid_polymer,1.0,0.1111111111111111
nucleic_acid_polymer,1.0,0.11538461538461539
nucleic_acid_polymer,1.0,0.12
nucleic_acid_polymer,1.0,0.125
nucleic_acid_polymer,1.0,0.13043478260869565
nucleic_acid_polymer,1.0,0.13636363636363635
nucleic_acid_polymer,1.0,0.14285714285714285
nucleic_acid_polymer,1.0,0.15
nucleic_acid_polymer,1.0,0.15789473684210525
nucleic_acid_polymer,1.0,0.16666666666666666
nucleic_acid_polymer,1.0,0.17647058823529413
nucleic_acid_polymer,1.0,0.1875
nucleic_acid_polymer,1.0,0.2
nucleic_acid_polymer,1.0,0.21428571428571427
nucleic_acid_polymer,1.0,0.23076923076923078
nucleic_acid_polymer,1.0,0.25
nucleic_acid_polymer,1.0,0.2727272727272727
nucleic_acid_polymer,1.0,0.3
nucleic_acid_polymer,1.0,0.3333333333333333
nucleic_acid_polymer,1.0,0.375
nucleic_acid_polymer,1.0,0.42857142857142855
nucleic_acid_polymer,1.0,0.5
nucleic_acid_polymer,1.0,0.6
nucleic_acid_polymer,1.0,0.75
nucleic_acid_polymer,1.0,1.0
nucleic_acid_polymer,0.6666666666666666,1.0
nucleic_acid_polymer,0.3333333333333333,1.0
nucleic_acid_polymer,0.0,1.0
peptide_protein,1.0,0.21333333333333335
peptide_protein,1.0,0.21390374331550802
peptide_protein,1.0,0.21447721179624665
peptide_protein,1.0,0.21505376344086022
peptide_protein,1.0,0.215633423180593
peptide_protein,1.0,0.21621621621621623
peptide_protein,1.0,0.21680216802168023
peptide_protein,1.0,0.21739130434782608
peptide_protein,1.0,0.21798365122615804
peptide_protein,1.0,0.2185792349726776
peptide_protein,1.0,0.2191780821917808
peptide_protein,1.0,0.21978021978021978
peptide_protein,1.0,0.22038567493112948
peptide_protein,1.0,0.22099447513812154
peptide_protein,1.0,0.22160664819944598
peptide_protein,1.0,0.2222222222222222
peptide_protein,1.0,0.22284122562674094
peptide_protein,1.0,0.22346368715083798
peptide_protein,1.0,0.22408963585434175
peptide_protein,1.0,0.2247191011235955
peptide_protein,1.0,0.22535211267605634
peptide_protein,1.0,0.22598870056497175
peptide_protein,1.0,0.22662889518413598
peptide_protein,1.0,0.22727272727272727
peptide_protein,1.0,0.22792022792022792
peptide_protein,1.0,0.22857142857142856
peptide_protein,1.0,0.22922636103151864
peptide_protein,1.0,0.22988505747126436
peptide_protein,1.0,0.23054755043227665
peptide_protein,1.0,0.23121387283236994
peptide_protein,1.0,0.2318840579710145
peptide_protein,1.0,0.23255813953488372
peptide_protein,1.0,0.23323615160349853
peptide_protein,1.0,0.23391812865497075
peptide_protein,1.0,0.23460410557184752
peptide_protein,1.0,0.23529411764705882
peptide_protein,1.0,0.2359882005899705
peptide_protein,1.0,0.23668639053254437
peptide_protein,1.0,0.23738872403560832
peptide_protein,1.0,0.23809523809523808
peptide_protein,1.0,0.23880597014925373
peptide_protein,1.0,0.23952095808383234
peptide_protein,1.0,0.24024024024024024
peptide_protein,1.0,0.24096385542168675
peptide_protein,1.0,0.24169184290030213
peptide_protein,1.0,0.24242424242424243
peptide_protein,1.0,0.24316109422492402
peptide_protein,1.0,0.24390243902439024
peptide_protein,1.0,0.24464831804281345
peptide_protein,1.0,0.24539877300613497
peptide_protein,1.0,0.24615384615384617
peptide_protein,1.0,0.24691358024691357
peptide_protein,1.0,0.2476780185758514
peptide_protein,1.0,0.2484472049689441
peptide_protein,1.0,0.24922118380062305
peptide_protein,1.0,0.25
peptide_protein,1.0,0.2507836990595611
peptide_protein,1.0,0.25157232704402516
peptide_protein,1.0,0.25236593059936907
peptide_protein,1.0,0.25316455696202533
peptide_protein,1.0,0.25396825396825395
peptide_protein,1.0,0.25477707006369427
peptide_protein,1.0,0.25559105431309903
peptide_protein,1.0,0.2564102564102564
peptide_protein,1.0,0.2572347266881029
peptide_protein,1.0,0.25806451612903225
peptide_protein,1.0,0.2588996763754045
peptide_protein,1.0,0.2597402597402597
peptide_protein,1.0,0.26058631921824105
peptide_protein,1.0,0.26143790849673204
peptide_protein,1.0,0.26229508196721313
peptide_protein,1.0,0.2631578947368421
peptide_protein,1.0,0.264026402640264
peptide_protein,1.0,0.26490066225165565
peptide_protein,1.0,0.26578073089701
peptide_protein,1.0,0.26666666666666666
peptide_protein,1.0,0.26755852842809363
peptide_protein,1.0,0.2684563758389262
peptide_protein,1.0,0.26936026936026936
peptide_protein,1.0,0.2702702702702703
peptide_protein,1.0,0.2711864406779661
peptide_protein,1.0,0.272108843537415
peptide_protein,1.0,0.27303754266211605
peptide_protein,1.0,0.273972602739726
peptide_protein,1.0,0.27491408934707906
peptide_protein,1.0,0.27586206896551724
peptide_protein,1.0,0.2768166089965398
peptide_protein,1.0,0.2777777777777778
peptide_protein,1.0,0.2787456445993031
peptide_protein,1.0,0.27972027972027974
peptide_protein,1.0,0.2807017543859649
peptide_protein,1.0,0.28169014084507044
peptide_protein,1.0,0.2826855123674912
peptide_protein,1.0,0.28368794326241137
peptide_protein,1.0,0.2846975088967972
peptide_protein,1.0,0.2857142857142857
peptide_protein,1.0,0.2867383512544803
peptide_protein,1.0,0.28776978417266186
peptide_protein,1.0,0.2888086642599278
peptide_protein,1.0,0.2898550724637681
peptide_protein,1.0,0.2909090909090909
peptide_protein,1.0,0.291970802919708
peptide_protein,1.0,0.29304029304029305
peptide_protein,1.0,0.29411764705882354
peptide_protein,1.0,0.2952029520295203
peptide_protein,1.0,0.2962962962962963
peptide_protein,1.0,0.29739776951672864
peptide_protein,1.0,0.29850746268656714
peptide_protein,1.0,0.299625468164794
peptide_protein,1.0,0.3007518796992481
peptide_protein,1.0,0.3018867924528302
peptide_protein,1.0,0.30303030303030304
peptide_protein,1.0,0.3041825095057034
peptide_protein,1.0,0.3053435114503817
peptide_protein,1.0,0.3065134099616858
peptide_protein,1.0,0.3076923076923077
peptide_protein,1.0,0.3088803088803089
peptide_protein,1.0,0.31007751937984496
peptide_protein,1.0,0.311284046692607
peptide_protein,1.0,0.3125
peptide_protein,1.0,0.3137254901960784
peptide_protein,1.0,0.31496062992125984
peptide_protein,1.0,0.31620553359683795
peptide_protein,1.0,0.31746031746031744
peptide_protein,1.0,0.3187250996015936
peptide_protein,1.0,0.32
peptide_protein,1.0,0.321285140562249
peptide_protein,1.0,0.3225806451612903
peptide_protein,1.0,0.32388663967611336
peptide_protein,1.0,0.3252032520325203
peptide_protein,1.0,0.32653061224489793
peptide_protein,1.0,0.32786885245901637
peptide_protein,1.0,0.3292181069958848
peptide_protein,1.0,0.3305785123966942
peptide_protein,1.0,0.33195020746887965
peptide_protein,1.0,0.3333333333333333
peptide_protein,1.0,0.33472803347280333
peptide_protein,1.0,0.33613445378151263
peptide_protein,1.0,0.33755274261603374
peptide_protein,1.0,0.3389830508474576
peptide_protein,1.0,0.3404255319148936
peptide_protein,1.0,0.3418803418803419
peptide_protein,1.0,0.34334763948497854
peptide_protein,1.0,0.3448275862068966
peptide_protein,1.0,0.3463203463203463
peptide_protein,1.0,0.34782608695652173
peptide_protein,1.0,0.34934497816593885
peptide_protein,1.0,0.3508771929824561
peptide_protein,1.0,0.3524229074889868
peptide_protein,1.0,0.35398230088495575
peptide_protein,1.0,0.35555555555555557
peptide_protein,1.0,0.35714285714285715
peptide_protein,1.0,0.35874439461883406
peptide_protein,1.0,0.36036036036036034
peptide_protein,1.0,0.36199095022624433
peptide_protein,1.0,0.36363636363636365
peptide_protein,1.0,0.365296803652968
peptide_protein,1.0,0.3669724770642202
peptide_protein,1.0,0.3686635944700461
peptide_protein,1.0,0.37037037037037035
peptide_protein,1.0,0.37209302325581395
peptide_protein,1.0,0.37383177570093457
peptide_protein,1.0,0.3755868544600939
peptide_protein,1.0,0.37735849056603776
peptide_protein,1.0,0.3791469194312796
peptide_protein,1.0,0.38095238095238093
peptide_protein,1.0,0.3827751196172249
peptide_protein,1.0,0.38461538461538464
peptide_protein,1.0,0.3864734299516908
peptide_protein,1.0,0.3883495145631068
peptide_protein,1.0,0.3902439024390244
peptide_protein,1.0,0.39215686274509803
peptide_protein,1.0,0.39408866995073893
peptide_protein,1.0,0.39603960396039606
peptide_protein,1.0,0.39800995024875624
peptide_protein,1.0,0.4
peptide_protein,1.0,0.4020100502512563
peptide_protein,1.0,0.40404040404040403
peptide_protein,1.0,0.40609137055837563
peptide_protein,1.0,0.40816326530612246
peptide_protein,1.0,0.41025641025641024
peptide_protein,1.0,0.41237113402061853
peptide_protein,1.0,0.41450777202072536
peptide_protein,1.0,0.4166666666666667
peptide_protein,1.0,0.418848167539267
peptide_protein,1.0,0.42105263157894735
peptide_protein,1.0,0.42328042328042326
peptide_protein,1.0,0.425531914893617
peptide_protein,1.0,0.42780748663101603
peptide_protein,1.0,0.43010752688172044
peptide_protein,1.0,0.43243243243243246
peptide_protein,1.0,0.43478260869565216
peptide_protein,1.0,0.4371584699453552
peptide_protein,1.0,0.43956043956043955
peptide_protein,1.0,0.4419889502762431
peptide_protein,1.0,0.4444444444444444
peptide_protein,1.0,0.44692737430167595
peptide_protein,1.0,0.449438202247191
peptide_protein,1.0,0.4519774011299435
peptide_protein,1.0,0.45454545454545453
peptide_protein,1.0,0.45714285714285713
peptide_protein,1.0,0.45977011494252873
peptide_protein,1.0,0.4624277456647399
peptide_protein,1.0,0.46511627906976744
peptide_protein,1.0,0.4678362573099415
peptide_protein,1.0,0.47058823529411764
peptide_protein,1.0,0.47337278106508873
peptide_protein,1.0,0.47619047619047616
peptide_protein,1.0,0.47904191616766467
peptide_protein,1.0,0.4819277108433735
peptide_protein,1.0,0.48484848484848486
peptide_protein,1.0,0.4878048780487805
peptide_protein,1.0,0.49079754601226994
peptide_protein,1.0,0.49382716049382713
peptide_protein,1.0,0.4968944099378882
peptide_protein,1.0,0.5
peptide_protein,1.0,0.5031446540880503
peptide_protein,1.0,0.5063291139240507
peptide_protein,1.0,0.5095541401273885
peptide_protein,1.0,0.5128205128205128
peptide_protein,1.0,0.5161290322580645
peptide_protein,1.0,0.5194805194805194
peptide_protein,1.0,0.5228758169934641
peptide_protein,1.0,0.5263157894736842
peptide_protein,1.0,0.5298013245033113
peptide_protein,1.0,0.5333333333333333
peptide_protein,1.0,0.5369127516778524
peptide_protein,1.0,0.5405405405405406
peptide_protein,1.0,0.54421768707483
peptide_protein,1.0,0.547945205479452
peptide_protein,1.0,0.5517241379310345
peptide_protein,1.0,0.5555555555555556
peptide_protein,1.0,0.5594405594405595
peptide_protein,1.0,0.5633802816901409
peptide_protein,1.0,0.5673758865248227
peptide_protein,1.0,0.5714285714285714
peptide_protein,1.0,0.5755395683453237
peptide_protein,1.0,0.5797101449275363
peptide_protein,1.0,0.583941605839416
peptide_protein,1.0,0.5882352941176471
peptide_protein,1.0,0.5925925925925926
peptide_protein,1.0,0.5970149253731343
peptide_protein,1.0,0.6015037593984962
peptide_protein,1.0,0.6060606060606061
peptide_protein,1.0,0.6106870229007634
peptide_protein,1.0,0.6153846153846154
peptide_protein,1.0,0.6201550387596899
peptide_protein,1.0,0.625
peptide_protein,1.0,0.6299212598425197
peptide_protein,1.0,0.6349206349206349
peptide_protein,1.0,0.64
peptide_protein,1.0,0.6451612903225806
peptide_protein,1.0,0.6504065040650406
peptide_protein,1.0,0.6557377049180327
peptide_protein,1.0,0.6611570247933884
peptide_protein,1.0,0.6666666666666666
peptide_protein,1.0,0.6722689075630253
peptide_protein,1.0,0.6779661016949152
peptide_protein,1.0,0.6837606837606838
peptide_protein,1.0,0.6896551724137931
peptide_protein,1.0,0.6956521739130435
peptide_protein,1.0,0.7017543859649122
peptide_protein,1.0,0.7079646017699115
peptide_protein,1.0,0.7142857142857143
peptide_protein,1.0,0.7207207207207207
peptide_protein,1.0,0.7272727272727273
peptide_protein,1.0,0.7339449541284404
peptide_protein,1.0,0.7407407407407407
peptide_protein,1.0,0.7476635514018691
peptide_protein,1.0,0.7547169811320755
peptide_protein,1.0,0.7619047619047619
peptide_protein,1.0,0.7692307692307693
peptide_protein,1.0,0.7766990291262136
peptide_protein,1.0,0.7843137254901961
peptide_protein,1.0,0.7920792079207921
peptide_protein,1.0,0.8
peptide_protein,1.0,0.8080808080808081
peptide_protein,1.0,0.8163265306122449
peptide_protein,1.0,0.8247422680412371
peptide_protein,1.0,0.8333333333333334
peptide_protein,1.0,0.8421052631578947
peptide_protein,1.0,0.851063829787234
peptide_protein,1.0,0.8602150537634409
peptide_protein,1.0,0.8695652173913043
peptide_protein,1.0,0.8791208791208791
peptide_protein,1.0,0.8888888888888888
peptide_protein,1.0,0.898876404494382
peptide_protein,1.0,0.9090909090909091
peptide_protein,1.0,0.9195402298850575
peptide_protein,0.9875,0.9186046511627907
peptide_protein,0.9875,0.9294117647058824
peptide_protein,0.9875,0.9404761904761905
peptide_protein,0.9875,0.9518072289156626
peptide_protein,0.9875,0.9634146341463414
peptide_protein,0.9875,0.9753086419753086
peptide_protein,0.9875,0.9875
peptide_protein,0.9875,1.0
peptide_protein,0.975,1.0
peptide_protein,0.9625,1.0
peptide_protein,0.95,1.0
peptide_protein,0.9375,1.0
peptide_protein,0.925,1.0
peptide_protein,0.9125,1.0
peptide_protein,0.9,1.0
peptide_protein,0.8875,1.0
peptide_protein,0.875,1.0
peptide_protein,0.8625,1.0
peptide_protein,0.85,1.0
peptide_protein,0.8375,1.0
peptide_protein,0.825,1.0
peptide_protein,0.8125,1.0
peptide_protein,0.8,1.0
peptide_protein,0.7875,1.0
peptide_protein,0.775,1.0
peptide_protein,0.7625,1.0
peptide_protein,0.75,1.0
peptide_protein,0.7375,1.0
peptide_protein,0.725,1.0
peptide_protein,0.7125,1.0
peptide_protein,0.7,1.0
peptide_protein,0.6875,1.0
peptide_protein,0.675,1.0
peptide_protein,0.6625,1.0
peptide_protein,0.65,1.0
peptide_protein,0.6375,1.0
peptide_protein,0.625,1.0
peptide_protein,0.6125,1.0
peptide_protein,0.6,1.0
peptide_protein,0.5875,1.0
peptide_protein,0.575,1.0
peptide_protein,0.5625,1.0
peptide_protein,0.55,1.0
peptide_protein,0.5375,1.0
peptide_protein,0.525,1.0
peptide_protein,0.5125,1.0
peptide_protein,0.5,1.0
peptide_protein,0.4875,1.0
peptide_protein,0.475,1.0
peptide_protein,0.4625,1.0
peptide_protein,0.45,1.0
peptide_protein,0.4375,1.0
peptide_protein,0.425,1.0
peptide_protein,0.4125,1.0
peptide_protein,0.4,1.0
peptide_protein,0.3875,1.0
peptide_protein,0.375,1.0
peptide_protein,0.3625,1.0
peptide_protein,0.35,1.0
peptide_protein,0.3375,1.0
peptide_protein,0.325,1.0
peptide_protein,0.3125,1.0
peptide_protein,0.3,1.0
peptide_protein,0.2875,1.0
peptide_protein,0.275,1.0
peptide_protein,0.2625,1.0
peptide_protein,0.25,1.0
peptide_protein,0.2375,1.0
peptide_protein,0.225,1.0
peptide_protein,0.2125,1.0
peptide_protein,0.2,1.0
peptide_protein,0.1875,1.0
peptide_protein,0.175,1.0
peptide_protein,0.1625,1.0
peptide_protein,0.15,1.0
peptide_protein,0.1375,1.0
peptide_protein,0.125,1.0
peptide_protein,0.1125,1.0
peptide_protein,0.1,1.0
peptide_protein,0.0875,1.0
peptide_protein,0.075,1.0
peptide_protein,0.0625,1.0
peptide_protein,0.05,1.0
peptide_protein,0.0375,1.0
peptide_protein,0.025,1.0
peptide_protein,0.0125,1.0
peptide_protein,0.0,1.0
phosphate_metabolite,1.0,0.029333333333333333
phosphate_metabolite,1.0,0.029411764705882353
phosphate_metabolite,1.0,0.029490616621983913
phosphate_metabolite,1.0,0.02956989247311828
phosphate_metabolite,1.0,0.029649595687331536
phosphate_metabolite,1.0,0.02972972972972973
phosphate_metabolite,1.0,0.02981029810298103
phosphate_metabolite,1.0,0.029891304347826088
phosphate_metabolite,1.0,0.02997275204359673
phosphate_metabolite,1.0,0.030054644808743168
phosphate_metabolite,1.0,0.030136986301369864
phosphate_metabolite,1.0,0.03021978021978022
phosphate_metabolite,1.0,0.030303030303030304
phosphate_metabolite,1.0,0.03038674033149171
phosphate_metabolite,1.0,0.030470914127423823
phosphate_metabolite,1.0,0.030555555555555555
phosphate_metabolite,1.0,0.03064066852367688
phosphate_metabolite,1.0,0.030726256983240222
phosphate_metabolite,1.0,0.03081232492997199
phosphate_metabolite,1.0,0.03089887640449438
phosphate_metabolite,1.0,0.030985915492957747
phosphate_metabolite,1.0,0.031073446327683617
phosphate_metabolite,1.0,0.031161473087818695
phosphate_metabolite,1.0,0.03125
phosphate_metabolite,1.0,0.03133903133903134
phosphate_metabolite,1.0,0.03142857142857143
phosphate_metabolite,1.0,0.03151862464183381
phosphate_metabolite,1.0,0.031609195402298854
phosphate_metabolite,1.0,0.03170028818443804
phosphate_metabolite,1.0,0.031791907514450865
phosphate_metabolite,1.0,0.03188405797101449
phosphate_metabolite,1.0,0.03197674418604651
phosphate_metabolite,1.0,0.03206997084548105
phosphate_metabolite,1.0,0.03216374269005848
phosphate_metabolite,1.0,0.03225806451612903
phosphate_metabolite,1.0,0.03235294117647059
phosphate_metabolite,1.0,0.032448377581120944
phosphate_metabolite,1.0,0.03254437869822485
phosphate_metabolite,1.0,0.032640949554896145
phosphate_metabolite,1.0,0.03273809523809524
phosphate_metabolite,1.0,0.03283582089552239
phosphate_metabolite,1.0,0.03293413173652695
phosphate_metabolite,1.0,0.03303303303303303
phosphate_metabolite,1.0,0.03313253012048193
phosphate_metabolite,1.0,0.03323262839879154
phosphate_metabolite,1.0,0.03333333333333333
phosphate_metabolite,1.0,0.03343465045592705
phosphate_metabolite,1.0,0.03353658536585366
phosphate_metabolite,1.0,0.03363914373088685
phosphate_metabolite,1.0,0.03374233128834356
phosphate_metabolite,1.0,0.033846153846153845
phosphate_metabolite,1.0,0.033950617283950615
phosphate_metabolite,1.0,0.034055727554179564
phosphate_metabolite,1.0,0.034161490683229816
phosphate_metabolite,1.0,0.03426791277258567
phosphate_metabolite,1.0,0.034375
phosphate_metabolite,1.0,0.034482758620689655
phosphate_metabolite,1.0,0.03459119496855346
phosphate_metabolite,1.0,0.03470031545741325
phosphate_metabolite,1.0,0.03481012658227848
phosphate_metabolite,1.0,0.03492063492063492
phosphate_metabolite,1.0,0.03503184713375796
phosphate_metabolite,1.0,0.03514376996805112
phosphate_metabolite,1.0,0.035256410256410256
phosphate_metabolite,1.0,0.03536977491961415
phosphate_metabolite,1.0,0.035483870967741936
phosphate_metabolite,1.0,0.03559870550161812
phosphate_metabolite,1.0,0.03571428571428571
phosphate_metabolite,1.0,0.035830618892508145
phosphate_metabolite,1.0,0.03594771241830065
phosphate_metabolite,1.0,0.036065573770491806
phosphate_metabolite,1.0,0.03618421052631579
phosphate_metabolite,1.0,0.036303630363036306
phosphate_metabolite,1.0,0.03642384105960265
phosphate_metabolite,1.0,0.036544850498338874
phosphate_metabolite,1.0,0.03666666666666667
phosphate_metabolite,1.0,0.03678929765886288
phosphate_metabolite,1.0,0.03691275167785235
phosphate_metabolite,1.0,0.037037037037037035
phosphate_metabolite,1.0,0.037162162162162164
phosphate_metabolite,1.0,0.03728813559322034
phosphate_metabolite,1.0,0.03741496598639456
phosphate_metabolite,1.0,0.03754266211604096
phosphate_metabolite,1.0,0.03767123287671233
phosphate_metabolite,1.0,0.037800687285223365
phosphate_metabolite,1.0,0.03793103448275862
phosphate_metabolite,1.0,0.03806228373702422
phosphate_metabolite,1.0,0.03819444444444445
phosphate_metabolite,1.0,0.03832752613240418
phosphate_metabolite,1.0,0.038461538461538464
phosphate_metabolite,1.0,0.03859649122807018
phosphate_metabolite,1.0,0.03873239436619718
phosphate_metabolite,1.0,0.038869257950530034
phosphate_metabolite,1.0,0.03900709219858156
phosphate_metabolite,1.0,0.03914590747330961
phosphate_metabolite,1.0,0.039285714285714285
phosphate_metabolite,1.0,0.03942652329749104
phosphate_metabolite,1.0,0.039568345323741004
phosphate_metabolite,1.0,0.039711191335740074
phosphate_metabolite,1.0,0.03985507246376811
phosphate_metabolite,1.0,0.04
phosphate_metabolite,1.0,0.040145985401459854
phosphate_metabolite,1.0,0.040293040293040296
phosphate_metabolite,1.0,0.04044117647058824
phosphate_metabolite,1.0,0.04059040590405904
phosphate_metabolite,1.0,0.040740740740740744
phosphate_metabolite,1.0,0.040892193308550186
phosphate_metabolite,1.0,0.041044776119402986
phosphate_metabolite,1.0,0.04119850187265917
phosphate_metabolite,1.0,0.041353383458646614
phosphate_metabolite,1.0,0.04150943396226415
phosphate_metabolite,1.0,0.041666666666666664
phosphate_metabolite,1.0,0.04182509505703422
phosphate_metabolite,1.0,0.04198473282442748
phosphate_metabolite,1.0,0.0421455938697318
phosphate_metabolite,1.0,0.04230769230769231
phosphate_metabolite,1.0,0.04247104247104247
phosphate_metabolite,1.0,0.04263565891472868
phosphate_metabolite,1.0,0.042801556420233464
phosphate_metabolite,1.0,0.04296875
phosphate_metabolite,1.0,0.043137254901960784
phosphate_metabolite,1.0,0.04330708661417323
phosphate_metabolite,1.0,0.043478260869565216
phosphate_metabolite,1.0,0.04365079365079365
phosphate_metabolite,1.0,0.043824701195219126
phosphate_metabolite,1.0,0.044
phosphate_metabolite,1.0,0.04417670682730924
phosphate_metabolite,1.0,0.04435483870967742
phosphate_metabolite,1.0,0.044534412955465584
phosphate_metabolite,1.0,0.044715447154471545
phosphate_metabolite,1.0,0.044897959183673466
phosphate_metabolite,1.0,0.045081967213114756
phosphate_metabolite,1.0,0.04526748971193416
phosphate_metabolite,1.0,0.045454545454545456
phosphate_metabolite,1.0,0.04564315352697095
phosphate_metabolite,1.0,0.04583333333333333
phosphate_metabolite,1.0,0.04602510460251046
phosphate_metabolite,1.0,0.046218487394957986
phosphate_metabolite,1.0,0.046413502109704644
phosphate_metabolite,1.0,0.046610169491525424
phosphate_metabolite,1.0,0.04680851063829787
phosphate_metabolite,1.0,0.04700854700854701
phosphate_metabolite,1.0,0.04721030042918455
phosphate_metabolite,1.0,0.04741379310344827
phosphate_metabolite,1.0,0.047619047619047616
phosphate_metabolite,1.0,0.04782608695652174
phosphate_metabolite,1.0,0.048034934497816595
phosphate_metabolite,1.0,0.04824561403508772
phosphate_metabolite,1.0,0.048458149779735685
phosphate_metabolite,1.0,0.048672566371681415
phosphate_metabolite,1.0,0.04888888888888889
phosphate_metabolite,1.0,0.049107142857142856
phosphate_metabolite,1.0,0.04932735426008968
phosphate_metabolite,1.0,0.04954954954954955
phosphate_metabolite,1.0,0.049773755656108594
phosphate_metabolite,1.0,0.05
phosphate_metabolite,1.0,0.0502283105022831
phosphate_metabolite,1.0,0.05045871559633028
phosphate_metabolite,1.0,0.05069124423963134
phosphate_metabolite,1.0,0.05092592592592592
phosphate_metabolite,1.0,0.05116279069767442
phosphate_metabolite,1.0,0.0514018691588785
phosphate_metabolite,1.0,0.051643192488262914
phosphate_metabolite,1.0,0.05188679245283019
phosphate_metabolite,1.0,0.052132701421800945
phosphate_metabolite,1.0,0.05238095238095238
phosphate_metabolite,1.0,0.05263157894736842
phosphate_metabolite,1.0,0.052884615384615384
phosphate_metabolite,1.0,0.05314009661835749
phosphate_metabolite,1.0,0.05339805825242718
phosphate_metabolite,1.0,0.05365853658536585
phosphate_metabolite,1.0,0.05392156862745098
phosphate_metabolite,1.0,0.054187192118226604
phosphate_metabolite,1.0,0.054455445544554455
phosphate_metabolite,1.0,0.05472636815920398
phosphate_metabolite,1.0,0.055
phosphate_metabolite,1.0,0.05527638190954774
phosphate_metabolite,1.0,0.05555555555555555
phosphate_metabolite,1.0,0.05583756345177665
phosphate_metabolite,1.0,0.05612244897959184
phosphate_metabolite,1.0,0.05641025641025641
phosphate_metabolite,1.0,0.05670103092783505
phosphate_metabolite,1.0,0.05699481865284974
phosphate_metabolite,1.0,0.057291666666666664
phosphate_metabolite,1.0,0.05759162303664921
phosphate_metabolite,1.0,0.05789473684210526
phosphate_metabolite,1.0,0.0582010582010582
phosphate_metabolite,1.0,0.05851063829787234
phosphate_metabolite,1.0,0.058823529411764705
phosphate_metabolite,1.0,0.05913978494623656
phosphate_metabolite,1.0,0.05945945945945946
phosphate_metabolite,1.0,0.059782608695652176
phosphate_metabolite,1.0,0.060109289617486336
phosphate_metabolite,1.0,0.06043956043956044
phosphate_metabolite,1.0,0.06077348066298342
phosphate_metabolite,1.0,0.06111111111111111
phosphate_metabolite,1.0,0.061452513966480445
phosphate_metabolite,1.0,0.06179775280898876
phosphate_metabolite,1.0,0.062146892655367235
phosphate_metabolite,1.0,0.0625
phosphate_metabolite,1.0,0.06285714285714286
phosphate_metabolite,1.0,0.06321839080459771
phosphate_metabolite,1.0,0.06358381502890173
phosphate_metabolite,1.0,0.06395348837209303
phosphate_metabolite,1.0,0.06432748538011696
phosphate_metabolite,1.0,0.06470588235294118
phosphate_metabolite,1.0,0.0650887573964497
phosphate_metabolite,1.0,0.06547619047619048
phosphate_metabolite,1.0,0.0658682634730539
phosphate_metabolite,1.0,0.06626506024096386
phosphate_metabolite,1.0,0.06666666666666667
phosphate_metabolite,1.0,0.06707317073170732
phosphate_metabolite,1.0,0.06748466257668712
phosphate_metabolite,1.0,0.06790123456790123
phosphate_metabolite,1.0,0.06832298136645963
phosphate_metabolite,1.0,0.06875
phosphate_metabolite,1.0,0.06918238993710692
phosphate_metabolite,1.0,0.06962025316455696
phosphate_metabolite,1.0,0.07006369426751592
phosphate_metabolite,1.0,0.07051282051282051
phosphate_metabolite,1.0,0.07096774193548387
phosphate_metabolite,1.0,0.07142857142857142
phosphate_metabolite,1.0,0.0718954248366013
phosphate_metabolite,1.0,0.07236842105263158
phosphate_metabolite,1.0,0.0728476821192053
phosphate_metabolite,1.0,0.07333333333333333
phosphate_metabolite,1.0,0.0738255033557047
phosphate_metabolite,1.0,0.07432432432432433
phosphate_metabolite,1.0,0.07482993197278912
phosphate_metabolite,1.0,0.07534246575342465
phosphate_metabolite,1.0,0.07586206896551724
phosphate_metabolite,1.0,0.0763888888888889
phosphate_metabolite,1.0,0.07692307692307693
phosphate_metabolite,1.0,0.07746478873239436
phosphate_metabolite,1.0,0.07801418439716312
phosphate_metabolite,1.0,0.07857142857142857
phosphate_metabolite,1.0,0.07913669064748201
phosphate_metabolite,1.0,0.07971014492753623
phosphate_metabolite,1.0,0.08029197080291971
phosphate_metabolite,1.0,0.08088235294117647
phosphate_metabolite,1.0,0.08148148148148149
phosphate_metabolite,1.0,0.08208955223880597
phosphate_metabolite,1.0,0.08270676691729323
phosphate_metabolite,1.0,0.08333333333333333
phosphate_metabolite,1.0,0.08396946564885496
phosphate_metabolite,1.0,0.08461538461538462
phosphate_metabolite,1.0,0.08527131782945736
phosphate_metabolite,1.0,0.0859375
phosphate_metabolite,1.0,0.08661417322834646
phosphate_metabolite,1.0,0.0873015873015873
phosphate_metabolite,1.0,0.088
phosphate_metabolite,1.0,0.08870967741935484
phosphate_metabolite,1.0,0.08943089430894309
phosphate_metabolite,1.0,0.09016393442622951
phosphate_metabolite,1.0,0.09090909090909091
phosphate_metabolite,1.0,0.09166666666666666
phosphate_metabolite,1.0,0.09243697478991597
phosphate_metabolite,1.0,0.09322033898305085
phosphate_metabolite,1.0,0.09401709401709402
phosphate_metabolite,1.0,0.09482758620689655
phosphate_metabolite,1.0,0.09565217391304348
phosphate_metabolite,1.0,0.09649122807017543
phosphate_metabolite,1.0,0.09734513274336283
phosphate_metabolite,1.0,0.09821428571428571
phosphate_metabolite,1.0,0.0990990990990991
phosphate_metabolite,1.0,0.1
phosphate_metabolite,1.0,0.10091743119266056
phosphate_metabolite,1.0,0.10185185185185185
phosphate_metabolite,1.0,0.102803738317757
phosphate_metabolite,1.0,0.10377358490566038
phosphate_metabolite,1.0,0.10476190476190476
phosphate_metabolite,1.0,0.10576923076923077
phosphate_metabolite,1.0,0.10679611650485436
phosphate_metabolite,1.0,0.10784313725490197
phosphate_metabolite,1.0,0.10891089108910891
phosphate_metabolite,1.0,0.11
phosphate_metabolite,1.0,0.1111111111111111
phosphate_metabolite,1.0,0.11224489795918367
phosphate_metabolite,1.0,0.1134020618556701
phosphate_metabolite,1.0,0.11458333333333333
phosphate_metabolite,1.0,0.11578947368421053
phosphate_metabolite,1.0,0.11702127659574468
phosphate_metabolite,1.0,0.11827956989247312
phosphate_metabolite,1.0,0.11956521739130435
phosphate_metabolite,1.0,0.12087912087912088
phosphate_metabolite,1.0,0.12222222222222222
phosphate_metabolite,1.0,0.12359550561797752
phosphate_metabolite,1.0,0.125
phosphate_metabolite,1.0,0.12643678160919541
phosphate_metabolite,1.0,0.12790697674418605
phosphate_metabolite,1.0,0.12941176470588237
phosphate_metabolite,1.0,0.13095238095238096
phosphate_metabolite,1.0,0.13253012048192772
phosphate_metabolite,1.0,0.13414634146341464
phosphate_metabolite,1.0,0.13580246913580246
phosphate_metabolite,1.0,0.1375
phosphate_metabolite,1.0,0.13924050632911392
phosphate_metabolite,1.0,0.14102564102564102
phosphate_metabolite,1.0,0.14285714285714285
phosphate_metabolite,1.0,0.14473684210526316
phosphate_metabolite,1.0,0.14666666666666667
phosphate_metabolite,1.0,0.14864864864864866
phosphate_metabolite,1.0,0.1506849315068493
phosphate_metabolite,1.0,0.1527777777777778
phosphate_metabolite,1.0,0.15492957746478872
phosphate_metabolite,1.0,0.15714285714285714
phosphate_metabolite,1.0,0.15942028985507245
phosphate_metabolite,1.0,0.16176470588235295
phosphate_metabolite,1.0,0.16417910447761194
phosphate_metabolite,1.0,0.16666666666666666
phosphate_metabolite,1.0,0.16923076923076924
phosphate_metabolite,1.0,0.171875
phosphate_metabolite,1.0,0.1746031746031746
phosphate_metabolite,1.0,0.1774193548387097
phosphate_metabolite,1.0,0.18032786885245902
phosphate_metabolite,1.0,0.18333333333333332
phosphate_metabolite,1.0,0.1864406779661017
phosphate_metabolite,1.0,0.1896551724137931
phosphate_metabolite,1.0,0.19298245614035087
phosphate_metabolite,1.0,0.19642857142857142
phosphate_metabolite,1.0,0.2
phosphate_metabolite,1.0,0.2037037037037037
phosphate_metabolite,1.0,0.20754716981132076
phosphate_metabolite,1.0,0.21153846153846154
phosphate_metabolite,1.0,0.21568627450980393
phosphate_metabolite,1.0,0.22
phosphate_metabolite,1.0,0.22448979591836735
phosphate_metabolite,1.0,0.22916666666666666
phosphate_metabolite,1.0,0.23404255319148937
phosphate_metabolite,1.0,0.2391304347826087
phosphate_metabolite,1.0,0.24444444444444444
phosphate_metabolite,1.0,0.25
phosphate_metabolite,1.0,0.2558139534883721
phosphate_metabolite,1.0,0.2619047619047619
phosphate_metabolite,1.0,0.2682926829268293
phosphate_metabolite,1.0,0.275
phosphate_metabolite,1.0,0.28205128205128205
phosphate_metabolite,1.0,0.2894736842105263
phosphate_metabolite,1.0,0.2972972972972973
phosphate_metabolite,1.0,0.3055555555555556
phosphate_metabolite,1.0,0.3142857142857143
phosphate_metabolite,1.0,0.3235294117647059
phosphate_metabolite,1.0,0.3333333333333333
phosphate_metabolite,1.0,0.34375
phosphate_metabolite,1.0,0.3548387096774194
phosphate_metabolite,1.0,0.36666666666666664
phosphate_metabolite,1.0,0.3793103448275862
phosphate_metabolite,1.0,0.39285714285714285
phosphate_metabolite,1.0,0.4074074074074074
phosphate_metabolite,1.0,0.4230769230769231
phosphate_metabolite,1.0,0.44
phosphate_metabolite,1.0,0.4583333333333333
phosphate_metabolite,1.0,0.4782608695652174
phosphate_metabolite,1.0,0.5
phosphate_metabolite,1.0,0.5238095238095238
phosphate_metabolite,1.0,0.55
phosphate_metabolite,1.0,0.5789473684210527
phosphate_metabolite,1.0,0.6111111111111112
phosphate_metabolite,1.0,0.6470588235294118
phosphate_metabolite,1.0,0.6875
phosphate_metabolite,0.9090909090909091,0.6666666666666666
phosphate_metabolite,0.9090909090909091,0.7142857142857143
phosphate_metabolite,0.9090909090909091,0.7692307692307693
phosphate_metabolite,0.9090909090909091,0.8333333333333334
phosphate_metabolite,0.9090909090909091,0.9090909090909091
phosphate_metabolite,0.9090909090909091,1.0
phosphate_metabolite,0.8181818181818182,1.0
phosphate_metabolite,0.7272727272727273,1.0
phosphate_metabolite,0.6363636363636364,1.0
phosphate_metabolite,0.5454545454545454,1.0
phosphate_metabolite,0.45454545454545453,1.0
phosphate_metabolite,0.36363636363636365,1.0
phosphate_metabolite,0.2727272727272727,1.0
phosphate_metabolite,0.18181818181818182,1.0
phosphate_metabolite,0.09090909090909091,1.0
phosphate_metabolite,0.0,1.0
phospholipid_sphingolipid,1.0,0.021333333333333333
phospholipid_sphingolipid,1.0,0.0213903743315508
phospholipid_sphingolipid,1.0,0.021447721179624665
phospholipid_sphingolipid,1.0,0.021505376344086023
phospholipid_sphingolipid,1.0,0.0215633423180593
phospholipid_sphingolipid,1.0,0.021621621621621623
phospholipid_sphingolipid,1.0,0.02168021680216802
phospholipid_sphingolipid,1.0,0.021739130434782608
phospholipid_sphingolipid,1.0,0.021798365122615803
phospholipid_sphingolipid,1.0,0.02185792349726776
phospholipid_sphingolipid,1.0,0.021917808219178082
phospholipid_sphingolipid,1.0,0.02197802197802198
phospholipid_sphingolipid,1.0,0.02203856749311295
phospholipid_sphingolipid,1.0,0.022099447513812154
phospholipid_sphingolipid,1.0,0.0221606648199446
phospholipid_sphingolipid,1.0,0.022222222222222223
phospholipid_sphingolipid,1.0,0.022284122562674095
phospholipid_sphingolipid,1.0,0.0223463687150838
phospholipid_sphingolipid,1.0,0.022408963585434174
phospholipid_sphingolipid,1.0,0.02247191011235955
phospholipid_sphingolipid,1.0,0.022535211267605635
phospholipid_sphingolipid,1.0,0.022598870056497175
phospholipid_sphingolipid,1.0,0.0226628895184136
phospholipid_sphingolipid,1.0,0.022727272727272728
phospholipid_sphingolipid,1.0,0.022792022792022793
phospholipid_sphingolipid,1.0,0.022857142857142857
phospholipid_sphingolipid,1.0,0.022922636103151862
phospholipid_sphingolipid,1.0,0.022988505747126436
phospholipid_sphingolipid,1.0,0.023054755043227664
phospholipid_sphingolipid,1.0,0.023121387283236993
phospholipid_sphingolipid,1.0,0.02318840579710145
phospholipid_sphingolipid,1.0,0.023255813953488372
phospholipid_sphingolipid,1.0,0.023323615160349854
phospholipid_sphingolipid,1.0,0.023391812865497075
phospholipid_sphingolipid,1.0,0.02346041055718475
phospholipid_sphingolipid,1.0,0.023529411764705882
phospholipid_sphingolipid,1.0,0.02359882005899705
phospholipid_sphingolipid,1.0,0.023668639053254437
phospholipid_sphingolipid,1.0,0.02373887240356083
phospholipid_sphingolipid,1.0,0.023809523809523808
phospholipid_sphingolipid,1.0,0.023880597014925373
phospholipid_sphingolipid,1.0,0.023952095808383235
phospholipid_sphingolipid,1.0,0.024024024024024024
phospholipid_sphingolipid,1.0,0.024096385542168676
phospholipid_sphingolipid,1.0,0.02416918429003021
phospholipid_sphingolipid,1.0,0.024242424242424242
phospholipid_sphingolipid,1.0,0.0243161094224924
phospholipid_sphingolipid,1.0,0.024390243902439025
phospholipid_sphingolipid,1.0,0.024464831804281346
phospholipid_sphingolipid,1.0,0.024539877300613498
phospholipid_sphingolipid,1.0,0.024615384615384615
phospholipid_sphingolipid,1.0,0.024691358024691357
phospholipid_sphingolipid,1.0,0.02476780185758514
phospholipid_sphingolipid,1.0,0.024844720496894408
phospholipid_sphingolipid,1.0,0.024922118380062305
phospholipid_sphingolipid,1.0,0.025
phospholipid_sphingolipid,1.0,0.025078369905956112
phospholipid_sphingolipid,1.0,0.025157232704402517
phospholipid_sphingolipid,1.0,0.025236593059936908
phospholipid_sphingolipid,1.0,0.02531645569620253
phospholipid_sphingolipid,1.0,0.025396825396825397
phospholipid_sphingolipid,1.0,0.025477707006369428
phospholipid_sphingolipid,1.0,0.025559105431309903
phospholipid_sphingolipid,1.0,0.02564102564102564
phospholipid_sphingolipid,1.0,0.02572347266881029
phospholipid_sphingolipid,1.0,0.025806451612903226
phospholipid_sphingolipid,1.0,0.025889967637540454
phospholipid_sphingolipid,1.0,0.025974025974025976
phospholipid_sphingolipid,1.0,0.026058631921824105
phospholipid_sphingolipid,1.0,0.026143790849673203
phospholipid_sphingolipid,1.0,0.02622950819672131
phospholipid_sphingolipid,1.0,0.02631578947368421
phospholipid_sphingolipid,1.0,0.026402640264026403
phospholipid_sphingolipid,1.0,0.026490066225165563
phospholipid_sphingolipid,1.0,0.026578073089700997
phospholipid_sphingolipid,1.0,0.02666666666666667
phospholipid_sphingolipid,1.0,0.026755852842809364
phospholipid_sphingolipid,1.0,0.026845637583892617
phospholipid_sphingolipid,1.0,0.026936026936026935
phospholipid_sphingolipid,1.0,0.02702702702702703
phospholipid_sphingolipid,1.0,0.02711864406779661
phospholipid_sphingolipid,1.0,0.027210884353741496
phospholipid_sphingolipid,1.0,0.027303754266211604
phospholipid_sphingolipid,1.0,0.0273972602739726
phospholipid_sphingolipid,1.0,0.027491408934707903
phospholipid_sphingolipid,1.0,0.027586206896551724
phospholipid_sphingolipid,1.0,0.02768166089965398
phospholipid_sphingolipid,1.0,0.027777777777777776
phospholipid_sphingolipid,1.0,0.027874564459930314
phospholipid_sphingolipid,1.0,0.027972027972027972
phospholipid_sphingolipid,1.0,0.028070175438596492
phospholipid_sphingolipid,1.0,0.028169014084507043
phospholipid_sphingolipid,1.0,0.028268551236749116
phospholipid_sphingolipid,1.0,0.028368794326241134
phospholipid_sphingolipid,1.0,0.028469750889679714
phospholipid_sphingolipid,1.0,0.02857142857142857
phospholipid_sphingolipid,1.0,0.02867383512544803
phospholipid_sphingolipid,1.0,0.02877697841726619
phospholipid_sphingolipid,1.0,0.02888086642599278
phospholipid_sphingolipid,1.0,0.028985507246376812
phospholipid_sphingolipid,1.0,0.02909090909090909
phospholipid_sphingolipid,1.0,0.029197080291970802
phospholipid_sphingolipid,1.0,0.029304029304029304
phospholipid_sphingolipid,1.0,0.029411764705882353
phospholipid_sphingolipid,1.0,0.02952029520295203
phospholipid_sphingolipid,1.0,0.02962962962962963
phospholipid_sphingolipid,1.0,0.02973977695167286
phospholipid_sphingolipid,1.0,0.029850746268656716
phospholipid_sphingolipid,1.0,0.0299625468164794
phospholipid_sphingolipid,1.0,0.03007518796992481
phospholipid_sphingolipid,1.0,0.03018867924528302
phospholipid_sphingolipid,1.0,0.030303030303030304
phospholipid_sphingolipid,1.0,0.030418250950570342
phospholipid_sphingolipid,1.0,0.030534351145038167
phospholipid_sphingolipid,1.0,0.03065134099616858
phospholipid_sphingolipid,1.0,0.03076923076923077
phospholipid_sphingolipid,1.0,0.03088803088803089
phospholipid_sphingolipid,1.0,0.031007751937984496
phospholipid_sphingolipid,1.0,0.0311284046692607
phospholipid_sphingolipid,1.0,0.03125
phospholipid_sphingolipid,1.0,0.03137254901960784
phospholipid_sphingolipid,1.0,0.031496062992125984
phospholipid_sphingolipid,1.0,0.03162055335968379
phospholipid_sphingolipid,1.0,0.031746031746031744
phospholipid_sphingolipid,1.0,0.03187250996015936
phospholipid_sphingolipid,1.0,0.032
phospholipid_sphingolipid,1.0,0.0321285140562249
phospholipid_sphingolipid,1.0,0.03225806451612903
phospholipid_sphingolipid,1.0,0.032388663967611336
phospholipid_sphingolipid,1.0,0.032520325203252036
phospholipid_sphingolipid,1.0,0.0326530612244898
phospholipid_sphingolipid,1.0,0.03278688524590164
phospholipid_sphingolipid,1.0,0.03292181069958848
phospholipid_sphingolipid,1.0,0.03305785123966942
phospholipid_sphingolipid,1.0,0.03319502074688797
phospholipid_sphingolipid,1.0,0.03333333333333333
phospholipid_sphingolipid,1.0,0.03347280334728033
phospholipid_sphingolipid,1.0,0.03361344537815126
phospholipid_sphingolipid,1.0,0.03375527426160337
phospholipid_sphingolipid,1.0,0.03389830508474576
phospholipid_sphingolipid,1.0,0.03404255319148936
phospholipid_sphingolipid,1.0,0.03418803418803419
phospholipid_sphingolipid,1.0,0.034334763948497854
phospholipid_sphingolipid,1.0,0.034482758620689655
phospholipid_sphingolipid,1.0,0.03463203463203463
phospholipid_sphingolipid,1.0,0.034782608695652174
phospholipid_sphingolipid,1.0,0.034934497816593885
phospholipid_sphingolipid,1.0,0.03508771929824561
phospholipid_sphingolipid,1.0,0.03524229074889868
phospholipid_sphingolipid,1.0,0.035398230088495575
phospholipid_sphingolipid,1.0,0.035555555555555556
phospholipid_sphingolipid,1.0,0.03571428571428571
phospholipid_sphingolipid,1.0,0.03587443946188341
phospholipid_sphingolipid,1.0,0.036036036036036036
phospholipid_sphingolipid,1.0,0.03619909502262444
phospholipid_sphingolipid,1.0,0.03636363636363636
phospholipid_sphingolipid,1.0,0.0365296803652968
phospholipid_sphingolipid,1.0,0.03669724770642202
phospholipid_sphingolipid,1.0,0.03686635944700461
phospholipid_sphingolipid,1.0,0.037037037037037035
phospholipid_sphingolipid,1.0,0.037209302325581395
phospholipid_sphingolipid,1.0,0.037383177570093455
phospholipid_sphingolipid,1.0,0.03755868544600939
phospholipid_sphingolipid,1.0,0.03773584905660377
phospholipid_sphingolipid,1.0,0.037914691943127965
phospholipid_sphingolipid,1.0,0.0380952380952381
phospholipid_sphingolipid,1.0,0.03827751196172249
phospholipid_sphingolipid,1.0,0.038461538461538464
phospholipid_sphingolipid,1.0,0.03864734299516908
phospholipid_sphingolipid,1.0,0.038834951456310676
phospholipid_sphingolipid,1.0,0.03902439024390244
phospholipid_sphingolipid,1.0,0.0392156862745098
phospholipid_sphingolipid,1.0,0.03940886699507389
phospholipid_sphingolipid,1.0,0.039603960396039604
phospholipid_sphingolipid,1.0,0.03980099502487562
phospholipid_sphingolipid,1.0,0.04
phospholipid_sphingolipid,1.0,0.04020100502512563
phospholipid_sphingolipid,1.0,0.04040404040404041
phospholipid_sphingolipid,1.0,0.04060913705583756
phospholipid_sphingolipid,1.0,0.04081632653061224
phospholipid_sphingolipid,1.0,0.041025641025641026
phospholipid_sphingolipid,1.0,0.041237113402061855
phospholipid_sphingolipid,1.0,0.04145077720207254
phospholipid_sphingolipid,1.0,0.041666666666666664
phospholipid_sphingolipid,1.0,0.041884816753926704
phospholipid_sphingolipid,1.0,0.042105263157894736
phospholipid_sphingolipid,1.0,0.042328042328042326
phospholipid_sphingolipid,1.0,0.0425531914893617
phospholipid_sphingolipid,1.0,0.0427807486631016
phospholipid_sphingolipid,1.0,0.043010752688172046
phospholipid_sphingolipid,1.0,0.043243243243243246
phospholipid_sphingolipid,1.0,0.043478260869565216
phospholipid_sphingolipid,1.0,0.04371584699453552
phospholipid_sphingolipid,1.0,0.04395604395604396
phospholipid_sphingolipid,1.0,0.04419889502762431
phospholipid_sphingolipid,1.0,0.044444444444444446
phospholipid_sphingolipid,1.0,0.0446927374301676
phospholipid_sphingolipid,1.0,0.0449438202247191
phospholipid_sphingolipid,1.0,0.04519774011299435
phospholipid_sphingolipid,1.0,0.045454545454545456
phospholipid_sphingolipid,1.0,0.045714285714285714
phospholipid_sphingolipid,1.0,0.04597701149425287
phospholipid_sphingolipid,1.0,0.046242774566473986
phospholipid_sphingolipid,1.0,0.046511627906976744
phospholipid_sphingolipid,1.0,0.04678362573099415
phospholipid_sphingolipid,1.0,0.047058823529411764
phospholipid_sphingolipid,1.0,0.047337278106508875
phospholipid_sphingolipid,1.0,0.047619047619047616
phospholipid_sphingolipid,1.0,0.04790419161676647
phospholipid_sphingolipid,1.0,0.04819277108433735
phospholipid_sphingolipid,1.0,0.048484848484848485
phospholipid_sphingolipid,1.0,0.04878048780487805
phospholipid_sphingolipid,1.0,0.049079754601226995
phospholipid_sphingolipid,1.0,0.04938271604938271
phospholipid_sphingolipid,1.0,0.049689440993788817
phospholipid_sphingolipid,1.0,0.05
phospholipid_sphingolipid,1.0,0.050314465408805034
phospholipid_sphingolipid,1.0,0.05063291139240506
phospholipid_sphingolipid,1.0,0.050955414012738856
phospholipid_sphingolipid,1.0,0.05128205128205128
phospholipid_sphingolipid,1.0,0.05161290322580645
phospholipid_sphingolipid,1.0,0.05194805194805195
phospholipid_sphingolipid,1.0,0.05228758169934641
phospholipid_sphingolipid,1.0,0.05263157894736842
phospholipid_sphingolipid,1.0,0.052980132450331126
phospholipid_sphingolipid,1.0,0.05333333333333334
phospholipid_sphingolipid,1.0,0.053691275167785234
phospholipid_sphingolipid,1.0,0.05405405405405406
phospholipid_sphingolipid,1.0,0.05442176870748299
phospholipid_sphingolipid,1.0,0.0547945205479452
phospholipid_sphingolipid,1.0,0.05517241379310345
phospholipid_sphingolipid,1.0,0.05555555555555555
phospholipid_sphingolipid,1.0,0.055944055944055944
phospholipid_sphingolipid,1.0,0.056338028169014086
phospholipid_sphingolipid,1.0,0.05673758865248227
phospholipid_sphingolipid,1.0,0.05714285714285714
phospholipid_sphingolipid,1.0,0.05755395683453238
phospholipid_sphingolipid,1.0,0.057971014492753624
phospholipid_sphingolipid,1.0,0.058394160583941604
phospholipid_sphingolipid,1.0,0.058823529411764705
phospholipid_sphingolipid,1.0,0.05925925925925926
phospholipid_sphingolipid,1.0,0.05970149253731343
phospholipid_sphingolipid,1.0,0.06015037593984962
phospholipid_sphingolipid,1.0,0.06060606060606061
phospholipid_sphingolipid,1.0,0.061068702290076333
phospholipid_sphingolipid,1.0,0.06153846153846154
phospholipid_sphingolipid,1.0,0.06201550387596899
phospholipid_sphingolipid,1.0,0.0625
phospholipid_sphingolipid,1.0,0.06299212598425197
phospholipid_sphingolipid,1.0,0.06349206349206349
phospholipid_sphingolipid,1.0,0.064
phospholipid_sphingolipid,1.0,0.06451612903225806
phospholipid_sphingolipid,1.0,0.06504065040650407
phospholipid_sphingolipid,1.0,0.06557377049180328
phospholipid_sphingolipid,1.0,0.06611570247933884
phospholipid_sphingolipid,1.0,0.06666666666666667
phospholipid_sphingolipid,1.0,0.06722689075630252
phospholipid_sphingolipid,1.0,0.06779661016949153
phospholipid_sphingolipid,1.0,0.06837606837606838
phospholipid_sphingolipid,1.0,0.06896551724137931
phospholipid_sphingolipid,1.0,0.06956521739130435
phospholipid_sphingolipid,1.0,0.07017543859649122
phospholipid_sphingolipid,1.0,0.07079646017699115
phospholipid_sphingolipid,1.0,0.07142857142857142
phospholipid_sphingolipid,1.0,0.07207207207207207
phospholipid_sphingolipid,1.0,0.07272727272727272
phospholipid_sphingolipid,1.0,0.07339449541284404
phospholipid_sphingolipid,1.0,0.07407407407407407
phospholipid_sphingolipid,1.0,0.07476635514018691
phospholipid_sphingolipid,1.0,0.07547169811320754
phospholipid_sphingolipid,1.0,0.0761904761904762
phospholipid_sphingolipid,1.0,0.07692307692307693
phospholipid_sphingolipid,1.0,0.07766990291262135
phospholipid_sphingolipid,1.0,0.0784313725490196
phospholipid_sphingolipid,1.0,0.07920792079207921
phospholipid_sphingolipid,1.0,0.08
phospholipid_sphingolipid,1.0,0.08080808080808081
phospholipid_sphingolipid,1.0,0.08163265306122448
phospholipid_sphingolipid,1.0,0.08247422680412371
phospholipid_sphingolipid,1.0,0.08333333333333333
phospholipid_sphingolipid,1.0,0.08421052631578947
phospholipid_sphingolipid,1.0,0.0851063829787234
phospholipid_sphingolipid,1.0,0.08602150537634409
phospholipid_sphingolipid,1.0,0.08695652173913043
phospholipid_sphingolipid,1.0,0.08791208791208792
phospholipid_sphingolipid,1.0,0.08888888888888889
phospholipid_sphingolipid,1.0,0.0898876404494382
phospholipid_sphingolipid,1.0,0.09090909090909091
phospholipid_sphingolipid,1.0,0.09195402298850575
phospholipid_sphingolipid,1.0,0.09302325581395349
phospholipid_sphingolipid,1.0,0.09411764705882353
phospholipid_sphingolipid,1.0,0.09523809523809523
phospholipid_sphingolipid,1.0,0.0963855421686747
phospholipid_sphingolipid,1.0,0.0975609756097561
phospholipid_sphingolipid,1.0,0.09876543209876543
phospholipid_sphingolipid,1.0,0.1
phospholipid_sphingolipid,1.0,0.10126582278481013
phospholipid_sphingolipid,1.0,0.10256410256410256
phospholipid_sphingolipid,1.0,0.1038961038961039
phospholipid_sphingolipid,1.0,0.10526315789473684
phospholipid_sphingolipid,1.0,0.10666666666666667
phospholipid_sphingolipid,1.0,0.10810810810810811
phospholipid_sphingolipid,1.0,0.1095890410958904
phospholipid_sphingolipid,1.0,0.1111111111111111
phospholipid_sphingolipid,1.0,0.11267605633802817
phospholipid_sphingolipid,1.0,0.11428571428571428
phospholipid_sphingolipid,1.0,0.11594202898550725
phospholipid_sphingolipid,1.0,0.11764705882352941
phospholipid_sphingolipid,1.0,0.11940298507462686
phospholipid_sphingolipid,1.0,0.12121212121212122
phospholipid_sphingolipid,1.0,0.12307692307692308
phospholipid_sphingolipid,1.0,0.125
phospholipid_sphingolipid,1.0,0.12698412698412698
phospholipid_sphingolipid,1.0,0.12903225806451613
phospholipid_sphingolipid,1.0,0.13114754098360656
phospholipid_sphingolipid,1.0,0.13333333333333333
phospholipid_sphingolipid,1.0,0.13559322033898305
phospholipid_sphingolipid,1.0,0.13793103448275862
phospholipid_sphingolipid,1.0,0.14035087719298245
phospholipid_sphingolipid,1.0,0.14285714285714285
phospholipid_sphingolipid,1.0,0.14545454545454545
phospholipid_sphingolipid,1.0,0.14814814814814814
phospholipid_sphingolipid,1.0,0.1509433962264151
phospholipid_sphingolipid,1.0,0.15384615384615385
phospholipid_sphingolipid,1.0,0.1568627450980392
phospholipid_sphingolipid,1.0,0.16
phospholipid_sphingolipid,1.0,0.16326530612244897
phospholipid_sphingolipid,1.0,0.16666666666666666
phospholipid_sphingolipid,1.0,0.1702127659574468
phospholipid_sphingolipid,1.0,0.17391304347826086
phospholipid_sphingolipid,1.0,0.17777777777777778
phospholipid_sphingolipid,1.0,0.18181818181818182
phospholipid_sphingolipid,1.0,0.18604651162790697
phospholipid_sphingolipid,1.0,0.19047619047619047
phospholipid_sphingolipid,1.0,0.1951219512195122
phospholipid_sphingolipid,1.0,0.2
phospholipid_sphingolipid,1.0,0.20512820512820512
phospholipid_sphingolipid,1.0,0.21052631578947367
phospholipid_sphingolipid,1.0,0.21621621621621623
phospholipid_sphingolipid,1.0,0.2222222222222222
phospholipid_sphingolipid,1.0,0.22857142857142856
phospholipid_sphingolipid,1.0,0.23529411764705882
phospholipid_sphingolipid,1.0,0.24242424242424243
phospholipid_sphingolipid,1.0,0.25
phospholipid_sphingolipid,1.0,0.25806451612903225
phospholipid_sphingolipid,1.0,0.26666666666666666
phospholipid_sphingolipid,1.0,0.27586206896551724
phospholipid_sphingolipid,1.0,0.2857142857142857
phospholipid_sphingolipid,1.0,0.2962962962962963
phospholipid_sphingolipid,1.0,0.3076923076923077
phospholipid_sphingolipid,1.0,0.32
phospholipid_sphingolipid,1.0,0.3333333333333333
phospholipid_sphingolipid,1.0,0.34782608695652173
phospholipid_sphingolipid,1.0,0.36363636363636365
phospholipid_sphingolipid,1.0,0.38095238095238093
phospholipid_sphingolipid,1.0,0.4
phospholipid_sphingolipid,1.0,0.42105263157894735
phospholipid_sphingolipid,1.0,0.4444444444444444
phospholipid_sphingolipid,1.0,0.47058823529411764
phospholipid_sphingolipid,1.0,0.5
phospholipid_sphingolipid,1.0,0.5333333333333333
phospholipid_sphingolipid,1.0,0.5714285714285714
phospholipid_sphingolipid,1.0,0.6153846153846154
phospholipid_sphingolipid,1.0,0.6666666666666666
phospholipid_sphingolipid,1.0,0.7272727272727273
phospholipid_sphingolipid,1.0,0.8
phospholipid_sphingolipid,1.0,0.8888888888888888
phospholipid_sphingolipid,1.0,1.0
phospholipid_sphingolipid,0.875,1.0
phospholipid_sphingolipid,0.75,1.0
phospholipid_sphingolipid,0.625,1.0
phospholipid_sphingolipid,0.5,1.0
phospholipid_sphingolipid,0.375,1.0
phospholipid_sphingolipid,0.25,1.0
phospholipid_sphingolipid,0.125,1.0
phospholipid_sphingolipid,0.0,1.0
polysaccharide,1.0,0.02666666666666667
polysaccharide,1.0,0.026737967914438502
polysaccharide,1.0,0.02680965147453083
polysaccharide,1.0,0.026881720430107527
polysaccharide,1.0,0.026954177897574125
polysaccharide,1.0,0.02702702702702703
polysaccharide,1.0,0.02710027100271003
polysaccharide,1.0,0.02717391304347826
polysaccharide,1.0,0.027247956403269755
polysaccharide,1.0,0.0273224043715847
polysaccharide,1.0,0.0273972602739726
polysaccharide,1.0,0.027472527472527472
polysaccharide,1.0,0.027548209366391185
polysaccharide,1.0,0.027624309392265192
polysaccharide,1.0,0.027700831024930747
polysaccharide,1.0,0.027777777777777776
polysaccharide,1.0,0.027855153203342618
polysaccharide,1.0,0.027932960893854747
polysaccharide,1.0,0.028011204481792718
polysaccharide,1.0,0.028089887640449437
polysaccharide,1.0,0.028169014084507043
polysaccharide,1.0,0.02824858757062147
polysaccharide,1.0,0.028328611898016998
polysaccharide,1.0,0.028409090909090908
polysaccharide,1.0,0.02849002849002849
polysaccharide,1.0,0.02857142857142857
polysaccharide,1.0,0.02865329512893983
polysaccharide,1.0,0.028735632183908046
polysaccharide,1.0,0.02881844380403458
polysaccharide,1.0,0.028901734104046242
polysaccharide,1.0,0.028985507246376812
polysaccharide,1.0,0.029069767441860465
polysaccharide,1.0,0.029154518950437316
polysaccharide,1.0,0.029239766081871343
polysaccharide,1.0,0.02932551319648094
polysaccharide,1.0,0.029411764705882353
polysaccharide,1.0,0.029498525073746312
polysaccharide,1.0,0.029585798816568046
polysaccharide,1.0,0.02967359050445104
polysaccharide,1.0,0.02976190476190476
polysaccharide,1.0,0.029850746268656716
polysaccharide,1.0,0.029940119760479042
polysaccharide,1.0,0.03003003003003003
polysaccharide,1.0,0.030120481927710843
polysaccharide,1.0,0.030211480362537766
polysaccharide,1.0,0.030303030303030304
polysaccharide,1.0,0.030395136778115502
polysaccharide,1.0,0.03048780487804878
polysaccharide,1.0,0.03058103975535168
polysaccharide,1.0,0.03067484662576687
polysaccharide,1.0,0.03076923076923077
polysaccharide,1.0,0.030864197530864196
polysaccharide,1.0,0.030959752321981424
polysaccharide,1.0,0.031055900621118012
polysaccharide,1.0,0.03115264797507788
polysaccharide,1.0,0.03125
polysaccharide,1.0,0.03134796238244514
polysaccharide,1.0,0.031446540880503145
polysaccharide,1.0,0.031545741324921134
polysaccharide,1.0,0.03164556962025317
polysaccharide,1.0,0.031746031746031744
polysaccharide,1.0,0.03184713375796178
polysaccharide,1.0,0.03194888178913738
polysaccharide,1.0,0.03205128205128205
polysaccharide,1.0,0.03215434083601286
polysaccharide,1.0,0.03225806451612903
polysaccharide,1.0,0.032362459546925564
polysaccharide,1.0,0.032467532467532464
polysaccharide,1.0,0.03257328990228013
polysaccharide,1.0,0.032679738562091505
polysaccharide,1.0,0.03278688524590164
polysaccharide,1.0,0.03289473684210526
polysaccharide,1.0,0.033003300330033
polysaccharide,1.0,0.033112582781456956
polysaccharide,1.0,0.03322259136212625
polysaccharide,1.0,0.03333333333333333
polysaccharide,1.0,0.033444816053511704
polysaccharide,1.0,0.03355704697986577
polysaccharide,1.0,0.03367003367003367
polysaccharide,1.0,0.033783783783783786
polysaccharide,1.0,0.03389830508474576
polysaccharide,1.0,0.034013605442176874
polysaccharide,1.0,0.034129692832764506
polysaccharide,1.0,0.03424657534246575
polysaccharide,1.0,0.03436426116838488
polysaccharide,1.0,0.034482758620689655
polysaccharide,1.0,0.03460207612456748
polysaccharide,1.0,0.034722222222222224
polysaccharide,1.0,0.03484320557491289
polysaccharide,1.0,0.03496503496503497
polysaccharide,1.0,0.03508771929824561
polysaccharide,1.0,0.035211267605633804
polysaccharide,1.0,0.0353356890459364
polysaccharide,1.0,0.03546099290780142
polysaccharide,1.0,0.03558718861209965
polysaccharide,1.0,0.03571428571428571
polysaccharide,1.0,0.035842293906810034
polysaccharide,1.0,0.03597122302158273
polysaccharide,1.0,0.036101083032490974
polysaccharide,1.0,0.036231884057971016
polysaccharide,1.0,0.03636363636363636
polysaccharide,1.0,0.0364963503649635
polysaccharide,1.0,0.03663003663003663
polysaccharide,1.0,0.03676470588235294
polysaccharide,1.0,0.03690036900369004
polysaccharide,1.0,0.037037037037037035
polysaccharide,1.0,0.03717472118959108
polysaccharide,1.0,0.03731343283582089
polysaccharide,1.0,0.03745318352059925
polysaccharide,1.0,0.03759398496240601
polysaccharide,1.0,0.03773584905660377
polysaccharide,1.0,0.03787878787878788
polysaccharide,1.0,0.03802281368821293
polysaccharide,1.0,0.03816793893129771
polysaccharide,1.0,0.038314176245210725
polysaccharide,1.0,0.038461538461538464
polysaccharide,1.0,0.03861003861003861
polysaccharide,1.0,0.03875968992248062
polysaccharide,1.0,0.038910505836575876
polysaccharide,1.0,0.0390625
polysaccharide,1.0,0.0392156862745098
polysaccharide,1.0,0.03937007874015748
polysaccharide,1.0,0.039525691699604744
polysaccharide,1.0,0.03968253968253968
polysaccharide,1.0,0.0398406374501992
polysaccharide,1.0,0.04
polysaccharide,1.0,0.040160642570281124
polysaccharide,1.0,0.04032258064516129
polysaccharide,1.0,0.04048582995951417
polysaccharide,1.0,0.04065040650406504
polysaccharide,1.0,0.04081632653061224
polysaccharide,1.0,0.040983606557377046
polysaccharide,1.0,0.0411522633744856
polysaccharide,1.0,0.04132231404958678
polysaccharide,1.0,0.04149377593360996
polysaccharide,1.0,0.041666666666666664
polysaccharide,1.0,0.04184100418410042
polysaccharide,1.0,0.04201680672268908
polysaccharide,1.0,0.04219409282700422
polysaccharide,1.0,0.0423728813559322
polysaccharide,1.0,0.0425531914893617
polysaccharide,1.0,0.042735042735042736
polysaccharide,1.0,0.04291845493562232
polysaccharide,1.0,0.04310344827586207
polysaccharide,1.0,0.04329004329004329
polysaccharide,1.0,0.043478260869565216
polysaccharide,1.0,0.043668122270742356
polysaccharide,1.0,0.043859649122807015
polysaccharide,1.0,0.04405286343612335
polysaccharide,1.0,0.04424778761061947
polysaccharide,1.0,0.044444444444444446
polysaccharide,1.0,0.044642857142857144
polysaccharide,1.0,0.04484304932735426
polysaccharide,1.0,0.04504504504504504
polysaccharide,1.0,0.04524886877828054
polysaccharide,1.0,0.045454545454545456
polysaccharide,1.0,0.045662100456621
polysaccharide,1.0,0.045871559633027525
polysaccharide,1.0,0.04608294930875576
polysaccharide,1.0,0.046296296296296294
polysaccharide,1.0,0.046511627906976744
polysaccharide,1.0,0.04672897196261682
polysaccharide,1.0,0.046948356807511735
polysaccharide,1.0,0.04716981132075472
polysaccharide,1.0,0.04739336492890995
polysaccharide,1.0,0.047619047619047616
polysaccharide,1.0,0.04784688995215311
polysaccharide,1.0,0.04807692307692308
polysaccharide,1.0,0.04830917874396135
polysaccharide,1.0,0.04854368932038835
polysaccharide,1.0,0.04878048780487805
polysaccharide,1.0,0.049019607843137254
polysaccharide,1.0,0.04926108374384237
polysaccharide,1.0,0.04950495049504951
polysaccharide,1.0,0.04975124378109453
polysaccharide,1.0,0.05
polysaccharide,1.0,0.05025125628140704
polysaccharide,1.0,0.050505050505050504
polysaccharide,1.0,0.050761421319796954
polysaccharide,1.0,0.05102040816326531
polysaccharide,1.0,0.05128205128205128
polysaccharide,1.0,0.05154639175257732
polysaccharide,1.0,0.05181347150259067
polysaccharide,1.0,0.052083333333333336
polysaccharide,1.0,0.05235602094240838
polysaccharide,1.0,0.05263157894736842
polysaccharide,1.0,0.05291005291005291
polysaccharide,1.0,0.05319148936170213
polysaccharide,1.0,0.053475935828877004
polysaccharide,1.0,0.053763440860215055
polysaccharide,1.0,0.05405405405405406
polysaccharide,1.0,0.05434782608695652
polysaccharide,1.0,0.0546448087431694
polysaccharide,1.0,0.054945054945054944
polysaccharide,1.0,0.055248618784530384
polysaccharide,1.0,0.05555555555555555
polysaccharide,1.0,0.055865921787709494
polysaccharide,1.0,0.056179775280898875
polysaccharide,1.0,0.05649717514124294
polysaccharide,1.0,0.056818181818181816
polysaccharide,1.0,0.05714285714285714
polysaccharide,1.0,0.05747126436781609
polysaccharide,1.0,0.057803468208092484
polysaccharide,1.0,0.05813953488372093
polysaccharide,1.0,0.05847953216374269
polysaccharide,1.0,0.058823529411764705
polysaccharide,1.0,0.05917159763313609
polysaccharide,1.0,0.05952380952380952
polysaccharide,1.0,0.059880239520958084
polysaccharide,1.0,0.060240963855421686
polysaccharide,1.0,0.06060606060606061
polysaccharide,1.0,0.06097560975609756
polysaccharide,1.0,0.06134969325153374
polysaccharide,1.0,0.06172839506172839
polysaccharide,1.0,0.062111801242236024
polysaccharide,1.0,0.0625
polysaccharide,1.0,0.06289308176100629
polysaccharide,1.0,0.06329113924050633
polysaccharide,1.0,0.06369426751592357
polysaccharide,1.0,0.0641025641025641
polysaccharide,1.0,0.06451612903225806
polysaccharide,1.0,0.06493506493506493
polysaccharide,1.0,0.06535947712418301
polysaccharide,1.0,0.06578947368421052
polysaccharide,1.0,0.06622516556291391
polysaccharide,1.0,0.06666666666666667
polysaccharide,1.0,0.06711409395973154
polysaccharide,1.0,0.06756756756756757
polysaccharide,1.0,0.06802721088435375
polysaccharide,1.0,0.0684931506849315
polysaccharide,1.0,0.06896551724137931
polysaccharide,1.0,0.06944444444444445
polysaccharide,1.0,0.06993006993006994
polysaccharide,1.0,0.07042253521126761
polysaccharide,1.0,0.07092198581560284
polysaccharide,1.0,0.07142857142857142
polysaccharide,1.0,0.07194244604316546
polysaccharide,1.0,0.07246376811594203
polysaccharide,1.0,0.072992700729927
polysaccharide,1.0,0.07352941176470588
polysaccharide,1.0,0.07407407407407407
polysaccharide,1.0,0.07462686567164178
polysaccharide,1.0,0.07518796992481203
polysaccharide,1.0,0.07575757575757576
polysaccharide,1.0,0.07633587786259542
polysaccharide,1.0,0.07692307692307693
polysaccharide,1.0,0.07751937984496124
polysaccharide,1.0,0.078125
polysaccharide,1.0,0.07874015748031496
polysaccharide,1.0,0.07936507936507936
polysaccharide,1.0,0.08
polysaccharide,1.0,0.08064516129032258
polysaccharide,1.0,0.08130081300813008
polysaccharide,1.0,0.08196721311475409
polysaccharide,1.0,0.08264462809917356
polysaccharide,1.0,0.08333333333333333
polysaccharide,1.0,0.08403361344537816
polysaccharide,1.0,0.0847457627118644
polysaccharide,1.0,0.08547008547008547
polysaccharide,1.0,0.08620689655172414
polysaccharide,1.0,0.08695652173913043
polysaccharide,1.0,0.08771929824561403
polysaccharide,1.0,0.08849557522123894
polysaccharide,1.0,0.08928571428571429
polysaccharide,1.0,0.09009009009009009
polysaccharide,1.0,0.09090909090909091
polysaccharide,1.0,0.09174311926605505
polysaccharide,1.0,0.09259259259259259
polysaccharide,1.0,0.09345794392523364
polysaccharide,1.0,0.09433962264150944
polysaccharide,1.0,0.09523809523809523
polysaccharide,1.0,0.09615384615384616
polysaccharide,1.0,0.0970873786407767
polysaccharide,1.0,0.09803921568627451
polysaccharide,1.0,0.09900990099009901
polysaccharide,1.0,0.1
polysaccharide,1.0,0.10101010101010101
polysaccharide,1.0,0.10204081632653061
polysaccharide,1.0,0.10309278350515463
polysaccharide,1.0,0.10416666666666667
polysaccharide,1.0,0.10526315789473684
polysaccharide,1.0,0.10638297872340426
polysaccharide,1.0,0.10752688172043011
polysaccharide,1.0,0.10869565217391304
polysaccharide,1.0,0.10989010989010989
polysaccharide,1.0,0.1111111111111111
polysaccharide,1.0,0.11235955056179775
polysaccharide,1.0,0.11363636363636363
polysaccharide,1.0,0.11494252873563218
polysaccharide,1.0,0.11627906976744186
polysaccharide,1.0,0.11764705882352941
polysaccharide,1.0,0.11904761904761904
polysaccharide,1.0,0.12048192771084337
polysaccharide,1.0,0.12195121951219512
polysaccharide,1.0,0.12345679012345678
polysaccharide,1.0,0.125
polysaccharide,1.0,0.12658227848101267
polysaccharide,1.0,0.1282051282051282
polysaccharide,1.0,0.12987012987012986
polysaccharide,1.0,0.13157894736842105
polysaccharide,1.0,0.13333333333333333
polysaccharide,1.0,0.13513513513513514
polysaccharide,1.0,0.136986301369863
polysaccharide,1.0,0.1388888888888889
polysaccharide,1.0,0.14084507042253522
polysaccharide,1.0,0.14285714285714285
polysaccharide,1.0,0.14492753623188406
polysaccharide,1.0,0.14705882352941177
polysaccharide,1.0,0.14925373134328357
polysaccharide,1.0,0.15151515151515152
polysaccharide,1.0,0.15384615384615385
polysaccharide,1.0,0.15625
polysaccharide,1.0,0.15873015873015872
polysaccharide,1.0,0.16129032258064516
polysaccharide,1.0,0.16393442622950818
polysaccharide,1.0,0.16666666666666666
polysaccharide,1.0,0.1694915254237288
polysaccharide,1.0,0.1724137931034483
polysaccharide,1.0,0.17543859649122806
polysaccharide,1.0,0.17857142857142858
polysaccharide,1.0,0.18181818181818182
polysaccharide,1.0,0.18518518518518517
polysaccharide,1.0,0.18867924528301888
polysaccharide,1.0,0.19230769230769232
polysaccharide,1.0,0.19607843137254902
polysaccharide,1.0,0.2
polysaccharide,1.0,0.20408163265306123
polysaccharide,1.0,0.20833333333333334
polysaccharide,1.0,0.2127659574468085
polysaccharide,1.0,0.21739130434782608
polysaccharide,1.0,0.2222222222222222
polysaccharide,1.0,0.22727272727272727
polysaccharide,1.0,0.23255813953488372
polysaccharide,1.0,0.23809523809523808
polysaccharide,1.0,0.24390243902439024
polysaccharide,1.0,0.25
polysaccharide,1.0,0.2564102564102564
polysaccharide,1.0,0.2631578947368421
polysaccharide,1.0,0.2702702702702703
polysaccharide,1.0,0.2777777777777778
polysaccharide,1.0,0.2857142857142857
polysaccharide,1.0,0.29411764705882354
polysaccharide,1.0,0.30303030303030304
polysaccharide,1.0,0.3125
polysaccharide,1.0,0.3225806451612903
polysaccharide,1.0,0.3333333333333333
polysaccharide,1.0,0.3448275862068966
polysaccharide,1.0,0.35714285714285715
polysaccharide,1.0,0.37037037037037035
polysaccharide,1.0,0.38461538461538464
polysaccharide,1.0,0.4
polysaccharide,1.0,0.4166666666666667
polysaccharide,1.0,0.43478260869565216
polysaccharide,1.0,0.45454545454545453
polysaccharide,1.0,0.47619047619047616
polysaccharide,1.0,0.5
polysaccharide,1.0,0.5263157894736842
polysaccharide,1.0,0.5555555555555556
polysaccharide,1.0,0.5882352941176471
polysaccharide,1.0,0.625
polysaccharide,1.0,0.6666666666666666
polysaccharide,1.0,0.7142857142857143
polysaccharide,1.0,0.7692307692307693
polysaccharide,1.0,0.8333333333333334
polysaccharide,1.0,0.9090909090909091
polysaccharide,0.9,0.9
polysaccharide,0.8,0.8888888888888888
polysaccharide,0.7,0.875
polysaccharide,0.7,1.0
polysaccharide,0.6,1.0
polysaccharide,0.5,1.0
polysaccharide,0.4,1.0
polysaccharide,0.3,1.0
polysaccharide,0.2,1.0
polysaccharide,0.1,1.0
polysaccharide,0.0,1.0
purine,1.0,0.04533333333333334
purine,1.0,0.045576407506702415
purine,1.0,0.0456989247311828
purine,1.0,0.04582210242587601
purine,1.0,0.04594594594594595
purine,1.0,0.04607046070460705
purine,1.0,0.04619565217391304
purine,1.0,0.04632152588555858
purine,1.0,0.04644808743169399
purine,1.0,0.04657534246575343
purine,1.0,0.046703296703296704
purine,1.0,0.046831955922865015
purine,1.0,0.04696132596685083
purine,1.0,0.04709141274238227
purine,1.0,0.04722222222222222
purine,1.0,0.04735376044568245
purine,1.0,0.04748603351955307
purine,1.0,0.047619047619047616
purine,1.0,0.047752808988764044
purine,1.0,0.04788732394366197
purine,1.0,0.0480225988700565
purine,1.0,0.04815864022662889
purine,1.0,0.048295454545454544
purine,1.0,0.04843304843304843
purine,1.0,0.04857142857142857
purine,1.0,0.04871060171919771
purine,1.0,0.04885057471264368
purine,1.0,0.04899135446685879
purine,1.0,0.049132947976878616
purine,1.0,0.04927536231884058
purine,1.0,0.04941860465116279
purine,1.0,0.04956268221574344
purine,1.0,0.049707602339181284
purine,1.0,0.04985337243401759
purine,1.0,0.05
purine,1.0,0.05014749262536873
purine,1.0,0.05029585798816568
purine,1.0,0.050445103857566766
purine,1.0,0.050595238095238096
purine,1.0,0.050746268656716415
purine,1.0,0.05089820359281437
purine,1.0,0.05105105105105105
purine,1.0,0.05120481927710843
purine,1.0,0.0513595166163142
purine,1.0,0.051515151515151514
purine,1.0,0.05167173252279635
purine,1.0,0.051829268292682924
purine,1.0,0.05198776758409786
purine,1.0,0.05214723926380368
purine,1.0,0.052307692307692305
purine,1.0,0.05246913580246913
purine,1.0,0.05263157894736842
purine,1.0,0.052795031055900624
purine,1.0,0.0529595015576324
purine,1.0,0.053125
purine,1.0,0.05329153605015674
purine,1.0,0.05345911949685535
purine,1.0,0.05362776025236593
purine,1.0,0.05379746835443038
purine,1.0,0.05396825396825397
purine,1.0,0.054140127388535034
purine,1.0,0.054313099041533544
purine,1.0,0.05448717948717949
purine,1.0,0.05466237942122187
purine,1.0,0.054838709677419356
purine,1.0,0.05501618122977346
purine,1.0,0.05519480519480519
purine,1.0,0.05537459283387622
purine,1.0,0.05555555555555555
purine,1.0,0.05573770491803279
purine,1.0,0.05592105263157895
purine,1.0,0.056105610561056105
purine,1.0,0.056291390728476824
purine,1.0,0.05647840531561462
purine,1.0,0.056666666666666664
purine,1.0,0.056856187290969896
purine,1.0,0.05704697986577181
purine,1.0,0.05723905723905724
purine,1.0,0.057432432432432436
purine,1.0,0.0576271186440678
purine,1.0,0.05782312925170068
purine,1.0,0.05802047781569966
purine,1.0,0.05821917808219178
purine,1.0,0.058419243986254296
purine,1.0,0.05862068965517241
purine,1.0,0.058823529411764705
purine,1.0,0.059027777777777776
purine,1.0,0.059233449477351915
purine,1.0,0.05944055944055944
purine,1.0,0.05964912280701754
purine,1.0,0.05985915492957746
purine,1.0,0.06007067137809187
purine,1.0,0.06028368794326241
purine,1.0,0.060498220640569395
purine,1.0,0.060714285714285714
purine,1.0,0.06093189964157706
purine,1.0,0.06115107913669065
purine,1.0,0.061371841155234655
purine,1.0,0.06159420289855073
purine,1.0,0.06181818181818182
purine,1.0,0.06204379562043796
purine,1.0,0.06227106227106227
purine,1.0,0.0625
purine,1.0,0.06273062730627306
purine,1.0,0.06296296296296296
purine,1.0,0.06319702602230483
purine,1.0,0.06343283582089553
purine,1.0,0.06367041198501873
purine,1.0,0.06390977443609022
purine,1.0,0.06415094339622641
purine,1.0,0.06439393939393939
purine,1.0,0.06463878326996197
purine,1.0,0.0648854961832061
purine,1.0,0.06513409961685823
purine,1.0,0.06538461538461539
purine,1.0,0.06563706563706563
purine,1.0,0.06589147286821706
purine,1.0,0.06614785992217899
purine,1.0,0.06640625
purine,1.0,0.06666666666666667
purine,1.0,0.06692913385826772
purine,1.0,0.06719367588932806
purine,1.0,0.06746031746031746
purine,1.0,0.06772908366533864
purine,1.0,0.068
purine,1.0,0.06827309236947791
purine,1.0,0.06854838709677419
purine,1.0,0.06882591093117409
purine,1.0,0.06910569105691057
purine,1.0,0.06938775510204082
purine,1.0,0.06967213114754098
purine,1.0,0.06995884773662552
purine,1.0,0.07024793388429752
purine,1.0,0.07053941908713693
purine,1.0,0.07083333333333333
purine,1.0,0.07112970711297072
purine,1.0,0.07142857142857142
purine,1.0,0.07172995780590717
purine,1.0,0.07203389830508475
purine,1.0,0.07234042553191489
purine,1.0,0.07264957264957266
purine,1.0,0.07296137339055794
purine,1.0,0.07327586206896551
purine,1.0,0.0735930735930736
purine,1.0,0.07391304347826087
purine,1.0,0.07423580786026202
purine,1.0,0.07456140350877193
purine,1.0,0.07488986784140969
purine,1.0,0.0752212389380531
purine,1.0,0.07555555555555556
purine,1.0,0.07589285714285714
purine,1.0,0.07623318385650224
purine,1.0,0.07657657657657657
purine,1.0,0.07692307692307693
purine,1.0,0.07727272727272727
purine,1.0,0.0776255707762557
purine,1.0,0.0779816513761468
purine,1.0,0.07834101382488479
purine,1.0,0.0787037037037037
purine,1.0,0.07906976744186046
purine,1.0,0.0794392523364486
purine,1.0,0.07981220657276995
purine,1.0,0.08018867924528301
purine,1.0,0.08056872037914692
purine,1.0,0.08095238095238096
purine,1.0,0.08133971291866028
purine,1.0,0.08173076923076923
purine,1.0,0.0821256038647343
purine,1.0,0.0825242718446602
purine,1.0,0.08292682926829269
purine,1.0,0.08333333333333333
purine,1.0,0.08374384236453201
purine,1.0,0.08415841584158416
purine,1.0,0.0845771144278607
purine,1.0,0.085
purine,1.0,0.08542713567839195
purine,1.0,0.08585858585858586
purine,1.0,0.08629441624365482
purine,1.0,0.08673469387755102
purine,1.0,0.08717948717948718
purine,1.0,0.08762886597938144
purine,1.0,0.08808290155440414
purine,1.0,0.08854166666666667
purine,1.0,0.08900523560209424
purine,1.0,0.08947368421052632
purine,1.0,0.08994708994708994
purine,1.0,0.09042553191489362
purine,1.0,0.09090909090909091
purine,1.0,0.0913978494623656
purine,1.0,0.0918918918918919
purine,1.0,0.09239130434782608
purine,1.0,0.09289617486338798
purine,1.0,0.09340659340659341
purine,1.0,0.09392265193370165
purine,1.0,0.09444444444444444
purine,1.0,0.09497206703910614
purine,1.0,0.09550561797752809
purine,1.0,0.096045197740113
purine,1.0,0.09659090909090909
purine,1.0,0.09714285714285714
purine,1.0,0.09770114942528736
purine,1.0,0.09826589595375723
purine,1.0,0.09883720930232558
purine,1.0,0.09941520467836257
purine,1.0,0.1
purine,1.0,0.10059171597633136
purine,1.0,0.10119047619047619
purine,1.0,0.10179640718562874
purine,1.0,0.10240963855421686
purine,1.0,0.10303030303030303
purine,1.0,0.10365853658536585
purine,1.0,0.10429447852760736
purine,1.0,0.10493827160493827
purine,1.0,0.10559006211180125
purine,1.0,0.10625
purine,1.0,0.1069182389937107
purine,1.0,0.10759493670886076
purine,1.0,0.10828025477707007
purine,1.0,0.10897435897435898
purine,1.0,0.10967741935483871
purine,1.0,0.11038961038961038
purine,1.0,0.1111111111111111
purine,1.0,0.1118421052631579
purine,1.0,0.11258278145695365
purine,1.0,0.11333333333333333
purine,1.0,0.11409395973154363
purine,1.0,0.11486486486486487
purine,1.0,0.11564625850340136
purine,1.0,0.11643835616438356
purine,1.0,0.11724137931034483
purine,1.0,0.11805555555555555
purine,1.0,0.11888111888111888
purine,1.0,0.11971830985915492
purine,1.0,0.12056737588652482
purine,1.0,0.12142857142857143
purine,1.0,0.1223021582733813
purine,1.0,0.12318840579710146
purine,1.0,0.12408759124087591
purine,1.0,0.125
purine,1.0,0.1259259259259259
purine,1.0,0.12686567164179105
purine,1.0,0.12781954887218044
purine,1.0,0.12878787878787878
purine,1.0,0.1297709923664122
purine,1.0,0.13076923076923078
purine,1.0,0.13178294573643412
purine,1.0,0.1328125
purine,1.0,0.13385826771653545
purine,1.0,0.1349206349206349
purine,1.0,0.136
purine,1.0,0.13709677419354838
purine,1.0,0.13821138211382114
purine,1.0,0.13934426229508196
purine,1.0,0.14049586776859505
purine,1.0,0.14166666666666666
purine,1.0,0.14285714285714285
purine,1.0,0.1440677966101695
purine,1.0,0.1452991452991453
purine,1.0,0.14655172413793102
purine,1.0,0.14782608695652175
purine,1.0,0.14912280701754385
purine,1.0,0.1504424778761062
purine,1.0,0.15178571428571427
purine,1.0,0.15315315315315314
purine,1.0,0.15454545454545454
purine,1.0,0.1559633027522936
purine,1.0,0.1574074074074074
purine,1.0,0.1588785046728972
purine,1.0,0.16037735849056603
purine,1.0,0.1619047619047619
purine,1.0,0.16346153846153846
purine,1.0,0.1650485436893204
purine,1.0,0.16666666666666666
purine,1.0,0.16831683168316833
purine,1.0,0.17
purine,1.0,0.1717171717171717
purine,1.0,0.17346938775510204
purine,1.0,0.17525773195876287
purine,1.0,0.17708333333333334
purine,1.0,0.17894736842105263
purine,1.0,0.18085106382978725
purine,1.0,0.1827956989247312
purine,1.0,0.18478260869565216
purine,1.0,0.18681318681318682
purine,1.0,0.18888888888888888
purine,1.0,0.19101123595505617
purine,1.0,0.19318181818181818
purine,1.0,0.19540229885057472
purine,1.0,0.19767441860465115
purine,1.0,0.2
purine,1.0,0.20238095238095238
purine,1.0,0.20481927710843373
purine,1.0,0.2073170731707317
purine,1.0,0.20987654320987653
purine,1.0,0.2125
purine,1.0,0.21518987341772153
purine,1.0,0.21794871794871795
purine,1.0,0.22077922077922077
purine,1.0,0.2236842105263158
purine,1.0,0.22666666666666666
purine,1.0,0.22972972972972974
purine,1.0,0.2328767123287671
purine,1.0,0.2361111111111111
purine,1.0,0.23943661971830985
purine,1.0,0.24285714285714285
purine,1.0,0.2463768115942029
purine,1.0,0.25
purine,1.0,0.2537313432835821
purine,1.0,0.25757575757575757
purine,1.0,0.26153846153846155
purine,1.0,0.265625
purine,1.0,0.2698412698412698
purine,1.0,0.27419354838709675
purine,1.0,0.2786885245901639
purine,1.0,0.2833333333333333
purine,1.0,0.288135593220339
purine,1.0,0.29310344827586204
purine,1.0,0.2982456140350877
purine,1.0,0.30357142857142855
purine,1.0,0.3090909090909091
purine,1.0,0.3148148148148148
purine,1.0,0.32075471698113206
purine,1.0,0.3269230769230769
purine,1.0,0.3333333333333333
purine,1.0,0.34
purine,1.0,0.3469387755102041
purine,1.0,0.3541666666666667
purine,1.0,0.3617021276595745
purine,1.0,0.3695652173913043
purine,1.0,0.37777777777777777
purine,1.0,0.38636363636363635
purine,1.0,0.3953488372093023
purine,1.0,0.40476190476190477
purine,1.0,0.4146341463414634
purine,1.0,0.425
purine,1.0,0.4358974358974359
purine,1.0,0.4473684210526316
purine,1.0,0.4594594594594595
purine,1.0,0.4722222222222222
purine,1.0,0.4857142857142857
purine,1.0,0.5
purine,1.0,0.5151515151515151
purine,1.0,0.53125
purine,1.0,0.5483870967741935
purine,1.0,0.5666666666666667
purine,1.0,0.5862068965517241
purine,1.0,0.6071428571428571
purine,1.0,0.6296296296296297
purine,1.0,0.6538461538461539
purine,1.0,0.68
purine,1.0,0.7083333333333334
purine,1.0,0.7391304347826086
purine,1.0,0.7727272727272727
purine,1.0,0.8095238095238095
purine,1.0,0.85
purine,1.0,0.8947368421052632
purine,1.0,0.9444444444444444
purine,1.0,1.0
purine,0.9411764705882353,1.0
purine,0.8823529411764706,1.0
purine,0.8235294117647058,1.0
purine,0.7647058823529411,1.0
purine,0.7058823529411765,1.0
purine,0.6470588235294118,1.0
purine,0.5882352941176471,1.0
purine,0.5294117647058824,1.0
purine,0.47058823529411764,1.0
purine,0.4117647058823529,1.0
purine,0.35294117647058826,1.0
purine,0.29411764705882354,1.0
purine,0.23529411764705882,1.0
purine,0.17647058823529413,1.0
purine,0.11764705882352941,1.0
purine,0.058823529411764705,1.0
purine,0.0,1.0
pyrimidine,1.0,0.024
pyrimidine,1.0,0.025423728813559324
pyrimidine,1.0,0.025495750708215296
pyrimidine,1.0,0.02556818181818182
pyrimidine,1.0,0.02564102564102564
pyrimidine,1.0,0.025714285714285714
pyrimidine,1.0,0.025787965616045846
pyrimidine,1.0,0.02586206896551724
pyrimidine,1.0,0.025936599423631124
pyrimidine,1.0,0.02601156069364162
pyrimidine,1.0,0.02608695652173913
pyrimidine,1.0,0.02616279069767442
pyrimidine,1.0,0.026239067055393587
pyrimidine,1.0,0.02631578947368421
pyrimidine,1.0,0.026392961876832845
pyrimidine,1.0,0.026470588235294117
pyrimidine,1.0,0.02654867256637168
pyrimidine,1.0,0.026627218934911243
pyrimidine,1.0,0.026706231454005934
pyrimidine,1.0,0.026785714285714284
pyrimidine,1.0,0.026865671641791045
pyrimidine,1.0,0.02694610778443114
pyrimidine,1.0,0.02702702702702703
pyrimidine,1.0,0.02710843373493976
pyrimidine,1.0,0.027190332326283987
pyrimidine,1.0,0.02727272727272727
pyrimidine,1.0,0.02735562310030395
pyrimidine,1.0,0.027439024390243903
pyrimidine,1.0,0.027522935779816515
pyrimidine,1.0,0.027607361963190184
pyrimidine,1.0,0.027692307692307693
pyrimidine,1.0,0.027777777777777776
pyrimidine,1.0,0.02786377708978328
pyrimidine,1.0,0.027950310559006212
pyrimidine,1.0,0.028037383177570093
pyrimidine,1.0,0.028125
pyrimidine,1.0,0.02821316614420063
pyrimidine,1.0,0.02830188679245283
pyrimidine,1.0,0.028391167192429023
pyrimidine,1.0,0.028481012658227847
pyrimidine,1.0,0.02857142857142857
pyrimidine,1.0,0.028662420382165606
pyrimidine,1.0,0.02875399361022364
pyrimidine,1.0,0.028846153846153848
pyrimidine,1.0,0.028938906752411574
pyrimidine,1.0,0.02903225806451613
pyrimidine,1.0,0.02912621359223301
pyrimidine,1.0,0.02922077922077922
pyrimidine,1.0,0.029315960912052116
pyrimidine,1.0,0.029411764705882353
pyrimidine,1.0,0.029508196721311476
pyrimidine,1.0,0.029605263157894735
pyrimidine,1.0,0.0297029702970297
pyrimidine,1.0,0.029801324503311258
pyrimidine,1.0,0.029900332225913623
pyrimidine,1.0,0.03
pyrimidine,1.0,0.030100334448160536
pyrimidine,1.0,0.030201342281879196
pyrimidine,1.0,0.030303030303030304
pyrimidine,1.0,0.030405405405405407
pyrimidine,1.0,0.030508474576271188
pyrimidine,1.0,0.030612244897959183
pyrimidine,1.0,0.030716723549488054
pyrimidine,1.0,0.030821917808219176
pyrimidine,1.0,0.030927835051546393
pyrimidine,1.0,0.03103448275862069
pyrimidine,1.0,0.031141868512110725
pyrimidine,1.0,0.03125
pyrimidine,1.0,0.0313588850174216
pyrimidine,1.0,0.03146853146853147
pyrimidine,1.0,0.031578947368421054
pyrimidine,1.0,0.03169014084507042
pyrimidine,1.0,0.03180212014134275
pyrimidine,1.0,0.031914893617021274
pyrimidine,1.0,0.03202846975088968
pyrimidine,1.0,0.03214285714285714
pyrimidine,1.0,0.03225806451612903
pyrimidine,1.0,0.03237410071942446
pyrimidine,1.0,0.032490974729241874
pyrimidine,1.0,0.03260869565217391
pyrimidine,1.0,0.03272727272727273
pyrimidine,1.0,0.032846715328467155
pyrimidine,1.0,0.03296703296703297
pyrimidine,1.0,0.03308823529411765
pyrimidine,1.0,0.033210332103321034
pyrimidine,1.0,0.03333333333333333
pyrimidine,1.0,0.03345724907063197
pyrimidine,1.0,0.033582089552238806
pyrimidine,1.0,0.033707865168539325
pyrimidine,1.0,0.03383458646616541
pyrimidine,1.0,0.033962264150943396
pyrimidine,1.0,0.03409090909090909
pyrimidine,1.0,0.034220532319391636
pyrimidine,1.0,0.03435114503816794
pyrimidine,1.0,0.034482758620689655
pyrimidine,1.0,0.03461538461538462
pyrimidine,1.0,0.03474903474903475
pyrimidine,1.0,0.03488372093023256
pyrimidine,1.0,0.03501945525291829
pyrimidine,1.0,0.03515625
pyrimidine,1.0,0.03529411764705882
pyrimidine,1.0,0.03543307086614173
pyrimidine,1.0,0.03557312252964427
pyrimidine,1.0,0.03571428571428571
pyrimidine,1.0,0.035856573705179286
pyrimidine,1.0,0.036
pyrimidine,1.0,0.03614457831325301
pyrimidine,1.0,0.036290322580645164
pyrimidine,1.0,0.03643724696356275
pyrimidine,1.0,0.036585365853658534
pyrimidine,1.0,0.036734693877551024
pyrimidine,1.0,0.036885245901639344
pyrimidine,1.0,0.037037037037037035
pyrimidine,1.0,0.0371900826446281
pyrimidine,1.0,0.03734439834024896
pyrimidine,1.0,0.0375
pyrimidine,1.0,0.03765690376569038
pyrimidine,1.0,0.037815126050420166
pyrimidine,1.0,0.0379746835443038
pyrimidine,1.0,0.038135593220338986
pyrimidine,1.0,0.03829787234042553
pyrimidine,1.0,0.038461538461538464
pyrimidine,1.0,0.03862660944206009
pyrimidine,1.0,0.03879310344827586
pyrimidine,1.0,0.03896103896103896
pyrimidine,1.0,0.0391304347826087
pyrimidine,1.0,0.039301310043668124
pyrimidine,1.0,0.039473684210526314
pyrimidine,1.0,0.039647577092511016
pyrimidine,1.0,0.03982300884955752
pyrimidine,1.0,0.04
pyrimidine,1.0,0.04017857142857143
pyrimidine,1.0,0.04035874439461883
pyrimidine,1.0,0.04054054054054054
pyrimidine,1.0,0.04072398190045249
pyrimidine,1.0,0.04090909090909091
pyrimidine,1.0,0.0410958904109589
pyrimidine,1.0,0.04128440366972477
pyrimidine,1.0,0.041474654377880185
pyrimidine,1.0,0.041666666666666664
pyrimidine,1.0,0.04186046511627907
pyrimidine,1.0,0.04205607476635514
pyrimidine,1.0,0.04225352112676056
pyrimidine,1.0,0.04245283018867924
pyrimidine,1.0,0.04265402843601896
pyrimidine,1.0,0.04285714285714286
pyrimidine,1.0,0.0430622009569378
pyrimidine,1.0,0.04326923076923077
pyrimidine,1.0,0.043478260869565216
pyrimidine,1.0,0.043689320388349516
pyrimidine,1.0,0.04390243902439024
pyrimidine,1.0,0.04411764705882353
pyrimidine,1.0,0.04433497536945813
pyrimidine,1.0,0.04455445544554455
pyrimidine,1.0,0.04477611940298507
pyrimidine,1.0,0.045
pyrimidine,1.0,0.04522613065326633
pyrimidine,1.0,0.045454545454545456
pyrimidine,1.0,0.04568527918781726
pyrimidine,1.0,0.04591836734693878
pyrimidine,1.0,0.046153846153846156
pyrimidine,1.0,0.04639175257731959
pyrimidine,1.0,0.046632124352331605
pyrimidine,1.0,0.046875
pyrimidine,1.0,0.04712041884816754
pyrimidine,1.0,0.04736842105263158
pyrimidine,1.0,0.047619047619047616
pyrimidine,1.0,0.047872340425531915
pyrimidine,1.0,0.0481283422459893
pyrimidine,1.0,0.04838709677419355
pyrimidine,1.0,0.04864864864864865
pyrimidine,1.0,0.04891304347826087
pyrimidine,1.0,0.04918032786885246
pyrimidine,1.0,0.04945054945054945
pyrimidine,1.0,0.049723756906077346
pyrimidine,1.0,0.05
pyrimidine,1.0,0.05027932960893855
pyrimidine,1.0,0.05056179775280899
pyrimidine,1.0,0.05084745762711865
pyrimidine,1.0,0.05113636363636364
pyrimidine,1.0,0.05142857142857143
pyrimidine,1.0,0.05172413793103448
pyrimidine,1.0,0.05202312138728324
pyrimidine,1.0,0.05232558139534884
pyrimidine,1.0,0.05263157894736842
pyrimidine,1.0,0.052941176470588235
pyrimidine,1.0,0.05325443786982249
pyrimidine,1.0,0.05357142857142857
pyrimidine,1.0,0.05389221556886228
pyrimidine,1.0,0.05421686746987952
pyrimidine,1.0,0.05454545454545454
pyrimidine,1.0,0.054878048780487805
pyrimidine,1.0,0.05521472392638037
pyrimidine,1.0,0.05555555555555555
pyrimidine,1.0,0.055900621118012424
pyrimidine,1.0,0.05625
pyrimidine,1.0,0.05660377358490566
pyrimidine,1.0,0.056962025316455694
pyrimidine,1.0,0.05732484076433121
pyrimidine,1.0,0.057692307692307696
pyrimidine,1.0,0.05806451612903226
pyrimidine,1.0,0.05844155844155844
pyrimidine,1.0,0.058823529411764705
pyrimidine,1.0,0.05921052631578947
pyrimidine,1.0,0.059602649006622516
pyrimidine,1.0,0.06
pyrimidine,1.0,0.06040268456375839
pyrimidine,1.0,0.060810810810810814
pyrimidine,1.0,0.061224489795918366
pyrimidine,1.0,0.06164383561643835
pyrimidine,1.0,0.06206896551724138
pyrimidine,1.0,0.0625
pyrimidine,1.0,0.06293706293706294
pyrimidine,1.0,0.06338028169014084
pyrimidine,1.0,0.06382978723404255
pyrimidine,1.0,0.06428571428571428
pyrimidine,1.0,0.06474820143884892
pyrimidine,1.0,0.06521739130434782
pyrimidine,1.0,0.06569343065693431
pyrimidine,1.0,0.0661764705882353
pyrimidine,1.0,0.06666666666666667
pyrimidine,1.0,0.06716417910447761
pyrimidine,1.0,0.06766917293233082
pyrimidine,1.0,0.06818181818181818
pyrimidine,1.0,0.06870229007633588
pyrimidine,1.0,0.06923076923076923
pyrimidine,1.0,0.06976744186046512
pyrimidine,1.0,0.0703125
pyrimidine,1.0,0.07086614173228346
pyrimidine,1.0,0.07142857142857142
pyrimidine,1.0,0.072
pyrimidine,1.0,0.07258064516129033
pyrimidine,1.0,0.07317073170731707
pyrimidine,1.0,0.07377049180327869
pyrimidine,1.0,0.0743801652892562
pyrimidine,1.0,0.075
pyrimidine,1.0,0.07563025210084033
pyrimidine,1.0,0.07627118644067797
pyrimidine,1.0,0.07692307692307693
pyrimidine,1.0,0.07758620689655173
pyrimidine,1.0,0.0782608695652174
pyrimidine,1.0,0.07894736842105263
pyrimidine,1.0,0.07964601769911504
pyrimidine,1.0,0.08035714285714286
pyrimidine,1.0,0.08108108108108109
pyrimidine,1.0,0.08181818181818182
pyrimidine,1.0,0.08256880733944955
pyrimidine,1.0,0.08333333333333333
pyrimidine,1.0,0.08411214953271028
pyrimidine,1.0,0.08490566037735849
pyrimidine,1.0,0.08571428571428572
pyrimidine,1.0,0.08653846153846154
pyrimidine,1.0,0.08737864077669903
pyrimidine,1.0,0.08823529411764706
pyrimidine,1.0,0.0891089108910891
pyrimidine,1.0,0.09
pyrimidine,1.0,0.09090909090909091
pyrimidine,1.0,0.09183673469387756
pyrimidine,1.0,0.09278350515463918
pyrimidine,1.0,0.09375
pyrimidine,1.0,0.09473684210526316
pyrimidine,1.0,0.09574468085106383
pyrimidine,1.0,0.0967741935483871
pyrimidine,1.0,0.09782608695652174
pyrimidine,1.0,0.0989010989010989
pyrimidine,1.0,0.1
pyrimidine,1.0,0.10112359550561797
pyrimidine,1.0,0.10227272727272728
pyrimidine,1.0,0.10344827586206896
pyrimidine,1.0,0.10465116279069768
pyrimidine,1.0,0.10588235294117647
pyrimidine,1.0,0.10714285714285714
pyrimidine,1.0,0.10843373493975904
pyrimidine,1.0,0.10975609756097561
pyrimidine,1.0,0.1111111111111111
pyrimidine,1.0,0.1125
pyrimidine,1.0,0.11392405063291139
pyrimidine,1.0,0.11538461538461539
pyrimidine,1.0,0.11688311688311688
pyrimidine,1.0,0.11842105263157894
pyrimidine,1.0,0.12
pyrimidine,1.0,0.12162162162162163
pyrimidine,1.0,0.1232876712328767
pyrimidine,1.0,0.125
pyrimidine,1.0,0.1267605633802817
pyrimidine,1.0,0.12857142857142856
pyrimidine,1.0,0.13043478260869565
pyrimidine,1.0,0.1323529411764706
pyrimidine,1.0,0.13432835820895522
pyrimidine,1.0,0.13636363636363635
pyrimidine,1.0,0.13846153846153847
pyrimidine,1.0,0.140625
pyrimidine,1.0,0.14285714285714285
pyrimidine,1.0,0.14516129032258066
pyrimidine,1.0,0.14754098360655737
pyrimidine,1.0,0.15
pyrimidine,1.0,0.15254237288135594
pyrimidine,1.0,0.15517241379310345
pyrimidine,1.0,0.15789473684210525
pyrimidine,1.0,0.16071428571428573
pyrimidine,1.0,0.16363636363636364
pyrimidine,1.0,0.16666666666666666
pyrimidine,1.0,0.16981132075471697
pyrimidine,1.0,0.17307692307692307
pyrimidine,1.0,0.17647058823529413
pyrimidine,1.0,0.18
pyrimidine,1.0,0.1836734693877551
pyrimidine,1.0,0.1875
pyrimidine,1.0,0.19148936170212766
pyrimidine,1.0,0.1956521739130435
pyrimidine,1.0,0.2
pyrimidine,1.0,0.20454545454545456
pyrimidine,1.0,0.20930232558139536
pyrimidine,1.0,0.21428571428571427
pyrimidine,1.0,0.21951219512195122
pyrimidine,1.0,0.225
pyrimidine,1.0,0.23076923076923078
pyrimidine,1.0,0.23684210526315788
pyrimidine,1.0,0.24324324324324326
pyrimidine,1.0,0.25
pyrimidine,1.0,0.2571428571428571
pyrimidine,1.0,0.2647058823529412
pyrimidine,1.0,0.2727272727272727
pyrimidine,1.0,0.28125
pyrimidine,1.0,0.2903225806451613
pyrimidine,1.0,0.3
pyrimidine,1.0,0.3103448275862069
pyrimidine,1.0,0.32142857142857145
pyrimidine,1.0,0.3333333333333333
pyrimidine,1.0,0.34615384615384615
pyrimidine,1.0,0.36
pyrimidine,1.0,0.375
pyrimidine,1.0,0.391304347826087
pyrimidine,1.0,0.4090909090909091
pyrimidine,1.0,0.42857142857142855
pyrimidine,1.0,0.45
pyrimidine,1.0,0.47368421052631576
pyrimidine,1.0,0.5
pyrimidine,1.0,0.5294117647058824
pyrimidine,1.0,0.5625
pyrimidine,1.0,0.6
pyrimidine,1.0,0.6428571428571429
pyrimidine,1.0,0.6923076923076923
pyrimidine,1.0,0.75
pyrimidine,1.0,0.8181818181818182
pyrimidine,1.0,0.9
pyrimidine,0.8888888888888888,0.8888888888888888
pyrimidine,0.7777777777777778,0.875
pyrimidine,0.6666666666666666,0.8571428571428571
pyrimidine,0.6666666666666666,1.0
pyrimidine,0.5555555555555556,1.0
pyrimidine,0.4444444444444444,1.0
pyrimidine,0.3333333333333333,1.0
pyrimidine,0.2222222222222222,1.0
pyrimidine,0.1111111111111111,1.0
pyrimidine,0.0,1.0
small_nitrogenous,1.0,0.018666666666666668
small_nitrogenous,1.0,0.02005730659025788
small_nitrogenous,1.0,0.020114942528735632
small_nitrogenous,1.0,0.020172910662824207
small_nitrogenous,1.0,0.02023121387283237
small_nitrogenous,1.0,0.020289855072463767
small_nitrogenous,1.0,0.020348837209302327
small_nitrogenous,1.0,0.02040816326530612
small_nitrogenous,1.0,0.02046783625730994
small_nitrogenous,1.0,0.020527859237536656
small_nitrogenous,1.0,0.020588235294117647
small_nitrogenous,1.0,0.02064896755162242
small_nitrogenous,1.0,0.020710059171597635
small_nitrogenous,1.0,0.020771513353115726
small_nitrogenous,1.0,0.020833333333333332
small_nitrogenous,1.0,0.020895522388059702
small_nitrogenous,1.0,0.020958083832335328
small_nitrogenous,1.0,0.021021021021021023
small_nitrogenous,1.0,0.02108433734939759
small_nitrogenous,1.0,0.021148036253776436
small_nitrogenous,1.0,0.021212121212121213
small_nitrogenous,1.0,0.02127659574468085
small_nitrogenous,1.0,0.021341463414634148
small_nitrogenous,1.0,0.021406727828746176
small_nitrogenous,1.0,0.02147239263803681
small_nitrogenous,1.0,0.021538461538461538
small_nitrogenous,1.0,0.021604938271604937
small_nitrogenous,1.0,0.021671826625386997
small_nitrogenous,1.0,0.021739130434782608
small_nitrogenous,1.0,0.021806853582554516
small_nitrogenous,1.0,0.021875
small_nitrogenous,1.0,0.0219435736677116
small_nitrogenous,1.0,0.0220125786163522
small_nitrogenous,1.0,0.022082018927444796
small_nitrogenous,1.0,0.022151898734177215
small_nitrogenous,1.0,0.022222222222222223
small_nitrogenous,1.0,0.022292993630573247
small_nitrogenous,1.0,0.022364217252396165
small_nitrogenous,1.0,0.022435897435897436
small_nitrogenous,1.0,0.022508038585209004
small_nitrogenous,1.0,0.02258064516129032
small_nitrogenous,1.0,0.022653721682847898
small_nitrogenous,1.0,0.022727272727272728
small_nitrogenous,1.0,0.02280130293159609
small_nitrogenous,1.0,0.02287581699346405
small_nitrogenous,1.0,0.022950819672131147
small_nitrogenous,1.0,0.023026315789473683
small_nitrogenous,1.0,0.0231023102310231
small_nitrogenous,1.0,0.023178807947019868
small_nitrogenous,1.0,0.023255813953488372
small_nitrogenous,1.0,0.023333333333333334
small_nitrogenous,1.0,0.023411371237458192
small_nitrogenous,1.0,0.02348993288590604
small_nitrogenous,1.0,0.02356902356902357
small_nitrogenous,1.0,0.02364864864864865
small_nitrogenous,1.0,0.023728813559322035
small_nitrogenous,1.0,0.023809523809523808
small_nitrogenous,1.0,0.023890784982935155
small_nitrogenous,1.0,0.023972602739726026
small_nitrogenous,1.0,0.024054982817869417
small_nitrogenous,1.0,0.02413793103448276
small_nitrogenous,1.0,0.02422145328719723
small_nitrogenous,1.0,0.024305555555555556
small_nitrogenous,1.0,0.024390243902439025
small_nitrogenous,1.0,0.024475524475524476
small_nitrogenous,1.0,0.02456140350877193
small_nitrogenous,1.0,0.02464788732394366
small_nitrogenous,1.0,0.024734982332155476
small_nitrogenous,1.0,0.024822695035460994
small_nitrogenous,1.0,0.02491103202846975
small_nitrogenous,1.0,0.025
small_nitrogenous,1.0,0.025089605734767026
small_nitrogenous,1.0,0.025179856115107913
small_nitrogenous,1.0,0.02527075812274368
small_nitrogenous,1.0,0.025362318840579712
small_nitrogenous,1.0,0.025454545454545455
small_nitrogenous,1.0,0.025547445255474453
small_nitrogenous,1.0,0.02564102564102564
small_nitrogenous,1.0,0.025735294117647058
small_nitrogenous,1.0,0.025830258302583026
small_nitrogenous,1.0,0.025925925925925925
small_nitrogenous,1.0,0.026022304832713755
small_nitrogenous,1.0,0.026119402985074626
small_nitrogenous,1.0,0.026217228464419477
small_nitrogenous,1.0,0.02631578947368421
small_nitrogenous,1.0,0.026415094339622643
small_nitrogenous,1.0,0.026515151515151516
small_nitrogenous,1.0,0.026615969581749048
small_nitrogenous,1.0,0.026717557251908396
small_nitrogenous,1.0,0.02681992337164751
small_nitrogenous,1.0,0.026923076923076925
small_nitrogenous,1.0,0.02702702702702703
small_nitrogenous,1.0,0.027131782945736434
small_nitrogenous,1.0,0.027237354085603113
small_nitrogenous,1.0,0.02734375
small_nitrogenous,1.0,0.027450980392156862
small_nitrogenous,1.0,0.027559055118110236
small_nitrogenous,1.0,0.02766798418972332
small_nitrogenous,1.0,0.027777777777777776
small_nitrogenous,1.0,0.027888446215139442
small_nitrogenous,1.0,0.028
small_nitrogenous,1.0,0.028112449799196786
small_nitrogenous,1.0,0.028225806451612902
small_nitrogenous,1.0,0.02834008097165992
small_nitrogenous,1.0,0.028455284552845527
small_nitrogenous,1.0,0.02857142857142857
small_nitrogenous,1.0,0.028688524590163935
small_nitrogenous,1.0,0.02880658436213992
small_nitrogenous,1.0,0.028925619834710745
small_nitrogenous,1.0,0.029045643153526972
small_nitrogenous,1.0,0.029166666666666667
small_nitrogenous,1.0,0.029288702928870293
small_nitrogenous,1.0,0.029411764705882353
small_nitrogenous,1.0,0.029535864978902954
small_nitrogenous,1.0,0.029661016949152543
small_nitrogenous,1.0,0.029787234042553193
small_nitrogenous,1.0,0.029914529914529916
small_nitrogenous,1.0,0.030042918454935622
small_nitrogenous,1.0,0.03017241379310345
small_nitrogenous,1.0,0.030303030303030304
small_nitrogenous,1.0,0.030434782608695653
small_nitrogenous,1.0,0.03056768558951965
small_nitrogenous,1.0,0.03070175438596491
small_nitrogenous,1.0,0.030837004405286344
small_nitrogenous,1.0,0.030973451327433628
small_nitrogenous,1.0,0.03111111111111111
small_nitrogenous,1.0,0.03125
small_nitrogenous,1.0,0.03139013452914798
small_nitrogenous,1.0,0.03153153153153153
small_nitrogenous,1.0,0.03167420814479638
small_nitrogenous,1.0,0.031818181818181815
small_nitrogenous,1.0,0.0319634703196347
small_nitrogenous,1.0,0.03211009174311927
small_nitrogenous,1.0,0.03225806451612903
small_nitrogenous,1.0,0.032407407407407406
small_nitrogenous,1.0,0.03255813953488372
small_nitrogenous,1.0,0.03271028037383177
small_nitrogenous,1.0,0.03286384976525822
small_nitrogenous,1.0,0.0330188679245283
small_nitrogenous,1.0,0.03317535545023697
small_nitrogenous,1.0,0.03333333333333333
small_nitrogenous,1.0,0.03349282296650718
small_nitrogenous,1.0,0.03365384615384615
small_nitrogenous,1.0,0.033816425120772944
small_nitrogenous,1.0,0.03398058252427184
small_nitrogenous,1.0,0.03414634146341464
small_nitrogenous,1.0,0.03431372549019608
small_nitrogenous,1.0,0.034482758620689655
small_nitrogenous,1.0,0.034653465346534656
small_nitrogenous,1.0,0.03482587064676617
small_nitrogenous,1.0,0.035
small_nitrogenous,1.0,0.035175879396984924
small_nitrogenous,1.0,0.03535353535353535
small_nitrogenous,1.0,0.03553299492385787
small_nitrogenous,1.0,0.03571428571428571
small_nitrogenous,1.0,0.035897435897435895
small_nitrogenous,1.0,0.03608247422680412
small_nitrogenous,1.0,0.03626943005181347
small_nitrogenous,1.0,0.036458333333333336
small_nitrogenous,1.0,0.03664921465968586
small_nitrogenous,1.0,0.03684210526315789
small_nitrogenous,1.0,0.037037037037037035
small_nitrogenous,1.0,0.03723404255319149
small_nitrogenous,1.0,0.0374331550802139
small_nitrogenous,1.0,0.03763440860215054
small_nitrogenous,1.0,0.03783783783783784
small_nitrogenous,1.0,0.03804347826086957
small_nitrogenous,1.0,0.03825136612021858
small_nitrogenous,1.0,0.038461538461538464
small_nitrogenous,1.0,0.03867403314917127
small_nitrogenous,1.0,0.03888888888888889
small_nitrogenous,1.0,0.03910614525139665
small_nitrogenous,1.0,0.03932584269662921
small_nitrogenous,1.0,0.03954802259887006
small_nitrogenous,1.0,0.03977272727272727
small_nitrogenous,1.0,0.04
small_nitrogenous,1.0,0.040229885057471264
small_nitrogenous,1.0,0.04046242774566474
small_nitrogenous,1.0,0.040697674418604654
small_nitrogenous,1.0,0.04093567251461988
small_nitrogenous,1.0,0.041176470588235294
small_nitrogenous,1.0,0.04142011834319527
small_nitrogenous,1.0,0.041666666666666664
small_nitrogenous,1.0,0.041916167664670656
small_nitrogenous,1.0,0.04216867469879518
small_nitrogenous,1.0,0.04242424242424243
small_nitrogenous,1.0,0.042682926829268296
small_nitrogenous,1.0,0.04294478527607362
small_nitrogenous,1.0,0.043209876543209874
small_nitrogenous,1.0,0.043478260869565216
small_nitrogenous,1.0,0.04375
small_nitrogenous,1.0,0.0440251572327044
small_nitrogenous,1.0,0.04430379746835443
small_nitrogenous,1.0,0.044585987261146494
small_nitrogenous,1.0,0.04487179487179487
small_nitrogenous,1.0,0.04516129032258064
small_nitrogenous,1.0,0.045454545454545456
small_nitrogenous,1.0,0.0457516339869281
small_nitrogenous,1.0,0.046052631578947366
small_nitrogenous,1.0,0.046357615894039736
small_nitrogenous,1.0,0.04666666666666667
small_nitrogenous,1.0,0.04697986577181208
small_nitrogenous,1.0,0.0472972972972973
small_nitrogenous,1.0,0.047619047619047616
small_nitrogenous,1.0,0.04794520547945205
small_nitrogenous,1.0,0.04827586206896552
small_nitrogenous,1.0,0.04861111111111111
small_nitrogenous,1.0,0.04895104895104895
small_nitrogenous,1.0,0.04929577464788732
small_nitrogenous,1.0,0.04964539007092199
small_nitrogenous,1.0,0.05
small_nitrogenous,1.0,0.050359712230215826
small_nitrogenous,1.0,0.050724637681159424
small_nitrogenous,1.0,0.051094890510948905
small_nitrogenous,1.0,0.051470588235294115
small_nitrogenous,1.0,0.05185185185185185
small_nitrogenous,1.0,0.05223880597014925
small_nitrogenous,1.0,0.05263157894736842
small_nitrogenous,1.0,0.05303030303030303
small_nitrogenous,1.0,0.05343511450381679
small_nitrogenous,1.0,0.05384615384615385
small_nitrogenous,1.0,0.05426356589147287
small_nitrogenous,1.0,0.0546875
small_nitrogenous,1.0,0.05511811023622047
small_nitrogenous,1.0,0.05555555555555555
small_nitrogenous,1.0,0.056
small_nitrogenous,1.0,0.056451612903225805
small_nitrogenous,1.0,0.056910569105691054
small_nitrogenous,1.0,0.05737704918032787
small_nitrogenous,1.0,0.05785123966942149
small_nitrogenous,1.0,0.058333333333333334
small_nitrogenous,1.0,0.058823529411764705
small_nitrogenous,1.0,0.059322033898305086
small_nitrogenous,1.0,0.05982905982905983
small_nitrogenous,1.0,0.0603448275862069
small_nitrogenous,1.0,0.06086956521739131
small_nitrogenous,1.0,0.06140350877192982
small_nitrogenous,1.0,0.061946902654867256
small_nitrogenous,1.0,0.0625
small_nitrogenous,1.0,0.06306306306306306
small_nitrogenous,1.0,0.06363636363636363
small_nitrogenous,1.0,0.06422018348623854
small_nitrogenous,1.0,0.06481481481481481
small_nitrogenous,1.0,0.06542056074766354
small_nitrogenous,1.0,0.0660377358490566
small_nitrogenous,1.0,0.06666666666666667
small_nitrogenous,1.0,0.0673076923076923
small_nitrogenous,1.0,0.06796116504854369
small_nitrogenous,1.0,0.06862745098039216
small_nitrogenous,1.0,0.06930693069306931
small_nitrogenous,1.0,0.07
small_nitrogenous,1.0,0.0707070707070707
small_nitrogenous,1.0,0.07142857142857142
small_nitrogenous,1.0,0.07216494845360824
small_nitrogenous,1.0,0.07291666666666667
small_nitrogenous,1.0,0.07368421052631578
small_nitrogenous,1.0,0.07446808510638298
small_nitrogenous,1.0,0.07526881720430108
small_nitrogenous,1.0,0.07608695652173914
small_nitrogenous,1.0,0.07692307692307693
small_nitrogenous,1.0,0.07777777777777778
small_nitrogenous,1.0,0.07865168539325842
small_nitrogenous,1.0,0.07954545454545454
small_nitrogenous,1.0,0.08045977011494253
small_nitrogenous,1.0,0.08139534883720931
small_nitrogenous,1.0,0.08235294117647059
small_nitrogenous,1.0,0.08333333333333333
small_nitrogenous,1.0,0.08433734939759036
small_nitrogenous,1.0,0.08536585365853659
small_nitrogenous,1.0,0.08641975308641975
small_nitrogenous,1.0,0.0875
small_nitrogenous,1.0,0.08860759493670886
small_nitrogenous,1.0,0.08974358974358974
small_nitrogenous,1.0,0.09090909090909091
small_nitrogenous,1.0,0.09210526315789473
small_nitrogenous,1.0,0.09333333333333334
small_nitrogenous,1.0,0.0945945945945946
small_nitrogenous,1.0,0.0958904109589041
small_nitrogenous,1.0,0.09722222222222222
small_nitrogenous,1.0,0.09859154929577464
small_nitrogenous,1.0,0.1
small_nitrogenous,1.0,0.10144927536231885
small_nitrogenous,1.0,0.10294117647058823
small_nitrogenous,1.0,0.1044776119402985
small_nitrogenous,1.0,0.10606060606060606
small_nitrogenous,1.0,0.1076923076923077
small_nitrogenous,1.0,0.109375
small_nitrogenous,1.0,0.1111111111111111
small_nitrogenous,1.0,0.11290322580645161
small_nitrogenous,1.0,0.11475409836065574
small_nitrogenous,1.0,0.11666666666666667
small_nitrogenous,1.0,0.11864406779661017
small_nitrogenous,1.0,0.1206896551724138
small_nitrogenous,1.0,0.12280701754385964
small_nitrogenous,1.0,0.125
small_nitrogenous,1.0,0.12727272727272726
small_nitrogenous,1.0,0.12962962962962962
small_nitrogenous,1.0,0.1320754716981132
small_nitrogenous,1.0,0.1346153846153846
small_nitrogenous,1.0,0.13725490196078433
small_nitrogenous,1.0,0.14
small_nitrogenous,1.0,0.14285714285714285
small_nitrogenous,1.0,0.14583333333333334
small_nitrogenous,1.0,0.14893617021276595
small_nitrogenous,1.0,0.15217391304347827
small_nitrogenous,1.0,0.15555555555555556
small_nitrogenous,1.0,0.1590909090909091
small_nitrogenous,1.0,0.16279069767441862
small_nitrogenous,1.0,0.16666666666666666
small_nitrogenous,1.0,0.17073170731707318
small_nitrogenous,1.0,0.175
small_nitrogenous,1.0,0.1794871794871795
small_nitrogenous,1.0,0.18421052631578946
small_nitrogenous,1.0,0.1891891891891892
small_nitrogenous,1.0,0.19444444444444445
small_nitrogenous,1.0,0.2
small_nitrogenous,1.0,0.20588235294117646
small_nitrogenous,1.0,0.21212121212121213
small_nitrogenous,1.0,0.21875
small_nitrogenous,1.0,0.22580645161290322
small_nitrogenous,1.0,0.23333333333333334
small_nitrogenous,1.0,0.2413793103448276
small_nitrogenous,1.0,0.25
small_nitrogenous,1.0,0.25925925925925924
small_nitrogenous,1.0,0.2692307692307692
small_nitrogenous,1.0,0.28
small_nitrogenous,1.0,0.2916666666666667
small_nitrogenous,1.0,0.30434782608695654
small_nitrogenous,1.0,0.3181818181818182
small_nitrogenous,1.0,0.3333333333333333
small_nitrogenous,1.0,0.35
small_nitrogenous,1.0,0.3684210526315789
small_nitrogenous,1.0,0.3888888888888889
small_nitrogenous,1.0,0.4117647058823529
small_nitrogenous,1.0,0.4375
small_nitrogenous,1.0,0.4666666666666667
small_nitrogenous,1.0,0.5
small_nitrogenous,1.0,0.5384615384615384
small_nitrogenous,1.0,0.5833333333333334
small_nitrogenous,1.0,0.6363636363636364
small_nitrogenous,1.0,0.7
small_nitrogenous,1.0,0.7777777777777778
small_nitrogenous,0.8571428571428571,0.75
small_nitrogenous,0.8571428571428571,0.8571428571428571
small_nitrogenous,0.8571428571428571,1.0
small_nitrogenous,0.7142857142857143,1.0
small_nitrogenous,0.5714285714285714,1.0
small_nitrogenous,0.42857142857142855,1.0
small_nitrogenous,0.2857142857142857,1.0
small_nitrogenous,0.14285714285714285,1.0
small_nitrogenous,0.0,1.0
sterol_steroid,1.0,0.034666666666666665
sterol_steroid,1.0,0.034759358288770054
sterol_steroid,1.0,0.03485254691689008
sterol_steroid,1.0,0.03494623655913978
sterol_steroid,1.0,0.03504043126684636
sterol_steroid,1.0,0.03513513513513514
sterol_steroid,1.0,0.03523035230352303
sterol_steroid,1.0,0.035326086956521736
sterol_steroid,1.0,0.035422343324250684
sterol_steroid,1.0,0.03551912568306011
sterol_steroid,1.0,0.03561643835616438
sterol_steroid,1.0,0.03571428571428571
sterol_steroid,1.0,0.03581267217630854
sterol_steroid,1.0,0.03591160220994475
sterol_steroid,1.0,0.036011080332409975
sterol_steroid,1.0,0.03611111111111111
sterol_steroid,1.0,0.036211699164345405
sterol_steroid,1.0,0.036312849162011177
sterol_steroid,1.0,0.036414565826330535
sterol_steroid,1.0,0.03651685393258427
sterol_steroid,1.0,0.036619718309859155
sterol_steroid,1.0,0.03672316384180791
sterol_steroid,1.0,0.036827195467422094
sterol_steroid,1.0,0.036931818181818184
sterol_steroid,1.0,0.037037037037037035
sterol_steroid,1.0,0.037142857142857144
sterol_steroid,1.0,0.03724928366762178
sterol_steroid,1.0,0.03735632183908046
sterol_steroid,1.0,0.037463976945244955
sterol_steroid,1.0,0.03757225433526012
sterol_steroid,1.0,0.03768115942028986
sterol_steroid,1.0,0.0377906976744186
sterol_steroid,1.0,0.037900874635568516
sterol_steroid,1.0,0.038011695906432746
sterol_steroid,1.0,0.03812316715542522
sterol_steroid,1.0,0.03823529411764706
sterol_steroid,1.0,0.038348082595870206
sterol_steroid,1.0,0.038461538461538464
sterol_steroid,1.0,0.03857566765578635
sterol_steroid,1.0,0.03869047619047619
sterol_steroid,1.0,0.03880597014925373
sterol_steroid,1.0,0.038922155688622756
sterol_steroid,1.0,0.03903903903903904
sterol_steroid,1.0,0.0391566265060241
sterol_steroid,1.0,0.03927492447129909
sterol_steroid,1.0,0.03939393939393939
sterol_steroid,1.0,0.03951367781155015
sterol_steroid,1.0,0.039634146341463415
sterol_steroid,1.0,0.039755351681957186
sterol_steroid,1.0,0.03987730061349693
sterol_steroid,1.0,0.04
sterol_steroid,1.0,0.040123456790123455
sterol_steroid,1.0,0.04024767801857585
sterol_steroid,1.0,0.040372670807453416
sterol_steroid,1.0,0.040498442367601244
sterol_steroid,1.0,0.040625
sterol_steroid,1.0,0.04075235109717868
sterol_steroid,1.0,0.040880503144654086
sterol_steroid,1.0,0.04100946372239748
sterol_steroid,1.0,0.04113924050632911
sterol_steroid,1.0,0.04126984126984127
sterol_steroid,1.0,0.041401273885350316
sterol_steroid,1.0,0.04153354632587859
sterol_steroid,1.0,0.041666666666666664
sterol_steroid,1.0,0.04180064308681672
sterol_steroid,1.0,0.041935483870967745
sterol_steroid,1.0,0.042071197411003236
sterol_steroid,1.0,0.04220779220779221
sterol_steroid,1.0,0.04234527687296417
sterol_steroid,1.0,0.042483660130718956
sterol_steroid,1.0,0.04262295081967213
sterol_steroid,1.0,0.04276315789473684
sterol_steroid,1.0,0.0429042904290429
sterol_steroid,1.0,0.04304635761589404
sterol_steroid,1.0,0.04318936877076412
sterol_steroid,1.0,0.043333333333333335
sterol_steroid,1.0,0.043478260869565216
sterol_steroid,1.0,0.0436241610738255
sterol_steroid,1.0,0.04377104377104377
sterol_steroid,1.0,0.04391891891891892
sterol_steroid,1.0,0.04406779661016949
sterol_steroid,1.0,0.04421768707482993
sterol_steroid,1.0,0.04436860068259386
sterol_steroid,1.0,0.04452054794520548
sterol_steroid,1.0,0.044673539518900345
sterol_steroid,1.0,0.04482758620689655
sterol_steroid,1.0,0.04498269896193772
sterol_steroid,1.0,0.04513888888888889
sterol_steroid,1.0,0.04529616724738676
sterol_steroid,1.0,0.045454545454545456
sterol_steroid,1.0,0.0456140350877193
sterol_steroid,1.0,0.045774647887323945
sterol_steroid,1.0,0.045936395759717315
sterol_steroid,1.0,0.04609929078014184
sterol_steroid,1.0,0.046263345195729534
sterol_steroid,1.0,0.04642857142857143
sterol_steroid,1.0,0.04659498207885305
sterol_steroid,1.0,0.046762589928057555
sterol_steroid,1.0,0.04693140794223827
sterol_steroid,1.0,0.04710144927536232
sterol_steroid,1.0,0.04727272727272727
sterol_steroid,1.0,0.04744525547445255
sterol_steroid,1.0,0.047619047619047616
sterol_steroid,1.0,0.04779411764705882
sterol_steroid,1.0,0.04797047970479705
sterol_steroid,1.0,0.04814814814814815
sterol_steroid,1.0,0.048327137546468404
sterol_steroid,1.0,0.048507462686567165
sterol_steroid,1.0,0.04868913857677903
sterol_steroid,1.0,0.04887218045112782
sterol_steroid,1.0,0.04905660377358491
sterol_steroid,1.0,0.04924242424242424
sterol_steroid,1.0,0.049429657794676805
sterol_steroid,1.0,0.04961832061068702
sterol_steroid,1.0,0.04980842911877394
sterol_steroid,1.0,0.05
sterol_steroid,1.0,0.05019305019305019
sterol_steroid,1.0,0.050387596899224806
sterol_steroid,1.0,0.05058365758754864
sterol_steroid,1.0,0.05078125
sterol_steroid,1.0,0.050980392156862744
sterol_steroid,1.0,0.051181102362204724
sterol_steroid,1.0,0.05138339920948617
sterol_steroid,1.0,0.051587301587301584
sterol_steroid,1.0,0.05179282868525897
sterol_steroid,1.0,0.052
sterol_steroid,1.0,0.05220883534136546
sterol_steroid,1.0,0.05241935483870968
sterol_steroid,1.0,0.05263157894736842
sterol_steroid,1.0,0.052845528455284556
sterol_steroid,1.0,0.053061224489795916
sterol_steroid,1.0,0.05327868852459016
sterol_steroid,1.0,0.053497942386831275
sterol_steroid,1.0,0.05371900826446281
sterol_steroid,1.0,0.05394190871369295
sterol_steroid,1.0,0.05416666666666667
sterol_steroid,1.0,0.05439330543933055
sterol_steroid,1.0,0.0546218487394958
sterol_steroid,1.0,0.05485232067510549
sterol_steroid,1.0,0.05508474576271186
sterol_steroid,1.0,0.05531914893617021
sterol_steroid,1.0,0.05555555555555555
sterol_steroid,1.0,0.055793991416309016
sterol_steroid,1.0,0.05603448275862069
sterol_steroid,1.0,0.05627705627705628
sterol_steroid,1.0,0.05652173913043478
sterol_steroid,1.0,0.056768558951965066
sterol_steroid,1.0,0.05701754385964912
sterol_steroid,1.0,0.05726872246696035
sterol_steroid,1.0,0.05752212389380531
sterol_steroid,1.0,0.057777777777777775
sterol_steroid,1.0,0.05803571428571429
sterol_steroid,1.0,0.05829596412556054
sterol_steroid,1.0,0.05855855855855856
sterol_steroid,1.0,0.058823529411764705
sterol_steroid,1.0,0.05909090909090909
sterol_steroid,1.0,0.0593607305936073
sterol_steroid,1.0,0.05963302752293578
sterol_steroid,1.0,0.059907834101382486
sterol_steroid,1.0,0.06018518518518518
sterol_steroid,1.0,0.06046511627906977
sterol_steroid,1.0,0.06074766355140187
sterol_steroid,1.0,0.06103286384976526
sterol_steroid,1.0,0.06132075471698113
sterol_steroid,1.0,0.061611374407582936
sterol_steroid,1.0,0.06190476190476191
sterol_steroid,1.0,0.06220095693779904
sterol_steroid,1.0,0.0625
sterol_steroid,1.0,0.06280193236714976
sterol_steroid,1.0,0.06310679611650485
sterol_steroid,1.0,0.06341463414634146
sterol_steroid,1.0,0.06372549019607843
sterol_steroid,1.0,0.06403940886699508
sterol_steroid,1.0,0.06435643564356436
sterol_steroid,1.0,0.06467661691542288
sterol_steroid,1.0,0.065
sterol_steroid,1.0,0.06532663316582915
sterol_steroid,1.0,0.06565656565656566
sterol_steroid,1.0,0.06598984771573604
sterol_steroid,1.0,0.0663265306122449
sterol_steroid,1.0,0.06666666666666667
sterol_steroid,1.0,0.06701030927835051
sterol_steroid,1.0,0.06735751295336788
sterol_steroid,1.0,0.06770833333333333
sterol_steroid,1.0,0.06806282722513089
sterol_steroid,1.0,0.06842105263157895
sterol_steroid,1.0,0.06878306878306878
sterol_steroid,1.0,0.06914893617021277
sterol_steroid,1.0,0.06951871657754011
sterol_steroid,1.0,0.06989247311827956
sterol_steroid,1.0,0.07027027027027027
sterol_steroid,1.0,0.07065217391304347
sterol_steroid,1.0,0.07103825136612021
sterol_steroid,1.0,0.07142857142857142
sterol_steroid,1.0,0.0718232044198895
sterol_steroid,1.0,0.07222222222222222
sterol_steroid,1.0,0.07262569832402235
sterol_steroid,1.0,0.07303370786516854
sterol_steroid,1.0,0.07344632768361582
sterol_steroid,1.0,0.07386363636363637
sterol_steroid,1.0,0.07428571428571429
sterol_steroid,1.0,0.07471264367816093
sterol_steroid,1.0,0.07514450867052024
sterol_steroid,1.0,0.0755813953488372
sterol_steroid,1.0,0.07602339181286549
sterol_steroid,1.0,0.07647058823529412
sterol_steroid,1.0,0.07692307692307693
sterol_steroid,1.0,0.07738095238095238
sterol_steroid,1.0,0.07784431137724551
sterol_steroid,1.0,0.0783132530120482
sterol_steroid,1.0,0.07878787878787878
sterol_steroid,1.0,0.07926829268292683
sterol_steroid,1.0,0.07975460122699386
sterol_steroid,1.0,0.08024691358024691
sterol_steroid,1.0,0.08074534161490683
sterol_steroid,1.0,0.08125
sterol_steroid,1.0,0.08176100628930817
sterol_steroid,1.0,0.08227848101265822
sterol_steroid,1.0,0.08280254777070063
sterol_steroid,1.0,0.08333333333333333
sterol_steroid,1.0,0.08387096774193549
sterol_steroid,1.0,0.08441558441558442
sterol_steroid,1.0,0.08496732026143791
sterol_steroid,1.0,0.08552631578947369
sterol_steroid,1.0,0.08609271523178808
sterol_steroid,1.0,0.08666666666666667
sterol_steroid,1.0,0.087248322147651
sterol_steroid,1.0,0.08783783783783784
sterol_steroid,1.0,0.08843537414965986
sterol_steroid,1.0,0.08904109589041095
sterol_steroid,1.0,0.0896551724137931
sterol_steroid,1.0,0.09027777777777778
sterol_steroid,1.0,0.09090909090909091
sterol_steroid,1.0,0.09154929577464789
sterol_steroid,1.0,0.09219858156028368
sterol_steroid,1.0,0.09285714285714286
sterol_steroid,1.0,0.09352517985611511
sterol_steroid,1.0,0.09420289855072464
sterol_steroid,1.0,0.0948905109489051
sterol_steroid,1.0,0.09558823529411764
sterol_steroid,1.0,0.0962962962962963
sterol_steroid,1.0,0.09701492537313433
sterol_steroid,1.0,0.09774436090225563
sterol_steroid,1.0,0.09848484848484848
sterol_steroid,1.0,0.09923664122137404
sterol_steroid,1.0,0.1
sterol_steroid,1.0,0.10077519379844961
sterol_steroid,1.0,0.1015625
sterol_steroid,1.0,0.10236220472440945
sterol_steroid,1.0,0.10317460317460317
sterol_steroid,1.0,0.104
sterol_steroid,1.0,0.10483870967741936
sterol_steroid,1.0,0.10569105691056911
sterol_steroid,1.0,0.10655737704918032
sterol_steroid,1.0,0.10743801652892562
sterol_steroid,1.0,0.10833333333333334
sterol_steroid,1.0,0.1092436974789916
sterol_steroid,1.0,0.11016949152542373
sterol_steroid,1.0,0.1111111111111111
sterol_steroid,1.0,0.11206896551724138
sterol_steroid,1.0,0.11304347826086956
sterol_steroid,1.0,0.11403508771929824
sterol_steroid,1.0,0.11504424778761062
sterol_steroid,1.0,0.11607142857142858
sterol_steroid,1.0,0.11711711711711711
sterol_steroid,1.0,0.11818181818181818
sterol_steroid,1.0,0.11926605504587157
sterol_steroid,1.0,0.12037037037037036
sterol_steroid,1.0,0.12149532710280374
sterol_steroid,1.0,0.12264150943396226
sterol_steroid,1.0,0.12380952380952381
sterol_steroid,1.0,0.125
sterol_steroid,1.0,0.1262135922330097
sterol_steroid,1.0,0.12745098039215685
sterol_steroid,1.0,0.12871287128712872
sterol_steroid,1.0,0.13
sterol_steroid,1.0,0.13131313131313133
sterol_steroid,1.0,0.1326530612244898
sterol_steroid,1.0,0.13402061855670103
sterol_steroid,1.0,0.13541666666666666
sterol_steroid,1.0,0.1368421052631579
sterol_steroid,1.0,0.13829787234042554
sterol_steroid,1.0,0.13978494623655913
sterol_steroid,1.0,0.14130434782608695
sterol_steroid,1.0,0.14285714285714285
sterol_steroid,1.0,0.14444444444444443
sterol_steroid,1.0,0.14606741573033707
sterol_steroid,1.0,0.14772727272727273
sterol_steroid,1.0,0.14942528735632185
sterol_steroid,1.0,0.1511627906976744
sterol_steroid,1.0,0.15294117647058825
sterol_steroid,1.0,0.15476190476190477
sterol_steroid,1.0,0.1566265060240964
sterol_steroid,1.0,0.15853658536585366
sterol_steroid,1.0,0.16049382716049382
sterol_steroid,1.0,0.1625
sterol_steroid,1.0,0.16455696202531644
sterol_steroid,1.0,0.16666666666666666
sterol_steroid,1.0,0.16883116883116883
sterol_steroid,1.0,0.17105263157894737
sterol_steroid,1.0,0.17333333333333334
sterol_steroid,1.0,0.17567567567567569
sterol_steroid,1.0,0.1780821917808219
sterol_steroid,1.0,0.18055555555555555
sterol_steroid,1.0,0.18309859154929578
sterol_steroid,1.0,0.18571428571428572
sterol_steroid,1.0,0.18840579710144928
sterol_steroid,1.0,0.19117647058823528
sterol_steroid,1.0,0.19402985074626866
sterol_steroid,1.0,0.19696969696969696
sterol_steroid,1.0,0.2
sterol_steroid,1.0,0.203125
sterol_steroid,1.0,0.20634920634920634
sterol_steroid,1.0,0.20967741935483872
sterol_steroid,1.0,0.21311475409836064
sterol_steroid,1.0,0.21666666666666667
sterol_steroid,1.0,0.22033898305084745
sterol_steroid,1.0,0.22413793103448276
sterol_steroid,1.0,0.22807017543859648
sterol_steroid,1.0,0.23214285714285715
sterol_steroid,1.0,0.23636363636363636
sterol_steroid,1.0,0.24074074074074073
sterol_steroid,1.0,0.24528301886792453
sterol_steroid,1.0,0.25
sterol_steroid,1.0,0.2549019607843137
sterol_steroid,1.0,0.26
sterol_steroid,1.0,0.2653061224489796
sterol_steroid,1.0,0.2708333333333333
sterol_steroid,1.0,0.2765957446808511
sterol_steroid,1.0,0.2826086956521739
sterol_steroid,1.0,0.28888888888888886
sterol_steroid,1.0,0.29545454545454547
sterol_steroid,1.0,0.3023255813953488
sterol_steroid,1.0,0.30952380952380953
sterol_steroid,1.0,0.3170731707317073
sterol_steroid,1.0,0.325
sterol_steroid,1.0,0.3333333333333333
sterol_steroid,1.0,0.34210526315789475
sterol_steroid,1.0,0.35135135135135137
sterol_steroid,1.0,0.3611111111111111
sterol_steroid,1.0,0.37142857142857144
sterol_steroid,1.0,0.38235294117647056
sterol_steroid,1.0,0.3939393939393939
sterol_steroid,1.0,0.40625
sterol_steroid,1.0,0.41935483870967744
sterol_steroid,1.0,0.43333333333333335
sterol_steroid,1.0,0.4482758620689655
sterol_steroid,1.0,0.4642857142857143
sterol_steroid,1.0,0.48148148148148145
sterol_steroid,1.0,0.5
sterol_steroid,1.0,0.52
sterol_steroid,1.0,0.5416666666666666
sterol_steroid,1.0,0.5652173913043478
sterol_steroid,1.0,0.5909090909090909
sterol_steroid,1.0,0.6190476190476191
sterol_steroid,1.0,0.65
sterol_steroid,1.0,0.6842105263157895
sterol_steroid,1.0,0.7222222222222222
sterol_steroid,1.0,0.7647058823529411
sterol_steroid,1.0,0.8125
sterol_steroid,1.0,0.8666666666666667
sterol_steroid,1.0,0.9285714285714286
sterol_steroid,1.0,1.0
sterol_steroid,0.9230769230769231,1.0
sterol_steroid,0.8461538461538461,1.0
sterol_steroid,0.7692307692307693,1.0
sterol_steroid,0.6923076923076923,1.0
sterol_steroid,0.6153846153846154,1.0
sterol_steroid,0.5384615384615384,1.0
sterol_steroid,0.46153846153846156,1.0
sterol_steroid,0.38461538461538464,1.0
sterol_steroid,0.3076923076923077,1.0
sterol_steroid,0.23076923076923078,1.0
sterol_steroid,0.15384615384615385,1.0
sterol_steroid,0.07692307692307693,1.0
sterol_steroid,0.0,1.0
sulfur_thiol_cofactor,1.0,0.042666666666666665
sulfur_thiol_cofactor,1.0,0.04289544235924933
sulfur_thiol_cofactor,1.0,0.043010752688172046
sulfur_thiol_cofactor,1.0,0.0431266846361186
sulfur_thiol_cofactor,1.0,0.043243243243243246
sulfur_thiol_cofactor,1.0,0.04336043360433604
sulfur_thiol_cofactor,1.0,0.043478260869565216
sulfur_thiol_cofactor,1.0,0.043596730245231606
sulfur_thiol_cofactor,1.0,0.04371584699453552
sulfur_thiol_cofactor,1.0,0.043835616438356165
sulfur_thiol_cofactor,1.0,0.04395604395604396
sulfur_thiol_cofactor,1.0,0.0440771349862259
sulfur_thiol_cofactor,1.0,0.04419889502762431
sulfur_thiol_cofactor,1.0,0.0443213296398892
sulfur_thiol_cofactor,1.0,0.044444444444444446
sulfur_thiol_cofactor,1.0,0.04456824512534819
sulfur_thiol_cofactor,1.0,0.0446927374301676
sulfur_thiol_cofactor,1.0,0.04481792717086835
sulfur_thiol_cofactor,1.0,0.0449438202247191
sulfur_thiol_cofactor,1.0,0.04507042253521127
sulfur_thiol_cofactor,1.0,0.04519774011299435
sulfur_thiol_cofactor,1.0,0.0453257790368272
sulfur_thiol_cofactor,1.0,0.045454545454545456
sulfur_thiol_cofactor,1.0,0.045584045584045586
sulfur_thiol_cofactor,1.0,0.045714285714285714
sulfur_thiol_cofactor,1.0,0.045845272206303724
sulfur_thiol_cofactor,1.0,0.04597701149425287
sulfur_thiol_cofactor,1.0,0.04610951008645533
sulfur_thiol_cofactor,1.0,0.046242774566473986
sulfur_thiol_cofactor,1.0,0.0463768115942029
sulfur_thiol_cofactor,1.0,0.046511627906976744
sulfur_thiol_cofactor,1.0,0.04664723032069971
sulfur_thiol_cofactor,1.0,0.04678362573099415
sulfur_thiol_cofactor,1.0,0.0469208211143695
sulfur_thiol_cofactor,1.0,0.047058823529411764
sulfur_thiol_cofactor,1.0,0.0471976401179941
sulfur_thiol_cofactor,1.0,0.047337278106508875
sulfur_thiol_cofactor,1.0,0.04747774480712166
sulfur_thiol_cofactor,1.0,0.047619047619047616
sulfur_thiol_cofactor,1.0,0.04776119402985075
sulfur_thiol_cofactor,1.0,0.04790419161676647
sulfur_thiol_cofactor,1.0,0.04804804804804805
sulfur_thiol_cofactor,1.0,0.04819277108433735
sulfur_thiol_cofactor,1.0,0.04833836858006042
sulfur_thiol_cofactor,1.0,0.048484848484848485
sulfur_thiol_cofactor,1.0,0.0486322188449848
sulfur_thiol_cofactor,1.0,0.04878048780487805
sulfur_thiol_cofactor,1.0,0.04892966360856269
sulfur_thiol_cofactor,1.0,0.049079754601226995
sulfur_thiol_cofactor,1.0,0.04923076923076923
sulfur_thiol_cofactor,1.0,0.04938271604938271
sulfur_thiol_cofactor,1.0,0.04953560371517028
sulfur_thiol_cofactor,1.0,0.049689440993788817
sulfur_thiol_cofactor,1.0,0.04984423676012461
sulfur_thiol_cofactor,1.0,0.05
sulfur_thiol_cofactor,1.0,0.050156739811912224
sulfur_thiol_cofactor,1.0,0.050314465408805034
sulfur_thiol_cofactor,1.0,0.050473186119873815
sulfur_thiol_cofactor,1.0,0.05063291139240506
sulfur_thiol_cofactor,1.0,0.050793650793650794
sulfur_thiol_cofactor,1.0,0.050955414012738856
sulfur_thiol_cofactor,1.0,0.051118210862619806
sulfur_thiol_cofactor,1.0,0.05128205128205128
sulfur_thiol_cofactor,1.0,0.05144694533762058
sulfur_thiol_cofactor,1.0,0.05161290322580645
sulfur_thiol_cofactor,1.0,0.05177993527508091
sulfur_thiol_cofactor,1.0,0.05194805194805195
sulfur_thiol_cofactor,1.0,0.05211726384364821
sulfur_thiol_cofactor,1.0,0.05228758169934641
sulfur_thiol_cofactor,1.0,0.05245901639344262
sulfur_thiol_cofactor,1.0,0.05263157894736842
sulfur_thiol_cofactor,1.0,0.052805280528052806
sulfur_thiol_cofactor,1.0,0.052980132450331126
sulfur_thiol_cofactor,1.0,0.053156146179401995
sulfur_thiol_cofactor,1.0,0.05333333333333334
sulfur_thiol_cofactor,1.0,0.05351170568561873
sulfur_thiol_cofactor,1.0,0.053691275167785234
sulfur_thiol_cofactor,1.0,0.05387205387205387
sulfur_thiol_cofactor,1.0,0.05405405405405406
sulfur_thiol_cofactor,1.0,0.05423728813559322
sulfur_thiol_cofactor,1.0,0.05442176870748299
sulfur_thiol_cofactor,1.0,0.05460750853242321
sulfur_thiol_cofactor,1.0,0.0547945205479452
sulfur_thiol_cofactor,1.0,0.054982817869415807
sulfur_thiol_cofactor,1.0,0.05517241379310345
sulfur_thiol_cofactor,1.0,0.05536332179930796
sulfur_thiol_cofactor,1.0,0.05555555555555555
sulfur_thiol_cofactor,1.0,0.05574912891986063
sulfur_thiol_cofactor,1.0,0.055944055944055944
sulfur_thiol_cofactor,1.0,0.056140350877192984
sulfur_thiol_cofactor,1.0,0.056338028169014086
sulfur_thiol_cofactor,1.0,0.05653710247349823
sulfur_thiol_cofactor,1.0,0.05673758865248227
sulfur_thiol_cofactor,1.0,0.05693950177935943
sulfur_thiol_cofactor,1.0,0.05714285714285714
sulfur_thiol_cofactor,1.0,0.05734767025089606
sulfur_thiol_cofactor,1.0,0.05755395683453238
sulfur_thiol_cofactor,1.0,0.05776173285198556
sulfur_thiol_cofactor,1.0,0.057971014492753624
sulfur_thiol_cofactor,1.0,0.05818181818181818
sulfur_thiol_cofactor,1.0,0.058394160583941604
sulfur_thiol_cofactor,1.0,0.05860805860805861
sulfur_thiol_cofactor,1.0,0.058823529411764705
sulfur_thiol_cofactor,1.0,0.05904059040590406
sulfur_thiol_cofactor,1.0,0.05925925925925926
sulfur_thiol_cofactor,1.0,0.05947955390334572
sulfur_thiol_cofactor,1.0,0.05970149253731343
sulfur_thiol_cofactor,1.0,0.0599250936329588
sulfur_thiol_cofactor,1.0,0.06015037593984962
sulfur_thiol_cofactor,1.0,0.06037735849056604
sulfur_thiol_cofactor,1.0,0.06060606060606061
sulfur_thiol_cofactor,1.0,0.060836501901140684
sulfur_thiol_cofactor,1.0,0.061068702290076333
sulfur_thiol_cofactor,1.0,0.06130268199233716
sulfur_thiol_cofactor,1.0,0.06153846153846154
sulfur_thiol_cofactor,1.0,0.06177606177606178
sulfur_thiol_cofactor,1.0,0.06201550387596899
sulfur_thiol_cofactor,1.0,0.0622568093385214
sulfur_thiol_cofactor,1.0,0.0625
sulfur_thiol_cofactor,1.0,0.06274509803921569
sulfur_thiol_cofactor,1.0,0.06299212598425197
sulfur_thiol_cofactor,1.0,0.06324110671936758
sulfur_thiol_cofactor,1.0,0.06349206349206349
sulfur_thiol_cofactor,1.0,0.06374501992031872
sulfur_thiol_cofactor,1.0,0.064
sulfur_thiol_cofactor,1.0,0.0642570281124498
sulfur_thiol_cofactor,1.0,0.06451612903225806
sulfur_thiol_cofactor,1.0,0.06477732793522267
sulfur_thiol_cofactor,1.0,0.06504065040650407
sulfur_thiol_cofactor,1.0,0.0653061224489796
sulfur_thiol_cofactor,1.0,0.06557377049180328
sulfur_thiol_cofactor,1.0,0.06584362139917696
sulfur_thiol_cofactor,1.0,0.06611570247933884
sulfur_thiol_cofactor,1.0,0.06639004149377593
sulfur_thiol_cofactor,1.0,0.06666666666666667
sulfur_thiol_cofactor,1.0,0.06694560669456066
sulfur_thiol_cofactor,1.0,0.06722689075630252
sulfur_thiol_cofactor,1.0,0.06751054852320675
sulfur_thiol_cofactor,1.0,0.06779661016949153
sulfur_thiol_cofactor,1.0,0.06808510638297872
sulfur_thiol_cofactor,1.0,0.06837606837606838
sulfur_thiol_cofactor,1.0,0.06866952789699571
sulfur_thiol_cofactor,1.0,0.06896551724137931
sulfur_thiol_cofactor,1.0,0.06926406926406926
sulfur_thiol_cofactor,1.0,0.06956521739130435
sulfur_thiol_cofactor,1.0,0.06986899563318777
sulfur_thiol_cofactor,1.0,0.07017543859649122
sulfur_thiol_cofactor,1.0,0.07048458149779736
sulfur_thiol_cofactor,1.0,0.07079646017699115
sulfur_thiol_cofactor,1.0,0.07111111111111111
sulfur_thiol_cofactor,1.0,0.07142857142857142
sulfur_thiol_cofactor,1.0,0.07174887892376682
sulfur_thiol_cofactor,1.0,0.07207207207207207
sulfur_thiol_cofactor,1.0,0.07239819004524888
sulfur_thiol_cofactor,1.0,0.07272727272727272
sulfur_thiol_cofactor,1.0,0.0730593607305936
sulfur_thiol_cofactor,1.0,0.07339449541284404
sulfur_thiol_cofactor,1.0,0.07373271889400922
sulfur_thiol_cofactor,1.0,0.07407407407407407
sulfur_thiol_cofactor,1.0,0.07441860465116279
sulfur_thiol_cofactor,1.0,0.07476635514018691
sulfur_thiol_cofactor,1.0,0.07511737089201878
sulfur_thiol_cofactor,1.0,0.07547169811320754
sulfur_thiol_cofactor,1.0,0.07582938388625593
sulfur_thiol_cofactor,1.0,0.0761904761904762
sulfur_thiol_cofactor,1.0,0.07655502392344497
sulfur_thiol_cofactor,1.0,0.07692307692307693
sulfur_thiol_cofactor,1.0,0.07729468599033816
sulfur_thiol_cofactor,1.0,0.07766990291262135
sulfur_thiol_cofactor,1.0,0.07804878048780488
sulfur_thiol_cofactor,1.0,0.0784313725490196
sulfur_thiol_cofactor,1.0,0.07881773399014778
sulfur_thiol_cofactor,1.0,0.07920792079207921
sulfur_thiol_cofactor,1.0,0.07960199004975124
sulfur_thiol_cofactor,1.0,0.08
sulfur_thiol_cofactor,1.0,0.08040201005025126
sulfur_thiol_cofactor,1.0,0.08080808080808081
sulfur_thiol_cofactor,1.0,0.08121827411167512
sulfur_thiol_cofactor,1.0,0.08163265306122448
sulfur_thiol_cofactor,1.0,0.08205128205128205
sulfur_thiol_cofactor,1.0,0.08247422680412371
sulfur_thiol_cofactor,1.0,0.08290155440414508
sulfur_thiol_cofactor,1.0,0.08333333333333333
sulfur_thiol_cofactor,1.0,0.08376963350785341
sulfur_thiol_cofactor,1.0,0.08421052631578947
sulfur_thiol_cofactor,1.0,0.08465608465608465
sulfur_thiol_cofactor,1.0,0.0851063829787234
sulfur_thiol_cofactor,1.0,0.0855614973262032
sulfur_thiol_cofactor,1.0,0.08602150537634409
sulfur_thiol_cofactor,1.0,0.08648648648648649
sulfur_thiol_cofactor,1.0,0.08695652173913043
sulfur_thiol_cofactor,1.0,0.08743169398907104
sulfur_thiol_cofactor,1.0,0.08791208791208792
sulfur_thiol_cofactor,1.0,0.08839779005524862
sulfur_thiol_cofactor,1.0,0.08888888888888889
sulfur_thiol_cofactor,1.0,0.0893854748603352
sulfur_thiol_cofactor,1.0,0.0898876404494382
sulfur_thiol_cofactor,1.0,0.0903954802259887
sulfur_thiol_cofactor,1.0,0.09090909090909091
sulfur_thiol_cofactor,1.0,0.09142857142857143
sulfur_thiol_cofactor,1.0,0.09195402298850575
sulfur_thiol_cofactor,1.0,0.09248554913294797
sulfur_thiol_cofactor,1.0,0.09302325581395349
sulfur_thiol_cofactor,1.0,0.0935672514619883
sulfur_thiol_cofactor,1.0,0.09411764705882353
sulfur_thiol_cofactor,1.0,0.09467455621301775
sulfur_thiol_cofactor,1.0,0.09523809523809523
sulfur_thiol_cofactor,1.0,0.09580838323353294
sulfur_thiol_cofactor,1.0,0.0963855421686747
sulfur_thiol_cofactor,1.0,0.09696969696969697
sulfur_thiol_cofactor,1.0,0.0975609756097561
sulfur_thiol_cofactor,1.0,0.09815950920245399
sulfur_thiol_cofactor,1.0,0.09876543209876543
sulfur_thiol_cofactor,1.0,0.09937888198757763
sulfur_thiol_cofactor,1.0,0.1
sulfur_thiol_cofactor,1.0,0.10062893081761007
sulfur_thiol_cofactor,1.0,0.10126582278481013
sulfur_thiol_cofactor,1.0,0.10191082802547771
sulfur_thiol_cofactor,1.0,0.10256410256410256
sulfur_thiol_cofactor,1.0,0.1032258064516129
sulfur_thiol_cofactor,1.0,0.1038961038961039
sulfur_thiol_cofactor,1.0,0.10457516339869281
sulfur_thiol_cofactor,1.0,0.10526315789473684
sulfur_thiol_cofactor,1.0,0.10596026490066225
sulfur_thiol_cofactor,1.0,0.10666666666666667
sulfur_thiol_cofactor,1.0,0.10738255033557047
sulfur_thiol_cofactor,1.0,0.10810810810810811
sulfur_thiol_cofactor,1.0,0.10884353741496598
sulfur_thiol_cofactor,1.0,0.1095890410958904
sulfur_thiol_cofactor,1.0,0.1103448275862069
sulfur_thiol_cofactor,1.0,0.1111111111111111
sulfur_thiol_cofactor,1.0,0.11188811188811189
sulfur_thiol_cofactor,1.0,0.11267605633802817
sulfur_thiol_cofactor,1.0,0.11347517730496454
sulfur_thiol_cofactor,1.0,0.11428571428571428
sulfur_thiol_cofactor,1.0,0.11510791366906475
sulfur_thiol_cofactor,1.0,0.11594202898550725
sulfur_thiol_cofactor,1.0,0.11678832116788321
sulfur_thiol_cofactor,1.0,0.11764705882352941
sulfur_thiol_cofactor,1.0,0.11851851851851852
sulfur_thiol_cofactor,1.0,0.11940298507462686
sulfur_thiol_cofactor,1.0,0.12030075187969924
sulfur_thiol_cofactor,1.0,0.12121212121212122
sulfur_thiol_cofactor,1.0,0.12213740458015267
sulfur_thiol_cofactor,1.0,0.12307692307692308
sulfur_thiol_cofactor,1.0,0.12403100775193798
sulfur_thiol_cofactor,1.0,0.125
sulfur_thiol_cofactor,1.0,0.12598425196850394
sulfur_thiol_cofactor,1.0,0.12698412698412698
sulfur_thiol_cofactor,1.0,0.128
sulfur_thiol_cofactor,1.0,0.12903225806451613
sulfur_thiol_cofactor,1.0,0.13008130081300814
sulfur_thiol_cofactor,1.0,0.13114754098360656
sulfur_thiol_cofactor,1.0,0.1322314049586777
sulfur_thiol_cofactor,1.0,0.13333333333333333
sulfur_thiol_cofactor,1.0,0.13445378151260504
sulfur_thiol_cofactor,1.0,0.13559322033898305
sulfur_thiol_cofactor,1.0,0.13675213675213677
sulfur_thiol_cofactor,1.0,0.13793103448275862
sulfur_thiol_cofactor,1.0,0.1391304347826087
sulfur_thiol_cofactor,1.0,0.14035087719298245
sulfur_thiol_cofactor,1.0,0.1415929203539823
sulfur_thiol_cofactor,1.0,0.14285714285714285
sulfur_thiol_cofactor,1.0,0.14414414414414414
sulfur_thiol_cofactor,1.0,0.14545454545454545
sulfur_thiol_cofactor,1.0,0.14678899082568808
sulfur_thiol_cofactor,1.0,0.14814814814814814
sulfur_thiol_cofactor,1.0,0.14953271028037382
sulfur_thiol_cofactor,1.0,0.1509433962264151
sulfur_thiol_cofactor,1.0,0.1523809523809524
sulfur_thiol_cofactor,1.0,0.15384615384615385
sulfur_thiol_cofactor,1.0,0.1553398058252427
sulfur_thiol_cofactor,1.0,0.1568627450980392
sulfur_thiol_cofactor,1.0,0.15841584158415842
sulfur_thiol_cofactor,1.0,0.16
sulfur_thiol_cofactor,1.0,0.16161616161616163
sulfur_thiol_cofactor,1.0,0.16326530612244897
sulfur_thiol_cofactor,1.0,0.16494845360824742
sulfur_thiol_cofactor,1.0,0.16666666666666666
sulfur_thiol_cofactor,1.0,0.16842105263157894
sulfur_thiol_cofactor,1.0,0.1702127659574468
sulfur_thiol_cofactor,1.0,0.17204301075268819
sulfur_thiol_cofactor,1.0,0.17391304347826086
sulfur_thiol_cofactor,1.0,0.17582417582417584
sulfur_thiol_cofactor,1.0,0.17777777777777778
sulfur_thiol_cofactor,1.0,0.1797752808988764
sulfur_thiol_cofactor,1.0,0.18181818181818182
sulfur_thiol_cofactor,1.0,0.1839080459770115
sulfur_thiol_cofactor,1.0,0.18604651162790697
sulfur_thiol_cofactor,1.0,0.18823529411764706
sulfur_thiol_cofactor,1.0,0.19047619047619047
sulfur_thiol_cofactor,1.0,0.1927710843373494
sulfur_thiol_cofactor,1.0,0.1951219512195122
sulfur_thiol_cofactor,1.0,0.19753086419753085
sulfur_thiol_cofactor,1.0,0.2
sulfur_thiol_cofactor,1.0,0.20253164556962025
sulfur_thiol_cofactor,1.0,0.20512820512820512
sulfur_thiol_cofactor,1.0,0.2077922077922078
sulfur_thiol_cofactor,1.0,0.21052631578947367
sulfur_thiol_cofactor,1.0,0.21333333333333335
sulfur_thiol_cofactor,1.0,0.21621621621621623
sulfur_thiol_cofactor,1.0,0.2191780821917808
sulfur_thiol_cofactor,1.0,0.2222222222222222
sulfur_thiol_cofactor,1.0,0.22535211267605634
sulfur_thiol_cofactor,1.0,0.22857142857142856
sulfur_thiol_cofactor,1.0,0.2318840579710145
sulfur_thiol_cofactor,1.0,0.23529411764705882
sulfur_thiol_cofactor,1.0,0.23880597014925373
sulfur_thiol_cofactor,1.0,0.24242424242424243
sulfur_thiol_cofactor,1.0,0.24615384615384617
sulfur_thiol_cofactor,1.0,0.25
sulfur_thiol_cofactor,1.0,0.25396825396825395
sulfur_thiol_cofactor,1.0,0.25806451612903225
sulfur_thiol_cofactor,1.0,0.26229508196721313
sulfur_thiol_cofactor,1.0,0.26666666666666666
sulfur_thiol_cofactor,1.0,0.2711864406779661
sulfur_thiol_cofactor,1.0,0.27586206896551724
sulfur_thiol_cofactor,1.0,0.2807017543859649
sulfur_thiol_cofactor,1.0,0.2857142857142857
sulfur_thiol_cofactor,1.0,0.2909090909090909
sulfur_thiol_cofactor,1.0,0.2962962962962963
sulfur_thiol_cofactor,1.0,0.3018867924528302
sulfur_thiol_cofactor,1.0,0.3076923076923077
sulfur_thiol_cofactor,1.0,0.3137254901960784
sulfur_thiol_cofactor,1.0,0.32
sulfur_thiol_cofactor,1.0,0.32653061224489793
sulfur_thiol_cofactor,1.0,0.3333333333333333
sulfur_thiol_cofactor,1.0,0.3404255319148936
sulfur_thiol_cofactor,1.0,0.34782608695652173
sulfur_thiol_cofactor,1.0,0.35555555555555557
sulfur_thiol_cofactor,1.0,0.36363636363636365
sulfur_thiol_cofactor,1.0,0.37209302325581395
sulfur_thiol_cofactor,1.0,0.38095238095238093
sulfur_thiol_cofactor,1.0,0.3902439024390244
sulfur_thiol_cofactor,1.0,0.4
sulfur_thiol_cofactor,1.0,0.41025641025641024
sulfur_thiol_cofactor,1.0,0.42105263157894735
sulfur_thiol_cofactor,1.0,0.43243243243243246
sulfur_thiol_cofactor,1.0,0.4444444444444444
sulfur_thiol_cofactor,1.0,0.45714285714285713
sulfur_thiol_cofactor,1.0,0.47058823529411764
sulfur_thiol_cofactor,1.0,0.48484848484848486
sulfur_thiol_cofactor,1.0,0.5
sulfur_thiol_cofactor,1.0,0.5161290322580645
sulfur_thiol_cofactor,1.0,0.5333333333333333
sulfur_thiol_cofactor,1.0,0.5517241379310345
sulfur_thiol_cofactor,1.0,0.5714285714285714
sulfur_thiol_cofactor,1.0,0.5925925925925926
sulfur_thiol_cofactor,1.0,0.6153846153846154
sulfur_thiol_cofactor,1.0,0.64
sulfur_thiol_cofactor,1.0,0.6666666666666666
sulfur_thiol_cofactor,1.0,0.6956521739130435
sulfur_thiol_cofactor,1.0,0.7272727272727273
sulfur_thiol_cofactor,1.0,0.7619047619047619
sulfur_thiol_cofactor,1.0,0.8
sulfur_thiol_cofactor,0.9375,0.7894736842105263
sulfur_thiol_cofactor,0.875,0.7777777777777778
sulfur_thiol_cofactor,0.875,0.8235294117647058
sulfur_thiol_cofactor,0.875,0.875
sulfur_thiol_cofactor,0.875,0.9333333333333333
sulfur_thiol_cofactor,0.875,1.0
sulfur_thiol_cofactor,0.8125,1.0
sulfur_thiol_cofactor,0.75,1.0
sulfur_thiol_cofactor,0.6875,1.0
sulfur_thiol_cofactor,0.625,1.0
sulfur_thiol_cofactor,0.5625,1.0
sulfur_thiol_cofactor,0.5,1.0
sulfur_thiol_cofactor,0.4375,1.0
sulfur_thiol_cofactor,0.375,1.0
sulfur_thiol_cofactor,0.3125,1.0
sulfur_thiol_cofactor,0.25,1.0
sulfur_thiol_cofactor,0.1875,1.0
sulfur_thiol_cofactor,0.125,1.0
sulfur_thiol_cofactor,0.0625,1.0
sulfur_thiol_cofactor,0.0,1.0
