spectrum_id,molecule,true_class,source,lsm_ev,lsm_error,lsm_active,csm_ev,csm_active,csm_sparsity,csm_entropy,top1_molecule,top1_similarity,retrieval_margin,predicted_class,chem_margin,chem_entropy,confidence,chemistry_confidence,unknown_warning,outlier_warning,n_peaks,snr,all_scores_reconcile
ramanbiolib::189,(+)-arabinose,mono_oligosaccharide,RamanBioLib,0.9553636203164758,0.21127323465947961,12,0.9553636203164758,12,0.9657229496798265,0.20109363273544079,(+)-arabinose,0.9999999999977678,0.007228511876254284,mono_oligosaccharide,0.6836683248407808,0.3321366166387806,0.9553636203143432,0.9999974503660515,True,False,19,267.69719341716416,True
ramanbiolib::18,(+)-fucose,mono_oligosaccharide,RamanBioLib,0.6482979067143146,0.5930447649927733,10,0.6482979067143148,10,0.8551763393683469,0.43392740870023344,(+)-fucose,0.9999999999966181,0.0845868770799334,mono_oligosaccharide,0.6679426597459036,0.5462126821131822,0.6482979067121223,0.9999888115758929,False,False,32,129.34741482308354,True
ramanbiolib::19,(+)-galactosamine,mono_oligosaccharide,RamanBioLib,0.9046217498486073,0.30883369335501143,4,0.9046217498486074,4,0.9899468081142205,0.06866136215397768,(+)-galactosamine,0.9999999999978504,0.015570420609826163,mono_oligosaccharide,0.6988320041240866,0.23416962036551098,0.9046217498466629,0.9999995582668564,False,False,26,172.30309673312593,True
gobbato_raman_metabolites::Galact::01,(+)-galactose,mono_oligosaccharide,gobbato_raman_metabolites,0.5293334753827703,0.6860514008562032,16,0.5293334753827704,16,0.7070552472069849,0.5942841117535089,(+)-galactose,0.792936031475652,0.054846410752525276,mono_oligosaccharide,0.16975745280111865,0.7811232604954901,0.4197275852972287,0.8231968217706956,False,False,28,104.22751746067085,True
gobbato_raman_metabolites::Galact::02,(+)-galactose,mono_oligosaccharide,gobbato_raman_metabolites,0.9117907170495179,0.29700047634708243,11,0.9117907170495179,11,0.9370171241879565,0.2910807329794567,(+)-galactose,0.993715613864158,0.007641692833690539,mono_oligosaccharide,0.6123661549999575,0.49232473470881655,0.9060606721085024,0.9998792110538857,True,False,26,119.46353831002583,True
gobbato_raman_metabolites::Galact::03,(+)-galactose,mono_oligosaccharide,gobbato_raman_metabolites,0.9145057150301688,0.29239405768542187,10,0.9145057150301688,10,0.9427178766675056,0.27463425899971655,(+)-galactose,0.994227260483602,0.005800846145730398,mono_oligosaccharide,0.6162077341585931,0.4713335824781868,0.9092265117510423,0.99989963002407,True,False,29,117.05035469635251,True
ramanbiolib::179,(+)-galactose,mono_oligosaccharide,RamanBioLib,0.9111298791311774,0.29811092041173826,11,0.9111298791311774,11,0.9399780858156037,0.2834840072062739,(+)-galactose,0.9942017942565575,0.006176103196716687,mono_oligosaccharide,0.6097171433986751,0.4749136513355181,0.905846960632977,0.9998724869882535,True,False,30,123.21329669520091,True
amino_acid_raman::glucose,(+)-glucose,mono_oligosaccharide,amino_acid_raman_grounding,0.8604816310792094,0.3735215775837469,3,0.8604816310792094,3,0.9725602821478702,0.1126080038195011,β-d-glucose,0.9990118716952343,0.009628017595235683,mono_oligosaccharide,0.6749931693257828,0.39851071468768284,0.8596313648238091,0.9999955117092315,True,False,19,283.7976051993143,True
gobbato_raman_metabolites::Gluc::01,(+)-glucose,mono_oligosaccharide,gobbato_raman_metabolites,0.8951735346818142,0.32376915436477427,5,0.8951735346818142,5,0.9292395827925325,0.27137123884847447,(+)-glucose,0.9863149296238879,0.0018789313578643219,mono_oligosaccharide,0.5995289446233707,0.5403199345891554,0.8829230218608605,0.9997276111112063,True,False,25,168.8462371560429,True
gobbato_raman_metabolites::Gluc::02,(+)-glucose,mono_oligosaccharide,gobbato_raman_metabolites,0.9295274831114287,0.265466602209206,7,0.9295274831114287,7,0.944482853766001,0.23265797164573063,β-d-glucose,0.9950215372310983,0.00131404573547933,mono_oligosaccharide,0.6504872467305723,0.48575582693271585,0.9248998651440876,0.9999567676757741,True,False,29,175.20465798949462,True
gobbato_raman_metabolites::Gluc::03,(+)-glucose,mono_oligosaccharide,gobbato_raman_metabolites,0.9318109854784555,0.2611302635112909,7,0.9318109854784555,7,0.9393976369814343,0.2490376897151069,β-d-glucose,0.9932486924768188,2.5093034033640826e-05,mono_oligosaccharide,0.6391839102067365,0.49980928159473154,0.925520042962012,0.9999363404409463,True,False,29,161.9451041343249,True
ramanbiolib::17,(+)-glucose,mono_oligosaccharide,RamanBioLib,0.9214135231130899,0.280332796666447,8,0.9214135231130899,8,0.9320513142986495,0.2676356247043627,(+)-glucose,0.991827975295008,0.0013097790517322405,mono_oligosaccharide,0.6354985008179134,0.5047826102032303,0.913883709038696,0.9999245818385833,True,False,30,141.69497207476746,True
ramanbiolib::180,(+)-glucose,mono_oligosaccharide,RamanBioLib,0.7882586618025376,0.4601536028298057,7,0.7882586618025376,7,0.8385920562884055,0.38242393012312836,(+)-maltose,0.805384004086825,0.06907785847790093,mono_oligosaccharide,0.47967342072600494,0.6022441291134301,0.6348509172986501,0.9997297854268123,False,False,29,101.99331623188101,True
ramanbiolib::181,(+)-lactose,mono_oligosaccharide,RamanBioLib,0.6933963728594271,0.5537180032654403,6,0.6933963728594272,6,0.852053248745103,0.3752608448340898,(+)-lactose,0.9064776601814579,0.09395558554649486,mono_oligosaccharide,0.03982633766208865,0.5532253016438562,0.6285483216479234,0.4582719179393482,False,False,29,132.5577180544143,True
ramanbiolib::41,(+)-lactose,mono_oligosaccharide,RamanBioLib,0.7702284290592285,0.47934493941267564,11,0.7702284290592285,11,0.8180943631222772,0.4459838746725806,lactate,0.946446712698056,0.04203081798187258,carboxylic_acid_metabolite,0.21738001505208437,0.6455645086002822,0.7289801647096946,0.8009166041725615,False,False,25,177.9324653742123,True
ramanbiolib::182,(+)-maltose,mono_oligosaccharide,RamanBioLib,0.7558228099075633,0.49414288428772546,9,0.7558228099075633,9,0.854617110466144,0.40943728637268406,(+)-maltose,0.9999999999967422,0.11374468843544994,mono_oligosaccharide,0.555871078378426,0.57526410742604,0.755822809905101,0.9991962847298467,False,False,23,190.54220971524896,True
gobbato_raman_metabolites::Mann::01,(+)-mannose,mono_oligosaccharide,gobbato_raman_metabolites,0.6450090624824123,0.5958111592755145,12,0.6450004167607803,12,0.7197436149817767,0.5460474822723294,(+)-mannose,0.8762328437825639,0.26875899958805893,mono_oligosaccharide,0.27997222190205007,0.6924725662427538,0.5651705494192375,0.9466131064530049,False,False,36,100.49316541823666,True
gobbato_raman_metabolites::Mann::02,(+)-mannose,mono_oligosaccharide,gobbato_raman_metabolites,0.7863509456432165,0.4622218670255332,18,0.7863509456432165,18,0.6276289894947068,0.6468676118907623,(+)-mannose,0.961455480815285,0.4115373067075242,mono_oligosaccharide,0.44267069872478987,0.7783838137433191,0.7560414265329527,0.9868705638786611,False,False,46,54.93865950006448,True
gobbato_raman_metabolites::Mann::03,(+)-mannose,mono_oligosaccharide,gobbato_raman_metabolites,0.7653347536131829,0.4844225907062783,17,0.7653347536131829,17,0.6347720244485378,0.6493995065541392,(+)-mannose,0.985228200334181,0.34022946946644717,mono_oligosaccharide,0.490366054367072,0.7356001985704338,0.75402938195552,0.995154463456222,False,False,49,60.22231484189174,True
ramanbiolib::20,(+)-mannose,mono_oligosaccharide,RamanBioLib,0.7817013976208198,0.4672243597876312,18,0.7817013976208199,18,0.6299298664876467,0.6502159060594807,(+)-mannose,0.9800862020568182,0.3464037212825781,mono_oligosaccharide,0.4857705214787496,0.745527275446094,0.7661347539366961,0.9948114547966748,False,False,46,64.5416207797094,True
ramanbiolib::183,(+)-raffinose pentahydrate,mono_oligosaccharide,RamanBioLib,0.7162489547086383,0.5326828749744803,13,0.7161838404831863,13,0.7446943423550915,0.5216965758820107,(+)-raffinose pentahydrate,0.9999999999961349,0.38025748354639455,mono_oligosaccharide,0.5825774978013442,0.6190166633306087,0.7161838404804182,0.9996294238870117,False,False,27,114.43649848909057,True
ramanbiolib::184,(+)-sucrose,mono_oligosaccharide,RamanBioLib,0.748568855932145,0.5014291017358321,13,0.748568855932145,13,0.768112211937379,0.5133875267636552,(+)-sucrose,0.9999999999960761,0.2995959549266024,mono_oligosaccharide,0.4202874201168536,0.6229971369817088,0.7485688559292076,0.9864001132144518,False,False,28,163.1300242582819,True
ramanbiolib::21,(+)-trehalose,mono_oligosaccharide,RamanBioLib,0.7920027648539898,0.45606713885764916,11,0.7920027648539897,11,0.8405907350103241,0.4285809757159023,(+)-trehalose,0.9999999999968094,0.2625590984230666,mono_oligosaccharide,0.6623213016213989,0.4788960696622752,0.7920027648514627,0.9999842293587637,False,False,28,146.0075917514994,True
ramanbiolib::185,(+)-xylose,mono_oligosaccharide,RamanBioLib,0.9032974964995932,0.31097026144039885,3,0.9032974964995932,3,0.9814103310388775,0.1030824259141803,(+)-xylose,0.9991685263580353,0.26428371354379765,mono_oligosaccharide,0.6343822203191258,0.35753078422393786,0.9025464284404011,0.9999543379358481,False,False,17,358.2433172659758,True
ramanbiolib::22,(+)-xylose,mono_oligosaccharide,RamanBioLib,0.9125334810708012,0.2957473904011856,10,0.9125334810708012,10,0.9605449454529195,0.21517336074490676,(+)-xylose,0.9990959430420302,0.26029581117692546,mono_oligosaccharide,0.628627239608201,0.39637825288297746,0.9117084988278588,0.9999400103975168,False,False,17,382.3612420993635,True
ramanbiolib::23,(-)-arabinose,mono_oligosaccharide,RamanBioLib,0.9356629383747056,0.253647514526025,5,0.9356629383747056,5,0.9823506693612407,0.10914913306123598,(-)-arabinose,0.9999999999978667,0.007228511876353316,mono_oligosaccharide,0.6758799721453808,0.31645003161611845,0.9356629383727095,0.9999956601288084,True,False,18,277.63101194986655,True
gobbato_raman_metabolites::Fruct::01,(-)-fructose,mono_oligosaccharide,gobbato_raman_metabolites,0.6490495478292617,0.5924107124034704,5,0.6490495478292617,5,0.9281421486678044,0.24675701649325818,(-)-fructose,0.9994860896961338,0.09841156170610987,mono_oligosaccharide,0.6527938067296761,0.5080269761612823,0.6487159945789126,0.9999713535630935,False,False,20,296.029285117056,True
gobbato_raman_metabolites::Fruct::02,(-)-fructose,mono_oligosaccharide,gobbato_raman_metabolites,0.762260985487963,0.4875848792895441,8,0.762260985487963,8,0.9151142131544409,0.28431802582362964,(-)-fructose,0.9940613988258041,0.12976118097892864,mono_oligosaccharide,0.6543904503225432,0.49934869772188095,0.7577342215045004,0.9999757591949963,False,False,21,186.6051446812077,True
gobbato_raman_metabolites::Fruct::03,(-)-fructose,mono_oligosaccharide,gobbato_raman_metabolites,0.6746763256295709,0.5703715231058645,5,0.6746763256295709,5,0.9178474661227767,0.2709461698295105,(-)-fructose,0.9992025703448827,0.1012801060876578,mono_oligosaccharide,0.6371377570669319,0.5257062577007031,0.6741383187199084,0.9999451840085232,False,False,20,318.66150985304665,True
ramanbiolib::186,(-)-fructose,mono_oligosaccharide,RamanBioLib,0.6771830394835577,0.5681698342187127,5,0.6771830394835578,5,0.9187315165886537,0.2688063353564525,(-)-fructose,0.9992112857932651,0.10064452806450785,mono_oligosaccharide,0.6391825300765235,0.5247308022959225,0.6766489355997573,0.9999494031074251,False,False,19,333.6885714964352,True
ramanbiolib::24,(-)-fructose,mono_oligosaccharide,RamanBioLib,0.6780119174947359,0.5674399373545558,5,0.6780119174947359,5,0.9185033673711489,0.2687992197618894,(-)-fructose,0.9993799011627608,0.10250342361721121,mono_oligosaccharide,0.6399855685044263,0.523507870882804,0.677591483093063,0.9999510291733066,False,False,19,319.03825931239174,True
ramanbiolib::187,(-)-ribose,mono_oligosaccharide,RamanBioLib,0.812243677872941,0.4333085761058406,8,0.8122436778729412,8,0.8500783583186596,0.3852484613133758,(-)-ribose,0.999999999996911,0.2553572801663805,mono_oligosaccharide,0.6670887582751179,0.5230133961733222,0.8122436778704322,0.9999899752794004,False,False,24,152.92621472967969,True
ramanbiolib::1,12-methyltetradecanoic acid,fatty_acid,RamanBioLib,0.9301606924497502,0.2642712764380192,9,0.9301188334152439,9,0.9299968344758468,0.2702407891702935,12-methyltetradecanoic acid,0.9999999999974228,0.049820781438963624,fatty_acid,0.6430938617894565,0.48982916347844296,0.9301188334128468,0.9997483281498499,False,False,25,228.90103387002733,True
ramanbiolib::2,13-methylmyristicacid,fatty_acid,RamanBioLib,0.9292149665838967,0.2660545684930679,5,0.9292149665838967,5,0.9377225935479944,0.21893047415021955,13-methylmyristicacid,0.9999999999974195,0.0738375220088372,fatty_acid,0.6366087479722022,0.48780062558472415,0.9292149665814988,0.9997757833962677,False,False,24,312.49385891657244,True
ramanbiolib::3,14-methylhexadecanoic acid,fatty_acid,RamanBioLib,0.9478846853814499,0.22828778902625957,7,0.9478846853814499,7,0.9586329895276532,0.2017365445307618,14-methylhexadecanoic acid,0.9999999999977504,0.07383752200916782,fatty_acid,0.6647380921377499,0.5450403396014487,0.9478846853793175,0.9998606334857931,False,False,21,264.53127631366766,True
ramanbiolib::4,14-methylpentadecanoic acid,fatty_acid,RamanBioLib,0.9831460716377652,0.12982268046153514,6,0.9831197852320716,6,0.9732642412392437,0.14028103000297734,14-methylpentadecanoic acid,0.9999999999977647,0.02558219016405927,fatty_acid,0.6439936323013252,0.3811215038331883,0.983119785229874,0.9998212685935494,False,False,24,330.91848171917843,True
ramanbiolib::5,15-methylpalmiticacid,fatty_acid,RamanBioLib,0.9805056604681842,0.13962213123927142,8,0.9805056604681842,8,0.9640388897033568,0.1597110400392128,15-methylpalmiticacid,0.9999999999976278,0.02558219016392216,fatty_acid,0.5336122271578182,0.39546965458569644,0.9805056604658583,0.9971969275414341,False,False,21,365.93956182019525,True
ramanbiolib::176,2-deoxy-d-ribose,mono_oligosaccharide,RamanBioLib,0.767293461270126,0.4823966611924685,9,0.7672934612701259,9,0.9187270569695565,0.3221514348976812,2-deoxy-d-ribose,0.999999999997339,0.10694647566897908,mono_oligosaccharide,0.6409266136668336,0.6538397707412664,0.7672934612680842,0.9999158704591405,False,False,22,222.3474380969494,True
ramanbiolib::168,a-dna,nucleic_acid_polymer,RamanBioLib,0.9517524274657461,0.21965330075873116,7,0.9517302081630307,7,0.9808691452375128,0.12798609048389603,a-dna,0.9999999999978652,0.0012289985197988518,nucleic_acid_polymer,1.0540654086718642,0.3515657570211452,0.9517302081609988,0.9999781278546004,True,False,25,71.02736562073413,True
gobbato_raman_metabolites::Acetoacet::01,acetoacetate,carboxylic_acid_metabolite,gobbato_raman_metabolites,0.638274178701387,0.6014364648890613,7,0.638274178701387,7,0.8398056154955461,0.40725371754396855,acetoacetate,0.9892694123261725,0.2080281708173014,carboxylic_acid_metabolite,0.6787533262994517,0.6612239026111769,0.6314251216668916,0.9965685903171214,False,False,27,111.14838389619322,True
gobbato_raman_metabolites::Acetoacet::02,acetoacetate,carboxylic_acid_metabolite,gobbato_raman_metabolites,0.7013782746799201,0.546462922182083,10,0.70137827467992,10,0.8201376029085636,0.45617655200825535,acetoacetate,0.998665769529344,0.16914637535836752,carboxylic_acid_metabolite,0.6713785876793634,0.6961031837678344,0.7004424744143859,0.9967414219953248,False,False,28,91.67812884494542,True
gobbato_raman_metabolites::Acetoacet::03,acetoacetate,carboxylic_acid_metabolite,gobbato_raman_metabolites,0.6998719785529097,0.5478394120970032,10,0.6998719785529097,10,0.8222206357502955,0.4563044521547303,acetoacetate,0.9987137055533954,0.16006347117776742,carboxylic_acid_metabolite,0.6680938199561313,0.6904448309573136,0.698971737113563,0.996621650862395,False,False,29,93.08503536201945,True
ramanbiolib::6,acetoacetate,carboxylic_acid_metabolite,RamanBioLib,0.6986473789687915,0.5489559372398728,10,0.6986473789687915,10,0.8216953421741506,0.45517311555394885,acetoacetate,0.9988699229591611,0.1656673404781177,carboxylic_acid_metabolite,0.6702559104062172,0.6934529209855416,0.6978578536061766,0.9966829818511876,False,False,27,98.63250942436572,True
gobbato_raman_metabolites::AcCoA::01,acetyl-coa,sulfur_thiol_cofactor,gobbato_raman_metabolites,0.7856972084518329,0.46292849507019196,5,0.785697208451833,5,0.9065173813977684,0.2902887733379003,acetyl-coa,0.9595095756544946,0.030174464548291646,sulfur_thiol_cofactor,0.9287504027845943,0.35814803869558903,0.7538839950745393,0.999938289707008,False,False,21,138.00669739452348,True
gobbato_raman_metabolites::AcCoA::02,acetyl-coa,sulfur_thiol_cofactor,gobbato_raman_metabolites,0.9425426778908886,0.23970257009271687,10,0.9425426778908887,10,0.9581256782819443,0.22423508352339017,acetyl-coa,0.9974292644803502,0.005655132445339883,sulfur_thiol_cofactor,1.0574700935787078,0.24159652843216628,0.9401196499500488,0.9999992501999933,True,False,30,82.19707952878383,True
gobbato_raman_metabolites::AcCoA::03,acetyl-coa,sulfur_thiol_cofactor,gobbato_raman_metabolites,0.9476653835753028,0.22876760352953118,11,0.9476653835753028,11,0.9585085147562166,0.23324154096400476,acetyl-coa,0.996861673410915,0.0024943415519422807,sulfur_thiol_cofactor,1.0562274298439371,0.23417117921440678,0.944691300104473,0.9999992161282744,True,False,36,74.09560480175882,True
ramanbiolib::7,acetyl-coa,sulfur_thiol_cofactor,RamanBioLib,0.9487208813510993,0.22644893165755806,10,0.9487208813510993,10,0.9605295743653468,0.22996090930877053,acetyl-coa,0.9970199402091241,0.0022821802910905076,sulfur_thiol_cofactor,1.0566869807578474,0.21602900778335044,0.9458936363998206,0.9999992333506591,True,False,34,81.38901892833402,True
gobbato_raman_metabolites::Ade::01,adenine,purine,gobbato_raman_metabolites,0.5077946599945367,0.7015734744165939,3,0.5077946599945367,3,0.9472064299418486,0.160493920176819,adenine,0.9734149978493212,0.11459195055299476,purine,0.8896269140233095,0.31717191461167593,0.49429493786647866,0.9999362410151263,False,False,17,411.98833385908785,True
gobbato_raman_metabolites::Ade::02,adenine,purine,gobbato_raman_metabolites,0.6153787241634671,0.6201784225818794,8,0.6153787241634672,8,0.9322448831549963,0.2856784610758898,adenine,0.9945203593924744,0.07847300054857653,purine,0.9602833188201381,0.30631521078883395,0.6120066699175337,0.9999907188500884,False,False,21,308.0858280084932,True
gobbato_raman_metabolites::Ade::03,adenine,purine,gobbato_raman_metabolites,0.6051994724721753,0.6283315426806375,7,0.6051994724721754,7,0.9412378299520124,0.2538405460400307,adenine,0.9976804607488975,0.07966247415408656,purine,0.9999316009143299,0.28595700755864933,0.6037956885410297,0.9999987009632159,False,False,21,332.7878505767427,True
ramanbiolib::8,adenine,purine,RamanBioLib,0.603980808506468,0.6293005573596261,6,0.603980808506468,6,0.9461882046148712,0.23222352646609815,adenine,0.9990828982427175,0.08198785704847922,purine,1.0201862120191305,0.2720285777734954,0.6034268966456218,0.9999996221560059,False,False,20,305.11058015913204,True
amino_acid_raman::alanine,alanine,free_amino_acid,amino_acid_raman_grounding,0.7285105233364435,0.5210465206325486,6,0.7285105233364435,6,0.9408142775350306,0.2340191882424707,alanine,0.9881116435526729,0.026281084641440078,free_amino_acid,0.5146935486949524,0.5731113801203457,0.719849730559391,0.9970603498033933,False,False,19,307.3042346852067,True
gobbato_raman_metabolites::Ala::01,alanine,free_amino_acid,gobbato_raman_metabolites,0.7734451666734213,0.47597776557981375,13,0.7734451666734213,13,0.9325749215726248,0.31511292978106875,alanine,0.9977249751633273,0.020087370061450338,free_amino_acid,0.4836478940216938,0.5595827536822398,0.7716855597094349,0.9941756863363472,False,False,20,280.80028085149223,True
gobbato_raman_metabolites::Ala::02,alanine,free_amino_acid,gobbato_raman_metabolites,0.7699525155607492,0.47963265572625563,13,0.7699525155607492,13,0.9340061744835744,0.3008701267394627,alanine,0.9973121351851493,0.020566483810380287,free_amino_acid,0.4902098315167696,0.5593018051597772,0.7678829872850677,0.9948538692144936,False,False,20,292.12403839400014,True
gobbato_raman_metabolites::Ala::03,alanine,free_amino_acid,gobbato_raman_metabolites,0.7684990725599286,0.48114543273301474,12,0.7684990725599286,12,0.9333625413556974,0.30863950846725957,alanine,0.99722386450639,0.0198254489694899,free_amino_acid,0.48492386312951297,0.558761087794251,0.7663656150077885,0.9943329971731358,False,False,19,295.66757767773004,True
ramanbiolib::31,alanine,free_amino_acid,RamanBioLib,0.7787258359530742,0.47039787844621966,9,0.7787258359530742,9,0.8590389637518119,0.41949630044721825,hydroxyproline,0.9381897470620068,0.0018597508403295215,free_amino_acid,0.22873906367124064,0.6269432342433955,0.7305925950634644,0.8770187321377362,True,False,26,143.21520216219284,True
amino_acid_raman::alb,albumin,peptide_protein,amino_acid_raman_grounding,0.9306781966512832,0.26329034040132865,10,0.9305956972621053,10,0.8873304266317841,0.3834333159797084,albumin,0.9126748043238598,0.08787407768412425,peptide_protein,0.3985289808892246,0.6225848533758688,0.8493312459033179,0.9969949187474788,False,False,38,63.30521282416546,True
gobbato_raman_metabolites::Alb::01,albumin,peptide_protein,gobbato_raman_metabolites,0.9823736258327733,0.13276435578576443,14,0.9823148218212974,13,0.8869138760740221,0.3986826880044356,albumin,0.9147003726433043,0.07818502883440781,peptide_protein,0.38759970746824013,0.6382723423631792,0.8985237335729818,0.9960840775855585,False,False,22,113.84401154050013,True
gobbato_raman_metabolites::Alb::02,albumin,peptide_protein,gobbato_raman_metabolites,0.9804116265378077,0.13995847049097365,17,0.9797069677510104,18,0.8723180469424802,0.44419193886584607,albumin,0.9106393385627481,0.10411482638416591,peptide_protein,0.37057668548591394,0.7148092382311778,0.8921597050980957,0.9931078054577479,False,False,26,142.0336546138929,True
gobbato_raman_metabolites::Alb::03,albumin,peptide_protein,gobbato_raman_metabolites,0.9608132635253115,0.19795640043870602,22,0.9606265536740757,22,0.7599817287456228,0.5850276248346052,albumin,0.8715639483894069,0.1704027003448041,peptide_protein,0.11103375707654545,0.8304270898714392,0.8372474720478859,0.6960055901775615,False,False,73,42.29945713798411,True
ramanbiolib::100,albumin,peptide_protein,RamanBioLib,0.9579056948660546,0.2051689672779567,19,0.9575216347654641,19,0.7900850649610407,0.5473636816310147,phosphatidylinositol,0.8309156070280896,0.06862390400507568,phospholipid_sphingolipid,0.16649241640993262,0.8412813529787885,0.7956196703936744,0.6709584737796491,False,False,76,31.223032084246128,True
ramanbiolib::101,albumin,peptide_protein,RamanBioLib,0.9510156170206309,0.22132415814664272,24,0.9507145341202476,24,0.6933479552373417,0.6561252530832685,phosphatidylinositol,0.7828683538954613,0.030174044281120915,carboxylic_acid_metabolite,0.005618223937061018,0.876567168310735,0.7442843223512087,0.329917312389286,False,False,83,25.699289870016717,True
ramanbiolib::99,albumin,peptide_protein,RamanBioLib,0.8608606364973073,0.37301389183588535,21,0.8593015517657228,21,0.815739166296191,0.5557663036275461,albumin,0.9165526519344102,0.13021359963912937,peptide_protein,0.3122377240993507,0.741396196305174,0.787595116082227,0.9796112474742111,False,False,27,89.35911825849092,True
ramanbiolib::177,amylopectin,polysaccharide,RamanBioLib,0.9264555840655834,0.2711907371838926,1,0.9264555840655834,1,1.0000000000000064,1.0013008098863552e-14,amylopectin,0.9982144402329035,0.08869982714580882,polysaccharide,0.8570485540073475,0.28199322087666556,0.9248013422486739,0.9997180288434527,False,True,16,215.5635730943025,True
ramanbiolib::9,amylopectin,polysaccharide,RamanBioLib,0.9660462730917101,0.18426537088735875,7,0.9660462730917101,7,0.9710021150113557,0.15286677086260508,amylopectin,0.9977911404358224,0.04485127412318013,polysaccharide,0.829624278404079,0.3610471351718,0.9639124125419534,0.9994866385535263,False,False,19,165.04609857836002,True
ramanbiolib::10,amylose,polysaccharide,RamanBioLib,0.9615813698487743,0.19600670945451654,4,0.9615813698487743,4,0.9280060605919949,0.23490923099863684,amylose,0.9976541699076942,0.05856213612883221,polysaccharide,0.7851859937425067,0.4532800648636428,0.9593256633351824,0.9987555582513736,False,False,17,185.09455336974497,True
ramanbiolib::178,amylose,polysaccharide,RamanBioLib,0.9821003967445111,0.13378939889046151,8,0.9821003967445111,8,0.9222332042879888,0.25787765606195706,amylose,0.9975700855249152,0.07742781250717545,polysaccharide,0.7758330989374247,0.4810547476305672,0.9797139767744751,0.9984622777202361,False,False,17,164.63821094608588,True
ramanbiolib::63,arachidic acid,fatty_acid,RamanBioLib,0.9678742067247438,0.179236696229383,7,0.9678742067247438,7,0.9017307646627728,0.3231366817727436,arachidic acid,0.999999999997036,0.035504812162412414,fatty_acid,0.41268473460036104,0.49857172658183013,0.9678742067218751,0.9633602223840733,False,False,13,755.9625623388445,True
ramanbiolib::61,arachidonic acid,fatty_acid,RamanBioLib,0.9664685925137156,0.18311583079092533,5,0.9314691871491237,4,0.9767537321026748,0.11678273767636864,arachidonic acid,0.9999999999978338,0.00500444751860174,fatty_acid,0.003906567794371707,0.6925497975342064,0.931469187147106,0.4730545375091664,True,False,8,706.339290078171,True
amino_acid_raman::arginine,arginine,free_amino_acid,amino_acid_raman_grounding,0.75911592615382,0.4907994232330954,4,0.75911592615382,4,0.9778364813723751,0.12579678459842786,arginine,0.9925259696825607,0.08698396883308301,free_amino_acid,0.5414593581450532,0.44168663474627573,0.7534422707072953,0.998327784405388,False,False,26,184.82224708259622,True
gobbato_raman_metabolites::Arg::01,arginine,free_amino_acid,gobbato_raman_metabolites,0.7946368371842674,0.4531701256873926,4,0.7946368371842674,4,0.9731572427874928,0.1347408773718063,arginine,0.9933089210898143,0.09199154541860433,free_amino_acid,0.6048881101938992,0.4466298171567763,0.789319859401727,0.9996995786977995,False,False,23,222.39765136976132,True
gobbato_raman_metabolites::Arg::02,arginine,free_amino_acid,gobbato_raman_metabolites,0.7949648043861405,0.45280812229205253,4,0.7949648043861405,4,0.972938794931593,0.13641126840312792,arginine,0.993363293905589,0.09192322426525834,free_amino_acid,0.6009979530696958,0.4475188220109744,0.7896888566240287,0.9996597974664342,False,False,23,218.43274039989475,True
gobbato_raman_metabolites::Arg::03,arginine,free_amino_acid,gobbato_raman_metabolites,0.7941938511986817,0.4536586258422872,4,0.7941938511986817,4,0.9739394541912797,0.131899337166557,arginine,0.9933816469363115,0.09165455292489921,free_amino_acid,0.6072672097498949,0.4434353923752033,0.7889375958904383,0.9997216760399705,False,False,23,228.5163846807545,True
ramanbiolib::32,arginine,free_amino_acid,RamanBioLib,0.8469657021302914,0.3911959839639915,14,0.8469657021302914,14,0.7588555431386148,0.522356322801096,arginine,0.7214226705029649,0.07166180220283525,free_amino_acid,0.19189675560263564,0.8299019151977183,0.6110202586552536,0.870396668210087,False,False,40,70.26450403094661,True
gobbato_raman_metabolites::Asc::01,ascorbate,carboxylic_acid_metabolite,gobbato_raman_metabolites,0.6709358092001472,0.5736411690242637,6,0.6705317326752567,6,0.9241768914795607,0.25162821600871854,ascorbate,0.9992553059452444,0.22413361130386644,carboxylic_acid_metabolite,0.7004400422828344,0.7294910613867095,0.6700323916804084,0.9960305600104566,False,False,20,217.45277652773223,True
gobbato_raman_metabolites::Asc::02,ascorbate,carboxylic_acid_metabolite,gobbato_raman_metabolites,0.7330204249585853,0.5167006628998532,6,0.7309460922159702,6,0.9282084346779744,0.24601591920464908,ascorbate,0.9999518209351486,0.21191934094826825,carboxylic_acid_metabolite,0.6951154376285232,0.7229416171025829,0.7309108759167904,0.9971874673922921,False,False,22,208.39159080837558,True
gobbato_raman_metabolites::Asc::03,ascorbate,carboxylic_acid_metabolite,gobbato_raman_metabolites,0.7299585087526441,0.519655165708074,6,0.7278716567581471,6,0.9281500371410748,0.2445817998556403,ascorbate,0.9999526416145147,0.21342755874015817,carboxylic_acid_metabolite,0.6960888881597342,0.7245941825716851,0.7278371859316426,0.9971032072656304,False,False,22,218.57394434188888,True
ramanbiolib::11,ascorbate,carboxylic_acid_metabolite,RamanBioLib,0.7329556634252998,0.5167633274279756,6,0.7307935791437385,6,0.9293717931540983,0.24242879176878712,ascorbate,0.9997899117157774,0.2097260435247752,carboxylic_acid_metabolite,0.6944286241674209,0.7221798761763237,0.7306400479745753,0.9973626481468403,False,False,23,215.59231421982184,True
ramanbiolib::193,asparagine,free_amino_acid,RamanBioLib,0.7666428154015931,0.4830705793133893,5,0.7666428154015932,5,0.9783129481021222,0.13110903699682502,asparagine,0.999999999997633,0.1384621002091343,free_amino_acid,0.7115168326147344,0.3506532147117058,0.7666428153997785,0.9999977589850246,False,False,20,248.12117638786378,True
amino_acid_raman::aspartate,aspartate,free_amino_acid,amino_acid_raman_grounding,0.667160404021029,0.5769225216427576,3,0.667160404021029,3,0.907427118664552,0.25097043366603977,aspartate,0.9624613830885234,0.1141728986320647,free_amino_acid,0.15773600271871735,0.607990693571237,0.6421161251959777,0.8068141352952221,False,False,20,327.2375284032343,True
ramanbiolib::194,aspartate,free_amino_acid,RamanBioLib,0.7290416026010392,0.5205366436656402,19,0.7290416026010391,19,0.6803425600763466,0.6251555364445016,aspartate,0.9298205753006459,0.23667114757336905,free_amino_acid,0.0992819114240634,0.7495298810125065,0.677877882348603,0.694201774656237,False,False,52,54.301654011266244,True
ramanbiolib::169,b-dna,nucleic_acid_polymer,RamanBioLib,0.9176261240594787,0.2870084945440445,13,0.9176261240594787,13,0.9408684862303793,0.30494207798156314,b-dna,0.9999999999975996,0.008434289393578265,nucleic_acid_polymer,1.0222421403764432,0.4368621128858901,0.9176261240572761,0.9999409536224725,True,False,29,75.63691426784104,True
ramanbiolib::102,carbonic anhydrase,peptide_protein,RamanBioLib,0.9781783345159939,0.14772158096901183,6,0.9780776282702816,6,0.8940117518410942,0.3231467504008468,carbonic anhydrase,0.9925734286388517,0.037656997443600515,peptide_protein,0.4548208822088756,0.6050137427987781,0.9708138649671896,0.9979380006220719,False,False,23,117.53788941168753,True
ramanbiolib::103,carbonic anhydrase,peptide_protein,RamanBioLib,0.9811635027937533,0.13724611909350237,10,0.9811635027937533,10,0.9016052775855481,0.31627993961648554,carbonic anhydrase,0.9906362021079838,0.03357285212047112,peptide_protein,0.46811250595990783,0.4859774499426529,0.9719760860545699,0.9988209530458492,False,False,21,104.64729186923884,True
ramanbiolib::104,carbonic anhydrase,peptide_protein,RamanBioLib,0.9699190694830768,0.1734385496851638,18,0.9697854658516599,18,0.7853943078549941,0.51697476587058,carbonic anhydrase,0.946521201487055,0.009372556612346816,peptide_protein,0.4192040863412857,0.7142018145908059,0.9179225043225965,0.9971841733381016,True,False,25,98.67911692909941,True
amino_acid_raman::carotene,carotene,chromophore_pigment,amino_acid_raman_grounding,0.963022082210086,0.19229643207786512,9,0.9630220548900582,8,0.9937596815944617,0.05467383599724528,carotene,0.9999999999979514,0.00024949235657445445,chromophore_pigment,1.1010803161235108,0.23268473922644772,0.9630220548880853,0.9999999846268448,True,False,11,832.2089989212807,True
ramanbiolib::12,cellulose,polysaccharide,RamanBioLib,0.8829511727142659,0.3421239940220752,2,0.8829511727142659,2,0.9953334494034637,0.03247881153074715,cellulose,0.9999999999978539,0.013634685869660768,polysaccharide,0.8761608074800282,0.345297615408722,0.8829511727123711,0.9998150146179919,False,False,21,284.30796586494955,True
ramanbiolib::171,ceramide,phospholipid_sphingolipid,RamanBioLib,0.8934692650901738,0.3263904638768108,6,0.8934692650901737,6,0.9294290598691484,0.2606596809099524,ceramide,0.9970897114255071,0.00587692065423262,phospholipid_sphingolipid,0.7585932915501383,0.5092365349248756,0.8908690116963212,0.9970235430030089,True,False,9,1024.3163179016567,True
ramanbiolib::190,ceramide,phospholipid_sphingolipid,RamanBioLib,0.9316236004084022,0.2614888135112657,12,0.9316236004084021,12,0.9494376418888449,0.238120308722088,ceramide,0.9977382514910147,0.006130983675711188,phospholipid_sphingolipid,0.7877840797266693,0.5032046050231838,0.9295165021192429,0.9985725244203324,True,False,9,549.1677100057433,True
ramanbiolib::13,chitin,polysaccharide,RamanBioLib,0.8912918449541328,0.32970919769663454,11,0.8911518521298609,11,0.9315037356053046,0.3195691777008294,chitin,0.9999999999975575,0.013634685869364227,polysaccharide,0.8800185274845381,0.49962152523402076,0.8911518521276843,0.9998295509720302,False,False,20,138.8894828087846,True
gobbato_raman_metabolites::Chol::01,cholesterol,sterol_steroid,gobbato_raman_metabolites,0.8508133839908061,0.38624683300843354,11,0.8508133839908061,11,0.9676519315182167,0.19460255549345667,cholesteryl palmitate,0.9937469974660192,0.007338576580499745,sterol_steroid,0.8333403075597345,0.40220170487981577,0.8454932457447668,0.9999967747567423,True,False,25,132.41053626454206,True
gobbato_raman_metabolites::Chol::02,cholesterol,sterol_steroid,gobbato_raman_metabolites,0.874181794346446,0.3547086207768682,16,0.874181794346446,16,0.8633618859552554,0.4633591884833627,cholesterol,0.9956479644267374,0.04258059892767485,sterol_steroid,0.6949936428154228,0.7065021859920089,0.8703773240799518,0.9991742725221946,False,False,48,70.27075561936904,True
gobbato_raman_metabolites::Chol::03,cholesterol,sterol_steroid,gobbato_raman_metabolites,0.883960176291142,0.3406461855191423,18,0.8839601762911421,18,0.8663085686283355,0.47949816283748675,cholesterol,0.9969329007444251,0.03346568684712603,sterol_steroid,0.6861494851629787,0.6837025794498625,0.8812489826924816,0.9992583336494839,False,False,45,69.97643081169782,True
ramanbiolib::64,cholesterol,sterol_steroid,RamanBioLib,0.8949940980196553,0.3240461417456466,17,0.8949940980196553,17,0.8514220062592524,0.49053399145167814,cholesterol,0.9937096062555937,0.041071905899424443,sterol_steroid,0.6885206529050434,0.7173970026628868,0.889364232744192,0.9989326567433865,False,False,50,63.77054346024154,True
ramanbiolib::65,cholesteryl linoleate,sterol_steroid,RamanBioLib,0.9319788023254024,0.26080873772657526,8,0.9252305322927299,7,0.908448334373661,0.2967688540037094,cholesteryl linoleate,0.9999999999972091,0.07037628969532894,sterol_steroid,0.6494932359910173,0.6822266495245514,0.9252305322901477,0.9973036491702829,False,False,25,146.0701040608949,True
ramanbiolib::66,cholesteryl oleate,sterol_steroid,RamanBioLib,0.9728830659615438,0.1646722017780445,10,0.9727393193620568,9,0.8930010192623052,0.3537211937582484,cholesteryl oleate,0.999999999997101,0.06427966719830835,sterol_steroid,0.6575211972692794,0.6178464753659415,0.9727393193592369,0.9972683871049614,False,False,25,165.38877913440774,True
ramanbiolib::67,cholesteryl palmitate,sterol_steroid,RamanBioLib,0.9567043086221829,0.20807616725077802,6,0.9567043086221829,6,0.9823782755062332,0.10856483242695315,cholesteryl palmitate,0.999999999997826,0.022521435424698755,sterol_steroid,0.8560787653648191,0.3440575694757024,0.956704308620103,0.999998840145451,False,False,24,186.29138160203763,True
ramanbiolib::68,cholesteryl stearate,sterol_steroid,RamanBioLib,0.9346676820768357,0.25560187386460803,5,0.9346676820768357,5,0.9438416514943511,0.23421231996852956,cholesteryl stearate,0.999999999997424,0.022521435424296854,sterol_steroid,0.7863638857228699,0.41021799015637916,0.934667682074428,0.9999636450459901,False,False,23,222.04847122442135,True
gobbato_raman_metabolites::Citric::01,citrate,carboxylic_acid_metabolite,gobbato_raman_metabolites,0.4513567133805485,0.7407045879558887,4,0.4513567133805485,4,0.8688214359738483,0.32324199643484797,citrate,0.9676579199582893,0.09505673491649602,carboxylic_acid_metabolite,0.1695523908821468,0.587874004050468,0.4367588984290313,0.7348424071293224,True,True,20,259.13355249680853,True
gobbato_raman_metabolites::Citric::02,citrate,carboxylic_acid_metabolite,gobbato_raman_metabolites,0.5938794019920295,0.6372759198397224,7,0.5938794019920295,7,0.8932187789457695,0.33444755992852415,citrate,0.9975362782802155,0.07638381997442989,carboxylic_acid_metabolite,0.27461037315893877,0.5444295975566511,0.5924162484104091,0.8492757188457745,False,False,23,148.33541138708605,True
gobbato_raman_metabolites::Citric::03,citrate,carboxylic_acid_metabolite,gobbato_raman_metabolites,0.582493952652742,0.6461470787265392,7,0.582493952652742,7,0.8945598199002478,0.3331195166911136,citrate,0.997532061506827,0.07838093797908541,carboxylic_acid_metabolite,0.26512466294023973,0.5386064107302023,0.5810563934049497,0.8400308623616894,False,False,21,158.39681492327713,True
ramanbiolib::14,citrate,carboxylic_acid_metabolite,RamanBioLib,0.5974983315536793,0.6344301919407037,7,0.5974983315536793,7,0.890994197408368,0.3403952278623592,citrate,0.9975984530743733,0.07830257784589434,carboxylic_acid_metabolite,0.2680052366184619,0.5455841027460804,0.5960634112724694,0.8428536816793484,False,False,22,152.66434468457047,True
gobbato_raman_metabolites::CoA::01,coenzyme a,sulfur_thiol_cofactor,gobbato_raman_metabolites,0.740025881745187,0.5098765715882158,5,0.740025881745187,5,0.970769667273844,0.16013627555726376,coenzyme a,0.9941951191075912,0.005013761268541916,sulfur_thiol_cofactor,1.039819896562764,0.21649358543763825,0.7357301196443564,0.9999977733552182,True,False,20,147.7060781318042,True
gobbato_raman_metabolites::CoA::02,coenzyme a,sulfur_thiol_cofactor,gobbato_raman_metabolites,0.9379713493815754,0.24905551714098312,16,0.9379713493815754,16,0.9394768226301053,0.32589109561906837,coenzyme a,0.9990620528950144,0.008123646964613873,sulfur_thiol_cofactor,1.0510762773537277,0.2969986650758382,0.9370915818698635,0.9999986946710685,True,False,47,63.893727370539224,True
gobbato_raman_metabolites::CoA::03,coenzyme a,sulfur_thiol_cofactor,gobbato_raman_metabolites,0.9372808912428061,0.25043783411683473,15,0.9372808912428061,15,0.9232725552054311,0.36520473290130967,coenzyme a,0.9981520088391187,0.010550305368587587,sulfur_thiol_cofactor,1.0436719573876991,0.3194998384864757,0.9355488044405265,0.9999980517753593,False,False,48,61.38193135000971,True
ramanbiolib::15,coenzyme a,sulfur_thiol_cofactor,RamanBioLib,0.9347140204069555,0.2555112122647052,15,0.9347140204069555,15,0.9088073127212289,0.4038971657084551,coenzyme a,0.997625568221921,0.012074046380798453,sulfur_thiol_cofactor,1.036663655518515,0.39936823265030114,0.9324946057334853,0.9999971138286634,False,False,52,57.4894298788055,True
ramanbiolib::105,collagen,peptide_protein,RamanBioLib,0.9623694168484813,0.1939860385478321,15,0.9618258581791277,15,0.9088873149669838,0.3889720006563089,collagen,0.9975173682039019,0.10014171662241167,peptide_protein,0.5181583848292903,0.6800347481311435,0.9594379987213029,0.9995903773023086,False,False,37,78.76712200467057,True
ramanbiolib::106,collagen,peptide_protein,RamanBioLib,0.9656760899913386,0.1852671314848564,14,0.9656760899913386,14,0.9196691396175344,0.34752233600502647,collagen,0.998298569143335,0.10435435738816867,peptide_protein,0.5280356794510436,0.6150591456884839,0.9640330588942837,0.9997987269867097,False,False,19,142.76182022590095,True
ramanbiolib::107,collagen,peptide_protein,RamanBioLib,0.9654903149218655,0.18576782573443634,17,0.9653765212801074,18,0.8973892130123654,0.4207759868028807,collagen,0.9952494569841228,0.10145297989230684,peptide_protein,0.5277449832181642,0.6762755348551472,0.9607904585892484,0.9997800918008334,False,False,27,104.83805667590082,True
gobbato_raman_metabolites::Creat::01,creatinine,small_nitrogenous,gobbato_raman_metabolites,0.9102822409917916,0.299529228971262,4,0.9102583777331499,4,0.9950116168078489,0.04213144784661226,creatinine,0.9999202054682343,0.8172721319398114,small_nitrogenous,1.2027593844588809,0.18545829083623216,0.910185744092113,0.9999982268846241,False,False,19,330.0845176499909,True
gobbato_raman_metabolites::Creat::02,creatinine,small_nitrogenous,gobbato_raman_metabolites,0.9107590888070978,0.2987321730125715,4,0.9107379045830067,4,0.9947098476344284,0.04359119708882166,creatinine,0.9999102958392797,0.8172706425819141,small_nitrogenous,1.2037624870629544,0.1844196477118924,0.91065620760364,0.9999983182590196,False,False,19,311.2239000561237,True
gobbato_raman_metabolites::Creat::03,creatinine,small_nitrogenous,gobbato_raman_metabolites,0.9103498126900093,0.29941641122340157,6,0.910346187524195,5,0.9870145894199182,0.08858404182890779,creatinine,0.9996828204301557,0.8172174007321178,small_nitrogenous,1.2059164848758104,0.1995795512848807,0.9100574443120267,0.9999985205726056,False,False,21,278.7765423486953,True
gobbato_raman_metabolites::Cys::01,cysteine,free_amino_acid,gobbato_raman_metabolites,0.9484209162190846,0.22711028990528767,6,0.9484209162190846,6,0.9899083740490993,0.0730382317715075,cysteine,0.999990885062422,0.35954418711600733,free_amino_acid,0.6681722237137063,0.4580178325234943,0.9484122714216356,0.9999678054096764,False,False,21,253.29299777825364,True
gobbato_raman_metabolites::Cys::02,cysteine,free_amino_acid,gobbato_raman_metabolites,0.9485815266130593,0.22675641862335297,5,0.9485815266130593,5,0.9906906815482708,0.06570638169770272,cysteine,0.9999967696821004,0.359557812514127,free_amino_acid,0.6702472495756463,0.45315571556047046,0.9485784623931746,0.9999706066517738,False,False,20,240.2055584357056,True
gobbato_raman_metabolites::Cys::03,cysteine,free_amino_acid,gobbato_raman_metabolites,0.9497061315320353,0.22426294492830154,5,0.9497061315320353,5,0.9905274445152361,0.06618734705423868,cysteine,0.9999872012821353,0.3595381247762194,free_amino_acid,0.670361862183328,0.45325610895270063,0.9496939765112035,0.9999707726222843,False,False,21,244.10372812797831,True
ramanbiolib::166,cytochrome c,peptide_protein,RamanBioLib,0.8685832633578838,0.36251446404520843,8,0.8685832633578837,8,0.8855793607308082,0.320206159803501,hemoglobin,0.9799475109928474,0.004057247666864772,peptide_protein,0.10643593600007295,0.6056078599059104,0.851166007017603,0.7144879907869487,True,False,26,140.30916589895722,True
ramanbiolib::167,cytochrome c,peptide_protein,RamanBioLib,0.7603095579118198,0.48958190539269375,7,0.7603095579118198,7,0.9776887093815932,0.14344120737247634,cytochrome c,0.9452114941918195,0.17213088788764486,peptide_protein,0.1530380898062414,0.5444078674400661,0.7186533332821529,0.8154960402290276,False,False,27,176.6512603211801,True
ramanbiolib::16,cytosine,pyrimidine,RamanBioLib,0.7608682043874485,0.4890110383338114,5,0.7608674199795272,4,0.9765256362821907,0.13298985145166028,cytosine,0.9999999999976105,0.003562798626819297,pyrimidine,0.9524085909853381,0.4435766070630439,0.7608674199777091,0.9996233862534744,True,False,18,385.7270292694036,True
ramanbiolib::198,diethylstilbestrol,sterol_steroid,RamanBioLib,0.9415087123850593,0.24184972113873154,5,0.9415087123850593,5,0.9882241254504509,0.07241994428365289,diethylstilbestrol,0.9999999999978907,0.15706338266798048,sterol_steroid,0.7248387135951697,0.5040855720593221,0.9415087123830733,0.9997159743306485,False,False,22,337.0341059396841,True
ramanbiolib::69,elaidic acid,fatty_acid,RamanBioLib,0.9442549884044961,0.23610381529201982,5,0.9442549884044961,5,0.9867870771632972,0.08712839685555168,elaidic acid,0.9999999999978283,0.32752132967262293,fatty_acid,0.2556694367783646,0.6065779434013603,0.9442549884024454,0.8748144570588644,False,False,12,819.0733386026482,True
ramanbiolib::111,elastase,peptide_protein,RamanBioLib,0.939874574804287,0.24520486372756312,15,0.9396434873627706,15,0.7869696873434592,0.5113063688386816,elastase,0.9854800326633283,0.05877080293462489,peptide_protein,0.43386693348791894,0.6408286347517029,0.9259998946181469,0.9973404407542082,False,False,25,80.58628320029973,True
ramanbiolib::112,elastase,peptide_protein,RamanBioLib,0.965044672578902,0.18696343872817225,12,0.965044672578902,12,0.8522603624643631,0.4099250550748517,α-chymotrypsinogen a (type ii),0.9748794656897287,0.022596831844990617,peptide_protein,0.4137981629375421,0.49315530984610073,0.9408022347704392,0.9961630340865265,False,False,23,77.28509405712404,True
ramanbiolib::113,elastase,peptide_protein,RamanBioLib,0.9686966510054414,0.17692752469451223,17,0.9684071203876946,17,0.7168987656942734,0.5732952476348546,elastase,0.900877824106448,0.023378420786414944,peptide_protein,0.33670112753027176,0.8161694157632481,0.8724164994640574,0.9861652201029427,False,False,30,83.38244965921001,True
ramanbiolib::191,elastin,peptide_protein,RamanBioLib,0.9607072487229495,0.19822399268759364,9,0.9607072487229495,9,0.872723132834667,0.3717840138367789,elastin,0.9999999999969149,0.0777206067723808,peptide_protein,0.5162173463669026,0.5768251518540463,0.9607072487199857,0.9997238341221139,False,False,27,133.85078881777108,True
gobbato_raman_metabolites::Ergo::01,ergothioneine,sulfur_thiol_cofactor,gobbato_raman_metabolites,0.9971995374577547,0.05291939665418057,5,0.9971995374577547,5,0.9988323284838319,0.012724933628600953,ergothioneine,0.9999942100929079,0.9117091081719113,sulfur_thiol_cofactor,1.10501458110216,0.12574787161019835,0.9971937637650805,0.9999999942839968,False,False,23,207.68113285259722,True
gobbato_raman_metabolites::Ergo::02,ergothioneine,sulfur_thiol_cofactor,gobbato_raman_metabolites,0.9982151942968914,0.0422469608742074,5,0.9982151942968914,5,0.9989271224496846,0.011655794555554403,ergothioneine,0.999995402289906,0.9087428266872987,sulfur_thiol_cofactor,1.1033296539155817,0.1253282409111998,0.9982106047928166,0.9999999923329538,False,False,23,186.6368973310129,True
gobbato_raman_metabolites::Ergo::03,ergothioneine,sulfur_thiol_cofactor,gobbato_raman_metabolites,0.9979848149070735,0.04489081301251425,3,0.9979848149070735,3,0.9990776498319337,0.009169245439674631,ergothioneine,0.9999925469116998,0.911234047405039,sulfur_thiol_cofactor,1.1047692946578487,0.12450961197797798,0.9979773768381257,0.9999999940346722,False,False,25,197.06354698299427,True
ramanbiolib::199,estradiol,sterol_steroid,RamanBioLib,0.956833464232395,0.20776557888053004,10,0.9568333450433903,9,0.9181705690937653,0.2609276129956168,estradiol,0.9999999999975129,5.697110988300835e-06,sterol_steroid,0.7749887422410848,0.5641092427920917,0.9568333450410106,0.9999367137389857,True,False,43,78.87994311164401,True
ramanbiolib::200,estriol,sterol_steroid,RamanBioLib,0.9566222161903132,0.20827333917149218,8,0.9566222161903132,8,0.9184429363077264,0.2587969081443261,estriol,0.9999999999975144,5.6971109898551475e-06,sterol_steroid,0.7754704861715382,0.5637111079364358,0.9566222161879354,0.9999377620315645,True,False,40,79.39263717991415,True
ramanbiolib::201,estrone,sterol_steroid,RamanBioLib,0.8446088986780573,0.3941967799485267,8,0.8445581031477307,8,0.9819777478512952,0.12393379119344544,estrone,0.9999999999977411,0.01575986962464626,sterol_steroid,0.7596687601233441,0.4870294768147797,0.844558103145823,0.9998388049808609,False,False,30,116.25844989458291,True
ramanbiolib::202,ethinylestradiol,sterol_steroid,RamanBioLib,0.821404557175019,0.4226055404568216,7,0.821404557175019,7,0.956086620552914,0.2090927753074447,ethinylestradiol,0.9999999999975724,0.015759869624477507,sterol_steroid,0.7639953722738027,0.5046367566589846,0.821404557173025,0.9998580847277826,False,False,36,90.8038439911068,True
ramanbiolib::114,ferritin,peptide_protein,RamanBioLib,0.9378297526728001,0.24933962245727753,12,0.9378297526728001,12,0.8279661317015639,0.44225413814680226,ferritin,0.8480080295378862,0.003411857530538409,peptide_protein,0.38078773167001695,0.6097229892830769,0.7952871606060644,0.9978146927239488,True,False,40,64.80074040378285,True
ramanbiolib::115,ferritin,peptide_protein,RamanBioLib,0.8474970942563246,0.39051620420095595,13,0.8474970942563247,13,0.7207720289530053,0.5646601057145317,ferritin,0.7810375563370192,0.11385517705039927,peptide_protein,0.17862308910514324,0.764151448360305,0.6619270595006843,0.8641515189418784,False,False,45,46.957731139172736,True
ramanbiolib::116,ferritin,peptide_protein,RamanBioLib,0.9410586692766179,0.2427783571971009,20,0.9410586692766179,20,0.7471237346149255,0.5885122385625524,triosephosphate isomerase,0.9118275154291802,0.012658274465653374,peptide_protein,0.3832910757868031,0.6983885906155984,0.8580831882795891,0.9956711626349122,False,False,43,65.86806120811644,True
gobbato_raman_metabolites::Dfruct6P::01,fructose-6-phosphate,phosphate_metabolite,gobbato_raman_metabolites,0.6143868096527618,0.620977608571237,4,0.6143868096527618,4,0.9121568266116779,0.2767688175238411,fructose-6-phosphate,0.9935433759535416,0.17601390724422405,phosphate_metabolite,0.7153662674539427,0.4190178906895781,0.610419945003731,0.9909175313263511,False,False,12,230.21669825870043,True
gobbato_raman_metabolites::Dfruct6P::02,fructose-6-phosphate,phosphate_metabolite,gobbato_raman_metabolites,0.729978214167396,0.5196362052747423,9,0.7299782141673958,9,0.8912970908608123,0.35926345303507284,fructose-6-phosphate,0.9987083688830485,0.17281188050387075,phosphate_metabolite,0.7165564955947186,0.4491087378794943,0.7290353515912805,0.9906713364234043,False,False,15,163.39214783548485,True
gobbato_raman_metabolites::Dfruct6P::03,fructose-6-phosphate,phosphate_metabolite,gobbato_raman_metabolites,0.7347173056513205,0.5150560108846554,9,0.7347173056513205,9,0.9026813215404136,0.33518192973036864,fructose-6-phosphate,0.9992479267033757,0.16620820549989856,phosphate_metabolite,0.7100808173716272,0.4374882872310215,0.7341647443851724,0.9899815657328831,False,False,16,189.1009734226762,True
ramanbiolib::25,fructose-6-phosphate,phosphate_metabolite,RamanBioLib,0.738829302195221,0.5110486256752069,9,0.738829302195221,9,0.9083254017027781,0.32631984896769717,fructose-6-phosphate,0.9984010189905844,0.15869347513818532,phosphate_metabolite,0.7047088278327235,0.42998988180294023,0.7376479281718111,0.9894780609751921,False,False,18,163.41923820273732,True
ramanbiolib::26,fumarate,carboxylic_acid_metabolite,RamanBioLib,0.5439646364033888,0.6753039046208419,4,0.5338291369420742,4,0.8746728729995291,0.3125594535323019,fumarate,0.999999999996162,0.2237834568680963,carboxylic_acid_metabolite,0.5365732612923415,0.7260861133461244,0.5338291369400254,0.9750120793033472,False,False,8,589.5300714189885,True
ramanbiolib::195,glucosamine,mono_oligosaccharide,RamanBioLib,0.7980838017890745,0.4493508631467437,6,0.7980838017890745,6,0.9373753711896445,0.25454694004289313,glucosamine,0.9999999999973439,0.07328507514736105,mono_oligosaccharide,0.5842041003639555,0.5277270439283084,0.7980838017869547,0.9993229471140408,False,False,35,110.1601085135013,True
ramanbiolib::161,glucose oxidase,peptide_protein,RamanBioLib,0.9458501615554746,0.2327011784337828,4,0.9458501615554746,4,0.9885514073494233,0.07365976408666434,glucose oxidase,0.9851333614974059,0.7324898374713845,peptide_protein,0.5766710111736085,0.28296151659618135,0.9317885491260092,0.9999951187980154,False,False,24,155.07009807494646,True
ramanbiolib::162,glucose oxidase,peptide_protein,RamanBioLib,0.9862919803635701,0.11708125228411322,18,0.9862919803635701,18,0.8593080142171087,0.44636339413162746,glucose oxidase,0.9671383802932134,0.3712441420912167,peptide_protein,0.5368308305931867,0.46625146763438025,0.9538808283850091,0.9999627906892942,False,False,30,104.2394552143501,True
amino_acid_raman::glutamate#1,glutamate,free_amino_acid,amino_acid_raman_grounding,0.604963144297896,0.6285195746368675,8,0.6049631442978962,8,0.8111604541169993,0.4273112159485748,aspartate,0.7684568688659487,0.023170726048419743,carboxylic_acid_metabolite,0.2706052399280801,0.6700919728187146,0.4648880836464604,0.8623532254502749,False,False,33,155.3410755608869,True
amino_acid_raman::glutamate#2,glutamate,free_amino_acid,amino_acid_raman_grounding,0.4807859406296011,0.720565097246515,11,0.47991888169427055,11,0.7196535832471627,0.5614937805408299,glutamate,0.9115067395994199,0.16702263896839908,free_amino_acid,0.4917319393539009,0.7781158938843058,0.43744929512534425,0.9966277300216062,True,True,24,177.51930630398127,True
gobbato_raman_metabolites::Glutamic::01,glutamate,free_amino_acid,gobbato_raman_metabolites,0.46585135156489776,0.7308547382582725,11,0.4651866940060134,11,0.7257593831176364,0.5522386781882629,glutamate,0.9137736127704637,0.17179089687183613,free_amino_acid,0.5015894069293991,0.7593944711089663,0.42507532599462305,0.9972983878133638,True,True,25,195.06891520323623,True
gobbato_raman_metabolites::Glutamic::02,glutamate,free_amino_acid,gobbato_raman_metabolites,0.4855506028527081,0.7172512789439818,12,0.4850578279553742,12,0.7217038032576515,0.558418566444877,glutamate,0.8995939393743685,0.15908783994549214,free_amino_acid,0.45703113339360435,0.7799322544622487,0.4363550822747498,0.9944787213200154,True,True,24,174.41762478399585,True
gobbato_raman_metabolites::Glutamic::03,glutamate,free_amino_acid,gobbato_raman_metabolites,0.6792178916803914,0.5663762956897893,10,0.6792178916803915,10,0.7778017029223858,0.47595125554191864,glutamate,0.905663031307078,0.2580727825655754,free_amino_acid,0.21442289571144968,0.6729711832334832,0.615142534697266,0.86947410637225,False,False,39,77.11484892205353,True
ramanbiolib::33,glutamate,free_amino_acid,RamanBioLib,0.8004881411405005,0.446667503697437,13,0.8004881411405005,13,0.7160392008459757,0.5655057318384769,glutamate,0.8654807216301488,0.1687631947642355,free_amino_acid,0.45526747606669793,0.7948332012223288,0.6928070540506568,0.995529615000305,False,False,30,72.8748934454759,True
amino_acid_raman::gluth,glutathione,sulfur_thiol_cofactor,amino_acid_raman_grounding,0.5960829972698227,0.6355446504611405,14,0.5960829972698227,14,0.6987048851702229,0.5886050336240515,tubulin,0.702903299812294,0.15925686567045194,sulfur_thiol_cofactor,0.009647825428159007,0.866285666427461,0.41898870574296104,0.4164975805008698,False,False,31,76.94330690106601,True
gobbato_raman_metabolites::Glut::01,glutathione,sulfur_thiol_cofactor,gobbato_raman_metabolites,0.6535293881442796,0.5886175429388542,14,0.6523944290947423,14,0.6931720534067295,0.575284397584819,glutathione,0.8967573108163842,0.2890918408305354,sulfur_thiol_cofactor,0.6394758889915445,0.7701508723016693,0.5850394738265914,0.9936686374304433,False,False,18,130.02367497206112,True
gobbato_raman_metabolites::Glut::02,glutathione,sulfur_thiol_cofactor,gobbato_raman_metabolites,0.6591316045380999,0.5838393575818258,15,0.6580830813418528,15,0.694441009896343,0.579065455234151,glutathione,0.9046022624095117,0.2854849925574615,sulfur_thiol_cofactor,0.6580784980859603,0.7617174894535753,0.5953034442352627,0.9946896989696533,False,False,17,146.0081593064731,True
gobbato_raman_metabolites::Glut::03,glutathione,sulfur_thiol_cofactor,gobbato_raman_metabolites,0.6545784668480727,0.5877257295300095,14,0.6538524384463319,16,0.6990825173986918,0.5723414803430691,glutathione,0.9032616728426599,0.29689997551542013,sulfur_thiol_cofactor,0.6384130737088951,0.7527665587024318,0.5905998473432861,0.9931800946777033,False,False,14,153.89440811693527,True
ramanbiolib::27,glutathione,sulfur_thiol_cofactor,RamanBioLib,0.735490133880418,0.5143052266109274,13,0.7342282226550519,12,0.7092432392070159,0.5630376360653248,glutathione,0.7600270800456634,0.07453676014907384,sulfur_thiol_cofactor,0.007232576484973496,0.8734673716433681,0.5580333321516363,0.38535682706729224,False,False,22,80.24611227973394,True
ramanbiolib::117,glutathione transferase,peptide_protein,RamanBioLib,0.9729995380100174,0.16431817303620333,12,0.972941932311609,12,0.78221615647157,0.4886069061828243,glutathione transferase,0.9883781146115136,0.12323377688774406,peptide_protein,0.4433944190761284,0.566901123112053,0.961634512684631,0.9979066647854822,False,False,29,89.5664990822696,True
ramanbiolib::118,glutathione transferase,peptide_protein,RamanBioLib,0.9757091391851732,0.15585525597426123,12,0.9757091391851732,12,0.7826229060364068,0.4924552840898341,glutathione transferase,0.9881059330919879,0.13771248629211752,peptide_protein,0.40874653015447104,0.5123463430755251,0.9641039894009459,0.995101837756799,False,False,23,102.57609208807847,True
gobbato_raman_metabolites::Glycerol::01,glycerol,mono_oligosaccharide,gobbato_raman_metabolites,0.754462962798146,0.4955169393689871,9,0.7544629627981458,9,0.761879015194614,0.49380256383803195,glycerol,0.9927020400437352,0.4560594936565342,mono_oligosaccharide,0.47302835487300327,0.6832848553544596,0.74895692230716,0.9928379999480345,False,False,13,206.8306544828494,True
gobbato_raman_metabolites::Glycerol::02,glycerol,mono_oligosaccharide,gobbato_raman_metabolites,0.7894514211172913,0.45885572774293454,11,0.7894514211172912,11,0.7389049322420123,0.5306598146580127,glycerol,0.998988145803424,0.4319954539495965,mono_oligosaccharide,0.47541991616220913,0.7013584954280149,0.7886526113838407,0.9922505099713137,False,False,13,236.64044945461904,True
gobbato_raman_metabolites::Glycerol::03,glycerol,mono_oligosaccharide,gobbato_raman_metabolites,0.7880777077872213,0.4603501843298932,11,0.7880777077872213,11,0.7397373537388382,0.5286268109674204,glycerol,0.9992891307761407,0.43463312945078614,mono_oligosaccharide,0.4774266153072691,0.7018592606891146,0.7875174875987457,0.9922852074431874,False,False,13,230.31301718193274,True
ramanbiolib::28,glycerol,mono_oligosaccharide,RamanBioLib,0.7862292734512397,0.46235346494705376,12,0.7862292734512396,12,0.7391275335193055,0.5296577154168494,glycerol,0.9990556001940176,0.4363799742819726,mono_oligosaccharide,0.4760334184365114,0.7032215793730662,0.7854867586779346,0.9921494216360447,False,False,13,247.19942013603776,True
amino_acid_raman::glycine,glycine,free_amino_acid,amino_acid_raman_grounding,0.7119116461349012,0.5367386271406321,4,0.7119116461349011,4,0.9867547832608677,0.08679033393857137,glycine,0.9974150642010934,0.07692839772251203,free_amino_acid,0.3844245560088845,0.5606109595932476,0.7100714002351485,0.9731446764697094,False,False,15,427.21872058153,True
gobbato_raman_metabolites::Gly::01,glycine,free_amino_acid,gobbato_raman_metabolites,0.7202920073230324,0.528874269251859,5,0.7202920073230324,5,0.9939493335601349,0.05136633318724497,glycine,0.9978608187379624,0.07791082109518943,free_amino_acid,0.4086874105566019,0.558032503584538,0.7187511721577715,0.9806667312597538,False,False,14,634.4275147162593,True
gobbato_raman_metabolites::Gly::02,glycine,free_amino_acid,gobbato_raman_metabolites,0.7190598514884031,0.5300378746007836,6,0.719059851488403,6,0.9922489421676555,0.06404125098040132,glycine,0.9978888704456951,0.078005342202492,free_amino_acid,0.4078801205063948,0.5600065792055797,0.7175418229846118,0.9804443637360432,False,False,14,569.7337996126329,True
gobbato_raman_metabolites::Gly::03,glycine,free_amino_acid,gobbato_raman_metabolites,0.5821239587212426,0.6464333231496807,6,0.5821239587212426,6,0.9445550199305638,0.24796506863499862,glycine,0.9900428576766911,0.08320847882694793,free_amino_acid,0.39574064639030465,0.6002765109904437,0.5763276676144472,0.9778475350279252,False,False,14,935.6490944502577,True
ramanbiolib::29,glycine,free_amino_acid,RamanBioLib,0.8006345391119297,0.4465035956046388,5,0.8006345391119297,5,0.9294216046942443,0.25928201153834424,glycine,0.9747708766804509,0.0877149498334524,free_amino_acid,0.2628066388218845,0.5641192594914206,0.7804352315907845,0.9027708788217693,False,False,33,132.42083017771904,True
gobbato_raman_metabolites::Glycogen::01,glycogen,polysaccharide,gobbato_raman_metabolites,0.9603902501352305,0.19902198337050567,18,0.9603902501352305,18,0.8682574712846542,0.46371023211394824,xylanase,0.9832559077088042,0.391546334561081,polysaccharide,0.19636551535011976,0.6564916689281398,0.9443093871514016,0.7757428196385764,False,False,20,97.62879513095518,True
gobbato_raman_metabolites::Glycogen::02,glycogen,polysaccharide,gobbato_raman_metabolites,0.949041277077208,0.22574038832858653,18,0.949041277077208,18,0.7520331592079315,0.5712555802137209,glycogen,0.9100676472790222,0.18604710019661874,polysaccharide,0.6527304032719543,0.7729253920660005,0.8636917622003333,0.9949273813342463,False,False,73,29.233880239003465,True
gobbato_raman_metabolites::Glycogen::03,glycogen,polysaccharide,gobbato_raman_metabolites,0.9286963666880176,0.2670274017997236,20,0.9286963666880177,20,0.7087626810199236,0.59964475384411,glycogen,0.9127326550457899,0.26570421725238524,polysaccharide,0.5783520688819941,0.794802606504224,0.8476515004985329,0.9814250356775471,False,False,78,31.871518616490178,True
ramanbiolib::188,glycogen,polysaccharide,RamanBioLib,0.9458471272144283,0.23270769816556888,18,0.9458471272144283,18,0.7071863281811153,0.6107458284068411,glycogen,0.9174172009572392,0.21929726058147214,polysaccharide,0.6444536959030421,0.7758195795229312,0.8677364239825066,0.9908055948407164,False,False,86,30.579838429137816,True
gobbato_raman_metabolites::Gua::01,guanine,purine,gobbato_raman_metabolites,0.7809091492147848,0.46807141632981186,6,0.7809091492147848,6,0.9630965663655322,0.18932483390604118,guanine,0.9994373616843398,0.019470616312527222,purine,0.9543535200265153,0.32600643709884836,0.780469779806387,0.9999851781034896,False,False,22,308.22358097819455,True
gobbato_raman_metabolites::Gua::02,guanine,purine,gobbato_raman_metabolites,0.766552150394273,0.4831644126024738,7,0.766552150394273,7,0.9641630742439391,0.19234559601437043,guanine,0.9999344340509725,0.01801596608708078,purine,0.9977204195849361,0.30317567689027924,0.7665018906750534,0.999998133564716,False,False,19,511.9557025512571,True
gobbato_raman_metabolites::Gua::03,guanine,purine,gobbato_raman_metabolites,0.7677966077042611,0.4818748720316371,7,0.7677966077042612,7,0.9644434657486877,0.1919222242231016,guanine,0.9999397065911698,0.01793208034206395,purine,0.9967740109664301,0.3025362215810038,0.7677503146294944,0.9999980311747294,False,False,19,516.2212535136059,True
ramanbiolib::30,guanine,purine,RamanBioLib,0.7675021621898477,0.48218029595776707,7,0.7675021621898477,7,0.9641226682764125,0.1923848973729323,guanine,0.9999323450537193,0.018068649075892895,purine,0.99744948214638,0.3029283871424087,0.7674502368722944,0.9999981066577205,False,False,19,546.7860635306096,True
ramanbiolib::121,hemoglobin,peptide_protein,RamanBioLib,0.8959809564878396,0.32251983429249165,6,0.8959809564878396,6,0.929075448352251,0.2460575744301401,myoglobin,0.94753093485157,0.04563362440272212,chromophore_pigment,0.17915408452216908,0.49184774007617094,0.8489696733101265,0.7903466668886536,False,False,27,171.99833954294039,True
ramanbiolib::122,hemoglobin,peptide_protein,RamanBioLib,0.8673423487312677,0.3642219807598103,9,0.8673423487312677,9,0.9106039538149391,0.33816792966552156,cytochrome c,0.9621475852754808,0.10284016473394375,peptide_protein,0.20639247929202753,0.6957892889217778,0.8345113464389532,0.8861398567235522,False,False,30,128.8121301377439,True
amino_acid_raman::histidine,histidine,free_amino_acid,amino_acid_raman_grounding,0.48279652913445315,0.7191685969680751,8,0.4827960150970575,7,0.8738370752984941,0.36504837481802205,histidine,0.9755152552419983,0.08621133600064679,free_amino_acid,0.4571292122303871,0.65679705634001,0.47097487789722575,0.9921187396480837,True,True,28,253.14470502811633,True
gobbato_raman_metabolites::His::01,histidine,free_amino_acid,gobbato_raman_metabolites,0.5947492762002403,0.6365930598108609,10,0.5947492762002403,10,0.8688094835475713,0.4014985888364439,histidine,0.9945437506572992,0.08723914447751213,free_amino_acid,0.6256728701496166,0.6770353206946889,0.5915041758529009,0.9996660454716447,False,False,29,152.3547857691257,True
gobbato_raman_metabolites::His::02,histidine,free_amino_acid,gobbato_raman_metabolites,0.5933399418548264,0.6376990341413156,12,0.5933399418548266,12,0.8716400834464804,0.4007759598445331,histidine,0.9948825134032351,0.08228751042453786,free_amino_acid,0.627175212181191,0.6741568471357378,0.5903035326550593,0.9997023638800918,False,False,29,155.15338281162434,True
gobbato_raman_metabolites::His::03,histidine,free_amino_acid,gobbato_raman_metabolites,0.5950817067297167,0.6363319049598868,12,0.5950817067297167,12,0.874076785051978,0.3990109405715356,histidine,0.9947125264175547,0.08110539517300763,free_amino_acid,0.6250610389354614,0.669132544514555,0.5919352279259869,0.9997290206141498,False,False,30,156.2839883252519,True
ramanbiolib::34,histidine,free_amino_acid,RamanBioLib,0.7282869166894796,0.5212610510197827,17,0.7282869166894796,17,0.6790485993595662,0.6363975204479906,histidine,0.9146065386329453,0.1192693534351098,free_amino_acid,0.48931503454101455,0.8439557541396113,0.6660959760050251,0.9937240621921668,False,False,40,54.15723433248204,True
ramanbiolib::119,horseradish peroxidase,peptide_protein,RamanBioLib,0.9184285631309057,0.28560713728654036,11,0.9183245479554307,10,0.9261416205719936,0.2868236011806273,horseradish peroxidase,0.9879262603833958,0.22380713492342053,peptide_protein,0.0250908228693435,0.5305043357601081,0.9072369364798811,0.5517022217324236,False,False,27,120.93298345580489,True
ramanbiolib::120,horseradish peroxidase,peptide_protein,RamanBioLib,0.9368947426664967,0.2512075980806314,13,0.9368947426664967,13,0.8594047103057614,0.4189419630767228,horseradish peroxidase,0.9827635191780939,0.20502688284974369,peptide_protein,0.1496608052791948,0.5547582702895627,0.920745974402381,0.7999593676516767,False,False,38,61.71470841371038,True
gobbato_raman_metabolites::Hydroxypro::01,hydroxyproline,free_amino_acid,gobbato_raman_metabolites,0.7874449773829936,0.4610368994091404,7,0.7874342697555408,7,0.9531944777028696,0.22804870890120962,hydroxyproline,0.9999932043299855,0.01825673159011232,free_amino_acid,0.4639352608492138,0.5205459515774633,0.7874289186120854,0.9916386295648884,False,False,21,512.5988265096536,True
gobbato_raman_metabolites::Hydroxypro::02,hydroxyproline,free_amino_acid,gobbato_raman_metabolites,0.7868660551842621,0.4616643204922,8,0.7868577038233319,7,0.9541402489411627,0.22449395765459984,hydroxyproline,0.9999905276694725,0.018022674754990642,free_amino_acid,0.4622672275183378,0.5186111012327026,0.7868502504470831,0.9914026075742055,False,False,21,493.5356964902791,True
gobbato_raman_metabolites::Hydroxypro::03,hydroxyproline,free_amino_acid,gobbato_raman_metabolites,0.7865315057483419,0.4620265081696554,9,0.786524792654436,8,0.9553613140798012,0.22327621580095924,hydroxyproline,0.9999823320642373,0.017511285017132838,free_amino_acid,0.4665688174629676,0.5191805526899578,0.7865108963849236,0.9920000541183648,False,False,21,488.815567492733,True
gobbato_raman_metabolites::Hypox::01,hypoxanthine,purine,gobbato_raman_metabolites,0.8779410906700589,0.3493693022144604,14,0.8779410906700589,14,0.7894716105102288,0.5254793401579342,hypoxanthine,0.9974900563515818,0.23472396905648285,purine,0.6961781914773555,0.6213014807212089,0.8757375080058463,0.9952892603365486,False,False,37,82.99920602549143,True
gobbato_raman_metabolites::Hypox::02,hypoxanthine,purine,gobbato_raman_metabolites,0.8687216708288212,0.36232351451575345,15,0.8687216708288212,15,0.7913936431654905,0.5132743143117403,hypoxanthine,0.9957855279600369,0.22996797814148295,purine,0.6772927978706906,0.6355725598176167,0.8650604676366032,0.994053177909441,False,False,38,83.64401055557447,True
gobbato_raman_metabolites::Hypox::03,hypoxanthine,purine,gobbato_raman_metabolites,0.8879596559853984,0.33472428058700715,17,0.8879596559853984,17,0.813577259688301,0.49032188914666225,hypoxanthine,0.9928129669343082,0.295712246367528,purine,0.578731517403883,0.6180642264753061,0.8815778605768311,0.9819611515884189,False,False,46,77.0264916984962,True
ramanbiolib::197,insulin,peptide_protein,RamanBioLib,0.9861782248783304,0.11756604578557434,16,0.9861768876300697,15,0.9201955860459203,0.3409446597392575,insulin,0.9999999999973891,0.2587171042133113,peptide_protein,0.5640326358614839,0.39869867314203883,0.9861768876274949,0.9999799880079723,False,False,21,86.44885003535887,True
gobbato_raman_metabolites::Ile::01,isoleucine,free_amino_acid,gobbato_raman_metabolites,0.7247644337074048,0.5246289796535452,15,0.7247644337074048,15,0.6564400464714927,0.6259167474566222,isoleucine,0.9976541490111215,0.2923540003551185,free_amino_acid,0.5323157104965992,0.7501184776325599,0.7230642443438884,0.997307011023301,False,False,42,59.9694448703314,True
gobbato_raman_metabolites::Ile::02,isoleucine,free_amino_acid,gobbato_raman_metabolites,0.7628062222609804,0.48702543849246976,17,0.7628062222609804,17,0.6464114284481529,0.6361804690547321,isoleucine,0.995374624797013,0.3382800873198264,free_amino_acid,0.5116109972476182,0.7582535437159927,0.7592779572758502,0.9961429405055614,False,False,41,58.47507048788269,True
gobbato_raman_metabolites::Ile::03,isoleucine,free_amino_acid,gobbato_raman_metabolites,0.7269882556234342,0.5225052577499032,16,0.7269882556234342,16,0.6622955646656299,0.6187387183307987,isoleucine,0.997228110787044,0.29447991500089965,free_amino_acid,0.5393172836166968,0.7338288385419972,0.7249731247197259,0.997427552940028,False,False,41,60.05744527240877,True
ramanbiolib::192,keratin,peptide_protein,RamanBioLib,0.964583043132189,0.1881939341949564,13,0.9645023265161372,13,0.7506367847426199,0.5342149898834568,keratin,0.9999999999958478,0.13426499337947795,peptide_protein,0.44329515208595516,0.7691516199888613,0.9645023265121324,0.9933621013983155,False,False,18,196.13352055116883,True
ramanbiolib::96,lactalbumin,peptide_protein,RamanBioLib,0.9518009846343114,0.21954274154624293,11,0.9518009846343114,11,0.8305986757883219,0.43587072066928056,lactalbumin,0.9575958842715425,0.03579349145732813,peptide_protein,0.359575758356708,0.5217752832099282,0.9114407055314183,0.9892201549781103,False,False,27,75.38069978295948,True
ramanbiolib::97,lactalbumin,peptide_protein,RamanBioLib,0.9589392036726518,0.20263463753096883,12,0.9589392036726518,12,0.8281784824905627,0.4412986092548086,lactalbumin,0.9890345695827059,0.12769988491754758,peptide_protein,0.34972552120162603,0.4579302536358175,0.948424022560364,0.9839239697643442,False,False,23,91.7451724903282,True
ramanbiolib::98,lactalbumin,peptide_protein,RamanBioLib,0.9779130226458147,0.14861688112110027,16,0.9779130226458147,16,0.8227255802427161,0.4749055932581051,triosephosphate isomerase,0.947591616053942,0.024618663980318423,peptide_protein,0.3426315258106744,0.5371905365550859,0.9266621814891428,0.9860494305825104,False,False,28,93.98141748083295,True
gobbato_raman_metabolites::Lact::01,lactate,carboxylic_acid_metabolite,gobbato_raman_metabolites,0.7895922439289556,0.4587022520882517,9,0.7895922439289556,9,0.8187330159501666,0.4573992930226185,lactate,0.9995865731854114,0.02823165940838457,carboxylic_acid_metabolite,0.1996387700289688,0.6018138504478187,0.7892658053227242,0.7686160973049335,False,False,25,211.82805786578365,True
gobbato_raman_metabolites::Lact::02,lactate,carboxylic_acid_metabolite,gobbato_raman_metabolites,0.7851974513602421,0.46346795858995804,9,0.7851974513602421,9,0.8154339631997743,0.4609295044576688,lactate,0.9998461058212335,0.027208633209689026,carboxylic_acid_metabolite,0.1833888537331243,0.6021950909473366,0.7850766140432954,0.7519982622460846,False,False,26,185.92867275971346,True
gobbato_raman_metabolites::Lact::03,lactate,carboxylic_acid_metabolite,gobbato_raman_metabolites,0.787847431916616,0.4606002258826756,9,0.787847431916616,9,0.8196554965434336,0.4566186258078732,lactate,0.9994668177938103,0.031689968029747884,carboxylic_acid_metabolite,0.20242259622235892,0.6048091988317652,0.7874273656847258,0.7737923014635485,False,False,26,206.6071832880357,True
ramanbiolib::42,lauric acid,fatty_acid,RamanBioLib,0.9279875788656115,0.2683513017190648,7,0.9279875788656115,7,0.9001056323580389,0.30665957691114903,lauric acid,0.9999999999970421,0.13455749511953674,fatty_acid,0.10503816354781914,0.4607820266687366,0.9279875788628666,0.6773802848678399,False,False,18,368.86356327977336,True
ramanbiolib::123,lectin,peptide_protein,RamanBioLib,0.9780320092823968,0.14821602719537896,12,0.9780320092823966,12,0.9550854485506505,0.243320520510437,lectin,0.994068037764469,0.03490801475514582,peptide_protein,0.5142135440576989,0.45879187037309505,0.9722303603381929,0.999681705494533,False,False,18,131.16499973296052,True
ramanbiolib::124,lectin,peptide_protein,RamanBioLib,0.9671527793658866,0.18123802204305942,16,0.9671527793658866,16,0.9327269022819158,0.29889771309348473,lectin,0.9934087750897003,0.01838446837593055,peptide_protein,0.5020343976232842,0.4801233038275552,0.9607780578744646,0.9996062842089793,False,False,22,105.23245322578987,True
ramanbiolib::125,lectin,peptide_protein,RamanBioLib,0.957484216493628,0.20619355835313935,18,0.9570735625470782,18,0.8332894969678659,0.5051880301572281,lectin,0.9735532055148043,0.015620745358828403,peptide_protein,0.4781695565282045,0.7274888076756357,0.9317620347311816,0.9988473834828482,False,False,34,82.725151871257,True
amino_acid_raman::leucine,leucine,free_amino_acid,amino_acid_raman_grounding,0.7611628705777469,0.4887096575902857,11,0.7611628705777469,11,0.7058226463491979,0.5529887892019346,leucine,0.9834265242270426,0.23044824313918677,free_amino_acid,0.3777361566222058,0.701861520052282,0.7485477561829519,0.9671783133208751,False,False,32,95.88526424074534,True
gobbato_raman_metabolites::Leu::01,leucine,free_amino_acid,gobbato_raman_metabolites,0.7453672545800796,0.504611479674874,11,0.7453672545800797,11,0.7041736560687899,0.5544598063190393,leucine,0.9827165851933973,0.22839792004365844,free_amino_acid,0.3786969665042956,0.7053907990448866,0.7324847631359136,0.9670354605044204,False,False,31,95.53672406202547,True
gobbato_raman_metabolites::Leu::02,leucine,free_amino_acid,gobbato_raman_metabolites,0.7730970365087536,0.47634332522983824,12,0.7730970365087537,12,0.7059617707874701,0.5535648252934956,leucine,0.9815277776840818,0.23849401785599256,free_amino_acid,0.36466990519701364,0.7074179323087129,0.7588162161785865,0.9620180416398089,False,False,40,77.27867867387734,True
gobbato_raman_metabolites::Leu::03,leucine,free_amino_acid,gobbato_raman_metabolites,0.7688784282349239,0.4807510496762798,10,0.7688784282349239,10,0.7660374380241534,0.4996230595224297,leucine,0.8885515040395517,0.08730759901877372,free_amino_acid,0.5122359250839863,0.6810050024960588,0.6831880838317081,0.9984199739190458,False,False,40,67.44649072517201,True
ramanbiolib::70,linoleic acid,fatty_acid,RamanBioLib,0.9911738767892194,0.09394744919779223,6,0.9740827281076607,10,0.9479192917140682,0.2558988193599081,linoleic acid,0.9999999999976859,0.011634341687461025,fatty_acid,0.009081990444702481,0.6854540070250775,0.9740827281054065,0.44239300117521413,False,False,10,780.3310509856566,True
ramanbiolib::137,major proteinase,peptide_protein,RamanBioLib,0.962374431578787,0.19397311262434125,13,0.9622530626567878,13,0.8077774728057375,0.4839787641523391,major proteinase,0.9655735878241068,0.018500155267411,peptide_protein,0.482478857838084,0.6566821999067576,0.9291261421042497,0.9995217236951157,False,False,22,135.08478041137906,True
ramanbiolib::138,major proteinase,peptide_protein,RamanBioLib,0.9639515642481684,0.18986425611945906,14,0.9639515642481684,14,0.7579236114377087,0.5251667865689701,major proteinase,0.9826538128559026,0.111921068421306,peptide_protein,0.5020132276578392,0.6013193237347634,0.9472306800168743,0.9995504007532536,False,False,24,123.4982913274431,True
ramanbiolib::139,major proteinase,peptide_protein,RamanBioLib,0.9667909116915004,0.1822336091627073,11,0.9667883391339125,10,0.8352591986288348,0.42920041925669467,elastin,0.9636494135007754,0.001006780521061179,peptide_protein,0.4750762925983215,0.5901124562215292,0.9316450159857835,0.999411308301888,True,False,24,147.37108737663308,True
amino_acid_raman::malic acid,malic acid,carboxylic_acid_metabolite,amino_acid_raman_grounding,0.31181777628408547,0.8295674919590486,11,0.31181777628408536,11,0.7349774232753213,0.5487219583328169,fructose-6-phosphate,0.7150989778267134,0.002388366073089898,phosphate_metabolite,0.17320288908855175,0.7578914257634602,0.22298057308894823,0.7599408201175774,True,True,19,290.1036838077387,True
ramanbiolib::43,malic acid,carboxylic_acid_metabolite,RamanBioLib,0.2683197833319203,0.8553830818220266,7,0.2619968243633707,7,0.7768772590149048,0.45826777009856523,malic acid,0.7036293322890275,0.08304822252211175,carboxylic_acid_metabolite,0.009936985633902329,0.8761704138292579,0.1843486505886441,0.4729497691430647,True,True,12,428.30279131522684,True
ramanbiolib::172,melanin,chromophore_pigment,RamanBioLib,0.7513669258804021,0.4986312005072979,4,0.7493692413468365,4,0.8592719352691419,0.3333273089000162,melanin,0.988565501507939,0.26867741368397957,chromophore_pigment,0.770488113585247,0.6872902776793419,0.7408005798866591,0.9967598725451424,False,False,3,2013.4315310032337,True
ramanbiolib::173,melanin,chromophore_pigment,RamanBioLib,0.7797318755506049,0.46932731057245625,4,0.778663458128996,4,0.8781122290695609,0.31149894056513466,melanin,0.9928761983783794,0.2306586105415005,chromophore_pigment,0.7518514761147707,0.6193395375304046,0.7731164141232799,0.9965275564384566,False,False,3,1046.4483022876464,True
ramanbiolib::174,melanin,chromophore_pigment,RamanBioLib,0.809017053758384,0.43701595650665315,4,0.808266034452123,4,0.8699131641913829,0.32122107809824896,melanin,0.9977224968299201,0.3054224080386886,chromophore_pigment,0.8096620354022783,0.6645376177888571,0.8064252059963903,0.998411333071921,False,False,5,739.2657118322915,True
ramanbiolib::175,melanin,chromophore_pigment,RamanBioLib,0.7785717239164951,0.47056166023517393,6,0.7784397044294137,5,0.8640768522689967,0.33924016801344326,melanin,0.9833536285528328,0.3061429946545501,chromophore_pigment,0.8136558416457896,0.6972358861211531,0.7654815079602586,0.998621575618177,False,False,4,763.2305342881402,True
amino_acid_raman::methionine,methionine,free_amino_acid,amino_acid_raman_grounding,0.7396686162155734,0.5102267964191671,9,0.7396686162155734,9,0.7410167275754035,0.5053413802123065,methionine,0.9831423418512295,0.4256421497420788,free_amino_acid,0.1917296778556744,0.650210914265984,0.7271995355400372,0.8199103177278215,False,False,35,115.54914701799807,True
gobbato_raman_metabolites::Methio::01,methionine,free_amino_acid,gobbato_raman_metabolites,0.7502288181398041,0.4997711294782304,9,0.7502288181398041,9,0.7462911456653771,0.49438607414435115,methionine,0.9805672076779534,0.4201616320026844,free_amino_acid,0.23396392391258414,0.6525667672201796,0.7356497773228788,0.8708527431965414,False,False,34,121.624629414233,True
gobbato_raman_metabolites::Methio::02,methionine,free_amino_acid,gobbato_raman_metabolites,0.7312130914447561,0.5184466303825063,9,0.7312130914447561,9,0.7420460845330623,0.5070928051574706,methionine,0.9827803383751161,0.46000373478351864,free_amino_acid,0.14594327418055553,0.6401352391823216,0.7186218494343921,0.7583669357447116,False,False,35,119.42489215199042,True
gobbato_raman_metabolites::Methio::03,methionine,free_amino_acid,gobbato_raman_metabolites,0.6950461512666173,0.5522262658848072,8,0.6950461512666171,8,0.7961911579625406,0.45502078974033344,methionine,0.8828320595654308,0.1016972927648222,free_amino_acid,0.3201790000490515,0.6708486024582809,0.6136090252157335,0.9477555409732396,False,False,31,114.83231976791917,True
ramanbiolib::126,myoglobin,peptide_protein,RamanBioLib,0.9630070051467979,0.1923356307426293,10,0.9629151186932704,10,0.9228378362594412,0.2984247731075653,myoglobin,0.9216454564917936,0.00424466939385415,chromophore_pigment,0.2559169812788271,0.4969662405700816,0.8874663441309089,0.8639106039375898,True,False,30,125.07243275585925,True
ramanbiolib::127,myoglobin,peptide_protein,RamanBioLib,0.9277431686072309,0.2688063083201299,8,0.9276649156496208,9,0.8954938758163438,0.3311478502597768,hemoglobin,0.9809727991971557,0.008946243318331715,peptide_protein,0.2444507959692312,0.683326326229924,0.9100140490218019,0.9087604584693602,True,False,30,146.1212245793914,True
ramanbiolib::44,myristic acid,fatty_acid,RamanBioLib,0.9701400306832958,0.1728003741797867,7,0.970112072056623,7,0.9880441379001985,0.08174804757631202,myristic acid,0.9974681918531483,0.026333795160375373,fatty_acid,0.48152938740129847,0.5313434706229807,0.9676559344092308,0.9874291874692245,False,False,17,416.98477014150535,True
ramanbiolib::71,myristic acid,fatty_acid,RamanBioLib,0.8922863771004952,0.32819753640056026,8,0.8922863771004952,8,0.9611879151487086,0.1953586820957267,myristic acid,0.9965813930874855,0.03502522907484962,fatty_acid,0.33117138073841873,0.5498708040848554,0.8892360007237969,0.9370026040310093,False,False,12,1017.0317039261384,True
gobbato_raman_metabolites::NacDgluc::01,n-acetylglucosamine,mono_oligosaccharide,gobbato_raman_metabolites,0.7094778710924208,0.5390010472228125,9,0.709274160348762,9,0.8988924480751553,0.3346095415443502,n-acetylglucosamine,0.987370304077824,0.08052897171704054,mono_oligosaccharide,0.3874236935514655,0.6608888493362641,0.7003162433781004,0.9789504265998675,False,False,27,104.2572372604715,True
gobbato_raman_metabolites::NacDgluc::02,n-acetylglucosamine,mono_oligosaccharide,gobbato_raman_metabolites,0.814730681150799,0.43042922629512,12,0.8145077176760074,12,0.8893093826687066,0.37654702393802764,n-acetylglucosamine,0.9983670003127633,0.07094511108765766,mono_oligosaccharide,0.5734220401075443,0.6839264846211768,0.8131776268277906,0.9987371669846442,False,False,37,67.84041817123185,True
gobbato_raman_metabolites::NacDgluc::03,n-acetylglucosamine,mono_oligosaccharide,gobbato_raman_metabolites,0.8168165825891255,0.4279993194044721,12,0.8166452215320037,12,0.8882990176093203,0.38168841934771186,n-acetylglucosamine,0.9983073942091065,0.07097903211456769,mono_oligosaccharide,0.571195739688084,0.6900774651292724,0.8152629631009332,0.9985955680866796,False,False,36,69.01468074324981,True
ramanbiolib::45,n-acetylglucosamine,mono_oligosaccharide,RamanBioLib,0.8072809573407244,0.4389977706766663,13,0.8071077377430269,13,0.8869108737421219,0.39367901677399525,n-acetylglucosamine,0.9984185600817856,0.06990948712062062,mono_oligosaccharide,0.5763016310430927,0.691869612890045,0.8058313453482604,0.9988124960019221,False,False,37,68.33316710178347,True
gobbato_raman_metabolites::Oleic::01,oleate,fatty_acid,gobbato_raman_metabolites,0.9636541448951083,0.19064588929440718,11,0.9636388472637389,10,0.8211590080768073,0.43669296941516667,vaccenic acid,0.993736174621064,0.0035980182708279518,fatty_acid,0.027097833426796503,0.6651508546901591,0.9576027817961197,0.40224132909837246,True,False,15,296.50143877109156,True
gobbato_raman_metabolites::Oleic::02,oleate,fatty_acid,gobbato_raman_metabolites,0.9754485423407242,0.15668904766846734,10,0.9754061090414923,9,0.8431132947248181,0.40445022670330466,palmitoleic acid,0.9843822445580874,0.007497207127380445,fatty_acid,0.05037141696151215,0.6796147322864695,0.9601724549739348,0.439255494991692,True,False,11,527.7890756764062,True
gobbato_raman_metabolites::Oleic::03,oleate,fatty_acid,gobbato_raman_metabolites,0.9609819679640708,0.19752982568688246,16,0.9595757236135116,15,0.7655051539549332,0.545810700588752,oleate,0.996127921349038,0.012804920562556443,fatty_acid,0.02023631277535698,0.7105546234298608,0.9558601709401264,0.40942487393939914,False,False,18,206.61070874138207,True
ramanbiolib::46,oleate,fatty_acid,RamanBioLib,0.961948007006464,0.19506920052509058,16,0.9604075785576369,15,0.766805090603435,0.5480409169277284,oleate,0.9964488066020056,0.0170324789340901,fatty_acid,0.04853504842769818,0.71238425285181,0.9569969855052792,0.45544333278888016,False,False,18,198.95922340593287,True
ramanbiolib::72,oleate,fatty_acid,RamanBioLib,0.9629049710864573,0.19260069811271605,16,0.9614664637786178,15,0.7549679013609669,0.5583356599143258,oleate,0.9951347330057765,0.01506665158858167,fatty_acid,0.02289100863941107,0.7197257533683038,0.9567886727263428,0.42198401533856267,False,False,20,187.4002884663865,True
ramanbiolib::47,palmitic acid,fatty_acid,RamanBioLib,0.9628798677014027,0.19266585659779004,9,0.9628798677014027,9,0.9744212640486418,0.1586587825051538,myristic acid,0.9948596736728553,0.018069371202476092,fatty_acid,0.4778976467075351,0.5245857828710334,0.9579303509675796,0.9868667935348087,False,False,20,399.43337313090205,True
ramanbiolib::73,palmitic acid,fatty_acid,RamanBioLib,0.8979848711855308,0.31939807265286857,10,0.8979847625141281,9,0.8875043343955268,0.32893326579527865,palmitic acid,0.9586113061256808,0.043710755499543175,fatty_acid,0.45618098246886635,0.5505843206435761,0.8608183460746276,0.9884914482103181,False,False,11,777.7708839009128,True
ramanbiolib::76,palmitoleic acid,fatty_acid,RamanBioLib,0.98029400000413,0.1403780609491749,11,0.9789654025496224,10,0.8719351126243632,0.3685613320129929,palmitoleic acid,0.999999999997175,0.0365945485778415,fatty_acid,0.04710553966131137,0.6881115754942139,0.9789654025468568,0.4450958643036436,False,False,14,448.2334977513922,True
ramanbiolib::128,papain,peptide_protein,RamanBioLib,0.9329966713479798,0.25885001188323936,12,0.9329966713479798,12,0.7870236628578298,0.5000808619525298,papain,0.9870671914134217,0.20447253301007462,peptide_protein,0.46461203345832613,0.6081996336930099,0.9209304039855217,0.9988340800194069,False,False,22,68.64071775898594,True
ramanbiolib::129,papain,peptide_protein,RamanBioLib,0.9439572289104897,0.23673354449560843,14,0.9439572289104897,14,0.78344943302626,0.5070758816110265,papain,0.9874058921572897,0.2076068459876742,peptide_protein,0.4640771800259883,0.6034408741287254,0.932068929770685,0.9988292049297367,False,False,27,75.27073109545334,True
ramanbiolib::130,papain,peptide_protein,RamanBioLib,0.8669277613873408,0.36479067780375923,12,0.8669277613873408,12,0.7855623992735785,0.5021585995580432,papain,0.9497789895681998,0.19945051175033335,peptide_protein,0.412657642447226,0.5642514579162223,0.82338977323909,0.9969953065294063,False,False,34,76.0201156741773,True
ramanbiolib::131,pepsin,peptide_protein,RamanBioLib,0.9718098632533931,0.16789918625942968,16,0.9718098632533931,16,0.8135203703673596,0.4884709091701869,trypsin,0.9315214908556598,0.0029274437897646166,peptide_protein,0.41984018504363185,0.6448402457860872,0.9052617726460357,0.9976825707696303,True,False,22,120.60916442784685,True
ramanbiolib::132,pepsin,peptide_protein,RamanBioLib,0.941840044644972,0.2411637521580925,13,0.941840044644972,13,0.7639853608899094,0.5231759542217875,pepsin,0.9564124911969719,0.05953281820908818,peptide_protein,0.42186939054586103,0.7276584090643298,0.9007875834079648,0.9949166968778521,False,False,27,94.69075526201382,True
ramanbiolib::133,pepsin,peptide_protein,RamanBioLib,0.9061611586016509,0.3063312608896702,25,0.9058195828346125,26,0.5791112182623571,0.7181827587167807,pepsin,0.8575301349434072,0.14401731752012448,peptide_protein,0.341590878543935,0.8866895345044855,0.7767675891025461,0.9778675221789008,False,False,35,56.971634201357055,True
ramanbiolib::134,pepsinogen,peptide_protein,RamanBioLib,0.9482740881148447,0.22743331305044903,14,0.9482740881148447,14,0.8498993693383808,0.46804767524615454,pepsinogen,0.9790908502226909,0.025944783466082977,peptide_protein,0.5078572672728976,0.5944872367390783,0.9284464831765102,0.9995694096578992,False,False,18,97.92327582540565,True
ramanbiolib::135,pepsinogen,peptide_protein,RamanBioLib,0.9762871438054128,0.15398979250120268,10,0.9762871438054128,10,0.902051102811343,0.3524101469097341,pepsinogen,0.9869731686848963,0.00867947137132552,peptide_protein,0.52048770932078,0.4624587501117937,0.9635692158679553,0.9997270104860121,True,False,18,129.23984954044838,True
ramanbiolib::136,pepsinogen,peptide_protein,RamanBioLib,0.9672664596711377,0.18092412865295093,14,0.9670964287189121,14,0.7736250251787488,0.5382827781087743,pepsinogen,0.9484443940664776,0.009587977317052299,peptide_protein,0.49138636480078335,0.7035863572254656,0.917237186340163,0.9994889489504454,True,False,22,108.4795420066788,True
amino_acid_raman::phenylalanine,phenylalanine,free_amino_acid,amino_acid_raman_grounding,0.9257476414259629,0.27249285967519005,7,0.9257476414259629,7,0.9761303002585562,0.13719084102886547,phenylalanine,0.9979276686211134,0.051338211952242196,small_nitrogenous,0.5144410857630983,0.5181605528047337,0.9238291855397056,0.9413778780534767,False,False,22,327.8162798964508,True
gobbato_raman_metabolites::Phe::01,phenylalanine,free_amino_acid,gobbato_raman_metabolites,0.9050521033676432,0.30813616573239466,5,0.9050521033676432,5,0.9612524030414085,0.16412416883849137,phenylalanine,0.9980749639515673,0.06942011180857932,small_nitrogenous,0.48384286889281825,0.5349935161033919,0.9033098454429506,0.9323325350008628,False,False,23,492.40773300636477,True
gobbato_raman_metabolites::Phe::02,phenylalanine,free_amino_acid,gobbato_raman_metabolites,0.9058818439246655,0.30678682513308864,5,0.9058818439246655,5,0.9613022862368857,0.16387179535272028,phenylalanine,0.9980810658523892,0.0694502166340385,small_nitrogenous,0.4836484955247171,0.5346544633791677,0.9041435163206578,0.9322517799201352,False,False,23,454.2166988906459,True
gobbato_raman_metabolites::Phe::03,phenylalanine,free_amino_acid,gobbato_raman_metabolites,0.9066016310910469,0.3056114672404485,5,0.9066016310910469,5,0.9610288051939916,0.165061648268445,phenylalanine,0.9980563240215434,0.06940911320817744,small_nitrogenous,0.4835412282278686,0.5351934453599375,0.9048394912786656,0.9321990365361144,False,False,23,472.3477327044159,True
ramanbiolib::35,phenylalanine,free_amino_acid,RamanBioLib,0.8565033247967706,0.37880955004208355,4,0.8565033247967707,4,0.9803692823354758,0.11792394111992638,phenylalanine,0.9915378455037495,0.04392312447753732,small_nitrogenous,0.5466424751557547,0.5128574652502257,0.8492554613357882,0.9529463545868287,False,False,18,570.9072855649927,True
gobbato_raman_metabolites::Phosph::01,phosphate,phosphate_metabolite,gobbato_raman_metabolites,0.5650473426240805,0.6595094065860504,3,0.5650473426240806,3,0.9081414412875566,0.25202343910509134,phosphate,0.9994804124210173,0.17039710395644136,phosphate_metabolite,0.6497806721384316,0.44118423723349676,0.5647537510433159,0.9819704493471743,False,False,25,213.4910172546954,True
gobbato_raman_metabolites::Phosph::02,phosphate,phosphate_metabolite,gobbato_raman_metabolites,0.6234590101951551,0.613629358655914,5,0.6234590101951549,5,0.8960394367602489,0.29440433020908424,phosphate,0.999557085757698,0.17227151935939466,phosphate_metabolite,0.640740558854828,0.45449033878451167,0.623182871320048,0.9804235788631345,False,False,32,141.24745825855078,True
gobbato_raman_metabolites::Phosph::03,phosphate,phosphate_metabolite,gobbato_raman_metabolites,0.6333115301028127,0.605548073976642,4,0.6333115301028127,4,0.9047854619333568,0.2692352340394594,phosphate,0.9997777138096934,0.1632023761439373,phosphate_metabolite,0.6340423928270873,0.44048527809539506,0.6331707536955089,0.979194547841551,False,False,39,139.3667007136026,True
gobbato_raman_metabolites::PhInositol::01,phosphatidylinositol,phospholipid_sphingolipid,gobbato_raman_metabolites,0.9817873051086158,0.1349544178282651,12,0.9817873051086159,12,0.9797724114011788,0.14794294020444948,phosphatidylinositol,0.9992889219176506,0.385803594523929,phospholipid_sphingolipid,0.32309334892881314,0.6441516157558045,0.9810891776744243,0.879881707196339,False,False,62,32.143985339248005,True
gobbato_raman_metabolites::PhInositol::02,phosphatidylinositol,phospholipid_sphingolipid,gobbato_raman_metabolites,0.9803574527854649,0.14015187196222312,10,0.9803574527854649,10,0.987368747389564,0.10098077039419645,phosphatidylinositol,0.9994484079766317,0.3919846734837794,phospholipid_sphingolipid,0.27883755647309305,0.6361278045007428,0.9798166954344588,0.8501309788786058,False,False,65,34.31014765897745,True
gobbato_raman_metabolites::PhInositol::03,phosphatidylinositol,phospholipid_sphingolipid,gobbato_raman_metabolites,0.9809661501773217,0.1379632190935658,11,0.9809661501773217,11,0.9726767631354409,0.178185579504489,phosphatidylinositol,0.998928500449292,0.3614997631543374,phospholipid_sphingolipid,0.22562347293570373,0.6388693979872915,0.979915045388147,0.807406111935196,False,False,64,31.996993174598774,True
gobbato_raman_metabolites::PEP::01,phosphoenolpyruvate,phosphate_metabolite,gobbato_raman_metabolites,0.40693746610500003,0.770105534257745,9,0.4069374661049998,9,0.8308704734678869,0.44869168528560227,uracil,0.884183744063925,0.003276473240887534,pyrimidine,0.5426991680656484,0.6679702185219384,0.3598074923806053,0.9715689256863077,True,True,23,262.0904616520811,True
gobbato_raman_metabolites::PEP::02,phosphoenolpyruvate,phosphate_metabolite,gobbato_raman_metabolites,0.5250545456350755,0.6891628649052775,10,0.5250545456350755,10,0.851293525665526,0.4206177686099771,phosphoenolpyruvate,0.9588921601933287,0.13857572512328142,phosphate_metabolite,0.6519029167301006,0.6183838631316704,0.5034706874833442,0.9829101794967425,False,False,29,127.52555669634917,True
gobbato_raman_metabolites::PEP::03,phosphoenolpyruvate,phosphate_metabolite,gobbato_raman_metabolites,0.5246526988771529,0.6894543502817077,9,0.5246526988771529,9,0.84301110091719,0.4230247565734651,phosphoenolpyruvate,0.9694711548902154,0.14645778896662065,phosphate_metabolite,0.6549845752070095,0.6389552828864428,0.5086356578967018,0.9836935207505975,False,False,26,133.79535210883859,True
ramanbiolib::48,phosphoenolpyruvate,phosphate_metabolite,RamanBioLib,0.5540235649828497,0.6678146711601238,11,0.5540235649828498,11,0.8496825215713723,0.4167073485350364,phosphoenolpyruvate,0.963763878182135,0.1506727580934235,phosphate_metabolite,0.6602003967003964,0.6351432920072742,0.5339478995921634,0.9825910828764206,False,False,33,116.50500501792642,True
amino_acid_raman::proline,proline,free_amino_acid,amino_acid_raman_grounding,0.6889311296752358,0.55773548418982,16,0.6889311296752358,16,0.791131059785098,0.5040756426658006,proline,0.8561341706330625,0.18152305939409308,free_amino_acid,0.14731158482826356,0.6936006462796426,0.5898174813278069,0.7984417333303776,False,False,31,78.5549039547938,True
gobbato_raman_metabolites::Pro::01,proline,free_amino_acid,gobbato_raman_metabolites,0.6905494392600513,0.5562828064389903,11,0.6905494392600513,11,0.8849359353909507,0.39270941473929466,proline,0.9845073272418821,0.0369422787584065,free_amino_acid,0.41782855104784894,0.7037234851525787,0.6798509827742935,0.9834671668627238,False,False,22,264.2643982617795,True
gobbato_raman_metabolites::Pro::02,proline,free_amino_acid,gobbato_raman_metabolites,0.692681939761983,0.5543627514883278,11,0.6926819397619831,11,0.883091956194675,0.3939333290155672,proline,0.9851146851678785,0.0391269797396957,free_amino_acid,0.4164180586605679,0.7030885595737817,0.6823711510101014,0.9832456404613715,False,False,20,268.9407104497418,True
gobbato_raman_metabolites::Pro::03,proline,free_amino_acid,gobbato_raman_metabolites,0.690862203648965,0.5560016154209677,11,0.6908622036489649,11,0.8837742955631069,0.3929978679068155,proline,0.984363798658527,0.03749497766553056,free_amino_acid,0.41542327429802184,0.7019283455964365,0.6800597431334959,0.9829043338641759,False,False,20,275.0811643954281,True
ramanbiolib::36,proline,free_amino_acid,RamanBioLib,0.647878998932635,0.5933978438341453,9,0.647878998932635,9,0.8118828990764468,0.4479894118847165,proline,0.8390397177277498,0.06815385415256214,free_amino_acid,0.32755827261173015,0.7169429562014613,0.5435962123861752,0.968723479088269,False,False,23,135.96096766241106,True
gobbato_raman_metabolites::Pyr::01,pyruvate,carboxylic_acid_metabolite,gobbato_raman_metabolites,0.2086597823562737,0.8895730535728558,7,0.2086597823562737,7,0.88408834686086,0.3477554594423276,acetoacetate,0.9462848382075932,0.09135137992666786,carboxylic_acid_metabolite,0.6127954351952104,0.5453728454058794,0.19745158838743807,0.9960708762691239,True,True,12,449.5682265526646,True
gobbato_raman_metabolites::Pyr::02,pyruvate,carboxylic_acid_metabolite,gobbato_raman_metabolites,0.5833730388158697,0.645466467900319,10,0.5833730388158695,10,0.8500132916847046,0.40560934628776685,pyruvate,0.9889495929982454,0.1738221871196689,carboxylic_acid_metabolite,0.4309906436751635,0.6413386086452743,0.5769265293031037,0.951338555034379,False,False,18,140.15008998804524,True
gobbato_raman_metabolites::Pyr::03,pyruvate,carboxylic_acid_metabolite,gobbato_raman_metabolites,0.5947515118861126,0.6365913038311801,9,0.5947515118861126,9,0.8354254120770691,0.42401157656217087,pyruvate,0.9891683401271636,0.1761630180278998,carboxylic_acid_metabolite,0.441646941646586,0.6606721134167002,0.5883093658005071,0.9546289843246568,False,False,21,123.21793641318258,True
ramanbiolib::49,pyruvate,carboxylic_acid_metabolite,RamanBioLib,0.5907605031383601,0.6397182949245945,9,0.5907605031383603,9,0.8365129281579567,0.423299882368951,pyruvate,0.9891853020676595,0.1743424183779516,carboxylic_acid_metabolite,0.43872018329452844,0.6594591494275673,0.5843716067465614,0.9532118311646369,False,False,18,132.56527476542055,True
gobbato_raman_metabolites::Ribo::01,riboflavin,chromophore_pigment,gobbato_raman_metabolites,0.648467138251241,0.5929020675865513,10,0.648467138251241,10,0.9193901532524404,0.3381376084448637,riboflavin,0.9932424109473744,0.43855287995409753,chromophore_pigment,0.9781057329298626,0.5299620289879529,0.644085063816807,0.9999598021732516,False,False,27,198.68667255549943,True
gobbato_raman_metabolites::Ribo::02,riboflavin,chromophore_pigment,gobbato_raman_metabolites,0.644782443625366,0.5960013056816895,9,0.644782443625366,9,0.9078330718154635,0.3580904409094226,riboflavin,0.9988968330053587,0.4479010067918253,chromophore_pigment,0.9270676250968582,0.5117919033576216,0.6440711409148343,0.9998265131597488,False,False,23,234.3875614889348,True
gobbato_raman_metabolites::Ribo::03,riboflavin,chromophore_pigment,gobbato_raman_metabolites,0.6547375537397598,0.5875903728448032,9,0.6547375537397597,9,0.9047231518158906,0.36455797746272334,riboflavin,0.9987722777577084,0.44825726053956183,chromophore_pigment,0.9321845384439713,0.5139667955464176,0.6539337178821698,0.9998404683803005,False,False,25,218.96237420212145,True
ramanbiolib::50,riboflavin,chromophore_pigment,RamanBioLib,0.6370639241336477,0.6024417613894221,9,0.6370639241336475,9,0.9125259645983569,0.34967685272241544,riboflavin,0.9994755471739284,0.44705440722646805,chromophore_pigment,0.9317423032210499,0.5074570325250757,0.6367298141582474,0.9998428303049461,False,False,24,252.95195393068317,True
amino_acid_raman::serine,serine,free_amino_acid,amino_acid_raman_grounding,0.6535033162506759,0.5886396892403515,10,0.6535033162506758,10,0.8614311327792149,0.4209372935364555,serine,0.9787787020729825,0.05706774500373191,free_amino_acid,0.4560763215997273,0.6774404656617703,0.6396351276802262,0.9910828562661553,False,False,17,264.88227307369164,True
gobbato_raman_metabolites::Ser::01,serine,free_amino_acid,gobbato_raman_metabolites,0.7776789219478231,0.4715093615740355,9,0.7776789219478232,9,0.9212451115421453,0.30618489556015527,serine,0.9940604109300706,0.04080012529436061,free_amino_acid,0.4956972376965413,0.6150126821306515,0.7730598287231074,0.994410453221067,False,False,16,371.8534464915273,True
gobbato_raman_metabolites::Ser::02,serine,free_amino_acid,gobbato_raman_metabolites,0.7793344150642247,0.469750556077962,9,0.7793344150642247,9,0.9244748631235277,0.2991089357532179,serine,0.9943554112308053,0.03890714986934929,free_amino_acid,0.4991830551946038,0.6116655434354697,0.7749353927775063,0.9948360321413104,False,False,16,381.5289327749465,True
gobbato_raman_metabolites::Ser::03,serine,free_amino_acid,gobbato_raman_metabolites,0.7778677220740283,0.47130911080282495,9,0.7778677220740282,9,0.9229662208318152,0.3023671507213451,serine,0.9942219883875444,0.039915450849379974,free_amino_acid,0.49563603693284025,0.6144323173810994,0.7733731933429301,0.9944735934014743,False,False,16,359.43475170103585,True
ramanbiolib::37,serine,free_amino_acid,RamanBioLib,0.7917741062853039,0.4563177552040768,10,0.7917741062853039,10,0.8190319827185337,0.4529323577086614,serine,0.8875159579695957,0.012221483339649564,free_amino_acid,0.3124595091956599,0.6755908848398255,0.702712154435322,0.9527939136281051,False,False,52,66.4905736279525,True
ramanbiolib::78,sphingomyelin,phospholipid_sphingolipid,RamanBioLib,0.9733423146164245,0.16327181441862165,8,0.9733423146164245,8,0.9302443306448333,0.2721904564059156,sphingomyelin,0.9999999999973761,0.006027402020694517,phospholipid_sphingolipid,0.7622497598509439,0.49490083354894876,0.9733423146138706,0.9974184463625242,True,False,12,497.55849959114164,True
gobbato_raman_metabolites::Stearic::01,stearate,fatty_acid,gobbato_raman_metabolites,0.8988076451352726,0.3181074580462177,5,0.8988076451352727,5,0.8749733735869947,0.3189694391176834,stearate,0.9040520641985501,0.1626635942367859,fatty_acid,0.27521094416903924,0.5791022072123039,0.8125689069019811,0.9237090957690954,False,False,20,380.87272903288186,True
gobbato_raman_metabolites::Stearic::02,stearate,fatty_acid,gobbato_raman_metabolites,0.9447369742938464,0.23508089183533903,8,0.9447369317928647,7,0.8290142048241668,0.39602956270986134,triarachidin,0.7595228045320129,0.0015969956034060928,acylglycerol,0.058310287863637456,0.4965645333195882,0.7175492439802856,0.6299224166490617,True,False,12,951.5636634940824,True
gobbato_raman_metabolites::Stearic::03,stearate,fatty_acid,gobbato_raman_metabolites,0.9399690004109796,0.24501224375316505,10,0.9399690004109796,10,0.8740983418593419,0.37933630293729126,stearate,0.9637265912625175,0.000864302579734133,fatty_acid,0.4660311206910201,0.5623201815587884,0.9058731206585093,0.9885087364516132,True,False,30,223.37184316377792,True
ramanbiolib::51,stearate,fatty_acid,RamanBioLib,0.9366770321416166,0.25164055288907655,11,0.9366770321416166,11,0.8775876599451743,0.3730057476678095,stearate,0.9655974182758738,0.002358460575997978,fatty_acid,0.46766816518724896,0.5537417605881774,0.9044529239942526,0.9884654864984005,True,False,27,231.10038442768365,True
ramanbiolib::77,stearate,fatty_acid,RamanBioLib,0.9387477747258872,0.24749186910694976,12,0.9387477747258872,12,0.8755715013572362,0.3816052945664516,stearate,0.964630037651759,0.0007164225050310113,fatty_acid,0.46613867660200914,0.5595746241576073,0.9055443012793376,0.988272254363782,True,False,28,229.7456588775399,True
ramanbiolib::52,succinic acid,carboxylic_acid_metabolite,RamanBioLib,0.5759941106197308,0.6511573460998848,3,0.57501211978479,3,0.983266853354736,0.09624159523468222,succinic acid,0.9999999999972548,0.10000100644250542,carboxylic_acid_metabolite,0.5914018343097547,0.46854257258881876,0.5750121197832115,0.9924559128289528,False,False,9,458.378661680002,True
ramanbiolib::140,superoxide dismutases,peptide_protein,RamanBioLib,0.9665698171263105,0.18283922684603543,7,0.9665698171263105,7,0.9196563002264735,0.23798564151091922,superoxide dismutases,0.9908166017860672,0.12996428999184106,peptide_protein,0.4684382836817725,0.4840103726769159,0.9576934215940714,0.9989355829672276,False,False,15,194.46834956238195,True
ramanbiolib::141,superoxide dismutases,peptide_protein,RamanBioLib,0.978340022180425,0.14717329180103733,6,0.978340022180425,6,0.9206167553948194,0.2337390987293157,superoxide dismutases,0.9834405637814114,0.09166402011000274,peptide_protein,0.4749420312791025,0.45538300504179663,0.9621392629830358,0.9992206815783026,False,False,16,192.19187887513354,True
ramanbiolib::142,superoxide dismutases,peptide_protein,RamanBioLib,0.9534308950055548,0.21579876040978238,16,0.9534307974341828,15,0.7723287271577575,0.5172502000481006,ubiquitin,0.9171768791396859,0.012078196504778926,peptide_protein,0.3518005055447403,0.722934309295301,0.8744646832663459,0.988883791873628,False,False,30,84.95735218602123,True
ramanbiolib::170,t-rna,nucleic_acid_polymer,RamanBioLib,0.9133198370412272,0.29441495029751136,5,0.9133198370412272,5,0.9901745738108798,0.07017545096755012,t-rna,0.9999999999978475,0.0012289985197810882,nucleic_acid_polymer,1.058973867885341,0.3188895720270938,0.9133198370392613,0.9999815286223811,True,False,22,139.84479466341048,True
ramanbiolib::149,thaumatin,peptide_protein,RamanBioLib,0.9734737408328065,0.16286884038135416,12,0.9734737408328065,12,0.9087912320992514,0.35367333617881086,thaumatin,0.9826596153806582,0.006756716505966764,peptide_protein,0.5111176217789912,0.47870218287721694,0.9565933317499361,0.9997761906542437,True,False,20,112.72721324296529,True
ramanbiolib::150,thaumatin,peptide_protein,RamanBioLib,0.9360672857692816,0.2528491926636398,17,0.9360672857692816,17,0.8741715758148834,0.4367714548281579,lectin,0.9730344098341455,0.0006747738158313643,peptide_protein,0.4652629329323846,0.5917696371503259,0.9108256789735633,0.998905914106225,True,False,32,59.171623436196164,True
ramanbiolib::151,thaumatin,peptide_protein,RamanBioLib,0.9751978354096317,0.15748702991149297,15,0.9751300749801469,15,0.7949537304279887,0.49548670676660234,ubiquitin,0.928591550828736,0.009924166609946994,peptide_protein,0.46185200536573645,0.6955136660573819,0.9054975485855563,0.9994487921216952,True,False,27,95.39431861107842,True
gobbato_raman_metabolites::Thy::01,thymine,pyrimidine,gobbato_raman_metabolites,0.25770605511153355,0.8615648233811103,7,0.25770605511153355,7,0.8082326766306878,0.43035654659067896,thymine,0.9789670177660046,0.351856597750726,pyrimidine,0.7181718610165894,0.6463345463300816,0.2522857282327796,0.9945309546814991,True,True,17,325.79958526570266,True
gobbato_raman_metabolites::Thy::02,thymine,pyrimidine,gobbato_raman_metabolites,0.2860156517698702,0.8449759453554969,9,0.2860156517698702,9,0.7806342017257356,0.4742403923540741,thymine,0.997281703053079,0.38693014391082103,pyrimidine,0.6583308807624346,0.6606956687155658,0.2852381762968925,0.9933441217226442,True,True,17,604.7203361976473,True
gobbato_raman_metabolites::Thy::03,thymine,pyrimidine,gobbato_raman_metabolites,0.286093139997872,0.8449300917835829,10,0.2860931399978721,10,0.7822165533431955,0.47316377441273755,thymine,0.9978430347510356,0.3858308219858767,pyrimidine,0.6646042227856759,0.6589092444090315,0.28547604703692964,0.9934731097376515,True,True,17,589.1641703546264,True
ramanbiolib::53,thymine,pyrimidine,RamanBioLib,0.2855700058916206,0.8452396075123697,11,0.2855700058916206,11,0.7823431585067531,0.47349084955624493,thymine,0.9973912222002672,0.38647681926849575,pyrimidine,0.6512488910494114,0.6573452638676915,0.284825017199981,0.993136675852277,True,True,17,558.865621762421,True
ramanbiolib::85,tri-11-eicosenoin,acylglycerol,RamanBioLib,0.976589629817557,0.15300447765480424,11,0.9736109775498629,9,0.8984655812271897,0.3170331481961171,tri-11-eicosenoin,0.9999999999972575,0.04366614606360031,acylglycerol,0.12740224512195608,0.6012591906345541,0.9736109775471928,0.6208771156575743,False,False,28,162.398346838589,True
ramanbiolib::79,triarachidin,acylglycerol,RamanBioLib,0.9926232724007069,0.08588787806952591,5,0.9926232724007069,5,0.9797524810889291,0.09857837847639334,triarachidin,0.9999999999977741,0.00032983969453714845,acylglycerol,0.12091024170890463,0.3547857163902082,0.9926232723984975,0.7038430664566201,True,False,13,553.2061594686985,True
ramanbiolib::80,tribehenin,acylglycerol,RamanBioLib,0.9895172123681466,0.10238548545493614,6,0.9895172123681466,6,0.9828512442695245,0.09886060845553205,tribehenin,0.9999999999978207,0.0005074191336337242,acylglycerol,0.11825045429002057,0.3556463952384384,0.9895172123659902,0.699510722003511,True,False,18,403.3674339846709,True
ramanbiolib::82,tricaprin,acylglycerol,RamanBioLib,0.9697505924165237,0.1739235682230732,8,0.9697498915080949,7,0.9114731785936043,0.2886887283530312,tricaprin,0.9999999999971487,0.03780180616817874,acylglycerol,0.14310528542222956,0.4235247786885619,0.9697498915053299,0.7390784767480951,False,False,23,247.86561127660912,True
ramanbiolib::81,tricaproin,acylglycerol,RamanBioLib,0.9731585753795495,0.16383352715614594,7,0.9731585753795495,7,0.9758250890547242,0.14273038013325806,tricaproin,0.9999999999978332,0.004064142247232838,acylglycerol,0.43412643278641205,0.49634023351840056,0.9731585753774409,0.9752734928138223,True,False,23,240.07817034982062,True
ramanbiolib::83,tricaprylin,acylglycerol,RamanBioLib,0.9881052173883158,0.10906320466441578,8,0.9881052173883158,8,0.9875247747468238,0.09799631866363143,tricaprylin,0.9999999999979396,0.0040641422473393085,acylglycerol,0.4377448475158414,0.49200652686046353,0.98810521738628,0.9766234614521472,True,False,21,240.64612964689601,True
ramanbiolib::84,trielaidin,acylglycerol,RamanBioLib,0.9252341346279573,0.2734334752219777,8,0.9252341346279573,8,0.8745953266134493,0.33481369020679186,trielaidin,0.999999999996771,0.17729178228434717,acylglycerol,0.2556694367777784,0.5984493415798122,0.9252341346249697,0.8768939828522465,False,False,19,291.1338456730689,True
ramanbiolib::86,trierucin,acylglycerol,RamanBioLib,0.9277908329952473,0.26871763433887336,9,0.9244824237212682,9,0.8308416459866871,0.42216731273456193,trierucin,0.9999999999964004,0.1576365827980286,acylglycerol,0.2153685744327477,0.5716721999767151,0.9244824237179404,0.7257505362975706,False,False,21,265.4557579834357,True
ramanbiolib::89,trilaurin,acylglycerol,RamanBioLib,0.9858165772877321,0.11909417581163961,10,0.9858165772877321,10,0.9569815180744387,0.20148386680495875,trilaurin,0.9999999999976121,0.0025412633124257678,acylglycerol,0.1050381635482629,0.3736817710856279,0.9858165772853781,0.6777321530637227,True,False,21,331.09484337293367,True
ramanbiolib::54,trilinolein,acylglycerol,RamanBioLib,0.9785763945199558,0.1463680480160298,9,0.9667493701374583,6,0.9480293352071502,0.2341215803094723,trilinolein,0.9954621396225578,0.0021690402942003972,acylglycerol,0.0016931944888066708,0.688784239650926,0.9623623964757944,0.44808041629396805,True,False,12,391.2800954628671,True
ramanbiolib::87,trilinolein,acylglycerol,RamanBioLib,0.9775806801206373,0.14973082474674454,7,0.9571981535004346,7,0.9225198184599996,0.28313393812629123,trilinolein,0.9943007085103974,0.02211345048671942,acylglycerol,0.01726218392195278,0.6950537099701476,0.9517428022103263,0.4566002766721518,False,False,13,432.4095150602483,True
ramanbiolib::55,trilinolenin,acylglycerol,RamanBioLib,0.9656046010654679,0.1854599658538138,10,0.9654342955845056,10,0.9578995242114973,0.22429858656982987,arachidonic acid,0.9975094071977103,0.00025055810509078125,fatty_acid,0.00019559046634587407,0.7062544467600916,0.9630297918768391,0.46621162242903397,True,False,14,363.0141548790863,True
ramanbiolib::88,trilinolenin,acylglycerol,RamanBioLib,0.9715090570469891,0.16879260337165952,6,0.9652477549275711,3,0.975035067839876,0.1261144892146124,trilinolenin,0.997205271334083,0.0045843305162424075,acylglycerol,0.0035786163981017527,0.7070615057632109,0.962550149357163,0.47001749928864683,True,False,13,531.5267259534678,True
ramanbiolib::90,trimyristin,acylglycerol,RamanBioLib,0.9912540513200242,0.09351977694566582,8,0.9912540513200242,8,0.9731693783361707,0.14651277215940162,trimyristin,0.9999999999977501,0.0025412633125637685,acylglycerol,0.10560345506999425,0.3637693382364862,0.991254051317794,0.6786722989167053,True,False,19,386.04011104757865,True
gobbato_raman_metabolites::Triolein::01,triolein,acylglycerol,gobbato_raman_metabolites,0.9682272886913122,0.17824901488831849,10,0.967674837210567,9,0.8537195859370637,0.3882528977890355,triolein,0.994253605105037,0.00539894719293299,acylglycerol,0.0943511430640448,0.6389941382435581,0.962114195466036,0.5172851941242524,True,False,15,267.08144143420753,True
gobbato_raman_metabolites::Triolein::02,triolein,acylglycerol,gobbato_raman_metabolites,0.9799480587969193,0.141604877045463,5,0.9772904724932402,5,0.8862425849991626,0.29563454832532005,tripalmitolein,0.9941398640569636,0.004174337001585426,acylglycerol,0.08618953941618146,0.6227454518090169,0.9715634174685955,0.4827634813340046,True,False,15,388.09566962339426,True
gobbato_raman_metabolites::Triolein::03,triolein,acylglycerol,gobbato_raman_metabolites,0.9620104154711565,0.19490916994540175,15,0.9591914981102334,18,0.8035968503776133,0.5030460853573753,triolein,0.997017637264725,0.02222216215513706,acylglycerol,0.11110739860456709,0.6834725696174891,0.9563308411302769,0.5408948462818302,False,False,19,182.65022613765666,True
ramanbiolib::56,triolein,acylglycerol,RamanBioLib,0.9635617664550062,0.19088801309919198,13,0.9615613723424735,14,0.8119945206952996,0.4806157743242642,triolein,0.9971700145937981,0.023475726925645368,acylglycerol,0.11585578269398977,0.6799413276106004,0.9588401676915768,0.550943950971751,False,False,17,185.73584296213255,True
ramanbiolib::91,triolein,acylglycerol,RamanBioLib,0.9612543066821537,0.19683925756263035,14,0.9589991421456406,15,0.8083600146667577,0.4910185134425279,triolein,0.9953664582141906,0.02700952702642312,acylglycerol,0.1245150998543032,0.6847430534256218,0.9545555795479534,0.5643342013167375,False,False,16,193.40027934903523,True
ramanbiolib::152,triosephosphate isomerase,peptide_protein,RamanBioLib,0.9282165183673028,0.26792439536672535,15,0.9281316273117611,15,0.7864114434248853,0.5167842909605371,triosephosphate isomerase,0.9619766437402333,0.06970552088938065,peptide_protein,0.3126217394385318,0.6500234675520891,0.892840947790529,0.9740622358579952,False,False,41,54.9962276151871,True
ramanbiolib::153,triosephosphate isomerase,peptide_protein,RamanBioLib,0.943804966616368,0.23705491638769227,9,0.943804966616368,9,0.7987075966984977,0.4626748189024424,triosephosphate isomerase,0.9769118705471611,0.07936697040025764,peptide_protein,0.42675300295294416,0.5838537385558601,0.922014275368897,0.997166207516048,False,False,23,99.1155921269854,True
ramanbiolib::154,triosephosphate isomerase,peptide_protein,RamanBioLib,0.9364028753576807,0.2521847034263887,11,0.9364028753576807,11,0.78444546832965,0.49516622032590524,triosephosphate isomerase,0.9750405498306312,0.15323191218745413,peptide_protein,0.4524111440256199,0.6327364593014659,0.913030774451737,0.9985545235310306,False,False,38,65.15489691965784,True
ramanbiolib::92,tripalmitin,acylglycerol,RamanBioLib,0.9935291830324325,0.08044138839901357,15,0.9934552713159248,16,0.9788963201507817,0.15436835993574693,tripalmitin,0.9999999999978575,0.0013048964117479134,acylglycerol,0.11677715663798371,0.3689228544375878,0.9934552713137963,0.697103036052321,True,False,22,294.68025123220036,True
ramanbiolib::94,tripalmitolein,acylglycerol,RamanBioLib,0.9832060244816008,0.12959157194193768,3,0.9796859345244302,5,0.8894414554703335,0.2724255109517096,tripalmitolein,0.9999999999972002,0.014304259564906774,acylglycerol,0.07240813444115324,0.6343636806532263,0.9796859345216873,0.48035856499414714,False,False,13,326.067710034884,True
ramanbiolib::93,tripetroselinin,acylglycerol,RamanBioLib,0.9589060533521013,0.2027164192853099,6,0.9572115748403673,7,0.7915518245026935,0.44661570890371255,tripetroselinin,0.9999999999962308,0.16112756482554091,acylglycerol,0.16797265907721637,0.6124312745743979,0.9572115748367594,0.6517301466168254,False,False,15,279.9735385370371,True
ramanbiolib::95,tristearin,acylglycerol,RamanBioLib,0.9945992973823722,0.07348947283538278,8,0.9945992973823722,8,0.9790104192719662,0.11934632316067437,tristearin,0.9999999999977944,0.00032983969455713247,acylglycerol,0.11931665086501764,0.35879474036909803,0.9945992973801785,0.7012496158869065,True,False,18,338.8380934312217,True
ramanbiolib::155,trypsin,peptide_protein,RamanBioLib,0.9788287623028823,0.14550339410851035,13,0.9787637000653902,13,0.806451675961544,0.4761575136110262,trypsin,0.9913641735549423,0.03146477982541407,peptide_protein,0.49604753433294263,0.6429328408377164,0.970311266620903,0.9994340352085804,False,False,22,95.95224278348094,True
ramanbiolib::156,trypsin,peptide_protein,RamanBioLib,0.974103440975035,0.1609240784498675,9,0.974103440975035,9,0.8096071924194367,0.43252301758747497,trypsin,0.9786535002231752,0.02203525829908315,peptide_protein,0.5037824636146294,0.5327435327428067,0.9533097420896571,0.9995226688112792,False,False,19,102.83229227120728,True
ramanbiolib::157,trypsin,peptide_protein,RamanBioLib,0.9706990179400173,0.17117529628995337,16,0.9705501733348207,16,0.8005365018661678,0.5027984831848278,trypsin,0.9586513723186048,0.034757061959902025,peptide_protein,0.4765749514974936,0.6575265551014318,0.9304192555714856,0.9993505282562689,False,False,30,90.14511563651185,True
ramanbiolib::146,trypsin inhibitor,peptide_protein,RamanBioLib,0.9490289818373697,0.2257676198275104,12,0.9490289818373697,12,0.8665043536903303,0.418209708353211,trypsin inhibitor,0.9929162640824917,0.07594666857922683,peptide_protein,0.4749960034858214,0.6140787153111904,0.9423063111519719,0.9991028721112212,False,False,22,130.42721986390322,True
ramanbiolib::147,trypsin inhibitor,peptide_protein,RamanBioLib,0.9449528158807475,0.23462136330521433,13,0.9449313578627196,13,0.8219222773284666,0.47856125185141873,trypsin inhibitor,0.9777679528820997,0.09914937574440863,peptide_protein,0.46443882427295635,0.6515431932591609,0.9239235993915341,0.9989971794342887,False,False,21,128.35783313580296,True
ramanbiolib::148,trypsin inhibitor,peptide_protein,RamanBioLib,0.9664850145259262,0.18307098479562595,12,0.9664850145259262,12,0.8814594355758539,0.3613519057609608,trypsin inhibitor,0.9692830955498795,0.01019658587770933,peptide_protein,0.5112218156924152,0.6041263737121134,0.9367975866822599,0.9998051690549064,False,False,25,120.44404354323946,True
ramanbiolib::143,trypsinogen,peptide_protein,RamanBioLib,0.978329032146767,0.14721062411800084,14,0.9781359397846866,14,0.7952201684033205,0.47946489813676585,trypsinogen,0.9744067304866137,0.02943293560832516,peptide_protein,0.47517732095245585,0.6360850027351715,0.9531022430570478,0.9988449386344024,False,False,19,113.3802853453632,True
ramanbiolib::144,trypsinogen,peptide_protein,RamanBioLib,0.9741399725596742,0.16081053274055124,14,0.9741044825070476,15,0.8116736054228451,0.4506363253468805,trypsinogen,0.9600261598365025,0.035424572064931104,peptide_protein,0.4811606606909096,0.5437383960421143,0.9351657856207645,0.9992417000826321,False,False,18,108.49355229654209,True
ramanbiolib::145,trypsinogen,peptide_protein,RamanBioLib,0.9477853257504021,0.22850530464202734,22,0.9477085954870051,21,0.7131148294765226,0.6111601261989733,elastin,0.8832065409873727,0.004657726777438254,peptide_protein,0.3731413455265066,0.7944994931748989,0.8370224304840791,0.9951305897605788,True,False,36,76.17595633725544,True
amino_acid_raman::tryptophan,tryptophan,free_amino_acid,amino_acid_raman_grounding,0.6585502894903502,0.5843369836911816,6,0.6585502894903501,6,0.8602481630354284,0.3507585877454509,tryptophan,0.9773391777958227,0.20800661389899,free_amino_acid,0.14250401236118537,0.5964393424253008,0.6436269984676998,0.7471842677763707,False,False,34,160.78799594824747,True
gobbato_raman_metabolites::Trp::01,tryptophan,free_amino_acid,gobbato_raman_metabolites,0.6979635835306752,0.5495783988377115,6,0.6979635835306753,6,0.8353863876212959,0.38663768122407105,tryptophan,0.9948321090927891,0.34560132060825266,free_amino_acid,0.3340578739080064,0.6078286959793974,0.6943565838737829,0.9498575105750794,False,False,35,111.3932032172616,True
gobbato_raman_metabolites::Trp::02,tryptophan,free_amino_acid,gobbato_raman_metabolites,0.6952164447133957,0.5520720562447436,6,0.6952164447133957,6,0.8356935935208583,0.3856565406902336,tryptophan,0.9961640235905381,0.3542712157353868,free_amino_acid,0.32186052032278883,0.607502529112569,0.6925496108320052,0.9423661617884388,False,False,37,105.1684400844087,True
gobbato_raman_metabolites::Trp::03,tryptophan,free_amino_acid,gobbato_raman_metabolites,0.6887585760571064,0.5578901540111478,6,0.6887585760571064,6,0.8391536105555472,0.38424682979213903,tryptophan,0.9933900038493536,0.33804961948714674,free_amino_acid,0.3172529072771241,0.6047599566584069,0.6842058845206442,0.9402870484103509,False,False,37,104.80657363217198,True
ramanbiolib::38,tryptophan,free_amino_acid,RamanBioLib,0.6281260969626878,0.6098146464598405,7,0.6281260969626878,7,0.840369106882122,0.3844234761753441,tryptophan,0.8858507408796612,0.23995586266303792,free_amino_acid,0.2643649444416919,0.5799728610073245,0.5564259683602469,0.9205777694846508,False,False,23,171.49029952527752,True
ramanbiolib::196,tubulin,peptide_protein,RamanBioLib,0.9987294107820388,0.035645325331099105,7,0.998728713520464,7,0.9922901461788884,0.06076880055019468,tubulin,0.9999999999979752,0.6567416275615782,peptide_protein,0.4909215962475362,0.4509024540108931,0.9987287135184417,0.9987610511878685,False,False,16,415.5483031726759,True
gobbato_raman_metabolites::Tyr::01,tyrosine,free_amino_acid,gobbato_raman_metabolites,0.8727875458163712,0.3566685494734595,1,0.8727875458163712,1,1.0000000000000118,1.8086174172875762e-14,tyrosine,0.9992481552048635,0.5201661164659241,free_amino_acid,0.4228289397695179,0.4794613203423388,0.8721313450427892,0.9824837161777928,False,True,26,301.85261862261626,True
gobbato_raman_metabolites::Tyr::02,tyrosine,free_amino_acid,gobbato_raman_metabolites,0.930121045748655,0.26434627716553,4,0.930121045748655,4,0.9877717947867168,0.07989561114907037,tyrosine,0.9998876535781224,0.5214972735861039,free_amino_acid,0.4291892301351892,0.5108928486854987,0.930016549977252,0.9838760482688825,False,False,26,333.7325102641334,True
gobbato_raman_metabolites::Tyr::03,tyrosine,free_amino_acid,gobbato_raman_metabolites,0.9308407716955946,0.26298142197565255,4,0.9308407716955946,4,0.98859783821051,0.07558213515789461,tyrosine,0.9999211551214767,0.5214651520791516,free_amino_acid,0.42825053424910625,0.510323499411207,0.9307673796680258,0.9836622589945736,False,False,26,312.00927025941485,True
ramanbiolib::39,tyrosine,free_amino_acid,RamanBioLib,0.9292870748530209,0.26591901990438455,5,0.9292870748530209,5,0.9882006049782757,0.07916416834857122,tyrosine,0.9999355322387302,0.521386377833835,free_amino_acid,0.42897536286302546,0.5093643987183907,0.9292271657957282,0.9838211684592459,False,False,26,318.8815735510632,True
ramanbiolib::158,ubiquitin,peptide_protein,RamanBioLib,0.9685872907774188,0.1772363089847839,12,0.9685872907774188,12,0.8609454688314581,0.38318382857055105,superoxide dismutases,0.9633087765862811,0.003601718746222282,peptide_protein,0.45239988915107243,0.5605846639578467,0.9330486380958158,0.9988076443624309,True,False,26,122.74678470300677,True
ramanbiolib::159,ubiquitin,peptide_protein,RamanBioLib,0.96820755085904,0.17830437218679818,12,0.96820755085904,12,0.845606274165927,0.397557035781965,ubiquitin,0.9856352320340811,0.08011811224059795,peptide_protein,0.47948137939935387,0.5512710365913398,0.9542994740480992,0.9992121503712617,False,False,25,155.59270445078155,True
ramanbiolib::160,ubiquitin,peptide_protein,RamanBioLib,0.9712115260885595,0.1696716650222177,10,0.9712115260885595,10,0.8402681163926081,0.41342890243395464,elastin,0.9402581559917583,0.04508446579421577,peptide_protein,0.468698327838112,0.6355626810671392,0.9131895585979705,0.9993990963636357,False,False,22,189.33256906998392,True
gobbato_raman_metabolites::Ura::01,uracil,pyrimidine,gobbato_raman_metabolites,0.7402092606726851,0.5096967130824517,2,0.7402092606726851,2,0.9993660888415464,0.006410513670015159,uracil,0.9999831778977195,0.003540046143969411,pyrimidine,0.9577597733782238,0.41383992832034505,0.7401968087967931,0.9996592280745468,True,False,15,400.7435283591477,True
gobbato_raman_metabolites::Ura::02,uracil,pyrimidine,gobbato_raman_metabolites,0.7291333944805314,0.5204484657669746,2,0.7291333944805314,2,0.9987600303119104,0.011239079432100344,uracil,0.9999966192665122,0.003574037133621921,pyrimidine,0.9587130617423523,0.412696783145718,0.7291309294748476,0.999665573219868,True,False,14,1115.9236755107436,True
gobbato_raman_metabolites::Ura::03,uracil,pyrimidine,gobbato_raman_metabolites,0.729846038554014,0.5197633706271689,2,0.729846038554014,2,0.9990096135564966,0.009325601273249228,uracil,0.9999991272684994,0.0035664588270982733,pyrimidine,0.958561250111631,0.41266117248169415,0.7298454015943855,0.9996645533443625,True,False,14,1188.8340008432283,True
ramanbiolib::57,uracil,pyrimidine,RamanBioLib,0.731166415188379,0.5184916439166133,2,0.7311664151883791,2,0.9988684553276912,0.010418674422144157,uracil,0.9999979885427331,0.0035707445077584055,pyrimidine,0.9586473852748523,0.41268140750199883,0.73116494447838,0.999665130526956,True,False,14,1155.3400189123868,True
gobbato_raman_metabolites::UA::01,urate,purine,gobbato_raman_metabolites,0.549854722973633,0.6709286676137164,7,0.5449209588517325,7,0.8973920030677128,0.32867610680749293,urate,0.9999963940892244,0.08846523749597768,purine,0.915072628439838,0.6332071039834877,0.5449189939153751,0.9998909935339303,False,False,21,171.40735131129688,True
gobbato_raman_metabolites::UA::02,urate,purine,gobbato_raman_metabolites,0.5485314599738484,0.6719140867891519,7,0.5436404146348122,7,0.8963986416278457,0.3311834065978738,urate,0.9999991709273437,0.08899936836902633,purine,0.9134692848313499,0.63409878143523,0.5436399639174095,0.9998850703253277,False,False,21,169.9795018195407,True
gobbato_raman_metabolites::UA::03,urate,purine,gobbato_raman_metabolites,0.5491803655380636,0.6714310347768305,7,0.5443533210602828,7,0.8964461740254258,0.33134854586969015,urate,0.9999986463340858,0.08884319469165569,purine,0.913833044344244,0.6338010606459525,0.5443525841877468,0.9998854298852304,False,False,21,168.2690557077967,True
amino_acid_raman::ure,urea,small_nitrogenous,amino_acid_raman_grounding,0.35194610426838724,0.8050179474589151,6,0.3519461042683871,6,0.8797796824146222,0.3554206719938854,urea,0.9937452470623775,0.09115870260043946,small_nitrogenous,0.5993468556704696,0.6069388720680814,0.34974476833882967,0.9610748210084412,True,True,5,1644.778908310698,True
gobbato_raman_metabolites::Urea::01,urea,small_nitrogenous,gobbato_raman_metabolites,0.3571276081867252,0.8017932350753728,6,0.35712760818672495,6,0.8811142253515257,0.35307572599372933,urea,0.9937552450015761,0.09021093140598135,small_nitrogenous,0.6023038175034184,0.6049773293781996,0.3548974337704257,0.9615632935447754,True,True,5,1638.6396163254096,True
gobbato_raman_metabolites::Urea::02,urea,small_nitrogenous,gobbato_raman_metabolites,0.34521808777098695,0.8091859565194878,7,0.34521808777098695,7,0.8744617398588898,0.3614200825583433,urea,0.9904744264278565,0.09930233096719843,small_nitrogenous,0.5953663176100326,0.6108426025916738,0.34192968747748975,0.961595488042978,True,True,5,1404.7635908702528,True
gobbato_raman_metabolites::Urea::03,urea,small_nitrogenous,gobbato_raman_metabolites,0.7035802990574491,0.5444443965569434,4,0.7035802990574492,4,0.9650505346206997,0.16077373059493213,urea,0.9766421498823052,0.0001561028079754001,small_nitrogenous,0.47497054837173414,0.5616112875484096,0.6871461758863024,0.9259497519565243,True,False,6,502.7983888654331,True
ramanbiolib::58,vaccenic acid,fatty_acid,RamanBioLib,0.968284183183374,0.1780893506546483,14,0.9682619244340459,13,0.8250461263937351,0.43930276902609783,vaccenic acid,0.9999999999966371,0.009899493534699655,phospholipid_sphingolipid,8.417240690195005e-05,0.6621016029636637,0.9682619244307897,0.3827767846436011,True,False,13,274.764237828638,True
amino_acid_raman::valine,valine,free_amino_acid,amino_acid_raman_grounding,0.6757943810939608,0.5693905679809904,6,0.675794381093961,6,0.8606642933783085,0.36294096282740984,valine,0.9865298996619336,0.15480084250555914,free_amino_acid,0.48595455983048697,0.5695232315063187,0.6666913629727238,0.9949224411794556,False,False,27,158.98203944110838,True
gobbato_raman_metabolites::Val::01,valine,free_amino_acid,gobbato_raman_metabolites,0.7177873570091087,0.5312368991237423,8,0.7177873570091087,8,0.83050826769454,0.42382838540534007,valine,0.9939515110628313,0.16535589315429322,free_amino_acid,0.5304158369296823,0.611487651824553,0.7134458281209995,0.9974899352643831,False,False,25,153.01645701378314,True
gobbato_raman_metabolites::Val::02,valine,free_amino_acid,gobbato_raman_metabolites,0.7166726586079954,0.5322850189435366,8,0.7166726586079954,8,0.8300582287105549,0.4248505753151142,valine,0.9950488279261639,0.16446115399789085,free_amino_acid,0.5430506362679708,0.6060202892194616,0.7131242889546137,0.9980327878025455,False,False,25,151.78238538141872,True
gobbato_raman_metabolites::Val::03,valine,free_amino_acid,gobbato_raman_metabolites,0.7182371845490385,0.530813352743391,8,0.7182371845490385,8,0.8266883884598282,0.4307603729824272,valine,0.9944112504637174,0.1654250832903278,free_amino_acid,0.5412953765401944,0.6135809077626453,0.7142231368169492,0.9979246417733041,False,False,26,143.24940808420865,True
ramanbiolib::40,valine,free_amino_acid,RamanBioLib,0.7797349588146918,0.4693240257914439,12,0.7797349588146918,12,0.8392837092614283,0.45912523196747823,valine,0.9236268340320019,0.038681563598501056,free_amino_acid,0.5896247583391417,0.5799594367270541,0.7201841313940871,0.9998123324469499,False,False,35,65.1727188628788,True
gobbato_raman_metabolites::Xanth::01,xanthine,purine,gobbato_raman_metabolites,0.7619342019698878,0.48791986845164853,8,0.7619342019698879,8,0.9561320401252315,0.21319593102065257,xanthine,0.9999964082252747,0.018629194408902094,purine,1.0178223776636925,0.2577235917290175,0.7619314652738789,0.999999464323989,False,False,19,370.65816424982773,True
gobbato_raman_metabolites::Xanth::02,xanthine,purine,gobbato_raman_metabolites,0.7641783916552611,0.4856146706438171,8,0.7641783916552611,8,0.9568369634655717,0.2118579535665428,xanthine,0.9999966705711437,0.0181467743034176,purine,1.0182613333975739,0.25715196869691526,0.7641758473776726,0.9999994827769072,False,False,19,363.5582090113173,True
gobbato_raman_metabolites::Xanth::03,xanthine,purine,gobbato_raman_metabolites,0.7570331754672146,0.49291665069516816,7,0.7570331754672146,7,0.9570066097027364,0.21026720686302872,xanthine,0.9999943200560341,0.018357659495874645,purine,1.0185719801304625,0.25704299935040664,0.7570288755611976,0.9999994850295354,False,False,18,385.2851846253352,True
ramanbiolib::163,xylanase,peptide_protein,RamanBioLib,0.9904213760664419,0.09787044463753347,12,0.9904060806555895,12,0.9576363904191183,0.24390178769931936,xylanase,0.9817880501897739,0.4631150935009263,peptide_protein,0.17554310643199678,0.6465554055525428,0.9723688548229472,0.669882862889904,False,False,17,124.56860131880306,True
ramanbiolib::164,xylanase,peptide_protein,RamanBioLib,0.986824291921827,0.1147854872279587,7,0.986824291921827,7,0.9834822768951049,0.1149728510639762,xylanase,0.9815006216305505,0.45023344648336594,peptide_protein,0.09786229958700748,0.6287194963195906,0.9685686559614011,0.5080752099463605,False,False,16,161.17138568568845,True
ramanbiolib::165,xylanase,peptide_protein,RamanBioLib,0.9834248017553102,0.12874470181204797,15,0.9834248017553102,15,0.8559109905568012,0.4260428982668784,amylose,0.9146381774782174,0.08171346141621405,polysaccharide,0.6063323882113216,0.5884392888873583,0.8994778683643542,0.9884422585432562,False,False,17,117.8549629255878,True
ramanbiolib::108,α-chymotrypsinogen a (type ii),peptide_protein,RamanBioLib,0.9729613949512919,0.16443419671309567,7,0.9728425137308122,7,0.8722888524659865,0.34789776035780506,α-chymotrypsinogen a (type ii),0.9830283896460624,0.02324385137404983,peptide_protein,0.4251981965018535,0.5716961978583421,0.9563318096520277,0.9967441172386575,False,False,16,136.79244700051814,True
ramanbiolib::109,α-chymotrypsinogen a (type ii),peptide_protein,RamanBioLib,0.9710776069175494,0.17006584925381588,10,0.9710776069175494,10,0.887769728643088,0.3367323644020802,α-chymotrypsinogen a (type ii),0.9812095809021784,0.03383221520193169,peptide_protein,0.42372797033800624,0.47791316277849755,0.9528306517070589,0.996710975522055,False,False,16,106.17278004492105,True
ramanbiolib::110,α-chymotrypsinogen a (type ii),peptide_protein,RamanBioLib,0.9700256380904368,0.17313105414550317,11,0.9698114534546306,11,0.8105770165158925,0.4685506416034682,lactalbumin,0.9486225080553913,0.03882735051398467,peptide_protein,0.36743888056833707,0.669433881437456,0.919984973316976,0.9913429071188248,False,False,21,126.65957071475086,True
ramanbiolib::62,α-linolenic acid,fatty_acid,RamanBioLib,0.9827962260127463,0.13116315788832048,7,0.9718965853310445,8,0.9821599711443744,0.12111544890561105,α-linolenic acid,0.999999999997905,0.00546281417774952,fatty_acid,0.004264377606940428,0.6967436321680965,0.9718965853290084,0.47256601547270355,True,False,9,779.9321176389215,True
ramanbiolib::74,α-phosphatidylcholine,phospholipid_sphingolipid,RamanBioLib,0.966851393677518,0.18206758723740138,10,0.965347467086521,11,0.8592244913988851,0.407170320805786,α-phosphatidylcholine,0.9999999999968304,0.06378060375434691,phospholipid_sphingolipid,0.6965230103518819,0.5960585778674254,0.9653474670834612,0.9904255259760405,False,False,14,292.2908054415,True
ramanbiolib::75,α-phosphatidylethanolamine,phospholipid_sphingolipid,RamanBioLib,0.9642779280129331,0.18900283592325057,16,0.9629420167894152,16,0.8066354767387498,0.4794332872216438,α-phosphatidylethanolamine,0.9999999999963657,0.06378060375388184,phospholipid_sphingolipid,0.5138876943298155,0.6594556328496358,0.9629420167859155,0.9493146657334172,False,False,10,302.62932188895303,True
ramanbiolib::59,β-carotene,chromophore_pigment,RamanBioLib,0.9633285809200938,0.1914978304834536,4,0.963328027449933,3,0.9975528920549006,0.02205910835495974,β-carotene,0.9999999999979555,0.0002494923565787843,chromophore_pigment,1.1011057907951385,0.21808190730788543,0.9633280274479634,0.9999999866058555,True,False,9,492.16530179051404,True
ramanbiolib::60,β-d-glucose,mono_oligosaccharide,RamanBioLib,0.9417827928965519,0.24128242186986998,3,0.9417827928965519,3,0.973518621926017,0.12300004355186067,β-d-glucose,0.9999999999978306,0.008812414230112697,mono_oligosaccharide,0.674881045883863,0.41731195236430385,0.9417827928945088,0.9999942836889067,True,False,21,230.6771871390238,True
