component,levels,mean,sem,delta_final,effect_size,spearman_rho,spearman_p,direction,linear_r2,saturating_r2,saturating_K,responsive,experiment
0,"[0.0, 0.2, 0.23, 0.4, 0.6, 0.61, 0.8, 1.0, 1.03, 1.2, 1.4, 1.6, 1.8, 1.82]","[0.00722388124773165, 0.024765965996884874, 0.038640740510572036, 0.04457808416147268, 0.053750717090197096, 0.061191577676398524, 0.0577236511172095, 0.07303314029889789, 0.07772418790082626, 0.07443409198801, 0.06903072020503206, 0.0724243699623975, 0.07267588835203671, 0.08312788026610968]","[0.002051586497212712, 0.004897026662827274, 0.006906556666120155, 0.006634564643927687, 0.006669529462306974, 0.00917094778101879, 0.00692431402749846, 0.007627974470527572, 0.009473304244000573, 0.007043339992880622, 0.005808537827920665, 0.008008812307691992, 0.006494788289365377, 0.008873029118663864]",0.07590399901837802,11.002364776513753,0.8725274725274725,4.680621207250763e-05,up,0.7569494669181372,0.9438258768741898,0.509463934905284,True,adenine::cAg@532nm
1,"[0.0, 0.2, 0.23, 0.4, 0.6, 0.61, 0.8, 1.0, 1.03, 1.2, 1.4, 1.6, 1.8, 1.82]","[0.07692455197971831, 0.09787053974515923, 0.08144561030409482, 0.10910673581388987, 0.11405774830087217, 0.10795627549715661, 0.12352547775273548, 0.11230320445995254, 0.11020030108900117, 0.10295584759144755, 0.11411394295441218, 0.10929954960987301, 0.10921324223389833, 0.10700794746464286]","[0.024808068094089378, 0.028090860097264695, 0.027535294816087002, 0.02866150834700395, 0.027663335707485786, 0.02782492217795723, 0.027717799742360452, 0.022738620493733142, 0.026768812268323693, 0.022744484970584344, 0.019326478205720858, 0.025159837782684248, 0.023331084737370392, 0.02840913885360303]",0.030083395484924544,1.1673796577601583,0.39780219780219783,0.1589507745108346,up,0.2865382467581634,0.6517379067922366,0.19563318705174337,False,adenine::cAg@532nm
2,"[0.0, 0.2, 0.23, 0.4, 0.6, 0.61, 0.8, 1.0, 1.03, 1.2, 1.4, 1.6, 1.8, 1.82]","[0.06524179102466142, 0.055978291477943656, 0.041463051881258164, 0.040498683305871946, 0.02291316681422236, 0.018189138519192734, 0.016561007039112334, 0.00315053889139285, 0.00833651182477359, 0.005619030885027221, 0.008050034589580412, 0.007757159021157367, 0.007437455005027238, 0.0066577755732356615]","[0.008359017841026673, 0.00795723042503725, 0.00724595401330974, 0.005022288044046204, 0.0047443647532647865, 0.0049095755660675065, 0.004807535777414896, 0.0016315930719588707, 0.0037550857582310444, 0.002861195916909603, 0.003053630594405133, 0.0033282114778333998, 0.0038831906019281344, 0.0035410604106948162]",-0.05858401545142576,-12.598723015008693,-0.8637362637362638,6.846377605646036e-05,down,0.7271316036691311,0.9269780823730129,0.5577807466201148,True,adenine::cAg@532nm
3,"[0.0, 0.2, 0.23, 0.4, 0.6, 0.61, 0.8, 1.0, 1.03, 1.2, 1.4, 1.6, 1.8, 1.82]","[0.041265834409975555, 0.10342027064785823, 0.13183564752337762, 0.1397624150785296, 0.1924076395529637, 0.19208795148201643, 0.19481675730644463, 0.21153281501952972, 0.23072186848414555, 0.24910750654284675, 0.2320308321146987, 0.2322235851237543, 0.24362926435235036, 0.2585729222498751]","[0.0056134896669136364, 0.013097743957303174, 0.012287612791710912, 0.015898657073703422, 0.01622998631268285, 0.01755007205891286, 0.01684683924684974, 0.019875462417795895, 0.021199847081569776, 0.019155989000888357, 0.015849615199158822, 0.02248066458146241, 0.021699717789210416, 0.02265256876394999]",0.21730708783989955,12.653140051122703,0.9692307692307693,1.1465229425475094e-08,up,0.8023529145796181,0.970414722261838,0.5466309920340162,True,adenine::cAg@532nm
4,"[0.0, 0.2, 0.23, 0.4, 0.6, 0.61, 0.8, 1.0, 1.03, 1.2, 1.4, 1.6, 1.8, 1.82]","[0.00643420509252565, 0.003218453970119534, 0.0007230745030356223, 0.0034052893690248442, 0.0021287681044087504, 0.0011302070387010277, 0.0014995843498574056, 0.0021461061527006443, 0.001246677358417, 0.0014736120109607334, 0.0023588235298065223, 0.0019345493553141612, 0.0019134280617590723, 0.0011774220903379721]","[0.002656431946815717, 0.001286394049916818, 0.0004139235187428078, 0.0017137910686081796, 0.0013719528714211545, 0.0007192318203757739, 0.0008200926889287592, 0.0015303877607249227, 0.0008311910648612788, 0.0010533519023620892, 0.001073658992178583, 0.0012136951965574354, 0.0011024292332971405, 0.0011442485947814858]",-0.005256783002187677,-4.346810843381095,-0.3494505494505495,0.22068999774644735,down,0.2297540557682372,0.7376581915494933,0.036132142239657314,False,adenine::cAg@532nm
5,"[0.0, 0.2, 0.23, 0.4, 0.6, 0.61, 0.8, 1.0, 1.03, 1.2, 1.4, 1.6, 1.8, 1.82]","[0.016441982827126802, 0.014578807143207036, 0.011636897964742857, 0.010011604295407504, 0.0058904342339055555, 0.003768500364264628, 0.004952796754336839, 0.004058350794957114, 0.000668905642088, 0.0012149656670473001, 0.001083390725888347, 0.00023622266532328888, 0.00021153596542599444, 0.0005649052844870615]","[0.0020849295689224475, 0.002143385519695197, 0.001844801206366923, 0.0017010753622039069, 0.0013262218389598491, 0.0008738879544011262, 0.0012216166369466532, 0.0010705429227913829, 0.00024672148278658207, 0.0004034359053642845, 0.00028687949711263993, 0.00014407960815923993, 0.0001726512232285342, 0.00022134430194190702]",-0.015877077542639742,-16.175648790040977,-0.9604395604395607,5.08105389232908e-08,down,0.8115800374262347,0.9451143523103537,0.7617257271992336,True,adenine::cAg@532nm
6,"[0.0, 0.2, 0.23, 0.4, 0.6, 0.61, 0.8, 1.0, 1.03, 1.2, 1.4, 1.6, 1.8, 1.82]","[0.022279677145739897, 0.023245607746038326, 0.022721753105760224, 0.021062747641433902, 0.025666679413755396, 0.025723529821688337, 0.02591738560836518, 0.026235207526589494, 0.029890457177582194, 0.031745713000817584, 0.028032333658206107, 0.029195383334411414, 0.02923134213918763, 0.031602075470411856]","[0.004763391001449002, 0.004076406838400924, 0.00432643977663743, 0.0037556370178166926, 0.0034204659467394426, 0.0024543966938335537, 0.0029848585718991135, 0.003166527046861011, 0.0023146457838259314, 0.0019237281428064145, 0.0015542827090737447, 0.0017791918249988746, 0.002031357953000495, 0.002179584640887602]",0.009322398324671959,3.204286843434861,0.8857142857142857,2.5040044989174716e-05,up,0.7636108819797125,0.7805728273957118,3.285641153506727,True,adenine::cAg@532nm
7,"[0.0, 0.2, 0.23, 0.4, 0.6, 0.61, 0.8, 1.0, 1.03, 1.2, 1.4, 1.6, 1.8, 1.82]","[0.07770844719855602, 0.07651200269889981, 0.0807386850420627, 0.0743045059921614, 0.0651780040814705, 0.060751051629756546, 0.06019050342406402, 0.04798495348857267, 0.0433701505960324, 0.04263318094685343, 0.04147560189136304, 0.04209649679274267, 0.038819122608926754, 0.036417150453311974]","[0.013705377389669893, 0.013467993330469313, 0.01062271735040233, 0.009726104032807768, 0.00881902917762512, 0.008146331336428161, 0.006728132353044282, 0.005621617778097502, 0.005165125767291896, 0.005278392028514586, 0.0040044891168821775, 0.0055682859424501545, 0.0056383898674852145, 0.004477132155512597]",-0.041291296745244045,-5.404158617000759,-0.9824175824175824,4.1071830416421485e-10,down,0.9063026481846965,0.9300467556801242,2.956182601581636,True,adenine::cAg@532nm
8,"[0.0, 0.2, 0.23, 0.4, 0.6, 0.61, 0.8, 1.0, 1.03, 1.2, 1.4, 1.6, 1.8, 1.82]","[0.1876659375119307, 0.16505641009284552, 0.16398750648997035, 0.1443998857686463, 0.12091403524935711, 0.1111223396340994, 0.10788305173580347, 0.08724809445381657, 0.06931206313253245, 0.07224453440574768, 0.07259159901601929, 0.07016806750759158, 0.06482845678263115, 0.054344286130945746]","[0.028233092270869037, 0.026673484873602892, 0.021384588575228416, 0.021216169456615936, 0.018505924493063115, 0.015937133373781946, 0.011469477830283053, 0.009238365263947713, 0.010308653375188825, 0.010790234560883856, 0.008178013307330536, 0.012568961976335707, 0.011958096382113934, 0.008632750706977077]",-0.13332165138098495,-8.677577175502687,-0.9692307692307693,1.1465229425475094e-08,down,0.8900557926719378,0.9688872653701331,1.1863657980319195,True,adenine::cAg@532nm
9,"[0.0, 0.2, 0.23, 0.4, 0.6, 0.61, 0.8, 1.0, 1.03, 1.2, 1.4, 1.6, 1.8, 1.82]","[0.029875113546931294, 0.0427385528733527, 0.05054712507679325, 0.05679206713075348, 0.061121067143402215, 0.06104761291698177, 0.06060218461876764, 0.07245874100398057, 0.07267904609824845, 0.07119463455220515, 0.06709323156241122, 0.06842834518995503, 0.06871589389339854, 0.07697392578961186]","[0.006751175822637323, 0.007843888134502753, 0.008104314945554426, 0.006969955737684936, 0.007248549439022185, 0.006809403550511293, 0.00663874490928369, 0.006268856989288507, 0.005715472121764239, 0.004721863929602459, 0.004285219608420516, 0.00553672412501077, 0.005363183875145173, 0.005275371319873929]",0.04709881224268057,7.532991457076228,0.8505494505494505,0.00011565615890988969,up,0.7053205508272966,0.9299185982008288,0.40076495810844487,True,adenine::cAg@532nm
10,"[0.0, 0.2, 0.23, 0.4, 0.6, 0.61, 0.8, 1.0, 1.03, 1.2, 1.4, 1.6, 1.8, 1.82]","[0.003337483878548328, 0.005422113465005223, 0.0032375082068645668, 0.0018809171989294113, 0.0019821982761447613, 0.005119034138361127, 0.002877162476582233, 0.0071969093261567176, 0.0045855267048856615, 0.00385853642680805, 0.008363648708692571, 0.008394860038024672, 0.0081222134070444, 0.0035211466011722784]","[0.0015772535268697868, 0.0027952629892312483, 0.0015210977383155366, 0.0014068491734047965, 0.0011432757592290585, 0.0022835508607651567, 0.0015796191711690928, 0.0035447160315017815, 0.002193230642099966, 0.0019191492327138872, 0.002446702148983251, 0.003275681702145553, 0.0034778946584142186, 0.0027873785601484537]",0.0001836627226239505,0.08047396640612982,0.5252747252747253,0.053747501767883,up,0.3263146066133073,0.32631460389868705,2378314.83789274,False,adenine::cAg@532nm
11,"[0.0, 0.2, 0.23, 0.4, 0.6, 0.61, 0.8, 1.0, 1.03, 1.2, 1.4, 1.6, 1.8, 1.82]","[0.0210809486914261, 0.026069684989597643, 0.020471675936020253, 0.027072297378389884, 0.02737066481454617, 0.024646973435360296, 0.028729833709302335, 0.02776269981126157, 0.024588174920974492, 0.02399980122449004, 0.023894832356799598, 0.023035671971857512, 0.022815783073623537, 0.022432586420330154]","[0.00390947247584359, 0.004238749190956236, 0.0035146381907516385, 0.00406760968920097, 0.00392697753323298, 0.003688225912112388, 0.0034610587475359662, 0.0030451256114838138, 0.003959531066902291, 0.003369203228224976, 0.0025077521362555214, 0.0036440983930768464, 0.0029644690496979, 0.003659964845621299]",0.0013516377289040545,0.3787851521141979,-0.178021978021978,0.5425969526062154,up,0.015914432957612024,0.1569158378652311,0.005278406497767073,False,adenine::cAg@532nm
12,"[0.0, 0.2, 0.23, 0.4, 0.6, 0.61, 0.8, 1.0, 1.03, 1.2, 1.4, 1.6, 1.8, 1.82]","[0.01572202484407904, 0.002122625045285089, 0.00047484480223113887, 0.0005391435040398334, 0.0, 0.0, 0.0, 0.0006969825595768167, 0.0, 0.0, 0.0, 0.0, 0.0, 0.0]","[0.0037227478484696164, 0.0010647132933342034, 0.00046146619988785014, 0.0005239533060791003, 0.0, 0.0, 0.0, 0.0005363582314846381, 0.0, 0.0, 0.0, 0.0, 0.0, 0.0]",-0.01572202484407904,-34.88659466175698,-0.7299897433679042,0.0030360658036046543,down,0.2504211405736795,0.9925663898709708,0.022733267038896016,True,adenine::cAg@532nm
13,"[0.0, 0.2, 0.23, 0.4, 0.6, 0.61, 0.8, 1.0, 1.03, 1.2, 1.4, 1.6, 1.8, 1.82]","[0.041491854754326735, 0.06086599608206506, 0.08949570791498557, 0.09540410702813336, 0.12048183795910254, 0.14577109838308028, 0.13640438084211592, 0.1560043476665111, 0.1768383824165188, 0.17772454201223226, 0.1650034820082215, 0.17234285662613139, 0.17047506014373845, 0.18838243914034714]","[0.006940119411490344, 0.007580914008347033, 0.009313171454760653, 0.012237379608574407, 0.013525208552276239, 0.015959942265197327, 0.014820023160175892, 0.011677524719068359, 0.018386019808939207, 0.013509242443121414, 0.01057008674073436, 0.015916199855431426, 0.011861236443619123, 0.017820168127559204]",0.1468905843860204,11.417386033608128,0.9252747252747253,2.136570349610813e-06,up,0.8098415875075232,0.9370638646820937,0.7820112096871609,True,adenine::cAg@532nm
14,"[0.0, 0.2, 0.23, 0.4, 0.6, 0.61, 0.8, 1.0, 1.03, 1.2, 1.4, 1.6, 1.8, 1.82]","[0.056551286197972735, 0.05014590602278295, 0.04265703940895209, 0.03220970206206915, 0.027002538368725792, 0.023096467712833493, 0.02524358811921812, 0.02238912965349844, 0.01787283406871665, 0.015871188013724766, 0.017590197764929302, 0.017760417232898895, 0.014239469742774461, 0.016836653367279734]","[0.008514147981284673, 0.00909742354370571, 0.009163544624966848, 0.01072521691848917, 0.010801410583219546, 0.009490499570295524, 0.011516079148111908, 0.01123118056854016, 0.009448568688179528, 0.008088639100619086, 0.006481660994430792, 0.009321916425004781, 0.007510240155563474, 0.008788125115032129]",-0.039714632830693,-4.271090422571033,-0.956043956043956,9.469782144566517e-08,down,0.7544357973443527,0.9500349299348609,0.5250294738346433,True,adenine::cAg@532nm
15,"[0.0, 0.2, 0.23, 0.4, 0.6, 0.61, 0.8, 1.0, 1.03, 1.2, 1.4, 1.6, 1.8, 1.82]","[0.021156770574181097, 0.01594438541446925, 0.009437068699927676, 0.01613711505366893, 0.01822793750080491, 0.017149208764414926, 0.01708667403396571, 0.022452643791850628, 0.02235669893001538, 0.02023180636310907, 0.02176837159636212, 0.023711371534636476, 0.024651726692054995, 0.02254834732845972]","[0.005484958732618029, 0.004253406293592704, 0.003202783190246542, 0.004463731967075676, 0.003417903314630149, 0.0029144448930556142, 0.002870373614159287, 0.0030868719675561217, 0.0030453766582037734, 0.003135971544286527, 0.00217786474081301, 0.0025997100662583936, 0.0026215953698665913, 0.004142442065393192]",0.0013915767542786242,0.4108629884143158,0.7934065934065934,0.0007075341356182062,up,0.5251946038720501,0.525194600177618,10674861.895163128,False,adenine::cAg@532nm
16,"[0.0, 0.2, 0.23, 0.4, 0.6, 0.61, 0.8, 1.0, 1.03, 1.2, 1.4, 1.6, 1.8, 1.82]","[0.02560342897944559, 0.028382861073436478, 0.025624854707414726, 0.0316644727472942, 0.031208211284007185, 0.029959251301569845, 0.03476265104835587, 0.03278962212391346, 0.032436829673731175, 0.03366611387476587, 0.0377320650581964, 0.035921052869235005, 0.03667036427457112, 0.0321234395554686]","[0.0054411464244652095, 0.005529132233013965, 0.006163326359069762, 0.006340975608935005, 0.005851262137515973, 0.005705688728046404, 0.0049439441514457375, 0.003927850461417635, 0.004917994086985745, 0.0044946458177322745, 0.003901527598114804, 0.005424953260094588, 0.004958814350955253, 0.004196764622337178]",0.006520010576023007,1.2713459624743622,0.8109890109890111,0.0004322100649076796,up,0.6694639616008919,0.762602126416708,0.8886151554681198,True,adenine::cAg@532nm
17,"[0.0, 0.2, 0.23, 0.4, 0.6, 0.61, 0.8, 1.0, 1.03, 1.2, 1.4, 1.6, 1.8, 1.82]","[0.015798220503441117, 0.011049072885312324, 0.015189148173215324, 0.012871411502433178, 0.015194701158196322, 0.01629081601263718, 0.015150846157558823, 0.021371065873127173, 0.017976162860565026, 0.017699356296371316, 0.02244899428740703, 0.02158685439571155, 0.021602486591489098, 0.014870307931587744]","[0.00445108250392398, 0.0030625002493432038, 0.00413769434950977, 0.0029432672721092837, 0.003686883572186017, 0.002893174845539676, 0.003558493905735685, 0.004737960918295091, 0.00435268561882564, 0.004072624584277897, 0.003765964582192372, 0.005567643131171002, 0.005745426276622249, 0.004487304437535472]",-0.0009279125718533732,-0.22607311227256083,0.5604395604395604,0.0371044770040744,down,0.44424458137760386,0.45652355560256364,3.8454350213705175,False,adenine::cAg@532nm
18,"[0.0, 0.2, 0.23, 0.4, 0.6, 0.61, 0.8, 1.0, 1.03, 1.2, 1.4, 1.6, 1.8, 1.82]","[0.018002444243578206, 0.00871174474171975, 0.004238360515713595, 0.005195454991493967, 0.00227088525137505, 0.0013830726923804, 0.002534929960092567, 0.003526923760972089, 0.0002967570904680111, 0.00027485860918053333, 0.0012171497677744582, 0.0005637041966719056, 0.0010661079975878389, 0.0005802814366260889]","[0.007155391309695823, 0.004380141183778822, 0.002026071702469041, 0.0023053988863432633, 0.0013957611860737202, 0.000960899574472537, 0.0019273641943569548, 0.0019121580136084054, 0.00017299019426033168, 0.00026711455466929584, 0.0006321476193056778, 0.00048633308008963244, 0.0007506594832157869, 0.00039784141373622986]",-0.017422162806952118,-9.846889753199365,-0.8373626373626375,0.00018639737783200406,down,0.5011301969731454,0.9408758667690876,0.13814074710915455,True,adenine::cAg@532nm
19,"[0.0, 0.2, 0.23, 0.4, 0.6, 0.61, 0.8, 1.0, 1.03, 1.2, 1.4, 1.6, 1.8, 1.82]","[0.048002476333872814, 0.021568237299518744, 0.020001893953451207, 0.008747044786881673, 0.0017546246189654611, 0.005576890187302688, 0.001219282034023961, 0.00028934983420143335, 0.0013658737750760722, 0.00043732626351765554, 0.001481705520265825, 0.0027043869749392557, 0.0008334628285517777, 0.0006391094384443167]","[0.012492838325197467, 0.007372319106442598, 0.007935701194041581, 0.003810020636468073, 0.0009753339552779186, 0.0027130000916745097, 0.0006508090628699817, 0.00017610816375279368, 0.0011074456631134596, 0.00042500473415398146, 0.0007674674627688666, 0.001867760859791094, 0.0007368498043438862, 0.0006211027318517342]",-0.0473633668954285,-15.919780703980692,-0.7538461538461538,0.0018447252892572188,down,0.5053000641928335,0.9721085100753936,0.16666937759403455,True,adenine::cAg@532nm
20,"[0.0, 0.2, 0.23, 0.4, 0.6, 0.61, 0.8, 1.0, 1.03, 1.2, 1.4, 1.6, 1.8, 1.82]","[0.0287336182000454, 0.016572018824637085, 0.01917285555362753, 0.012149670356457455, 0.013249123805474994, 0.011521947844909416, 0.0081526782149954, 0.010131659780200428, 0.008182616779234268, 0.006326714742526627, 0.00796816593575314, 0.008045895800610698, 0.006794216433163151, 0.007260269162352039]","[0.004800945749492722, 0.0038071700015530046, 0.004218760351828521, 0.003719073763445789, 0.004100708709269763, 0.003939433361751574, 0.0030368923631059596, 0.0037384627395948633, 0.003852137854253588, 0.002880594561949797, 0.002382588200286617, 0.0030310545793166095, 0.0025516336222839845, 0.003239132344892303]",-0.02147334903769336,-6.098081347005408,-0.9252747252747253,2.136570349610813e-06,down,0.6543364711034572,0.9568119929035754,0.262893777837858,True,adenine::cAg@532nm
21,"[0.0, 0.2, 0.23, 0.4, 0.6, 0.61, 0.8, 1.0, 1.03, 1.2, 1.4, 1.6, 1.8, 1.82]","[0.03000341231040762, 0.028150147522398868, 0.02207751216465699, 0.023523918756049977, 0.014953579265777697, 0.01004251468849284, 0.013641937387796057, 0.013633865929702643, 0.009672071595259462, 0.007615848391280695, 0.007318440551265749, 0.006686593591953217, 0.004591280965739571, 0.006422017520523583]","[0.008240687105269817, 0.006259572237118947, 0.00540205168794709, 0.005917144804032474, 0.004514175972795464, 0.0031904420726559567, 0.005655197723325276, 0.004629097692449584, 0.0030337116486923344, 0.0025603364356117132, 0.001682950479120068, 0.0032750499838245, 0.0016892590902135307, 0.002802872157351533]",-0.02358139478988404,-5.609603213902882,-0.9780219780219781,1.551963299118766e-09,down,0.8227091390254313,0.9136525606344332,0.9630567087777583,True,adenine::cAg@532nm
22,"[0.0, 0.2, 0.23, 0.4, 0.6, 0.61, 0.8, 1.0, 1.03, 1.2, 1.4, 1.6, 1.8, 1.82]","[0.08925586047580227, 0.0646806281337632, 0.05768976944485656, 0.05325076743697484, 0.03390254002859511, 0.039641988487110855, 0.03479309142695298, 0.02395518619016955, 0.027998830869623546, 0.024477688052121013, 0.036055325685126156, 0.032881106332652864, 0.03534800080570723, 0.014458308653460511]","[0.01220517857177906, 0.009969434971022146, 0.008522038955285131, 0.010646673834187565, 0.007543809626244661, 0.009171360100295133, 0.007148994349654172, 0.007764230699037073, 0.008888216588672901, 0.007703999107838574, 0.0073852657331033794, 0.011249588097253646, 0.01089524488763926, 0.007323410710941439]",-0.07479755182234175,-8.283394742966149,-0.745054945054945,0.002230037316742074,down,0.6190516719828167,0.8946584876833183,0.3202214079657387,True,adenine::cAg@532nm
23,"[0.0, 0.2, 0.23, 0.4, 0.6, 0.61, 0.8, 1.0, 1.03, 1.2, 1.4, 1.6, 1.8, 1.82]","[0.05419874802797483, 0.05292967610769858, 0.046491668116414336, 0.03543195863999184, 0.028372897683728377, 0.02683255177128991, 0.0257305448823428, 0.017648461608467152, 0.011679071011283794, 0.015193102138908085, 0.013297110511787592, 0.012601499872155657, 0.01611419764931202, 0.01347880267097766]","[0.00757409240088871, 0.009722746565153647, 0.007725643128751381, 0.007004860066224602, 0.004209978145670322, 0.004295934316741001, 0.0035098871223434715, 0.004825176882254518, 0.0036774002995237287, 0.003949680702149059, 0.0025456540683885904, 0.0035714638781058636, 0.004303273299195251, 0.003421714804923771]",-0.04071994535699717,-8.104909550251234,-0.8857142857142857,2.5040044989174716e-05,down,0.7882094431474752,0.9282105717519993,0.804693999314294,True,adenine::cAg@532nm
0,"[0.0, 0.2, 0.23, 0.4, 0.6, 0.61, 0.8, 1.0, 1.03, 1.2, 1.4, 1.6, 1.8, 1.82]","[0.030752976177744643, 0.03888182528853215, 0.049229155602991403, 0.05410621621897205, 0.06112914016522112, 0.06118573984010323, 0.0638774237516566, 0.06847940877740064, 0.07018696973671217, 0.0684085189251527, 0.07003733946586677, 0.07160794691055289, 0.07064275063524286, 0.07039618338317992]","[0.008022470642895322, 0.006296607000601373, 0.007303281068648869, 0.006009205020969793, 0.005697065151283927, 0.005198470862947007, 0.004567398294162469, 0.004708416015161361, 0.004956537904371857, 0.003543850071063557, 0.0032423764029944537, 0.004513510456372411, 0.0038426520762182767, 0.0042239507149590405]",0.03964320720543528,7.6949559956125855,0.9604395604395607,5.08105389232908e-08,up,0.7458108593446051,0.9637219306834638,0.46994279185173277,True,adenine::cAg@785nm
1,"[0.0, 0.2, 0.23, 0.4, 0.6, 0.61, 0.8, 1.0, 1.03, 1.2, 1.4, 1.6, 1.8, 1.82]","[0.039221609934335676, 0.03235976605301754, 0.036122457630325656, 0.04421401670990821, 0.0556403445566666, 0.04822984599149865, 0.053318496424844465, 0.05790409156498461, 0.0525816044432203, 0.0527090320387357, 0.05554071369152654, 0.053833374297804236, 0.05798838547526194, 0.0536478614755539]","[0.011040557926910494, 0.006225613922008453, 0.004799101934027996, 0.004444053427367237, 0.005668234638915706, 0.004869016560630139, 0.005118928847207269, 0.005935012127066651, 0.0040037316405303475, 0.0038056189976761697, 0.0035826563782531944, 0.00428571558116412, 0.005422145983522875, 0.0046500242198047595]",0.014426251541218224,2.7348186328793838,0.7142857142857143,0.004104409161880231,up,0.6117573360247865,0.7364658428532928,0.8444031502538045,True,adenine::cAg@785nm
2,"[0.0, 0.2, 0.23, 0.4, 0.6, 0.61, 0.8, 1.0, 1.03, 1.2, 1.4, 1.6, 1.8, 1.82]","[0.0089915971388411, 0.005651799512304358, 0.0018627560232606002, 0.00019233685590072083, 0.0, 0.0, 0.0, 0.0, 0.0, 0.0, 0.0, 0.0, 0.0, 0.0]","[0.0027532494404405956, 0.0020612378129367796, 0.0007160933889810754, 0.00017116407458179125, 0.0, 0.0, 0.0, 0.0, 0.0, 0.0, 0.0, 0.0, 0.0, 0.0]",-0.0089915971388411,-22.0778125124397,-0.7983499466791725,0.0006189205605630886,down,0.40270653691370095,0.8859730087759883,0.14319004470972424,True,adenine::cAg@785nm
3,"[0.0, 0.2, 0.23, 0.4, 0.6, 0.61, 0.8, 1.0, 1.03, 1.2, 1.4, 1.6, 1.8, 1.82]","[0.04502312133253697, 0.09878629422947922, 0.1243948376978329, 0.14656981370635438, 0.19268294229028093, 0.19024703200337215, 0.21242735270186838, 0.2294029576391965, 0.24969845311597508, 0.2564289922158019, 0.2615987764664402, 0.27298366332618945, 0.28015344923240043, 0.29744616127496376]","[0.0047147532316938025, 0.006472821544216176, 0.006107174256624132, 0.009024462107855832, 0.008223678595812682, 0.010951723286585209, 0.008210141386613024, 0.012291012838724363, 0.01017388344411772, 0.014043766017088944, 0.009899030072838044, 0.014183742269758694, 0.00982755807389767, 0.010586276876959918]",0.25242303994242676,26.233550309895115,0.9956043956043955,1.0315953358848784e-13,up,0.9005221833986755,0.9917526131774443,0.9443751603157922,True,adenine::cAg@785nm
4,"[0.0, 0.2, 0.23, 0.4, 0.6, 0.61, 0.8, 1.0, 1.03, 1.2, 1.4, 1.6, 1.8, 1.82]","[0.01700182855873172, 0.009959772323819317, 0.008463509773552837, 0.004171996732183609, 0.001948724615866096, 0.002580868913158704, 0.0009191338322511251, 0.00018647523729033332, 7.73926329136375e-05, 0.00015731259450939584, 0.0005250882860203437, 0.00027272344865274164, 0.0, 0.0008348324237051458]","[0.0032623791229077718, 0.0019162888399004879, 0.0017515566730648081, 0.0012808665925897438, 0.0006682598665693041, 0.0009680521021996289, 0.0004832526271023259, 9.740889631287291e-05, 3.806380603845896e-05, 0.00011762397449698012, 0.000493541192275308, 0.00023811249281859543, 0.0, 0.0008172550356833842]",-0.016166996135026576,-18.65523816880132,-0.832967032967033,0.00021655091041647006,down,0.596492842396745,0.9686107707523486,0.25306041031763576,True,adenine::cAg@785nm
5,"[0.0, 0.2, 0.23, 0.4, 0.6, 0.61, 0.8, 1.0, 1.03, 1.2, 1.4, 1.6, 1.8, 1.82]","[0.03583507799407757, 0.028877740672388352, 0.026856369683523628, 0.024595639952305504, 0.01870640112464719, 0.01856195469559701, 0.013482526468474887, 0.013004439939492173, 0.011271871568180755, 0.011349507242510035, 0.010440933846634566, 0.009098271055096217, 0.008303581567672646, 0.0049008465283908245]","[0.0032789791030303187, 0.002742358617267945, 0.0025891254088409002, 0.002789288769542178, 0.002004179744332818, 0.0022664730502186046, 0.001769057623970634, 0.002283237651390763, 0.001672099710882324, 0.0019545515895576736, 0.0011689533432656537, 0.0017887815322622572, 0.0014157516477245127, 0.000999625003701548]",-0.030934231465686746,-15.078060419222123,-0.9956043956043955,1.0315953358848784e-13,down,0.8849963394406564,0.98290899055351,0.90571604178715,True,adenine::cAg@785nm
6,"[0.0, 0.2, 0.23, 0.4, 0.6, 0.61, 0.8, 1.0, 1.03, 1.2, 1.4, 1.6, 1.8, 1.82]","[0.02128517892858761, 0.02570887904193399, 0.02452311652232013, 0.02551670348087097, 0.02632942356077121, 0.02417402592525543, 0.028894242911758725, 0.0268185596279068, 0.0273568744546184, 0.02790285506215966, 0.02651942630194444, 0.02928368980075402, 0.028356764536947132, 0.028786063305426896]","[0.003494787000950951, 0.003177324515075287, 0.003364822309843446, 0.0032825917079806876, 0.003103360934893103, 0.0030384092346030134, 0.00324412937715848, 0.002772621192863288, 0.0027725317112487643, 0.0028454913861626434, 0.001967945036671672, 0.002760889571787649, 0.00244955584662593, 0.0022433703814971574]",0.007500884376839285,2.5917563811716646,0.8021978021978022,0.0005563056127922433,up,0.6469856486832622,0.7605836292193688,0.42756162234746337,True,adenine::cAg@785nm
7,"[0.0, 0.2, 0.23, 0.4, 0.6, 0.61, 0.8, 1.0, 1.03, 1.2, 1.4, 1.6, 1.8, 1.82]","[0.05010592819732638, 0.040527801152615624, 0.03308196905680376, 0.03259934327604622, 0.025743246778042194, 0.03200558422639833, 0.024575831293134027, 0.022014153731191644, 0.019812321301860423, 0.022878041726655498, 0.021129447450072558, 0.017398646895249833, 0.016193603389333493, 0.015520198579383741]","[0.0069683557268013984, 0.0054417012301009125, 0.004059776334250852, 0.004186506529113647, 0.0037981655271762016, 0.004940705905301884, 0.0035314527071002486, 0.004427540506913705, 0.002892740536332789, 0.004475937255212496, 0.0028503055298664047, 0.0034604315577705814, 0.0031248419188404032, 0.003047053241721691]",-0.03458572961794264,-8.464220632034756,-0.9736263736263736,4.5902787925115095e-09,down,0.824972335820296,0.9500819093019064,0.6012179649580416,True,adenine::cAg@785nm
8,"[0.0, 0.2, 0.23, 0.4, 0.6, 0.61, 0.8, 1.0, 1.03, 1.2, 1.4, 1.6, 1.8, 1.82]","[0.06684747074948323, 0.05096572909375529, 0.03641902830304777, 0.03651264519922679, 0.026483654263080334, 0.035534622233021514, 0.02537135200145822, 0.02170824790652523, 0.015877584089146666, 0.02021534484356488, 0.016097356553776917, 0.012215479205334034, 0.00914201995115061, 0.009380780988262687]","[0.01062364791120134, 0.008775206786813601, 0.007852296211110506, 0.006992150027504056, 0.005645305919961167, 0.006840526813500957, 0.004711612840733518, 0.005047400367914022, 0.0037653756659881722, 0.005159833931126042, 0.003317775050467886, 0.003271892757792189, 0.002933611325807545, 0.003323516071645802]",-0.057466689761220546,-10.280244740736416,-0.9736263736263736,4.5902787925115095e-09,down,0.8280818736987005,0.9489154015765251,0.5969125279123327,True,adenine::cAg@785nm
9,"[0.0, 0.2, 0.23, 0.4, 0.6, 0.61, 0.8, 1.0, 1.03, 1.2, 1.4, 1.6, 1.8, 1.82]","[0.0704569163156956, 0.0711399558441676, 0.07324345895277636, 0.07032443843591651, 0.06831350296278678, 0.06510456180567385, 0.06094139638873869, 0.060515389462106994, 0.060270986018553484, 0.05754635021426593, 0.05434678474812978, 0.05400263459561303, 0.05176270573960753, 0.04572287371655398]","[0.007712317865552787, 0.004872960853998888, 0.005394738467443926, 0.004726549427606386, 0.005651910238914642, 0.004915715782209765, 0.003976389489015319, 0.0042788697594667415, 0.004838884310850146, 0.004214526375993744, 0.0034993612257264444, 0.0046231397059331315, 0.003902064402207651, 0.004381384807601553]",-0.024734042599141623,-5.169169447824631,-0.9824175824175824,4.1071830416421485e-10,down,0.9416044294016329,0.9416044250453639,12400708.78810519,True,adenine::cAg@785nm
10,"[0.0, 0.2, 0.23, 0.4, 0.6, 0.61, 0.8, 1.0, 1.03, 1.2, 1.4, 1.6, 1.8, 1.82]","[0.012618527630743207, 0.015271727148804032, 0.009489694379117298, 0.011285959705166984, 0.010098496619840224, 0.008051032138252088, 0.008975268608059016, 0.009097541137052847, 0.0049561243079969544, 0.006325753990418646, 0.004650272797093742, 0.00592636369997215, 0.007065060610492921, 0.0030530794474013918]","[0.0046781337058301635, 0.00468778790870454, 0.003784423333132835, 0.0043198198966434955, 0.002911478167931964, 0.002996676175316253, 0.003154054076359495, 0.002761066318233095, 0.0017769409996030885, 0.002165398845098051, 0.0012392290910755509, 0.0020069195465923484, 0.0025362434263502404, 0.0010761918793793027]",-0.009565448183341815,-3.340026291720139,-0.8989010989010989,1.2358700865600784e-05,down,0.7086446888540985,0.7340763195777698,2.2747325486787857,True,adenine::cAg@785nm
11,"[0.0, 0.2, 0.23, 0.4, 0.6, 0.61, 0.8, 1.0, 1.03, 1.2, 1.4, 1.6, 1.8, 1.82]","[0.0487108409702251, 0.04221597648991431, 0.0392191880181392, 0.03612995837321056, 0.026052566648661558, 0.028450550061284673, 0.019656274952600184, 0.017538463539895337, 0.017306940923300356, 0.014154278837742998, 0.014819596309432725, 0.010767139384835867, 0.010470120750529216, 0.00585131224631875]","[0.00470398679324377, 0.004617766181358023, 0.005243257323394365, 0.004702299642338745, 0.004083561078857818, 0.004711107179077276, 0.003072283440799268, 0.0037134921262535615, 0.004274571182708346, 0.004372241742352102, 0.0031639507176305505, 0.00416035031567956, 0.0027377956239800477, 0.002497667507094849]",-0.04285952872390635,-10.7044940706973,-0.9912087912087912,6.540154944134379e-12,down,0.9167920717536852,0.9807271037408388,1.320519339344155,True,adenine::cAg@785nm
12,"[0.0, 0.2, 0.23, 0.4, 0.6, 0.61, 0.8, 1.0, 1.03, 1.2, 1.4, 1.6, 1.8, 1.82]","[0.013891873775535357, 0.013705495578149254, 0.012290999095308947, 0.010038447829706742, 0.007996144772920486, 0.006057804141494458, 0.004916465757212429, 0.004780149905445666, 0.0024146367090685417, 0.0029705218373469997, 0.0018381507529021083, 0.0004942282300609791, 0.00013656067983747083, 0.002093486525063496]","[0.005867809384038668, 0.00513692000835369, 0.004952952310438359, 0.004183484898759952, 0.0036320014073464827, 0.0021531186940655085, 0.002527027410031869, 0.001856449075091455, 0.0010877562007485914, 0.0013162826522335879, 0.0006156020229905135, 0.0003647084863295462, 0.00011248779930020939, 0.0020494081879931006]",-0.01179838725047186,-4.6066855667784905,-0.9692307692307693,1.1465229425475094e-08,down,0.8862429622587539,0.9506318851840493,1.422564582059249,True,adenine::cAg@785nm
13,"[0.0, 0.2, 0.23, 0.4, 0.6, 0.61, 0.8, 1.0, 1.03, 1.2, 1.4, 1.6, 1.8, 1.82]","[0.07936830536573891, 0.11960333016355253, 0.14559288104992807, 0.16516024471778104, 0.2039951823344656, 0.20068446572541468, 0.22105852351795854, 0.23670094863046756, 0.2498736457233198, 0.254864857535519, 0.261138717058034, 0.2704624347365486, 0.27429962880303294, 0.28451276475265036]","[0.008361636191904546, 0.008945467226587492, 0.009369015244448721, 0.00940604217964344, 0.01060667530721874, 0.012042558117700634, 0.01117830195259742, 0.011867467243154118, 0.011975729178655891, 0.01248043849231399, 0.009311148469796674, 0.011563488183168973, 0.009669005559966819, 0.013364220403227055]",0.20514445938691145,19.128808635878347,0.9956043956043955,1.0315953358848784e-13,up,0.8889364764145007,0.9916223817289307,0.8818454562358005,True,adenine::cAg@785nm
14,"[0.0, 0.2, 0.23, 0.4, 0.6, 0.61, 0.8, 1.0, 1.03, 1.2, 1.4, 1.6, 1.8, 1.82]","[0.054724137222801394, 0.058044369411102505, 0.05062163038903305, 0.04718945257395302, 0.037738228831711663, 0.0327357487692811, 0.03568690671225838, 0.030052675377015878, 0.027807424815713102, 0.02520367571543063, 0.02052127232581793, 0.021444275565355105, 0.01934941519996959, 0.016263593062319778]","[0.005961658055380605, 0.007585827016965944, 0.006124921392043512, 0.0060724676752435475, 0.005461242169066221, 0.005268009729458946, 0.005915749477901366, 0.004675200345693217, 0.0047852362614939446, 0.0044151540051701865, 0.0029447546058210964, 0.004290404628389823, 0.0039939127967325554, 0.0036435519120784307]",-0.03846054416048161,-7.569046508549264,-0.9868131868131869,7.37950410933089e-11,down,0.9127715212040244,0.9484100457055251,2.0631352383387678,True,adenine::cAg@785nm
15,"[0.0, 0.2, 0.23, 0.4, 0.6, 0.61, 0.8, 1.0, 1.03, 1.2, 1.4, 1.6, 1.8, 1.82]","[0.013988450773656375, 0.018215091372060007, 0.02147776141859062, 0.0248592273894845, 0.03253824139106295, 0.031417490698868934, 0.03676352356356112, 0.039961523923259946, 0.03865800872603836, 0.035673292849322885, 0.040862582728916845, 0.04239192458202665, 0.04275200190760414, 0.045148701755424465]","[0.0037485300328811426, 0.00384777112009483, 0.003900326034834326, 0.004880762102806445, 0.003525238203693024, 0.0038374272690094593, 0.0034982549743386667, 0.0035558580773031763, 0.0032044358618185716, 0.0038100800530138056, 0.002523290517764951, 0.003425473276616907, 0.003917605534007415, 0.003398060460528445]",0.03116025098176809,8.541546894400211,0.9648351648351648,2.5304057544450234e-08,up,0.8688792105864338,0.9643143693114701,0.9591019754936431,True,adenine::cAg@785nm
16,"[0.0, 0.2, 0.23, 0.4, 0.6, 0.61, 0.8, 1.0, 1.03, 1.2, 1.4, 1.6, 1.8, 1.82]","[0.03026481126856957, 0.019032636861470883, 0.022953112712460883, 0.01741551432736892, 0.01226960535442997, 0.01579244443007967, 0.007047176192240133, 0.00836076650988838, 0.009040289034376975, 0.007751233551147825, 0.009032901035542953, 0.008158720387707638, 0.0054445378041317214, 0.004194934892667104]","[0.006482278311920363, 0.005152376297142457, 0.006222222402074638, 0.005482222690506056, 0.0041137952949398355, 0.005356023194768151, 0.002048130009469326, 0.003790467612395834, 0.00399010098891601, 0.003732147227348525, 0.0027710454704752805, 0.004296363698648602, 0.0020855355413587117, 0.002572081054860085]",-0.026069876375902464,-6.282459797121359,-0.8945054945054945,1.5798308486800476e-05,down,0.7679453487791763,0.9363289276360228,0.5153456142336962,True,adenine::cAg@785nm
17,"[0.0, 0.2, 0.23, 0.4, 0.6, 0.61, 0.8, 1.0, 1.03, 1.2, 1.4, 1.6, 1.8, 1.82]","[0.04308977175809529, 0.0285542683459384, 0.026964763762151706, 0.024052272718896938, 0.012307709716355192, 0.014602156011483838, 0.013832053842247895, 0.007866829145181583, 0.005701283598071674, 0.004131046485431109, 0.006514036300303107, 0.005562902293612712, 0.0037049510143463663, 0.00159589612049325]","[0.009221769276950568, 0.006981200362690838, 0.005814753583266565, 0.005474877958534741, 0.004390837846961041, 0.0041103537146805705, 0.0038422337966973912, 0.0023659726674727013, 0.0023537139834510054, 0.0023454805250554883, 0.0032857101145882684, 0.0027103744935796335, 0.0026845250491055878, 0.0008551540306042454]",-0.04149387563760204,-10.293150827880451,-0.9648351648351648,2.5304057544450234e-08,down,0.7958318284477323,0.9743706687106177,0.5195420532240852,True,adenine::cAg@785nm
18,"[0.0, 0.2, 0.23, 0.4, 0.6, 0.61, 0.8, 1.0, 1.03, 1.2, 1.4, 1.6, 1.8, 1.82]","[0.08824937028426731, 0.06732096279737669, 0.06205046800844433, 0.04853464577096476, 0.036892818636199164, 0.032875222662364874, 0.03302744534004279, 0.02108628956748763, 0.019318690030376524, 0.015653479817387142, 0.012057866904304722, 0.00667972804514608, 0.007830165293478726, 0.004682174963184792]","[0.01644244574839483, 0.01387647144468801, 0.012662992833781106, 0.011135957576050159, 0.009204493166167123, 0.009113392635066954, 0.008183981762105986, 0.005439201587544965, 0.006192093571377336, 0.005141339394582645, 0.0031391984632174134, 0.002470921726156303, 0.0026967612159339133, 0.0018733820884767392]",-0.08356719532108252,-10.875819874291045,-0.9912087912087912,6.540154944134379e-12,down,0.8815002579840256,0.993570809104582,0.7953619443570504,True,adenine::cAg@785nm
19,"[0.0, 0.2, 0.23, 0.4, 0.6, 0.61, 0.8, 1.0, 1.03, 1.2, 1.4, 1.6, 1.8, 1.82]","[0.031076044536220825, 0.0188581239248556, 0.014398346557081878, 0.008561523774966317, 0.003820921766163767, 0.005196799987824813, 0.004096938384961584, 0.0012685310478848875, 0.0, 0.0, 0.0003941703356969625, 0.0, 0.0, 0.0019240997533117084]","[0.008189662653733304, 0.006485616566517061, 0.004874434984109691, 0.004039887438137442, 0.001961529992381041, 0.002630468913401332, 0.0020973075525005927, 0.0009387807003163846, 0.0, 0.0, 0.0003353470079978683, 0.0, 0.0, 0.0018835878529635725]",-0.02915194478290912,-12.20598886424049,-0.860053091335668,7.967760682118349e-05,down,0.6254227282102163,0.9721723420523156,0.2669440928839216,True,adenine::cAg@785nm
20,"[0.0, 0.2, 0.23, 0.4, 0.6, 0.61, 0.8, 1.0, 1.03, 1.2, 1.4, 1.6, 1.8, 1.82]","[0.027021838793603422, 0.03171411347489359, 0.030662949567851764, 0.03241529134870836, 0.03345108481750164, 0.03597012051726396, 0.03488897094405899, 0.03734695858951944, 0.037157273619472596, 0.03569108801218562, 0.037457555947941285, 0.03849353985272949, 0.03687540964269176, 0.04034945831566758]","[0.004902046003163747, 0.005237832249729805, 0.004574323907747842, 0.004910870732860681, 0.0047326336606472764, 0.004558094703820121, 0.004137378234477993, 0.0054364761081322575, 0.004661304136324625, 0.004395073723234225, 0.003357752349544832, 0.004536738682907149, 0.003970193379425448, 0.004512618925762593]",0.013327619522064158,2.9189125879706284,0.9032967032967033,9.55865940105556e-06,up,0.8025438240498544,0.9121522380373428,0.6895741242482921,True,adenine::cAg@785nm
21,"[0.0, 0.2, 0.23, 0.4, 0.6, 0.61, 0.8, 1.0, 1.03, 1.2, 1.4, 1.6, 1.8, 1.82]","[0.02038720270216306, 0.02493105091810134, 0.011573050700407017, 0.02207961379980528, 0.012596771839923663, 0.009129548829808272, 0.014131021719728692, 0.009247566117162659, 0.003691162444843983, 0.0027059999092909418, 0.0029486440439276972, 0.004661949838974912, 0.008185930501986046, 0.0014377010675570916]","[0.006172040359744697, 0.00604757031009133, 0.003475130731282506, 0.005801999864158724, 0.003623034935241669, 0.00219585353750052, 0.004631141255336711, 0.002759209485413704, 0.0010474461981742635, 0.0009306351344250418, 0.0015328889171996518, 0.0018790435663027386, 0.0036763467875430013, 0.0010534468198822153]",-0.01894950163460597,-5.918310696654611,-0.8549450549450549,9.766040002967746e-05,down,0.6489064356054077,0.6908297424286943,1.734470107874714,True,adenine::cAg@785nm
22,"[0.0, 0.2, 0.23, 0.4, 0.6, 0.61, 0.8, 1.0, 1.03, 1.2, 1.4, 1.6, 1.8, 1.82]","[0.05995141034845216, 0.041057053632740946, 0.044855465092873685, 0.028647432441324228, 0.017082975014180858, 0.019162183032797188, 0.010844454001562262, 0.009684738515452389, 0.006889566006305519, 0.008705748166938289, 0.007324788480994206, 0.00502664444351772, 0.0016469115120158375, 0.0016650707596273248]","[0.0060301108187819944, 0.0069612349125571, 0.00786369033942151, 0.006942863547585636, 0.0050514458177539035, 0.004909504131261092, 0.004960551984973559, 0.00435404358018729, 0.0033773309484298165, 0.004031597813886283, 0.0025327421246613704, 0.00276931939672184, 0.0009683034728400222, 0.0012058887007190175]",-0.058286339588824836,-13.17021699162206,-0.9736263736263736,4.5902787925115095e-09,down,0.790527911754513,0.977148880216684,0.5347350641944445,True,adenine::cAg@785nm
23,"[0.0, 0.2, 0.23, 0.4, 0.6, 0.61, 0.8, 1.0, 1.03, 1.2, 1.4, 1.6, 1.8, 1.82]","[0.09113570924256664, 0.09861623666902564, 0.09365303000217566, 0.08482726466097655, 0.07618187193921999, 0.08225019735970174, 0.07126722068932217, 0.0669732941081901, 0.07005089669993399, 0.06857306842848156, 0.06420357816867893, 0.059233719404265084, 0.059696045752265996, 0.060591924662891504]","[0.007943966318757316, 0.00658912620702215, 0.006812154783111263, 0.005742921107610067, 0.006350116595739228, 0.005240953486470982, 0.0051303023549978755, 0.005410819988877035, 0.0039023200615804486, 0.004037941078970995, 0.003091094954871852, 0.002848048364480315, 0.004567828773850261, 0.003980031569344625]",-0.03054378457967514,-5.968277339352778,-0.9516483516483516,1.6616136985679422e-07,down,0.8905534131468424,0.9199415157527262,2.454749945576825,True,adenine::cAg@785nm
0,"[0.0, 0.09, 0.1, 0.2, 0.28, 0.3, 0.4, 0.5, 0.51, 0.6, 0.7, 0.8, 0.89, 0.9]","[0.04382045184381968, 0.05452928740738857, 0.05692408827776149, 0.05506670864457223, 0.06340325340575956, 0.06689211598105735, 0.06861213644912714, 0.07296485625198705, 0.07073050171908693, 0.07416591750527614, 0.07193559773866072, 0.07320896894119087, 0.07336930251390857, 0.06867837649448595]","[0.0040862852393280654, 0.005212917537478916, 0.0052568519067721815, 0.005666206038724201, 0.004626332375506817, 0.004036582823195235, 0.0038136021205926575, 0.004104140707475442, 0.00445992781796362, 0.0034565562654791343, 0.0027692103124101453, 0.0032105578032399287, 0.0032731470807444464, 0.0035522836332283485]",0.024857924650666274,6.049774363610003,0.8593406593406594,8.200994666805763e-05,up,0.703387887043962,0.9145990197454388,0.2246170738127321,True,adenine::cAu@785nm
1,"[0.0, 0.09, 0.1, 0.2, 0.28, 0.3, 0.4, 0.5, 0.51, 0.6, 0.7, 0.8, 0.89, 0.9]","[0.01479922629651031, 0.05324931939304148, 0.05094475411779867, 0.06954731009362485, 0.08544179682988469, 0.09031861029247712, 0.10939466755054796, 0.11247406549505651, 0.10897847514621743, 0.11700373819438761, 0.11459681175237739, 0.12328088780894715, 0.12206530273262618, 0.11264693221202894]","[0.0035762922702425623, 0.005298234989590981, 0.005158033633129403, 0.0063322062934865276, 0.006901795320734387, 0.007128524825205081, 0.0075259020989751615, 0.008592315875555716, 0.007467535220336198, 0.008517407372124497, 0.005906294160326897, 0.007814662590688286, 0.006640624498277066, 0.00780044594634684]",0.09784770591551863,14.471410302182713,0.9296703296703297,1.4995250703291503e-06,up,0.7788851469964881,0.9767850035860425,0.24032322557224509,True,adenine::cAu@785nm
2,"[0.0, 0.09, 0.1, 0.2, 0.28, 0.3, 0.4, 0.5, 0.51, 0.6, 0.7, 0.8, 0.89, 0.9]","[0.0, 0.00185489942253628, 0.0, 0.0, 0.0, 0.0, 0.0, 0.0, 0.0, 0.0, 0.0, 0.0, 0.0, 0.0]","[0.0, 0.001792003090550831, 0.0, 0.0, 0.0, 0.0, 0.0, 0.0, 0.0, 0.0, 0.0, 0.0, 0.0, 0.0]",0.0,0.0,-0.3784115038845798,0.18215743202537457,flat,0.1168121849050405,0.14090074413158993,0.5509415685461366,False,adenine::cAu@785nm
3,"[0.0, 0.09, 0.1, 0.2, 0.28, 0.3, 0.4, 0.5, 0.51, 0.6, 0.7, 0.8, 0.89, 0.9]","[0.009593930244160399, 0.03761989226744619, 0.03570602400546086, 0.0650917429748956, 0.07918367135850529, 0.08624755898821107, 0.11097215143126711, 0.11481725492434394, 0.11490904886392576, 0.11838573222620698, 0.14343521614948102, 0.15680116420517384, 0.15703881586601717, 0.17216383189832055]","[0.002299636823599719, 0.004606436613758353, 0.0022511994922347054, 0.004395887216845615, 0.003730512764848044, 0.005114764961612793, 0.008862388695642166, 0.006946807075396498, 0.003417347217840342, 0.005496521635590319, 0.004492995948156908, 0.0064495944526076765, 0.006896642845479778, 0.010467614630382132]",0.16256990165416016,30.174041848147468,0.9956043956043955,1.0315953358848784e-13,up,0.961642494875145,0.9877175089098521,1.0842367162396374,True,adenine::cAu@785nm
4,"[0.0, 0.09, 0.1, 0.2, 0.28, 0.3, 0.4, 0.5, 0.51, 0.6, 0.7, 0.8, 0.89, 0.9]","[0.007628687841498027, 0.006558268864905761, 0.004589214398973299, 0.005463956079379126, 0.005183295177824393, 0.0021342689513826666, 0.0022922581844749467, 0.0017166960062611333, 0.0035788830238187796, 0.00157942171465899, 0.0028671481919951398, 0.0003777516214329134, 0.0024706527298943267, 0.0010221086510049668]","[0.002095348422114948, 0.0027737002476057554, 0.0017330693691697712, 0.002349597014352655, 0.0024568602657961203, 0.0008829085774464751, 0.001011877490056931, 0.0009120443734709412, 0.0018607433076608274, 0.0008880235779420093, 0.0012795193999507798, 0.00022080720938719798, 0.0013418376521429727, 0.0007123500796335566]",-0.00660657919049306,-4.507698061720172,-0.7934065934065934,0.0007075341356182062,down,0.6821842497495427,0.7827419239687708,0.35675356090215066,True,adenine::cAu@785nm
5,"[0.0, 0.09, 0.1, 0.2, 0.28, 0.3, 0.4, 0.5, 0.51, 0.6, 0.7, 0.8, 0.89, 0.9]","[0.032567036634586786, 0.02760617263715934, 0.026849104932399056, 0.02372161667808742, 0.022157972550738213, 0.02073340574986426, 0.01742501202514568, 0.01661134806109322, 0.016516258338727545, 0.016158068164691033, 0.013857788779725773, 0.012159105952469664, 0.011585611657069594, 0.011586198007070616]","[0.003200613990494852, 0.0037577067609104826, 0.0033948462151621585, 0.0027512334851306215, 0.0033932509134624884, 0.0026834098500823187, 0.0027192692094095638, 0.0028788435093595496, 0.0031948331450874345, 0.0029184914121578817, 0.0021313324645488483, 0.00253260116101896, 0.002462393561907158, 0.002390977397600401]",-0.020980838627516173,-7.2688213418629815,-0.9956043956043955,1.0315953358848784e-13,down,0.931804328038191,0.9934241216318074,0.5969814141441194,True,adenine::cAu@785nm
6,"[0.0, 0.09, 0.1, 0.2, 0.28, 0.3, 0.4, 0.5, 0.51, 0.6, 0.7, 0.8, 0.89, 0.9]","[0.10791380345518267, 0.09084259571113068, 0.10153567614792845, 0.0846219424923973, 0.08428755662047964, 0.07883217427236917, 0.07336893548461934, 0.07078485561701282, 0.06870970050110088, 0.06669296991394386, 0.061618442582196904, 0.057968142340323325, 0.056130335467607276, 0.05648509671895645]","[0.005804395581487326, 0.008009238018732951, 0.006484626747056, 0.004531905498589739, 0.005286033703126805, 0.004224164638412109, 0.003991097372697467, 0.0043562845370747685, 0.003386813495531888, 0.003912999857213667, 0.002589264864801931, 0.00297106389103126, 0.002754867232059633, 0.003389512578110922]",-0.05142870673622622,-11.670858505789939,-0.9912087912087912,6.540154944134379e-12,down,0.9254097012216699,0.9742566510029614,0.7031920100444955,True,adenine::cAu@785nm
7,"[0.0, 0.09, 0.1, 0.2, 0.28, 0.3, 0.4, 0.5, 0.51, 0.6, 0.7, 0.8, 0.89, 0.9]","[0.0008004990561906867, 0.00411582215864882, 0.0010802209359728468, 0.00168101007686242, 0.0013295804481479067, 0.0011389846104670133, 0.0015469659110069602, 0.0011689232786153934, 0.0011381546492754133, 0.0010032636755079867, 0.0012886729280233164, 0.0004957866784486933, 0.001327510108131613, 0.0006547747269483666]","[0.0004478428876988367, 0.0029807088349191177, 0.0006978131587195655, 0.0012710247286553708, 0.0005951720825240444, 0.0005855613257791476, 0.000687536062123626, 0.0006782515411243075, 0.0006177132917116391, 0.000638682493904193, 0.0005866420799202505, 0.00031728877553471776, 0.0007072231762838604, 0.0004361646563402811]",-0.0001457243292423201,-0.18138389684427708,-0.35824175824175825,0.20849812479076696,down,0.17796378118427036,0.178331744574597,7.181724028906271,False,adenine::cAu@785nm
8,"[0.0, 0.09, 0.1, 0.2, 0.28, 0.3, 0.4, 0.5, 0.51, 0.6, 0.7, 0.8, 0.89, 0.9]","[0.0695736062180605, 0.07450162970442896, 0.06091236819898856, 0.061625341582888654, 0.05569334443640133, 0.04967439874519696, 0.04705333821512341, 0.04074929609426543, 0.04393731450018888, 0.04227773078150687, 0.0349598288223414, 0.030493738160931837, 0.031401804976212706, 0.028734831161765933]","[0.0061797740327735684, 0.009093327768695243, 0.004371307808299934, 0.005297532659568995, 0.005946979729129766, 0.004297762575217768, 0.004789805654344721, 0.003688864360214066, 0.004994415219272238, 0.003604585463329404, 0.0032288379362899163, 0.003646501066437648, 0.004690546024264738, 0.004269897639980422]",-0.04083877505629456,-8.395617843998007,-0.9736263736263736,4.5902787925115095e-09,down,0.929503987216583,0.9472784210970933,1.5095046430744183,True,adenine::cAu@785nm
9,"[0.0, 0.09, 0.1, 0.2, 0.28, 0.3, 0.4, 0.5, 0.51, 0.6, 0.7, 0.8, 0.89, 0.9]","[0.046563293764322805, 0.04019310896888143, 0.03913528025629433, 0.039214514849490574, 0.0331908871304679, 0.030312987038269835, 0.022652350139503306, 0.0224420329608373, 0.023979219099855554, 0.023117966054242756, 0.019466964019924236, 0.016491821572783165, 0.014753735223600236, 0.011978059912524121]","[0.0034249868552537087, 0.0039033714553382954, 0.0038571057760066287, 0.004097564641922704, 0.004036680711277527, 0.0029836274450288293, 0.002774119489080574, 0.0029527570917841383, 0.0035760976372102215, 0.0034491328314625648, 0.0023769040024908127, 0.0031267185671282754, 0.0026865939951609976, 0.0034302681755863334]",-0.03458523385179868,-10.373508196703296,-0.9604395604395607,5.08105389232908e-08,down,0.9390094387077661,0.9649324814086158,1.1239243908659564,True,adenine::cAu@785nm
10,"[0.0, 0.09, 0.1, 0.2, 0.28, 0.3, 0.4, 0.5, 0.51, 0.6, 0.7, 0.8, 0.89, 0.9]","[0.02990442387517149, 0.01928830515604577, 0.020747907995905795, 0.014553093244737128, 0.01307786502431802, 0.011222796599526293, 0.008681392097962086, 0.0068587178337323135, 0.006801975458517474, 0.006178661881131471, 0.004369319658676147, 0.004319630903951414, 0.0028970858519169465, 0.0039016881069147066]","[0.0014642731195099335, 0.001683376484838204, 0.0015628052025129218, 0.0011572289847236277, 0.0016370029498224477, 0.0018048317290084897, 0.00196641572805231, 0.0021004526880074505, 0.0016122463836787026, 0.0018665226198875757, 0.0011342062163882712, 0.0018304881870608845, 0.0012224855740772815, 0.0017422851322649036]",-0.026002735768256784,-15.977359337038456,-0.9912087912087912,6.540154944134379e-12,down,0.823959287424535,0.9932981589144736,0.24551851507466568,True,adenine::cAu@785nm
11,"[0.0, 0.09, 0.1, 0.2, 0.28, 0.3, 0.4, 0.5, 0.51, 0.6, 0.7, 0.8, 0.89, 0.9]","[0.024349934095247674, 0.023671055352107184, 0.019214234762141926, 0.01959549420431182, 0.015775930204528773, 0.01414916576873316, 0.011462679129438094, 0.008957672685380154, 0.008390786612052345, 0.008376816443517066, 0.0061349663051161905, 0.0052788856793685324, 0.0037870679632659734, 0.0036171734492913134]","[0.003161524060374914, 0.004004557079344979, 0.0028134222958956815, 0.003175927207194641, 0.0029582474913504822, 0.0020606909699687754, 0.002159866517753472, 0.002092849667239932, 0.0027807323065507606, 0.0021565733930979727, 0.001704005732040116, 0.0018048322084626071, 0.0014858861104592122, 0.001469374818294682]",-0.02073276064595636,-8.580298149204268,-0.9956043956043955,1.0315953358848784e-13,down,0.9389313620458684,0.974080064169255,1.000003129984231,True,adenine::cAu@785nm
12,"[0.0, 0.09, 0.1, 0.2, 0.28, 0.3, 0.4, 0.5, 0.51, 0.6, 0.7, 0.8, 0.89, 0.9]","[0.047760985808834165, 0.03453395687984772, 0.034033595384867055, 0.03273998540279796, 0.02173968437102737, 0.02317951156935485, 0.014630082733312046, 0.011586838597513242, 0.012102997623091518, 0.010070242911286489, 0.008568689277710638, 0.005492095944731519, 0.002451292836573707, 0.007476488226691059]","[0.004885497335467727, 0.004555647217798876, 0.00508912555499606, 0.004823580862276412, 0.0037702980893461096, 0.004925176544242216, 0.0029409715266740955, 0.003386401346647232, 0.0028341845756117818, 0.002214839965084549, 0.002019755398575847, 0.0025761060486634477, 0.0010838308310791608, 0.003115530017364295]",-0.04028449758214311,-11.695805603524693,-0.9780219780219781,1.551963299118766e-09,down,0.8806313543870692,0.9741862720940418,0.453341804594714,True,adenine::cAu@785nm
13,"[0.0, 0.09, 0.1, 0.2, 0.28, 0.3, 0.4, 0.5, 0.51, 0.6, 0.7, 0.8, 0.89, 0.9]","[0.11450297909574068, 0.14724222517054117, 0.1454005199094592, 0.16760066298267134, 0.19221081237027604, 0.19627788088707615, 0.21676112505342354, 0.23077751883109254, 0.23690910740458726, 0.23546969984499463, 0.2590046877159996, 0.2656313133559955, 0.28196595962173976, 0.2845416252039519]","[0.00412198898563158, 0.006588843827250998, 0.004850654018281269, 0.007113829039339185, 0.007598325947278407, 0.005595203310845143, 0.007987154610868739, 0.011609895985533742, 0.010773684308737068, 0.0091763386022347, 0.008341239063803099, 0.011856325061778366, 0.010430533332876588, 0.013515859065008384]",0.17003864610821118,19.91086694919753,0.9912087912087912,6.540154944134379e-12,up,0.9669854438419736,0.9942813040443128,1.081354817004416,True,adenine::cAu@785nm
14,"[0.0, 0.09, 0.1, 0.2, 0.28, 0.3, 0.4, 0.5, 0.51, 0.6, 0.7, 0.8, 0.89, 0.9]","[0.08610783677930818, 0.07192511840534394, 0.07227657668699626, 0.06752081643234488, 0.062180908700266005, 0.06320043595510089, 0.05279429164822254, 0.048486477533482196, 0.0486944947798517, 0.05020160437789681, 0.04200112661097915, 0.04132338857465201, 0.03663353704297611, 0.03870163470442278]","[0.004587160211081789, 0.0051810535296081695, 0.004462086169269963, 0.002896036194707529, 0.00519387706837223, 0.004477221847005347, 0.004654447866058031, 0.00507153837220969, 0.005179601026720345, 0.004195238059294993, 0.003051871200819926, 0.0037507667882213046, 0.003661383693452801, 0.004461527231485156]",-0.0474062020748854,-10.911626292050782,-0.9692307692307693,1.1465229425475094e-08,down,0.9352301860679174,0.9800284494029535,0.7492221269954077,True,adenine::cAu@785nm
15,"[0.0, 0.09, 0.1, 0.2, 0.28, 0.3, 0.4, 0.5, 0.51, 0.6, 0.7, 0.8, 0.89, 0.9]","[0.025211485170571382, 0.025583615674500026, 0.023336529333977372, 0.021637874887424184, 0.020771397725551043, 0.020038293142980747, 0.021349111260166396, 0.021550224801572482, 0.021321011599960766, 0.02339662245732986, 0.022195058360118418, 0.019139796874217647, 0.02133209086286175, 0.021653082510121168]","[0.0026369266444818246, 0.001803171334522793, 0.0026656608598340714, 0.001977456777668267, 0.0016680459518325595, 0.0025259790165050823, 0.002316114724956328, 0.002612536610321146, 0.0012974047731747086, 0.0021691301677839317, 0.0012364767424524817, 0.002006570090557159, 0.0015314622228070694, 0.0015838344531310265]",-0.003558402660450214,-1.7772473502229167,-0.38461538461538464,0.1745087507750955,down,0.2944528361447074,0.5183696972654599,0.1242518158302657,False,adenine::cAu@785nm
16,"[0.0, 0.09, 0.1, 0.2, 0.28, 0.3, 0.4, 0.5, 0.51, 0.6, 0.7, 0.8, 0.89, 0.9]","[0.0003416065369486, 0.00011392365172324667, 0.0003503217864796133, 0.0009590374934692, 0.0008450804356922864, 0.0033981100789430203, 0.00848090403634564, 0.007528357372977387, 0.0037592336523839, 0.008280429987823806, 0.007827506997757926, 0.008040399504920727, 0.00723248825414706, 0.00949262325744037]","[0.00033002326839221636, 0.00011006070382821605, 0.0002446024459065937, 0.0005133314390876816, 0.00046583380190548236, 0.0012577988780063526, 0.0027721501190846524, 0.0016480740157610956, 0.0009823782731222443, 0.0014192420051063232, 0.0010514489070578487, 0.0016425663620432006, 0.0012077771878430468, 0.0018893857661708537]",0.00915101672049177,8.246978690819649,0.832967032967033,0.00021655091041647006,up,0.7622919754432004,0.7880078684090717,1.2545795221308118,True,adenine::cAu@785nm
17,"[0.0, 0.09, 0.1, 0.2, 0.28, 0.3, 0.4, 0.5, 0.51, 0.6, 0.7, 0.8, 0.89, 0.9]","[0.0969785913971395, 0.07868522161315279, 0.08282010900107657, 0.07724640505110877, 0.0680900669143047, 0.06411137258255549, 0.056391540794349417, 0.049837013792933704, 0.05121442904245909, 0.04721460215325723, 0.0440912643063424, 0.03728392938175108, 0.039730634161178065, 0.03540349154268814]","[0.004069928872765629, 0.004560395931802652, 0.004697663672161808, 0.006609862340110826, 0.005075381227193209, 0.005583234823712288, 0.006120093525346268, 0.006953827272060305, 0.006137504391535614, 0.006660410728997615, 0.004819399124469755, 0.006249344770636394, 0.0065466940499711935, 0.006244792571544856]",-0.061575099854451365,-10.731569621420828,-0.9868131868131869,7.37950410933089e-11,down,0.9337750553849725,0.9835531069107133,0.7356134748566907,True,adenine::cAu@785nm
18,"[0.0, 0.09, 0.1, 0.2, 0.28, 0.3, 0.4, 0.5, 0.51, 0.6, 0.7, 0.8, 0.89, 0.9]","[0.004855817812499754, 0.006814878768406793, 0.0032184981943018266, 0.00923670295645354, 0.0, 7.295011230693333e-06, 0.0, 0.00028501117063348, 0.0, 7.131553408494666e-05, 0.0, 0.0, 0.0, 0.0]","[0.003003977786398417, 0.004475385907110818, 0.0021274992547468167, 0.004299308307926404, 0.0, 7.047650407444011e-06, 0.0, 0.0002045595505186797, 0.0, 6.889735148537843e-05, 0.0, 0.0, 0.0, 0.0]",-0.004855817812499754,-4.791917656070482,-0.7439900305455985,0.002280731529947849,down,0.4406700938616191,0.5129685801072914,0.504633929425737,True,adenine::cAu@785nm
19,"[0.0, 0.09, 0.1, 0.2, 0.28, 0.3, 0.4, 0.5, 0.51, 0.6, 0.7, 0.8, 0.89, 0.9]","[0.0, 0.0, 0.0, 0.0, 0.0, 0.0, 0.0, 0.0, 0.0, 0.0, 0.0, 0.0, 0.0, 0.0]","[0.0, 0.0, 0.0, 0.0, 0.0, 0.0, 0.0, 0.0, 0.0, 0.0, 0.0, 0.0, 0.0, 0.0]",0.0,0.0,,,flat,,,,False,adenine::cAu@785nm
20,"[0.0, 0.09, 0.1, 0.2, 0.28, 0.3, 0.4, 0.5, 0.51, 0.6, 0.7, 0.8, 0.89, 0.9]","[0.028883070462722156, 0.01793926277207834, 0.020820469277915366, 0.0127619946605511, 0.012188588677190524, 0.011025029600322152, 0.010705356568679568, 0.013937800669074534, 0.01264982338655346, 0.011557142129129087, 0.015985478090400143, 0.015583414795333745, 0.017169329373487793, 0.020866145076752638]","[0.0041482642217703335, 0.003450203429009524, 0.00403349060379966, 0.002645282325700144, 0.002589668490092269, 0.0029300509677623763, 0.0026898704789714645, 0.004320433407002438, 0.0029153003157897993, 0.0028428570670443565, 0.0026946385643060347, 0.0029953677491860314, 0.003951746633149463, 0.0043259648184179]",-0.008016925385969518,-2.411978299211887,-0.06373626373626373,0.8286264229286121,down,0.043742348496959696,0.5984512832699954,0.025797582506706964,False,adenine::cAu@785nm
21,"[0.0, 0.09, 0.1, 0.2, 0.28, 0.3, 0.4, 0.5, 0.51, 0.6, 0.7, 0.8, 0.89, 0.9]","[0.14384186875149, 0.1332248729710201, 0.15301782025367902, 0.12414704771146937, 0.12612404923562542, 0.13434376834804201, 0.12067636116982389, 0.12111345771970172, 0.12038202718775602, 0.1170708626766184, 0.10648116131667065, 0.10852230370975564, 0.09816387618749206, 0.08946328385146848]","[0.008525514845197656, 0.01377745249388661, 0.009728023412663642, 0.010817736968220266, 0.009014742680203606, 0.007827633683197407, 0.008393962185108931, 0.008779824490209073, 0.008257609266923857, 0.006650362010451749, 0.00466885943936355, 0.005750369080336098, 0.008045528844904271, 0.0051494593276917265]",-0.05437858490002151,-6.597793311185471,-0.9428571428571428,4.440992850960903e-07,down,0.8654172341803527,0.865417229430193,4946393.679838595,True,adenine::cAu@785nm
22,"[0.0, 0.09, 0.1, 0.2, 0.28, 0.3, 0.4, 0.5, 0.51, 0.6, 0.7, 0.8, 0.89, 0.9]","[0.0551548587125382, 0.045502215616716656, 0.04096210744740056, 0.0313330817078586, 0.031785783608455624, 0.027162339454759928, 0.022016131046935596, 0.019643882211534024, 0.020371131005496212, 0.01683173838882126, 0.013666004481257404, 0.01245982955631723, 0.012347499233203375, 0.01382488648670232]","[0.005166799623708467, 0.0041046070537546445, 0.00258826838539128, 0.002831431231867317, 0.005153789473940159, 0.0019074636815963675, 0.002364875199008777, 0.0022708879421320053, 0.0035674112596486337, 0.0025644114236705474, 0.002089928063348004, 0.002226068318626732, 0.0033031245579076265, 0.0030982618443973695]",-0.041329972225835884,-13.382404736446754,-0.9648351648351648,2.5304057544450234e-08,down,0.8622629663129242,0.9868601226418324,0.34949312042968245,True,adenine::cAu@785nm
23,"[0.0, 0.09, 0.1, 0.2, 0.28, 0.3, 0.4, 0.5, 0.51, 0.6, 0.7, 0.8, 0.89, 0.9]","[0.008846006147455475, 0.004404351432947986, 0.006124578694220866, 0.014633659792603134, 0.00533847477455444, 0.005599496372078226, 0.0027332090705245735, 0.005707698090898714, 0.0049254264050922125, 0.004895452983685867, 0.00564826591424471, 0.005647644437302727, 0.00614606733608906, 0.00710766780044858]","[0.003037047178642058, 0.001798729562970165, 0.0022048976033543027, 0.005116850743116076, 0.002039750925932009, 0.002673606735963317, 0.0013671285725231307, 0.0019310143653158173, 0.0019602281753449196, 0.0017792985274046919, 0.0013247839596691056, 0.0020725904733881486, 0.00198458696555788, 0.0022035888125693805]",-0.0017383383470068953,-0.7727391488968918,0.01978021978021978,0.9464892274080116,down,0.05145904301307308,0.08658728543219019,0.17181027653134984,False,adenine::cAu@785nm
0,"[0.0, 0.93, 1.0, 2.0, 2.8, 3.0, 4.0, 5.0, 5.13, 6.0, 7.0, 8.0, 8.87, 9.0]","[0.02553644855268599, 0.05203958906018217, 0.0460331015986563, 0.0630878948528914, 0.07284334202156281, 0.0679342207578725, 0.07928638459889886, 0.08829818212911857, 0.09483337909070674, 0.09410510033206786, 0.10665541862012194, 0.10340574106805338, 0.11451246896492187, 0.11096398835769541]","[0.0027857266012348667, 0.005421240828502432, 0.003687129139197953, 0.004701273917554867, 0.005373147442257832, 0.005375493087790263, 0.0044070952682293725, 0.005196046867323829, 0.00498429425963076, 0.004199501802795065, 0.003116474537916, 0.0035968050728147107, 0.0038773998788070394, 0.004154165147746486]",0.08542753980500942,19.646319276479865,0.9780219780219781,1.551963299118766e-09,up,0.9345183363632753,0.9829083770275041,6.947497157606108,True,adenine::sAg@532nm
1,"[0.0, 0.93, 1.0, 2.0, 2.8, 3.0, 4.0, 5.0, 5.13, 6.0, 7.0, 8.0, 8.87, 9.0]","[0.057384866886781204, 0.054267526027883525, 0.05797543225391514, 0.0532134251417161, 0.04624153548037782, 0.04733807880010142, 0.04791919431973473, 0.04784067334071704, 0.04401342157330913, 0.050734806467071986, 0.05049992885300281, 0.0516535307574237, 0.05567551784938385, 0.048435444625060935]","[0.004363454147069593, 0.005142547573043542, 0.003848047924911624, 0.003766443949924525, 0.006242977916340149, 0.0037715833167908334, 0.0032514313160855054, 0.0032267828895687807, 0.002714322098896449, 0.0022430139260767143, 0.002372631253224803, 0.002607762914990014, 0.00331332705719143, 0.0026898130280330894]",-0.008949422261720269,-2.5283836629163305,-0.2703296703296703,0.34991938634960434,down,0.09524398955125137,0.3605225978364608,1.0263622791843017,False,adenine::sAg@532nm
2,"[0.0, 0.93, 1.0, 2.0, 2.8, 3.0, 4.0, 5.0, 5.13, 6.0, 7.0, 8.0, 8.87, 9.0]","[0.00369543415720735, 0.0027727232291716816, 0.0031890627272138637, 0.007763265463539463, 0.007420550774642092, 0.010515580820067344, 0.0020111673503032555, 0.0028927512361268362, 0.005694570889165945, 0.003757530166172662, 0.0030581129177588797, 0.002166327755672817, 0.0013686777789658103, 0.0008910869383036172]","[0.0009781788810366218, 0.001349073220814886, 0.000958761541469723, 0.00236987933655562, 0.0029239873459188607, 0.005949455994454065, 0.000565170884412978, 0.0009338322120086787, 0.0012090609553264589, 0.0012567602729797597, 0.0006945146903658735, 0.0007276090918258662, 0.00040800665956770875, 0.0004615772933372866]",-0.002804347218903733,-1.8888234017088552,-0.5076923076923077,0.06383915813376863,down,0.2095290473186022,0.20952903104973597,42284160.672911555,False,adenine::sAg@532nm
3,"[0.0, 0.93, 1.0, 2.0, 2.8, 3.0, 4.0, 5.0, 5.13, 6.0, 7.0, 8.0, 8.87, 9.0]","[0.03355157966318957, 0.10903358561940131, 0.08504930705154007, 0.14330462859269627, 0.19168848716022374, 0.17570375421875603, 0.19805656056073426, 0.24937006030706416, 0.2554968754849529, 0.2724933404937491, 0.28073485197164444, 0.2965990388671961, 0.2908360661558999, 0.3150492859381297]","[0.0026077116273107324, 0.01189456478720127, 0.006476599441868571, 0.010147813432317807, 0.013275149207164248, 0.013204087306115839, 0.011741626915539734, 0.014362749561268193, 0.01435283210715801, 0.012372270522963172, 0.008861476619244107, 0.012034437459915772, 0.012409779926412064, 0.011850831850669681]",0.28149770627494014,25.32886836653187,0.9868131868131869,7.37950410933089e-11,up,0.917936435803413,0.9840743436059312,6.000318547771593,True,adenine::sAg@532nm
4,"[0.0, 0.93, 1.0, 2.0, 2.8, 3.0, 4.0, 5.0, 5.13, 6.0, 7.0, 8.0, 8.87, 9.0]","[0.02471680156480984, 0.021693280806725054, 0.018663358836142997, 0.012465019130778283, 0.010091692400314104, 0.011417350038006823, 0.00850125968293805, 0.005863461587644806, 0.0037456938296711296, 0.0016020190907400909, 0.0024093961270235517, 0.00026103805914892963, 0.00037932080102242465, 0.0007062609030484898]","[0.0020360216655059033, 0.002809621263136833, 0.0023405466967510993, 0.0024225633968785383, 0.0019063011278739074, 0.002306458756994451, 0.0018892371096908933, 0.0014327303268911128, 0.0011466789181129918, 0.000588920782307022, 0.0006650716781091073, 0.00011406550666120492, 0.00021625610410313392, 0.0003364101077010157]",-0.02401054066176135,-16.631996191690643,-0.9736263736263736,4.5902787925115095e-09,down,0.8852963006917891,0.9774465699862395,4.760278945088049,True,adenine::sAg@532nm
5,"[0.0, 0.93, 1.0, 2.0, 2.8, 3.0, 4.0, 5.0, 5.13, 6.0, 7.0, 8.0, 8.87, 9.0]","[0.00859947631495072, 0.0057690457842894715, 0.006308963436799657, 0.006845871352040317, 0.003460636873234861, 0.0035967689501053765, 0.006063897988615444, 0.0025024052254100475, 0.0020389997317307347, 0.0013757582075324976, 0.0013688643178635903, 0.001101551964327324, 0.0006910027786458724, 0.0002903043744115888]","[0.0008912115971173336, 0.0008517447187614349, 0.0006659156433652816, 0.0012030912009809078, 0.0005966279107915231, 0.0009730658407273325, 0.0036745699857666033, 0.0006573576522724942, 0.0004427998799833064, 0.00031512046308999626, 0.00025760915896869, 0.00028710954680579657, 0.0002810052174832447, 0.00013408097185631568]",-0.008309171940539132,-10.357497420931438,-0.9428571428571428,4.440992850960903e-07,down,0.8371343690753799,0.8628368096557444,10.260665397349204,True,adenine::sAg@532nm
6,"[0.0, 0.93, 1.0, 2.0, 2.8, 3.0, 4.0, 5.0, 5.13, 6.0, 7.0, 8.0, 8.87, 9.0]","[0.024935589825165746, 0.02718507620773519, 0.026362361374751606, 0.02197332507935369, 0.02696862809641943, 0.02555760744313449, 0.024888361202512352, 0.024405534283866565, 0.021243562170722104, 0.02335789468574396, 0.02254206511756606, 0.022624853488576763, 0.019425098871890582, 0.024459572101867014]","[0.0020907726863580575, 0.0019738949627222204, 0.0029233139204386505, 0.001692623471474849, 0.0017307542254846975, 0.00199465953716116, 0.0017126990863367063, 0.0016466213282412387, 0.001306125714136524, 0.0013847162692249265, 0.0009912065871442893, 0.001307889772696966, 0.0012869587480610941, 0.001108085884381165]",-0.0004760177232987321,-0.28786830870944463,-0.6351648351648352,0.014657881327289134,down,0.39622777588403413,0.3962277588101132,528682.8872738756,False,adenine::sAg@532nm
7,"[0.0, 0.93, 1.0, 2.0, 2.8, 3.0, 4.0, 5.0, 5.13, 6.0, 7.0, 8.0, 8.87, 9.0]","[0.007771210050111917, 0.014780380161547122, 0.013438795568055616, 0.023356206578588924, 0.018936254507298158, 0.02588939407625121, 0.0260726997587955, 0.025680005535850307, 0.024674791356577058, 0.025071046207098983, 0.02565393477376147, 0.0256280729204742, 0.025787153688116553, 0.025627093400349295]","[0.0012347948296999119, 0.00161917167406915, 0.0016633177986769034, 0.0021745866922724152, 0.0015850279711437341, 0.0023789763443211585, 0.0021048750753688687, 0.0020843947072949356, 0.0020774509954233334, 0.0013170688933141152, 0.001176345358939777, 0.0013620310894460056, 0.0011791753747833966, 0.0011066602082761066]",0.017855883350237377,10.838690087552756,0.6131868131868132,0.01970633192603883,up,0.5825381029604441,0.8888418722295738,1.437584541539068,False,adenine::sAg@532nm
8,"[0.0, 0.93, 1.0, 2.0, 2.8, 3.0, 4.0, 5.0, 5.13, 6.0, 7.0, 8.0, 8.87, 9.0]","[0.3176342508020658, 0.2597024126225277, 0.2909280332280067, 0.26541331799498824, 0.22973752986052234, 0.24080634288320615, 0.23350887727455202, 0.20575702553937222, 0.21825094763464958, 0.18464008696675807, 0.17049661898505875, 0.16123430311597794, 0.1735237294666137, 0.12724621948629908]","[0.01775463277978293, 0.021819715431304326, 0.0160585602352343, 0.016803140612818252, 0.020312084907226094, 0.014846488536237558, 0.015760190590366808, 0.018483588138466307, 0.01961987259064797, 0.016112060964143027, 0.011398561770988979, 0.014196746809907328, 0.0150989141552358, 0.013603888080597263]",-0.19038803131576673,-11.495450666230859,-0.956043956043956,9.469782144566517e-08,down,0.9261413193880483,0.934412305896778,20.960508329516294,True,adenine::sAg@532nm
9,"[0.0, 0.93, 1.0, 2.0, 2.8, 3.0, 4.0, 5.0, 5.13, 6.0, 7.0, 8.0, 8.87, 9.0]","[0.08223278996275539, 0.09476460996660115, 0.0911423680180354, 0.09775239618911669, 0.09935680863134183, 0.09647965607821253, 0.10170479478270056, 0.10540879767714785, 0.0996600954819587, 0.10282682721879707, 0.10741906915315394, 0.10413898870408024, 0.10201419663342631, 0.11055335722411454]","[0.010584671796144711, 0.008395451942781748, 0.00612412127924234, 0.007039780917251868, 0.0070940839633221895, 0.006300898312252469, 0.006646916840282409, 0.0064699247786147805, 0.006767591650287695, 0.006129223681307727, 0.0038605379305490946, 0.005791510825114728, 0.005489091556496212, 0.005749900928898258]",0.028320567261359147,4.288965653183593,0.8901098901098902,1.9985404224781275e-05,up,0.715748534483209,0.8710649115951423,1.9770185194175143,True,adenine::sAg@532nm
10,"[0.0, 0.93, 1.0, 2.0, 2.8, 3.0, 4.0, 5.0, 5.13, 6.0, 7.0, 8.0, 8.87, 9.0]","[0.0003860131206302957, 0.0, 0.0003197578556083015, 0.0002675198084817174, 0.003514827319694979, 9.085247833900436e-05, 0.0001577604294521611, 0.0, 0.0, 0.0, 0.0004047787975999914, 0.0, 0.0, 0.0]","[0.00025439892257461645, 0.0, 0.0003174323130675335, 0.0002655741840530735, 0.003282152198166649, 9.019172427274503e-05, 0.00015666104024320804, 0.0, 0.0, 0.0, 0.0004033201305221866, 0.0, 0.0, 0.0]",-0.0003860131206302957,-1.1330132408996447,-0.4999049732057177,0.06871607775316937,down,0.05729419236202277,0.057294224506210134,3538699.209939179,False,adenine::sAg@532nm
11,"[0.0, 0.93, 1.0, 2.0, 2.8, 3.0, 4.0, 5.0, 5.13, 6.0, 7.0, 8.0, 8.87, 9.0]","[0.024807373298139115, 0.02384678769666905, 0.028032203650506023, 0.028873135304948963, 0.025933854693284755, 0.026481842750714767, 0.025456700311136497, 0.027197075244163083, 0.027359716177933646, 0.028760613515476527, 0.026678042693854296, 0.02782046952225426, 0.02669266993088531, 0.026941640732844985]","[0.0017103186918306665, 0.0014362518527271245, 0.0015431324562435633, 0.0017350239981780637, 0.0014787387312590957, 0.001464830079204799, 0.001463868430653101, 0.0014283679340418708, 0.0013910922756107489, 0.0015704884178118093, 0.0009598416785813404, 0.0017302946863523736, 0.0012937250146429096, 0.0019343824451129787]",0.0021342674347058707,1.4133973581094954,0.3186813186813187,0.26678496081136144,up,0.12242516262993913,0.22241990553343594,0.7877361191108625,False,adenine::sAg@532nm
12,"[0.0, 0.93, 1.0, 2.0, 2.8, 3.0, 4.0, 5.0, 5.13, 6.0, 7.0, 8.0, 8.87, 9.0]","[0.021202613975557973, 0.031899084129558365, 0.01848322335849597, 0.016922612526122545, 0.015788457203587142, 0.016521212950905213, 0.01206084669120177, 0.008171648736156934, 0.0016424836565951404, 5.239883491547133e-08, 0.0007117744215308669, 0.0, 0.0, 0.00011578124667361304]","[0.004945707766109892, 0.006217181188269951, 0.004971189040059348, 0.004841620149899602, 0.003799514544328956, 0.004560040041272819, 0.004095000611126942, 0.002625163099045722, 0.0009164271767398826, 5.2000358905000194e-08, 0.00032996252387684896, 0.0, 0.0, 0.0001149391900678405]",-0.02108683272888436,-7.8899202711738585,-0.9548960673768103,1.1026244484325393e-07,down,0.8262248139501792,0.845488989668682,15.970846573149478,True,adenine::sAg@532nm
13,"[0.0, 0.93, 1.0, 2.0, 2.8, 3.0, 4.0, 5.0, 5.13, 6.0, 7.0, 8.0, 8.87, 9.0]","[0.002876423790682826, 0.03639250129753497, 0.010937751837757638, 0.011215468506481996, 0.02646447300118329, 0.021500133043868587, 0.033348418676756, 0.03708284659360689, 0.03880012692254313, 0.05453455902929647, 0.06095299731698858, 0.07056798378367148, 0.07183051215860639, 0.09125916055111732]","[0.0010750106395000679, 0.007341718552544072, 0.0034445905061184228, 0.002755218389860395, 0.005418443435216202, 0.003886332528519191, 0.0063511193549105616, 0.004869686856575932, 0.005798869004025661, 0.006165690467914174, 0.004998401925562772, 0.006934784425606239, 0.006166081200521855, 0.008016696872455101]",0.0883827367604345,16.898571367808344,0.9296703296703297,1.4995250703291503e-06,up,0.8775284556758616,0.8775284521564034,214098763.71971774,True,adenine::sAg@532nm
14,"[0.0, 0.93, 1.0, 2.0, 2.8, 3.0, 4.0, 5.0, 5.13, 6.0, 7.0, 8.0, 8.87, 9.0]","[0.02890590382585999, 0.01708061160024141, 0.018201404377407415, 0.011638597069104391, 0.01627894618377497, 0.011673159750399755, 0.008256174268638098, 0.005343563633786207, 0.006534462818577151, 0.0026366648368066153, 0.0028456566580468117, 0.0038687202867958227, 0.0001988530700900913, 0.0020659020447391274]","[0.0031093321873260286, 0.0024871121911749657, 0.0027583320836173752, 0.0019475950735185074, 0.0032747739870197918, 0.0023406411792031034, 0.0019292542361955768, 0.0016259596261984442, 0.0026462510397303593, 0.0008629418764922122, 0.0006432576343004606, 0.0014819171511003264, 0.00019740684675031726, 0.0008368788685235468]",-0.026840001781120865,-14.373988117614653,-0.956043956043956,9.469782144566517e-08,down,0.8284458745549399,0.9387077247520998,3.139656901596881,True,adenine::sAg@532nm
15,"[0.0, 0.93, 1.0, 2.0, 2.8, 3.0, 4.0, 5.0, 5.13, 6.0, 7.0, 8.0, 8.87, 9.0]","[0.1065626825959329, 0.07943396391701918, 0.09475487528112118, 0.07724778118231944, 0.06311638705480159, 0.0637087372384442, 0.06531479114231842, 0.051788213752424206, 0.056179583708524286, 0.05260028796655624, 0.05247472831993552, 0.047486433006069986, 0.048645639980526095, 0.041944045668140466]","[0.006893179281221814, 0.006084059042521181, 0.00530123612960908, 0.005618571063818998, 0.004802366497916247, 0.0038374838917327398, 0.003728816743319646, 0.003887319078256171, 0.0037112241094666427, 0.0030092325771702982, 0.0023956688933639263, 0.0034243684252564036, 0.0036257647296642536, 0.002826600750655827]",-0.06461863692779243,-15.295410793296433,-0.9472527472527472,2.7738827125447993e-07,down,0.8154471164154471,0.9482115914365152,3.0181757705794627,True,adenine::sAg@532nm
16,"[0.0, 0.93, 1.0, 2.0, 2.8, 3.0, 4.0, 5.0, 5.13, 6.0, 7.0, 8.0, 8.87, 9.0]","[0.021692745018271162, 0.014028162693518864, 0.026673170459159408, 0.020302183374003406, 0.014811339968146224, 0.01893067117909988, 0.01935271958904644, 0.01541180623673893, 0.013795356821016347, 0.017779066879997363, 0.014665967075821573, 0.019240827286616788, 0.016711907784665594, 0.015750583444787483]","[0.002825211544908729, 0.0017024096035174966, 0.0031473788065682034, 0.0023069871981970186, 0.0016658122182457418, 0.002034441808175489, 0.0021217142947093084, 0.0019871934565420897, 0.0016309424780871038, 0.0015525354300413737, 0.0010751921649630358, 0.001564442281262824, 0.0015609182268111633, 0.0013844016094645476]",-0.005942161573483679,-3.132211227175197,-0.3186813186813187,0.26678496081136144,down,0.17991946076608215,0.24140945748611542,2.529204691012244,False,adenine::sAg@532nm
17,"[0.0, 0.93, 1.0, 2.0, 2.8, 3.0, 4.0, 5.0, 5.13, 6.0, 7.0, 8.0, 8.87, 9.0]","[0.007635703355390665, 0.003617278181223297, 0.006621508126777368, 0.008884822058801221, 0.003192364824301546, 0.006014753652944703, 0.004652203343015104, 0.006469612374228915, 0.004689294289271873, 0.005578427581868885, 0.004696516080984575, 0.004714689549634998, 0.004160616112261901, 0.0030778814044466417]","[0.0013474733821466803, 0.001050838450851723, 0.0015329946869230959, 0.001943736105883141, 0.0009886749302584709, 0.0014656828144856318, 0.00104567686450872, 0.0019132523401367684, 0.0011483606400143206, 0.0013216125472543608, 0.0008155930626689867, 0.0013378565418354093, 0.0010398240106853599, 0.0007820025916021657]",-0.004557821950944023,-3.5982278054900907,-0.44175824175824174,0.11377750302872344,down,0.2528246024028023,0.2528245880122597,2449978.9744525715,False,adenine::sAg@532nm
18,"[0.0, 0.93, 1.0, 2.0, 2.8, 3.0, 4.0, 5.0, 5.13, 6.0, 7.0, 8.0, 8.87, 9.0]","[0.0006333079083993565, 0.0, 0.0014113058456807304, 0.0011139124104581274, 0.0005189023564986222, 0.0006847501416162667, 0.0007231313043133987, 0.0, 0.0, 0.0, 0.0001822344851190957, 0.0, 2.8197134034611594e-05, 0.0]","[0.0003875451770364229, 0.0, 0.0012236873296002716, 0.0009666664815378694, 0.0004877134403346967, 0.0006797700744929863, 0.0005475895813966253, 0.0, 0.0, 0.0, 0.00018157778213598484, 0.0, 2.799206124726606e-05, 0.0]",-0.0006333079083993565,-1.9691728120206546,-0.5352855427198627,0.04854675297967267,down,0.42999538055358855,0.4303278240190457,119.25231937718569,False,adenine::sAg@532nm
19,"[0.0, 0.93, 1.0, 2.0, 2.8, 3.0, 4.0, 5.0, 5.13, 6.0, 7.0, 8.0, 8.87, 9.0]","[0.05498740174682504, 0.028621787159685323, 0.030775309140655425, 0.015807461119536233, 0.014927000553886745, 0.013222911601855911, 0.010916720197796376, 0.007924181837651404, 0.010400094663899292, 0.007961435773418029, 0.006706005985978182, 0.005335645049901771, 0.006330864656613189, 0.003162577514423864]","[0.00451672526674909, 0.0031239140036771573, 0.003317113704559484, 0.0027658844148131328, 0.0029040438751240655, 0.0026814602362605845, 0.0026118824922085845, 0.0017524782768489052, 0.0025605269901717133, 0.002264741305629955, 0.0024254062250419995, 0.0014622095662057454, 0.0018009562595048588, 0.0012544516114058944]",-0.05182482423240117,-20.471515860082324,-0.9780219780219781,1.551963299118766e-09,down,0.656274904755618,0.9902332899666272,1.0890545850906814,True,adenine::sAg@532nm
20,"[0.0, 0.93, 1.0, 2.0, 2.8, 3.0, 4.0, 5.0, 5.13, 6.0, 7.0, 8.0, 8.87, 9.0]","[0.03605442001130313, 0.022250892488093737, 0.025194375563608064, 0.02280992119570588, 0.013219579886683394, 0.015074909473179523, 0.012491157728745313, 0.006165527810449175, 0.004722748539929358, 0.010596025312854128, 0.005056058632701779, 0.0035511287919448953, 0.002845406262626755, 0.002498201028005046]","[0.003358444861712997, 0.0024685937015596847, 0.0027934929517166363, 0.002939711717471866, 0.001731884129755991, 0.0019503344095753966, 0.001878367922094428, 0.0010904551155020408, 0.0008721142385063535, 0.005124157335043905, 0.0007428495005809814, 0.0007475943473400389, 0.0005661853658533344, 0.0007773239172677253]",-0.03355621898329808,-17.372803182604613,-0.9604395604395607,5.08105389232908e-08,down,0.8322962415554029,0.9485120194861799,3.389021601975086,True,adenine::sAg@532nm
21,"[0.0, 0.93, 1.0, 2.0, 2.8, 3.0, 4.0, 5.0, 5.13, 6.0, 7.0, 8.0, 8.87, 9.0]","[0.08039139330285082, 0.08100240938996074, 0.08309250880879156, 0.07586462182902412, 0.08000482291542915, 0.08121056553454359, 0.07113983344987797, 0.0646138221810863, 0.06165770031361709, 0.05534739065565298, 0.04853799934601044, 0.04188469124972632, 0.03795842734355178, 0.04606710100581206]","[0.009643209707575012, 0.009194811423562176, 0.007690523225565007, 0.0076909349348314015, 0.007884506709829245, 0.011122161705623801, 0.008355078687147363, 0.00628180248718328, 0.00942669789245624, 0.003347549403273786, 0.0024716278064672776, 0.0032418469910794312, 0.0026467528384167965, 0.0040134389183049575]",-0.03432429229703876,-5.166489078772695,-0.9120879120879121,5.502099746344892e-06,down,0.9194057569197279,0.9194057534458783,195144388.84958625,True,adenine::sAg@532nm
22,"[0.0, 0.93, 1.0, 2.0, 2.8, 3.0, 4.0, 5.0, 5.13, 6.0, 7.0, 8.0, 8.87, 9.0]","[0.015274251920550302, 0.0060687106520969075, 0.010405094759329794, 0.00811165532544865, 0.004824338411970255, 0.0064336103021601825, 0.0024228462827479693, 0.004544793756231168, 0.0020631939657574584, 0.002556760863724148, 0.002170845149005551, 0.004787456995298292, 0.00019318648006711302, 0.0004375900001074246]","[0.002878872427582818, 0.0016733032882622042, 0.0030760886991925787, 0.00231815900720807, 0.0017669399388435924, 0.002037279272531177, 0.0011133639846448093, 0.0014817911031105593, 0.0009921950867133873, 0.001325979425018833, 0.0006716285994217329, 0.0018259039430516902, 0.00017682931120397395, 0.00026449174520886006]",-0.014836661920442877,-9.615090816836606,-0.8637362637362638,6.846377605646036e-05,down,0.6740721060755803,0.8412829871001031,1.7282833254395447,True,adenine::sAg@532nm
23,"[0.0, 0.93, 1.0, 2.0, 2.8, 3.0, 4.0, 5.0, 5.13, 6.0, 7.0, 8.0, 8.87, 9.0]","[0.01253131834988215, 0.013749581308333135, 0.006006726841983084, 0.005764957913853306, 0.010659239820819464, 0.013213135836213879, 0.005693499065168833, 0.007268010981157769, 0.002502900878890554, 0.0016843053497807698, 0.003078134199466703, 0.0019285077771533747, 0.00019048609718371883, 0.002456922009621775]","[0.004695266971866787, 0.0030541826521654526, 0.0016497337131976693, 0.0017127588651427736, 0.002661207715998394, 0.004600403966728083, 0.0017147233979771426, 0.0020982607196650687, 0.0009996797284510127, 0.0006123160390964451, 0.0007138875694045893, 0.0007684109288938685, 0.00013180419386218337, 0.000999318134190107]",-0.010074396340260375,-5.340061958940469,-0.8373626373626375,0.00018639737783200406,down,0.6469503453261718,0.6483134312643768,56.77526625221517,True,adenine::sAg@532nm
0,"[0.0, 0.93, 1.0, 2.0, 2.8, 3.0, 4.0, 5.0, 5.13, 6.0, 7.0, 8.0, 8.87, 9.0]","[0.004220139694754025, 0.04994992550006612, 0.053051833003508034, 0.07795761247877206, 0.08339906914725215, 0.08061212768616383, 0.08681485755857714, 0.09938307249705627, 0.0831808475670011, 0.08730355918620246, 0.09070401334927143, 0.09448953441070815, 0.08959628046202606, 0.09107213654522295]","[0.0010050862588353653, 0.004460812780831605, 0.007121508342578923, 0.005708353683859326, 0.006541165346607591, 0.0062940077025197836, 0.005659455633514475, 0.004771677680245985, 0.00514645137979144, 0.004324664154666063, 0.003065255762588024, 0.004351899847417761, 0.00535539728025584, 0.003692280117181692]",0.08685199685046892,18.01427325258071,0.8549450549450549,9.766040002967746e-05,up,0.5472422555417319,0.9661941085289893,0.8759422276079115,True,adenine::sAg@785nm
1,"[0.0, 0.93, 1.0, 2.0, 2.8, 3.0, 4.0, 5.0, 5.13, 6.0, 7.0, 8.0, 8.87, 9.0]","[0.04185861536507284, 0.06633597760816165, 0.07318249790512342, 0.07269930792656414, 0.08796251813071608, 0.0738650449642273, 0.07151743680094413, 0.07515657605535478, 0.07671240193121381, 0.06877634463896135, 0.07107681904679299, 0.06630224348481424, 0.07891534984860364, 0.05510202780689449]","[0.0046110567802422455, 0.006356658444410843, 0.009364376627620982, 0.009901702301486426, 0.010413177386381794, 0.010512061133413823, 0.01032189753385566, 0.009980969477556527, 0.009188818126496648, 0.01011982359400974, 0.006451428610194143, 0.009365623425958786, 0.009084527008776582, 0.007882183434555169]",0.013243412441821645,1.500617520774426,0.01978021978021978,0.9464892274080116,up,0.014453589416785895,0.5480125728571832,-0.003290378451066748,False,adenine::sAg@785nm
2,"[0.0, 0.93, 1.0, 2.0, 2.8, 3.0, 4.0, 5.0, 5.13, 6.0, 7.0, 8.0, 8.87, 9.0]","[0.01274169790850655, 0.0003796522181090313, 0.0005990557166116467, 0.0005494027391776112, 0.007867207263481151, 0.002101312751721738, 0.0003113889534265133, 0.0, 0.0, 2.8152103802024445e-05, 0.0, 0.0, 0.0, 0.0]","[0.003974808313272712, 0.000373812093627474, 0.00040433103630698033, 0.0004927723483074966, 0.004445012241765765, 0.0012134016178371359, 0.00030790963804000135, 0.0, 0.0, 2.7837545283351154e-05, 0.0, 0.0, 0.0, 0.0]",-0.01274169790850655,-15.870585077909615,-0.8463916701126035,0.00013507042670779672,down,0.2798152717314645,0.69977220278835,0.058089443399964365,True,adenine::sAg@785nm
3,"[0.0, 0.93, 1.0, 2.0, 2.8, 3.0, 4.0, 5.0, 5.13, 6.0, 7.0, 8.0, 8.87, 9.0]","[0.009607353704531451, 0.1196840340577842, 0.1134408430935723, 0.2100738099360313, 0.19352217691807463, 0.21228807501568975, 0.24270329920245493, 0.2836231300700193, 0.2771329571591899, 0.31741104107945495, 0.3218594102897689, 0.339486063805281, 0.32426664439058867, 0.34438656999766226]","[0.0021438974308360084, 0.014064665278080733, 0.008480281221553441, 0.016855878312641848, 0.022368919989361923, 0.01996256331146787, 0.020382399373808136, 0.020158932852249248, 0.022911086400388258, 0.02102573335119478, 0.014464539462114593, 0.021742716125146052, 0.023622041847871627, 0.016303638256768026]",0.3347792162931308,19.170357273440356,0.9824175824175824,4.1071830416421485e-10,up,0.8661192321576978,0.9803005596911717,3.464366480500135,True,adenine::sAg@785nm
4,"[0.0, 0.93, 1.0, 2.0, 2.8, 3.0, 4.0, 5.0, 5.13, 6.0, 7.0, 8.0, 8.87, 9.0]","[0.04328815402584914, 0.0243719999953597, 0.02447626216578763, 0.0095530401030295, 0.014844651732274537, 0.010202123568565027, 0.008241649973030795, 0.004027625730099443, 0.008589642934417873, 0.0026971729118520867, 0.003114407808247742, 0.0024421844753196136, 0.00249002668352928, 0.0005381603904010045]","[0.005980547153438875, 0.0032780936183487, 0.0021473725766690687, 0.001560595074042262, 0.0035354246502088344, 0.002670348380453113, 0.0015843477538395876, 0.0009801687476334794, 0.0020977863196662123, 0.0006717340592290658, 0.0008629607285529638, 0.0007933593726028445, 0.000597703738363635, 0.0002528879167965182]",-0.04274999363544813,-22.155713446868713,-0.9604395604395607,5.08105389232908e-08,down,0.6991664706969984,0.9671069009732403,1.372967440838332,True,adenine::sAg@785nm
5,"[0.0, 0.93, 1.0, 2.0, 2.8, 3.0, 4.0, 5.0, 5.13, 6.0, 7.0, 8.0, 8.87, 9.0]","[0.01878668837530563, 0.012401072478655564, 0.012093257528132137, 0.002142644955667449, 0.0019214065440513245, 0.00776040762985484, 0.004253605844764264, 0.0014431058836331223, 0.0014929125192416287, 0.00029639720510329996, 0.00035175752997588107, 0.0005741066330713578, 0.000497988502458869, 0.0004691221581964645]","[0.001956596122227009, 0.001817003444271374, 0.0017362439824451052, 0.00037951968462546795, 0.0007407096685945709, 0.004216446418045803, 0.0022052525478019566, 0.00039802642495499394, 0.00060851589187183, 0.00010982408478919007, 0.00010229254062883631, 0.00015726659497632562, 0.00011891264501307819, 0.00015728392226306223]",-0.018317566217109164,-17.440664585156313,-0.8901098901098902,1.9985404224781275e-05,down,0.63571411394137,0.8927040768403599,1.543607760375577,True,adenine::sAg@785nm
6,"[0.0, 0.93, 1.0, 2.0, 2.8, 3.0, 4.0, 5.0, 5.13, 6.0, 7.0, 8.0, 8.87, 9.0]","[0.027380431818605968, 0.026888238528834648, 0.0360729434755079, 0.03246724845250816, 0.027511908142875692, 0.031002447432683482, 0.035032593735550274, 0.03066206235116291, 0.03422847101954487, 0.03025684123480585, 0.030228283952989665, 0.03300840054377707, 0.028656282800183907, 0.03222518902849792]","[0.0025569030665624154, 0.00188298440653203, 0.004176446520445429, 0.001921823437357647, 0.0021886856137333078, 0.0020277982453151726, 0.0030358982472872046, 0.0018000056296268634, 0.004829742368343424, 0.0016595613338359577, 0.0017498377617932567, 0.0014396876257648013, 0.0015906593136439937, 0.0017223345058286121]",0.004844757209891953,2.0816955856736477,0.1824175824175824,0.5325088185186945,up,0.01666338170423304,0.13843135555265795,0.044286571406674934,False,adenine::sAg@785nm
7,"[0.0, 0.93, 1.0, 2.0, 2.8, 3.0, 4.0, 5.0, 5.13, 6.0, 7.0, 8.0, 8.87, 9.0]","[0.002875131342237762, 0.005304698801328166, 0.0023132977772130467, 0.004280332303192631, 0.0020590700701228243, 0.00607659330611618, 0.005058516962913553, 0.0022008174008829886, 0.0032202985862491225, 0.002885346729331584, 0.0015524746503533724, 0.002050053777158627, 0.0009733666157345888, 0.001185035767799658]","[0.000660241787400941, 0.0011322152843289623, 0.0005720921177059964, 0.0009907851586267499, 0.0005667224315816521, 0.002549184551194006, 0.002870866725246678, 0.0006914947365469487, 0.0009956504134096772, 0.0013365122369687142, 0.0003082986828033851, 0.0005781249154016509, 0.00025298018819876097, 0.0002692237123264896]",-0.001690095574438104,-1.7177754470453794,-0.6395604395604396,0.013779616833463793,down,0.34959499388650056,0.349594994661107,54738578.15303711,False,adenine::sAg@785nm
8,"[0.0, 0.93, 1.0, 2.0, 2.8, 3.0, 4.0, 5.0, 5.13, 6.0, 7.0, 8.0, 8.87, 9.0]","[0.06744497749958293, 0.023802582070110188, 0.02736978172968053, 0.013391547375802596, 0.014156033215372043, 0.011307512935094566, 0.004057584721587523, 0.003633489472537442, 0.00034167645748986886, 0.0008333126501112465, 0.0001672947899820878, 0.0, 0.0, 0.00028041853625184]","[0.009344301742220286, 0.005851156025830818, 0.005862222958013658, 0.003694547383117415, 0.005512588847329702, 0.00356990649680062, 0.0013231361871294074, 0.002797517118799227, 0.0002518183632883731, 0.0005409350415417601, 0.00016636277832924928, 0.0, 0.0, 0.00024177453108142465]",-0.0671645589633311,-24.01412468452714,-0.9592965100836159,6.013070191550074e-08,down,0.5879930459703543,0.9874301552892877,0.7784313436667758,True,adenine::sAg@785nm
9,"[0.0, 0.93, 1.0, 2.0, 2.8, 3.0, 4.0, 5.0, 5.13, 6.0, 7.0, 8.0, 8.87, 9.0]","[0.08509287642298013, 0.08690257466752127, 0.08907691170804889, 0.07869508387503228, 0.06747738084393476, 0.057698990448918054, 0.06891037058984699, 0.053703488803156924, 0.05456153439378359, 0.0562781133136465, 0.04593499450522413, 0.05186200695169706, 0.04028772668084377, 0.04646675427985418]","[0.005145015970833992, 0.003724096774326545, 0.004176563837910008, 0.004982790312019991, 0.004190994839963394, 0.004188316016773337, 0.005013936670529744, 0.003739015723275712, 0.004094306217880807, 0.003794186192251156, 0.0024000497272804932, 0.0040786585709660424, 0.003218947711345391, 0.0026248170506012105]",-0.038626122143125954,-9.766101024410442,-0.9296703296703297,1.4995250703291503e-06,down,0.8606343508328386,0.894008518789024,10.127295536785194,True,adenine::sAg@785nm
10,"[0.0, 0.93, 1.0, 2.0, 2.8, 3.0, 4.0, 5.0, 5.13, 6.0, 7.0, 8.0, 8.87, 9.0]","[0.02495158439900657, 0.015188285254312922, 0.016820641894152565, 0.00676718464379393, 0.004920603258823224, 0.003223740322677449, 0.0029303058495987024, 0.001940143541588091, 0.002992465377048058, 0.004445016722159385, 0.0029619390791812785, 0.0012555643860287643, 0.0025918314096006756, 0.002555043191504162]","[0.004015549123964871, 0.005243139725085522, 0.003470330242819676, 0.0016145260352221824, 0.002434916149849733, 0.0007763747358216863, 0.001151588396968373, 0.0006486573156758765, 0.0010351114516701997, 0.0012532113387622927, 0.0005898228748542725, 0.0003868635046326444, 0.0006882241232852743, 0.0006050988961627269]",-0.022396541207502407,-13.111946059029886,-0.8461538461538461,0.00013625614917754864,down,0.5768503428187837,0.9384928131940631,1.2373410105457012,True,adenine::sAg@785nm
11,"[0.0, 0.93, 1.0, 2.0, 2.8, 3.0, 4.0, 5.0, 5.13, 6.0, 7.0, 8.0, 8.87, 9.0]","[0.0654511117100467, 0.02863768566223653, 0.02799074013260804, 0.01208948654521141, 0.008338321408174107, 0.008527842493507378, 0.006282965507600751, 0.0027854623411830044, 0.008993610848397292, 0.0019292334811717735, 0.0014609208692481588, 0.000693481149593709, 0.001180574188684069, 0.0003092284955522895]","[0.007032896697703341, 0.0034665121796488025, 0.003776708618712338, 0.0026468788886856802, 0.002794968288640606, 0.002932889133161345, 0.001734202771763753, 0.0014432278583359278, 0.004306698174741523, 0.0007105772944378751, 0.0008343558628271753, 0.0003420538927585251, 0.0007145908620104805, 0.0002141168974603878]",-0.0651418832144944,-27.677305867542586,-0.9472527472527472,2.7738827125447993e-07,down,0.5759574160951565,0.9890354229130051,0.8051811814419605,True,adenine::sAg@785nm
12,"[0.0, 0.93, 1.0, 2.0, 2.8, 3.0, 4.0, 5.0, 5.13, 6.0, 7.0, 8.0, 8.87, 9.0]","[0.014983753786882669, 0.010491813197734727, 0.0119219868314412, 0.005511038310676256, 0.006754696643904823, 0.007308168020967042, 0.004920714432268018, 0.001123741248328398, 0.00332319711022628, 0.0009239099418926601, 0.00023338297154833445, 0.0, 0.0017077138661811533, 0.0]","[0.0030543772684628605, 0.0037500964020499806, 0.0025068086204344817, 0.003342695721568415, 0.0029120486863708273, 0.003420326429974928, 0.002022422513320536, 0.0008701298194536691, 0.0015193147985522826, 0.000717681508635368, 0.00017800995032711133, 0.0, 0.0016886326654353273, 0.0]",-0.014983753786882669,-8.073591134151185,-0.9218927470757684,2.765768950784494e-06,down,0.8250491006974346,0.9372489102001306,3.83246849384168,True,adenine::sAg@785nm
13,"[0.0, 0.93, 1.0, 2.0, 2.8, 3.0, 4.0, 5.0, 5.13, 6.0, 7.0, 8.0, 8.87, 9.0]","[0.019619950977101466, 0.15039634934706736, 0.15947243898721006, 0.23003805097515015, 0.2314217971934618, 0.24854364611461632, 0.2664724806889834, 0.3026573331394183, 0.26162332436986285, 0.2696507224692276, 0.29317205798453516, 0.28220727372238374, 0.296466320390485, 0.31008740316506495]","[0.0030160485887171366, 0.01106065780696598, 0.016460335134258163, 0.015199391702636195, 0.01606255906399018, 0.01583967376165704, 0.016516407623776944, 0.011888696815661135, 0.010673756941113279, 0.00981022425248009, 0.005742019248009527, 0.010537285433798244, 0.00913606061913451, 0.010268869835340642]",0.2904674521879635,25.06931860704293,0.9208791208791209,2.9815431614565473e-06,up,0.6688130679613051,0.9778982825815019,1.21219885360576,True,adenine::sAg@785nm
14,"[0.0, 0.93, 1.0, 2.0, 2.8, 3.0, 4.0, 5.0, 5.13, 6.0, 7.0, 8.0, 8.87, 9.0]","[0.12070723078165872, 0.07808361410418348, 0.08418962324387287, 0.05025890579479261, 0.043740874829741046, 0.02793780003596414, 0.03263042780657757, 0.011774022547540305, 0.018240879213012876, 0.015817711532434553, 0.010965947135193424, 0.008198902239704835, 0.010319243465271072, 0.007943308426746194]","[0.007955559006031185, 0.005197869933737421, 0.005077995144270358, 0.002847364034300136, 0.0062971410716118, 0.0035020196282522695, 0.004206613258704443, 0.0021142334775479618, 0.0031334658739146995, 0.0027422210735128932, 0.0017899469346385145, 0.0020515675234424775, 0.002161899243437584, 0.002035540440442025]",-0.11276392235491253,-30.88609540312688,-0.9736263736263736,4.5902787925115095e-09,down,0.7605011420387325,0.9798674715124991,2.0821701574511504,True,adenine::sAg@785nm
15,"[0.0, 0.93, 1.0, 2.0, 2.8, 3.0, 4.0, 5.0, 5.13, 6.0, 7.0, 8.0, 8.87, 9.0]","[0.08750355141150096, 0.07062906891670236, 0.07664476846320126, 0.06188941181157814, 0.04582042113779881, 0.058192669677807785, 0.054426295701579835, 0.04881311787467394, 0.057172303044701306, 0.039552060157046084, 0.04887629200313766, 0.03964015320004155, 0.052464220356938464, 0.04731657977960113]","[0.010209852429768818, 0.006644687403122997, 0.0055691105622612, 0.005620844877886705, 0.005270646082096851, 0.006920668975687103, 0.006783843545918237, 0.004861693767878739, 0.007494513085373791, 0.005251924715073946, 0.0036618035181302535, 0.00502956461059945, 0.005312045748076612, 0.005461972614281091]",-0.040186971631899826,-6.69040656009562,-0.7362637362637363,0.0026764473596131958,down,0.6074900566979308,0.8364615131056347,1.8076539927846307,True,adenine::sAg@785nm
16,"[0.0, 0.93, 1.0, 2.0, 2.8, 3.0, 4.0, 5.0, 5.13, 6.0, 7.0, 8.0, 8.87, 9.0]","[0.02292525527319385, 0.015075460110572474, 0.016519429413875047, 0.015144976802018716, 0.016866818632921336, 0.013203564455467822, 0.009593684551885001, 0.0060803880679320965, 0.0102831010286674, 0.006475788666588671, 0.007081209948721341, 0.007174931496732579, 0.007234603139069814, 0.002646246232838862]","[0.003647722519877059, 0.0022842884790387884, 0.002154793607176079, 0.003078161815573052, 0.004846788352955163, 0.0037072169974143028, 0.0015572089574840313, 0.0011494055239682382, 0.0022679792932560703, 0.0015085802378495528, 0.0016182779575341015, 0.0019325338248853577, 0.0012435444108749257, 0.0008754792854753853]",-0.02027900904035499,-8.90769856794404,-0.8417582417582418,0.00015973775917452895,down,0.814634688236238,0.8676537961680669,6.070728495364275,True,adenine::sAg@785nm
17,"[0.0, 0.93, 1.0, 2.0, 2.8, 3.0, 4.0, 5.0, 5.13, 6.0, 7.0, 8.0, 8.87, 9.0]","[0.010849139967482936, 0.0030927241956190997, 0.003158997393038902, 0.0015255506050331489, 0.0, 0.0059524468287001555, 0.0010236959157135556, 0.0022870549145215333, 0.0, 0.0, 0.00019104198607285667, 9.194048450411779e-05, 0.0, 0.0]","[0.0034565197640493, 0.0011149879252579451, 0.001198950143764915, 0.001065606303857107, 0.0, 0.0029779878189020456, 0.001012257613514784, 0.001860137043353279, 0.0, 0.0, 0.0001335811054766013, 9.091318427763744e-05, 0.0, 0.0]",-0.010849139967482936,-11.764270008866356,-0.7350170710485938,0.00274507869339813,down,0.4551547683008389,0.7792385409676966,0.49322456601170134,True,adenine::sAg@785nm
18,"[0.0, 0.93, 1.0, 2.0, 2.8, 3.0, 4.0, 5.0, 5.13, 6.0, 7.0, 8.0, 8.87, 9.0]","[0.06377030771976455, 0.050546882753503296, 0.03723607231938858, 0.01149458483198004, 0.002376182212704569, 0.02347934705970514, 0.004247359223634796, 0.001261923249733829, 0.00953377789799173, 0.0014190254262960087, 0.00019455021503288333, 0.0018139498261646023, 5.1221671684066666e-05, 0.0]","[0.010352431924099681, 0.010296809599573294, 0.009722845295901651, 0.0036056867617521946, 0.0012691516172849348, 0.012672374715828527, 0.003188441038398268, 0.0010574177576399683, 0.0063091739007308115, 0.0007934363624972239, 0.00013615112305110128, 0.0012026028523324922, 5.064934453998481e-05, 0.0]",-0.06377030771976455,-14.71852492060712,-0.9076923076923077,7.301703996852342e-06,down,0.6220230878106197,0.8898704328609353,1.621962518029335,True,adenine::sAg@785nm
19,"[0.0, 0.93, 1.0, 2.0, 2.8, 3.0, 4.0, 5.0, 5.13, 6.0, 7.0, 8.0, 8.87, 9.0]","[0.05707820330176223, 0.03447828823762145, 0.026650592210555293, 0.02166408393331093, 0.054063046258382486, 0.021162692213053846, 0.021594310605619556, 0.012413289087488967, 0.02654895603801822, 0.02066813921991118, 0.01504922249188818, 0.009984898956442874, 0.016614375321327143, 0.0012703306694392623]","[0.006790430088956979, 0.008723891880503636, 0.007203415761269901, 0.005297726301381933, 0.008390016811394084, 0.004857720364108286, 0.0066489070394060296, 0.003614177751074007, 0.006667617206860863, 0.005476110187366915, 0.003514462694115337, 0.003202207822955402, 0.004560349342523, 0.0006212487531948528]",-0.055807872632322966,-10.339127096364274,-0.8637362637362638,6.846377605646036e-05,down,0.5506374041027495,0.5745996961059259,4.025388247667343,True,adenine::sAg@785nm
20,"[0.0, 0.93, 1.0, 2.0, 2.8, 3.0, 4.0, 5.0, 5.13, 6.0, 7.0, 8.0, 8.87, 9.0]","[0.054277785172120604, 0.033259182141009494, 0.02904181003005936, 0.01956157538452749, 0.01719066721488142, 0.024913558126672786, 0.02034885221721493, 0.026851571948854853, 0.02394214935568206, 0.030566993188227067, 0.026946280953491858, 0.02849870515974232, 0.023235312090017723, 0.02722503223118433]","[0.006802984704782291, 0.003208633368340305, 0.0039757642888827655, 0.00277414805466105, 0.0029306627537890864, 0.003200673241685901, 0.0028384814586153283, 0.0038476296053978733, 0.003402883706289357, 0.004919231552787646, 0.0019334617371484148, 0.0031148542477408407, 0.0031760925639076803, 0.0023662761763667424]",-0.027052752940936276,-7.810363976394544,-0.16483516483516483,0.5733464050131384,down,0.11457013085206397,0.7741535152767959,0.1497737020216036,False,adenine::sAg@785nm
21,"[0.0, 0.93, 1.0, 2.0, 2.8, 3.0, 4.0, 5.0, 5.13, 6.0, 7.0, 8.0, 8.87, 9.0]","[0.08469280296053078, 0.047641326996533714, 0.04838592997337633, 0.0393087401871702, 0.0358728359132053, 0.033753013984140684, 0.030007514501714506, 0.014087833666637392, 0.021507556369526816, 0.020873454422396555, 0.011412920029569402, 0.013942466218165125, 0.00924691744873096, 0.012904657908162722]","[0.008945305907086648, 0.005893031450979484, 0.006006092146178112, 0.005945867944219174, 0.0059599850635094435, 0.005864318281071444, 0.0055256239493432354, 0.0030253257182028905, 0.0037234908373832707, 0.003570797893367802, 0.0018721650612219776, 0.002829076160368503, 0.002244892232320819, 0.003406100559875851]",-0.07178814505236805,-15.506891909718085,-0.9604395604395607,5.08105389232908e-08,down,0.7768633115531739,0.9619776294500577,1.7685372962801236,True,adenine::sAg@785nm
22,"[0.0, 0.93, 1.0, 2.0, 2.8, 3.0, 4.0, 5.0, 5.13, 6.0, 7.0, 8.0, 8.87, 9.0]","[0.02489169216301634, 0.011185177094195694, 0.008097165197661458, 0.00651704717690069, 0.007084294359418827, 0.009932031894906997, 0.0021765766418419845, 0.0, 0.0010890189484291488, 0.0021854880964127755, 0.0, 0.0, 0.0, 0.0]","[0.004741640708155614, 0.005148622449002409, 0.0034138061937806752, 0.003103220960665593, 0.005464590388691642, 0.004042184633847324, 0.001601753480792859, 0.0, 0.001076850757034502, 0.0021610684685576, 0.0, 0.0, 0.0, 0.0]",-0.02489169216301634,-11.331420303544963,-0.896855692196908,1.3873409365333074e-05,down,0.648612841183483,0.9142708812164895,1.0257044825414308,True,adenine::sAg@785nm
23,"[0.0, 0.93, 1.0, 2.0, 2.8, 3.0, 4.0, 5.0, 5.13, 6.0, 7.0, 8.0, 8.87, 9.0]","[0.035001564218504345, 0.03527338606277609, 0.02219311980637269, 0.016419332852077854, 0.024828018928426416, 0.02095484303277709, 0.01644351201267066, 0.014090750108195528, 0.015288917830303686, 0.018726175622963775, 0.016464778409772823, 0.01628313907866818, 0.013204000668040635, 0.01601675538912487]","[0.006679681863543288, 0.00672622043274274, 0.0026695981910105976, 0.0021752163460857237, 0.007262695695238956, 0.0029531737387807093, 0.003034116646570454, 0.00233839415199042, 0.0030994328497488286, 0.0025497644738187884, 0.001448529085895529, 0.0019497063644036948, 0.0014740566495951588, 0.0010848044774247917]",-0.018984808829379477,-5.84849719801578,-0.7494505494505495,0.002030145549100647,down,0.5462461544788692,0.7385407608096217,1.7979430468810425,True,adenine::sAg@785nm
0,"[0.0, 0.47, 0.5, 1.0, 1.4, 1.5, 2.0, 2.33, 2.5, 3.0, 3.27, 3.5, 4.0, 4.2, 4.5]","[0.023243345620265622, 0.04329296086218183, 0.043539100502646075, 0.04954695429247938, 0.05301115999032692, 0.05534522912865248, 0.05529972660262809, 0.0633611032480518, 0.059369266665208885, 0.06552223780685261, 0.06160591339973585, 0.06398014909242794, 0.06708888843284856, 0.06303788720598795, 0.06820668854115207]","[0.0017799516065226642, 0.00265881935992299, 0.0029595923418528876, 0.0037286570371584124, 0.0032629290641787933, 0.0030595236658118798, 0.0031763569342811264, 0.003465127669808667, 0.003259152361137288, 0.0028917653114375968, 0.0032290414113639128, 0.003176594115938138, 0.0028896006329494047, 0.0031425789843986737, 0.0026675349746119845]",0.04496334292088645,14.873014031339908,0.9249999999999998,7.987462113818487e-07,up,0.7779838662587418,0.9699133737259793,0.896440528068656,True,adenine::sAu@785nm
1,"[0.0, 0.47, 0.5, 1.0, 1.4, 1.5, 2.0, 2.33, 2.5, 3.0, 3.27, 3.5, 4.0, 4.2, 4.5]","[0.05871681344823183, 0.09452062461327146, 0.09705266407905302, 0.10763539794952282, 0.10790965562408263, 0.11203510257171612, 0.12077167141751091, 0.12234673364091596, 0.12223583086141389, 0.1117195539464906, 0.12258430661407489, 0.12745000177842666, 0.12835972645129892, 0.1220662041693051, 0.13497249026847113]","[0.0036270803853498805, 0.005429230489435407, 0.004444740762338607, 0.005152454277147249, 0.004530113078439866, 0.0059446134071904745, 0.0039038612464115966, 0.004601688976232853, 0.003191401376029954, 0.004280836479982237, 0.004260702525188963, 0.004124658424054705, 0.004205253276468428, 0.0038729452811079837, 0.00383231008921373]",0.0762556768202393,17.489324676384072,0.8999999999999999,4.871970948735608e-06,up,0.6931712433792959,0.9428035528567069,0.5893190603745071,True,adenine::sAu@785nm
2,"[0.0, 0.47, 0.5, 1.0, 1.4, 1.5, 2.0, 2.33, 2.5, 3.0, 3.27, 3.5, 4.0, 4.2, 4.5]","[0.020819527058192077, 0.014294116477830673, 0.013134586456105294, 0.009284974496314706, 0.011037908157692138, 0.008245148188952799, 0.006788760979095883, 0.005068366012993168, 0.006206912624170802, 0.003391771218210706, 0.005506684780494991, 0.005588886892485019, 0.002117204673152407, 0.0027686786488116295, 0.001845534248439422]","[0.0023966839233585647, 0.0024220877249750104, 0.0025460156119108857, 0.001837957673659121, 0.00213574086987724, 0.0018168661203095098, 0.00172460243274959, 0.001541543945558356, 0.001691401223781068, 0.0008711963298807757, 0.0016846129425789455, 0.0012776045790500715, 0.001011790176733991, 0.0010177586639774272, 0.0009231737400474981]",-0.018973992809752656,-11.430551815860435,-0.95,6.086257958053975e-08,down,0.8296055682745329,0.9531468750230949,1.3316213891180704,True,adenine::sAu@785nm
3,"[0.0, 0.47, 0.5, 1.0, 1.4, 1.5, 2.0, 2.33, 2.5, 3.0, 3.27, 3.5, 4.0, 4.2, 4.5]","[0.03380143193475168, 0.08673503900991324, 0.0856462764074171, 0.10036852126000026, 0.11375501902678735, 0.12638628876570626, 0.11428087032580721, 0.13004614737065276, 0.1379428660129917, 0.15562811588804143, 0.13746906353442137, 0.14612147424926064, 0.14819282863744204, 0.14720900536246553, 0.14999574773013413]","[0.002318915945412191, 0.00429621048243492, 0.003685705325334569, 0.005916097290138869, 0.005886123239562852, 0.005964426955171916, 0.004636618625293483, 0.004896278361781261, 0.0061586107052557125, 0.004720671817366021, 0.005784584500137515, 0.006188731659467747, 0.004832968757135462, 0.005225002479572581, 0.004941491068265586]",0.11619431579538245,23.099510828700463,0.9285714285714284,5.867938270803346e-07,up,0.7788263375262379,0.9587054442760384,0.991975599919197,True,adenine::sAu@785nm
4,"[0.0, 0.47, 0.5, 1.0, 1.4, 1.5, 2.0, 2.33, 2.5, 3.0, 3.27, 3.5, 4.0, 4.2, 4.5]","[0.035465130535074156, 0.020763564455131885, 0.02124039433666631, 0.016805995071765376, 0.013454007489081191, 0.012250451448246687, 0.012110160069054863, 0.008460590586816877, 0.009271627138315995, 0.008782599137947792, 0.007851856258599597, 0.006691238852471838, 0.008121868246592378, 0.00872731062969275, 0.007550365204073242]","[0.0012448720719633924, 0.0019441308190882988, 0.0018593404722806568, 0.0019460376875841173, 0.0017993609424807495, 0.0019958344876197277, 0.0017356009886582097, 0.0011877496235561703, 0.0014337903219708774, 0.0015620127849022111, 0.0013224920498683913, 0.0011439261772818188, 0.0013367840444915686, 0.0014954879912543347, 0.001314091096734489]",-0.027914765331000915,-17.95429123786189,-0.9214285714285713,1.0713172981620745e-06,down,0.6857586629622856,0.9868101140223923,0.6194876575002352,True,adenine::sAu@785nm
5,"[0.0, 0.47, 0.5, 1.0, 1.4, 1.5, 2.0, 2.33, 2.5, 3.0, 3.27, 3.5, 4.0, 4.2, 4.5]","[0.041433223120000646, 0.0333007280643005, 0.032072941618896525, 0.02692647242797975, 0.024988201587508713, 0.025004711958024936, 0.023902373848769084, 0.018946991414891083, 0.022595957609438538, 0.017401349178550445, 0.019300729493747577, 0.01489438291746615, 0.016409829296631234, 0.018433195183569527, 0.013962898483459914]","[0.002409417971465784, 0.0025704057180217523, 0.0020805669600417434, 0.0025849047692814843, 0.0025553095575888076, 0.002601154792648694, 0.0020753484053825546, 0.0023294738657171255, 0.0027318806649929755, 0.0020129781460688934, 0.002148986291359772, 0.0015439995595221505, 0.00202181956486813, 0.002284207593061257, 0.0015902249694745138]",-0.027470324636540734,-12.285221994595428,-0.95,6.086257958053975e-08,down,0.8504036453005365,0.9599497813687414,1.6327918143934625,True,adenine::sAu@785nm
6,"[0.0, 0.47, 0.5, 1.0, 1.4, 1.5, 2.0, 2.33, 2.5, 3.0, 3.27, 3.5, 4.0, 4.2, 4.5]","[0.04353507651379921, 0.037257603964568814, 0.03894258415623314, 0.03545914509506552, 0.032390241959953985, 0.032893630876831975, 0.02833444453727947, 0.028577087097115626, 0.027136267673643247, 0.0319113791067483, 0.026892671895807015, 0.02741878106243204, 0.02564496003225953, 0.02763226014904985, 0.025818872123670445]","[0.0043027769829343965, 0.003082782064257936, 0.0033400946831506646, 0.0030254026917083104, 0.002437357054242357, 0.002183997005149299, 0.0021878197687793463, 0.002070075814542285, 0.0020237525490803122, 0.002645372337708789, 0.0020462700354140877, 0.00226522706923426, 0.0017568708181318307, 0.0020070637456670788, 0.0018314888749239866]",-0.017716204390128765,-7.142408434002272,-0.907142857142857,3.0633105354938695e-06,down,0.7948283497311761,0.9260885128666488,1.539084105631808,True,adenine::sAu@785nm
7,"[0.0, 0.47, 0.5, 1.0, 1.4, 1.5, 2.0, 2.33, 2.5, 3.0, 3.27, 3.5, 4.0, 4.2, 4.5]","[0.0017461108258268723, 0.0007573541598011408, 0.0006123541850841142, 0.0008586470579964741, 0.0014994535329618018, 0.0006435724971387962, 0.0005754328950433222, 0.0008143958177686846, 0.0010098574647211445, 0.0006533955590958944, 0.0006641125846633575, 0.0012555438979230445, 0.0006173975805813852, 0.0018983238181662836, 0.0011015918768351519]","[0.0007060513021347294, 0.00028229840935687386, 0.00020472200167455948, 0.0003128405741097229, 0.00040480008847353316, 0.00021825630972171098, 0.00025964000269540325, 0.00028599398045911994, 0.0003168539919416211, 0.00024553673010371216, 0.0002039123841487069, 0.0006262423629040747, 0.00023012489482543896, 0.0006728981862966175, 0.0004800563814551853]",-0.0006445189489917205,-1.7738264044139735,0.12142857142857141,0.6664011137233892,down,0.004360903185607739,0.004361249993203087,2349252.0982013196,False,adenine::sAu@785nm
8,"[0.0, 0.47, 0.5, 1.0, 1.4, 1.5, 2.0, 2.33, 2.5, 3.0, 3.27, 3.5, 4.0, 4.2, 4.5]","[0.2048843970069223, 0.1962750042370615, 0.18102345265088682, 0.17506201888074222, 0.1733100217688955, 0.1513143735466084, 0.16189035948616867, 0.14637335828439801, 0.15054521891633138, 0.12118849434207807, 0.1466061331523774, 0.1304121127024467, 0.12324288006958532, 0.1362917045480773, 0.12381697447895863]","[0.006021420136415303, 0.005360679393207294, 0.004441660915049501, 0.007454681732541281, 0.006682749411138415, 0.005382755010505533, 0.006722287468214449, 0.008826762538268012, 0.005479257660345635, 0.005855945685565963, 0.008932012348198272, 0.007657058460305739, 0.006243463363455077, 0.007890577469039803, 0.007105899606135346]",-0.08106742252796366,-12.153158588550545,-0.9107142857142855,2.395020837207068e-06,down,0.8574464717000092,0.9023524015964113,3.6758961358325655,True,adenine::sAu@785nm
9,"[0.0, 0.47, 0.5, 1.0, 1.4, 1.5, 2.0, 2.33, 2.5, 3.0, 3.27, 3.5, 4.0, 4.2, 4.5]","[0.024109406690327576, 0.014679053763424073, 0.01590275952943934, 0.016883725663909836, 0.012370746548462049, 0.012002456170682617, 0.013102324367768845, 0.010329345738669846, 0.009231698891486714, 0.006220634441976634, 0.00787110299069605, 0.008682698645757332, 0.009908547178691211, 0.00685093372642206, 0.0079463268754351]","[0.002916228980515599, 0.0021272678709616803, 0.0021656750387853783, 0.0022769571014314813, 0.002048504224261541, 0.001677140271098213, 0.0018981638345346992, 0.0015824786097429848, 0.0018421405152006197, 0.0012038151175150613, 0.001320862605386086, 0.0018159640053086472, 0.0013745384513103882, 0.0012205787275188992, 0.0012853503084436192]",-0.016163079814892477,-9.0614849342102,-0.8749999999999999,1.9522613815941116e-05,down,0.7290559800565786,0.8797270294000943,1.0182533886461258,True,adenine::sAu@785nm
10,"[0.0, 0.47, 0.5, 1.0, 1.4, 1.5, 2.0, 2.33, 2.5, 3.0, 3.27, 3.5, 4.0, 4.2, 4.5]","[0.006958382687136021, 0.003361224902712365, 0.0042696245437514255, 0.0021059315142199614, 0.0010607413450350626, 0.0013355473924283351, 0.0008469598152030365, 0.0008205059137703815, 0.0009322956056873872, 0.0011816810761658368, 0.0006859096668326259, 2.778851556525e-05, 0.0013252814435172871, 0.00015706114609613704, 0.0007099556382652722]","[0.0012319031489631052, 0.0008402367520749185, 0.0011458201338475427, 0.000582010316359502, 0.0004259101087403866, 0.00048475313314663617, 0.00041268285466484914, 0.0004387621496436935, 0.0004190374284000636, 0.0006108891139498662, 0.0004278746173796846, 2.7530012127497136e-05, 0.0007674429316208584, 9.59704888729094e-05, 0.000323244462817115]",-0.006248427048870749,-11.382738027698554,-0.8035714285714284,0.0003072650318125094,down,0.5812615307450331,0.943235177436565,0.5237385604170806,True,adenine::sAu@785nm
11,"[0.0, 0.47, 0.5, 1.0, 1.4, 1.5, 2.0, 2.33, 2.5, 3.0, 3.27, 3.5, 4.0, 4.2, 4.5]","[0.06631759278407114, 0.04993405571814331, 0.049104062671546204, 0.034813901090300144, 0.03355336977069076, 0.03303985080464169, 0.0336968828500104, 0.026046772458240053, 0.024900447559420884, 0.021168608961489848, 0.020395088326368497, 0.019661629774462657, 0.01938704937156512, 0.020047505118408117, 0.016481718025685668]","[0.0022628435239370197, 0.002313016521696715, 0.002368969269479151, 0.0030328003834519724, 0.0028574563168188728, 0.003181928841358909, 0.002920972186497085, 0.0030382179941883082, 0.0025056847763737953, 0.0032469394254937265, 0.00251641447639664, 0.0027375714520903455, 0.002643060681038362, 0.0026566518018380134, 0.0023889369808131164]",-0.04983587475838547,-18.379909660265444,-0.9785714285714284,2.645456012398753e-10,down,0.8308157077033886,0.9805221326845928,1.2718885767806463,True,adenine::sAu@785nm
12,"[0.0, 0.47, 0.5, 1.0, 1.4, 1.5, 2.0, 2.33, 2.5, 3.0, 3.27, 3.5, 4.0, 4.2, 4.5]","[0.004608797169047295, 0.0011637517390522113, 0.0018930210128961132, 0.0011516981107241428, 0.0016797642023422261, 0.0019047874439559037, 0.0007641126735514056, 0.001351736877307837, 0.0008932037503596814, 0.000347584006011487, 0.00024195694201772225, 0.0021944857861431427, 0.0006033893811074093, 0.00047569769161887043, 6.358634678825185e-05]","[0.0012467679560518262, 0.0004635735331090897, 0.0008523801801360014, 0.0005591018611682579, 0.0005918754842183781, 0.0006256866919919637, 0.000394267551181193, 0.0005680143722319306, 0.0004015501213426351, 0.0001704902372458754, 0.0001238334791621562, 0.0017047286687706567, 0.00037440637358160714, 0.00029797025432302477, 6.299483303141539e-05]",-0.004545210822259043,-8.080224828504448,-0.6607142857142856,0.00733056983089171,down,0.43429655409408136,0.729761941058813,0.19140366839624215,False,adenine::sAu@785nm
13,"[0.0, 0.47, 0.5, 1.0, 1.4, 1.5, 2.0, 2.33, 2.5, 3.0, 3.27, 3.5, 4.0, 4.2, 4.5]","[0.006205560561188215, 0.043536325996685395, 0.0555696076898945, 0.0796110041043303, 0.09297314868452415, 0.11605664054248387, 0.10510636191643272, 0.14218538467030944, 0.12655888745929508, 0.17651573066339643, 0.1507616589940231, 0.16045795680491928, 0.17415014942322019, 0.16076115133009736, 0.17942365331924612]","[0.001633563798809343, 0.0062763420004874355, 0.006641863345020246, 0.010081148327942045, 0.010017495979354567, 0.011100374152639758, 0.010695497013888139, 0.012311401905167224, 0.010738925781685404, 0.013248964826182295, 0.011607593508891756, 0.013243502058188666, 0.01099263616995874, 0.010915887786422149, 0.013319843380378144]",0.1732180927580579,17.001606122605626,0.9535714285714283,3.7924400411831255e-08,up,0.8905602361983954,0.958610458649188,2.709109303091002,True,adenine::sAu@785nm
14,"[0.0, 0.47, 0.5, 1.0, 1.4, 1.5, 2.0, 2.33, 2.5, 3.0, 3.27, 3.5, 4.0, 4.2, 4.5]","[0.09791133173845612, 0.07186133856161975, 0.0639331602148483, 0.04944187165768604, 0.04894620884458683, 0.05033688030720812, 0.04306181981755898, 0.03372179487857197, 0.03573021251974373, 0.030264586281766002, 0.027330708380506916, 0.02980336561571907, 0.033513790547804706, 0.024693550634627037, 0.02473744619285858]","[0.005267793964035259, 0.005563876390057582, 0.0047827911367251535, 0.004366424649388398, 0.0038751304633171967, 0.0052765912831079596, 0.0038256389492455664, 0.004220428732826114, 0.003947115135105464, 0.003426119826987678, 0.003883058419715046, 0.00331553607507257, 0.004729756842303462, 0.0032125787843972306, 0.003120806903815333]",-0.07317388554559753,-17.474037311606676,-0.9571428571428571,2.2736751556259775e-08,down,0.7891900363083443,0.9736659219954118,0.9998273996712692,True,adenine::sAu@785nm
15,"[0.0, 0.47, 0.5, 1.0, 1.4, 1.5, 2.0, 2.33, 2.5, 3.0, 3.27, 3.5, 4.0, 4.2, 4.5]","[0.07900055338223042, 0.07311735960543943, 0.07416961800109025, 0.07461065382028093, 0.0680289893208088, 0.06006648879830507, 0.07340497939635411, 0.06610731756988399, 0.0654254741827854, 0.05800116560129544, 0.07351123275971856, 0.059220662268112935, 0.06276168941181454, 0.06726910910907533, 0.06469033086725261]","[0.002496433603487643, 0.002537355052661256, 0.002617557756277014, 0.004288423650428474, 0.002576383781602176, 0.002649625868336674, 0.002871809308396736, 0.0032715589555331105, 0.003108909602710383, 0.003428292032722354, 0.0037605013532452545, 0.003515999667407737, 0.0024009211380416357, 0.0032436661648499307, 0.0033041982822222577]",-0.014310222514977808,-4.659119698344205,-0.6249999999999999,0.012727453511233678,down,0.37757991302753463,0.4820765813196657,1.1223258341670521,False,adenine::sAu@785nm
16,"[0.0, 0.47, 0.5, 1.0, 1.4, 1.5, 2.0, 2.33, 2.5, 3.0, 3.27, 3.5, 4.0, 4.2, 4.5]","[0.031189454055215234, 0.02771924543936882, 0.027164977373027317, 0.02149623440018245, 0.02264433528254114, 0.021568211085316695, 0.02381576598972487, 0.023344578517973842, 0.02546802109880259, 0.02395373760739092, 0.025379823629909818, 0.025517066396753423, 0.022890943478816112, 0.027442567331156048, 0.023958697266968695]","[0.003091416334552378, 0.0034322015843105684, 0.003041850420537854, 0.0028016733957825146, 0.002638716499117098, 0.0032793415006850744, 0.0033851673280473485, 0.003176365369549231, 0.003336539380665484, 0.0036873199559929477, 0.0032722493629389394, 0.0037286791617326836, 0.0031524818725042697, 0.002982119015228966, 0.0032208043763822013]",-0.007230756788246539,-2.2489784873082574,-0.08214285714285713,0.7710285652881773,down,0.07165591337432853,0.4967025929244293,0.16924647505452559,False,adenine::sAu@785nm
17,"[0.0, 0.47, 0.5, 1.0, 1.4, 1.5, 2.0, 2.33, 2.5, 3.0, 3.27, 3.5, 4.0, 4.2, 4.5]","[0.05348291107827833, 0.043329011049959266, 0.044035587351944544, 0.0377128943911647, 0.03795006596556497, 0.03393526691113, 0.04215739730653301, 0.035579540849934095, 0.03610486197504189, 0.031038219300661515, 0.032832002403367685, 0.03298656578506617, 0.031967276615585946, 0.03565827761430931, 0.03426889346729992]","[0.002719600537389335, 0.0027071398755704455, 0.002647597725895167, 0.003171725751496844, 0.002888816738160142, 0.002950266956998263, 0.0031166137134797773, 0.0031791187916298037, 0.0029088334403426777, 0.0029670349627061287, 0.0027497737440270458, 0.0029942014517734526, 0.0026114040007430097, 0.002971072568527958, 0.0028862650313722597]",-0.019214017610978407,-6.630175061702618,-0.7571428571428571,0.0010811081941858348,down,0.5912446747966538,0.84692937050547,0.6044682954221748,True,adenine::sAu@785nm
18,"[0.0, 0.47, 0.5, 1.0, 1.4, 1.5, 2.0, 2.33, 2.5, 3.0, 3.27, 3.5, 4.0, 4.2, 4.5]","[0.01893399261989832, 0.008400703879164906, 0.016350700324604065, 0.012108910120449779, 0.01074984116881803, 0.013693578355730054, 0.00741621426753895, 0.0016354086173222039, 0.004209390727478672, 0.005129471246802354, 0.0017887833981683908, 0.007534561865965443, 0.0028499928681039004, 0.00249166951680082, 0.0]","[0.003947510023198872, 0.002587794873933715, 0.004107246248170934, 0.0035909718962228968, 0.003137739518501805, 0.0035649387800804695, 0.0022582246245793254, 0.0010853213695462525, 0.0019713864795701027, 0.001971878565301413, 0.000907431658583324, 0.0031592057481392237, 0.001594687144182312, 0.0023976636031084373, 0.0]",-0.01893399261989832,-7.827842117514774,-0.8178571428571428,0.00019513654706319864,down,0.7248403168149959,0.7574760260703415,3.8588146494331035,True,adenine::sAu@785nm
19,"[0.0, 0.47, 0.5, 1.0, 1.4, 1.5, 2.0, 2.33, 2.5, 3.0, 3.27, 3.5, 4.0, 4.2, 4.5]","[0.053598021252795065, 0.036728394549489764, 0.032095549590897186, 0.040222735286229265, 0.03260655026854369, 0.029798115896469694, 0.03445543525631295, 0.03889422210250411, 0.03402299198323572, 0.02953214569868984, 0.039552535643594115, 0.027310587556064657, 0.02686738148484669, 0.03725120644160437, 0.02839101514663628]","[0.0038599835565516693, 0.004808467165646007, 0.0044886863976489446, 0.005410218964271819, 0.004619942931439524, 0.004191616922144409, 0.0038795395883582024, 0.004766203160928677, 0.004557708576622053, 0.004373950989146378, 0.005226298228920997, 0.003957136468899519, 0.0035717307554051078, 0.004716575422818831, 0.004296166915074707]",-0.025207006106158784,-5.666682538116029,-0.48571428571428565,0.06642631232518954,down,0.2830085702359435,0.601562165452889,0.10487136588105937,False,adenine::sAu@785nm
20,"[0.0, 0.47, 0.5, 1.0, 1.4, 1.5, 2.0, 2.33, 2.5, 3.0, 3.27, 3.5, 4.0, 4.2, 4.5]","[0.035841841755355715, 0.03249901010506963, 0.035604602643087624, 0.04554577683728006, 0.039118480419718715, 0.036105406210209814, 0.04084166969289186, 0.0328880710710067, 0.04005766151573141, 0.04197097950087917, 0.042864819199107056, 0.0358675027044154, 0.035337035903476206, 0.042079123664011134, 0.03952269571209569]","[0.002652023939599409, 0.002376543655189966, 0.0030015192942933126, 0.0029867448656982097, 0.002433991348201101, 0.00246548968648394, 0.002722897866615378, 0.0029088656053938683, 0.0025801465248159005, 0.003086358245660165, 0.0035575972662618255, 0.0025408407159613323, 0.0022303999636232173, 0.0027306841556428386, 0.002363741957702834]",0.0036808539567399767,1.3586544475340832,0.3071428571428571,0.2654726857102781,up,0.07275112434438019,0.11373324898136383,0.8363627174084688,False,adenine::sAu@785nm
21,"[0.0, 0.47, 0.5, 1.0, 1.4, 1.5, 2.0, 2.33, 2.5, 3.0, 3.27, 3.5, 4.0, 4.2, 4.5]","[0.05384976289029056, 0.06564868802250022, 0.06326402361621995, 0.059176944142678205, 0.06374622739936656, 0.060550001660487435, 0.049371944113970646, 0.05279902011568876, 0.055933101241402126, 0.05406714394155519, 0.04073565293713841, 0.05513465541530317, 0.048689628964291784, 0.038487167027163295, 0.04160913333163476]","[0.0048503148017892935, 0.005162634178464927, 0.004774992270002781, 0.005354502376062122, 0.004714563701329516, 0.004743089479279741, 0.004055190524701138, 0.0038543876395197973, 0.0037247153503667794, 0.0034407564545892283, 0.0037263473373497524, 0.0038576243920913733, 0.002868828827359393, 0.0036661114862380248, 0.0033539813797385737]",-0.012240629558655798,-2.954387595754383,-0.7285714285714285,0.0020652097446907935,down,0.606316381249274,0.6063163661571528,27372351.12985471,True,adenine::sAu@785nm
22,"[0.0, 0.47, 0.5, 1.0, 1.4, 1.5, 2.0, 2.33, 2.5, 3.0, 3.27, 3.5, 4.0, 4.2, 4.5]","[0.003564186063507641, 0.0005041679644511426, 0.0033716094852597406, 0.001532099030397002, 0.0028601444530208906, 0.003346604194278128, 0.007101944764723924, 0.007985553540820934, 0.00345751326850895, 0.0024119462818816, 0.005663546193060006, 0.004717602059135768, 0.007216621315550822, 0.006023438059770284, 0.00862372576935233]","[0.0011423439240805463, 0.00024772075049740667, 0.0014794643597933748, 0.0007176312839118726, 0.0011341167030950903, 0.001835260446258174, 0.0020143436087916014, 0.0018718615998836933, 0.001356029644200931, 0.0008954701495224968, 0.001311477971245858, 0.001828435603433232, 0.0016635415496429559, 0.0018787231850189122, 0.0023314864127473227]",0.00505953970584469,3.4961013272475943,0.6464285714285712,0.009214550689979997,up,0.45589804521309424,0.45589802988476635,6048532.642628486,False,adenine::sAu@785nm
23,"[0.0, 0.47, 0.5, 1.0, 1.4, 1.5, 2.0, 2.33, 2.5, 3.0, 3.27, 3.5, 4.0, 4.2, 4.5]","[0.0007831492091371667, 0.00032067285885785184, 6.741558504185185e-06, 0.0016374932982999055, 0.00035571718868515184, 0.002141655244793428, 0.000902387610066039, 0.0023159736043910943, 0.0007604332547834186, 0.0019974692060211146, 0.0019037068215682757, 0.007070299361275544, 0.0027356391912156017, 0.0022469718737131755, 0.0023016590852858666]","[0.0004229163948123193, 0.00031407848343374163, 6.6788449689820584e-06, 0.0007005682760745038, 0.00023769288544653566, 0.0010824404180315777, 0.00037912250853369987, 0.0008294956375677801, 0.00031949214805722034, 0.0006650572368815809, 0.000722061898641084, 0.00559755857662714, 0.0007240260322390669, 0.0008288344279374254, 0.0006935154233484972]",0.0015185098761487,1.6842945144326285,0.7535714285714286,0.0011775830234888275,up,0.3310759324879858,0.3336165849836241,16.669145191600585,True,adenine::sAu@785nm
0,"[0.0, 0.2, 0.4, 0.6, 0.8, 1.0, 1.2, 1.4, 1.6, 1.8, 2.0]","[0.0024717788244684397, 0.00104406081984256, 0.0036078958159080606, 0.004617240420799, 0.00581794573885442, 0.00617823199322552, 0.006982911155124121, 0.00875922441692462, 0.007675704850904899, 0.008521007708530941, 0.00910646127958506]","[0.0003143478956402522, 0.00031897530065047846, 0.0004868875053311686, 0.00021793405872877253, 0.0006817412885051358, 0.0004252028343967534, 0.0004467742520148338, 0.0005683858168854279, 0.0006206820340228057, 0.00029280665092849606, 0.0002627219705095743]",0.00663468245511662,15.740746180173671,0.9636363636363637,1.8520398640703128e-06,up,0.906952922854102,0.925596789222933,3.489175424523697,True,ergothioneine
1,"[0.0, 0.2, 0.4, 0.6, 0.8, 1.0, 1.2, 1.4, 1.6, 1.8, 2.0]","[0.02299999790549296, 0.01308019492038942, 0.037214761126870305, 0.042727793901007116, 0.06296571562052991, 0.05802790377110188, 0.07416036662325712, 0.08619790312552354, 0.08483304444878384, 0.07857550448997111, 0.07773711435477086]","[0.001922869296312018, 0.0013197141016475862, 0.00428882493656603, 0.0028173554287699173, 0.0033549431761999518, 0.001865150356916066, 0.005183976686266697, 0.004410943003225958, 0.007035279267259377, 0.00264036587749838, 0.003521788369636104]",0.0547371164492779,15.695753612469776,0.8909090909090911,0.00023345817037873177,up,0.8407988043960751,0.8928845743630374,1.923262652152727,True,ergothioneine
2,"[0.0, 0.2, 0.4, 0.6, 0.8, 1.0, 1.2, 1.4, 1.6, 1.8, 2.0]","[0.03642564118428116, 0.04621166681001944, 0.0463421450687143, 0.05010023466164264, 0.05587789277955302, 0.05676225087454406, 0.05801364322755446, 0.05980072199301238, 0.06306571465963633, 0.0638515651477205, 0.06250502200444494]","[0.0004818259847314003, 0.000503961391453332, 0.0007492362828792006, 0.0006371343253017461, 0.0012507843150083456, 0.00133649075358918, 0.0006609019323835948, 0.0005900064368422206, 0.0007503351600850036, 0.0009965986301478176, 0.001206072701706362]",0.026079380820163776,31.306553820509656,0.9727272727272729,5.142177049049182e-07,up,0.8968256609163835,0.9719365468310033,1.145610176866612,True,ergothioneine
3,"[0.0, 0.2, 0.4, 0.6, 0.8, 1.0, 1.2, 1.4, 1.6, 1.8, 2.0]","[0.13693974012367632, 0.11382284445251074, 0.12945754478935184, 0.1158893144533493, 0.1152542945208482, 0.10755802224474649, 0.10827248463574694, 0.10516128395276718, 0.10348570510344068, 0.09881162717555957, 0.09829515762585508]","[0.0029380583436978596, 0.001580560295672698, 0.0031961652154246004, 0.0019624818782386223, 0.0012322707390372395, 0.0011557355934148873, 0.0017480226903348406, 0.001429506223499216, 0.0034043136314239044, 0.0006207170802325459, 0.0008918338055437778]",-0.03864458249782124,-21.086172069745736,-0.9363636363636365,2.2082076449177507e-05,down,0.799603883133926,0.8225946188135925,2.1537465504969058,True,ergothioneine
4,"[0.0, 0.2, 0.4, 0.6, 0.8, 1.0, 1.2, 1.4, 1.6, 1.8, 2.0]","[0.0006814293659808399, 0.0, 0.0, 0.0, 0.0, 0.0, 0.0, 0.0, 0.0, 0.0, 0.0]","[0.0002579819158467237, 0.0, 0.0, 0.0, 0.0, 0.0, 0.0, 0.0, 0.0, 0.0, 0.0]",-0.0006814293659808399,-29.053987785627907,-0.5,0.11730680301423817,down,0.2500000000000001,1.0,2.8111842526974884e-10,False,ergothioneine
5,"[0.0, 0.2, 0.4, 0.6, 0.8, 1.0, 1.2, 1.4, 1.6, 1.8, 2.0]","[0.00281559178765956, 0.00662528791469288, 0.0036186768642732597, 0.00581907752742028, 0.00655890740121542, 0.0073990205135769805, 0.007497080531674981, 0.00824382515724232, 0.00928255325823884, 0.00929097164991342, 0.0092897922307246]","[0.0003109965449621945, 0.00016189832388996623, 0.00026318680107557046, 0.00020641157439780833, 0.0005836010478414334, 0.0003286121077157339, 0.0003742608106263016, 0.00019706736014044003, 0.0008235673758658706, 0.0002448656658533389, 0.00019988292747354368]",0.006474200443065041,19.276999315220603,0.9363636363636365,2.2082076449177507e-05,up,0.8152559054662882,0.8250559044823029,4.264480213573467,True,ergothioneine
6,"[0.0, 0.2, 0.4, 0.6, 0.8, 1.0, 1.2, 1.4, 1.6, 1.8, 2.0]","[0.013427858366510458, 0.012747763393062661, 0.0142087940979666, 0.01312605005632662, 0.013738893899965882, 0.014218210785035, 0.01519481289645604, 0.01381473073989326, 0.016266126235979984, 0.01595410520413456, 0.01442609869686338]","[0.0003262804709353456, 0.0002870040688522907, 0.00024812218703706534, 0.0003101302561381437, 0.0006744831492345752, 0.0001246145690727105, 0.00037539907158570053, 0.0004115692124740234, 0.0007149570233366306, 0.0003125633690493145, 0.0002130786268333078]",0.0009982403303529213,2.7463878541209583,0.790909090909091,0.0037460829533974057,up,0.5219957662568258,0.5231340057022897,14.948228127207,True,ergothioneine
7,"[0.0, 0.2, 0.4, 0.6, 0.8, 1.0, 1.2, 1.4, 1.6, 1.8, 2.0]","[0.0190078960717101, 0.016419669771914062, 0.01498402190549874, 0.012241780073925599, 0.008819747301839782, 0.00765120571329954, 0.00612212218301178, 0.0029380177074986, 0.0034953767912247803, 0.00301929952187922, 0.0027414710423342]","[0.0004045041898002483, 0.00014750059854770641, 0.00021009693267463447, 0.0002966719150361731, 0.00044588674033847937, 0.0004710255468018723, 0.0008600996649450067, 0.000611008810496386, 0.0008230260349062102, 0.0002923879655993067, 0.0002233430885245241]",-0.0162664250293759,-37.389685284463255,-0.9727272727272729,5.142177049049182e-07,down,0.9354724565798982,0.9767561065081638,2.0973653440383138,True,ergothioneine
8,"[0.0, 0.2, 0.4, 0.6, 0.8, 1.0, 1.2, 1.4, 1.6, 1.8, 2.0]","[0.03300548256248282, 0.040534765084487376, 0.038039553080108604, 0.0390887140452168, 0.041888016130502484, 0.04057224326560936, 0.040033167531007885, 0.03964382165902438, 0.04110999914386434, 0.04147576006407736, 0.0401986752567358]","[0.000596252932971934, 0.00047360611305555033, 0.0007329693506372413, 0.0008724656326395756, 0.0013657180300465585, 0.000935120934475568, 0.000297577990186667, 0.0003973371616876325, 0.0007743804334510439, 0.0006944122536614815, 0.0009329651015499464]",0.0071931926942529825,9.80142622830631,0.4909090909090909,0.12520440713849545,up,0.35441045490221174,0.814617550048905,0.03492840735439693,False,ergothioneine
9,"[0.0, 0.2, 0.4, 0.6, 0.8, 1.0, 1.2, 1.4, 1.6, 1.8, 2.0]","[0.05361535406793805, 0.058440052779434606, 0.052608986637331656, 0.05343233697238934, 0.05036499780489839, 0.05531111471257213, 0.05057700059213398, 0.049011892136805416, 0.04951379423066824, 0.05126985853286696, 0.05259569056831992]","[0.00052400956272383, 0.0007001034810749252, 0.0014875791562695545, 0.0006426364821269143, 0.0007065506544504147, 0.0005007128212680845, 0.001530528440659324, 0.001072520254091039, 0.0016559525235707259, 0.0012010196072890654, 0.0013273391072633105]",-0.0010196634996181286,-0.9883104214960866,-0.6090909090909091,0.0466957093540989,down,0.3191306175243919,0.35723811091461155,1.6371545759798276,False,ergothioneine
10,"[0.0, 0.2, 0.4, 0.6, 0.8, 1.0, 1.2, 1.4, 1.6, 1.8, 2.0]","[0.0, 0.0, 0.0, 0.0, 0.0, 0.0, 0.0, 0.0, 0.0, 0.0, 0.0]","[0.0, 0.0, 0.0, 0.0, 0.0, 0.0, 0.0, 0.0, 0.0, 0.0, 0.0]",0.0,0.0,,,flat,,,,False,ergothioneine
11,"[0.0, 0.2, 0.4, 0.6, 0.8, 1.0, 1.2, 1.4, 1.6, 1.8, 2.0]","[0.0010559060847182057, 0.0023957424779927398, 0.0024399892385191797, 0.0052887429831988, 0.008013825279455381, 0.01072970214786854, 0.01408789381927818, 0.014738251487522938, 0.01782831779925132, 0.014547017085179659, 0.013725949925458721]","[0.0007030731225471992, 0.00053596671029911, 0.0007440071473974283, 0.0006658104775669054, 0.0011492737723600294, 0.0014988832052996131, 0.0004296935494979493, 0.0006007099964732408, 0.0019246358499531294, 0.0009412518290954798, 0.0011819787151197301]",0.012670043840740516,13.432917059477361,0.881818181818182,0.00033016880218390056,up,0.8603070909962135,0.892022652251786,2.7914197621443204,True,ergothioneine
12,"[0.0, 0.2, 0.4, 0.6, 0.8, 1.0, 1.2, 1.4, 1.6, 1.8, 2.0]","[0.0008975293911088001, 0.00225965129510214, 0.0, 0.0, 0.0, 0.0, 0.0, 0.0, 0.0, 0.0, 0.0]","[0.0005140860273932233, 0.0009882009720966116, 0.0, 0.0, 0.0, 0.0, 0.0, 0.0, 0.0, 0.0, 0.0]",-0.0008975293911088001,-6.571814184369221,-0.6607158652139772,0.026886266726799835,down,0.33229340686312786,0.4538022258443124,0.6638953021798343,False,ergothioneine
13,"[0.0, 0.2, 0.4, 0.6, 0.8, 1.0, 1.2, 1.4, 1.6, 1.8, 2.0]","[0.0725590409723181, 0.056068270570595005, 0.05810004405124551, 0.04861303791464328, 0.03876193798401252, 0.035333864417433705, 0.031696472875697504, 0.027628939066795737, 0.023461334287052056, 0.02360167973765246, 0.0268661379850411]","[0.0009417334933721673, 0.0005757991352889231, 0.000347881091903997, 0.00041932505091951114, 0.0022438450234158443, 0.0007294952627983308, 0.001676598120863471, 0.0015791373441958185, 0.003152001189478218, 0.0008927689704220013, 0.0005700909228685534]",-0.045692902987277004,-38.284250966007235,-0.9545454545454546,4.98889873994976e-06,down,0.8868467660341488,0.9619369889741943,1.2756649018634074,True,ergothioneine
14,"[0.0, 0.2, 0.4, 0.6, 0.8, 1.0, 1.2, 1.4, 1.6, 1.8, 2.0]","[0.03467848267512462, 0.01778319927512952, 0.0225166836050974, 0.0236687990540526, 0.022545338164680778, 0.02060560959225266, 0.023317865079973903, 0.02139139277637376, 0.01597901295220978, 0.0147152028990517, 0.01637178879592292]","[0.0004215580602626457, 0.00039778990627984843, 0.002395982978435855, 0.0018207532153652582, 0.0019858216675312824, 0.0020016485483665444, 0.0008480354191671947, 0.0005775158898969157, 0.0017872116571809892, 0.0020267044934737946, 0.0022883355207737794]",-0.0183066938792017,-12.166585162687626,-0.6727272727272727,0.02331303983318598,down,0.4895401136204806,0.6646642675560546,0.020072560768368677,False,ergothioneine
15,"[0.0, 0.2, 0.4, 0.6, 0.8, 1.0, 1.2, 1.4, 1.6, 1.8, 2.0]","[0.16564016738097861, 0.17683255687548763, 0.16367953989470937, 0.1642500720192483, 0.1532718018275106, 0.15714357023368603, 0.14634100972391387, 0.14085678365417348, 0.1423329758758733, 0.14686626359690005, 0.14737054603757357]","[0.0013227552150605023, 0.0010744843346313436, 0.0020305700613551902, 0.0018739972532133243, 0.0018520476986106137, 0.0009508549021259131, 0.003366071648599298, 0.003002727060100662, 0.004784443984977754, 0.0019455070267063582, 0.002512872362393111]",-0.01826962134340504,-8.130888880060217,-0.8181818181818182,0.0020831448404786913,down,0.7463638611484642,0.7739238121621659,3.0092259995560444,True,ergothioneine
16,"[0.0, 0.2, 0.4, 0.6, 0.8, 1.0, 1.2, 1.4, 1.6, 1.8, 2.0]","[0.03742729084584056, 0.042735601182861335, 0.02752867638336748, 0.02723598962448736, 0.020802359894240622, 0.021557288368756, 0.01603043590158396, 0.012278140197301841, 0.01237592816979386, 0.01467376868526884, 0.014200500308713221]","[0.0009118997400452771, 0.00046004947780875813, 0.001611821072572728, 0.0008932822311004925, 0.000710553526139125, 0.0006797055521599939, 0.0013029651862416915, 0.0010047064656663076, 0.002496142309800023, 0.0008879944471216542, 0.0014817891163977199]",-0.02322679053712734,-20.536639841765442,-0.9,0.00015997142806871363,down,0.8142807207600551,0.886554983596862,1.4359801935504755,True,ergothioneine
17,"[0.0, 0.2, 0.4, 0.6, 0.8, 1.0, 1.2, 1.4, 1.6, 1.8, 2.0]","[0.0, 0.0, 0.0, 0.0, 0.0031505277843724604, 0.0, 0.00677468697454324, 0.013618084124173282, 0.011926437400856521, 0.01268267196611192, 0.004903068566367659]","[0.0, 0.0, 0.0, 0.0, 0.0020427272977647866, 0.0, 0.004099275379873157, 0.003399594084480964, 0.006733028822052535, 0.0025249092251180905, 0.001394619676490275]",0.004903068566367659,2.6707592481612066,0.8009085749662975,0.0030516291844857528,up,0.5856335214657596,0.587535098028833,13.425943547015361,True,ergothioneine
18,"[0.0, 0.2, 0.4, 0.6, 0.8, 1.0, 1.2, 1.4, 1.6, 1.8, 2.0]","[0.08162158749127348, 0.11697167737001402, 0.1148999482717427, 0.1334445553071329, 0.1571689000099155, 0.1641133900181401, 0.17247180554108493, 0.1853528951219442, 0.18850578445996613, 0.19065812164355325, 0.18982734970478607]","[0.0011761483713061745, 0.0009673515287071151, 0.0010907141765334988, 0.0011293721960995257, 0.0049041148554927515, 0.001879114000351247, 0.004267089685292603, 0.0026357009403791543, 0.004910064406581955, 0.0013702148224870828, 0.000552404953079174]",0.1082057622135126,47.835744266387735,0.9818181818181818,8.403066433955255e-08,up,0.9095781912251293,0.9727529052121104,1.4399047514075416,True,ergothioneine
19,"[0.0, 0.2, 0.4, 0.6, 0.8, 1.0, 1.2, 1.4, 1.6, 1.8, 2.0]","[0.0092675712431389, 0.00164465125375102, 0.01714107896596602, 0.01617917758931466, 0.014780976327815502, 0.018350867358058444, 0.02025475005602296, 0.023195110584392362, 0.0219679933063345, 0.02326073550057536, 0.02568604298764924]","[0.0014655325969472695, 0.0007846848907817405, 0.0006441587264504904, 0.0011561881263529284, 0.001637100201276268, 0.001140586830148807, 0.000604213436093575, 0.0010358204152840162, 0.0007648581674329373, 0.0008335174983413534, 0.0009798712015568571]",0.01641847174451034,16.349294770978087,0.9454545454545454,1.118303770149319e-05,up,0.7622203423488184,0.785344330909649,2.510529900782676,True,ergothioneine
20,"[0.0, 0.2, 0.4, 0.6, 0.8, 1.0, 1.2, 1.4, 1.6, 1.8, 2.0]","[0.1819932057798353, 0.18964837303392199, 0.16924838943962897, 0.15896702504673962, 0.1364569777908593, 0.14260107464485716, 0.12338617595633557, 0.11112392224467334, 0.11298781993862357, 0.11657864372866525, 0.11983277504539946]","[0.001409446715380102, 0.0009264026728696109, 0.0030448432570208926, 0.002390959171502129, 0.004713494413976362, 0.0017378201018074465, 0.006153892573088229, 0.004702479561114276, 0.0075396366207115964, 0.0029418698925558527, 0.0027577993510482504]",-0.062160430734435834,-17.844173606068345,-0.8909090909090911,0.00023345817037873177,down,0.8586627961619065,0.906537326841707,2.0543007714767194,True,ergothioneine
21,"[0.0, 0.2, 0.4, 0.6, 0.8, 1.0, 1.2, 1.4, 1.6, 1.8, 2.0]","[0.0, 0.0, 0.0, 0.0, 0.0, 0.0, 0.0, 0.0, 0.0, 0.0, 0.0]","[0.0, 0.0, 0.0, 0.0, 0.0, 0.0, 0.0, 0.0, 0.0, 0.0, 0.0]",0.0,0.0,,,flat,,,,False,ergothioneine
22,"[0.0, 0.2, 0.4, 0.6, 0.8, 1.0, 1.2, 1.4, 1.6, 1.8, 2.0]","[0.09346844787546185, 0.08473397071879005, 0.0843632707636992, 0.08531005834910492, 0.08376094373892888, 0.07588642934523548, 0.07878531469559771, 0.0762450598539565, 0.07390637708729614, 0.07164619566238688, 0.07432035758345326]","[0.0007731883226001719, 0.0006211703266159049, 0.0011868052348916055, 0.0002635952367234854, 0.0014387498057268353, 0.0005840133305591232, 0.001026849453395792, 0.0011354213707326925, 0.0006987057324026575, 0.0005955302409085606, 0.0008888060436583578]",-0.01914809029200859,-22.862532486339898,-0.9181818181818183,6.661451941355567e-05,down,0.8549412896827016,0.8853841186177092,2.012840193476755,True,ergothioneine
23,"[0.0, 0.2, 0.4, 0.6, 0.8, 1.0, 1.2, 1.4, 1.6, 1.8, 2.0]","[0.0, 0.0, 0.0, 0.0, 0.0, 0.0, 0.0, 0.0, 0.0, 0.0, 0.0]","[0.0, 0.0, 0.0, 0.0, 0.0, 0.0, 0.0, 0.0, 0.0, 0.0, 0.0]",0.0,0.0,,,flat,,,,False,ergothioneine
