spectrum_id,source_dataset,original_file,original_analyte_label,normalized_label,canonical_id,modality,substrate,excitation_nm,is_pure_analyte,included_in_v7_raman,inclusion_reason,exclusion_reason,chemistry_class,replicate_group,substrate_flag
ramanbiolib::1,RamanBioLib,grounding_molecule_spectra.parquet,12-methyltetradecanoic acid,12-methyltetradecanoic acid,12-methyltetradecanoic acid,raman,CaF2 slide,785.0,True,True,pure Raman reference library; modality=raman in source record,,fatty_acid,12-methyltetradecanoic acid|785.0,
ramanbiolib::2,RamanBioLib,grounding_molecule_spectra.parquet,13-methylmyristicacid,13-methylmyristicacid,13-methylmyristicacid,raman,CaF2 slide,785.0,True,True,pure Raman reference library; modality=raman in source record,,fatty_acid,13-methylmyristicacid|785.0,
ramanbiolib::3,RamanBioLib,grounding_molecule_spectra.parquet,14-methylhexadecanoic acid,14-methylhexadecanoic acid,14-methylhexadecanoic acid,raman,CaF2 slide,785.0,True,True,pure Raman reference library; modality=raman in source record,,fatty_acid,14-methylhexadecanoic acid|785.0,
ramanbiolib::4,RamanBioLib,grounding_molecule_spectra.parquet,14-methylpentadecanoic acid,14-methylpentadecanoic acid,14-methylpentadecanoic acid,raman,CaF2 slide,785.0,True,True,pure Raman reference library; modality=raman in source record,,fatty_acid,14-methylpentadecanoic acid|785.0,
ramanbiolib::5,RamanBioLib,grounding_molecule_spectra.parquet,15-methylpalmiticacid,15-methylpalmiticacid,15-methylpalmiticacid,raman,CaF2 slide,785.0,True,True,pure Raman reference library; modality=raman in source record,,fatty_acid,15-methylpalmiticacid|785.0,
ramanbiolib::6,RamanBioLib,grounding_molecule_spectra.parquet,acetoacetate,acetoacetate,acetoacetate,raman,CaF2 slide,785.0,True,True,pure Raman reference library; modality=raman in source record,,carboxylic_acid_metabolite,acetoacetate|785.0,
ramanbiolib::7,RamanBioLib,grounding_molecule_spectra.parquet,acetyl coenzyme a,acetyl coenzyme a,acetyl-coa,raman,CaF2 slide,785.0,True,True,pure Raman reference library; modality=raman in source record,,sulfur_thiol_cofactor,acetyl-coa|785.0,
ramanbiolib::8,RamanBioLib,grounding_molecule_spectra.parquet,adenine,adenine,adenine,raman,CaF2 slide,785.0,True,True,pure Raman reference library; modality=raman in source record,,purine,adenine|785.0,
ramanbiolib::9,RamanBioLib,grounding_molecule_spectra.parquet,amylopectin,amylopectin,amylopectin,raman,CaF2 slide,785.0,True,True,pure Raman reference library; modality=raman in source record,,polysaccharide,amylopectin|785.0,
ramanbiolib::10,RamanBioLib,grounding_molecule_spectra.parquet,amylose,amylose,amylose,raman,CaF2 slide,785.0,True,True,pure Raman reference library; modality=raman in source record,,polysaccharide,amylose|785.0,
ramanbiolib::11,RamanBioLib,grounding_molecule_spectra.parquet,ascorbic acid,ascorbate,ascorbate,raman,CaF2 slide,785.0,True,True,pure Raman reference library; modality=raman in source record,,carboxylic_acid_metabolite,ascorbate|785.0,
ramanbiolib::12,RamanBioLib,grounding_molecule_spectra.parquet,cellulose,cellulose,cellulose,raman,CaF2 slide,785.0,True,True,pure Raman reference library; modality=raman in source record,,polysaccharide,cellulose|785.0,
ramanbiolib::13,RamanBioLib,grounding_molecule_spectra.parquet,chitin,chitin,chitin,raman,CaF2 slide,785.0,True,True,pure Raman reference library; modality=raman in source record,,polysaccharide,chitin|785.0,
ramanbiolib::14,RamanBioLib,grounding_molecule_spectra.parquet,citric acid,citrate,citrate,raman,CaF2 slide,785.0,True,True,pure Raman reference library; modality=raman in source record,,carboxylic_acid_metabolite,citrate|785.0,
ramanbiolib::15,RamanBioLib,grounding_molecule_spectra.parquet,coenzyme a,coenzyme a,coenzyme a,raman,CaF2 slide,785.0,True,True,pure Raman reference library; modality=raman in source record,,sulfur_thiol_cofactor,coenzyme a|785.0,
ramanbiolib::16,RamanBioLib,grounding_molecule_spectra.parquet,cytosine,cytosine,cytosine,raman,CaF2 slide,785.0,True,True,pure Raman reference library; modality=raman in source record,,pyrimidine,cytosine|785.0,
ramanbiolib::17,RamanBioLib,grounding_molecule_spectra.parquet,d-(+)-dextrose,(+)-dextrose,(+)-glucose,raman,CaF2 slide,785.0,True,True,pure Raman reference library; modality=raman in source record,,mono_oligosaccharide,(+)-glucose|785.0,
ramanbiolib::18,RamanBioLib,grounding_molecule_spectra.parquet,d-(+)-fucose,(+)-fucose,(+)-fucose,raman,CaF2 slide,785.0,True,True,pure Raman reference library; modality=raman in source record,,mono_oligosaccharide,(+)-fucose|785.0,
ramanbiolib::19,RamanBioLib,grounding_molecule_spectra.parquet,d-(+)-galactosamine,(+)-galactosamine,(+)-galactosamine,raman,CaF2 slide,785.0,True,True,pure Raman reference library; modality=raman in source record,,mono_oligosaccharide,(+)-galactosamine|785.0,
ramanbiolib::20,RamanBioLib,grounding_molecule_spectra.parquet,d-(+)-mannose,(+)-mannose,(+)-mannose,raman,CaF2 slide,785.0,True,True,pure Raman reference library; modality=raman in source record,,mono_oligosaccharide,(+)-mannose|785.0,
ramanbiolib::21,RamanBioLib,grounding_molecule_spectra.parquet,d-(+)-trehalose,(+)-trehalose,(+)-trehalose,raman,CaF2 slide,785.0,True,True,pure Raman reference library; modality=raman in source record,,mono_oligosaccharide,(+)-trehalose|785.0,
ramanbiolib::22,RamanBioLib,grounding_molecule_spectra.parquet,d-(+)-xylose,(+)-xylose,(+)-xylose,raman,CaF2 slide,785.0,True,True,pure Raman reference library; modality=raman in source record,,mono_oligosaccharide,(+)-xylose|785.0,
ramanbiolib::23,RamanBioLib,grounding_molecule_spectra.parquet,d-(-)-arabinose,(-)-arabinose,(-)-arabinose,raman,CaF2 slide,785.0,True,True,pure Raman reference library; modality=raman in source record,,mono_oligosaccharide,(-)-arabinose|785.0,
ramanbiolib::24,RamanBioLib,grounding_molecule_spectra.parquet,d-(-)-fructose,(-)-fructose,(-)-fructose,raman,CaF2 slide,785.0,True,True,pure Raman reference library; modality=raman in source record,,mono_oligosaccharide,(-)-fructose|785.0,
ramanbiolib::25,RamanBioLib,grounding_molecule_spectra.parquet,d-fructose-6-phosphate,fructose-6-phosphate,fructose-6-phosphate,raman,CaF2 slide,785.0,True,True,pure Raman reference library; modality=raman in source record,,phosphate_metabolite,fructose-6-phosphate|785.0,
ramanbiolib::26,RamanBioLib,grounding_molecule_spectra.parquet,fumarate,fumarate,fumarate,raman,CaF2 slide,785.0,True,True,pure Raman reference library; modality=raman in source record,,carboxylic_acid_metabolite,fumarate|785.0,
ramanbiolib::27,RamanBioLib,grounding_molecule_spectra.parquet,glutathione,glutathione,glutathione,raman,CaF2 slide,785.0,True,True,pure Raman reference library; modality=raman in source record,,sulfur_thiol_cofactor,glutathione|785.0,
ramanbiolib::28,RamanBioLib,grounding_molecule_spectra.parquet,glycerol,glycerol,glycerol,raman,CaF2 slide,785.0,True,True,pure Raman reference library; modality=raman in source record,,mono_oligosaccharide,glycerol|785.0,
ramanbiolib::29,RamanBioLib,grounding_molecule_spectra.parquet,glycine,glycine,glycine,raman,CaF2 slide,785.0,True,True,pure Raman reference library; modality=raman in source record,,free_amino_acid,glycine|785.0,
ramanbiolib::30,RamanBioLib,grounding_molecule_spectra.parquet,guanine,guanine,guanine,raman,CaF2 slide,785.0,True,True,pure Raman reference library; modality=raman in source record,,purine,guanine|785.0,
ramanbiolib::31,RamanBioLib,grounding_molecule_spectra.parquet,l-alanine,alanine,alanine,raman,CaF2 slide,785.0,True,True,pure Raman reference library; modality=raman in source record,,free_amino_acid,alanine|785.0,
ramanbiolib::32,RamanBioLib,grounding_molecule_spectra.parquet,l-arginine,arginine,arginine,raman,CaF2 slide,785.0,True,True,pure Raman reference library; modality=raman in source record,,free_amino_acid,arginine|785.0,
ramanbiolib::33,RamanBioLib,grounding_molecule_spectra.parquet,l-glutamate,glutamate,glutamate,raman,CaF2 slide,785.0,True,True,pure Raman reference library; modality=raman in source record,,free_amino_acid,glutamate|785.0,
ramanbiolib::34,RamanBioLib,grounding_molecule_spectra.parquet,l-histidine,histidine,histidine,raman,CaF2 slide,785.0,True,True,pure Raman reference library; modality=raman in source record,,free_amino_acid,histidine|785.0,
ramanbiolib::35,RamanBioLib,grounding_molecule_spectra.parquet,l-phenylalanine,phenylalanine,phenylalanine,raman,CaF2 slide,785.0,True,True,pure Raman reference library; modality=raman in source record,,free_amino_acid,phenylalanine|785.0,
ramanbiolib::36,RamanBioLib,grounding_molecule_spectra.parquet,l-proline,proline,proline,raman,CaF2 slide,785.0,True,True,pure Raman reference library; modality=raman in source record,,free_amino_acid,proline|785.0,
ramanbiolib::37,RamanBioLib,grounding_molecule_spectra.parquet,l-serine,serine,serine,raman,CaF2 slide,785.0,True,True,pure Raman reference library; modality=raman in source record,,free_amino_acid,serine|785.0,
ramanbiolib::38,RamanBioLib,grounding_molecule_spectra.parquet,l-tryptophan,tryptophan,tryptophan,raman,CaF2 slide,785.0,True,True,pure Raman reference library; modality=raman in source record,,free_amino_acid,tryptophan|785.0,
ramanbiolib::39,RamanBioLib,grounding_molecule_spectra.parquet,l-tyrosine,tyrosine,tyrosine,raman,CaF2 slide,785.0,True,True,pure Raman reference library; modality=raman in source record,,free_amino_acid,tyrosine|785.0,
ramanbiolib::40,RamanBioLib,grounding_molecule_spectra.parquet,l-valine,valine,valine,raman,CaF2 slide,785.0,True,True,pure Raman reference library; modality=raman in source record,,free_amino_acid,valine|785.0,
ramanbiolib::41,RamanBioLib,grounding_molecule_spectra.parquet,lactose,lactose,(+)-lactose,raman,CaF2 slide,785.0,True,True,pure Raman reference library; modality=raman in source record,,mono_oligosaccharide,(+)-lactose|785.0,
ramanbiolib::42,RamanBioLib,grounding_molecule_spectra.parquet,lauric acid,lauric acid,lauric acid,raman,CaF2 slide,785.0,True,True,pure Raman reference library; modality=raman in source record,,fatty_acid,lauric acid|785.0,
ramanbiolib::43,RamanBioLib,grounding_molecule_spectra.parquet,malic acid,malic acid,malic acid,raman,CaF2 slide,785.0,True,True,pure Raman reference library; modality=raman in source record,,carboxylic_acid_metabolite,malic acid|785.0,
ramanbiolib::44,RamanBioLib,grounding_molecule_spectra.parquet,myristic acid,myristic acid,myristic acid,raman,CaF2 slide,785.0,True,True,pure Raman reference library; modality=raman in source record,,fatty_acid,myristic acid|785.0,
ramanbiolib::45,RamanBioLib,grounding_molecule_spectra.parquet,n-acetyl- d-glucosamine,n-acetyl- d-glucosamine,n-acetylglucosamine,raman,CaF2 slide,785.0,True,True,pure Raman reference library; modality=raman in source record,,mono_oligosaccharide,n-acetylglucosamine|785.0,
ramanbiolib::46,RamanBioLib,grounding_molecule_spectra.parquet,oleic acid,oleate,oleate,raman,CaF2 slide,785.0,True,True,pure Raman reference library; modality=raman in source record,,fatty_acid,oleate|785.0,
ramanbiolib::47,RamanBioLib,grounding_molecule_spectra.parquet,palmitic acid,palmitic acid,palmitic acid,raman,CaF2 slide,785.0,True,True,pure Raman reference library; modality=raman in source record,,fatty_acid,palmitic acid|785.0,
ramanbiolib::48,RamanBioLib,grounding_molecule_spectra.parquet,phosphoenolpyruvate,phosphoenolpyruvate,phosphoenolpyruvate,raman,CaF2 slide,785.0,True,True,pure Raman reference library; modality=raman in source record,,phosphate_metabolite,phosphoenolpyruvate|785.0,
ramanbiolib::49,RamanBioLib,grounding_molecule_spectra.parquet,pyruvate,pyruvate,pyruvate,raman,CaF2 slide,785.0,True,True,pure Raman reference library; modality=raman in source record,,carboxylic_acid_metabolite,pyruvate|785.0,
ramanbiolib::50,RamanBioLib,grounding_molecule_spectra.parquet,riboﬂavin,riboﬂavin,riboflavin,raman,CaF2 slide,785.0,True,True,pure Raman reference library; modality=raman in source record,,chromophore_pigment,riboflavin|785.0,
ramanbiolib::51,RamanBioLib,grounding_molecule_spectra.parquet,stearic acid,stearate,stearate,raman,CaF2 slide,785.0,True,True,pure Raman reference library; modality=raman in source record,,fatty_acid,stearate|785.0,
ramanbiolib::52,RamanBioLib,grounding_molecule_spectra.parquet,succinic acid,succinic acid,succinic acid,raman,CaF2 slide,785.0,True,True,pure Raman reference library; modality=raman in source record,,carboxylic_acid_metabolite,succinic acid|785.0,
ramanbiolib::53,RamanBioLib,grounding_molecule_spectra.parquet,thymine,thymine,thymine,raman,CaF2 slide,785.0,True,True,pure Raman reference library; modality=raman in source record,,pyrimidine,thymine|785.0,
ramanbiolib::54,RamanBioLib,grounding_molecule_spectra.parquet,trilinolein,trilinolein,trilinolein,raman,CaF2 slide,785.0,True,True,pure Raman reference library; modality=raman in source record,,acylglycerol,trilinolein|785.0,
ramanbiolib::55,RamanBioLib,grounding_molecule_spectra.parquet,trilinolenin,trilinolenin,trilinolenin,raman,CaF2 slide,785.0,True,True,pure Raman reference library; modality=raman in source record,,acylglycerol,trilinolenin|785.0,
ramanbiolib::56,RamanBioLib,grounding_molecule_spectra.parquet,triolein,triolein,triolein,raman,CaF2 slide,785.0,True,True,pure Raman reference library; modality=raman in source record,,acylglycerol,triolein|785.0,
ramanbiolib::57,RamanBioLib,grounding_molecule_spectra.parquet,uracil,uracil,uracil,raman,CaF2 slide,785.0,True,True,pure Raman reference library; modality=raman in source record,,pyrimidine,uracil|785.0,
ramanbiolib::58,RamanBioLib,grounding_molecule_spectra.parquet,vaccenic acid,vaccenic acid,vaccenic acid,raman,CaF2 slide,785.0,True,True,pure Raman reference library; modality=raman in source record,,fatty_acid,vaccenic acid|785.0,
ramanbiolib::59,RamanBioLib,grounding_molecule_spectra.parquet,β-carotene,β-carotene,β-carotene,raman,CaF2 slide,785.0,True,True,pure Raman reference library; modality=raman in source record,,chromophore_pigment,β-carotene|785.0,
ramanbiolib::60,RamanBioLib,grounding_molecule_spectra.parquet,β-d-glucose,β-d-glucose,β-d-glucose,raman,CaF2 slide,785.0,True,True,pure Raman reference library; modality=raman in source record,,mono_oligosaccharide,β-d-glucose|785.0,
ramanbiolib::61,RamanBioLib,grounding_molecule_spectra.parquet,arachidonic acid,arachidonic acid,arachidonic acid,raman, CaF2 slide,532.0,True,True,pure Raman reference library; modality=raman in source record,,fatty_acid,arachidonic acid|532.0,
ramanbiolib::62,RamanBioLib,grounding_molecule_spectra.parquet,α-linolenic acid,α-linolenic acid,α-linolenic acid,raman, CaF2 slide,532.0,True,True,pure Raman reference library; modality=raman in source record,,fatty_acid,α-linolenic acid|532.0,
ramanbiolib::63,RamanBioLib,grounding_molecule_spectra.parquet,arachidic acid,arachidic acid,arachidic acid,raman, CaF2 slide,532.0,True,True,pure Raman reference library; modality=raman in source record,,fatty_acid,arachidic acid|532.0,
ramanbiolib::64,RamanBioLib,grounding_molecule_spectra.parquet,cholesterol,cholesterol,cholesterol,raman, CaF2 slide,532.0,True,True,pure Raman reference library; modality=raman in source record,,sterol_steroid,cholesterol|532.0,
ramanbiolib::65,RamanBioLib,grounding_molecule_spectra.parquet,cholesteryl linoleate,cholesteryl linoleate,cholesteryl linoleate,raman, CaF2 slide,532.0,True,True,pure Raman reference library; modality=raman in source record,,sterol_steroid,cholesteryl linoleate|532.0,
ramanbiolib::66,RamanBioLib,grounding_molecule_spectra.parquet,cholesteryl oleate,cholesteryl oleate,cholesteryl oleate,raman, CaF2 slide,532.0,True,True,pure Raman reference library; modality=raman in source record,,sterol_steroid,cholesteryl oleate|532.0,
ramanbiolib::67,RamanBioLib,grounding_molecule_spectra.parquet,cholesteryl palmitate,cholesteryl palmitate,cholesteryl palmitate,raman, CaF2 slide,532.0,True,True,pure Raman reference library; modality=raman in source record,,sterol_steroid,cholesteryl palmitate|532.0,
ramanbiolib::68,RamanBioLib,grounding_molecule_spectra.parquet,cholesteryl stearate,cholesteryl stearate,cholesteryl stearate,raman, CaF2 slide,532.0,True,True,pure Raman reference library; modality=raman in source record,,sterol_steroid,cholesteryl stearate|532.0,
ramanbiolib::69,RamanBioLib,grounding_molecule_spectra.parquet,elaidic acid,elaidic acid,elaidic acid,raman, CaF2 slide,532.0,True,True,pure Raman reference library; modality=raman in source record,,fatty_acid,elaidic acid|532.0,
ramanbiolib::70,RamanBioLib,grounding_molecule_spectra.parquet,linoleic acid,linoleic acid,linoleic acid,raman, CaF2 slide,532.0,True,True,pure Raman reference library; modality=raman in source record,,fatty_acid,linoleic acid|532.0,
ramanbiolib::71,RamanBioLib,grounding_molecule_spectra.parquet,myristic acid,myristic acid,myristic acid,raman, CaF2 slide,532.0,True,True,pure Raman reference library; modality=raman in source record,,fatty_acid,myristic acid|532.0,
ramanbiolib::72,RamanBioLib,grounding_molecule_spectra.parquet,oleic acid,oleate,oleate,raman, CaF2 slide,532.0,True,True,pure Raman reference library; modality=raman in source record,,fatty_acid,oleate|532.0,
ramanbiolib::73,RamanBioLib,grounding_molecule_spectra.parquet,palmitic acid,palmitic acid,palmitic acid,raman, CaF2 slide,532.0,True,True,pure Raman reference library; modality=raman in source record,,fatty_acid,palmitic acid|532.0,
ramanbiolib::74,RamanBioLib,grounding_molecule_spectra.parquet,l-α-phosphatidylcholine,α-phosphatidylcholine,α-phosphatidylcholine,raman, CaF2 slide,532.0,True,True,pure Raman reference library; modality=raman in source record,,phospholipid_sphingolipid,α-phosphatidylcholine|532.0,
ramanbiolib::75,RamanBioLib,grounding_molecule_spectra.parquet,l-α-phosphatidylethanolamine,α-phosphatidylethanolamine,α-phosphatidylethanolamine,raman, CaF2 slide,532.0,True,True,pure Raman reference library; modality=raman in source record,,phospholipid_sphingolipid,α-phosphatidylethanolamine|532.0,
ramanbiolib::76,RamanBioLib,grounding_molecule_spectra.parquet,palmitoleic acid,palmitoleic acid,palmitoleic acid,raman, CaF2 slide,532.0,True,True,pure Raman reference library; modality=raman in source record,,fatty_acid,palmitoleic acid|532.0,
ramanbiolib::77,RamanBioLib,grounding_molecule_spectra.parquet,stearic acid,stearate,stearate,raman, CaF2 slide,532.0,True,True,pure Raman reference library; modality=raman in source record,,fatty_acid,stearate|532.0,
ramanbiolib::78,RamanBioLib,grounding_molecule_spectra.parquet,sphingomyelin,sphingomyelin,sphingomyelin,raman, CaF2 slide,532.0,True,True,pure Raman reference library; modality=raman in source record,,phospholipid_sphingolipid,sphingomyelin|532.0,
ramanbiolib::79,RamanBioLib,grounding_molecule_spectra.parquet,triarachidin,triarachidin,triarachidin,raman,Metal ring,1064.0,True,True,pure Raman reference library; modality=raman in source record,,acylglycerol,triarachidin|1064.0,
ramanbiolib::80,RamanBioLib,grounding_molecule_spectra.parquet,tribehenin,tribehenin,tribehenin,raman,Metal ring,1064.0,True,True,pure Raman reference library; modality=raman in source record,,acylglycerol,tribehenin|1064.0,
ramanbiolib::81,RamanBioLib,grounding_molecule_spectra.parquet,tricaproin,tricaproin,tricaproin,raman,Metal ring,1064.0,True,True,pure Raman reference library; modality=raman in source record,,acylglycerol,tricaproin|1064.0,
ramanbiolib::82,RamanBioLib,grounding_molecule_spectra.parquet,tricaprin,tricaprin,tricaprin,raman,Metal ring,1064.0,True,True,pure Raman reference library; modality=raman in source record,,acylglycerol,tricaprin|1064.0,
ramanbiolib::83,RamanBioLib,grounding_molecule_spectra.parquet,tricaprylin,tricaprylin,tricaprylin,raman,Metal ring,1064.0,True,True,pure Raman reference library; modality=raman in source record,,acylglycerol,tricaprylin|1064.0,
ramanbiolib::84,RamanBioLib,grounding_molecule_spectra.parquet,trielaidin,trielaidin,trielaidin,raman,Metal ring,1064.0,True,True,pure Raman reference library; modality=raman in source record,,acylglycerol,trielaidin|1064.0,
ramanbiolib::85,RamanBioLib,grounding_molecule_spectra.parquet,tri-11-eicosenoin,tri-11-eicosenoin,tri-11-eicosenoin,raman,Metal ring,1064.0,True,True,pure Raman reference library; modality=raman in source record,,acylglycerol,tri-11-eicosenoin|1064.0,
ramanbiolib::86,RamanBioLib,grounding_molecule_spectra.parquet,trierucin,trierucin,trierucin,raman,Metal ring,1064.0,True,True,pure Raman reference library; modality=raman in source record,,acylglycerol,trierucin|1064.0,
ramanbiolib::87,RamanBioLib,grounding_molecule_spectra.parquet,trilinolein,trilinolein,trilinolein,raman,Metal ring,1064.0,True,True,pure Raman reference library; modality=raman in source record,,acylglycerol,trilinolein|1064.0,
ramanbiolib::88,RamanBioLib,grounding_molecule_spectra.parquet,trilinolenin,trilinolenin,trilinolenin,raman,Metal ring,1064.0,True,True,pure Raman reference library; modality=raman in source record,,acylglycerol,trilinolenin|1064.0,
ramanbiolib::89,RamanBioLib,grounding_molecule_spectra.parquet,trilaurin,trilaurin,trilaurin,raman,Metal ring,1064.0,True,True,pure Raman reference library; modality=raman in source record,,acylglycerol,trilaurin|1064.0,
ramanbiolib::90,RamanBioLib,grounding_molecule_spectra.parquet,trimyristin,trimyristin,trimyristin,raman,Metal ring,1064.0,True,True,pure Raman reference library; modality=raman in source record,,acylglycerol,trimyristin|1064.0,
ramanbiolib::91,RamanBioLib,grounding_molecule_spectra.parquet,triolein,triolein,triolein,raman,Metal ring,1064.0,True,True,pure Raman reference library; modality=raman in source record,,acylglycerol,triolein|1064.0,
ramanbiolib::92,RamanBioLib,grounding_molecule_spectra.parquet,tripalmitin,tripalmitin,tripalmitin,raman,Metal ring,1064.0,True,True,pure Raman reference library; modality=raman in source record,,acylglycerol,tripalmitin|1064.0,
ramanbiolib::93,RamanBioLib,grounding_molecule_spectra.parquet,tripetroselinin,tripetroselinin,tripetroselinin,raman,Metal ring,1064.0,True,True,pure Raman reference library; modality=raman in source record,,acylglycerol,tripetroselinin|1064.0,
ramanbiolib::94,RamanBioLib,grounding_molecule_spectra.parquet,tripalmitolein,tripalmitolein,tripalmitolein,raman,Metal ring,1064.0,True,True,pure Raman reference library; modality=raman in source record,,acylglycerol,tripalmitolein|1064.0,
ramanbiolib::95,RamanBioLib,grounding_molecule_spectra.parquet,tristearin,tristearin,tristearin,raman,Metal ring,1064.0,True,True,pure Raman reference library; modality=raman in source record,,acylglycerol,tristearin|1064.0,
ramanbiolib::96,RamanBioLib,grounding_molecule_spectra.parquet,lactalbumin,lactalbumin,lactalbumin,raman,Glass microscope slide,488.0,True,True,pure Raman reference library; modality=raman in source record,,peptide_protein,lactalbumin|488.0,
ramanbiolib::97,RamanBioLib,grounding_molecule_spectra.parquet,lactalbumin,lactalbumin,lactalbumin,raman,Glass microscope slide,532.0,True,True,pure Raman reference library; modality=raman in source record,,peptide_protein,lactalbumin|532.0,
ramanbiolib::98,RamanBioLib,grounding_molecule_spectra.parquet,lactalbumin,lactalbumin,lactalbumin,raman,Metal rings,1064.0,True,True,pure Raman reference library; modality=raman in source record,,peptide_protein,lactalbumin|1064.0,
ramanbiolib::99,RamanBioLib,grounding_molecule_spectra.parquet,albumin,albumin,albumin,raman,Glass microscope slide,488.0,True,True,pure Raman reference library; modality=raman in source record,,peptide_protein,albumin|488.0,
ramanbiolib::100,RamanBioLib,grounding_molecule_spectra.parquet,albumin,albumin,albumin,raman,Glass microscope slide,532.0,True,True,pure Raman reference library; modality=raman in source record,,peptide_protein,albumin|532.0,
ramanbiolib::101,RamanBioLib,grounding_molecule_spectra.parquet,albumin,albumin,albumin,raman,Metal rings,1064.0,True,True,pure Raman reference library; modality=raman in source record,,peptide_protein,albumin|1064.0,
ramanbiolib::102,RamanBioLib,grounding_molecule_spectra.parquet,carbonic anhydrase,carbonic anhydrase,carbonic anhydrase,raman,Glass microscope slide,488.0,True,True,pure Raman reference library; modality=raman in source record,,peptide_protein,carbonic anhydrase|488.0,
ramanbiolib::103,RamanBioLib,grounding_molecule_spectra.parquet,carbonic anhydrase,carbonic anhydrase,carbonic anhydrase,raman,Glass microscope slide,532.0,True,True,pure Raman reference library; modality=raman in source record,,peptide_protein,carbonic anhydrase|532.0,
ramanbiolib::104,RamanBioLib,grounding_molecule_spectra.parquet,carbonic anhydrase,carbonic anhydrase,carbonic anhydrase,raman,Metal rings,1064.0,True,True,pure Raman reference library; modality=raman in source record,,peptide_protein,carbonic anhydrase|1064.0,
ramanbiolib::105,RamanBioLib,grounding_molecule_spectra.parquet,collagen,collagen,collagen,raman,Glass microscope slide,488.0,True,True,pure Raman reference library; modality=raman in source record,,peptide_protein,collagen|488.0,
ramanbiolib::106,RamanBioLib,grounding_molecule_spectra.parquet,collagen,collagen,collagen,raman,Glass microscope slide,532.0,True,True,pure Raman reference library; modality=raman in source record,,peptide_protein,collagen|532.0,
ramanbiolib::107,RamanBioLib,grounding_molecule_spectra.parquet,collagen,collagen,collagen,raman,Metal rings,1064.0,True,True,pure Raman reference library; modality=raman in source record,,peptide_protein,collagen|1064.0,
ramanbiolib::108,RamanBioLib,grounding_molecule_spectra.parquet,α-chymotrypsinogen a (type ii),α-chymotrypsinogen a (type ii),α-chymotrypsinogen a (type ii),raman,Glass microscope slide,488.0,True,True,pure Raman reference library; modality=raman in source record,,peptide_protein,α-chymotrypsinogen a (type ii)|488.0,
ramanbiolib::109,RamanBioLib,grounding_molecule_spectra.parquet,α-chymotrypsinogen a (type ii),α-chymotrypsinogen a (type ii),α-chymotrypsinogen a (type ii),raman,Glass microscope slide,532.0,True,True,pure Raman reference library; modality=raman in source record,,peptide_protein,α-chymotrypsinogen a (type ii)|532.0,
ramanbiolib::110,RamanBioLib,grounding_molecule_spectra.parquet,α-chymotrypsinogen a (type ii),α-chymotrypsinogen a (type ii),α-chymotrypsinogen a (type ii),raman,Metal rings,1064.0,True,True,pure Raman reference library; modality=raman in source record,,peptide_protein,α-chymotrypsinogen a (type ii)|1064.0,
ramanbiolib::111,RamanBioLib,grounding_molecule_spectra.parquet,elastase,elastase,elastase,raman,Glass microscope slide,488.0,True,True,pure Raman reference library; modality=raman in source record,,peptide_protein,elastase|488.0,
ramanbiolib::112,RamanBioLib,grounding_molecule_spectra.parquet,elastase,elastase,elastase,raman,Glass microscope slide,532.0,True,True,pure Raman reference library; modality=raman in source record,,peptide_protein,elastase|532.0,
ramanbiolib::113,RamanBioLib,grounding_molecule_spectra.parquet,elastase,elastase,elastase,raman,Metal rings,1064.0,True,True,pure Raman reference library; modality=raman in source record,,peptide_protein,elastase|1064.0,
ramanbiolib::114,RamanBioLib,grounding_molecule_spectra.parquet,ferritin,ferritin,ferritin,raman,Glass microscope slide,488.0,True,True,pure Raman reference library; modality=raman in source record,,peptide_protein,ferritin|488.0,
ramanbiolib::115,RamanBioLib,grounding_molecule_spectra.parquet,ferritin,ferritin,ferritin,raman,Glass microscope slide,532.0,True,True,pure Raman reference library; modality=raman in source record,,peptide_protein,ferritin|532.0,
ramanbiolib::116,RamanBioLib,grounding_molecule_spectra.parquet,ferritin,ferritin,ferritin,raman,Metal rings,1064.0,True,True,pure Raman reference library; modality=raman in source record,,peptide_protein,ferritin|1064.0,
ramanbiolib::117,RamanBioLib,grounding_molecule_spectra.parquet,glutathione transferase,glutathione transferase,glutathione transferase,raman,Glass microscope slide,488.0,True,True,pure Raman reference library; modality=raman in source record,,peptide_protein,glutathione transferase|488.0,
ramanbiolib::118,RamanBioLib,grounding_molecule_spectra.parquet,glutathione transferase,glutathione transferase,glutathione transferase,raman,Glass microscope slide,532.0,True,True,pure Raman reference library; modality=raman in source record,,peptide_protein,glutathione transferase|532.0,
ramanbiolib::119,RamanBioLib,grounding_molecule_spectra.parquet,horseradish peroxidase,horseradish peroxidase,horseradish peroxidase,raman,Glass microscope slide,488.0,True,True,pure Raman reference library; modality=raman in source record,,peptide_protein,horseradish peroxidase|488.0,
ramanbiolib::120,RamanBioLib,grounding_molecule_spectra.parquet,horseradish peroxidase,horseradish peroxidase,horseradish peroxidase,raman,Glass microscope slide,532.0,True,True,pure Raman reference library; modality=raman in source record,,peptide_protein,horseradish peroxidase|532.0,
ramanbiolib::121,RamanBioLib,grounding_molecule_spectra.parquet,hemoglobin,hemoglobin,hemoglobin,raman,Glass microscope slide,488.0,True,True,pure Raman reference library; modality=raman in source record,,peptide_protein,hemoglobin|488.0,
ramanbiolib::122,RamanBioLib,grounding_molecule_spectra.parquet,hemoglobin,hemoglobin,hemoglobin,raman,Glass microscope slide,532.0,True,True,pure Raman reference library; modality=raman in source record,,peptide_protein,hemoglobin|532.0,
ramanbiolib::123,RamanBioLib,grounding_molecule_spectra.parquet,lectin,lectin,lectin,raman,Glass microscope slide,488.0,True,True,pure Raman reference library; modality=raman in source record,,peptide_protein,lectin|488.0,
ramanbiolib::124,RamanBioLib,grounding_molecule_spectra.parquet,lectin,lectin,lectin,raman,Glass microscope slide,532.0,True,True,pure Raman reference library; modality=raman in source record,,peptide_protein,lectin|532.0,
ramanbiolib::125,RamanBioLib,grounding_molecule_spectra.parquet,lectin,lectin,lectin,raman,Metal rings,1064.0,True,True,pure Raman reference library; modality=raman in source record,,peptide_protein,lectin|1064.0,
ramanbiolib::126,RamanBioLib,grounding_molecule_spectra.parquet,myoglobin,myoglobin,myoglobin,raman,Glass microscope slide,488.0,True,True,pure Raman reference library; modality=raman in source record,,peptide_protein,myoglobin|488.0,
ramanbiolib::127,RamanBioLib,grounding_molecule_spectra.parquet,myoglobin,myoglobin,myoglobin,raman,Glass microscope slide,532.0,True,True,pure Raman reference library; modality=raman in source record,,peptide_protein,myoglobin|532.0,
ramanbiolib::128,RamanBioLib,grounding_molecule_spectra.parquet,papain,papain,papain,raman,Glass microscope slide,488.0,True,True,pure Raman reference library; modality=raman in source record,,peptide_protein,papain|488.0,
ramanbiolib::129,RamanBioLib,grounding_molecule_spectra.parquet,papain,papain,papain,raman,Glass microscope slide,532.0,True,True,pure Raman reference library; modality=raman in source record,,peptide_protein,papain|532.0,
ramanbiolib::130,RamanBioLib,grounding_molecule_spectra.parquet,papain,papain,papain,raman,Metal rings,1064.0,True,True,pure Raman reference library; modality=raman in source record,,peptide_protein,papain|1064.0,
ramanbiolib::131,RamanBioLib,grounding_molecule_spectra.parquet,pepsin,pepsin,pepsin,raman,Glass microscope slide,488.0,True,True,pure Raman reference library; modality=raman in source record,,peptide_protein,pepsin|488.0,
ramanbiolib::132,RamanBioLib,grounding_molecule_spectra.parquet,pepsin,pepsin,pepsin,raman,Glass microscope slide,532.0,True,True,pure Raman reference library; modality=raman in source record,,peptide_protein,pepsin|532.0,
ramanbiolib::133,RamanBioLib,grounding_molecule_spectra.parquet,pepsin,pepsin,pepsin,raman,Metal rings,1064.0,True,True,pure Raman reference library; modality=raman in source record,,peptide_protein,pepsin|1064.0,
ramanbiolib::134,RamanBioLib,grounding_molecule_spectra.parquet,pepsinogen,pepsinogen,pepsinogen,raman,Glass microscope slide,488.0,True,True,pure Raman reference library; modality=raman in source record,,peptide_protein,pepsinogen|488.0,
ramanbiolib::135,RamanBioLib,grounding_molecule_spectra.parquet,pepsinogen,pepsinogen,pepsinogen,raman,Glass microscope slide,532.0,True,True,pure Raman reference library; modality=raman in source record,,peptide_protein,pepsinogen|532.0,
ramanbiolib::136,RamanBioLib,grounding_molecule_spectra.parquet,pepsinogen,pepsinogen,pepsinogen,raman,Metal rings,1064.0,True,True,pure Raman reference library; modality=raman in source record,,peptide_protein,pepsinogen|1064.0,
ramanbiolib::137,RamanBioLib,grounding_molecule_spectra.parquet,major proteinase,major proteinase,major proteinase,raman,Glass microscope slide,488.0,True,True,pure Raman reference library; modality=raman in source record,,peptide_protein,major proteinase|488.0,
ramanbiolib::138,RamanBioLib,grounding_molecule_spectra.parquet,major proteinase,major proteinase,major proteinase,raman,Glass microscope slide,532.0,True,True,pure Raman reference library; modality=raman in source record,,peptide_protein,major proteinase|532.0,
ramanbiolib::139,RamanBioLib,grounding_molecule_spectra.parquet,major proteinase,major proteinase,major proteinase,raman,Metal rings,1064.0,True,True,pure Raman reference library; modality=raman in source record,,peptide_protein,major proteinase|1064.0,
ramanbiolib::140,RamanBioLib,grounding_molecule_spectra.parquet,superoxide dismutases,superoxide dismutases,superoxide dismutases,raman,Glass microscope slide,488.0,True,True,pure Raman reference library; modality=raman in source record,,peptide_protein,superoxide dismutases|488.0,
ramanbiolib::141,RamanBioLib,grounding_molecule_spectra.parquet,superoxide dismutases,superoxide dismutases,superoxide dismutases,raman,Glass microscope slide,532.0,True,True,pure Raman reference library; modality=raman in source record,,peptide_protein,superoxide dismutases|532.0,
ramanbiolib::142,RamanBioLib,grounding_molecule_spectra.parquet,superoxide dismutases,superoxide dismutases,superoxide dismutases,raman,Metal rings,1064.0,True,True,pure Raman reference library; modality=raman in source record,,peptide_protein,superoxide dismutases|1064.0,
ramanbiolib::143,RamanBioLib,grounding_molecule_spectra.parquet,trypsinogen,trypsinogen,trypsinogen,raman,Glass microscope slide,488.0,True,True,pure Raman reference library; modality=raman in source record,,peptide_protein,trypsinogen|488.0,
ramanbiolib::144,RamanBioLib,grounding_molecule_spectra.parquet,trypsinogen,trypsinogen,trypsinogen,raman,Glass microscope slide,532.0,True,True,pure Raman reference library; modality=raman in source record,,peptide_protein,trypsinogen|532.0,
ramanbiolib::145,RamanBioLib,grounding_molecule_spectra.parquet,trypsinogen,trypsinogen,trypsinogen,raman,Metal rings,1064.0,True,True,pure Raman reference library; modality=raman in source record,,peptide_protein,trypsinogen|1064.0,
ramanbiolib::146,RamanBioLib,grounding_molecule_spectra.parquet,trypsin inhibitor,trypsin inhibitor,trypsin inhibitor,raman,Glass microscope slide,488.0,True,True,pure Raman reference library; modality=raman in source record,,peptide_protein,trypsin inhibitor|488.0,
ramanbiolib::147,RamanBioLib,grounding_molecule_spectra.parquet,trypsin inhibitor,trypsin inhibitor,trypsin inhibitor,raman,Glass microscope slide,532.0,True,True,pure Raman reference library; modality=raman in source record,,peptide_protein,trypsin inhibitor|532.0,
ramanbiolib::148,RamanBioLib,grounding_molecule_spectra.parquet,trypsin inhibitor,trypsin inhibitor,trypsin inhibitor,raman,Metal rings,1064.0,True,True,pure Raman reference library; modality=raman in source record,,peptide_protein,trypsin inhibitor|1064.0,
ramanbiolib::149,RamanBioLib,grounding_molecule_spectra.parquet,thaumatin,thaumatin,thaumatin,raman,Glass microscope slide,488.0,True,True,pure Raman reference library; modality=raman in source record,,peptide_protein,thaumatin|488.0,
ramanbiolib::150,RamanBioLib,grounding_molecule_spectra.parquet,thaumatin,thaumatin,thaumatin,raman,Glass microscope slide,532.0,True,True,pure Raman reference library; modality=raman in source record,,peptide_protein,thaumatin|532.0,
ramanbiolib::151,RamanBioLib,grounding_molecule_spectra.parquet,thaumatin,thaumatin,thaumatin,raman,Metal rings,1064.0,True,True,pure Raman reference library; modality=raman in source record,,peptide_protein,thaumatin|1064.0,
ramanbiolib::152,RamanBioLib,grounding_molecule_spectra.parquet,triosephosphate isomerase,triosephosphate isomerase,triosephosphate isomerase,raman,Glass microscope slide,488.0,True,True,pure Raman reference library; modality=raman in source record,,peptide_protein,triosephosphate isomerase|488.0,
ramanbiolib::153,RamanBioLib,grounding_molecule_spectra.parquet,triosephosphate isomerase,triosephosphate isomerase,triosephosphate isomerase,raman,Glass microscope slide,532.0,True,True,pure Raman reference library; modality=raman in source record,,peptide_protein,triosephosphate isomerase|532.0,
ramanbiolib::154,RamanBioLib,grounding_molecule_spectra.parquet,triosephosphate isomerase,triosephosphate isomerase,triosephosphate isomerase,raman,Metal rings,1064.0,True,True,pure Raman reference library; modality=raman in source record,,peptide_protein,triosephosphate isomerase|1064.0,
ramanbiolib::155,RamanBioLib,grounding_molecule_spectra.parquet,trypsin,trypsin,trypsin,raman,Glass microscope slide,488.0,True,True,pure Raman reference library; modality=raman in source record,,peptide_protein,trypsin|488.0,
ramanbiolib::156,RamanBioLib,grounding_molecule_spectra.parquet,trypsin,trypsin,trypsin,raman,Glass microscope slide,532.0,True,True,pure Raman reference library; modality=raman in source record,,peptide_protein,trypsin|532.0,
ramanbiolib::157,RamanBioLib,grounding_molecule_spectra.parquet,trypsin,trypsin,trypsin,raman,Metal rings,1064.0,True,True,pure Raman reference library; modality=raman in source record,,peptide_protein,trypsin|1064.0,
ramanbiolib::158,RamanBioLib,grounding_molecule_spectra.parquet,ubiquitin,ubiquitin,ubiquitin,raman,Glass microscope slide,488.0,True,True,pure Raman reference library; modality=raman in source record,,peptide_protein,ubiquitin|488.0,
ramanbiolib::159,RamanBioLib,grounding_molecule_spectra.parquet,ubiquitin,ubiquitin,ubiquitin,raman,Glass microscope slide,532.0,True,True,pure Raman reference library; modality=raman in source record,,peptide_protein,ubiquitin|532.0,
ramanbiolib::160,RamanBioLib,grounding_molecule_spectra.parquet,ubiquitin,ubiquitin,ubiquitin,raman,Metal rings,1064.0,True,True,pure Raman reference library; modality=raman in source record,,peptide_protein,ubiquitin|1064.0,
ramanbiolib::161,RamanBioLib,grounding_molecule_spectra.parquet,glucose oxidase,glucose oxidase,glucose oxidase,raman,Glass microscope slide,532.0,True,True,pure Raman reference library; modality=raman in source record,,peptide_protein,glucose oxidase|532.0,
ramanbiolib::162,RamanBioLib,grounding_molecule_spectra.parquet,glucose oxidase,glucose oxidase,glucose oxidase,raman,Metal rings,1064.0,True,True,pure Raman reference library; modality=raman in source record,,peptide_protein,glucose oxidase|1064.0,
ramanbiolib::163,RamanBioLib,grounding_molecule_spectra.parquet,xylanase,xylanase,xylanase,raman,Glass microscope slide,488.0,True,True,pure Raman reference library; modality=raman in source record,,peptide_protein,xylanase|488.0,
ramanbiolib::164,RamanBioLib,grounding_molecule_spectra.parquet,xylanase,xylanase,xylanase,raman,Glass microscope slide,532.0,True,True,pure Raman reference library; modality=raman in source record,,peptide_protein,xylanase|532.0,
ramanbiolib::165,RamanBioLib,grounding_molecule_spectra.parquet,xylanase,xylanase,xylanase,raman,Metal rings,1064.0,True,True,pure Raman reference library; modality=raman in source record,,peptide_protein,xylanase|1064.0,
ramanbiolib::166,RamanBioLib,grounding_molecule_spectra.parquet,cytochrome c,cytochrome c,cytochrome c,raman,Glass microscope slide,488.0,True,True,pure Raman reference library; modality=raman in source record,,peptide_protein,cytochrome c|488.0,
ramanbiolib::167,RamanBioLib,grounding_molecule_spectra.parquet,cytochrome c,cytochrome c,cytochrome c,raman,Glass microscope slide,532.0,True,True,pure Raman reference library; modality=raman in source record,,peptide_protein,cytochrome c|532.0,
ramanbiolib::168,RamanBioLib,grounding_molecule_spectra.parquet,a-dna,a-dna,a-dna,raman,nan,514.5,True,True,pure Raman reference library; modality=raman in source record,,nucleic_acid_polymer,a-dna|514.5,
ramanbiolib::169,RamanBioLib,grounding_molecule_spectra.parquet,b-dna,b-dna,b-dna,raman,nan,514.5,True,True,pure Raman reference library; modality=raman in source record,,nucleic_acid_polymer,b-dna|514.5,
ramanbiolib::170,RamanBioLib,grounding_molecule_spectra.parquet,t-rna,t-rna,t-rna,raman,nan,488.0,True,True,pure Raman reference library; modality=raman in source record,,nucleic_acid_polymer,t-rna|488.0,
ramanbiolib::171,RamanBioLib,grounding_molecule_spectra.parquet,ceramide,ceramide,ceramide,raman,Glass tube,1064.0,True,True,pure Raman reference library; modality=raman in source record,,phospholipid_sphingolipid,ceramide|1064.0,
ramanbiolib::172,RamanBioLib,grounding_molecule_spectra.parquet,melanin,melanin,melanin,raman,nan,785.0,True,True,pure Raman reference library; modality=raman in source record,,chromophore_pigment,melanin|785.0,
ramanbiolib::173,RamanBioLib,grounding_molecule_spectra.parquet,melanin,melanin,melanin,raman,nan,632.8,True,True,pure Raman reference library; modality=raman in source record,,chromophore_pigment,melanin|632.8,
ramanbiolib::174,RamanBioLib,grounding_molecule_spectra.parquet,melanin,melanin,melanin,raman,nan,514.5,True,True,pure Raman reference library; modality=raman in source record,,chromophore_pigment,melanin|514.5,
ramanbiolib::175,RamanBioLib,grounding_molecule_spectra.parquet,melanin,melanin,melanin,raman,nan,457.9,True,True,pure Raman reference library; modality=raman in source record,,chromophore_pigment,melanin|457.9,
ramanbiolib::176,RamanBioLib,grounding_molecule_spectra.parquet,2-deoxy-d-ribose,2-deoxy-d-ribose,2-deoxy-d-ribose,raman,Metal discs,1064.0,True,True,pure Raman reference library; modality=raman in source record,,mono_oligosaccharide,2-deoxy-d-ribose|1064.0,
ramanbiolib::177,RamanBioLib,grounding_molecule_spectra.parquet,amylopectin,amylopectin,amylopectin,raman,Metal discs,1064.0,True,True,pure Raman reference library; modality=raman in source record,,polysaccharide,amylopectin|1064.0,
ramanbiolib::178,RamanBioLib,grounding_molecule_spectra.parquet,amylose,amylose,amylose,raman,Metal discs,1064.0,True,True,pure Raman reference library; modality=raman in source record,,polysaccharide,amylose|1064.0,
ramanbiolib::179,RamanBioLib,grounding_molecule_spectra.parquet,d-(+)-galactose,(+)-galactose,(+)-galactose,raman,Metal discs,1064.0,True,True,pure Raman reference library; modality=raman in source record,,mono_oligosaccharide,(+)-galactose|1064.0,
ramanbiolib::180,RamanBioLib,grounding_molecule_spectra.parquet,d-(+)-glucose,(+)-glucose,(+)-glucose,raman,Metal discs,1064.0,True,True,pure Raman reference library; modality=raman in source record,,mono_oligosaccharide,(+)-glucose|1064.0,
ramanbiolib::181,RamanBioLib,grounding_molecule_spectra.parquet,d-(+)-lactose monohydrate,(+)-lactose,(+)-lactose,raman,Metal discs,1064.0,True,True,pure Raman reference library; modality=raman in source record,,mono_oligosaccharide,(+)-lactose|1064.0,
ramanbiolib::182,RamanBioLib,grounding_molecule_spectra.parquet,d-(+)-maltose monohydrate,(+)-maltose,(+)-maltose,raman,Metal discs,1064.0,True,True,pure Raman reference library; modality=raman in source record,,mono_oligosaccharide,(+)-maltose|1064.0,
ramanbiolib::183,RamanBioLib,grounding_molecule_spectra.parquet,d-(+)-raffinose pentahydrate,(+)-raffinose pentahydrate,(+)-raffinose pentahydrate,raman,Metal discs,1064.0,True,True,pure Raman reference library; modality=raman in source record,,mono_oligosaccharide,(+)-raffinose pentahydrate|1064.0,
ramanbiolib::184,RamanBioLib,grounding_molecule_spectra.parquet,d-(+)-sucrose,(+)-sucrose,(+)-sucrose,raman,Metal discs,1064.0,True,True,pure Raman reference library; modality=raman in source record,,mono_oligosaccharide,(+)-sucrose|1064.0,
ramanbiolib::185,RamanBioLib,grounding_molecule_spectra.parquet,d-(+)-xylose,(+)-xylose,(+)-xylose,raman,Metal discs,1064.0,True,True,pure Raman reference library; modality=raman in source record,,mono_oligosaccharide,(+)-xylose|1064.0,
ramanbiolib::186,RamanBioLib,grounding_molecule_spectra.parquet,d-(-)-fructose,(-)-fructose,(-)-fructose,raman,Metal discs,1064.0,True,True,pure Raman reference library; modality=raman in source record,,mono_oligosaccharide,(-)-fructose|1064.0,
ramanbiolib::187,RamanBioLib,grounding_molecule_spectra.parquet,d-(-)-ribose,(-)-ribose,(-)-ribose,raman,Metal discs,1064.0,True,True,pure Raman reference library; modality=raman in source record,,mono_oligosaccharide,(-)-ribose|1064.0,
ramanbiolib::188,RamanBioLib,grounding_molecule_spectra.parquet,glycogen,glycogen,glycogen,raman,Metal discs,1064.0,True,True,pure Raman reference library; modality=raman in source record,,polysaccharide,glycogen|1064.0,
ramanbiolib::189,RamanBioLib,grounding_molecule_spectra.parquet,l-(+)-arabinose,(+)-arabinose,(+)-arabinose,raman,Metal discs,1064.0,True,True,pure Raman reference library; modality=raman in source record,,mono_oligosaccharide,(+)-arabinose|1064.0,
ramanbiolib::190,RamanBioLib,grounding_molecule_spectra.parquet,ceramide,ceramide,ceramide,raman,nan,850.0,True,True,pure Raman reference library; modality=raman in source record,,phospholipid_sphingolipid,ceramide|850.0,
ramanbiolib::191,RamanBioLib,grounding_molecule_spectra.parquet,elastin,elastin,elastin,raman,nan,1064.0,True,True,pure Raman reference library; modality=raman in source record,,peptide_protein,elastin|1064.0,
ramanbiolib::192,RamanBioLib,grounding_molecule_spectra.parquet,keratin,keratin,keratin,raman," Sample compartment of the
instrument",1064.0,True,True,pure Raman reference library; modality=raman in source record,,peptide_protein,keratin|1064.0,
ramanbiolib::193,RamanBioLib,grounding_molecule_spectra.parquet,l-asparagine,asparagine,asparagine,raman,nan,488.0,True,True,pure Raman reference library; modality=raman in source record,,free_amino_acid,asparagine|488.0,
ramanbiolib::194,RamanBioLib,grounding_molecule_spectra.parquet,l-aspartic acid,aspartic acid,aspartate,raman,nan,488.0,True,True,pure Raman reference library; modality=raman in source record,,free_amino_acid,aspartate|488.0,
ramanbiolib::195,RamanBioLib,grounding_molecule_spectra.parquet,glucosamine,glucosamine,glucosamine,raman,nan,488.0,True,True,pure Raman reference library; modality=raman in source record,,mono_oligosaccharide,glucosamine|488.0,
ramanbiolib::196,RamanBioLib,grounding_molecule_spectra.parquet,tubulin,tubulin,tubulin,raman,Coverslip and glass slide,532.0,True,True,pure Raman reference library; modality=raman in source record,,peptide_protein,tubulin|532.0,
ramanbiolib::197,RamanBioLib,grounding_molecule_spectra.parquet,insulin,insulin,insulin,raman,Gold-coated glass sustrate,633.0,True,True,pure Raman reference library; modality=raman in source record,,peptide_protein,insulin|633.0,SUSPECT: substrate string matches a plasmonic pattern
ramanbiolib::198,RamanBioLib,grounding_molecule_spectra.parquet,diethylstilbestrol,diethylstilbestrol,diethylstilbestrol,raman,nan,532.0,True,True,pure Raman reference library; modality=raman in source record,,sterol_steroid,diethylstilbestrol|532.0,
ramanbiolib::199,RamanBioLib,grounding_molecule_spectra.parquet,estradiol,estradiol,estradiol,raman,nan,532.0,True,True,pure Raman reference library; modality=raman in source record,,sterol_steroid,estradiol|532.0,
ramanbiolib::200,RamanBioLib,grounding_molecule_spectra.parquet,estriol,estriol,estriol,raman,nan,532.0,True,True,pure Raman reference library; modality=raman in source record,,sterol_steroid,estriol|532.0,
ramanbiolib::201,RamanBioLib,grounding_molecule_spectra.parquet,estrone,estrone,estrone,raman,nan,532.0,True,True,pure Raman reference library; modality=raman in source record,,sterol_steroid,estrone|532.0,
ramanbiolib::202,RamanBioLib,grounding_molecule_spectra.parquet,ethinylestradiol,ethinylestradiol,ethinylestradiol,raman,nan,532.0,True,True,pure Raman reference library; modality=raman in source record,,sterol_steroid,ethinylestradiol|532.0,
gobbato_sers_metabolites::AcCoA::01,gobbato_sers_metabolites,SERS_met_AcCoA_100uM_01.txt,acetyl-coa,,,sers,Ag colloid (Gobbato),785.0,True,False,,"Ag-SERS: modality=sers, substrate=Ag colloid (Gobbato)",,,
gobbato_sers_metabolites::AcCoA::02,gobbato_sers_metabolites,SERS_met_AcCoA_100uM_02.txt,acetyl-coa,,,sers,Ag colloid (Gobbato),785.0,True,False,,"Ag-SERS: modality=sers, substrate=Ag colloid (Gobbato)",,,
gobbato_sers_metabolites::AcCoA::03,gobbato_sers_metabolites,SERS_met_AcCoA_100uM_03.txt,acetyl-coa,,,sers,Ag colloid (Gobbato),785.0,True,False,,"Ag-SERS: modality=sers, substrate=Ag colloid (Gobbato)",,,
gobbato_sers_metabolites::AcCoA::04,gobbato_sers_metabolites,SERS_met_AcCoA_100uM_04.txt,acetyl-coa,,,sers,Ag colloid (Gobbato),785.0,True,False,,"Ag-SERS: modality=sers, substrate=Ag colloid (Gobbato)",,,
gobbato_sers_metabolites::AcCoA::05,gobbato_sers_metabolites,SERS_met_AcCoA_100uM_05.txt,acetyl-coa,,,sers,Ag colloid (Gobbato),785.0,True,False,,"Ag-SERS: modality=sers, substrate=Ag colloid (Gobbato)",,,
gobbato_sers_metabolites::Acetoacet::01,gobbato_sers_metabolites,SERS_met_Acetoacet_100uM_01.txt,acetoacetate,,,sers,Ag colloid (Gobbato),785.0,True,False,,"Ag-SERS: modality=sers, substrate=Ag colloid (Gobbato)",,,
gobbato_sers_metabolites::Acetoacet::02,gobbato_sers_metabolites,SERS_met_Acetoacet_100uM_02.txt,acetoacetate,,,sers,Ag colloid (Gobbato),785.0,True,False,,"Ag-SERS: modality=sers, substrate=Ag colloid (Gobbato)",,,
gobbato_sers_metabolites::Acetoacet::03,gobbato_sers_metabolites,SERS_met_Acetoacet_100uM_03.txt,acetoacetate,,,sers,Ag colloid (Gobbato),785.0,True,False,,"Ag-SERS: modality=sers, substrate=Ag colloid (Gobbato)",,,
gobbato_sers_metabolites::Acetoacet::04,gobbato_sers_metabolites,SERS_met_Acetoacet_100uM_04.txt,acetoacetate,,,sers,Ag colloid (Gobbato),785.0,True,False,,"Ag-SERS: modality=sers, substrate=Ag colloid (Gobbato)",,,
gobbato_sers_metabolites::Acetoacet::05,gobbato_sers_metabolites,SERS_met_Acetoacet_100uM_05.txt,acetoacetate,,,sers,Ag colloid (Gobbato),785.0,True,False,,"Ag-SERS: modality=sers, substrate=Ag colloid (Gobbato)",,,
gobbato_sers_metabolites::Ade::01,gobbato_sers_metabolites,SERS_met_Ade_0.3uM_01.txt,adenine,,,sers,Ag colloid (Gobbato),785.0,True,False,,"Ag-SERS: modality=sers, substrate=Ag colloid (Gobbato)",,,
gobbato_sers_metabolites::Ade::02,gobbato_sers_metabolites,SERS_met_Ade_0.3uM_02.txt,adenine,,,sers,Ag colloid (Gobbato),785.0,True,False,,"Ag-SERS: modality=sers, substrate=Ag colloid (Gobbato)",,,
gobbato_sers_metabolites::Ade::03,gobbato_sers_metabolites,SERS_met_Ade_0.3uM_03.txt,adenine,,,sers,Ag colloid (Gobbato),785.0,True,False,,"Ag-SERS: modality=sers, substrate=Ag colloid (Gobbato)",,,
gobbato_sers_metabolites::Ade::04,gobbato_sers_metabolites,SERS_met_Ade_0.3uM_04.txt,adenine,,,sers,Ag colloid (Gobbato),785.0,True,False,,"Ag-SERS: modality=sers, substrate=Ag colloid (Gobbato)",,,
gobbato_sers_metabolites::Ade::05,gobbato_sers_metabolites,SERS_met_Ade_0.3uM_05.txt,adenine,,,sers,Ag colloid (Gobbato),785.0,True,False,,"Ag-SERS: modality=sers, substrate=Ag colloid (Gobbato)",,,
gobbato_sers_metabolites::Ala::01,gobbato_sers_metabolites,SERS_met_Ala_400uM_01.txt,alanine,,,sers,Ag colloid (Gobbato),785.0,True,False,,"Ag-SERS: modality=sers, substrate=Ag colloid (Gobbato)",,,
gobbato_sers_metabolites::Ala::02,gobbato_sers_metabolites,SERS_met_Ala_400uM_02.txt,alanine,,,sers,Ag colloid (Gobbato),785.0,True,False,,"Ag-SERS: modality=sers, substrate=Ag colloid (Gobbato)",,,
gobbato_sers_metabolites::Ala::03,gobbato_sers_metabolites,SERS_met_Ala_400uM_03.txt,alanine,,,sers,Ag colloid (Gobbato),785.0,True,False,,"Ag-SERS: modality=sers, substrate=Ag colloid (Gobbato)",,,
gobbato_sers_metabolites::Ala::04,gobbato_sers_metabolites,SERS_met_Ala_400uM_04.txt,alanine,,,sers,Ag colloid (Gobbato),785.0,True,False,,"Ag-SERS: modality=sers, substrate=Ag colloid (Gobbato)",,,
gobbato_sers_metabolites::Ala::05,gobbato_sers_metabolites,SERS_met_Ala_400uM_05.txt,alanine,,,sers,Ag colloid (Gobbato),785.0,True,False,,"Ag-SERS: modality=sers, substrate=Ag colloid (Gobbato)",,,
gobbato_sers_metabolites::Alb::01,gobbato_sers_metabolites,SERS_met_Alb_600uM_01.txt,albumin,,,sers,Ag colloid (Gobbato),785.0,True,False,,"Ag-SERS: modality=sers, substrate=Ag colloid (Gobbato)",,,
gobbato_sers_metabolites::Alb::02,gobbato_sers_metabolites,SERS_met_Alb_600uM_02.txt,albumin,,,sers,Ag colloid (Gobbato),785.0,True,False,,"Ag-SERS: modality=sers, substrate=Ag colloid (Gobbato)",,,
gobbato_sers_metabolites::Alb::03,gobbato_sers_metabolites,SERS_met_Alb_600uM_03.txt,albumin,,,sers,Ag colloid (Gobbato),785.0,True,False,,"Ag-SERS: modality=sers, substrate=Ag colloid (Gobbato)",,,
gobbato_sers_metabolites::Alb::04,gobbato_sers_metabolites,SERS_met_Alb_600uM_04.txt,albumin,,,sers,Ag colloid (Gobbato),785.0,True,False,,"Ag-SERS: modality=sers, substrate=Ag colloid (Gobbato)",,,
gobbato_sers_metabolites::Alb::05,gobbato_sers_metabolites,SERS_met_Alb_600uM_05.txt,albumin,,,sers,Ag colloid (Gobbato),785.0,True,False,,"Ag-SERS: modality=sers, substrate=Ag colloid (Gobbato)",,,
gobbato_sers_metabolites::Arg::01,gobbato_sers_metabolites,SERS_met_Arg_130uM_01.txt,arginine,,,sers,Ag colloid (Gobbato),785.0,True,False,,"Ag-SERS: modality=sers, substrate=Ag colloid (Gobbato)",,,
gobbato_sers_metabolites::Arg::02,gobbato_sers_metabolites,SERS_met_Arg_130uM_02.txt,arginine,,,sers,Ag colloid (Gobbato),785.0,True,False,,"Ag-SERS: modality=sers, substrate=Ag colloid (Gobbato)",,,
gobbato_sers_metabolites::Arg::03,gobbato_sers_metabolites,SERS_met_Arg_130uM_03.txt,arginine,,,sers,Ag colloid (Gobbato),785.0,True,False,,"Ag-SERS: modality=sers, substrate=Ag colloid (Gobbato)",,,
gobbato_sers_metabolites::Arg::04,gobbato_sers_metabolites,SERS_met_Arg_130uM_04.txt,arginine,,,sers,Ag colloid (Gobbato),785.0,True,False,,"Ag-SERS: modality=sers, substrate=Ag colloid (Gobbato)",,,
gobbato_sers_metabolites::Arg::05,gobbato_sers_metabolites,SERS_met_Arg_130uM_05.txt,arginine,,,sers,Ag colloid (Gobbato),785.0,True,False,,"Ag-SERS: modality=sers, substrate=Ag colloid (Gobbato)",,,
gobbato_sers_metabolites::Asc::01,gobbato_sers_metabolites,SERS_met_Asc_60uM_01.txt,ascorbate,,,sers,Ag colloid (Gobbato),785.0,True,False,,"Ag-SERS: modality=sers, substrate=Ag colloid (Gobbato)",,,
gobbato_sers_metabolites::Asc::02,gobbato_sers_metabolites,SERS_met_Asc_60uM_02.txt,ascorbate,,,sers,Ag colloid (Gobbato),785.0,True,False,,"Ag-SERS: modality=sers, substrate=Ag colloid (Gobbato)",,,
gobbato_sers_metabolites::Asc::03,gobbato_sers_metabolites,SERS_met_Asc_60uM_03.txt,ascorbate,,,sers,Ag colloid (Gobbato),785.0,True,False,,"Ag-SERS: modality=sers, substrate=Ag colloid (Gobbato)",,,
gobbato_sers_metabolites::Asc::04,gobbato_sers_metabolites,SERS_met_Asc_60uM_04.txt,ascorbate,,,sers,Ag colloid (Gobbato),785.0,True,False,,"Ag-SERS: modality=sers, substrate=Ag colloid (Gobbato)",,,
gobbato_sers_metabolites::Asc::05,gobbato_sers_metabolites,SERS_met_Asc_60uM_05.txt,ascorbate,,,sers,Ag colloid (Gobbato),785.0,True,False,,"Ag-SERS: modality=sers, substrate=Ag colloid (Gobbato)",,,
gobbato_sers_metabolites::Chol::01,gobbato_sers_metabolites,SERS_met_Chol_6.2mM_01.txt,cholesterol,,,sers,Ag colloid (Gobbato),785.0,True,False,,"Ag-SERS: modality=sers, substrate=Ag colloid (Gobbato)",,,
gobbato_sers_metabolites::Chol::02,gobbato_sers_metabolites,SERS_met_Chol_6.2mM_02.txt,cholesterol,,,sers,Ag colloid (Gobbato),785.0,True,False,,"Ag-SERS: modality=sers, substrate=Ag colloid (Gobbato)",,,
gobbato_sers_metabolites::Chol::03,gobbato_sers_metabolites,SERS_met_Chol_6.2mM_03.txt,cholesterol,,,sers,Ag colloid (Gobbato),785.0,True,False,,"Ag-SERS: modality=sers, substrate=Ag colloid (Gobbato)",,,
gobbato_sers_metabolites::Chol::04,gobbato_sers_metabolites,SERS_met_Chol_6.2mM_04.txt,cholesterol,,,sers,Ag colloid (Gobbato),785.0,True,False,,"Ag-SERS: modality=sers, substrate=Ag colloid (Gobbato)",,,
gobbato_sers_metabolites::Chol::05,gobbato_sers_metabolites,SERS_met_Chol_6.2mM_05.txt,cholesterol,,,sers,Ag colloid (Gobbato),785.0,True,False,,"Ag-SERS: modality=sers, substrate=Ag colloid (Gobbato)",,,
gobbato_sers_metabolites::Citric::01,gobbato_sers_metabolites,SERS_met_Citric_200uM_01.txt,citrate,,,sers,Ag colloid (Gobbato),785.0,True,False,,"Ag-SERS: modality=sers, substrate=Ag colloid (Gobbato)",,,
gobbato_sers_metabolites::Citric::02,gobbato_sers_metabolites,SERS_met_Citric_200uM_02.txt,citrate,,,sers,Ag colloid (Gobbato),785.0,True,False,,"Ag-SERS: modality=sers, substrate=Ag colloid (Gobbato)",,,
gobbato_sers_metabolites::Citric::03,gobbato_sers_metabolites,SERS_met_Citric_200uM_03.txt,citrate,,,sers,Ag colloid (Gobbato),785.0,True,False,,"Ag-SERS: modality=sers, substrate=Ag colloid (Gobbato)",,,
gobbato_sers_metabolites::Citric::04,gobbato_sers_metabolites,SERS_met_Citric_200uM_04.txt,citrate,,,sers,Ag colloid (Gobbato),785.0,True,False,,"Ag-SERS: modality=sers, substrate=Ag colloid (Gobbato)",,,
gobbato_sers_metabolites::Citric::05,gobbato_sers_metabolites,SERS_met_Citric_200uM_05.txt,citrate,,,sers,Ag colloid (Gobbato),785.0,True,False,,"Ag-SERS: modality=sers, substrate=Ag colloid (Gobbato)",,,
gobbato_sers_metabolites::CoA::01,gobbato_sers_metabolites,SERS_met_CoA_100uM_01.txt,coenzyme a,,,sers,Ag colloid (Gobbato),785.0,True,False,,"Ag-SERS: modality=sers, substrate=Ag colloid (Gobbato)",,,
gobbato_sers_metabolites::CoA::02,gobbato_sers_metabolites,SERS_met_CoA_100uM_02.txt,coenzyme a,,,sers,Ag colloid (Gobbato),785.0,True,False,,"Ag-SERS: modality=sers, substrate=Ag colloid (Gobbato)",,,
gobbato_sers_metabolites::CoA::03,gobbato_sers_metabolites,SERS_met_CoA_100uM_03.txt,coenzyme a,,,sers,Ag colloid (Gobbato),785.0,True,False,,"Ag-SERS: modality=sers, substrate=Ag colloid (Gobbato)",,,
gobbato_sers_metabolites::CoA::04,gobbato_sers_metabolites,SERS_met_CoA_100uM_04.txt,coenzyme a,,,sers,Ag colloid (Gobbato),785.0,True,False,,"Ag-SERS: modality=sers, substrate=Ag colloid (Gobbato)",,,
gobbato_sers_metabolites::CoA::05,gobbato_sers_metabolites,SERS_met_CoA_100uM_05.txt,coenzyme a,,,sers,Ag colloid (Gobbato),785.0,True,False,,"Ag-SERS: modality=sers, substrate=Ag colloid (Gobbato)",,,
gobbato_sers_metabolites::Creat::01,gobbato_sers_metabolites,SERS_met_Creat_80uM_01.txt,creatinine,,,sers,Ag colloid (Gobbato),785.0,True,False,,"Ag-SERS: modality=sers, substrate=Ag colloid (Gobbato)",,,
gobbato_sers_metabolites::Creat::02,gobbato_sers_metabolites,SERS_met_Creat_80uM_02.txt,creatinine,,,sers,Ag colloid (Gobbato),785.0,True,False,,"Ag-SERS: modality=sers, substrate=Ag colloid (Gobbato)",,,
gobbato_sers_metabolites::Creat::03,gobbato_sers_metabolites,SERS_met_Creat_80uM_03.txt,creatinine,,,sers,Ag colloid (Gobbato),785.0,True,False,,"Ag-SERS: modality=sers, substrate=Ag colloid (Gobbato)",,,
gobbato_sers_metabolites::Creat::04,gobbato_sers_metabolites,SERS_met_Creat_80uM_04.txt,creatinine,,,sers,Ag colloid (Gobbato),785.0,True,False,,"Ag-SERS: modality=sers, substrate=Ag colloid (Gobbato)",,,
gobbato_sers_metabolites::Creat::05,gobbato_sers_metabolites,SERS_met_Creat_80uM_05.txt,creatinine,,,sers,Ag colloid (Gobbato),785.0,True,False,,"Ag-SERS: modality=sers, substrate=Ag colloid (Gobbato)",,,
gobbato_sers_metabolites::Cys::01,gobbato_sers_metabolites,SERS_met_Cys_0.2uM_01.txt,cysteine,,,sers,Ag colloid (Gobbato),785.0,True,False,,"Ag-SERS: modality=sers, substrate=Ag colloid (Gobbato)",,,
gobbato_sers_metabolites::Cys::02,gobbato_sers_metabolites,SERS_met_Cys_0.2uM_02.txt,cysteine,,,sers,Ag colloid (Gobbato),785.0,True,False,,"Ag-SERS: modality=sers, substrate=Ag colloid (Gobbato)",,,
gobbato_sers_metabolites::Cys::03,gobbato_sers_metabolites,SERS_met_Cys_0.2uM_03.txt,cysteine,,,sers,Ag colloid (Gobbato),785.0,True,False,,"Ag-SERS: modality=sers, substrate=Ag colloid (Gobbato)",,,
gobbato_sers_metabolites::Cys::04,gobbato_sers_metabolites,SERS_met_Cys_0.2uM_04.txt,cysteine,,,sers,Ag colloid (Gobbato),785.0,True,False,,"Ag-SERS: modality=sers, substrate=Ag colloid (Gobbato)",,,
gobbato_sers_metabolites::Cys::05,gobbato_sers_metabolites,SERS_met_Cys_0.2uM_05.txt,cysteine,,,sers,Ag colloid (Gobbato),785.0,True,False,,"Ag-SERS: modality=sers, substrate=Ag colloid (Gobbato)",,,
gobbato_sers_metabolites::DNA::01,gobbato_sers_metabolites,SERS_met_DNA_30ngmL_01.txt,dna,,,sers,Ag colloid (Gobbato),785.0,True,False,,"Ag-SERS: modality=sers, substrate=Ag colloid (Gobbato)",,,
gobbato_sers_metabolites::DNA::02,gobbato_sers_metabolites,SERS_met_DNA_30ngmL_02.txt,dna,,,sers,Ag colloid (Gobbato),785.0,True,False,,"Ag-SERS: modality=sers, substrate=Ag colloid (Gobbato)",,,
gobbato_sers_metabolites::DNA::03,gobbato_sers_metabolites,SERS_met_DNA_30ngmL_03.txt,dna,,,sers,Ag colloid (Gobbato),785.0,True,False,,"Ag-SERS: modality=sers, substrate=Ag colloid (Gobbato)",,,
gobbato_sers_metabolites::DNA::04,gobbato_sers_metabolites,SERS_met_DNA_30ngmL_04.txt,dna,,,sers,Ag colloid (Gobbato),785.0,True,False,,"Ag-SERS: modality=sers, substrate=Ag colloid (Gobbato)",,,
gobbato_sers_metabolites::DNA::05,gobbato_sers_metabolites,SERS_met_DNA_30ngmL_05.txt,dna,,,sers,Ag colloid (Gobbato),785.0,True,False,,"Ag-SERS: modality=sers, substrate=Ag colloid (Gobbato)",,,
gobbato_sers_metabolites::Dfruct6P::01,gobbato_sers_metabolites,SERS_met_Dfruct6P_10uM_01.txt,fructose-6-phosphate,,,sers,Ag colloid (Gobbato),785.0,True,False,,"Ag-SERS: modality=sers, substrate=Ag colloid (Gobbato)",,,
gobbato_sers_metabolites::Dfruct6P::02,gobbato_sers_metabolites,SERS_met_Dfruct6P_10uM_02.txt,fructose-6-phosphate,,,sers,Ag colloid (Gobbato),785.0,True,False,,"Ag-SERS: modality=sers, substrate=Ag colloid (Gobbato)",,,
gobbato_sers_metabolites::Dfruct6P::03,gobbato_sers_metabolites,SERS_met_Dfruct6P_10uM_03.txt,fructose-6-phosphate,,,sers,Ag colloid (Gobbato),785.0,True,False,,"Ag-SERS: modality=sers, substrate=Ag colloid (Gobbato)",,,
gobbato_sers_metabolites::Dfruct6P::04,gobbato_sers_metabolites,SERS_met_Dfruct6P_10uM_04.txt,fructose-6-phosphate,,,sers,Ag colloid (Gobbato),785.0,True,False,,"Ag-SERS: modality=sers, substrate=Ag colloid (Gobbato)",,,
gobbato_sers_metabolites::Dfruct6P::05,gobbato_sers_metabolites,SERS_met_Dfruct6P_10uM_05.txt,fructose-6-phosphate,,,sers,Ag colloid (Gobbato),785.0,True,False,,"Ag-SERS: modality=sers, substrate=Ag colloid (Gobbato)",,,
gobbato_sers_metabolites::Ergo::01,gobbato_sers_metabolites,SERS_met_Ergo_5uM_01.txt,ergothioneine,,,sers,Ag colloid (Gobbato),785.0,True,False,,"Ag-SERS: modality=sers, substrate=Ag colloid (Gobbato)",,,
gobbato_sers_metabolites::Ergo::02,gobbato_sers_metabolites,SERS_met_Ergo_5uM_02.txt,ergothioneine,,,sers,Ag colloid (Gobbato),785.0,True,False,,"Ag-SERS: modality=sers, substrate=Ag colloid (Gobbato)",,,
gobbato_sers_metabolites::Ergo::03,gobbato_sers_metabolites,SERS_met_Ergo_5uM_03.txt,ergothioneine,,,sers,Ag colloid (Gobbato),785.0,True,False,,"Ag-SERS: modality=sers, substrate=Ag colloid (Gobbato)",,,
gobbato_sers_metabolites::Ergo::04,gobbato_sers_metabolites,SERS_met_Ergo_5uM_04.txt,ergothioneine,,,sers,Ag colloid (Gobbato),785.0,True,False,,"Ag-SERS: modality=sers, substrate=Ag colloid (Gobbato)",,,
gobbato_sers_metabolites::Ergo::05,gobbato_sers_metabolites,SERS_met_Ergo_5uM_05.txt,ergothioneine,,,sers,Ag colloid (Gobbato),785.0,True,False,,"Ag-SERS: modality=sers, substrate=Ag colloid (Gobbato)",,,
gobbato_sers_metabolites::Fruct::01,gobbato_sers_metabolites,SERS_met_Fruct_30uM_01.txt,fructose,,,sers,Ag colloid (Gobbato),785.0,True,False,,"Ag-SERS: modality=sers, substrate=Ag colloid (Gobbato)",,,
gobbato_sers_metabolites::Fruct::02,gobbato_sers_metabolites,SERS_met_Fruct_30uM_02.txt,fructose,,,sers,Ag colloid (Gobbato),785.0,True,False,,"Ag-SERS: modality=sers, substrate=Ag colloid (Gobbato)",,,
gobbato_sers_metabolites::Fruct::03,gobbato_sers_metabolites,SERS_met_Fruct_30uM_03.txt,fructose,,,sers,Ag colloid (Gobbato),785.0,True,False,,"Ag-SERS: modality=sers, substrate=Ag colloid (Gobbato)",,,
gobbato_sers_metabolites::Fruct::04,gobbato_sers_metabolites,SERS_met_Fruct_30uM_04.txt,fructose,,,sers,Ag colloid (Gobbato),785.0,True,False,,"Ag-SERS: modality=sers, substrate=Ag colloid (Gobbato)",,,
gobbato_sers_metabolites::Fruct::05,gobbato_sers_metabolites,SERS_met_Fruct_30uM_05.txt,fructose,,,sers,Ag colloid (Gobbato),785.0,True,False,,"Ag-SERS: modality=sers, substrate=Ag colloid (Gobbato)",,,
gobbato_sers_metabolites::Galact::01,gobbato_sers_metabolites,SERS_met_Galact_100uM_01.txt,galactose,,,sers,Ag colloid (Gobbato),785.0,True,False,,"Ag-SERS: modality=sers, substrate=Ag colloid (Gobbato)",,,
gobbato_sers_metabolites::Galact::02,gobbato_sers_metabolites,SERS_met_Galact_100uM_02.txt,galactose,,,sers,Ag colloid (Gobbato),785.0,True,False,,"Ag-SERS: modality=sers, substrate=Ag colloid (Gobbato)",,,
gobbato_sers_metabolites::Galact::03,gobbato_sers_metabolites,SERS_met_Galact_100uM_03.txt,galactose,,,sers,Ag colloid (Gobbato),785.0,True,False,,"Ag-SERS: modality=sers, substrate=Ag colloid (Gobbato)",,,
gobbato_sers_metabolites::Galact::04,gobbato_sers_metabolites,SERS_met_Galact_100uM_04.txt,galactose,,,sers,Ag colloid (Gobbato),785.0,True,False,,"Ag-SERS: modality=sers, substrate=Ag colloid (Gobbato)",,,
gobbato_sers_metabolites::Galact::05,gobbato_sers_metabolites,SERS_met_Galact_100uM_05.txt,galactose,,,sers,Ag colloid (Gobbato),785.0,True,False,,"Ag-SERS: modality=sers, substrate=Ag colloid (Gobbato)",,,
gobbato_sers_metabolites::Gluc::01,gobbato_sers_metabolites,SERS_met_Gluc_5.4mM_01.txt,glucose,,,sers,Ag colloid (Gobbato),785.0,True,False,,"Ag-SERS: modality=sers, substrate=Ag colloid (Gobbato)",,,
gobbato_sers_metabolites::Gluc::02,gobbato_sers_metabolites,SERS_met_Gluc_5.4mM_02.txt,glucose,,,sers,Ag colloid (Gobbato),785.0,True,False,,"Ag-SERS: modality=sers, substrate=Ag colloid (Gobbato)",,,
gobbato_sers_metabolites::Gluc::03,gobbato_sers_metabolites,SERS_met_Gluc_5.4mM_03.txt,glucose,,,sers,Ag colloid (Gobbato),785.0,True,False,,"Ag-SERS: modality=sers, substrate=Ag colloid (Gobbato)",,,
gobbato_sers_metabolites::Gluc::04,gobbato_sers_metabolites,SERS_met_Gluc_5.4mM_04.txt,glucose,,,sers,Ag colloid (Gobbato),785.0,True,False,,"Ag-SERS: modality=sers, substrate=Ag colloid (Gobbato)",,,
gobbato_sers_metabolites::Gluc::05,gobbato_sers_metabolites,SERS_met_Gluc_5.4mM_05.txt,glucose,,,sers,Ag colloid (Gobbato),785.0,True,False,,"Ag-SERS: modality=sers, substrate=Ag colloid (Gobbato)",,,
gobbato_sers_metabolites::Glut::01,gobbato_sers_metabolites,SERS_met_Glut_85uM_01.txt,glutathione,,,sers,Ag colloid (Gobbato),785.0,True,False,,"Ag-SERS: modality=sers, substrate=Ag colloid (Gobbato)",,,
gobbato_sers_metabolites::Glut::02,gobbato_sers_metabolites,SERS_met_Glut_85uM_02.txt,glutathione,,,sers,Ag colloid (Gobbato),785.0,True,False,,"Ag-SERS: modality=sers, substrate=Ag colloid (Gobbato)",,,
gobbato_sers_metabolites::Glut::03,gobbato_sers_metabolites,SERS_met_Glut_85uM_03.txt,glutathione,,,sers,Ag colloid (Gobbato),785.0,True,False,,"Ag-SERS: modality=sers, substrate=Ag colloid (Gobbato)",,,
gobbato_sers_metabolites::Glut::04,gobbato_sers_metabolites,SERS_met_Glut_85uM_04.txt,glutathione,,,sers,Ag colloid (Gobbato),785.0,True,False,,"Ag-SERS: modality=sers, substrate=Ag colloid (Gobbato)",,,
gobbato_sers_metabolites::Glut::05,gobbato_sers_metabolites,SERS_met_Glut_85uM_05.txt,glutathione,,,sers,Ag colloid (Gobbato),785.0,True,False,,"Ag-SERS: modality=sers, substrate=Ag colloid (Gobbato)",,,
gobbato_sers_metabolites::Glutamic::01,gobbato_sers_metabolites,SERS_met_Glutamic_30uM_01.txt,glutamate,,,sers,Ag colloid (Gobbato),785.0,True,False,,"Ag-SERS: modality=sers, substrate=Ag colloid (Gobbato)",,,
gobbato_sers_metabolites::Glutamic::02,gobbato_sers_metabolites,SERS_met_Glutamic_30uM_02.txt,glutamate,,,sers,Ag colloid (Gobbato),785.0,True,False,,"Ag-SERS: modality=sers, substrate=Ag colloid (Gobbato)",,,
gobbato_sers_metabolites::Glutamic::03,gobbato_sers_metabolites,SERS_met_Glutamic_30uM_03.txt,glutamate,,,sers,Ag colloid (Gobbato),785.0,True,False,,"Ag-SERS: modality=sers, substrate=Ag colloid (Gobbato)",,,
gobbato_sers_metabolites::Glutamic::04,gobbato_sers_metabolites,SERS_met_Glutamic_30uM_04.txt,glutamate,,,sers,Ag colloid (Gobbato),785.0,True,False,,"Ag-SERS: modality=sers, substrate=Ag colloid (Gobbato)",,,
gobbato_sers_metabolites::Glutamic::05,gobbato_sers_metabolites,SERS_met_Glutamic_30uM_05.txt,glutamate,,,sers,Ag colloid (Gobbato),785.0,True,False,,"Ag-SERS: modality=sers, substrate=Ag colloid (Gobbato)",,,
gobbato_sers_metabolites::Gly::01,gobbato_sers_metabolites,SERS_met_Gly_230uM_01.txt,glycine,,,sers,Ag colloid (Gobbato),785.0,True,False,,"Ag-SERS: modality=sers, substrate=Ag colloid (Gobbato)",,,
gobbato_sers_metabolites::Gly::02,gobbato_sers_metabolites,SERS_met_Gly_230uM_02.txt,glycine,,,sers,Ag colloid (Gobbato),785.0,True,False,,"Ag-SERS: modality=sers, substrate=Ag colloid (Gobbato)",,,
gobbato_sers_metabolites::Gly::03,gobbato_sers_metabolites,SERS_met_Gly_230uM_03.txt,glycine,,,sers,Ag colloid (Gobbato),785.0,True,False,,"Ag-SERS: modality=sers, substrate=Ag colloid (Gobbato)",,,
gobbato_sers_metabolites::Gly::04,gobbato_sers_metabolites,SERS_met_Gly_230uM_04.txt,glycine,,,sers,Ag colloid (Gobbato),785.0,True,False,,"Ag-SERS: modality=sers, substrate=Ag colloid (Gobbato)",,,
gobbato_sers_metabolites::Gly::05,gobbato_sers_metabolites,SERS_met_Gly_230uM_05.txt,glycine,,,sers,Ag colloid (Gobbato),785.0,True,False,,"Ag-SERS: modality=sers, substrate=Ag colloid (Gobbato)",,,
gobbato_sers_metabolites::Glycerol::01,gobbato_sers_metabolites,SERS_met_Glycerol_40uM_01.txt,glycerol,,,sers,Ag colloid (Gobbato),785.0,True,False,,"Ag-SERS: modality=sers, substrate=Ag colloid (Gobbato)",,,
gobbato_sers_metabolites::Glycerol::02,gobbato_sers_metabolites,SERS_met_Glycerol_40uM_02.txt,glycerol,,,sers,Ag colloid (Gobbato),785.0,True,False,,"Ag-SERS: modality=sers, substrate=Ag colloid (Gobbato)",,,
gobbato_sers_metabolites::Glycerol::03,gobbato_sers_metabolites,SERS_met_Glycerol_40uM_03.txt,glycerol,,,sers,Ag colloid (Gobbato),785.0,True,False,,"Ag-SERS: modality=sers, substrate=Ag colloid (Gobbato)",,,
gobbato_sers_metabolites::Glycerol::04,gobbato_sers_metabolites,SERS_met_Glycerol_40uM_04.txt,glycerol,,,sers,Ag colloid (Gobbato),785.0,True,False,,"Ag-SERS: modality=sers, substrate=Ag colloid (Gobbato)",,,
gobbato_sers_metabolites::Glycerol::05,gobbato_sers_metabolites,SERS_met_Glycerol_40uM_05.txt,glycerol,,,sers,Ag colloid (Gobbato),785.0,True,False,,"Ag-SERS: modality=sers, substrate=Ag colloid (Gobbato)",,,
gobbato_sers_metabolites::Glycogen::01,gobbato_sers_metabolites,SERS_met_Glycogen_1mgmL_01.txt,glycogen,,,sers,Ag colloid (Gobbato),785.0,True,False,,"Ag-SERS: modality=sers, substrate=Ag colloid (Gobbato)",,,
gobbato_sers_metabolites::Glycogen::02,gobbato_sers_metabolites,SERS_met_Glycogen_1mgmL_02.txt,glycogen,,,sers,Ag colloid (Gobbato),785.0,True,False,,"Ag-SERS: modality=sers, substrate=Ag colloid (Gobbato)",,,
gobbato_sers_metabolites::Glycogen::03,gobbato_sers_metabolites,SERS_met_Glycogen_1mgmL_03.txt,glycogen,,,sers,Ag colloid (Gobbato),785.0,True,False,,"Ag-SERS: modality=sers, substrate=Ag colloid (Gobbato)",,,
gobbato_sers_metabolites::Glycogen::04,gobbato_sers_metabolites,SERS_met_Glycogen_1mgmL_04.txt,glycogen,,,sers,Ag colloid (Gobbato),785.0,True,False,,"Ag-SERS: modality=sers, substrate=Ag colloid (Gobbato)",,,
gobbato_sers_metabolites::Glycogen::05,gobbato_sers_metabolites,SERS_met_Glycogen_1mgmL_05.txt,glycogen,,,sers,Ag colloid (Gobbato),785.0,True,False,,"Ag-SERS: modality=sers, substrate=Ag colloid (Gobbato)",,,
gobbato_sers_metabolites::Gua::01,gobbato_sers_metabolites,SERS_met_Gua_100uM_01.txt,guanine,,,sers,Ag colloid (Gobbato),785.0,True,False,,"Ag-SERS: modality=sers, substrate=Ag colloid (Gobbato)",,,
gobbato_sers_metabolites::Gua::02,gobbato_sers_metabolites,SERS_met_Gua_100uM_02.txt,guanine,,,sers,Ag colloid (Gobbato),785.0,True,False,,"Ag-SERS: modality=sers, substrate=Ag colloid (Gobbato)",,,
gobbato_sers_metabolites::Gua::03,gobbato_sers_metabolites,SERS_met_Gua_100uM_03.txt,guanine,,,sers,Ag colloid (Gobbato),785.0,True,False,,"Ag-SERS: modality=sers, substrate=Ag colloid (Gobbato)",,,
gobbato_sers_metabolites::Gua::04,gobbato_sers_metabolites,SERS_met_Gua_100uM_04.txt,guanine,,,sers,Ag colloid (Gobbato),785.0,True,False,,"Ag-SERS: modality=sers, substrate=Ag colloid (Gobbato)",,,
gobbato_sers_metabolites::Gua::05,gobbato_sers_metabolites,SERS_met_Gua_100uM_05.txt,guanine,,,sers,Ag colloid (Gobbato),785.0,True,False,,"Ag-SERS: modality=sers, substrate=Ag colloid (Gobbato)",,,
gobbato_sers_metabolites::His::01,gobbato_sers_metabolites,SERS_met_His_90uM_01.txt,histidine,,,sers,Ag colloid (Gobbato),785.0,True,False,,"Ag-SERS: modality=sers, substrate=Ag colloid (Gobbato)",,,
gobbato_sers_metabolites::His::02,gobbato_sers_metabolites,SERS_met_His_90uM_02.txt,histidine,,,sers,Ag colloid (Gobbato),785.0,True,False,,"Ag-SERS: modality=sers, substrate=Ag colloid (Gobbato)",,,
gobbato_sers_metabolites::His::03,gobbato_sers_metabolites,SERS_met_His_90uM_03.txt,histidine,,,sers,Ag colloid (Gobbato),785.0,True,False,,"Ag-SERS: modality=sers, substrate=Ag colloid (Gobbato)",,,
gobbato_sers_metabolites::His::04,gobbato_sers_metabolites,SERS_met_His_90uM_04.txt,histidine,,,sers,Ag colloid (Gobbato),785.0,True,False,,"Ag-SERS: modality=sers, substrate=Ag colloid (Gobbato)",,,
gobbato_sers_metabolites::His::05,gobbato_sers_metabolites,SERS_met_His_90uM_05.txt,histidine,,,sers,Ag colloid (Gobbato),785.0,True,False,,"Ag-SERS: modality=sers, substrate=Ag colloid (Gobbato)",,,
gobbato_sers_metabolites::Hydroxypro::01,gobbato_sers_metabolites,SERS_met_Hydroxypro_10uM_01.txt,hydroxyproline,,,sers,Ag colloid (Gobbato),785.0,True,False,,"Ag-SERS: modality=sers, substrate=Ag colloid (Gobbato)",,,
gobbato_sers_metabolites::Hydroxypro::02,gobbato_sers_metabolites,SERS_met_Hydroxypro_10uM_02.txt,hydroxyproline,,,sers,Ag colloid (Gobbato),785.0,True,False,,"Ag-SERS: modality=sers, substrate=Ag colloid (Gobbato)",,,
gobbato_sers_metabolites::Hydroxypro::03,gobbato_sers_metabolites,SERS_met_Hydroxypro_10uM_03.txt,hydroxyproline,,,sers,Ag colloid (Gobbato),785.0,True,False,,"Ag-SERS: modality=sers, substrate=Ag colloid (Gobbato)",,,
gobbato_sers_metabolites::Hydroxypro::04,gobbato_sers_metabolites,SERS_met_Hydroxypro_10uM_04.txt,hydroxyproline,,,sers,Ag colloid (Gobbato),785.0,True,False,,"Ag-SERS: modality=sers, substrate=Ag colloid (Gobbato)",,,
gobbato_sers_metabolites::Hydroxypro::05,gobbato_sers_metabolites,SERS_met_Hydroxypro_10uM_05.txt,hydroxyproline,,,sers,Ag colloid (Gobbato),785.0,True,False,,"Ag-SERS: modality=sers, substrate=Ag colloid (Gobbato)",,,
gobbato_sers_metabolites::Hypox::01,gobbato_sers_metabolites,SERS_met_Hypox_2.3uM_01.txt,hypoxanthine,,,sers,Ag colloid (Gobbato),785.0,True,False,,"Ag-SERS: modality=sers, substrate=Ag colloid (Gobbato)",,,
gobbato_sers_metabolites::Hypox::02,gobbato_sers_metabolites,SERS_met_Hypox_2.3uM_02.txt,hypoxanthine,,,sers,Ag colloid (Gobbato),785.0,True,False,,"Ag-SERS: modality=sers, substrate=Ag colloid (Gobbato)",,,
gobbato_sers_metabolites::Hypox::03,gobbato_sers_metabolites,SERS_met_Hypox_2.3uM_03.txt,hypoxanthine,,,sers,Ag colloid (Gobbato),785.0,True,False,,"Ag-SERS: modality=sers, substrate=Ag colloid (Gobbato)",,,
gobbato_sers_metabolites::Hypox::04,gobbato_sers_metabolites,SERS_met_Hypox_2.3uM_04.txt,hypoxanthine,,,sers,Ag colloid (Gobbato),785.0,True,False,,"Ag-SERS: modality=sers, substrate=Ag colloid (Gobbato)",,,
gobbato_sers_metabolites::Hypox::05,gobbato_sers_metabolites,SERS_met_Hypox_2.3uM_05.txt,hypoxanthine,,,sers,Ag colloid (Gobbato),785.0,True,False,,"Ag-SERS: modality=sers, substrate=Ag colloid (Gobbato)",,,
gobbato_sers_metabolites::Ile::01,gobbato_sers_metabolites,SERS_met_Ile_80uM_01.txt,isoleucine,,,sers,Ag colloid (Gobbato),785.0,True,False,,"Ag-SERS: modality=sers, substrate=Ag colloid (Gobbato)",,,
gobbato_sers_metabolites::Ile::02,gobbato_sers_metabolites,SERS_met_Ile_80uM_02.txt,isoleucine,,,sers,Ag colloid (Gobbato),785.0,True,False,,"Ag-SERS: modality=sers, substrate=Ag colloid (Gobbato)",,,
gobbato_sers_metabolites::Ile::03,gobbato_sers_metabolites,SERS_met_Ile_80uM_03.txt,isoleucine,,,sers,Ag colloid (Gobbato),785.0,True,False,,"Ag-SERS: modality=sers, substrate=Ag colloid (Gobbato)",,,
gobbato_sers_metabolites::Ile::04,gobbato_sers_metabolites,SERS_met_Ile_80uM_04.txt,isoleucine,,,sers,Ag colloid (Gobbato),785.0,True,False,,"Ag-SERS: modality=sers, substrate=Ag colloid (Gobbato)",,,
gobbato_sers_metabolites::Ile::05,gobbato_sers_metabolites,SERS_met_Ile_80uM_05.txt,isoleucine,,,sers,Ag colloid (Gobbato),785.0,True,False,,"Ag-SERS: modality=sers, substrate=Ag colloid (Gobbato)",,,
gobbato_sers_metabolites::Lact::01,gobbato_sers_metabolites,SERS_met_Lact_100uM_01.txt,lactate,,,sers,Ag colloid (Gobbato),785.0,True,False,,"Ag-SERS: modality=sers, substrate=Ag colloid (Gobbato)",,,
gobbato_sers_metabolites::Lact::02,gobbato_sers_metabolites,SERS_met_Lact_100uM_02.txt,lactate,,,sers,Ag colloid (Gobbato),785.0,True,False,,"Ag-SERS: modality=sers, substrate=Ag colloid (Gobbato)",,,
gobbato_sers_metabolites::Lact::03,gobbato_sers_metabolites,SERS_met_Lact_100uM_03.txt,lactate,,,sers,Ag colloid (Gobbato),785.0,True,False,,"Ag-SERS: modality=sers, substrate=Ag colloid (Gobbato)",,,
gobbato_sers_metabolites::Lact::04,gobbato_sers_metabolites,SERS_met_Lact_100uM_04.txt,lactate,,,sers,Ag colloid (Gobbato),785.0,True,False,,"Ag-SERS: modality=sers, substrate=Ag colloid (Gobbato)",,,
gobbato_sers_metabolites::Lact::05,gobbato_sers_metabolites,SERS_met_Lact_100uM_05.txt,lactate,,,sers,Ag colloid (Gobbato),785.0,True,False,,"Ag-SERS: modality=sers, substrate=Ag colloid (Gobbato)",,,
gobbato_sers_metabolites::Leu::01,gobbato_sers_metabolites,SERS_met_Leu_125uM_01.txt,leucine,,,sers,Ag colloid (Gobbato),785.0,True,False,,"Ag-SERS: modality=sers, substrate=Ag colloid (Gobbato)",,,
gobbato_sers_metabolites::Leu::02,gobbato_sers_metabolites,SERS_met_Leu_125uM_02.txt,leucine,,,sers,Ag colloid (Gobbato),785.0,True,False,,"Ag-SERS: modality=sers, substrate=Ag colloid (Gobbato)",,,
gobbato_sers_metabolites::Leu::03,gobbato_sers_metabolites,SERS_met_Leu_125uM_03.txt,leucine,,,sers,Ag colloid (Gobbato),785.0,True,False,,"Ag-SERS: modality=sers, substrate=Ag colloid (Gobbato)",,,
gobbato_sers_metabolites::Leu::04,gobbato_sers_metabolites,SERS_met_Leu_125uM_04.txt,leucine,,,sers,Ag colloid (Gobbato),785.0,True,False,,"Ag-SERS: modality=sers, substrate=Ag colloid (Gobbato)",,,
gobbato_sers_metabolites::Leu::05,gobbato_sers_metabolites,SERS_met_Leu_125uM_05.txt,leucine,,,sers,Ag colloid (Gobbato),785.0,True,False,,"Ag-SERS: modality=sers, substrate=Ag colloid (Gobbato)",,,
gobbato_sers_metabolites::Mann::01,gobbato_sers_metabolites,SERS_met_Mann_65uM_01.txt,mannose,,,sers,Ag colloid (Gobbato),785.0,True,False,,"Ag-SERS: modality=sers, substrate=Ag colloid (Gobbato)",,,
gobbato_sers_metabolites::Mann::02,gobbato_sers_metabolites,SERS_met_Mann_65uM_02.txt,mannose,,,sers,Ag colloid (Gobbato),785.0,True,False,,"Ag-SERS: modality=sers, substrate=Ag colloid (Gobbato)",,,
gobbato_sers_metabolites::Mann::03,gobbato_sers_metabolites,SERS_met_Mann_65uM_03.txt,mannose,,,sers,Ag colloid (Gobbato),785.0,True,False,,"Ag-SERS: modality=sers, substrate=Ag colloid (Gobbato)",,,
gobbato_sers_metabolites::Mann::04,gobbato_sers_metabolites,SERS_met_Mann_65uM_04.txt,mannose,,,sers,Ag colloid (Gobbato),785.0,True,False,,"Ag-SERS: modality=sers, substrate=Ag colloid (Gobbato)",,,
gobbato_sers_metabolites::Mann::05,gobbato_sers_metabolites,SERS_met_Mann_65uM_05.txt,mannose,,,sers,Ag colloid (Gobbato),785.0,True,False,,"Ag-SERS: modality=sers, substrate=Ag colloid (Gobbato)",,,
gobbato_sers_metabolites::Methio::01,gobbato_sers_metabolites,SERS_met_Methio_25uM_01.txt,methionine,,,sers,Ag colloid (Gobbato),785.0,True,False,,"Ag-SERS: modality=sers, substrate=Ag colloid (Gobbato)",,,
gobbato_sers_metabolites::Methio::02,gobbato_sers_metabolites,SERS_met_Methio_25uM_02.txt,methionine,,,sers,Ag colloid (Gobbato),785.0,True,False,,"Ag-SERS: modality=sers, substrate=Ag colloid (Gobbato)",,,
gobbato_sers_metabolites::Methio::03,gobbato_sers_metabolites,SERS_met_Methio_25uM_03.txt,methionine,,,sers,Ag colloid (Gobbato),785.0,True,False,,"Ag-SERS: modality=sers, substrate=Ag colloid (Gobbato)",,,
gobbato_sers_metabolites::Methio::04,gobbato_sers_metabolites,SERS_met_Methio_25uM_04.txt,methionine,,,sers,Ag colloid (Gobbato),785.0,True,False,,"Ag-SERS: modality=sers, substrate=Ag colloid (Gobbato)",,,
gobbato_sers_metabolites::Methio::05,gobbato_sers_metabolites,SERS_met_Methio_25uM_05.txt,methionine,,,sers,Ag colloid (Gobbato),785.0,True,False,,"Ag-SERS: modality=sers, substrate=Ag colloid (Gobbato)",,,
gobbato_sers_metabolites::NacDgluc::01,gobbato_sers_metabolites,SERS_met_NacDgluc_100uM_01.txt,n-acetylglucosamine,,,sers,Ag colloid (Gobbato),785.0,True,False,,"Ag-SERS: modality=sers, substrate=Ag colloid (Gobbato)",,,
gobbato_sers_metabolites::NacDgluc::02,gobbato_sers_metabolites,SERS_met_NacDgluc_100uM_02.txt,n-acetylglucosamine,,,sers,Ag colloid (Gobbato),785.0,True,False,,"Ag-SERS: modality=sers, substrate=Ag colloid (Gobbato)",,,
gobbato_sers_metabolites::NacDgluc::03,gobbato_sers_metabolites,SERS_met_NacDgluc_100uM_03.txt,n-acetylglucosamine,,,sers,Ag colloid (Gobbato),785.0,True,False,,"Ag-SERS: modality=sers, substrate=Ag colloid (Gobbato)",,,
gobbato_sers_metabolites::NacDgluc::04,gobbato_sers_metabolites,SERS_met_NacDgluc_100uM_04.txt,n-acetylglucosamine,,,sers,Ag colloid (Gobbato),785.0,True,False,,"Ag-SERS: modality=sers, substrate=Ag colloid (Gobbato)",,,
gobbato_sers_metabolites::NacDgluc::05,gobbato_sers_metabolites,SERS_met_NacDgluc_100uM_05.txt,n-acetylglucosamine,,,sers,Ag colloid (Gobbato),785.0,True,False,,"Ag-SERS: modality=sers, substrate=Ag colloid (Gobbato)",,,
gobbato_sers_metabolites::Oleic::01,gobbato_sers_metabolites,SERS_met_Oleic_150uM_01.txt,oleate,,,sers,Ag colloid (Gobbato),785.0,True,False,,"Ag-SERS: modality=sers, substrate=Ag colloid (Gobbato)",,,
gobbato_sers_metabolites::Oleic::02,gobbato_sers_metabolites,SERS_met_Oleic_150uM_02.txt,oleate,,,sers,Ag colloid (Gobbato),785.0,True,False,,"Ag-SERS: modality=sers, substrate=Ag colloid (Gobbato)",,,
gobbato_sers_metabolites::Oleic::03,gobbato_sers_metabolites,SERS_met_Oleic_150uM_03.txt,oleate,,,sers,Ag colloid (Gobbato),785.0,True,False,,"Ag-SERS: modality=sers, substrate=Ag colloid (Gobbato)",,,
gobbato_sers_metabolites::Oleic::04,gobbato_sers_metabolites,SERS_met_Oleic_150uM_04.txt,oleate,,,sers,Ag colloid (Gobbato),785.0,True,False,,"Ag-SERS: modality=sers, substrate=Ag colloid (Gobbato)",,,
gobbato_sers_metabolites::Oleic::05,gobbato_sers_metabolites,SERS_met_Oleic_150uM_05.txt,oleate,,,sers,Ag colloid (Gobbato),785.0,True,False,,"Ag-SERS: modality=sers, substrate=Ag colloid (Gobbato)",,,
gobbato_sers_metabolites::PEP::01,gobbato_sers_metabolites,SERS_met_PEP_17uM_01.txt,phosphoenolpyruvate,,,sers,Ag colloid (Gobbato),785.0,True,False,,"Ag-SERS: modality=sers, substrate=Ag colloid (Gobbato)",,,
gobbato_sers_metabolites::PEP::02,gobbato_sers_metabolites,SERS_met_PEP_17uM_02.txt,phosphoenolpyruvate,,,sers,Ag colloid (Gobbato),785.0,True,False,,"Ag-SERS: modality=sers, substrate=Ag colloid (Gobbato)",,,
gobbato_sers_metabolites::PEP::03,gobbato_sers_metabolites,SERS_met_PEP_17uM_03.txt,phosphoenolpyruvate,,,sers,Ag colloid (Gobbato),785.0,True,False,,"Ag-SERS: modality=sers, substrate=Ag colloid (Gobbato)",,,
gobbato_sers_metabolites::PEP::04,gobbato_sers_metabolites,SERS_met_PEP_17uM_04.txt,phosphoenolpyruvate,,,sers,Ag colloid (Gobbato),785.0,True,False,,"Ag-SERS: modality=sers, substrate=Ag colloid (Gobbato)",,,
gobbato_sers_metabolites::PEP::05,gobbato_sers_metabolites,SERS_met_PEP_17uM_05.txt,phosphoenolpyruvate,,,sers,Ag colloid (Gobbato),785.0,True,False,,"Ag-SERS: modality=sers, substrate=Ag colloid (Gobbato)",,,
gobbato_sers_metabolites::PhInositol::01,gobbato_sers_metabolites,SERS_met_PhInositol_100uM_01.txt,phosphatidylinositol,,,sers,Ag colloid (Gobbato),785.0,True,False,,"Ag-SERS: modality=sers, substrate=Ag colloid (Gobbato)",,,
gobbato_sers_metabolites::PhInositol::02,gobbato_sers_metabolites,SERS_met_PhInositol_100uM_02.txt,phosphatidylinositol,,,sers,Ag colloid (Gobbato),785.0,True,False,,"Ag-SERS: modality=sers, substrate=Ag colloid (Gobbato)",,,
gobbato_sers_metabolites::PhInositol::03,gobbato_sers_metabolites,SERS_met_PhInositol_100uM_03.txt,phosphatidylinositol,,,sers,Ag colloid (Gobbato),785.0,True,False,,"Ag-SERS: modality=sers, substrate=Ag colloid (Gobbato)",,,
gobbato_sers_metabolites::PhInositol::04,gobbato_sers_metabolites,SERS_met_PhInositol_100uM_04.txt,phosphatidylinositol,,,sers,Ag colloid (Gobbato),785.0,True,False,,"Ag-SERS: modality=sers, substrate=Ag colloid (Gobbato)",,,
gobbato_sers_metabolites::PhInositol::05,gobbato_sers_metabolites,SERS_met_PhInositol_100uM_05.txt,phosphatidylinositol,,,sers,Ag colloid (Gobbato),785.0,True,False,,"Ag-SERS: modality=sers, substrate=Ag colloid (Gobbato)",,,
gobbato_sers_metabolites::Phe::01,gobbato_sers_metabolites,SERS_met_Phe_78uM_01.txt,phenylalanine,,,sers,Ag colloid (Gobbato),785.0,True,False,,"Ag-SERS: modality=sers, substrate=Ag colloid (Gobbato)",,,
gobbato_sers_metabolites::Phe::02,gobbato_sers_metabolites,SERS_met_Phe_78uM_02.txt,phenylalanine,,,sers,Ag colloid (Gobbato),785.0,True,False,,"Ag-SERS: modality=sers, substrate=Ag colloid (Gobbato)",,,
gobbato_sers_metabolites::Phe::03,gobbato_sers_metabolites,SERS_met_Phe_78uM_03.txt,phenylalanine,,,sers,Ag colloid (Gobbato),785.0,True,False,,"Ag-SERS: modality=sers, substrate=Ag colloid (Gobbato)",,,
gobbato_sers_metabolites::Phe::04,gobbato_sers_metabolites,SERS_met_Phe_78uM_04.txt,phenylalanine,,,sers,Ag colloid (Gobbato),785.0,True,False,,"Ag-SERS: modality=sers, substrate=Ag colloid (Gobbato)",,,
gobbato_sers_metabolites::Phe::05,gobbato_sers_metabolites,SERS_met_Phe_78uM_05.txt,phenylalanine,,,sers,Ag colloid (Gobbato),785.0,True,False,,"Ag-SERS: modality=sers, substrate=Ag colloid (Gobbato)",,,
gobbato_sers_metabolites::Phosph::01,gobbato_sers_metabolites,SERS_met_Phosph_100uM_01.txt,phosphate,,,sers,Ag colloid (Gobbato),785.0,True,False,,"Ag-SERS: modality=sers, substrate=Ag colloid (Gobbato)",,,
gobbato_sers_metabolites::Phosph::02,gobbato_sers_metabolites,SERS_met_Phosph_100uM_02.txt,phosphate,,,sers,Ag colloid (Gobbato),785.0,True,False,,"Ag-SERS: modality=sers, substrate=Ag colloid (Gobbato)",,,
gobbato_sers_metabolites::Phosph::03,gobbato_sers_metabolites,SERS_met_Phosph_100uM_03.txt,phosphate,,,sers,Ag colloid (Gobbato),785.0,True,False,,"Ag-SERS: modality=sers, substrate=Ag colloid (Gobbato)",,,
gobbato_sers_metabolites::Phosph::04,gobbato_sers_metabolites,SERS_met_Phosph_100uM_04.txt,phosphate,,,sers,Ag colloid (Gobbato),785.0,True,False,,"Ag-SERS: modality=sers, substrate=Ag colloid (Gobbato)",,,
gobbato_sers_metabolites::Phosph::05,gobbato_sers_metabolites,SERS_met_Phosph_100uM_05.txt,phosphate,,,sers,Ag colloid (Gobbato),785.0,True,False,,"Ag-SERS: modality=sers, substrate=Ag colloid (Gobbato)",,,
gobbato_sers_metabolites::Pro::01,gobbato_sers_metabolites,SERS_met_Pro_168uM_01.txt,proline,,,sers,Ag colloid (Gobbato),785.0,True,False,,"Ag-SERS: modality=sers, substrate=Ag colloid (Gobbato)",,,
gobbato_sers_metabolites::Pro::02,gobbato_sers_metabolites,SERS_met_Pro_168uM_02.txt,proline,,,sers,Ag colloid (Gobbato),785.0,True,False,,"Ag-SERS: modality=sers, substrate=Ag colloid (Gobbato)",,,
gobbato_sers_metabolites::Pro::03,gobbato_sers_metabolites,SERS_met_Pro_168uM_03.txt,proline,,,sers,Ag colloid (Gobbato),785.0,True,False,,"Ag-SERS: modality=sers, substrate=Ag colloid (Gobbato)",,,
gobbato_sers_metabolites::Pro::04,gobbato_sers_metabolites,SERS_met_Pro_168uM_04.txt,proline,,,sers,Ag colloid (Gobbato),785.0,True,False,,"Ag-SERS: modality=sers, substrate=Ag colloid (Gobbato)",,,
gobbato_sers_metabolites::Pro::05,gobbato_sers_metabolites,SERS_met_Pro_168uM_05.txt,proline,,,sers,Ag colloid (Gobbato),785.0,True,False,,"Ag-SERS: modality=sers, substrate=Ag colloid (Gobbato)",,,
gobbato_sers_metabolites::Pyr::01,gobbato_sers_metabolites,SERS_met_Pyr_35uM_01.txt,pyruvate,,,sers,Ag colloid (Gobbato),785.0,True,False,,"Ag-SERS: modality=sers, substrate=Ag colloid (Gobbato)",,,
gobbato_sers_metabolites::Pyr::02,gobbato_sers_metabolites,SERS_met_Pyr_35uM_02.txt,pyruvate,,,sers,Ag colloid (Gobbato),785.0,True,False,,"Ag-SERS: modality=sers, substrate=Ag colloid (Gobbato)",,,
gobbato_sers_metabolites::Pyr::03,gobbato_sers_metabolites,SERS_met_Pyr_35uM_03.txt,pyruvate,,,sers,Ag colloid (Gobbato),785.0,True,False,,"Ag-SERS: modality=sers, substrate=Ag colloid (Gobbato)",,,
gobbato_sers_metabolites::Pyr::04,gobbato_sers_metabolites,SERS_met_Pyr_35uM_04.txt,pyruvate,,,sers,Ag colloid (Gobbato),785.0,True,False,,"Ag-SERS: modality=sers, substrate=Ag colloid (Gobbato)",,,
gobbato_sers_metabolites::Pyr::05,gobbato_sers_metabolites,SERS_met_Pyr_35uM_05.txt,pyruvate,,,sers,Ag colloid (Gobbato),785.0,True,False,,"Ag-SERS: modality=sers, substrate=Ag colloid (Gobbato)",,,
gobbato_sers_metabolites::RNA::01,gobbato_sers_metabolites,SERS_met_RNA_5ngmL_01.txt,rna,,,sers,Ag colloid (Gobbato),785.0,True,False,,"Ag-SERS: modality=sers, substrate=Ag colloid (Gobbato)",,,
gobbato_sers_metabolites::RNA::02,gobbato_sers_metabolites,SERS_met_RNA_5ngmL_02.txt,rna,,,sers,Ag colloid (Gobbato),785.0,True,False,,"Ag-SERS: modality=sers, substrate=Ag colloid (Gobbato)",,,
gobbato_sers_metabolites::RNA::03,gobbato_sers_metabolites,SERS_met_RNA_5ngmL_03.txt,rna,,,sers,Ag colloid (Gobbato),785.0,True,False,,"Ag-SERS: modality=sers, substrate=Ag colloid (Gobbato)",,,
gobbato_sers_metabolites::RNA::04,gobbato_sers_metabolites,SERS_met_RNA_5ngmL_04.txt,rna,,,sers,Ag colloid (Gobbato),785.0,True,False,,"Ag-SERS: modality=sers, substrate=Ag colloid (Gobbato)",,,
gobbato_sers_metabolites::RNA::05,gobbato_sers_metabolites,SERS_met_RNA_5ngmL_05.txt,rna,,,sers,Ag colloid (Gobbato),785.0,True,False,,"Ag-SERS: modality=sers, substrate=Ag colloid (Gobbato)",,,
gobbato_sers_metabolites::Ribo::01,gobbato_sers_metabolites,SERS_met_Ribo_0.84uM_01.txt,riboflavin,,,sers,Ag colloid (Gobbato),785.0,True,False,,"Ag-SERS: modality=sers, substrate=Ag colloid (Gobbato)",,,
gobbato_sers_metabolites::Ribo::02,gobbato_sers_metabolites,SERS_met_Ribo_0.84uM_02.txt,riboflavin,,,sers,Ag colloid (Gobbato),785.0,True,False,,"Ag-SERS: modality=sers, substrate=Ag colloid (Gobbato)",,,
gobbato_sers_metabolites::Ribo::03,gobbato_sers_metabolites,SERS_met_Ribo_0.84uM_03.txt,riboflavin,,,sers,Ag colloid (Gobbato),785.0,True,False,,"Ag-SERS: modality=sers, substrate=Ag colloid (Gobbato)",,,
gobbato_sers_metabolites::Ribo::04,gobbato_sers_metabolites,SERS_met_Ribo_0.84uM_04.txt,riboflavin,,,sers,Ag colloid (Gobbato),785.0,True,False,,"Ag-SERS: modality=sers, substrate=Ag colloid (Gobbato)",,,
gobbato_sers_metabolites::Ribo::05,gobbato_sers_metabolites,SERS_met_Ribo_0.84uM_05.txt,riboflavin,,,sers,Ag colloid (Gobbato),785.0,True,False,,"Ag-SERS: modality=sers, substrate=Ag colloid (Gobbato)",,,
gobbato_sers_metabolites::Ser::01,gobbato_sers_metabolites,SERS_met_Ser_160uM_01.txt,serine,,,sers,Ag colloid (Gobbato),785.0,True,False,,"Ag-SERS: modality=sers, substrate=Ag colloid (Gobbato)",,,
gobbato_sers_metabolites::Ser::02,gobbato_sers_metabolites,SERS_met_Ser_160uM_02.txt,serine,,,sers,Ag colloid (Gobbato),785.0,True,False,,"Ag-SERS: modality=sers, substrate=Ag colloid (Gobbato)",,,
gobbato_sers_metabolites::Ser::03,gobbato_sers_metabolites,SERS_met_Ser_160uM_03.txt,serine,,,sers,Ag colloid (Gobbato),785.0,True,False,,"Ag-SERS: modality=sers, substrate=Ag colloid (Gobbato)",,,
gobbato_sers_metabolites::Ser::04,gobbato_sers_metabolites,SERS_met_Ser_160uM_04.txt,serine,,,sers,Ag colloid (Gobbato),785.0,True,False,,"Ag-SERS: modality=sers, substrate=Ag colloid (Gobbato)",,,
gobbato_sers_metabolites::Ser::05,gobbato_sers_metabolites,SERS_met_Ser_160uM_05.txt,serine,,,sers,Ag colloid (Gobbato),785.0,True,False,,"Ag-SERS: modality=sers, substrate=Ag colloid (Gobbato)",,,
gobbato_sers_metabolites::Stearic::01,gobbato_sers_metabolites,SERS_met_Stearic_85uM_01.txt,stearate,,,sers,Ag colloid (Gobbato),785.0,True,False,,"Ag-SERS: modality=sers, substrate=Ag colloid (Gobbato)",,,
gobbato_sers_metabolites::Stearic::02,gobbato_sers_metabolites,SERS_met_Stearic_85uM_02.txt,stearate,,,sers,Ag colloid (Gobbato),785.0,True,False,,"Ag-SERS: modality=sers, substrate=Ag colloid (Gobbato)",,,
gobbato_sers_metabolites::Stearic::03,gobbato_sers_metabolites,SERS_met_Stearic_85uM_03.txt,stearate,,,sers,Ag colloid (Gobbato),785.0,True,False,,"Ag-SERS: modality=sers, substrate=Ag colloid (Gobbato)",,,
gobbato_sers_metabolites::Stearic::04,gobbato_sers_metabolites,SERS_met_Stearic_85uM_04.txt,stearate,,,sers,Ag colloid (Gobbato),785.0,True,False,,"Ag-SERS: modality=sers, substrate=Ag colloid (Gobbato)",,,
gobbato_sers_metabolites::Stearic::05,gobbato_sers_metabolites,SERS_met_Stearic_85uM_05.txt,stearate,,,sers,Ag colloid (Gobbato),785.0,True,False,,"Ag-SERS: modality=sers, substrate=Ag colloid (Gobbato)",,,
gobbato_sers_metabolites::Thy::01,gobbato_sers_metabolites,SERS_met_Thy_100uM_01.txt,thymine,,,sers,Ag colloid (Gobbato),785.0,True,False,,"Ag-SERS: modality=sers, substrate=Ag colloid (Gobbato)",,,
gobbato_sers_metabolites::Thy::02,gobbato_sers_metabolites,SERS_met_Thy_100uM_02.txt,thymine,,,sers,Ag colloid (Gobbato),785.0,True,False,,"Ag-SERS: modality=sers, substrate=Ag colloid (Gobbato)",,,
gobbato_sers_metabolites::Thy::03,gobbato_sers_metabolites,SERS_met_Thy_100uM_03.txt,thymine,,,sers,Ag colloid (Gobbato),785.0,True,False,,"Ag-SERS: modality=sers, substrate=Ag colloid (Gobbato)",,,
gobbato_sers_metabolites::Thy::04,gobbato_sers_metabolites,SERS_met_Thy_100uM_04.txt,thymine,,,sers,Ag colloid (Gobbato),785.0,True,False,,"Ag-SERS: modality=sers, substrate=Ag colloid (Gobbato)",,,
gobbato_sers_metabolites::Thy::05,gobbato_sers_metabolites,SERS_met_Thy_100uM_05.txt,thymine,,,sers,Ag colloid (Gobbato),785.0,True,False,,"Ag-SERS: modality=sers, substrate=Ag colloid (Gobbato)",,,
gobbato_sers_metabolites::Triolein::01,gobbato_sers_metabolites,SERS_met_Triolein_100uM_01.txt,triolein,,,sers,Ag colloid (Gobbato),785.0,True,False,,"Ag-SERS: modality=sers, substrate=Ag colloid (Gobbato)",,,
gobbato_sers_metabolites::Triolein::02,gobbato_sers_metabolites,SERS_met_Triolein_100uM_02.txt,triolein,,,sers,Ag colloid (Gobbato),785.0,True,False,,"Ag-SERS: modality=sers, substrate=Ag colloid (Gobbato)",,,
gobbato_sers_metabolites::Triolein::03,gobbato_sers_metabolites,SERS_met_Triolein_100uM_03.txt,triolein,,,sers,Ag colloid (Gobbato),785.0,True,False,,"Ag-SERS: modality=sers, substrate=Ag colloid (Gobbato)",,,
gobbato_sers_metabolites::Triolein::04,gobbato_sers_metabolites,SERS_met_Triolein_100uM_04.txt,triolein,,,sers,Ag colloid (Gobbato),785.0,True,False,,"Ag-SERS: modality=sers, substrate=Ag colloid (Gobbato)",,,
gobbato_sers_metabolites::Triolein::05,gobbato_sers_metabolites,SERS_met_Triolein_100uM_05.txt,triolein,,,sers,Ag colloid (Gobbato),785.0,True,False,,"Ag-SERS: modality=sers, substrate=Ag colloid (Gobbato)",,,
gobbato_sers_metabolites::Trp::01,gobbato_sers_metabolites,SERS_met_Trp_55uM_01.txt,tryptophan,,,sers,Ag colloid (Gobbato),785.0,True,False,,"Ag-SERS: modality=sers, substrate=Ag colloid (Gobbato)",,,
gobbato_sers_metabolites::Trp::02,gobbato_sers_metabolites,SERS_met_Trp_55uM_02.txt,tryptophan,,,sers,Ag colloid (Gobbato),785.0,True,False,,"Ag-SERS: modality=sers, substrate=Ag colloid (Gobbato)",,,
gobbato_sers_metabolites::Trp::03,gobbato_sers_metabolites,SERS_met_Trp_55uM_03.txt,tryptophan,,,sers,Ag colloid (Gobbato),785.0,True,False,,"Ag-SERS: modality=sers, substrate=Ag colloid (Gobbato)",,,
gobbato_sers_metabolites::Trp::04,gobbato_sers_metabolites,SERS_met_Trp_55uM_04.txt,tryptophan,,,sers,Ag colloid (Gobbato),785.0,True,False,,"Ag-SERS: modality=sers, substrate=Ag colloid (Gobbato)",,,
gobbato_sers_metabolites::Trp::05,gobbato_sers_metabolites,SERS_met_Trp_55uM_05.txt,tryptophan,,,sers,Ag colloid (Gobbato),785.0,True,False,,"Ag-SERS: modality=sers, substrate=Ag colloid (Gobbato)",,,
gobbato_sers_metabolites::Tyr::01,gobbato_sers_metabolites,SERS_met_Tyr_55uM_01.txt,tyrosine,,,sers,Ag colloid (Gobbato),785.0,True,False,,"Ag-SERS: modality=sers, substrate=Ag colloid (Gobbato)",,,
gobbato_sers_metabolites::Tyr::02,gobbato_sers_metabolites,SERS_met_Tyr_55uM_02.txt,tyrosine,,,sers,Ag colloid (Gobbato),785.0,True,False,,"Ag-SERS: modality=sers, substrate=Ag colloid (Gobbato)",,,
gobbato_sers_metabolites::Tyr::03,gobbato_sers_metabolites,SERS_met_Tyr_55uM_03.txt,tyrosine,,,sers,Ag colloid (Gobbato),785.0,True,False,,"Ag-SERS: modality=sers, substrate=Ag colloid (Gobbato)",,,
gobbato_sers_metabolites::Tyr::04,gobbato_sers_metabolites,SERS_met_Tyr_55uM_04.txt,tyrosine,,,sers,Ag colloid (Gobbato),785.0,True,False,,"Ag-SERS: modality=sers, substrate=Ag colloid (Gobbato)",,,
gobbato_sers_metabolites::Tyr::05,gobbato_sers_metabolites,SERS_met_Tyr_55uM_05.txt,tyrosine,,,sers,Ag colloid (Gobbato),785.0,True,False,,"Ag-SERS: modality=sers, substrate=Ag colloid (Gobbato)",,,
gobbato_sers_metabolites::UA::01,gobbato_sers_metabolites,SERS_met_UA_280uM_01.txt,urate,,,sers,Ag colloid (Gobbato),785.0,True,False,,"Ag-SERS: modality=sers, substrate=Ag colloid (Gobbato)",,,
gobbato_sers_metabolites::UA::02,gobbato_sers_metabolites,SERS_met_UA_280uM_02.txt,urate,,,sers,Ag colloid (Gobbato),785.0,True,False,,"Ag-SERS: modality=sers, substrate=Ag colloid (Gobbato)",,,
gobbato_sers_metabolites::UA::03,gobbato_sers_metabolites,SERS_met_UA_280uM_03.txt,urate,,,sers,Ag colloid (Gobbato),785.0,True,False,,"Ag-SERS: modality=sers, substrate=Ag colloid (Gobbato)",,,
gobbato_sers_metabolites::UA::04,gobbato_sers_metabolites,SERS_met_UA_280uM_04.txt,urate,,,sers,Ag colloid (Gobbato),785.0,True,False,,"Ag-SERS: modality=sers, substrate=Ag colloid (Gobbato)",,,
gobbato_sers_metabolites::UA::05,gobbato_sers_metabolites,SERS_met_UA_280uM_05.txt,urate,,,sers,Ag colloid (Gobbato),785.0,True,False,,"Ag-SERS: modality=sers, substrate=Ag colloid (Gobbato)",,,
gobbato_sers_metabolites::Ura::01,gobbato_sers_metabolites,SERS_met_Ura_2uM_01.txt,uracil,,,sers,Ag colloid (Gobbato),785.0,True,False,,"Ag-SERS: modality=sers, substrate=Ag colloid (Gobbato)",,,
gobbato_sers_metabolites::Ura::02,gobbato_sers_metabolites,SERS_met_Ura_2uM_02.txt,uracil,,,sers,Ag colloid (Gobbato),785.0,True,False,,"Ag-SERS: modality=sers, substrate=Ag colloid (Gobbato)",,,
gobbato_sers_metabolites::Ura::03,gobbato_sers_metabolites,SERS_met_Ura_2uM_03.txt,uracil,,,sers,Ag colloid (Gobbato),785.0,True,False,,"Ag-SERS: modality=sers, substrate=Ag colloid (Gobbato)",,,
gobbato_sers_metabolites::Ura::04,gobbato_sers_metabolites,SERS_met_Ura_2uM_04.txt,uracil,,,sers,Ag colloid (Gobbato),785.0,True,False,,"Ag-SERS: modality=sers, substrate=Ag colloid (Gobbato)",,,
gobbato_sers_metabolites::Ura::05,gobbato_sers_metabolites,SERS_met_Ura_2uM_05.txt,uracil,,,sers,Ag colloid (Gobbato),785.0,True,False,,"Ag-SERS: modality=sers, substrate=Ag colloid (Gobbato)",,,
gobbato_sers_metabolites::Urea::01,gobbato_sers_metabolites,SERS_met_Urea_6.5mM_01.txt,urea,,,sers,Ag colloid (Gobbato),785.0,True,False,,"Ag-SERS: modality=sers, substrate=Ag colloid (Gobbato)",,,
gobbato_sers_metabolites::Urea::02,gobbato_sers_metabolites,SERS_met_Urea_6.5mM_02.txt,urea,,,sers,Ag colloid (Gobbato),785.0,True,False,,"Ag-SERS: modality=sers, substrate=Ag colloid (Gobbato)",,,
gobbato_sers_metabolites::Urea::03,gobbato_sers_metabolites,SERS_met_Urea_6.5mM_03.txt,urea,,,sers,Ag colloid (Gobbato),785.0,True,False,,"Ag-SERS: modality=sers, substrate=Ag colloid (Gobbato)",,,
gobbato_sers_metabolites::Urea::04,gobbato_sers_metabolites,SERS_met_Urea_6.5mM_04.txt,urea,,,sers,Ag colloid (Gobbato),785.0,True,False,,"Ag-SERS: modality=sers, substrate=Ag colloid (Gobbato)",,,
gobbato_sers_metabolites::Urea::05,gobbato_sers_metabolites,SERS_met_Urea_6.5mM_05.txt,urea,,,sers,Ag colloid (Gobbato),785.0,True,False,,"Ag-SERS: modality=sers, substrate=Ag colloid (Gobbato)",,,
gobbato_sers_metabolites::Val::01,gobbato_sers_metabolites,SERS_met_Val_117uM_01.txt,valine,,,sers,Ag colloid (Gobbato),785.0,True,False,,"Ag-SERS: modality=sers, substrate=Ag colloid (Gobbato)",,,
gobbato_sers_metabolites::Val::02,gobbato_sers_metabolites,SERS_met_Val_117uM_02.txt,valine,,,sers,Ag colloid (Gobbato),785.0,True,False,,"Ag-SERS: modality=sers, substrate=Ag colloid (Gobbato)",,,
gobbato_sers_metabolites::Val::03,gobbato_sers_metabolites,SERS_met_Val_117uM_03.txt,valine,,,sers,Ag colloid (Gobbato),785.0,True,False,,"Ag-SERS: modality=sers, substrate=Ag colloid (Gobbato)",,,
gobbato_sers_metabolites::Val::04,gobbato_sers_metabolites,SERS_met_Val_117uM_04.txt,valine,,,sers,Ag colloid (Gobbato),785.0,True,False,,"Ag-SERS: modality=sers, substrate=Ag colloid (Gobbato)",,,
gobbato_sers_metabolites::Val::05,gobbato_sers_metabolites,SERS_met_Val_117uM_05.txt,valine,,,sers,Ag colloid (Gobbato),785.0,True,False,,"Ag-SERS: modality=sers, substrate=Ag colloid (Gobbato)",,,
gobbato_sers_metabolites::Xanth::01,gobbato_sers_metabolites,SERS_met_Xanth_50uM_01.txt,xanthine,,,sers,Ag colloid (Gobbato),785.0,True,False,,"Ag-SERS: modality=sers, substrate=Ag colloid (Gobbato)",,,
gobbato_sers_metabolites::Xanth::02,gobbato_sers_metabolites,SERS_met_Xanth_50uM_02.txt,xanthine,,,sers,Ag colloid (Gobbato),785.0,True,False,,"Ag-SERS: modality=sers, substrate=Ag colloid (Gobbato)",,,
gobbato_sers_metabolites::Xanth::03,gobbato_sers_metabolites,SERS_met_Xanth_50uM_03.txt,xanthine,,,sers,Ag colloid (Gobbato),785.0,True,False,,"Ag-SERS: modality=sers, substrate=Ag colloid (Gobbato)",,,
gobbato_sers_metabolites::Xanth::04,gobbato_sers_metabolites,SERS_met_Xanth_50uM_04.txt,xanthine,,,sers,Ag colloid (Gobbato),785.0,True,False,,"Ag-SERS: modality=sers, substrate=Ag colloid (Gobbato)",,,
gobbato_sers_metabolites::Xanth::05,gobbato_sers_metabolites,SERS_met_Xanth_50uM_05.txt,xanthine,,,sers,Ag colloid (Gobbato),785.0,True,False,,"Ag-SERS: modality=sers, substrate=Ag colloid (Gobbato)",,,
gobbato_raman_metabolites::AcCoA::01,gobbato_raman_metabolites,Raman_pwd_AcCoA_s_01.txt,acetyl-coa,acetyl-coa,acetyl-coa,raman,powder,785.0,True,True,"pure Raman powder; modality=raman, substrate=powder",,sulfur_thiol_cofactor,acetyl-coa|785.0,
gobbato_raman_metabolites::AcCoA::02,gobbato_raman_metabolites,Raman_pwd_AcCoA_s_02.txt,acetyl-coa,acetyl-coa,acetyl-coa,raman,powder,785.0,True,True,"pure Raman powder; modality=raman, substrate=powder",,sulfur_thiol_cofactor,acetyl-coa|785.0,
gobbato_raman_metabolites::AcCoA::03,gobbato_raman_metabolites,Raman_pwd_AcCoA_s_03.txt,acetyl-coa,acetyl-coa,acetyl-coa,raman,powder,785.0,True,True,"pure Raman powder; modality=raman, substrate=powder",,sulfur_thiol_cofactor,acetyl-coa|785.0,
gobbato_raman_metabolites::Acetoacet::01,gobbato_raman_metabolites,Raman_pwd_Acetoacet_s_01.txt,acetoacetate,acetoacetate,acetoacetate,raman,powder,785.0,True,True,"pure Raman powder; modality=raman, substrate=powder",,carboxylic_acid_metabolite,acetoacetate|785.0,
gobbato_raman_metabolites::Acetoacet::02,gobbato_raman_metabolites,Raman_pwd_Acetoacet_s_02.txt,acetoacetate,acetoacetate,acetoacetate,raman,powder,785.0,True,True,"pure Raman powder; modality=raman, substrate=powder",,carboxylic_acid_metabolite,acetoacetate|785.0,
gobbato_raman_metabolites::Acetoacet::03,gobbato_raman_metabolites,Raman_pwd_Acetoacet_s_03.txt,acetoacetate,acetoacetate,acetoacetate,raman,powder,785.0,True,True,"pure Raman powder; modality=raman, substrate=powder",,carboxylic_acid_metabolite,acetoacetate|785.0,
gobbato_raman_metabolites::Ade::01,gobbato_raman_metabolites,Raman_pwd_Ade_s_01.txt,adenine,adenine,adenine,raman,powder,785.0,True,True,"pure Raman powder; modality=raman, substrate=powder",,purine,adenine|785.0,
gobbato_raman_metabolites::Ade::02,gobbato_raman_metabolites,Raman_pwd_Ade_s_02.txt,adenine,adenine,adenine,raman,powder,785.0,True,True,"pure Raman powder; modality=raman, substrate=powder",,purine,adenine|785.0,
gobbato_raman_metabolites::Ade::03,gobbato_raman_metabolites,Raman_pwd_Ade_s_03.txt,adenine,adenine,adenine,raman,powder,785.0,True,True,"pure Raman powder; modality=raman, substrate=powder",,purine,adenine|785.0,
gobbato_raman_metabolites::Ala::01,gobbato_raman_metabolites,Raman_pwd_Ala_s_01.txt,alanine,alanine,alanine,raman,powder,785.0,True,True,"pure Raman powder; modality=raman, substrate=powder",,free_amino_acid,alanine|785.0,
gobbato_raman_metabolites::Ala::02,gobbato_raman_metabolites,Raman_pwd_Ala_s_02.txt,alanine,alanine,alanine,raman,powder,785.0,True,True,"pure Raman powder; modality=raman, substrate=powder",,free_amino_acid,alanine|785.0,
gobbato_raman_metabolites::Ala::03,gobbato_raman_metabolites,Raman_pwd_Ala_s_03.txt,alanine,alanine,alanine,raman,powder,785.0,True,True,"pure Raman powder; modality=raman, substrate=powder",,free_amino_acid,alanine|785.0,
gobbato_raman_metabolites::Alb::01,gobbato_raman_metabolites,Raman_pwd_Alb_s_01.txt,albumin,albumin,albumin,raman,powder,785.0,True,True,"pure Raman powder; modality=raman, substrate=powder",,peptide_protein,albumin|785.0,
gobbato_raman_metabolites::Alb::02,gobbato_raman_metabolites,Raman_pwd_Alb_s_02.txt,albumin,albumin,albumin,raman,powder,785.0,True,True,"pure Raman powder; modality=raman, substrate=powder",,peptide_protein,albumin|785.0,
gobbato_raman_metabolites::Alb::03,gobbato_raman_metabolites,Raman_pwd_Alb_s_03.txt,albumin,albumin,albumin,raman,powder,785.0,True,True,"pure Raman powder; modality=raman, substrate=powder",,peptide_protein,albumin|785.0,
gobbato_raman_metabolites::Arg::01,gobbato_raman_metabolites,Raman_pwd_Arg_s_01.txt,arginine,arginine,arginine,raman,powder,785.0,True,True,"pure Raman powder; modality=raman, substrate=powder",,free_amino_acid,arginine|785.0,
gobbato_raman_metabolites::Arg::02,gobbato_raman_metabolites,Raman_pwd_Arg_s_02.txt,arginine,arginine,arginine,raman,powder,785.0,True,True,"pure Raman powder; modality=raman, substrate=powder",,free_amino_acid,arginine|785.0,
gobbato_raman_metabolites::Arg::03,gobbato_raman_metabolites,Raman_pwd_Arg_s_03.txt,arginine,arginine,arginine,raman,powder,785.0,True,True,"pure Raman powder; modality=raman, substrate=powder",,free_amino_acid,arginine|785.0,
gobbato_raman_metabolites::Asc::01,gobbato_raman_metabolites,Raman_pwd_Asc_s_01.txt,ascorbate,ascorbate,ascorbate,raman,powder,785.0,True,True,"pure Raman powder; modality=raman, substrate=powder",,carboxylic_acid_metabolite,ascorbate|785.0,
gobbato_raman_metabolites::Asc::02,gobbato_raman_metabolites,Raman_pwd_Asc_s_02.txt,ascorbate,ascorbate,ascorbate,raman,powder,785.0,True,True,"pure Raman powder; modality=raman, substrate=powder",,carboxylic_acid_metabolite,ascorbate|785.0,
gobbato_raman_metabolites::Asc::03,gobbato_raman_metabolites,Raman_pwd_Asc_s_03.txt,ascorbate,ascorbate,ascorbate,raman,powder,785.0,True,True,"pure Raman powder; modality=raman, substrate=powder",,carboxylic_acid_metabolite,ascorbate|785.0,
gobbato_raman_metabolites::Chol::01,gobbato_raman_metabolites,Raman_pwd_Chol_s_01.txt,cholesterol,cholesterol,cholesterol,raman,powder,785.0,True,True,"pure Raman powder; modality=raman, substrate=powder",,sterol_steroid,cholesterol|785.0,
gobbato_raman_metabolites::Chol::02,gobbato_raman_metabolites,Raman_pwd_Chol_s_02.txt,cholesterol,cholesterol,cholesterol,raman,powder,785.0,True,True,"pure Raman powder; modality=raman, substrate=powder",,sterol_steroid,cholesterol|785.0,
gobbato_raman_metabolites::Chol::03,gobbato_raman_metabolites,Raman_pwd_Chol_s_03.txt,cholesterol,cholesterol,cholesterol,raman,powder,785.0,True,True,"pure Raman powder; modality=raman, substrate=powder",,sterol_steroid,cholesterol|785.0,
gobbato_raman_metabolites::Citric::01,gobbato_raman_metabolites,Raman_pwd_Citric_s_01.txt,citrate,citrate,citrate,raman,powder,785.0,True,True,"pure Raman powder; modality=raman, substrate=powder",,carboxylic_acid_metabolite,citrate|785.0,
gobbato_raman_metabolites::Citric::02,gobbato_raman_metabolites,Raman_pwd_Citric_s_02.txt,citrate,citrate,citrate,raman,powder,785.0,True,True,"pure Raman powder; modality=raman, substrate=powder",,carboxylic_acid_metabolite,citrate|785.0,
gobbato_raman_metabolites::Citric::03,gobbato_raman_metabolites,Raman_pwd_Citric_s_03.txt,citrate,citrate,citrate,raman,powder,785.0,True,True,"pure Raman powder; modality=raman, substrate=powder",,carboxylic_acid_metabolite,citrate|785.0,
gobbato_raman_metabolites::CoA::01,gobbato_raman_metabolites,Raman_pwd_CoA_s_01.txt,coenzyme a,coenzyme a,coenzyme a,raman,powder,785.0,True,True,"pure Raman powder; modality=raman, substrate=powder",,sulfur_thiol_cofactor,coenzyme a|785.0,
gobbato_raman_metabolites::CoA::02,gobbato_raman_metabolites,Raman_pwd_CoA_s_02.txt,coenzyme a,coenzyme a,coenzyme a,raman,powder,785.0,True,True,"pure Raman powder; modality=raman, substrate=powder",,sulfur_thiol_cofactor,coenzyme a|785.0,
gobbato_raman_metabolites::CoA::03,gobbato_raman_metabolites,Raman_pwd_CoA_s_03.txt,coenzyme a,coenzyme a,coenzyme a,raman,powder,785.0,True,True,"pure Raman powder; modality=raman, substrate=powder",,sulfur_thiol_cofactor,coenzyme a|785.0,
gobbato_raman_metabolites::Creat::01,gobbato_raman_metabolites,Raman_pwd_Creat_s_01.txt,creatinine,creatinine,creatinine,raman,powder,785.0,True,True,"pure Raman powder; modality=raman, substrate=powder",,small_nitrogenous,creatinine|785.0,
gobbato_raman_metabolites::Creat::02,gobbato_raman_metabolites,Raman_pwd_Creat_s_02.txt,creatinine,creatinine,creatinine,raman,powder,785.0,True,True,"pure Raman powder; modality=raman, substrate=powder",,small_nitrogenous,creatinine|785.0,
gobbato_raman_metabolites::Creat::03,gobbato_raman_metabolites,Raman_pwd_Creat_s_03.txt,creatinine,creatinine,creatinine,raman,powder,785.0,True,True,"pure Raman powder; modality=raman, substrate=powder",,small_nitrogenous,creatinine|785.0,
gobbato_raman_metabolites::Cys::01,gobbato_raman_metabolites,Raman_pwd_Cys_s_01.txt,cysteine,cysteine,cysteine,raman,powder,785.0,True,True,"pure Raman powder; modality=raman, substrate=powder",,free_amino_acid,cysteine|785.0,
gobbato_raman_metabolites::Cys::02,gobbato_raman_metabolites,Raman_pwd_Cys_s_02.txt,cysteine,cysteine,cysteine,raman,powder,785.0,True,True,"pure Raman powder; modality=raman, substrate=powder",,free_amino_acid,cysteine|785.0,
gobbato_raman_metabolites::Cys::03,gobbato_raman_metabolites,Raman_pwd_Cys_s_03.txt,cysteine,cysteine,cysteine,raman,powder,785.0,True,True,"pure Raman powder; modality=raman, substrate=powder",,free_amino_acid,cysteine|785.0,
gobbato_raman_metabolites::Dfruct6P::01,gobbato_raman_metabolites,Raman_pwd_Dfruct6P_s_01.txt,fructose-6-phosphate,fructose-6-phosphate,fructose-6-phosphate,raman,powder,785.0,True,True,"pure Raman powder; modality=raman, substrate=powder",,phosphate_metabolite,fructose-6-phosphate|785.0,
gobbato_raman_metabolites::Dfruct6P::02,gobbato_raman_metabolites,Raman_pwd_Dfruct6P_s_02.txt,fructose-6-phosphate,fructose-6-phosphate,fructose-6-phosphate,raman,powder,785.0,True,True,"pure Raman powder; modality=raman, substrate=powder",,phosphate_metabolite,fructose-6-phosphate|785.0,
gobbato_raman_metabolites::Dfruct6P::03,gobbato_raman_metabolites,Raman_pwd_Dfruct6P_s_03.txt,fructose-6-phosphate,fructose-6-phosphate,fructose-6-phosphate,raman,powder,785.0,True,True,"pure Raman powder; modality=raman, substrate=powder",,phosphate_metabolite,fructose-6-phosphate|785.0,
gobbato_raman_metabolites::Ergo::01,gobbato_raman_metabolites,Raman_pwd_Ergo_s_01.txt,ergothioneine,ergothioneine,ergothioneine,raman,powder,785.0,True,True,"pure Raman powder; modality=raman, substrate=powder",,sulfur_thiol_cofactor,ergothioneine|785.0,
gobbato_raman_metabolites::Ergo::02,gobbato_raman_metabolites,Raman_pwd_Ergo_s_02.txt,ergothioneine,ergothioneine,ergothioneine,raman,powder,785.0,True,True,"pure Raman powder; modality=raman, substrate=powder",,sulfur_thiol_cofactor,ergothioneine|785.0,
gobbato_raman_metabolites::Ergo::03,gobbato_raman_metabolites,Raman_pwd_Ergo_s_03.txt,ergothioneine,ergothioneine,ergothioneine,raman,powder,785.0,True,True,"pure Raman powder; modality=raman, substrate=powder",,sulfur_thiol_cofactor,ergothioneine|785.0,
gobbato_raman_metabolites::Fruct::01,gobbato_raman_metabolites,Raman_pwd_Fruct_s_01.txt,fructose,fructose,(-)-fructose,raman,powder,785.0,True,True,"pure Raman powder; modality=raman, substrate=powder",,mono_oligosaccharide,(-)-fructose|785.0,
gobbato_raman_metabolites::Fruct::02,gobbato_raman_metabolites,Raman_pwd_Fruct_s_02.txt,fructose,fructose,(-)-fructose,raman,powder,785.0,True,True,"pure Raman powder; modality=raman, substrate=powder",,mono_oligosaccharide,(-)-fructose|785.0,
gobbato_raman_metabolites::Fruct::03,gobbato_raman_metabolites,Raman_pwd_Fruct_s_03.txt,fructose,fructose,(-)-fructose,raman,powder,785.0,True,True,"pure Raman powder; modality=raman, substrate=powder",,mono_oligosaccharide,(-)-fructose|785.0,
gobbato_raman_metabolites::Galact::01,gobbato_raman_metabolites,Raman_pwd_Galact_s_01.txt,galactose,galactose,(+)-galactose,raman,powder,785.0,True,True,"pure Raman powder; modality=raman, substrate=powder",,mono_oligosaccharide,(+)-galactose|785.0,
gobbato_raman_metabolites::Galact::02,gobbato_raman_metabolites,Raman_pwd_Galact_s_02.txt,galactose,galactose,(+)-galactose,raman,powder,785.0,True,True,"pure Raman powder; modality=raman, substrate=powder",,mono_oligosaccharide,(+)-galactose|785.0,
gobbato_raman_metabolites::Galact::03,gobbato_raman_metabolites,Raman_pwd_Galact_s_03.txt,galactose,galactose,(+)-galactose,raman,powder,785.0,True,True,"pure Raman powder; modality=raman, substrate=powder",,mono_oligosaccharide,(+)-galactose|785.0,
gobbato_raman_metabolites::Gluc::01,gobbato_raman_metabolites,Raman_pwd_Gluc_s_01.txt,glucose,glucose,(+)-glucose,raman,powder,785.0,True,True,"pure Raman powder; modality=raman, substrate=powder",,mono_oligosaccharide,(+)-glucose|785.0,
gobbato_raman_metabolites::Gluc::02,gobbato_raman_metabolites,Raman_pwd_Gluc_s_02.txt,glucose,glucose,(+)-glucose,raman,powder,785.0,True,True,"pure Raman powder; modality=raman, substrate=powder",,mono_oligosaccharide,(+)-glucose|785.0,
gobbato_raman_metabolites::Gluc::03,gobbato_raman_metabolites,Raman_pwd_Gluc_s_03.txt,glucose,glucose,(+)-glucose,raman,powder,785.0,True,True,"pure Raman powder; modality=raman, substrate=powder",,mono_oligosaccharide,(+)-glucose|785.0,
gobbato_raman_metabolites::Glut::01,gobbato_raman_metabolites,Raman_pwd_Glut_s_01.txt,glutathione,glutathione,glutathione,raman,powder,785.0,True,True,"pure Raman powder; modality=raman, substrate=powder",,sulfur_thiol_cofactor,glutathione|785.0,
gobbato_raman_metabolites::Glut::02,gobbato_raman_metabolites,Raman_pwd_Glut_s_02.txt,glutathione,glutathione,glutathione,raman,powder,785.0,True,True,"pure Raman powder; modality=raman, substrate=powder",,sulfur_thiol_cofactor,glutathione|785.0,
gobbato_raman_metabolites::Glut::03,gobbato_raman_metabolites,Raman_pwd_Glut_s_03.txt,glutathione,glutathione,glutathione,raman,powder,785.0,True,True,"pure Raman powder; modality=raman, substrate=powder",,sulfur_thiol_cofactor,glutathione|785.0,
gobbato_raman_metabolites::Glutamic::01,gobbato_raman_metabolites,Raman_pwd_Glutamic_s_01.txt,glutamate,glutamate,glutamate,raman,powder,785.0,True,True,"pure Raman powder; modality=raman, substrate=powder",,free_amino_acid,glutamate|785.0,
gobbato_raman_metabolites::Glutamic::02,gobbato_raman_metabolites,Raman_pwd_Glutamic_s_02.txt,glutamate,glutamate,glutamate,raman,powder,785.0,True,True,"pure Raman powder; modality=raman, substrate=powder",,free_amino_acid,glutamate|785.0,
gobbato_raman_metabolites::Glutamic::03,gobbato_raman_metabolites,Raman_pwd_Glutamic_s_03.txt,glutamate,glutamate,glutamate,raman,powder,785.0,True,True,"pure Raman powder; modality=raman, substrate=powder",,free_amino_acid,glutamate|785.0,
gobbato_raman_metabolites::Gly::01,gobbato_raman_metabolites,Raman_pwd_Gly_s_01.txt,glycine,glycine,glycine,raman,powder,785.0,True,True,"pure Raman powder; modality=raman, substrate=powder",,free_amino_acid,glycine|785.0,
gobbato_raman_metabolites::Gly::02,gobbato_raman_metabolites,Raman_pwd_Gly_s_02.txt,glycine,glycine,glycine,raman,powder,785.0,True,True,"pure Raman powder; modality=raman, substrate=powder",,free_amino_acid,glycine|785.0,
gobbato_raman_metabolites::Gly::03,gobbato_raman_metabolites,Raman_pwd_Gly_s_03.txt,glycine,glycine,glycine,raman,powder,785.0,True,True,"pure Raman powder; modality=raman, substrate=powder",,free_amino_acid,glycine|785.0,
gobbato_raman_metabolites::Glycerol::01,gobbato_raman_metabolites,Raman_pwd_Glycerol_s_01.txt,glycerol,glycerol,glycerol,raman,powder,785.0,True,True,"pure Raman powder; modality=raman, substrate=powder",,mono_oligosaccharide,glycerol|785.0,
gobbato_raman_metabolites::Glycerol::02,gobbato_raman_metabolites,Raman_pwd_Glycerol_s_02.txt,glycerol,glycerol,glycerol,raman,powder,785.0,True,True,"pure Raman powder; modality=raman, substrate=powder",,mono_oligosaccharide,glycerol|785.0,
gobbato_raman_metabolites::Glycerol::03,gobbato_raman_metabolites,Raman_pwd_Glycerol_s_03.txt,glycerol,glycerol,glycerol,raman,powder,785.0,True,True,"pure Raman powder; modality=raman, substrate=powder",,mono_oligosaccharide,glycerol|785.0,
gobbato_raman_metabolites::Glycogen::01,gobbato_raman_metabolites,Raman_pwd_Glycogen_s_01.txt,glycogen,glycogen,glycogen,raman,powder,785.0,True,True,"pure Raman powder; modality=raman, substrate=powder",,polysaccharide,glycogen|785.0,
gobbato_raman_metabolites::Glycogen::02,gobbato_raman_metabolites,Raman_pwd_Glycogen_s_02.txt,glycogen,glycogen,glycogen,raman,powder,785.0,True,True,"pure Raman powder; modality=raman, substrate=powder",,polysaccharide,glycogen|785.0,
gobbato_raman_metabolites::Glycogen::03,gobbato_raman_metabolites,Raman_pwd_Glycogen_s_03.txt,glycogen,glycogen,glycogen,raman,powder,785.0,True,True,"pure Raman powder; modality=raman, substrate=powder",,polysaccharide,glycogen|785.0,
gobbato_raman_metabolites::Gua::01,gobbato_raman_metabolites,Raman_pwd_Gua_s_01.txt,guanine,guanine,guanine,raman,powder,785.0,True,True,"pure Raman powder; modality=raman, substrate=powder",,purine,guanine|785.0,
gobbato_raman_metabolites::Gua::02,gobbato_raman_metabolites,Raman_pwd_Gua_s_02.txt,guanine,guanine,guanine,raman,powder,785.0,True,True,"pure Raman powder; modality=raman, substrate=powder",,purine,guanine|785.0,
gobbato_raman_metabolites::Gua::03,gobbato_raman_metabolites,Raman_pwd_Gua_s_03.txt,guanine,guanine,guanine,raman,powder,785.0,True,True,"pure Raman powder; modality=raman, substrate=powder",,purine,guanine|785.0,
gobbato_raman_metabolites::His::01,gobbato_raman_metabolites,Raman_pwd_His_s_01.txt,histidine,histidine,histidine,raman,powder,785.0,True,True,"pure Raman powder; modality=raman, substrate=powder",,free_amino_acid,histidine|785.0,
gobbato_raman_metabolites::His::02,gobbato_raman_metabolites,Raman_pwd_His_s_02.txt,histidine,histidine,histidine,raman,powder,785.0,True,True,"pure Raman powder; modality=raman, substrate=powder",,free_amino_acid,histidine|785.0,
gobbato_raman_metabolites::His::03,gobbato_raman_metabolites,Raman_pwd_His_s_03.txt,histidine,histidine,histidine,raman,powder,785.0,True,True,"pure Raman powder; modality=raman, substrate=powder",,free_amino_acid,histidine|785.0,
gobbato_raman_metabolites::Hydroxypro::01,gobbato_raman_metabolites,Raman_pwd_Hydroxypro_s_01.txt,hydroxyproline,hydroxyproline,hydroxyproline,raman,powder,785.0,True,True,"pure Raman powder; modality=raman, substrate=powder",,free_amino_acid,hydroxyproline|785.0,
gobbato_raman_metabolites::Hydroxypro::02,gobbato_raman_metabolites,Raman_pwd_Hydroxypro_s_02.txt,hydroxyproline,hydroxyproline,hydroxyproline,raman,powder,785.0,True,True,"pure Raman powder; modality=raman, substrate=powder",,free_amino_acid,hydroxyproline|785.0,
gobbato_raman_metabolites::Hydroxypro::03,gobbato_raman_metabolites,Raman_pwd_Hydroxypro_s_03.txt,hydroxyproline,hydroxyproline,hydroxyproline,raman,powder,785.0,True,True,"pure Raman powder; modality=raman, substrate=powder",,free_amino_acid,hydroxyproline|785.0,
gobbato_raman_metabolites::Hypox::01,gobbato_raman_metabolites,Raman_pwd_Hypox_s_01.txt,hypoxanthine,hypoxanthine,hypoxanthine,raman,powder,785.0,True,True,"pure Raman powder; modality=raman, substrate=powder",,purine,hypoxanthine|785.0,
gobbato_raman_metabolites::Hypox::02,gobbato_raman_metabolites,Raman_pwd_Hypox_s_02.txt,hypoxanthine,hypoxanthine,hypoxanthine,raman,powder,785.0,True,True,"pure Raman powder; modality=raman, substrate=powder",,purine,hypoxanthine|785.0,
gobbato_raman_metabolites::Hypox::03,gobbato_raman_metabolites,Raman_pwd_Hypox_s_03.txt,hypoxanthine,hypoxanthine,hypoxanthine,raman,powder,785.0,True,True,"pure Raman powder; modality=raman, substrate=powder",,purine,hypoxanthine|785.0,
gobbato_raman_metabolites::Ile::01,gobbato_raman_metabolites,Raman_pwd_Ile_s_01.txt,isoleucine,isoleucine,isoleucine,raman,powder,785.0,True,True,"pure Raman powder; modality=raman, substrate=powder",,free_amino_acid,isoleucine|785.0,
gobbato_raman_metabolites::Ile::02,gobbato_raman_metabolites,Raman_pwd_Ile_s_02.txt,isoleucine,isoleucine,isoleucine,raman,powder,785.0,True,True,"pure Raman powder; modality=raman, substrate=powder",,free_amino_acid,isoleucine|785.0,
gobbato_raman_metabolites::Ile::03,gobbato_raman_metabolites,Raman_pwd_Ile_s_03.txt,isoleucine,isoleucine,isoleucine,raman,powder,785.0,True,True,"pure Raman powder; modality=raman, substrate=powder",,free_amino_acid,isoleucine|785.0,
gobbato_raman_metabolites::Lact::01,gobbato_raman_metabolites,Raman_pwd_Lact_s_01.txt,lactate,lactate,lactate,raman,powder,785.0,True,True,"pure Raman powder; modality=raman, substrate=powder",,carboxylic_acid_metabolite,lactate|785.0,
gobbato_raman_metabolites::Lact::02,gobbato_raman_metabolites,Raman_pwd_Lact_s_02.txt,lactate,lactate,lactate,raman,powder,785.0,True,True,"pure Raman powder; modality=raman, substrate=powder",,carboxylic_acid_metabolite,lactate|785.0,
gobbato_raman_metabolites::Lact::03,gobbato_raman_metabolites,Raman_pwd_Lact_s_03.txt,lactate,lactate,lactate,raman,powder,785.0,True,True,"pure Raman powder; modality=raman, substrate=powder",,carboxylic_acid_metabolite,lactate|785.0,
gobbato_raman_metabolites::Leu::01,gobbato_raman_metabolites,Raman_pwd_Leu_s_01.txt,leucine,leucine,leucine,raman,powder,785.0,True,True,"pure Raman powder; modality=raman, substrate=powder",,free_amino_acid,leucine|785.0,
gobbato_raman_metabolites::Leu::02,gobbato_raman_metabolites,Raman_pwd_Leu_s_02.txt,leucine,leucine,leucine,raman,powder,785.0,True,True,"pure Raman powder; modality=raman, substrate=powder",,free_amino_acid,leucine|785.0,
gobbato_raman_metabolites::Leu::03,gobbato_raman_metabolites,Raman_pwd_Leu_s_03.txt,leucine,leucine,leucine,raman,powder,785.0,True,True,"pure Raman powder; modality=raman, substrate=powder",,free_amino_acid,leucine|785.0,
gobbato_raman_metabolites::Mann::01,gobbato_raman_metabolites,Raman_pwd_Mann_s_01.txt,mannose,mannose,(+)-mannose,raman,powder,785.0,True,True,"pure Raman powder; modality=raman, substrate=powder",,mono_oligosaccharide,(+)-mannose|785.0,
gobbato_raman_metabolites::Mann::02,gobbato_raman_metabolites,Raman_pwd_Mann_s_02.txt,mannose,mannose,(+)-mannose,raman,powder,785.0,True,True,"pure Raman powder; modality=raman, substrate=powder",,mono_oligosaccharide,(+)-mannose|785.0,
gobbato_raman_metabolites::Mann::03,gobbato_raman_metabolites,Raman_pwd_Mann_s_03.txt,mannose,mannose,(+)-mannose,raman,powder,785.0,True,True,"pure Raman powder; modality=raman, substrate=powder",,mono_oligosaccharide,(+)-mannose|785.0,
gobbato_raman_metabolites::Methio::01,gobbato_raman_metabolites,Raman_pwd_Methio_s_01.txt,methionine,methionine,methionine,raman,powder,785.0,True,True,"pure Raman powder; modality=raman, substrate=powder",,free_amino_acid,methionine|785.0,
gobbato_raman_metabolites::Methio::02,gobbato_raman_metabolites,Raman_pwd_Methio_s_02.txt,methionine,methionine,methionine,raman,powder,785.0,True,True,"pure Raman powder; modality=raman, substrate=powder",,free_amino_acid,methionine|785.0,
gobbato_raman_metabolites::Methio::03,gobbato_raman_metabolites,Raman_pwd_Methio_s_03.txt,methionine,methionine,methionine,raman,powder,785.0,True,True,"pure Raman powder; modality=raman, substrate=powder",,free_amino_acid,methionine|785.0,
gobbato_raman_metabolites::NacDgluc::01,gobbato_raman_metabolites,Raman_pwd_NacDgluc_s_01.txt,n-acetylglucosamine,n-acetylglucosamine,n-acetylglucosamine,raman,powder,785.0,True,True,"pure Raman powder; modality=raman, substrate=powder",,mono_oligosaccharide,n-acetylglucosamine|785.0,
gobbato_raman_metabolites::NacDgluc::02,gobbato_raman_metabolites,Raman_pwd_NacDgluc_s_02.txt,n-acetylglucosamine,n-acetylglucosamine,n-acetylglucosamine,raman,powder,785.0,True,True,"pure Raman powder; modality=raman, substrate=powder",,mono_oligosaccharide,n-acetylglucosamine|785.0,
gobbato_raman_metabolites::NacDgluc::03,gobbato_raman_metabolites,Raman_pwd_NacDgluc_s_03.txt,n-acetylglucosamine,n-acetylglucosamine,n-acetylglucosamine,raman,powder,785.0,True,True,"pure Raman powder; modality=raman, substrate=powder",,mono_oligosaccharide,n-acetylglucosamine|785.0,
gobbato_raman_metabolites::Oleic::01,gobbato_raman_metabolites,Raman_pwd_Oleic_s_01.txt,oleate,oleate,oleate,raman,powder,785.0,True,True,"pure Raman powder; modality=raman, substrate=powder",,fatty_acid,oleate|785.0,
gobbato_raman_metabolites::Oleic::02,gobbato_raman_metabolites,Raman_pwd_Oleic_s_02.txt,oleate,oleate,oleate,raman,powder,785.0,True,True,"pure Raman powder; modality=raman, substrate=powder",,fatty_acid,oleate|785.0,
gobbato_raman_metabolites::Oleic::03,gobbato_raman_metabolites,Raman_pwd_Oleic_s_03.txt,oleate,oleate,oleate,raman,powder,785.0,True,True,"pure Raman powder; modality=raman, substrate=powder",,fatty_acid,oleate|785.0,
gobbato_raman_metabolites::PEP::01,gobbato_raman_metabolites,Raman_pwd_PEP_s_01.txt,phosphoenolpyruvate,phosphoenolpyruvate,phosphoenolpyruvate,raman,powder,785.0,True,True,"pure Raman powder; modality=raman, substrate=powder",,phosphate_metabolite,phosphoenolpyruvate|785.0,
gobbato_raman_metabolites::PEP::02,gobbato_raman_metabolites,Raman_pwd_PEP_s_02.txt,phosphoenolpyruvate,phosphoenolpyruvate,phosphoenolpyruvate,raman,powder,785.0,True,True,"pure Raman powder; modality=raman, substrate=powder",,phosphate_metabolite,phosphoenolpyruvate|785.0,
gobbato_raman_metabolites::PEP::03,gobbato_raman_metabolites,Raman_pwd_PEP_s_03.txt,phosphoenolpyruvate,phosphoenolpyruvate,phosphoenolpyruvate,raman,powder,785.0,True,True,"pure Raman powder; modality=raman, substrate=powder",,phosphate_metabolite,phosphoenolpyruvate|785.0,
gobbato_raman_metabolites::PhInositol::01,gobbato_raman_metabolites,Raman_pwd_PhInositol_s_01.txt,phosphatidylinositol,phosphatidylinositol,phosphatidylinositol,raman,powder,785.0,True,True,"pure Raman powder; modality=raman, substrate=powder",,phospholipid_sphingolipid,phosphatidylinositol|785.0,
gobbato_raman_metabolites::PhInositol::02,gobbato_raman_metabolites,Raman_pwd_PhInositol_s_02.txt,phosphatidylinositol,phosphatidylinositol,phosphatidylinositol,raman,powder,785.0,True,True,"pure Raman powder; modality=raman, substrate=powder",,phospholipid_sphingolipid,phosphatidylinositol|785.0,
gobbato_raman_metabolites::PhInositol::03,gobbato_raman_metabolites,Raman_pwd_PhInositol_s_03.txt,phosphatidylinositol,phosphatidylinositol,phosphatidylinositol,raman,powder,785.0,True,True,"pure Raman powder; modality=raman, substrate=powder",,phospholipid_sphingolipid,phosphatidylinositol|785.0,
gobbato_raman_metabolites::Phe::01,gobbato_raman_metabolites,Raman_pwd_Phe_s_01.txt,phenylalanine,phenylalanine,phenylalanine,raman,powder,785.0,True,True,"pure Raman powder; modality=raman, substrate=powder",,free_amino_acid,phenylalanine|785.0,
gobbato_raman_metabolites::Phe::02,gobbato_raman_metabolites,Raman_pwd_Phe_s_02.txt,phenylalanine,phenylalanine,phenylalanine,raman,powder,785.0,True,True,"pure Raman powder; modality=raman, substrate=powder",,free_amino_acid,phenylalanine|785.0,
gobbato_raman_metabolites::Phe::03,gobbato_raman_metabolites,Raman_pwd_Phe_s_03.txt,phenylalanine,phenylalanine,phenylalanine,raman,powder,785.0,True,True,"pure Raman powder; modality=raman, substrate=powder",,free_amino_acid,phenylalanine|785.0,
gobbato_raman_metabolites::Phosph::01,gobbato_raman_metabolites,Raman_pwd_Phosph_s_01.txt,phosphate,phosphate,phosphate,raman,powder,785.0,True,True,"pure Raman powder; modality=raman, substrate=powder",,phosphate_metabolite,phosphate|785.0,
gobbato_raman_metabolites::Phosph::02,gobbato_raman_metabolites,Raman_pwd_Phosph_s_02.txt,phosphate,phosphate,phosphate,raman,powder,785.0,True,True,"pure Raman powder; modality=raman, substrate=powder",,phosphate_metabolite,phosphate|785.0,
gobbato_raman_metabolites::Phosph::03,gobbato_raman_metabolites,Raman_pwd_Phosph_s_03.txt,phosphate,phosphate,phosphate,raman,powder,785.0,True,True,"pure Raman powder; modality=raman, substrate=powder",,phosphate_metabolite,phosphate|785.0,
gobbato_raman_metabolites::Pro::01,gobbato_raman_metabolites,Raman_pwd_Pro_s_01.txt,proline,proline,proline,raman,powder,785.0,True,True,"pure Raman powder; modality=raman, substrate=powder",,free_amino_acid,proline|785.0,
gobbato_raman_metabolites::Pro::02,gobbato_raman_metabolites,Raman_pwd_Pro_s_02.txt,proline,proline,proline,raman,powder,785.0,True,True,"pure Raman powder; modality=raman, substrate=powder",,free_amino_acid,proline|785.0,
gobbato_raman_metabolites::Pro::03,gobbato_raman_metabolites,Raman_pwd_Pro_s_03.txt,proline,proline,proline,raman,powder,785.0,True,True,"pure Raman powder; modality=raman, substrate=powder",,free_amino_acid,proline|785.0,
gobbato_raman_metabolites::Pyr::01,gobbato_raman_metabolites,Raman_pwd_Pyr_s_01.txt,pyruvate,pyruvate,pyruvate,raman,powder,785.0,True,True,"pure Raman powder; modality=raman, substrate=powder",,carboxylic_acid_metabolite,pyruvate|785.0,
gobbato_raman_metabolites::Pyr::02,gobbato_raman_metabolites,Raman_pwd_Pyr_s_02.txt,pyruvate,pyruvate,pyruvate,raman,powder,785.0,True,True,"pure Raman powder; modality=raman, substrate=powder",,carboxylic_acid_metabolite,pyruvate|785.0,
gobbato_raman_metabolites::Pyr::03,gobbato_raman_metabolites,Raman_pwd_Pyr_s_03.txt,pyruvate,pyruvate,pyruvate,raman,powder,785.0,True,True,"pure Raman powder; modality=raman, substrate=powder",,carboxylic_acid_metabolite,pyruvate|785.0,
gobbato_raman_metabolites::Ribo::01,gobbato_raman_metabolites,Raman_pwd_Ribo_s_01.txt,riboflavin,riboflavin,riboflavin,raman,powder,785.0,True,True,"pure Raman powder; modality=raman, substrate=powder",,chromophore_pigment,riboflavin|785.0,
gobbato_raman_metabolites::Ribo::02,gobbato_raman_metabolites,Raman_pwd_Ribo_s_02.txt,riboflavin,riboflavin,riboflavin,raman,powder,785.0,True,True,"pure Raman powder; modality=raman, substrate=powder",,chromophore_pigment,riboflavin|785.0,
gobbato_raman_metabolites::Ribo::03,gobbato_raman_metabolites,Raman_pwd_Ribo_s_03.txt,riboflavin,riboflavin,riboflavin,raman,powder,785.0,True,True,"pure Raman powder; modality=raman, substrate=powder",,chromophore_pigment,riboflavin|785.0,
gobbato_raman_metabolites::Ser::01,gobbato_raman_metabolites,Raman_pwd_Ser_s_01.txt,serine,serine,serine,raman,powder,785.0,True,True,"pure Raman powder; modality=raman, substrate=powder",,free_amino_acid,serine|785.0,
gobbato_raman_metabolites::Ser::02,gobbato_raman_metabolites,Raman_pwd_Ser_s_02.txt,serine,serine,serine,raman,powder,785.0,True,True,"pure Raman powder; modality=raman, substrate=powder",,free_amino_acid,serine|785.0,
gobbato_raman_metabolites::Ser::03,gobbato_raman_metabolites,Raman_pwd_Ser_s_03.txt,serine,serine,serine,raman,powder,785.0,True,True,"pure Raman powder; modality=raman, substrate=powder",,free_amino_acid,serine|785.0,
gobbato_raman_metabolites::Stearic::01,gobbato_raman_metabolites,Raman_pwd_Stearic_s_01.txt,stearate,stearate,stearate,raman,powder,785.0,True,True,"pure Raman powder; modality=raman, substrate=powder",,fatty_acid,stearate|785.0,
gobbato_raman_metabolites::Stearic::02,gobbato_raman_metabolites,Raman_pwd_Stearic_s_02.txt,stearate,stearate,stearate,raman,powder,785.0,True,True,"pure Raman powder; modality=raman, substrate=powder",,fatty_acid,stearate|785.0,
gobbato_raman_metabolites::Stearic::03,gobbato_raman_metabolites,Raman_pwd_Stearic_s_03.txt,stearate,stearate,stearate,raman,powder,785.0,True,True,"pure Raman powder; modality=raman, substrate=powder",,fatty_acid,stearate|785.0,
gobbato_raman_metabolites::Thy::01,gobbato_raman_metabolites,Raman_pwd_Thy_s_01.txt,thymine,thymine,thymine,raman,powder,785.0,True,True,"pure Raman powder; modality=raman, substrate=powder",,pyrimidine,thymine|785.0,
gobbato_raman_metabolites::Thy::02,gobbato_raman_metabolites,Raman_pwd_Thy_s_02.txt,thymine,thymine,thymine,raman,powder,785.0,True,True,"pure Raman powder; modality=raman, substrate=powder",,pyrimidine,thymine|785.0,
gobbato_raman_metabolites::Thy::03,gobbato_raman_metabolites,Raman_pwd_Thy_s_03.txt,thymine,thymine,thymine,raman,powder,785.0,True,True,"pure Raman powder; modality=raman, substrate=powder",,pyrimidine,thymine|785.0,
gobbato_raman_metabolites::Triolein::01,gobbato_raman_metabolites,Raman_pwd_Triolein_s_01.txt,triolein,triolein,triolein,raman,powder,785.0,True,True,"pure Raman powder; modality=raman, substrate=powder",,acylglycerol,triolein|785.0,
gobbato_raman_metabolites::Triolein::02,gobbato_raman_metabolites,Raman_pwd_Triolein_s_02.txt,triolein,triolein,triolein,raman,powder,785.0,True,True,"pure Raman powder; modality=raman, substrate=powder",,acylglycerol,triolein|785.0,
gobbato_raman_metabolites::Triolein::03,gobbato_raman_metabolites,Raman_pwd_Triolein_s_03.txt,triolein,triolein,triolein,raman,powder,785.0,True,True,"pure Raman powder; modality=raman, substrate=powder",,acylglycerol,triolein|785.0,
gobbato_raman_metabolites::Trp::01,gobbato_raman_metabolites,Raman_pwd_Trp_s_01.txt,tryptophan,tryptophan,tryptophan,raman,powder,785.0,True,True,"pure Raman powder; modality=raman, substrate=powder",,free_amino_acid,tryptophan|785.0,
gobbato_raman_metabolites::Trp::02,gobbato_raman_metabolites,Raman_pwd_Trp_s_02.txt,tryptophan,tryptophan,tryptophan,raman,powder,785.0,True,True,"pure Raman powder; modality=raman, substrate=powder",,free_amino_acid,tryptophan|785.0,
gobbato_raman_metabolites::Trp::03,gobbato_raman_metabolites,Raman_pwd_Trp_s_03.txt,tryptophan,tryptophan,tryptophan,raman,powder,785.0,True,True,"pure Raman powder; modality=raman, substrate=powder",,free_amino_acid,tryptophan|785.0,
gobbato_raman_metabolites::Tyr::01,gobbato_raman_metabolites,Raman_pwd_Tyr_s_01.txt,tyrosine,tyrosine,tyrosine,raman,powder,785.0,True,True,"pure Raman powder; modality=raman, substrate=powder",,free_amino_acid,tyrosine|785.0,
gobbato_raman_metabolites::Tyr::02,gobbato_raman_metabolites,Raman_pwd_Tyr_s_02.txt,tyrosine,tyrosine,tyrosine,raman,powder,785.0,True,True,"pure Raman powder; modality=raman, substrate=powder",,free_amino_acid,tyrosine|785.0,
gobbato_raman_metabolites::Tyr::03,gobbato_raman_metabolites,Raman_pwd_Tyr_s_03.txt,tyrosine,tyrosine,tyrosine,raman,powder,785.0,True,True,"pure Raman powder; modality=raman, substrate=powder",,free_amino_acid,tyrosine|785.0,
gobbato_raman_metabolites::UA::01,gobbato_raman_metabolites,Raman_pwd_UA_s_01.txt,urate,urate,urate,raman,powder,785.0,True,True,"pure Raman powder; modality=raman, substrate=powder",,purine,urate|785.0,
gobbato_raman_metabolites::UA::02,gobbato_raman_metabolites,Raman_pwd_UA_s_02.txt,urate,urate,urate,raman,powder,785.0,True,True,"pure Raman powder; modality=raman, substrate=powder",,purine,urate|785.0,
gobbato_raman_metabolites::UA::03,gobbato_raman_metabolites,Raman_pwd_UA_s_03.txt,urate,urate,urate,raman,powder,785.0,True,True,"pure Raman powder; modality=raman, substrate=powder",,purine,urate|785.0,
gobbato_raman_metabolites::Ura::01,gobbato_raman_metabolites,Raman_pwd_Ura_s_01.txt,uracil,uracil,uracil,raman,powder,785.0,True,True,"pure Raman powder; modality=raman, substrate=powder",,pyrimidine,uracil|785.0,
gobbato_raman_metabolites::Ura::02,gobbato_raman_metabolites,Raman_pwd_Ura_s_02.txt,uracil,uracil,uracil,raman,powder,785.0,True,True,"pure Raman powder; modality=raman, substrate=powder",,pyrimidine,uracil|785.0,
gobbato_raman_metabolites::Ura::03,gobbato_raman_metabolites,Raman_pwd_Ura_s_03.txt,uracil,uracil,uracil,raman,powder,785.0,True,True,"pure Raman powder; modality=raman, substrate=powder",,pyrimidine,uracil|785.0,
gobbato_raman_metabolites::Urea::01,gobbato_raman_metabolites,Raman_pwd_Urea_s_01.txt,urea,urea,urea,raman,powder,785.0,True,True,"pure Raman powder; modality=raman, substrate=powder",,small_nitrogenous,urea|785.0,
gobbato_raman_metabolites::Urea::02,gobbato_raman_metabolites,Raman_pwd_Urea_s_02.txt,urea,urea,urea,raman,powder,785.0,True,True,"pure Raman powder; modality=raman, substrate=powder",,small_nitrogenous,urea|785.0,
gobbato_raman_metabolites::Urea::03,gobbato_raman_metabolites,Raman_pwd_Urea_s_03.txt,urea,urea,urea,raman,powder,785.0,True,True,"pure Raman powder; modality=raman, substrate=powder",,small_nitrogenous,urea|785.0,
gobbato_raman_metabolites::Val::01,gobbato_raman_metabolites,Raman_pwd_Val_s_01.txt,valine,valine,valine,raman,powder,785.0,True,True,"pure Raman powder; modality=raman, substrate=powder",,free_amino_acid,valine|785.0,
gobbato_raman_metabolites::Val::02,gobbato_raman_metabolites,Raman_pwd_Val_s_02.txt,valine,valine,valine,raman,powder,785.0,True,True,"pure Raman powder; modality=raman, substrate=powder",,free_amino_acid,valine|785.0,
gobbato_raman_metabolites::Val::03,gobbato_raman_metabolites,Raman_pwd_Val_s_03.txt,valine,valine,valine,raman,powder,785.0,True,True,"pure Raman powder; modality=raman, substrate=powder",,free_amino_acid,valine|785.0,
gobbato_raman_metabolites::Xanth::01,gobbato_raman_metabolites,Raman_pwd_Xanth_s_01.txt,xanthine,xanthine,xanthine,raman,powder,785.0,True,True,"pure Raman powder; modality=raman, substrate=powder",,purine,xanthine|785.0,
gobbato_raman_metabolites::Xanth::02,gobbato_raman_metabolites,Raman_pwd_Xanth_s_02.txt,xanthine,xanthine,xanthine,raman,powder,785.0,True,True,"pure Raman powder; modality=raman, substrate=powder",,purine,xanthine|785.0,
gobbato_raman_metabolites::Xanth::03,gobbato_raman_metabolites,Raman_pwd_Xanth_s_03.txt,xanthine,xanthine,xanthine,raman,powder,785.0,True,True,"pure Raman powder; modality=raman, substrate=powder",,purine,xanthine|785.0,
amino_acid_raman::valine#1,amino_acid_raman_grounding,aa.xlsx,Valine,valine,valine,raman,powder/standard,785.0,True,True,pure amino-acid Raman reference,,free_amino_acid,valine|785.0,
amino_acid_raman::glutamate#1,amino_acid_raman_grounding,aa.xlsx,Glutamic Acid,glutamate,glutamate,raman,powder/standard,785.0,True,True,pure amino-acid Raman reference,,free_amino_acid,glutamate|785.0,
amino_acid_raman::glutamate#2,amino_acid_raman_grounding,aa.xlsx,L-Glu,glutamate,glutamate,raman,powder/standard,785.0,True,True,pure amino-acid Raman reference,,free_amino_acid,glutamate|785.0,
amino_acid_raman::leucine#1,amino_acid_raman_grounding,aa.xlsx,Leu,leucine,leucine,raman,powder/standard,785.0,True,True,pure amino-acid Raman reference,,free_amino_acid,leucine|785.0,
amino_acid_raman::phenylalanine#1,amino_acid_raman_grounding,aa.xlsx,Phe,phenylalanine,phenylalanine,raman,powder/standard,785.0,True,True,pure amino-acid Raman reference,,free_amino_acid,phenylalanine|785.0,
amino_acid_raman::proline#1,amino_acid_raman_grounding,aa.xlsx,Pro,proline,proline,raman,powder/standard,785.0,True,True,pure amino-acid Raman reference,,free_amino_acid,proline|785.0,
amino_acid_raman::alanine#1,amino_acid_raman_grounding,aa.xlsx,Ala,alanine,alanine,raman,powder/standard,785.0,True,True,pure amino-acid Raman reference,,free_amino_acid,alanine|785.0,
amino_acid_raman::arginine#1,amino_acid_raman_grounding,aa.xlsx,Arg,arginine,arginine,raman,powder/standard,785.0,True,True,pure amino-acid Raman reference,,free_amino_acid,arginine|785.0,
amino_acid_raman::aspartate#1,amino_acid_raman_grounding,aa.xlsx,Asp,aspartate,aspartate,raman,powder/standard,785.0,True,True,pure amino-acid Raman reference,,free_amino_acid,aspartate|785.0,
amino_acid_raman::glycine#1,amino_acid_raman_grounding,aa.xlsx,Gly,glycine,glycine,raman,powder/standard,785.0,True,True,pure amino-acid Raman reference,,free_amino_acid,glycine|785.0,
amino_acid_raman::histidine#1,amino_acid_raman_grounding,aa.xlsx,His,histidine,histidine,raman,powder/standard,785.0,True,True,pure amino-acid Raman reference,,free_amino_acid,histidine|785.0,
amino_acid_raman::methionine#1,amino_acid_raman_grounding,aa.xlsx,Met,methionine,methionine,raman,powder/standard,785.0,True,True,pure amino-acid Raman reference,,free_amino_acid,methionine|785.0,
amino_acid_raman::serine#1,amino_acid_raman_grounding,aa.xlsx,Ser,serine,serine,raman,powder/standard,785.0,True,True,pure amino-acid Raman reference,,free_amino_acid,serine|785.0,
amino_acid_raman::gluth#1,amino_acid_raman_grounding,aa.xlsx,Gluth,gluth,glutathione,raman,powder/standard,785.0,True,True,pure amino-acid Raman reference,,sulfur_thiol_cofactor,glutathione|785.0,
amino_acid_raman::glucose#1,amino_acid_raman_grounding,aa.xlsx,Glucose,glucose,(+)-glucose,raman,powder/standard,785.0,True,True,pure amino-acid Raman reference,,mono_oligosaccharide,(+)-glucose|785.0,
amino_acid_raman::ure#1,amino_acid_raman_grounding,aa.xlsx,Ure,ure,urea,raman,powder/standard,785.0,True,True,pure amino-acid Raman reference,,small_nitrogenous,urea|785.0,
amino_acid_raman::malic acid#1,amino_acid_raman_grounding,aa.xlsx,Malic Acid,malic acid,malic acid,raman,powder/standard,785.0,True,True,pure amino-acid Raman reference,,carboxylic_acid_metabolite,malic acid|785.0,
amino_acid_raman::carotene#1,amino_acid_raman_grounding,aa.xlsx,Carotene,carotene,carotene,raman,powder/standard,785.0,True,True,pure amino-acid Raman reference,,chromophore_pigment,carotene|785.0,
amino_acid_raman::alb#1,amino_acid_raman_grounding,aa.xlsx,Alb,alb,albumin,raman,powder/standard,785.0,True,True,pure amino-acid Raman reference,,peptide_protein,albumin|785.0,
amino_acid_raman::tryptophan#1,amino_acid_raman_grounding,aa.xlsx,Trp,tryptophan,tryptophan,raman,powder/standard,785.0,True,True,pure amino-acid Raman reference,,free_amino_acid,tryptophan|785.0,
